solid OpenSCAD_Model
  facet normal -1 0 0
    outer loop
      vertex -82 32 0
      vertex -82 16.7964 6.88698
      vertex -82 32 14
    endloop
  endfacet
  facet normal -1 0 0
    outer loop
      vertex -82 32 0
      vertex -82 16.7681 6.66271
      vertex -82 16.7964 6.88698
    endloop
  endfacet
  facet normal -1 0 0
    outer loop
      vertex -82 32 0
      vertex -82 16.7119 6.44377
      vertex -82 16.7681 6.66271
    endloop
  endfacet
  facet normal -1 0 0
    outer loop
      vertex -82 32 0
      vertex -82 16.6287 6.2336
      vertex -82 16.7119 6.44377
    endloop
  endfacet
  facet normal -1 0 0
    outer loop
      vertex -82 32 0
      vertex -82 16.5198 6.03551
      vertex -82 16.6287 6.2336
    endloop
  endfacet
  facet normal -1 0 0
    outer loop
      vertex -82 32 0
      vertex -82 16.3869 5.85264
      vertex -82 16.5198 6.03551
    endloop
  endfacet
  facet normal -1 0 0
    outer loop
      vertex -82 32 0
      vertex -82 16.2322 5.68786
      vertex -82 16.3869 5.85264
    endloop
  endfacet
  facet normal -1 0 0
    outer loop
      vertex -82 32 0
      vertex -82 16.058 5.54377
      vertex -82 16.2322 5.68786
    endloop
  endfacet
  facet normal -1 0 0
    outer loop
      vertex -82 32 0
      vertex -82 15.8672 5.42265
      vertex -82 16.058 5.54377
    endloop
  endfacet
  facet normal -1 0 0
    outer loop
      vertex -82 32 0
      vertex -82 15.6626 5.3264
      vertex -82 15.8672 5.42265
    endloop
  endfacet
  facet normal -1 0 0
    outer loop
      vertex -82 32 0
      vertex -82 15.4476 5.25655
      vertex -82 15.6626 5.3264
    endloop
  endfacet
  facet normal -1 0 0
    outer loop
      vertex -82 32 0
      vertex -82 15.2256 5.21419
      vertex -82 15.4476 5.25655
    endloop
  endfacet
  facet normal -1 0 0
    outer loop
      vertex -82 32 0
      vertex -82 15 5.2
      vertex -82 15.2256 5.21419
    endloop
  endfacet
  facet normal -1 0 0
    outer loop
      vertex -82 32 0
      vertex -82 14.7744 5.21419
      vertex -82 15 5.2
    endloop
  endfacet
  facet normal -1 0 0
    outer loop
      vertex -82 32 0
      vertex -82 14.5524 5.25655
      vertex -82 14.7744 5.21419
    endloop
  endfacet
  facet normal -1 0 0
    outer loop
      vertex -82 13.2036 6.88698
      vertex -82 -28.2036 6.88698
      vertex -82 13.2036 7.11302
    endloop
  endfacet
  facet normal -1 0 0
    outer loop
      vertex -82 13.2319 6.66271
      vertex -82 -28.2036 6.88698
      vertex -82 13.2036 6.88698
    endloop
  endfacet
  facet normal -1 0 0
    outer loop
      vertex -82 -28.2319 6.66271
      vertex -82 13.2319 6.66271
      vertex -82 13.2881 6.44377
    endloop
  endfacet
  facet normal -1 0 0
    outer loop
      vertex -82 -28.2881 6.44377
      vertex -82 13.2881 6.44377
      vertex -82 13.3713 6.2336
    endloop
  endfacet
  facet normal -1 0 0
    outer loop
      vertex -82 -28.3713 6.2336
      vertex -82 13.3713 6.2336
      vertex -82 13.4802 6.03551
    endloop
  endfacet
  facet normal -1 0 0
    outer loop
      vertex -82 -28.4802 6.03551
      vertex -82 13.4802 6.03551
      vertex -82 13.6131 5.85264
    endloop
  endfacet
  facet normal -1 0 0
    outer loop
      vertex -82 -32 0
      vertex -82 13.6131 5.85264
      vertex -82 13.7678 5.68786
    endloop
  endfacet
  facet normal -1 0 0
    outer loop
      vertex -82 -32 0
      vertex -82 13.7678 5.68786
      vertex -82 13.942 5.54377
    endloop
  endfacet
  facet normal -1 0 0
    outer loop
      vertex -82 -32 0
      vertex -82 13.942 5.54377
      vertex -82 14.1328 5.42265
    endloop
  endfacet
  facet normal -1 0 0
    outer loop
      vertex -82 -32 0
      vertex -82 14.1328 5.42265
      vertex -82 14.3374 5.3264
    endloop
  endfacet
  facet normal -1 0 0
    outer loop
      vertex -82 -32 0
      vertex -82 14.3374 5.3264
      vertex -82 14.5524 5.25655
    endloop
  endfacet
  facet normal -1 0 0
    outer loop
      vertex -82 -32 0
      vertex -82 14.5524 5.25655
      vertex -82 32 0
    endloop
  endfacet
  facet normal -1 0 0
    outer loop
      vertex -82 13.2319 6.66271
      vertex -82 -28.2319 6.66271
      vertex -82 -28.2036 6.88698
    endloop
  endfacet
  facet normal -1 0 0
    outer loop
      vertex -82 13.2881 6.44377
      vertex -82 -28.2881 6.44377
      vertex -82 -28.2319 6.66271
    endloop
  endfacet
  facet normal -1 0 0
    outer loop
      vertex -82 13.3713 6.2336
      vertex -82 -28.3713 6.2336
      vertex -82 -28.2881 6.44377
    endloop
  endfacet
  facet normal -1 0 0
    outer loop
      vertex -82 13.4802 6.03551
      vertex -82 -28.4802 6.03551
      vertex -82 -28.3713 6.2336
    endloop
  endfacet
  facet normal -1 0 0
    outer loop
      vertex -82 13.6131 5.85264
      vertex -82 -28.6131 5.85264
      vertex -82 -28.4802 6.03551
    endloop
  endfacet
  facet normal -1 -0 0
    outer loop
      vertex -82 13.6131 5.85264
      vertex -82 -32 0
      vertex -82 -28.6131 5.85264
    endloop
  endfacet
  facet normal -1 0 0
    outer loop
      vertex -82 -28.6131 5.85264
      vertex -82 -32 0
      vertex -82 -28.7678 5.68786
    endloop
  endfacet
  facet normal -1 0 0
    outer loop
      vertex -82 -28.7678 5.68786
      vertex -82 -32 0
      vertex -82 -28.942 5.54377
    endloop
  endfacet
  facet normal -1 0 0
    outer loop
      vertex -82 -28.942 5.54377
      vertex -82 -32 0
      vertex -82 -29.1328 5.42265
    endloop
  endfacet
  facet normal -1 0 0
    outer loop
      vertex -82 -29.1328 5.42265
      vertex -82 -32 0
      vertex -82 -29.3374 5.3264
    endloop
  endfacet
  facet normal -1 0 0
    outer loop
      vertex -82 -29.3374 5.3264
      vertex -82 -32 0
      vertex -82 -29.5524 5.25655
    endloop
  endfacet
  facet normal -1 0 0
    outer loop
      vertex -82 -29.5524 5.25655
      vertex -82 -32 0
      vertex -82 -29.7744 5.21419
    endloop
  endfacet
  facet normal -1 0 0
    outer loop
      vertex -82 -29.7744 5.21419
      vertex -82 -32 0
      vertex -82 -30 5.2
    endloop
  endfacet
  facet normal -1 -0 0
    outer loop
      vertex -82 -31.7964 6.88698
      vertex -82 -32 0
      vertex -82 -31.7964 7.11302
    endloop
  endfacet
  facet normal -1 -0 0
    outer loop
      vertex -82 -31.7681 6.66271
      vertex -82 -32 0
      vertex -82 -31.7964 6.88698
    endloop
  endfacet
  facet normal -1 -0 0
    outer loop
      vertex -82 -31.7119 6.44377
      vertex -82 -32 0
      vertex -82 -31.7681 6.66271
    endloop
  endfacet
  facet normal -1 -0 0
    outer loop
      vertex -82 -31.6287 6.2336
      vertex -82 -32 0
      vertex -82 -31.7119 6.44377
    endloop
  endfacet
  facet normal -1 -0 0
    outer loop
      vertex -82 -31.5198 6.03551
      vertex -82 -32 0
      vertex -82 -31.6287 6.2336
    endloop
  endfacet
  facet normal -1 -0 0
    outer loop
      vertex -82 -31.3869 5.85264
      vertex -82 -32 0
      vertex -82 -31.5198 6.03551
    endloop
  endfacet
  facet normal -1 -0 0
    outer loop
      vertex -82 -31.2322 5.68786
      vertex -82 -32 0
      vertex -82 -31.3869 5.85264
    endloop
  endfacet
  facet normal -1 -0 0
    outer loop
      vertex -82 -31.058 5.54377
      vertex -82 -32 0
      vertex -82 -31.2322 5.68786
    endloop
  endfacet
  facet normal -1 -0 0
    outer loop
      vertex -82 -30.8672 5.42265
      vertex -82 -32 0
      vertex -82 -31.058 5.54377
    endloop
  endfacet
  facet normal -1 -0 0
    outer loop
      vertex -82 -30.6626 5.3264
      vertex -82 -32 0
      vertex -82 -30.8672 5.42265
    endloop
  endfacet
  facet normal -1 -0 0
    outer loop
      vertex -82 -30.4476 5.25655
      vertex -82 -32 0
      vertex -82 -30.6626 5.3264
    endloop
  endfacet
  facet normal -1 -0 0
    outer loop
      vertex -82 -30.2256 5.21419
      vertex -82 -32 0
      vertex -82 -30.4476 5.25655
    endloop
  endfacet
  facet normal -1 -0 0
    outer loop
      vertex -82 -30 5.2
      vertex -82 -32 0
      vertex -82 -30.2256 5.21419
    endloop
  endfacet
  facet normal -1 0 0
    outer loop
      vertex -82 16.7964 7.11302
      vertex -82 32 14
      vertex -82 16.7964 6.88698
    endloop
  endfacet
  facet normal -1 0 0
    outer loop
      vertex -82 16.7681 7.33729
      vertex -82 32 14
      vertex -82 16.7964 7.11302
    endloop
  endfacet
  facet normal -1 0 0
    outer loop
      vertex -82 16.7119 7.55623
      vertex -82 32 14
      vertex -82 16.7681 7.33729
    endloop
  endfacet
  facet normal -1 0 0
    outer loop
      vertex -82 16.6287 7.7664
      vertex -82 32 14
      vertex -82 16.7119 7.55623
    endloop
  endfacet
  facet normal -1 0 0
    outer loop
      vertex -82 16.5198 7.96449
      vertex -82 32 14
      vertex -82 16.6287 7.7664
    endloop
  endfacet
  facet normal -1 0 0
    outer loop
      vertex -82 16.3869 8.14736
      vertex -82 32 14
      vertex -82 16.5198 7.96449
    endloop
  endfacet
  facet normal -1 0 0
    outer loop
      vertex -82 16.2322 8.31214
      vertex -82 32 14
      vertex -82 16.3869 8.14736
    endloop
  endfacet
  facet normal -1 0 0
    outer loop
      vertex -82 16.058 8.45623
      vertex -82 32 14
      vertex -82 16.2322 8.31214
    endloop
  endfacet
  facet normal -1 0 0
    outer loop
      vertex -82 15.8672 8.57735
      vertex -82 32 14
      vertex -82 16.058 8.45623
    endloop
  endfacet
  facet normal -1 0 0
    outer loop
      vertex -82 15.6626 8.6736
      vertex -82 32 14
      vertex -82 15.8672 8.57735
    endloop
  endfacet
  facet normal -1 0 0
    outer loop
      vertex -82 15.4476 8.74345
      vertex -82 32 14
      vertex -82 15.6626 8.6736
    endloop
  endfacet
  facet normal -1 0 0
    outer loop
      vertex -82 15.2256 8.78581
      vertex -82 32 14
      vertex -82 15.4476 8.74345
    endloop
  endfacet
  facet normal -1 0 0
    outer loop
      vertex -82 15 8.8
      vertex -82 32 14
      vertex -82 15.2256 8.78581
    endloop
  endfacet
  facet normal -1 0 0
    outer loop
      vertex -82 14.7744 8.78581
      vertex -82 32 14
      vertex -82 15 8.8
    endloop
  endfacet
  facet normal -1 0 0
    outer loop
      vertex -82 14.5524 8.74345
      vertex -82 32 14
      vertex -82 14.7744 8.78581
    endloop
  endfacet
  facet normal -1 0 0
    outer loop
      vertex -82 -28.2036 7.11302
      vertex -82 13.2036 7.11302
      vertex -82 -28.2036 6.88698
    endloop
  endfacet
  facet normal -1 0 0
    outer loop
      vertex -82 13.2036 7.11302
      vertex -82 -28.2036 7.11302
      vertex -82 13.2319 7.33729
    endloop
  endfacet
  facet normal -1 0 0
    outer loop
      vertex -82 -28.2319 7.33729
      vertex -82 13.2319 7.33729
      vertex -82 -28.2036 7.11302
    endloop
  endfacet
  facet normal -1 0 0
    outer loop
      vertex -82 13.2319 7.33729
      vertex -82 -28.2319 7.33729
      vertex -82 13.2881 7.55623
    endloop
  endfacet
  facet normal -1 0 0
    outer loop
      vertex -82 -28.2881 7.55623
      vertex -82 13.2881 7.55623
      vertex -82 -28.2319 7.33729
    endloop
  endfacet
  facet normal -1 0 0
    outer loop
      vertex -82 13.2881 7.55623
      vertex -82 -28.2881 7.55623
      vertex -82 13.3713 7.7664
    endloop
  endfacet
  facet normal -1 0 0
    outer loop
      vertex -82 -28.3713 7.7664
      vertex -82 13.3713 7.7664
      vertex -82 -28.2881 7.55623
    endloop
  endfacet
  facet normal -1 0 0
    outer loop
      vertex -82 13.3713 7.7664
      vertex -82 -28.3713 7.7664
      vertex -82 13.4802 7.96449
    endloop
  endfacet
  facet normal -1 0 0
    outer loop
      vertex -82 -28.4802 7.96449
      vertex -82 13.4802 7.96449
      vertex -82 -28.3713 7.7664
    endloop
  endfacet
  facet normal -1 0 0
    outer loop
      vertex -82 13.4802 7.96449
      vertex -82 -28.4802 7.96449
      vertex -82 13.6131 8.14736
    endloop
  endfacet
  facet normal -1 0 0
    outer loop
      vertex -82 -28.6131 8.14736
      vertex -82 13.6131 8.14736
      vertex -82 -28.4802 7.96449
    endloop
  endfacet
  facet normal -1 0 0
    outer loop
      vertex -82 -32 14
      vertex -82 13.6131 8.14736
      vertex -82 -28.6131 8.14736
    endloop
  endfacet
  facet normal -1 0 0
    outer loop
      vertex -82 13.6131 8.14736
      vertex -82 -32 14
      vertex -82 13.7678 8.31214
    endloop
  endfacet
  facet normal -1 0 0
    outer loop
      vertex -82 13.7678 8.31214
      vertex -82 -32 14
      vertex -82 13.942 8.45623
    endloop
  endfacet
  facet normal -1 0 0
    outer loop
      vertex -82 13.942 8.45623
      vertex -82 -32 14
      vertex -82 14.1328 8.57735
    endloop
  endfacet
  facet normal -1 0 0
    outer loop
      vertex -82 14.1328 8.57735
      vertex -82 -32 14
      vertex -82 14.3374 8.6736
    endloop
  endfacet
  facet normal -1 0 0
    outer loop
      vertex -82 14.3374 8.6736
      vertex -82 -32 14
      vertex -82 14.5524 8.74345
    endloop
  endfacet
  facet normal -1 0 0
    outer loop
      vertex -82 -32 14
      vertex -82 -28.6131 8.14736
      vertex -82 -28.7678 8.31214
    endloop
  endfacet
  facet normal -1 0 0
    outer loop
      vertex -82 -32 14
      vertex -82 -28.7678 8.31214
      vertex -82 -28.942 8.45623
    endloop
  endfacet
  facet normal -1 0 0
    outer loop
      vertex -82 -32 14
      vertex -82 -28.942 8.45623
      vertex -82 -29.1328 8.57735
    endloop
  endfacet
  facet normal -1 0 0
    outer loop
      vertex -82 -32 14
      vertex -82 -29.1328 8.57735
      vertex -82 -29.3374 8.6736
    endloop
  endfacet
  facet normal -1 0 0
    outer loop
      vertex -82 -32 14
      vertex -82 -29.3374 8.6736
      vertex -82 -29.5524 8.74345
    endloop
  endfacet
  facet normal -1 0 0
    outer loop
      vertex -82 -32 14
      vertex -82 -29.5524 8.74345
      vertex -82 -29.7744 8.78581
    endloop
  endfacet
  facet normal -1 0 0
    outer loop
      vertex -82 -32 14
      vertex -82 -29.7744 8.78581
      vertex -82 -30 8.8
    endloop
  endfacet
  facet normal -1 0 0
    outer loop
      vertex -82 -32 14
      vertex -82 -30 8.8
      vertex -82 -30.2256 8.78581
    endloop
  endfacet
  facet normal -1 0 0
    outer loop
      vertex -82 14.5524 8.74345
      vertex -82 -32 14
      vertex -82 32 14
    endloop
  endfacet
  facet normal -1 0 0
    outer loop
      vertex -82 -30.4476 8.74345
      vertex -82 -32 14
      vertex -82 -30.2256 8.78581
    endloop
  endfacet
  facet normal -1 0 0
    outer loop
      vertex -82 -30.6626 8.6736
      vertex -82 -32 14
      vertex -82 -30.4476 8.74345
    endloop
  endfacet
  facet normal -1 0 0
    outer loop
      vertex -82 -30.8672 8.57735
      vertex -82 -32 14
      vertex -82 -30.6626 8.6736
    endloop
  endfacet
  facet normal -1 0 0
    outer loop
      vertex -82 -31.058 8.45623
      vertex -82 -32 14
      vertex -82 -30.8672 8.57735
    endloop
  endfacet
  facet normal -1 0 0
    outer loop
      vertex -82 -31.2322 8.31214
      vertex -82 -32 14
      vertex -82 -31.058 8.45623
    endloop
  endfacet
  facet normal -1 0 0
    outer loop
      vertex -82 -31.3869 8.14736
      vertex -82 -32 14
      vertex -82 -31.2322 8.31214
    endloop
  endfacet
  facet normal -1 0 0
    outer loop
      vertex -82 -31.5198 7.96449
      vertex -82 -32 14
      vertex -82 -31.3869 8.14736
    endloop
  endfacet
  facet normal -1 0 0
    outer loop
      vertex -82 -31.6287 7.7664
      vertex -82 -32 14
      vertex -82 -31.5198 7.96449
    endloop
  endfacet
  facet normal -1 0 0
    outer loop
      vertex -82 -31.7119 7.55623
      vertex -82 -32 14
      vertex -82 -31.6287 7.7664
    endloop
  endfacet
  facet normal -1 0 0
    outer loop
      vertex -82 -31.7681 7.33729
      vertex -82 -32 14
      vertex -82 -31.7119 7.55623
    endloop
  endfacet
  facet normal -1 0 0
    outer loop
      vertex -82 -31.7964 7.11302
      vertex -82 -32 14
      vertex -82 -31.7681 7.33729
    endloop
  endfacet
  facet normal -1 0 0
    outer loop
      vertex -82 -32 14
      vertex -82 -31.7964 7.11302
      vertex -82 -32 0
    endloop
  endfacet
  facet normal 0 1 0
    outer loop
      vertex 60.4073 36.9901 3.77563
      vertex 77.3139 36.9901 0
      vertex 60 36.9901 3.75
    endloop
  endfacet
  facet normal 0 1 0
    outer loop
      vertex 60 36.9901 3.75
      vertex 77.3139 36.9901 0
      vertex 45 36.9901 3.75
    endloop
  endfacet
  facet normal 0 1 0
    outer loop
      vertex 45 36.9901 3.75
      vertex 77.3139 36.9901 0
      vertex 30 36.9901 3.75
    endloop
  endfacet
  facet normal 0 1 0
    outer loop
      vertex 30 36.9901 3.75
      vertex 77.3139 36.9901 0
      vertex 15 36.9901 3.75
    endloop
  endfacet
  facet normal 0 1 0
    outer loop
      vertex 15 36.9901 3.75
      vertex 77.3139 36.9901 0
      vertex 0 36.9901 3.75
    endloop
  endfacet
  facet normal 0 1 0
    outer loop
      vertex -77.3139 36.9901 0
      vertex 0 36.9901 3.75
      vertex 77.3139 36.9901 0
    endloop
  endfacet
  facet normal 0 1 0
    outer loop
      vertex 0 36.9901 3.75
      vertex -77.3139 36.9901 0
      vertex -15 36.9901 3.75
    endloop
  endfacet
  facet normal 0 1 0
    outer loop
      vertex -15 36.9901 3.75
      vertex -77.3139 36.9901 0
      vertex -30 36.9901 3.75
    endloop
  endfacet
  facet normal 0 1 0
    outer loop
      vertex -30 36.9901 3.75
      vertex -77.3139 36.9901 0
      vertex -45 36.9901 3.75
    endloop
  endfacet
  facet normal 0 1 0
    outer loop
      vertex 75.4073 36.9901 3.77563
      vertex 77.3139 36.9901 0
      vertex 75 36.9901 3.75
    endloop
  endfacet
  facet normal 0 1 0
    outer loop
      vertex 75.8082 36.9901 3.8521
      vertex 77.3139 36.9901 0
      vertex 75.4073 36.9901 3.77563
    endloop
  endfacet
  facet normal 0 1 0
    outer loop
      vertex 76.1964 36.9901 3.97823
      vertex 77.3139 36.9901 0
      vertex 75.8082 36.9901 3.8521
    endloop
  endfacet
  facet normal 0 1 0
    outer loop
      vertex 76.5657 36.9901 4.152
      vertex 77.3139 36.9901 0
      vertex 76.1964 36.9901 3.97823
    endloop
  endfacet
  facet normal 0 1 0
    outer loop
      vertex 76.9103 36.9901 4.37069
      vertex 77.3139 36.9901 0
      vertex 76.5657 36.9901 4.152
    endloop
  endfacet
  facet normal 0 1 0
    outer loop
      vertex 77.2248 36.9901 4.63085
      vertex 77.3139 36.9901 0
      vertex 76.9103 36.9901 4.37069
    endloop
  endfacet
  facet normal 0 1 -0
    outer loop
      vertex 77.3139 36.9901 0
      vertex 77.2248 36.9901 4.63085
      vertex 77.3139 36.9901 4.72581
    endloop
  endfacet
  facet normal 0 1 -0
    outer loop
      vertex -59.5927 36.9901 10.2244
      vertex -77.3139 36.9901 14
      vertex -45.4073 36.9901 10.2244
    endloop
  endfacet
  facet normal 0 1 0
    outer loop
      vertex -77.3139 36.9901 14
      vertex -59.5927 36.9901 10.2244
      vertex -60 36.9901 10.25
    endloop
  endfacet
  facet normal 0 1 -0
    outer loop
      vertex -45.8082 36.9901 10.1479
      vertex -59.5927 36.9901 10.2244
      vertex -45.4073 36.9901 10.2244
    endloop
  endfacet
  facet normal 0 1 0
    outer loop
      vertex -45.8082 36.9901 10.1479
      vertex -59.1918 36.9901 10.1479
      vertex -59.5927 36.9901 10.2244
    endloop
  endfacet
  facet normal 0 1 -0
    outer loop
      vertex -46.1964 36.9901 10.0218
      vertex -59.1918 36.9901 10.1479
      vertex -45.8082 36.9901 10.1479
    endloop
  endfacet
  facet normal 0 1 0
    outer loop
      vertex -46.1964 36.9901 10.0218
      vertex -58.8036 36.9901 10.0218
      vertex -59.1918 36.9901 10.1479
    endloop
  endfacet
  facet normal 0 1 -0
    outer loop
      vertex -46.5657 36.9901 9.848
      vertex -58.8036 36.9901 10.0218
      vertex -46.1964 36.9901 10.0218
    endloop
  endfacet
  facet normal 0 1 0
    outer loop
      vertex -46.5657 36.9901 9.848
      vertex -58.4343 36.9901 9.848
      vertex -58.8036 36.9901 10.0218
    endloop
  endfacet
  facet normal 0 1 -0
    outer loop
      vertex -46.9103 36.9901 9.6293
      vertex -58.4343 36.9901 9.848
      vertex -46.5657 36.9901 9.848
    endloop
  endfacet
  facet normal 0 1 0
    outer loop
      vertex -46.9103 36.9901 9.6293
      vertex -58.0897 36.9901 9.6293
      vertex -58.4343 36.9901 9.848
    endloop
  endfacet
  facet normal 0 1 -0
    outer loop
      vertex -47.2248 36.9901 9.36915
      vertex -58.0897 36.9901 9.6293
      vertex -46.9103 36.9901 9.6293
    endloop
  endfacet
  facet normal 0 1 0
    outer loop
      vertex -47.2248 36.9901 9.36915
      vertex -57.7752 36.9901 9.36915
      vertex -58.0897 36.9901 9.6293
    endloop
  endfacet
  facet normal 0 1 -0
    outer loop
      vertex -47.5042 36.9901 9.07163
      vertex -57.7752 36.9901 9.36915
      vertex -47.2248 36.9901 9.36915
    endloop
  endfacet
  facet normal 0 1 0
    outer loop
      vertex -47.5042 36.9901 9.07163
      vertex -57.4958 36.9901 9.07163
      vertex -57.7752 36.9901 9.36915
    endloop
  endfacet
  facet normal 0 1 -0
    outer loop
      vertex -47.7441 36.9901 8.74144
      vertex -57.4958 36.9901 9.07163
      vertex -47.5042 36.9901 9.07163
    endloop
  endfacet
  facet normal 0 1 0
    outer loop
      vertex -47.7441 36.9901 8.74144
      vertex -57.2559 36.9901 8.74144
      vertex -57.4958 36.9901 9.07163
    endloop
  endfacet
  facet normal 0 1 -0
    outer loop
      vertex -47.9407 36.9901 8.38378
      vertex -57.2559 36.9901 8.74144
      vertex -47.7441 36.9901 8.74144
    endloop
  endfacet
  facet normal 0 1 0
    outer loop
      vertex -47.9407 36.9901 8.38378
      vertex -57.0593 36.9901 8.38378
      vertex -57.2559 36.9901 8.74144
    endloop
  endfacet
  facet normal 0 1 -0
    outer loop
      vertex -48.0909 36.9901 8.0043
      vertex -57.0593 36.9901 8.38378
      vertex -47.9407 36.9901 8.38378
    endloop
  endfacet
  facet normal 0 1 0
    outer loop
      vertex -48.0909 36.9901 8.0043
      vertex -56.9091 36.9901 8.0043
      vertex -57.0593 36.9901 8.38378
    endloop
  endfacet
  facet normal 0 1 -0
    outer loop
      vertex -48.1924 36.9901 7.60899
      vertex -56.9091 36.9901 8.0043
      vertex -48.0909 36.9901 8.0043
    endloop
  endfacet
  facet normal 0 1 0
    outer loop
      vertex -48.1924 36.9901 7.60899
      vertex -56.8076 36.9901 7.60899
      vertex -56.9091 36.9901 8.0043
    endloop
  endfacet
  facet normal 0 1 -0
    outer loop
      vertex -48.2436 36.9901 7.20407
      vertex -56.8076 36.9901 7.60899
      vertex -48.1924 36.9901 7.60899
    endloop
  endfacet
  facet normal 0 1 0
    outer loop
      vertex -48.2436 36.9901 7.20407
      vertex -56.7564 36.9901 7.20407
      vertex -56.8076 36.9901 7.60899
    endloop
  endfacet
  facet normal 0 1 -0
    outer loop
      vertex -48.2436 36.9901 6.79593
      vertex -56.7564 36.9901 7.20407
      vertex -48.2436 36.9901 7.20407
    endloop
  endfacet
  facet normal 0 1 0
    outer loop
      vertex -48.2436 36.9901 6.79593
      vertex -56.7564 36.9901 6.79593
      vertex -56.7564 36.9901 7.20407
    endloop
  endfacet
  facet normal 0 1 0
    outer loop
      vertex -48.1924 36.9901 6.39101
      vertex -56.7564 36.9901 6.79593
      vertex -48.2436 36.9901 6.79593
    endloop
  endfacet
  facet normal 0 1 0
    outer loop
      vertex -48.1924 36.9901 6.39101
      vertex -56.8076 36.9901 6.39101
      vertex -56.7564 36.9901 6.79593
    endloop
  endfacet
  facet normal 0 1 0
    outer loop
      vertex -48.0909 36.9901 5.99569
      vertex -56.8076 36.9901 6.39101
      vertex -48.1924 36.9901 6.39101
    endloop
  endfacet
  facet normal 0 1 0
    outer loop
      vertex -48.0909 36.9901 5.99569
      vertex -56.9091 36.9901 5.99569
      vertex -56.8076 36.9901 6.39101
    endloop
  endfacet
  facet normal 0 1 0
    outer loop
      vertex -47.9407 36.9901 5.61622
      vertex -56.9091 36.9901 5.99569
      vertex -48.0909 36.9901 5.99569
    endloop
  endfacet
  facet normal 0 1 0
    outer loop
      vertex -47.9407 36.9901 5.61622
      vertex -57.0593 36.9901 5.61622
      vertex -56.9091 36.9901 5.99569
    endloop
  endfacet
  facet normal 0 1 0
    outer loop
      vertex -47.7441 36.9901 5.25856
      vertex -57.0593 36.9901 5.61622
      vertex -47.9407 36.9901 5.61622
    endloop
  endfacet
  facet normal 0 1 0
    outer loop
      vertex -47.7441 36.9901 5.25856
      vertex -57.2559 36.9901 5.25856
      vertex -57.0593 36.9901 5.61622
    endloop
  endfacet
  facet normal 0 1 0
    outer loop
      vertex -47.5042 36.9901 4.92837
      vertex -57.2559 36.9901 5.25856
      vertex -47.7441 36.9901 5.25856
    endloop
  endfacet
  facet normal 0 1 0
    outer loop
      vertex -47.5042 36.9901 4.92837
      vertex -57.4958 36.9901 4.92837
      vertex -57.2559 36.9901 5.25856
    endloop
  endfacet
  facet normal 0 1 0
    outer loop
      vertex -47.2248 36.9901 4.63085
      vertex -57.4958 36.9901 4.92837
      vertex -47.5042 36.9901 4.92837
    endloop
  endfacet
  facet normal 0 1 0
    outer loop
      vertex -47.2248 36.9901 4.63085
      vertex -57.7752 36.9901 4.63085
      vertex -57.4958 36.9901 4.92837
    endloop
  endfacet
  facet normal 0 1 0
    outer loop
      vertex -46.9103 36.9901 4.37069
      vertex -57.7752 36.9901 4.63085
      vertex -47.2248 36.9901 4.63085
    endloop
  endfacet
  facet normal 0 1 0
    outer loop
      vertex -46.9103 36.9901 4.37069
      vertex -58.0897 36.9901 4.37069
      vertex -57.7752 36.9901 4.63085
    endloop
  endfacet
  facet normal 0 1 0
    outer loop
      vertex -46.5657 36.9901 4.152
      vertex -58.0897 36.9901 4.37069
      vertex -46.9103 36.9901 4.37069
    endloop
  endfacet
  facet normal 0 1 0
    outer loop
      vertex -46.5657 36.9901 4.152
      vertex -58.4343 36.9901 4.152
      vertex -58.0897 36.9901 4.37069
    endloop
  endfacet
  facet normal 0 1 0
    outer loop
      vertex -46.1964 36.9901 3.97823
      vertex -58.4343 36.9901 4.152
      vertex -46.5657 36.9901 4.152
    endloop
  endfacet
  facet normal 0 1 0
    outer loop
      vertex -46.1964 36.9901 3.97823
      vertex -58.8036 36.9901 3.97823
      vertex -58.4343 36.9901 4.152
    endloop
  endfacet
  facet normal 0 1 0
    outer loop
      vertex -45.8082 36.9901 3.8521
      vertex -58.8036 36.9901 3.97823
      vertex -46.1964 36.9901 3.97823
    endloop
  endfacet
  facet normal 0 1 0
    outer loop
      vertex -45.8082 36.9901 3.8521
      vertex -59.1918 36.9901 3.8521
      vertex -58.8036 36.9901 3.97823
    endloop
  endfacet
  facet normal 0 1 0
    outer loop
      vertex -45.4073 36.9901 3.77563
      vertex -59.1918 36.9901 3.8521
      vertex -45.8082 36.9901 3.8521
    endloop
  endfacet
  facet normal 0 1 0
    outer loop
      vertex -45.4073 36.9901 3.77563
      vertex -59.5927 36.9901 3.77563
      vertex -59.1918 36.9901 3.8521
    endloop
  endfacet
  facet normal 0 1 0
    outer loop
      vertex -45 36.9901 3.75
      vertex -59.5927 36.9901 3.77563
      vertex -45.4073 36.9901 3.77563
    endloop
  endfacet
  facet normal 0 1 0
    outer loop
      vertex -59.5927 36.9901 3.77563
      vertex -45 36.9901 3.75
      vertex -60 36.9901 3.75
    endloop
  endfacet
  facet normal 0 1 -0
    outer loop
      vertex -30.4073 36.9901 10.2244
      vertex -45 36.9901 10.25
      vertex -30 36.9901 10.25
    endloop
  endfacet
  facet normal 0 1 0
    outer loop
      vertex -30.4073 36.9901 10.2244
      vertex -44.5927 36.9901 10.2244
      vertex -45 36.9901 10.25
    endloop
  endfacet
  facet normal 0 1 -0
    outer loop
      vertex -30.8082 36.9901 10.1479
      vertex -44.5927 36.9901 10.2244
      vertex -30.4073 36.9901 10.2244
    endloop
  endfacet
  facet normal 0 1 0
    outer loop
      vertex -30.8082 36.9901 10.1479
      vertex -44.1918 36.9901 10.1479
      vertex -44.5927 36.9901 10.2244
    endloop
  endfacet
  facet normal 0 1 -0
    outer loop
      vertex -31.1964 36.9901 10.0218
      vertex -44.1918 36.9901 10.1479
      vertex -30.8082 36.9901 10.1479
    endloop
  endfacet
  facet normal 0 1 0
    outer loop
      vertex -31.1964 36.9901 10.0218
      vertex -43.8036 36.9901 10.0218
      vertex -44.1918 36.9901 10.1479
    endloop
  endfacet
  facet normal 0 1 -0
    outer loop
      vertex -31.5657 36.9901 9.848
      vertex -43.8036 36.9901 10.0218
      vertex -31.1964 36.9901 10.0218
    endloop
  endfacet
  facet normal 0 1 0
    outer loop
      vertex -31.5657 36.9901 9.848
      vertex -43.4343 36.9901 9.848
      vertex -43.8036 36.9901 10.0218
    endloop
  endfacet
  facet normal 0 1 -0
    outer loop
      vertex -31.9103 36.9901 9.6293
      vertex -43.4343 36.9901 9.848
      vertex -31.5657 36.9901 9.848
    endloop
  endfacet
  facet normal 0 1 0
    outer loop
      vertex -31.9103 36.9901 9.6293
      vertex -43.0897 36.9901 9.6293
      vertex -43.4343 36.9901 9.848
    endloop
  endfacet
  facet normal 0 1 -0
    outer loop
      vertex -32.2248 36.9901 9.36915
      vertex -43.0897 36.9901 9.6293
      vertex -31.9103 36.9901 9.6293
    endloop
  endfacet
  facet normal 0 1 0
    outer loop
      vertex -32.2248 36.9901 9.36915
      vertex -42.7752 36.9901 9.36915
      vertex -43.0897 36.9901 9.6293
    endloop
  endfacet
  facet normal 0 1 -0
    outer loop
      vertex -32.5042 36.9901 9.07163
      vertex -42.7752 36.9901 9.36915
      vertex -32.2248 36.9901 9.36915
    endloop
  endfacet
  facet normal 0 1 0
    outer loop
      vertex -32.5042 36.9901 9.07163
      vertex -42.4958 36.9901 9.07163
      vertex -42.7752 36.9901 9.36915
    endloop
  endfacet
  facet normal 0 1 -0
    outer loop
      vertex -32.7441 36.9901 8.74144
      vertex -42.4958 36.9901 9.07163
      vertex -32.5042 36.9901 9.07163
    endloop
  endfacet
  facet normal 0 1 0
    outer loop
      vertex -32.7441 36.9901 8.74144
      vertex -42.2559 36.9901 8.74144
      vertex -42.4958 36.9901 9.07163
    endloop
  endfacet
  facet normal 0 1 -0
    outer loop
      vertex -32.9407 36.9901 8.38378
      vertex -42.2559 36.9901 8.74144
      vertex -32.7441 36.9901 8.74144
    endloop
  endfacet
  facet normal 0 1 0
    outer loop
      vertex -32.9407 36.9901 8.38378
      vertex -42.0593 36.9901 8.38378
      vertex -42.2559 36.9901 8.74144
    endloop
  endfacet
  facet normal 0 1 -0
    outer loop
      vertex -33.0909 36.9901 8.0043
      vertex -42.0593 36.9901 8.38378
      vertex -32.9407 36.9901 8.38378
    endloop
  endfacet
  facet normal 0 1 0
    outer loop
      vertex -33.0909 36.9901 8.0043
      vertex -41.9091 36.9901 8.0043
      vertex -42.0593 36.9901 8.38378
    endloop
  endfacet
  facet normal 0 1 -0
    outer loop
      vertex -33.1924 36.9901 7.60899
      vertex -41.9091 36.9901 8.0043
      vertex -33.0909 36.9901 8.0043
    endloop
  endfacet
  facet normal 0 1 0
    outer loop
      vertex -33.1924 36.9901 7.60899
      vertex -41.8076 36.9901 7.60899
      vertex -41.9091 36.9901 8.0043
    endloop
  endfacet
  facet normal 0 1 -0
    outer loop
      vertex -33.2436 36.9901 7.20407
      vertex -41.8076 36.9901 7.60899
      vertex -33.1924 36.9901 7.60899
    endloop
  endfacet
  facet normal 0 1 0
    outer loop
      vertex -33.2436 36.9901 7.20407
      vertex -41.7564 36.9901 7.20407
      vertex -41.8076 36.9901 7.60899
    endloop
  endfacet
  facet normal 0 1 -0
    outer loop
      vertex -33.2436 36.9901 6.79593
      vertex -41.7564 36.9901 7.20407
      vertex -33.2436 36.9901 7.20407
    endloop
  endfacet
  facet normal 0 1 0
    outer loop
      vertex -33.2436 36.9901 6.79593
      vertex -41.7564 36.9901 6.79593
      vertex -41.7564 36.9901 7.20407
    endloop
  endfacet
  facet normal 0 1 0
    outer loop
      vertex -33.1924 36.9901 6.39101
      vertex -41.7564 36.9901 6.79593
      vertex -33.2436 36.9901 6.79593
    endloop
  endfacet
  facet normal 0 1 0
    outer loop
      vertex -33.1924 36.9901 6.39101
      vertex -41.8076 36.9901 6.39101
      vertex -41.7564 36.9901 6.79593
    endloop
  endfacet
  facet normal 0 1 0
    outer loop
      vertex -33.0909 36.9901 5.99569
      vertex -41.8076 36.9901 6.39101
      vertex -33.1924 36.9901 6.39101
    endloop
  endfacet
  facet normal 0 1 0
    outer loop
      vertex -33.0909 36.9901 5.99569
      vertex -41.9091 36.9901 5.99569
      vertex -41.8076 36.9901 6.39101
    endloop
  endfacet
  facet normal 0 1 0
    outer loop
      vertex -32.9407 36.9901 5.61622
      vertex -41.9091 36.9901 5.99569
      vertex -33.0909 36.9901 5.99569
    endloop
  endfacet
  facet normal 0 1 0
    outer loop
      vertex -32.9407 36.9901 5.61622
      vertex -42.0593 36.9901 5.61622
      vertex -41.9091 36.9901 5.99569
    endloop
  endfacet
  facet normal 0 1 0
    outer loop
      vertex -32.7441 36.9901 5.25856
      vertex -42.0593 36.9901 5.61622
      vertex -32.9407 36.9901 5.61622
    endloop
  endfacet
  facet normal 0 1 0
    outer loop
      vertex -32.7441 36.9901 5.25856
      vertex -42.2559 36.9901 5.25856
      vertex -42.0593 36.9901 5.61622
    endloop
  endfacet
  facet normal 0 1 0
    outer loop
      vertex -32.5042 36.9901 4.92837
      vertex -42.2559 36.9901 5.25856
      vertex -32.7441 36.9901 5.25856
    endloop
  endfacet
  facet normal 0 1 0
    outer loop
      vertex -32.5042 36.9901 4.92837
      vertex -42.4958 36.9901 4.92837
      vertex -42.2559 36.9901 5.25856
    endloop
  endfacet
  facet normal 0 1 0
    outer loop
      vertex -32.2248 36.9901 4.63085
      vertex -42.4958 36.9901 4.92837
      vertex -32.5042 36.9901 4.92837
    endloop
  endfacet
  facet normal 0 1 0
    outer loop
      vertex -32.2248 36.9901 4.63085
      vertex -42.7752 36.9901 4.63085
      vertex -42.4958 36.9901 4.92837
    endloop
  endfacet
  facet normal 0 1 0
    outer loop
      vertex -31.9103 36.9901 4.37069
      vertex -42.7752 36.9901 4.63085
      vertex -32.2248 36.9901 4.63085
    endloop
  endfacet
  facet normal 0 1 0
    outer loop
      vertex -31.9103 36.9901 4.37069
      vertex -43.0897 36.9901 4.37069
      vertex -42.7752 36.9901 4.63085
    endloop
  endfacet
  facet normal 0 1 0
    outer loop
      vertex -31.5657 36.9901 4.152
      vertex -43.0897 36.9901 4.37069
      vertex -31.9103 36.9901 4.37069
    endloop
  endfacet
  facet normal 0 1 0
    outer loop
      vertex -31.5657 36.9901 4.152
      vertex -43.4343 36.9901 4.152
      vertex -43.0897 36.9901 4.37069
    endloop
  endfacet
  facet normal 0 1 0
    outer loop
      vertex -31.1964 36.9901 3.97823
      vertex -43.4343 36.9901 4.152
      vertex -31.5657 36.9901 4.152
    endloop
  endfacet
  facet normal 0 1 0
    outer loop
      vertex -31.1964 36.9901 3.97823
      vertex -43.8036 36.9901 3.97823
      vertex -43.4343 36.9901 4.152
    endloop
  endfacet
  facet normal 0 1 0
    outer loop
      vertex -30.8082 36.9901 3.8521
      vertex -43.8036 36.9901 3.97823
      vertex -31.1964 36.9901 3.97823
    endloop
  endfacet
  facet normal 0 1 0
    outer loop
      vertex -30.8082 36.9901 3.8521
      vertex -44.1918 36.9901 3.8521
      vertex -43.8036 36.9901 3.97823
    endloop
  endfacet
  facet normal 0 1 0
    outer loop
      vertex -30.4073 36.9901 3.77563
      vertex -44.1918 36.9901 3.8521
      vertex -30.8082 36.9901 3.8521
    endloop
  endfacet
  facet normal 0 1 0
    outer loop
      vertex -30.4073 36.9901 3.77563
      vertex -44.5927 36.9901 3.77563
      vertex -44.1918 36.9901 3.8521
    endloop
  endfacet
  facet normal 0 1 0
    outer loop
      vertex -30 36.9901 3.75
      vertex -44.5927 36.9901 3.77563
      vertex -30.4073 36.9901 3.77563
    endloop
  endfacet
  facet normal 0 1 0
    outer loop
      vertex -44.5927 36.9901 3.77563
      vertex -30 36.9901 3.75
      vertex -45 36.9901 3.75
    endloop
  endfacet
  facet normal 0 1 -0
    outer loop
      vertex -15.4073 36.9901 10.2244
      vertex -30 36.9901 10.25
      vertex -15 36.9901 10.25
    endloop
  endfacet
  facet normal 0 1 0
    outer loop
      vertex -15.4073 36.9901 10.2244
      vertex -29.5927 36.9901 10.2244
      vertex -30 36.9901 10.25
    endloop
  endfacet
  facet normal 0 1 -0
    outer loop
      vertex -15.8082 36.9901 10.1479
      vertex -29.5927 36.9901 10.2244
      vertex -15.4073 36.9901 10.2244
    endloop
  endfacet
  facet normal 0 1 0
    outer loop
      vertex -15.8082 36.9901 10.1479
      vertex -29.1918 36.9901 10.1479
      vertex -29.5927 36.9901 10.2244
    endloop
  endfacet
  facet normal 0 1 -0
    outer loop
      vertex -16.1964 36.9901 10.0218
      vertex -29.1918 36.9901 10.1479
      vertex -15.8082 36.9901 10.1479
    endloop
  endfacet
  facet normal 0 1 0
    outer loop
      vertex -16.1964 36.9901 10.0218
      vertex -28.8036 36.9901 10.0218
      vertex -29.1918 36.9901 10.1479
    endloop
  endfacet
  facet normal 0 1 -0
    outer loop
      vertex -16.5657 36.9901 9.848
      vertex -28.8036 36.9901 10.0218
      vertex -16.1964 36.9901 10.0218
    endloop
  endfacet
  facet normal 0 1 0
    outer loop
      vertex -16.5657 36.9901 9.848
      vertex -28.4343 36.9901 9.848
      vertex -28.8036 36.9901 10.0218
    endloop
  endfacet
  facet normal 0 1 -0
    outer loop
      vertex -16.9103 36.9901 9.6293
      vertex -28.4343 36.9901 9.848
      vertex -16.5657 36.9901 9.848
    endloop
  endfacet
  facet normal 0 1 0
    outer loop
      vertex -16.9103 36.9901 9.6293
      vertex -28.0897 36.9901 9.6293
      vertex -28.4343 36.9901 9.848
    endloop
  endfacet
  facet normal 0 1 -0
    outer loop
      vertex -17.2248 36.9901 9.36915
      vertex -28.0897 36.9901 9.6293
      vertex -16.9103 36.9901 9.6293
    endloop
  endfacet
  facet normal 0 1 0
    outer loop
      vertex -17.2248 36.9901 9.36915
      vertex -27.7752 36.9901 9.36915
      vertex -28.0897 36.9901 9.6293
    endloop
  endfacet
  facet normal 0 1 -0
    outer loop
      vertex -17.5042 36.9901 9.07163
      vertex -27.7752 36.9901 9.36915
      vertex -17.2248 36.9901 9.36915
    endloop
  endfacet
  facet normal 0 1 0
    outer loop
      vertex -17.5042 36.9901 9.07163
      vertex -27.4958 36.9901 9.07163
      vertex -27.7752 36.9901 9.36915
    endloop
  endfacet
  facet normal 0 1 -0
    outer loop
      vertex -17.7441 36.9901 8.74144
      vertex -27.4958 36.9901 9.07163
      vertex -17.5042 36.9901 9.07163
    endloop
  endfacet
  facet normal 0 1 0
    outer loop
      vertex -17.7441 36.9901 8.74144
      vertex -27.2559 36.9901 8.74144
      vertex -27.4958 36.9901 9.07163
    endloop
  endfacet
  facet normal 0 1 -0
    outer loop
      vertex -17.9407 36.9901 8.38378
      vertex -27.2559 36.9901 8.74144
      vertex -17.7441 36.9901 8.74144
    endloop
  endfacet
  facet normal 0 1 0
    outer loop
      vertex -17.9407 36.9901 8.38378
      vertex -27.0593 36.9901 8.38378
      vertex -27.2559 36.9901 8.74144
    endloop
  endfacet
  facet normal 0 1 -0
    outer loop
      vertex -18.0909 36.9901 8.0043
      vertex -27.0593 36.9901 8.38378
      vertex -17.9407 36.9901 8.38378
    endloop
  endfacet
  facet normal 0 1 0
    outer loop
      vertex -18.0909 36.9901 8.0043
      vertex -26.9091 36.9901 8.0043
      vertex -27.0593 36.9901 8.38378
    endloop
  endfacet
  facet normal 0 1 -0
    outer loop
      vertex -18.1924 36.9901 7.60899
      vertex -26.9091 36.9901 8.0043
      vertex -18.0909 36.9901 8.0043
    endloop
  endfacet
  facet normal 0 1 0
    outer loop
      vertex -18.1924 36.9901 7.60899
      vertex -26.8076 36.9901 7.60899
      vertex -26.9091 36.9901 8.0043
    endloop
  endfacet
  facet normal 0 1 -0
    outer loop
      vertex -18.2436 36.9901 7.20407
      vertex -26.8076 36.9901 7.60899
      vertex -18.1924 36.9901 7.60899
    endloop
  endfacet
  facet normal 0 1 0
    outer loop
      vertex -18.2436 36.9901 7.20407
      vertex -26.7564 36.9901 7.20407
      vertex -26.8076 36.9901 7.60899
    endloop
  endfacet
  facet normal 0 1 -0
    outer loop
      vertex -18.2436 36.9901 6.79593
      vertex -26.7564 36.9901 7.20407
      vertex -18.2436 36.9901 7.20407
    endloop
  endfacet
  facet normal 0 1 0
    outer loop
      vertex -18.2436 36.9901 6.79593
      vertex -26.7564 36.9901 6.79593
      vertex -26.7564 36.9901 7.20407
    endloop
  endfacet
  facet normal 0 1 0
    outer loop
      vertex -18.1924 36.9901 6.39101
      vertex -26.7564 36.9901 6.79593
      vertex -18.2436 36.9901 6.79593
    endloop
  endfacet
  facet normal 0 1 0
    outer loop
      vertex -18.1924 36.9901 6.39101
      vertex -26.8076 36.9901 6.39101
      vertex -26.7564 36.9901 6.79593
    endloop
  endfacet
  facet normal 0 1 0
    outer loop
      vertex -18.0909 36.9901 5.99569
      vertex -26.8076 36.9901 6.39101
      vertex -18.1924 36.9901 6.39101
    endloop
  endfacet
  facet normal 0 1 0
    outer loop
      vertex -18.0909 36.9901 5.99569
      vertex -26.9091 36.9901 5.99569
      vertex -26.8076 36.9901 6.39101
    endloop
  endfacet
  facet normal 0 1 0
    outer loop
      vertex -17.9407 36.9901 5.61622
      vertex -26.9091 36.9901 5.99569
      vertex -18.0909 36.9901 5.99569
    endloop
  endfacet
  facet normal 0 1 0
    outer loop
      vertex -17.9407 36.9901 5.61622
      vertex -27.0593 36.9901 5.61622
      vertex -26.9091 36.9901 5.99569
    endloop
  endfacet
  facet normal 0 1 0
    outer loop
      vertex -17.7441 36.9901 5.25856
      vertex -27.0593 36.9901 5.61622
      vertex -17.9407 36.9901 5.61622
    endloop
  endfacet
  facet normal 0 1 0
    outer loop
      vertex -17.7441 36.9901 5.25856
      vertex -27.2559 36.9901 5.25856
      vertex -27.0593 36.9901 5.61622
    endloop
  endfacet
  facet normal 0 1 0
    outer loop
      vertex -17.5042 36.9901 4.92837
      vertex -27.2559 36.9901 5.25856
      vertex -17.7441 36.9901 5.25856
    endloop
  endfacet
  facet normal 0 1 0
    outer loop
      vertex -17.5042 36.9901 4.92837
      vertex -27.4958 36.9901 4.92837
      vertex -27.2559 36.9901 5.25856
    endloop
  endfacet
  facet normal 0 1 0
    outer loop
      vertex -17.2248 36.9901 4.63085
      vertex -27.4958 36.9901 4.92837
      vertex -17.5042 36.9901 4.92837
    endloop
  endfacet
  facet normal 0 1 0
    outer loop
      vertex -17.2248 36.9901 4.63085
      vertex -27.7752 36.9901 4.63085
      vertex -27.4958 36.9901 4.92837
    endloop
  endfacet
  facet normal 0 1 0
    outer loop
      vertex -16.9103 36.9901 4.37069
      vertex -27.7752 36.9901 4.63085
      vertex -17.2248 36.9901 4.63085
    endloop
  endfacet
  facet normal 0 1 0
    outer loop
      vertex -16.9103 36.9901 4.37069
      vertex -28.0897 36.9901 4.37069
      vertex -27.7752 36.9901 4.63085
    endloop
  endfacet
  facet normal 0 1 0
    outer loop
      vertex -16.5657 36.9901 4.152
      vertex -28.0897 36.9901 4.37069
      vertex -16.9103 36.9901 4.37069
    endloop
  endfacet
  facet normal 0 1 0
    outer loop
      vertex -16.5657 36.9901 4.152
      vertex -28.4343 36.9901 4.152
      vertex -28.0897 36.9901 4.37069
    endloop
  endfacet
  facet normal 0 1 0
    outer loop
      vertex -16.1964 36.9901 3.97823
      vertex -28.4343 36.9901 4.152
      vertex -16.5657 36.9901 4.152
    endloop
  endfacet
  facet normal 0 1 0
    outer loop
      vertex -16.1964 36.9901 3.97823
      vertex -28.8036 36.9901 3.97823
      vertex -28.4343 36.9901 4.152
    endloop
  endfacet
  facet normal 0 1 0
    outer loop
      vertex -15.8082 36.9901 3.8521
      vertex -28.8036 36.9901 3.97823
      vertex -16.1964 36.9901 3.97823
    endloop
  endfacet
  facet normal 0 1 0
    outer loop
      vertex -15.8082 36.9901 3.8521
      vertex -29.1918 36.9901 3.8521
      vertex -28.8036 36.9901 3.97823
    endloop
  endfacet
  facet normal 0 1 0
    outer loop
      vertex -15.4073 36.9901 3.77563
      vertex -29.1918 36.9901 3.8521
      vertex -15.8082 36.9901 3.8521
    endloop
  endfacet
  facet normal 0 1 0
    outer loop
      vertex -15.4073 36.9901 3.77563
      vertex -29.5927 36.9901 3.77563
      vertex -29.1918 36.9901 3.8521
    endloop
  endfacet
  facet normal 0 1 0
    outer loop
      vertex -15 36.9901 3.75
      vertex -29.5927 36.9901 3.77563
      vertex -15.4073 36.9901 3.77563
    endloop
  endfacet
  facet normal 0 1 0
    outer loop
      vertex -29.5927 36.9901 3.77563
      vertex -15 36.9901 3.75
      vertex -30 36.9901 3.75
    endloop
  endfacet
  facet normal 0 1 -0
    outer loop
      vertex -0.407332 36.9901 10.2244
      vertex -15 36.9901 10.25
      vertex 0 36.9901 10.25
    endloop
  endfacet
  facet normal 0 1 0
    outer loop
      vertex -0.407332 36.9901 10.2244
      vertex -14.5927 36.9901 10.2244
      vertex -15 36.9901 10.25
    endloop
  endfacet
  facet normal 0 1 -0
    outer loop
      vertex -0.808242 36.9901 10.1479
      vertex -14.5927 36.9901 10.2244
      vertex -0.407332 36.9901 10.2244
    endloop
  endfacet
  facet normal 0 1 0
    outer loop
      vertex -0.808242 36.9901 10.1479
      vertex -14.1918 36.9901 10.1479
      vertex -14.5927 36.9901 10.2244
    endloop
  endfacet
  facet normal 0 1 -0
    outer loop
      vertex -1.1964 36.9901 10.0218
      vertex -14.1918 36.9901 10.1479
      vertex -0.808242 36.9901 10.1479
    endloop
  endfacet
  facet normal 0 1 0
    outer loop
      vertex -1.1964 36.9901 10.0218
      vertex -13.8036 36.9901 10.0218
      vertex -14.1918 36.9901 10.1479
    endloop
  endfacet
  facet normal 0 1 -0
    outer loop
      vertex -1.5657 36.9901 9.848
      vertex -13.8036 36.9901 10.0218
      vertex -1.1964 36.9901 10.0218
    endloop
  endfacet
  facet normal 0 1 0
    outer loop
      vertex -1.5657 36.9901 9.848
      vertex -13.4343 36.9901 9.848
      vertex -13.8036 36.9901 10.0218
    endloop
  endfacet
  facet normal 0 1 -0
    outer loop
      vertex -1.9103 36.9901 9.6293
      vertex -13.4343 36.9901 9.848
      vertex -1.5657 36.9901 9.848
    endloop
  endfacet
  facet normal 0 1 0
    outer loop
      vertex -1.9103 36.9901 9.6293
      vertex -13.0897 36.9901 9.6293
      vertex -13.4343 36.9901 9.848
    endloop
  endfacet
  facet normal 0 1 -0
    outer loop
      vertex -2.22478 36.9901 9.36915
      vertex -13.0897 36.9901 9.6293
      vertex -1.9103 36.9901 9.6293
    endloop
  endfacet
  facet normal 0 1 0
    outer loop
      vertex -2.22478 36.9901 9.36915
      vertex -12.7752 36.9901 9.36915
      vertex -13.0897 36.9901 9.6293
    endloop
  endfacet
  facet normal 0 1 -0
    outer loop
      vertex -2.50417 36.9901 9.07163
      vertex -12.7752 36.9901 9.36915
      vertex -2.22478 36.9901 9.36915
    endloop
  endfacet
  facet normal 0 1 0
    outer loop
      vertex -2.50417 36.9901 9.07163
      vertex -12.4958 36.9901 9.07163
      vertex -12.7752 36.9901 9.36915
    endloop
  endfacet
  facet normal 0 1 -0
    outer loop
      vertex -2.74407 36.9901 8.74144
      vertex -12.4958 36.9901 9.07163
      vertex -2.50417 36.9901 9.07163
    endloop
  endfacet
  facet normal 0 1 0
    outer loop
      vertex -2.74407 36.9901 8.74144
      vertex -12.2559 36.9901 8.74144
      vertex -12.4958 36.9901 9.07163
    endloop
  endfacet
  facet normal 0 1 -0
    outer loop
      vertex -2.94069 36.9901 8.38378
      vertex -12.2559 36.9901 8.74144
      vertex -2.74407 36.9901 8.74144
    endloop
  endfacet
  facet normal 0 1 0
    outer loop
      vertex -2.94069 36.9901 8.38378
      vertex -12.0593 36.9901 8.38378
      vertex -12.2559 36.9901 8.74144
    endloop
  endfacet
  facet normal 0 1 -0
    outer loop
      vertex -3.09093 36.9901 8.0043
      vertex -12.0593 36.9901 8.38378
      vertex -2.94069 36.9901 8.38378
    endloop
  endfacet
  facet normal 0 1 0
    outer loop
      vertex -3.09093 36.9901 8.0043
      vertex -11.9091 36.9901 8.0043
      vertex -12.0593 36.9901 8.38378
    endloop
  endfacet
  facet normal 0 1 -0
    outer loop
      vertex -3.19243 36.9901 7.60899
      vertex -11.9091 36.9901 8.0043
      vertex -3.09093 36.9901 8.0043
    endloop
  endfacet
  facet normal 0 1 0
    outer loop
      vertex -3.19243 36.9901 7.60899
      vertex -11.8076 36.9901 7.60899
      vertex -11.9091 36.9901 8.0043
    endloop
  endfacet
  facet normal 0 1 -0
    outer loop
      vertex -3.24359 36.9901 7.20407
      vertex -11.8076 36.9901 7.60899
      vertex -3.19243 36.9901 7.60899
    endloop
  endfacet
  facet normal 0 1 0
    outer loop
      vertex -3.24359 36.9901 7.20407
      vertex -11.7564 36.9901 7.20407
      vertex -11.8076 36.9901 7.60899
    endloop
  endfacet
  facet normal 0 1 -0
    outer loop
      vertex -3.24359 36.9901 6.79593
      vertex -11.7564 36.9901 7.20407
      vertex -3.24359 36.9901 7.20407
    endloop
  endfacet
  facet normal 0 1 0
    outer loop
      vertex -3.24359 36.9901 6.79593
      vertex -11.7564 36.9901 6.79593
      vertex -11.7564 36.9901 7.20407
    endloop
  endfacet
  facet normal 0 1 0
    outer loop
      vertex -3.19243 36.9901 6.39101
      vertex -11.7564 36.9901 6.79593
      vertex -3.24359 36.9901 6.79593
    endloop
  endfacet
  facet normal 0 1 0
    outer loop
      vertex -3.19243 36.9901 6.39101
      vertex -11.8076 36.9901 6.39101
      vertex -11.7564 36.9901 6.79593
    endloop
  endfacet
  facet normal 0 1 0
    outer loop
      vertex -3.09093 36.9901 5.99569
      vertex -11.8076 36.9901 6.39101
      vertex -3.19243 36.9901 6.39101
    endloop
  endfacet
  facet normal 0 1 0
    outer loop
      vertex -3.09093 36.9901 5.99569
      vertex -11.9091 36.9901 5.99569
      vertex -11.8076 36.9901 6.39101
    endloop
  endfacet
  facet normal 0 1 0
    outer loop
      vertex -2.94069 36.9901 5.61622
      vertex -11.9091 36.9901 5.99569
      vertex -3.09093 36.9901 5.99569
    endloop
  endfacet
  facet normal 0 1 0
    outer loop
      vertex -2.94069 36.9901 5.61622
      vertex -12.0593 36.9901 5.61622
      vertex -11.9091 36.9901 5.99569
    endloop
  endfacet
  facet normal 0 1 0
    outer loop
      vertex -2.74407 36.9901 5.25856
      vertex -12.0593 36.9901 5.61622
      vertex -2.94069 36.9901 5.61622
    endloop
  endfacet
  facet normal 0 1 0
    outer loop
      vertex -2.74407 36.9901 5.25856
      vertex -12.2559 36.9901 5.25856
      vertex -12.0593 36.9901 5.61622
    endloop
  endfacet
  facet normal 0 1 0
    outer loop
      vertex -2.50417 36.9901 4.92837
      vertex -12.2559 36.9901 5.25856
      vertex -2.74407 36.9901 5.25856
    endloop
  endfacet
  facet normal 0 1 0
    outer loop
      vertex -2.50417 36.9901 4.92837
      vertex -12.4958 36.9901 4.92837
      vertex -12.2559 36.9901 5.25856
    endloop
  endfacet
  facet normal 0 1 0
    outer loop
      vertex -2.22478 36.9901 4.63085
      vertex -12.4958 36.9901 4.92837
      vertex -2.50417 36.9901 4.92837
    endloop
  endfacet
  facet normal 0 1 0
    outer loop
      vertex -2.22478 36.9901 4.63085
      vertex -12.7752 36.9901 4.63085
      vertex -12.4958 36.9901 4.92837
    endloop
  endfacet
  facet normal 0 1 0
    outer loop
      vertex -1.9103 36.9901 4.37069
      vertex -12.7752 36.9901 4.63085
      vertex -2.22478 36.9901 4.63085
    endloop
  endfacet
  facet normal 0 1 0
    outer loop
      vertex -1.9103 36.9901 4.37069
      vertex -13.0897 36.9901 4.37069
      vertex -12.7752 36.9901 4.63085
    endloop
  endfacet
  facet normal 0 1 0
    outer loop
      vertex -1.5657 36.9901 4.152
      vertex -13.0897 36.9901 4.37069
      vertex -1.9103 36.9901 4.37069
    endloop
  endfacet
  facet normal 0 1 0
    outer loop
      vertex -1.5657 36.9901 4.152
      vertex -13.4343 36.9901 4.152
      vertex -13.0897 36.9901 4.37069
    endloop
  endfacet
  facet normal 0 1 0
    outer loop
      vertex -1.1964 36.9901 3.97823
      vertex -13.4343 36.9901 4.152
      vertex -1.5657 36.9901 4.152
    endloop
  endfacet
  facet normal 0 1 0
    outer loop
      vertex -1.1964 36.9901 3.97823
      vertex -13.8036 36.9901 3.97823
      vertex -13.4343 36.9901 4.152
    endloop
  endfacet
  facet normal 0 1 0
    outer loop
      vertex -0.808242 36.9901 3.8521
      vertex -13.8036 36.9901 3.97823
      vertex -1.1964 36.9901 3.97823
    endloop
  endfacet
  facet normal 0 1 0
    outer loop
      vertex -0.808242 36.9901 3.8521
      vertex -14.1918 36.9901 3.8521
      vertex -13.8036 36.9901 3.97823
    endloop
  endfacet
  facet normal 0 1 0
    outer loop
      vertex -0.407332 36.9901 3.77563
      vertex -14.1918 36.9901 3.8521
      vertex -0.808242 36.9901 3.8521
    endloop
  endfacet
  facet normal 0 1 0
    outer loop
      vertex -0.407332 36.9901 3.77563
      vertex -14.5927 36.9901 3.77563
      vertex -14.1918 36.9901 3.8521
    endloop
  endfacet
  facet normal 0 1 0
    outer loop
      vertex 0 36.9901 3.75
      vertex -14.5927 36.9901 3.77563
      vertex -0.407332 36.9901 3.77563
    endloop
  endfacet
  facet normal 0 1 0
    outer loop
      vertex -14.5927 36.9901 3.77563
      vertex 0 36.9901 3.75
      vertex -15 36.9901 3.75
    endloop
  endfacet
  facet normal 0 1 -0
    outer loop
      vertex 14.5927 36.9901 10.2244
      vertex 0 36.9901 10.25
      vertex 15 36.9901 10.25
    endloop
  endfacet
  facet normal 0 1 0
    outer loop
      vertex 14.5927 36.9901 10.2244
      vertex 0.407332 36.9901 10.2244
      vertex 0 36.9901 10.25
    endloop
  endfacet
  facet normal 0 1 -0
    outer loop
      vertex 14.1918 36.9901 10.1479
      vertex 0.407332 36.9901 10.2244
      vertex 14.5927 36.9901 10.2244
    endloop
  endfacet
  facet normal 0 1 0
    outer loop
      vertex 14.1918 36.9901 10.1479
      vertex 0.808242 36.9901 10.1479
      vertex 0.407332 36.9901 10.2244
    endloop
  endfacet
  facet normal 0 1 -0
    outer loop
      vertex 13.8036 36.9901 10.0218
      vertex 0.808242 36.9901 10.1479
      vertex 14.1918 36.9901 10.1479
    endloop
  endfacet
  facet normal 0 1 0
    outer loop
      vertex 13.8036 36.9901 10.0218
      vertex 1.1964 36.9901 10.0218
      vertex 0.808242 36.9901 10.1479
    endloop
  endfacet
  facet normal 0 1 -0
    outer loop
      vertex 13.4343 36.9901 9.848
      vertex 1.1964 36.9901 10.0218
      vertex 13.8036 36.9901 10.0218
    endloop
  endfacet
  facet normal 0 1 0
    outer loop
      vertex 13.4343 36.9901 9.848
      vertex 1.5657 36.9901 9.848
      vertex 1.1964 36.9901 10.0218
    endloop
  endfacet
  facet normal 0 1 -0
    outer loop
      vertex 13.0897 36.9901 9.6293
      vertex 1.5657 36.9901 9.848
      vertex 13.4343 36.9901 9.848
    endloop
  endfacet
  facet normal 0 1 0
    outer loop
      vertex 13.0897 36.9901 9.6293
      vertex 1.9103 36.9901 9.6293
      vertex 1.5657 36.9901 9.848
    endloop
  endfacet
  facet normal 0 1 -0
    outer loop
      vertex 12.7752 36.9901 9.36915
      vertex 1.9103 36.9901 9.6293
      vertex 13.0897 36.9901 9.6293
    endloop
  endfacet
  facet normal 0 1 0
    outer loop
      vertex 12.7752 36.9901 9.36915
      vertex 2.22478 36.9901 9.36915
      vertex 1.9103 36.9901 9.6293
    endloop
  endfacet
  facet normal 0 1 -0
    outer loop
      vertex 12.4958 36.9901 9.07163
      vertex 2.22478 36.9901 9.36915
      vertex 12.7752 36.9901 9.36915
    endloop
  endfacet
  facet normal 0 1 0
    outer loop
      vertex 12.4958 36.9901 9.07163
      vertex 2.50417 36.9901 9.07163
      vertex 2.22478 36.9901 9.36915
    endloop
  endfacet
  facet normal 0 1 -0
    outer loop
      vertex 12.2559 36.9901 8.74144
      vertex 2.50417 36.9901 9.07163
      vertex 12.4958 36.9901 9.07163
    endloop
  endfacet
  facet normal 0 1 0
    outer loop
      vertex 12.2559 36.9901 8.74144
      vertex 2.74407 36.9901 8.74144
      vertex 2.50417 36.9901 9.07163
    endloop
  endfacet
  facet normal 0 1 -0
    outer loop
      vertex 12.0593 36.9901 8.38378
      vertex 2.74407 36.9901 8.74144
      vertex 12.2559 36.9901 8.74144
    endloop
  endfacet
  facet normal 0 1 0
    outer loop
      vertex 12.0593 36.9901 8.38378
      vertex 2.94069 36.9901 8.38378
      vertex 2.74407 36.9901 8.74144
    endloop
  endfacet
  facet normal 0 1 -0
    outer loop
      vertex 11.9091 36.9901 8.0043
      vertex 2.94069 36.9901 8.38378
      vertex 12.0593 36.9901 8.38378
    endloop
  endfacet
  facet normal 0 1 0
    outer loop
      vertex 11.9091 36.9901 8.0043
      vertex 3.09093 36.9901 8.0043
      vertex 2.94069 36.9901 8.38378
    endloop
  endfacet
  facet normal 0 1 -0
    outer loop
      vertex 11.8076 36.9901 7.60899
      vertex 3.09093 36.9901 8.0043
      vertex 11.9091 36.9901 8.0043
    endloop
  endfacet
  facet normal 0 1 0
    outer loop
      vertex 11.8076 36.9901 7.60899
      vertex 3.19243 36.9901 7.60899
      vertex 3.09093 36.9901 8.0043
    endloop
  endfacet
  facet normal 0 1 -0
    outer loop
      vertex 11.7564 36.9901 7.20407
      vertex 3.19243 36.9901 7.60899
      vertex 11.8076 36.9901 7.60899
    endloop
  endfacet
  facet normal 0 1 0
    outer loop
      vertex 11.7564 36.9901 7.20407
      vertex 3.24359 36.9901 7.20407
      vertex 3.19243 36.9901 7.60899
    endloop
  endfacet
  facet normal 0 1 -0
    outer loop
      vertex 11.7564 36.9901 6.79593
      vertex 3.24359 36.9901 7.20407
      vertex 11.7564 36.9901 7.20407
    endloop
  endfacet
  facet normal 0 1 0
    outer loop
      vertex 11.7564 36.9901 6.79593
      vertex 3.24359 36.9901 6.79593
      vertex 3.24359 36.9901 7.20407
    endloop
  endfacet
  facet normal 0 1 0
    outer loop
      vertex 11.8076 36.9901 6.39101
      vertex 3.24359 36.9901 6.79593
      vertex 11.7564 36.9901 6.79593
    endloop
  endfacet
  facet normal 0 1 0
    outer loop
      vertex 11.8076 36.9901 6.39101
      vertex 3.19243 36.9901 6.39101
      vertex 3.24359 36.9901 6.79593
    endloop
  endfacet
  facet normal 0 1 0
    outer loop
      vertex 11.9091 36.9901 5.99569
      vertex 3.19243 36.9901 6.39101
      vertex 11.8076 36.9901 6.39101
    endloop
  endfacet
  facet normal 0 1 0
    outer loop
      vertex 11.9091 36.9901 5.99569
      vertex 3.09093 36.9901 5.99569
      vertex 3.19243 36.9901 6.39101
    endloop
  endfacet
  facet normal 0 1 0
    outer loop
      vertex 12.0593 36.9901 5.61622
      vertex 3.09093 36.9901 5.99569
      vertex 11.9091 36.9901 5.99569
    endloop
  endfacet
  facet normal 0 1 0
    outer loop
      vertex 12.0593 36.9901 5.61622
      vertex 2.94069 36.9901 5.61622
      vertex 3.09093 36.9901 5.99569
    endloop
  endfacet
  facet normal 0 1 0
    outer loop
      vertex 12.2559 36.9901 5.25856
      vertex 2.94069 36.9901 5.61622
      vertex 12.0593 36.9901 5.61622
    endloop
  endfacet
  facet normal 0 1 0
    outer loop
      vertex 12.2559 36.9901 5.25856
      vertex 2.74407 36.9901 5.25856
      vertex 2.94069 36.9901 5.61622
    endloop
  endfacet
  facet normal 0 1 0
    outer loop
      vertex 12.4958 36.9901 4.92837
      vertex 2.74407 36.9901 5.25856
      vertex 12.2559 36.9901 5.25856
    endloop
  endfacet
  facet normal 0 1 0
    outer loop
      vertex 12.4958 36.9901 4.92837
      vertex 2.50417 36.9901 4.92837
      vertex 2.74407 36.9901 5.25856
    endloop
  endfacet
  facet normal 0 1 0
    outer loop
      vertex 12.7752 36.9901 4.63085
      vertex 2.50417 36.9901 4.92837
      vertex 12.4958 36.9901 4.92837
    endloop
  endfacet
  facet normal 0 1 0
    outer loop
      vertex 12.7752 36.9901 4.63085
      vertex 2.22478 36.9901 4.63085
      vertex 2.50417 36.9901 4.92837
    endloop
  endfacet
  facet normal 0 1 0
    outer loop
      vertex 13.0897 36.9901 4.37069
      vertex 2.22478 36.9901 4.63085
      vertex 12.7752 36.9901 4.63085
    endloop
  endfacet
  facet normal 0 1 0
    outer loop
      vertex 13.0897 36.9901 4.37069
      vertex 1.9103 36.9901 4.37069
      vertex 2.22478 36.9901 4.63085
    endloop
  endfacet
  facet normal 0 1 0
    outer loop
      vertex 13.4343 36.9901 4.152
      vertex 1.9103 36.9901 4.37069
      vertex 13.0897 36.9901 4.37069
    endloop
  endfacet
  facet normal 0 1 0
    outer loop
      vertex 13.4343 36.9901 4.152
      vertex 1.5657 36.9901 4.152
      vertex 1.9103 36.9901 4.37069
    endloop
  endfacet
  facet normal 0 1 0
    outer loop
      vertex 13.8036 36.9901 3.97823
      vertex 1.5657 36.9901 4.152
      vertex 13.4343 36.9901 4.152
    endloop
  endfacet
  facet normal 0 1 0
    outer loop
      vertex 13.8036 36.9901 3.97823
      vertex 1.1964 36.9901 3.97823
      vertex 1.5657 36.9901 4.152
    endloop
  endfacet
  facet normal 0 1 0
    outer loop
      vertex 14.1918 36.9901 3.8521
      vertex 1.1964 36.9901 3.97823
      vertex 13.8036 36.9901 3.97823
    endloop
  endfacet
  facet normal 0 1 0
    outer loop
      vertex 14.1918 36.9901 3.8521
      vertex 0.808242 36.9901 3.8521
      vertex 1.1964 36.9901 3.97823
    endloop
  endfacet
  facet normal 0 1 0
    outer loop
      vertex 14.5927 36.9901 3.77563
      vertex 0.808242 36.9901 3.8521
      vertex 14.1918 36.9901 3.8521
    endloop
  endfacet
  facet normal 0 1 0
    outer loop
      vertex 14.5927 36.9901 3.77563
      vertex 0.407332 36.9901 3.77563
      vertex 0.808242 36.9901 3.8521
    endloop
  endfacet
  facet normal 0 1 0
    outer loop
      vertex 15 36.9901 3.75
      vertex 0.407332 36.9901 3.77563
      vertex 14.5927 36.9901 3.77563
    endloop
  endfacet
  facet normal 0 1 0
    outer loop
      vertex 0.407332 36.9901 3.77563
      vertex 15 36.9901 3.75
      vertex 0 36.9901 3.75
    endloop
  endfacet
  facet normal 0 1 -0
    outer loop
      vertex 29.5927 36.9901 10.2244
      vertex 15 36.9901 10.25
      vertex 30 36.9901 10.25
    endloop
  endfacet
  facet normal 0 1 0
    outer loop
      vertex 29.5927 36.9901 10.2244
      vertex 15.4073 36.9901 10.2244
      vertex 15 36.9901 10.25
    endloop
  endfacet
  facet normal 0 1 -0
    outer loop
      vertex 29.1918 36.9901 10.1479
      vertex 15.4073 36.9901 10.2244
      vertex 29.5927 36.9901 10.2244
    endloop
  endfacet
  facet normal 0 1 0
    outer loop
      vertex 29.1918 36.9901 10.1479
      vertex 15.8082 36.9901 10.1479
      vertex 15.4073 36.9901 10.2244
    endloop
  endfacet
  facet normal 0 1 -0
    outer loop
      vertex 28.8036 36.9901 10.0218
      vertex 15.8082 36.9901 10.1479
      vertex 29.1918 36.9901 10.1479
    endloop
  endfacet
  facet normal 0 1 0
    outer loop
      vertex 28.8036 36.9901 10.0218
      vertex 16.1964 36.9901 10.0218
      vertex 15.8082 36.9901 10.1479
    endloop
  endfacet
  facet normal 0 1 -0
    outer loop
      vertex 28.4343 36.9901 9.848
      vertex 16.1964 36.9901 10.0218
      vertex 28.8036 36.9901 10.0218
    endloop
  endfacet
  facet normal 0 1 0
    outer loop
      vertex 28.4343 36.9901 9.848
      vertex 16.5657 36.9901 9.848
      vertex 16.1964 36.9901 10.0218
    endloop
  endfacet
  facet normal 0 1 -0
    outer loop
      vertex 28.0897 36.9901 9.6293
      vertex 16.5657 36.9901 9.848
      vertex 28.4343 36.9901 9.848
    endloop
  endfacet
  facet normal 0 1 0
    outer loop
      vertex 28.0897 36.9901 9.6293
      vertex 16.9103 36.9901 9.6293
      vertex 16.5657 36.9901 9.848
    endloop
  endfacet
  facet normal 0 1 -0
    outer loop
      vertex 27.7752 36.9901 9.36915
      vertex 16.9103 36.9901 9.6293
      vertex 28.0897 36.9901 9.6293
    endloop
  endfacet
  facet normal 0 1 0
    outer loop
      vertex 27.7752 36.9901 9.36915
      vertex 17.2248 36.9901 9.36915
      vertex 16.9103 36.9901 9.6293
    endloop
  endfacet
  facet normal 0 1 -0
    outer loop
      vertex 27.4958 36.9901 9.07163
      vertex 17.2248 36.9901 9.36915
      vertex 27.7752 36.9901 9.36915
    endloop
  endfacet
  facet normal 0 1 0
    outer loop
      vertex 27.4958 36.9901 9.07163
      vertex 17.5042 36.9901 9.07163
      vertex 17.2248 36.9901 9.36915
    endloop
  endfacet
  facet normal 0 1 -0
    outer loop
      vertex 27.2559 36.9901 8.74144
      vertex 17.5042 36.9901 9.07163
      vertex 27.4958 36.9901 9.07163
    endloop
  endfacet
  facet normal 0 1 0
    outer loop
      vertex 27.2559 36.9901 8.74144
      vertex 17.7441 36.9901 8.74144
      vertex 17.5042 36.9901 9.07163
    endloop
  endfacet
  facet normal 0 1 -0
    outer loop
      vertex 27.0593 36.9901 8.38378
      vertex 17.7441 36.9901 8.74144
      vertex 27.2559 36.9901 8.74144
    endloop
  endfacet
  facet normal 0 1 0
    outer loop
      vertex 27.0593 36.9901 8.38378
      vertex 17.9407 36.9901 8.38378
      vertex 17.7441 36.9901 8.74144
    endloop
  endfacet
  facet normal 0 1 -0
    outer loop
      vertex 26.9091 36.9901 8.0043
      vertex 17.9407 36.9901 8.38378
      vertex 27.0593 36.9901 8.38378
    endloop
  endfacet
  facet normal 0 1 0
    outer loop
      vertex 26.9091 36.9901 8.0043
      vertex 18.0909 36.9901 8.0043
      vertex 17.9407 36.9901 8.38378
    endloop
  endfacet
  facet normal 0 1 -0
    outer loop
      vertex 26.8076 36.9901 7.60899
      vertex 18.0909 36.9901 8.0043
      vertex 26.9091 36.9901 8.0043
    endloop
  endfacet
  facet normal 0 1 0
    outer loop
      vertex 26.8076 36.9901 7.60899
      vertex 18.1924 36.9901 7.60899
      vertex 18.0909 36.9901 8.0043
    endloop
  endfacet
  facet normal 0 1 -0
    outer loop
      vertex 26.7564 36.9901 7.20407
      vertex 18.1924 36.9901 7.60899
      vertex 26.8076 36.9901 7.60899
    endloop
  endfacet
  facet normal 0 1 0
    outer loop
      vertex 26.7564 36.9901 7.20407
      vertex 18.2436 36.9901 7.20407
      vertex 18.1924 36.9901 7.60899
    endloop
  endfacet
  facet normal 0 1 -0
    outer loop
      vertex 26.7564 36.9901 6.79593
      vertex 18.2436 36.9901 7.20407
      vertex 26.7564 36.9901 7.20407
    endloop
  endfacet
  facet normal 0 1 0
    outer loop
      vertex 26.7564 36.9901 6.79593
      vertex 18.2436 36.9901 6.79593
      vertex 18.2436 36.9901 7.20407
    endloop
  endfacet
  facet normal 0 1 0
    outer loop
      vertex 26.8076 36.9901 6.39101
      vertex 18.2436 36.9901 6.79593
      vertex 26.7564 36.9901 6.79593
    endloop
  endfacet
  facet normal 0 1 0
    outer loop
      vertex 26.8076 36.9901 6.39101
      vertex 18.1924 36.9901 6.39101
      vertex 18.2436 36.9901 6.79593
    endloop
  endfacet
  facet normal 0 1 0
    outer loop
      vertex 26.9091 36.9901 5.99569
      vertex 18.1924 36.9901 6.39101
      vertex 26.8076 36.9901 6.39101
    endloop
  endfacet
  facet normal 0 1 0
    outer loop
      vertex 26.9091 36.9901 5.99569
      vertex 18.0909 36.9901 5.99569
      vertex 18.1924 36.9901 6.39101
    endloop
  endfacet
  facet normal 0 1 0
    outer loop
      vertex 27.0593 36.9901 5.61622
      vertex 18.0909 36.9901 5.99569
      vertex 26.9091 36.9901 5.99569
    endloop
  endfacet
  facet normal 0 1 0
    outer loop
      vertex 27.0593 36.9901 5.61622
      vertex 17.9407 36.9901 5.61622
      vertex 18.0909 36.9901 5.99569
    endloop
  endfacet
  facet normal 0 1 0
    outer loop
      vertex 27.2559 36.9901 5.25856
      vertex 17.9407 36.9901 5.61622
      vertex 27.0593 36.9901 5.61622
    endloop
  endfacet
  facet normal 0 1 0
    outer loop
      vertex 27.2559 36.9901 5.25856
      vertex 17.7441 36.9901 5.25856
      vertex 17.9407 36.9901 5.61622
    endloop
  endfacet
  facet normal 0 1 0
    outer loop
      vertex 27.4958 36.9901 4.92837
      vertex 17.7441 36.9901 5.25856
      vertex 27.2559 36.9901 5.25856
    endloop
  endfacet
  facet normal 0 1 0
    outer loop
      vertex 27.4958 36.9901 4.92837
      vertex 17.5042 36.9901 4.92837
      vertex 17.7441 36.9901 5.25856
    endloop
  endfacet
  facet normal 0 1 0
    outer loop
      vertex 27.7752 36.9901 4.63085
      vertex 17.5042 36.9901 4.92837
      vertex 27.4958 36.9901 4.92837
    endloop
  endfacet
  facet normal 0 1 0
    outer loop
      vertex 27.7752 36.9901 4.63085
      vertex 17.2248 36.9901 4.63085
      vertex 17.5042 36.9901 4.92837
    endloop
  endfacet
  facet normal 0 1 0
    outer loop
      vertex 28.0897 36.9901 4.37069
      vertex 17.2248 36.9901 4.63085
      vertex 27.7752 36.9901 4.63085
    endloop
  endfacet
  facet normal 0 1 0
    outer loop
      vertex 28.0897 36.9901 4.37069
      vertex 16.9103 36.9901 4.37069
      vertex 17.2248 36.9901 4.63085
    endloop
  endfacet
  facet normal 0 1 0
    outer loop
      vertex 28.4343 36.9901 4.152
      vertex 16.9103 36.9901 4.37069
      vertex 28.0897 36.9901 4.37069
    endloop
  endfacet
  facet normal 0 1 0
    outer loop
      vertex 28.4343 36.9901 4.152
      vertex 16.5657 36.9901 4.152
      vertex 16.9103 36.9901 4.37069
    endloop
  endfacet
  facet normal 0 1 0
    outer loop
      vertex 28.8036 36.9901 3.97823
      vertex 16.5657 36.9901 4.152
      vertex 28.4343 36.9901 4.152
    endloop
  endfacet
  facet normal 0 1 0
    outer loop
      vertex 28.8036 36.9901 3.97823
      vertex 16.1964 36.9901 3.97823
      vertex 16.5657 36.9901 4.152
    endloop
  endfacet
  facet normal 0 1 0
    outer loop
      vertex 29.1918 36.9901 3.8521
      vertex 16.1964 36.9901 3.97823
      vertex 28.8036 36.9901 3.97823
    endloop
  endfacet
  facet normal 0 1 0
    outer loop
      vertex 29.1918 36.9901 3.8521
      vertex 15.8082 36.9901 3.8521
      vertex 16.1964 36.9901 3.97823
    endloop
  endfacet
  facet normal 0 1 0
    outer loop
      vertex 29.5927 36.9901 3.77563
      vertex 15.8082 36.9901 3.8521
      vertex 29.1918 36.9901 3.8521
    endloop
  endfacet
  facet normal 0 1 0
    outer loop
      vertex 29.5927 36.9901 3.77563
      vertex 15.4073 36.9901 3.77563
      vertex 15.8082 36.9901 3.8521
    endloop
  endfacet
  facet normal 0 1 0
    outer loop
      vertex 30 36.9901 3.75
      vertex 15.4073 36.9901 3.77563
      vertex 29.5927 36.9901 3.77563
    endloop
  endfacet
  facet normal 0 1 0
    outer loop
      vertex 15.4073 36.9901 3.77563
      vertex 30 36.9901 3.75
      vertex 15 36.9901 3.75
    endloop
  endfacet
  facet normal 0 1 -0
    outer loop
      vertex 44.5927 36.9901 10.2244
      vertex 30 36.9901 10.25
      vertex 45 36.9901 10.25
    endloop
  endfacet
  facet normal 0 1 0
    outer loop
      vertex 44.5927 36.9901 10.2244
      vertex 30.4073 36.9901 10.2244
      vertex 30 36.9901 10.25
    endloop
  endfacet
  facet normal 0 1 -0
    outer loop
      vertex 44.1918 36.9901 10.1479
      vertex 30.4073 36.9901 10.2244
      vertex 44.5927 36.9901 10.2244
    endloop
  endfacet
  facet normal 0 1 0
    outer loop
      vertex 44.1918 36.9901 10.1479
      vertex 30.8082 36.9901 10.1479
      vertex 30.4073 36.9901 10.2244
    endloop
  endfacet
  facet normal 0 1 -0
    outer loop
      vertex 43.8036 36.9901 10.0218
      vertex 30.8082 36.9901 10.1479
      vertex 44.1918 36.9901 10.1479
    endloop
  endfacet
  facet normal 0 1 0
    outer loop
      vertex 43.8036 36.9901 10.0218
      vertex 31.1964 36.9901 10.0218
      vertex 30.8082 36.9901 10.1479
    endloop
  endfacet
  facet normal 0 1 -0
    outer loop
      vertex 43.4343 36.9901 9.848
      vertex 31.1964 36.9901 10.0218
      vertex 43.8036 36.9901 10.0218
    endloop
  endfacet
  facet normal 0 1 0
    outer loop
      vertex 43.4343 36.9901 9.848
      vertex 31.5657 36.9901 9.848
      vertex 31.1964 36.9901 10.0218
    endloop
  endfacet
  facet normal 0 1 -0
    outer loop
      vertex 43.0897 36.9901 9.6293
      vertex 31.5657 36.9901 9.848
      vertex 43.4343 36.9901 9.848
    endloop
  endfacet
  facet normal 0 1 0
    outer loop
      vertex 43.0897 36.9901 9.6293
      vertex 31.9103 36.9901 9.6293
      vertex 31.5657 36.9901 9.848
    endloop
  endfacet
  facet normal 0 1 -0
    outer loop
      vertex 42.7752 36.9901 9.36915
      vertex 31.9103 36.9901 9.6293
      vertex 43.0897 36.9901 9.6293
    endloop
  endfacet
  facet normal 0 1 0
    outer loop
      vertex 42.7752 36.9901 9.36915
      vertex 32.2248 36.9901 9.36915
      vertex 31.9103 36.9901 9.6293
    endloop
  endfacet
  facet normal 0 1 -0
    outer loop
      vertex 42.4958 36.9901 9.07163
      vertex 32.2248 36.9901 9.36915
      vertex 42.7752 36.9901 9.36915
    endloop
  endfacet
  facet normal 0 1 0
    outer loop
      vertex 42.4958 36.9901 9.07163
      vertex 32.5042 36.9901 9.07163
      vertex 32.2248 36.9901 9.36915
    endloop
  endfacet
  facet normal 0 1 -0
    outer loop
      vertex 42.2559 36.9901 8.74144
      vertex 32.5042 36.9901 9.07163
      vertex 42.4958 36.9901 9.07163
    endloop
  endfacet
  facet normal 0 1 0
    outer loop
      vertex 42.2559 36.9901 8.74144
      vertex 32.7441 36.9901 8.74144
      vertex 32.5042 36.9901 9.07163
    endloop
  endfacet
  facet normal 0 1 -0
    outer loop
      vertex 42.0593 36.9901 8.38378
      vertex 32.7441 36.9901 8.74144
      vertex 42.2559 36.9901 8.74144
    endloop
  endfacet
  facet normal 0 1 0
    outer loop
      vertex 42.0593 36.9901 8.38378
      vertex 32.9407 36.9901 8.38378
      vertex 32.7441 36.9901 8.74144
    endloop
  endfacet
  facet normal 0 1 -0
    outer loop
      vertex 41.9091 36.9901 8.0043
      vertex 32.9407 36.9901 8.38378
      vertex 42.0593 36.9901 8.38378
    endloop
  endfacet
  facet normal 0 1 0
    outer loop
      vertex 41.9091 36.9901 8.0043
      vertex 33.0909 36.9901 8.0043
      vertex 32.9407 36.9901 8.38378
    endloop
  endfacet
  facet normal 0 1 -0
    outer loop
      vertex 41.8076 36.9901 7.60899
      vertex 33.0909 36.9901 8.0043
      vertex 41.9091 36.9901 8.0043
    endloop
  endfacet
  facet normal 0 1 0
    outer loop
      vertex 41.8076 36.9901 7.60899
      vertex 33.1924 36.9901 7.60899
      vertex 33.0909 36.9901 8.0043
    endloop
  endfacet
  facet normal 0 1 -0
    outer loop
      vertex 41.7564 36.9901 7.20407
      vertex 33.1924 36.9901 7.60899
      vertex 41.8076 36.9901 7.60899
    endloop
  endfacet
  facet normal 0 1 0
    outer loop
      vertex 41.7564 36.9901 7.20407
      vertex 33.2436 36.9901 7.20407
      vertex 33.1924 36.9901 7.60899
    endloop
  endfacet
  facet normal 0 1 -0
    outer loop
      vertex 41.7564 36.9901 6.79593
      vertex 33.2436 36.9901 7.20407
      vertex 41.7564 36.9901 7.20407
    endloop
  endfacet
  facet normal 0 1 0
    outer loop
      vertex 41.7564 36.9901 6.79593
      vertex 33.2436 36.9901 6.79593
      vertex 33.2436 36.9901 7.20407
    endloop
  endfacet
  facet normal 0 1 0
    outer loop
      vertex 41.8076 36.9901 6.39101
      vertex 33.2436 36.9901 6.79593
      vertex 41.7564 36.9901 6.79593
    endloop
  endfacet
  facet normal 0 1 0
    outer loop
      vertex 41.8076 36.9901 6.39101
      vertex 33.1924 36.9901 6.39101
      vertex 33.2436 36.9901 6.79593
    endloop
  endfacet
  facet normal 0 1 0
    outer loop
      vertex 41.9091 36.9901 5.99569
      vertex 33.1924 36.9901 6.39101
      vertex 41.8076 36.9901 6.39101
    endloop
  endfacet
  facet normal 0 1 0
    outer loop
      vertex 41.9091 36.9901 5.99569
      vertex 33.0909 36.9901 5.99569
      vertex 33.1924 36.9901 6.39101
    endloop
  endfacet
  facet normal 0 1 0
    outer loop
      vertex 42.0593 36.9901 5.61622
      vertex 33.0909 36.9901 5.99569
      vertex 41.9091 36.9901 5.99569
    endloop
  endfacet
  facet normal 0 1 0
    outer loop
      vertex 42.0593 36.9901 5.61622
      vertex 32.9407 36.9901 5.61622
      vertex 33.0909 36.9901 5.99569
    endloop
  endfacet
  facet normal 0 1 0
    outer loop
      vertex 42.2559 36.9901 5.25856
      vertex 32.9407 36.9901 5.61622
      vertex 42.0593 36.9901 5.61622
    endloop
  endfacet
  facet normal 0 1 0
    outer loop
      vertex 42.2559 36.9901 5.25856
      vertex 32.7441 36.9901 5.25856
      vertex 32.9407 36.9901 5.61622
    endloop
  endfacet
  facet normal 0 1 0
    outer loop
      vertex 42.4958 36.9901 4.92837
      vertex 32.7441 36.9901 5.25856
      vertex 42.2559 36.9901 5.25856
    endloop
  endfacet
  facet normal 0 1 0
    outer loop
      vertex 42.4958 36.9901 4.92837
      vertex 32.5042 36.9901 4.92837
      vertex 32.7441 36.9901 5.25856
    endloop
  endfacet
  facet normal 0 1 0
    outer loop
      vertex 42.7752 36.9901 4.63085
      vertex 32.5042 36.9901 4.92837
      vertex 42.4958 36.9901 4.92837
    endloop
  endfacet
  facet normal 0 1 0
    outer loop
      vertex 42.7752 36.9901 4.63085
      vertex 32.2248 36.9901 4.63085
      vertex 32.5042 36.9901 4.92837
    endloop
  endfacet
  facet normal 0 1 0
    outer loop
      vertex 43.0897 36.9901 4.37069
      vertex 32.2248 36.9901 4.63085
      vertex 42.7752 36.9901 4.63085
    endloop
  endfacet
  facet normal 0 1 0
    outer loop
      vertex 43.0897 36.9901 4.37069
      vertex 31.9103 36.9901 4.37069
      vertex 32.2248 36.9901 4.63085
    endloop
  endfacet
  facet normal 0 1 0
    outer loop
      vertex 43.4343 36.9901 4.152
      vertex 31.9103 36.9901 4.37069
      vertex 43.0897 36.9901 4.37069
    endloop
  endfacet
  facet normal 0 1 0
    outer loop
      vertex 43.4343 36.9901 4.152
      vertex 31.5657 36.9901 4.152
      vertex 31.9103 36.9901 4.37069
    endloop
  endfacet
  facet normal 0 1 0
    outer loop
      vertex 43.8036 36.9901 3.97823
      vertex 31.5657 36.9901 4.152
      vertex 43.4343 36.9901 4.152
    endloop
  endfacet
  facet normal 0 1 0
    outer loop
      vertex 43.8036 36.9901 3.97823
      vertex 31.1964 36.9901 3.97823
      vertex 31.5657 36.9901 4.152
    endloop
  endfacet
  facet normal 0 1 0
    outer loop
      vertex 44.1918 36.9901 3.8521
      vertex 31.1964 36.9901 3.97823
      vertex 43.8036 36.9901 3.97823
    endloop
  endfacet
  facet normal 0 1 0
    outer loop
      vertex 44.1918 36.9901 3.8521
      vertex 30.8082 36.9901 3.8521
      vertex 31.1964 36.9901 3.97823
    endloop
  endfacet
  facet normal 0 1 0
    outer loop
      vertex 44.5927 36.9901 3.77563
      vertex 30.8082 36.9901 3.8521
      vertex 44.1918 36.9901 3.8521
    endloop
  endfacet
  facet normal 0 1 0
    outer loop
      vertex 44.5927 36.9901 3.77563
      vertex 30.4073 36.9901 3.77563
      vertex 30.8082 36.9901 3.8521
    endloop
  endfacet
  facet normal 0 1 0
    outer loop
      vertex 45 36.9901 3.75
      vertex 30.4073 36.9901 3.77563
      vertex 44.5927 36.9901 3.77563
    endloop
  endfacet
  facet normal 0 1 0
    outer loop
      vertex 30.4073 36.9901 3.77563
      vertex 45 36.9901 3.75
      vertex 30 36.9901 3.75
    endloop
  endfacet
  facet normal 0 1 0
    outer loop
      vertex 45.4073 36.9901 10.2244
      vertex 77.3139 36.9901 14
      vertex 59.5927 36.9901 10.2244
    endloop
  endfacet
  facet normal 0 1 0
    outer loop
      vertex 77.3139 36.9901 14
      vertex 45.4073 36.9901 10.2244
      vertex 45 36.9901 10.25
    endloop
  endfacet
  facet normal 0 1 -0
    outer loop
      vertex 59.1918 36.9901 10.1479
      vertex 45.4073 36.9901 10.2244
      vertex 59.5927 36.9901 10.2244
    endloop
  endfacet
  facet normal 0 1 0
    outer loop
      vertex 59.1918 36.9901 10.1479
      vertex 45.8082 36.9901 10.1479
      vertex 45.4073 36.9901 10.2244
    endloop
  endfacet
  facet normal 0 1 -0
    outer loop
      vertex 58.8036 36.9901 10.0218
      vertex 45.8082 36.9901 10.1479
      vertex 59.1918 36.9901 10.1479
    endloop
  endfacet
  facet normal 0 1 0
    outer loop
      vertex 58.8036 36.9901 10.0218
      vertex 46.1964 36.9901 10.0218
      vertex 45.8082 36.9901 10.1479
    endloop
  endfacet
  facet normal 0 1 -0
    outer loop
      vertex 58.4343 36.9901 9.848
      vertex 46.1964 36.9901 10.0218
      vertex 58.8036 36.9901 10.0218
    endloop
  endfacet
  facet normal 0 1 0
    outer loop
      vertex 58.4343 36.9901 9.848
      vertex 46.5657 36.9901 9.848
      vertex 46.1964 36.9901 10.0218
    endloop
  endfacet
  facet normal 0 1 -0
    outer loop
      vertex 58.0897 36.9901 9.6293
      vertex 46.5657 36.9901 9.848
      vertex 58.4343 36.9901 9.848
    endloop
  endfacet
  facet normal 0 1 0
    outer loop
      vertex 58.0897 36.9901 9.6293
      vertex 46.9103 36.9901 9.6293
      vertex 46.5657 36.9901 9.848
    endloop
  endfacet
  facet normal 0 1 -0
    outer loop
      vertex 57.7752 36.9901 9.36915
      vertex 46.9103 36.9901 9.6293
      vertex 58.0897 36.9901 9.6293
    endloop
  endfacet
  facet normal 0 1 0
    outer loop
      vertex 57.7752 36.9901 9.36915
      vertex 47.2248 36.9901 9.36915
      vertex 46.9103 36.9901 9.6293
    endloop
  endfacet
  facet normal 0 1 -0
    outer loop
      vertex 57.4958 36.9901 9.07163
      vertex 47.2248 36.9901 9.36915
      vertex 57.7752 36.9901 9.36915
    endloop
  endfacet
  facet normal 0 1 0
    outer loop
      vertex 57.4958 36.9901 9.07163
      vertex 47.5042 36.9901 9.07163
      vertex 47.2248 36.9901 9.36915
    endloop
  endfacet
  facet normal 0 1 -0
    outer loop
      vertex 57.2559 36.9901 8.74144
      vertex 47.5042 36.9901 9.07163
      vertex 57.4958 36.9901 9.07163
    endloop
  endfacet
  facet normal 0 1 0
    outer loop
      vertex 57.2559 36.9901 8.74144
      vertex 47.7441 36.9901 8.74144
      vertex 47.5042 36.9901 9.07163
    endloop
  endfacet
  facet normal 0 1 -0
    outer loop
      vertex 57.0593 36.9901 8.38378
      vertex 47.7441 36.9901 8.74144
      vertex 57.2559 36.9901 8.74144
    endloop
  endfacet
  facet normal 0 1 0
    outer loop
      vertex 57.0593 36.9901 8.38378
      vertex 47.9407 36.9901 8.38378
      vertex 47.7441 36.9901 8.74144
    endloop
  endfacet
  facet normal 0 1 -0
    outer loop
      vertex 56.9091 36.9901 8.0043
      vertex 47.9407 36.9901 8.38378
      vertex 57.0593 36.9901 8.38378
    endloop
  endfacet
  facet normal 0 1 0
    outer loop
      vertex 56.9091 36.9901 8.0043
      vertex 48.0909 36.9901 8.0043
      vertex 47.9407 36.9901 8.38378
    endloop
  endfacet
  facet normal 0 1 -0
    outer loop
      vertex 56.8076 36.9901 7.60899
      vertex 48.0909 36.9901 8.0043
      vertex 56.9091 36.9901 8.0043
    endloop
  endfacet
  facet normal 0 1 0
    outer loop
      vertex 56.8076 36.9901 7.60899
      vertex 48.1924 36.9901 7.60899
      vertex 48.0909 36.9901 8.0043
    endloop
  endfacet
  facet normal 0 1 -0
    outer loop
      vertex 56.7564 36.9901 7.20407
      vertex 48.1924 36.9901 7.60899
      vertex 56.8076 36.9901 7.60899
    endloop
  endfacet
  facet normal 0 1 0
    outer loop
      vertex 56.7564 36.9901 7.20407
      vertex 48.2436 36.9901 7.20407
      vertex 48.1924 36.9901 7.60899
    endloop
  endfacet
  facet normal 0 1 -0
    outer loop
      vertex 56.7564 36.9901 6.79593
      vertex 48.2436 36.9901 7.20407
      vertex 56.7564 36.9901 7.20407
    endloop
  endfacet
  facet normal 0 1 0
    outer loop
      vertex 56.7564 36.9901 6.79593
      vertex 48.2436 36.9901 6.79593
      vertex 48.2436 36.9901 7.20407
    endloop
  endfacet
  facet normal 0 1 0
    outer loop
      vertex 56.8076 36.9901 6.39101
      vertex 48.2436 36.9901 6.79593
      vertex 56.7564 36.9901 6.79593
    endloop
  endfacet
  facet normal 0 1 0
    outer loop
      vertex 56.8076 36.9901 6.39101
      vertex 48.1924 36.9901 6.39101
      vertex 48.2436 36.9901 6.79593
    endloop
  endfacet
  facet normal 0 1 0
    outer loop
      vertex 56.9091 36.9901 5.99569
      vertex 48.1924 36.9901 6.39101
      vertex 56.8076 36.9901 6.39101
    endloop
  endfacet
  facet normal 0 1 0
    outer loop
      vertex 56.9091 36.9901 5.99569
      vertex 48.0909 36.9901 5.99569
      vertex 48.1924 36.9901 6.39101
    endloop
  endfacet
  facet normal 0 1 0
    outer loop
      vertex 57.0593 36.9901 5.61622
      vertex 48.0909 36.9901 5.99569
      vertex 56.9091 36.9901 5.99569
    endloop
  endfacet
  facet normal 0 1 0
    outer loop
      vertex 57.0593 36.9901 5.61622
      vertex 47.9407 36.9901 5.61622
      vertex 48.0909 36.9901 5.99569
    endloop
  endfacet
  facet normal 0 1 0
    outer loop
      vertex 57.2559 36.9901 5.25856
      vertex 47.9407 36.9901 5.61622
      vertex 57.0593 36.9901 5.61622
    endloop
  endfacet
  facet normal 0 1 0
    outer loop
      vertex 57.2559 36.9901 5.25856
      vertex 47.7441 36.9901 5.25856
      vertex 47.9407 36.9901 5.61622
    endloop
  endfacet
  facet normal 0 1 0
    outer loop
      vertex 57.4958 36.9901 4.92837
      vertex 47.7441 36.9901 5.25856
      vertex 57.2559 36.9901 5.25856
    endloop
  endfacet
  facet normal 0 1 0
    outer loop
      vertex 57.4958 36.9901 4.92837
      vertex 47.5042 36.9901 4.92837
      vertex 47.7441 36.9901 5.25856
    endloop
  endfacet
  facet normal 0 1 0
    outer loop
      vertex 57.7752 36.9901 4.63085
      vertex 47.5042 36.9901 4.92837
      vertex 57.4958 36.9901 4.92837
    endloop
  endfacet
  facet normal 0 1 0
    outer loop
      vertex 57.7752 36.9901 4.63085
      vertex 47.2248 36.9901 4.63085
      vertex 47.5042 36.9901 4.92837
    endloop
  endfacet
  facet normal 0 1 0
    outer loop
      vertex 58.0897 36.9901 4.37069
      vertex 47.2248 36.9901 4.63085
      vertex 57.7752 36.9901 4.63085
    endloop
  endfacet
  facet normal 0 1 0
    outer loop
      vertex 58.0897 36.9901 4.37069
      vertex 46.9103 36.9901 4.37069
      vertex 47.2248 36.9901 4.63085
    endloop
  endfacet
  facet normal 0 1 0
    outer loop
      vertex 58.4343 36.9901 4.152
      vertex 46.9103 36.9901 4.37069
      vertex 58.0897 36.9901 4.37069
    endloop
  endfacet
  facet normal 0 1 0
    outer loop
      vertex 58.4343 36.9901 4.152
      vertex 46.5657 36.9901 4.152
      vertex 46.9103 36.9901 4.37069
    endloop
  endfacet
  facet normal 0 1 0
    outer loop
      vertex 58.8036 36.9901 3.97823
      vertex 46.5657 36.9901 4.152
      vertex 58.4343 36.9901 4.152
    endloop
  endfacet
  facet normal 0 1 0
    outer loop
      vertex 58.8036 36.9901 3.97823
      vertex 46.1964 36.9901 3.97823
      vertex 46.5657 36.9901 4.152
    endloop
  endfacet
  facet normal 0 1 0
    outer loop
      vertex 59.1918 36.9901 3.8521
      vertex 46.1964 36.9901 3.97823
      vertex 58.8036 36.9901 3.97823
    endloop
  endfacet
  facet normal 0 1 0
    outer loop
      vertex 59.1918 36.9901 3.8521
      vertex 45.8082 36.9901 3.8521
      vertex 46.1964 36.9901 3.97823
    endloop
  endfacet
  facet normal 0 1 0
    outer loop
      vertex 59.5927 36.9901 3.77563
      vertex 45.8082 36.9901 3.8521
      vertex 59.1918 36.9901 3.8521
    endloop
  endfacet
  facet normal 0 1 0
    outer loop
      vertex 59.5927 36.9901 3.77563
      vertex 45.4073 36.9901 3.77563
      vertex 45.8082 36.9901 3.8521
    endloop
  endfacet
  facet normal 0 1 0
    outer loop
      vertex 60 36.9901 3.75
      vertex 45.4073 36.9901 3.77563
      vertex 59.5927 36.9901 3.77563
    endloop
  endfacet
  facet normal 0 1 0
    outer loop
      vertex 45.4073 36.9901 3.77563
      vertex 60 36.9901 3.75
      vertex 45 36.9901 3.75
    endloop
  endfacet
  facet normal 0 1 0
    outer loop
      vertex 74.1918 36.9901 10.1479
      vertex 77.3139 36.9901 14
      vertex 74.5927 36.9901 10.2244
    endloop
  endfacet
  facet normal 0 1 0
    outer loop
      vertex 77.3139 36.9901 14
      vertex 60.4073 36.9901 10.2244
      vertex 60 36.9901 10.25
    endloop
  endfacet
  facet normal 0 1 0
    outer loop
      vertex 73.8036 36.9901 10.0218
      vertex 77.3139 36.9901 14
      vertex 74.1918 36.9901 10.1479
    endloop
  endfacet
  facet normal 0 1 0
    outer loop
      vertex 77.3139 36.9901 14
      vertex 60.8082 36.9901 10.1479
      vertex 60.4073 36.9901 10.2244
    endloop
  endfacet
  facet normal 0 1 0
    outer loop
      vertex 73.4343 36.9901 9.848
      vertex 77.3139 36.9901 14
      vertex 73.8036 36.9901 10.0218
    endloop
  endfacet
  facet normal 0 1 0
    outer loop
      vertex 77.3139 36.9901 14
      vertex 61.1964 36.9901 10.0218
      vertex 60.8082 36.9901 10.1479
    endloop
  endfacet
  facet normal 0 1 0
    outer loop
      vertex 61.5657 36.9901 9.848
      vertex 77.3139 36.9901 14
      vertex 73.4343 36.9901 9.848
    endloop
  endfacet
  facet normal 0 1 0
    outer loop
      vertex 77.3139 36.9901 14
      vertex 61.5657 36.9901 9.848
      vertex 61.1964 36.9901 10.0218
    endloop
  endfacet
  facet normal 0 1 -0
    outer loop
      vertex 73.0897 36.9901 9.6293
      vertex 61.5657 36.9901 9.848
      vertex 73.4343 36.9901 9.848
    endloop
  endfacet
  facet normal 0 1 0
    outer loop
      vertex 73.0897 36.9901 9.6293
      vertex 61.9103 36.9901 9.6293
      vertex 61.5657 36.9901 9.848
    endloop
  endfacet
  facet normal 0 1 -0
    outer loop
      vertex 72.7752 36.9901 9.36915
      vertex 61.9103 36.9901 9.6293
      vertex 73.0897 36.9901 9.6293
    endloop
  endfacet
  facet normal 0 1 0
    outer loop
      vertex 72.7752 36.9901 9.36915
      vertex 62.2248 36.9901 9.36915
      vertex 61.9103 36.9901 9.6293
    endloop
  endfacet
  facet normal 0 1 -0
    outer loop
      vertex 72.4958 36.9901 9.07163
      vertex 62.2248 36.9901 9.36915
      vertex 72.7752 36.9901 9.36915
    endloop
  endfacet
  facet normal 0 1 0
    outer loop
      vertex 72.4958 36.9901 9.07163
      vertex 62.5042 36.9901 9.07163
      vertex 62.2248 36.9901 9.36915
    endloop
  endfacet
  facet normal 0 1 -0
    outer loop
      vertex 72.2559 36.9901 8.74144
      vertex 62.5042 36.9901 9.07163
      vertex 72.4958 36.9901 9.07163
    endloop
  endfacet
  facet normal 0 1 0
    outer loop
      vertex 72.2559 36.9901 8.74144
      vertex 62.7441 36.9901 8.74144
      vertex 62.5042 36.9901 9.07163
    endloop
  endfacet
  facet normal 0 1 -0
    outer loop
      vertex 72.0593 36.9901 8.38378
      vertex 62.7441 36.9901 8.74144
      vertex 72.2559 36.9901 8.74144
    endloop
  endfacet
  facet normal 0 1 0
    outer loop
      vertex 72.0593 36.9901 8.38378
      vertex 62.9407 36.9901 8.38378
      vertex 62.7441 36.9901 8.74144
    endloop
  endfacet
  facet normal 0 1 -0
    outer loop
      vertex 71.9091 36.9901 8.0043
      vertex 62.9407 36.9901 8.38378
      vertex 72.0593 36.9901 8.38378
    endloop
  endfacet
  facet normal 0 1 0
    outer loop
      vertex 71.9091 36.9901 8.0043
      vertex 63.0909 36.9901 8.0043
      vertex 62.9407 36.9901 8.38378
    endloop
  endfacet
  facet normal 0 1 -0
    outer loop
      vertex 71.8076 36.9901 7.60899
      vertex 63.0909 36.9901 8.0043
      vertex 71.9091 36.9901 8.0043
    endloop
  endfacet
  facet normal 0 1 0
    outer loop
      vertex 71.8076 36.9901 7.60899
      vertex 63.1924 36.9901 7.60899
      vertex 63.0909 36.9901 8.0043
    endloop
  endfacet
  facet normal 0 1 -0
    outer loop
      vertex 71.7564 36.9901 7.20407
      vertex 63.1924 36.9901 7.60899
      vertex 71.8076 36.9901 7.60899
    endloop
  endfacet
  facet normal 0 1 0
    outer loop
      vertex 71.7564 36.9901 7.20407
      vertex 63.2436 36.9901 7.20407
      vertex 63.1924 36.9901 7.60899
    endloop
  endfacet
  facet normal 0 1 -0
    outer loop
      vertex 71.7564 36.9901 6.79593
      vertex 63.2436 36.9901 7.20407
      vertex 71.7564 36.9901 7.20407
    endloop
  endfacet
  facet normal 0 1 0
    outer loop
      vertex 71.7564 36.9901 6.79593
      vertex 63.2436 36.9901 6.79593
      vertex 63.2436 36.9901 7.20407
    endloop
  endfacet
  facet normal 0 1 0
    outer loop
      vertex 71.8076 36.9901 6.39101
      vertex 63.2436 36.9901 6.79593
      vertex 71.7564 36.9901 6.79593
    endloop
  endfacet
  facet normal 0 1 0
    outer loop
      vertex 71.8076 36.9901 6.39101
      vertex 63.1924 36.9901 6.39101
      vertex 63.2436 36.9901 6.79593
    endloop
  endfacet
  facet normal 0 1 0
    outer loop
      vertex 71.9091 36.9901 5.99569
      vertex 63.1924 36.9901 6.39101
      vertex 71.8076 36.9901 6.39101
    endloop
  endfacet
  facet normal 0 1 0
    outer loop
      vertex 71.9091 36.9901 5.99569
      vertex 63.0909 36.9901 5.99569
      vertex 63.1924 36.9901 6.39101
    endloop
  endfacet
  facet normal 0 1 0
    outer loop
      vertex 72.0593 36.9901 5.61622
      vertex 63.0909 36.9901 5.99569
      vertex 71.9091 36.9901 5.99569
    endloop
  endfacet
  facet normal 0 1 0
    outer loop
      vertex 72.0593 36.9901 5.61622
      vertex 62.9407 36.9901 5.61622
      vertex 63.0909 36.9901 5.99569
    endloop
  endfacet
  facet normal 0 1 0
    outer loop
      vertex 72.2559 36.9901 5.25856
      vertex 62.9407 36.9901 5.61622
      vertex 72.0593 36.9901 5.61622
    endloop
  endfacet
  facet normal 0 1 0
    outer loop
      vertex 72.2559 36.9901 5.25856
      vertex 62.7441 36.9901 5.25856
      vertex 62.9407 36.9901 5.61622
    endloop
  endfacet
  facet normal 0 1 0
    outer loop
      vertex 72.4958 36.9901 4.92837
      vertex 62.7441 36.9901 5.25856
      vertex 72.2559 36.9901 5.25856
    endloop
  endfacet
  facet normal 0 1 0
    outer loop
      vertex 72.4958 36.9901 4.92837
      vertex 62.5042 36.9901 4.92837
      vertex 62.7441 36.9901 5.25856
    endloop
  endfacet
  facet normal 0 1 0
    outer loop
      vertex 72.7752 36.9901 4.63085
      vertex 62.5042 36.9901 4.92837
      vertex 72.4958 36.9901 4.92837
    endloop
  endfacet
  facet normal 0 1 0
    outer loop
      vertex 72.7752 36.9901 4.63085
      vertex 62.2248 36.9901 4.63085
      vertex 62.5042 36.9901 4.92837
    endloop
  endfacet
  facet normal 0 1 0
    outer loop
      vertex 73.0897 36.9901 4.37069
      vertex 62.2248 36.9901 4.63085
      vertex 72.7752 36.9901 4.63085
    endloop
  endfacet
  facet normal 0 1 0
    outer loop
      vertex 73.0897 36.9901 4.37069
      vertex 61.9103 36.9901 4.37069
      vertex 62.2248 36.9901 4.63085
    endloop
  endfacet
  facet normal 0 1 0
    outer loop
      vertex 73.4343 36.9901 4.152
      vertex 61.9103 36.9901 4.37069
      vertex 73.0897 36.9901 4.37069
    endloop
  endfacet
  facet normal 0 1 0
    outer loop
      vertex 73.4343 36.9901 4.152
      vertex 61.5657 36.9901 4.152
      vertex 61.9103 36.9901 4.37069
    endloop
  endfacet
  facet normal 0 1 0
    outer loop
      vertex 77.3139 36.9901 0
      vertex 73.4343 36.9901 4.152
      vertex 73.8036 36.9901 3.97823
    endloop
  endfacet
  facet normal 0 1 0
    outer loop
      vertex 73.4343 36.9901 4.152
      vertex 77.3139 36.9901 0
      vertex 61.5657 36.9901 4.152
    endloop
  endfacet
  facet normal 0 1 0
    outer loop
      vertex 77.3139 36.9901 0
      vertex 73.8036 36.9901 3.97823
      vertex 74.1918 36.9901 3.8521
    endloop
  endfacet
  facet normal 0 1 0
    outer loop
      vertex 61.5657 36.9901 4.152
      vertex 77.3139 36.9901 0
      vertex 61.1964 36.9901 3.97823
    endloop
  endfacet
  facet normal 0 1 0
    outer loop
      vertex 77.3139 36.9901 0
      vertex 74.1918 36.9901 3.8521
      vertex 74.5927 36.9901 3.77563
    endloop
  endfacet
  facet normal 0 1 0
    outer loop
      vertex 61.1964 36.9901 3.97823
      vertex 77.3139 36.9901 0
      vertex 60.8082 36.9901 3.8521
    endloop
  endfacet
  facet normal 0 1 0
    outer loop
      vertex 77.3139 36.9901 0
      vertex 74.5927 36.9901 3.77563
      vertex 75 36.9901 3.75
    endloop
  endfacet
  facet normal 0 1 0
    outer loop
      vertex 60.8082 36.9901 3.8521
      vertex 77.3139 36.9901 0
      vertex 60.4073 36.9901 3.77563
    endloop
  endfacet
  facet normal 0 1 0
    outer loop
      vertex 74.5927 36.9901 10.2244
      vertex 77.3139 36.9901 14
      vertex 75 36.9901 10.25
    endloop
  endfacet
  facet normal 0 1 0
    outer loop
      vertex 77.3139 36.9901 14
      vertex 75.4073 36.9901 10.2244
      vertex 75 36.9901 10.25
    endloop
  endfacet
  facet normal 0 1 0
    outer loop
      vertex 77.3139 36.9901 14
      vertex 75.8082 36.9901 10.1479
      vertex 75.4073 36.9901 10.2244
    endloop
  endfacet
  facet normal 0 1 0
    outer loop
      vertex 77.3139 36.9901 14
      vertex 76.1964 36.9901 10.0218
      vertex 75.8082 36.9901 10.1479
    endloop
  endfacet
  facet normal 0 1 0
    outer loop
      vertex 77.3139 36.9901 14
      vertex 76.5657 36.9901 9.848
      vertex 76.1964 36.9901 10.0218
    endloop
  endfacet
  facet normal 0 1 0
    outer loop
      vertex 77.3139 36.9901 14
      vertex 76.9103 36.9901 9.6293
      vertex 76.5657 36.9901 9.848
    endloop
  endfacet
  facet normal 0 1 0
    outer loop
      vertex 77.3139 36.9901 14
      vertex 77.2248 36.9901 9.36915
      vertex 76.9103 36.9901 9.6293
    endloop
  endfacet
  facet normal -0 1 0
    outer loop
      vertex 77.2248 36.9901 9.36915
      vertex 77.3139 36.9901 14
      vertex 77.3139 36.9901 9.27419
    endloop
  endfacet
  facet normal 0 1 0
    outer loop
      vertex 59.5927 36.9901 10.2244
      vertex 77.3139 36.9901 14
      vertex 60 36.9901 10.25
    endloop
  endfacet
  facet normal 0 1 0
    outer loop
      vertex 30 36.9901 10.25
      vertex 77.3139 36.9901 14
      vertex 45 36.9901 10.25
    endloop
  endfacet
  facet normal 0 1 0
    outer loop
      vertex 15 36.9901 10.25
      vertex 77.3139 36.9901 14
      vertex 30 36.9901 10.25
    endloop
  endfacet
  facet normal 0 1 0
    outer loop
      vertex 0 36.9901 10.25
      vertex 77.3139 36.9901 14
      vertex 15 36.9901 10.25
    endloop
  endfacet
  facet normal 0 1 0
    outer loop
      vertex 77.3139 36.9901 14
      vertex 0 36.9901 10.25
      vertex -77.3139 36.9901 14
    endloop
  endfacet
  facet normal 0 1 -0
    outer loop
      vertex -15 36.9901 10.25
      vertex -77.3139 36.9901 14
      vertex 0 36.9901 10.25
    endloop
  endfacet
  facet normal 0 1 -0
    outer loop
      vertex -30 36.9901 10.25
      vertex -77.3139 36.9901 14
      vertex -15 36.9901 10.25
    endloop
  endfacet
  facet normal 0 1 -0
    outer loop
      vertex -45 36.9901 10.25
      vertex -77.3139 36.9901 14
      vertex -30 36.9901 10.25
    endloop
  endfacet
  facet normal 0 1 -0
    outer loop
      vertex -45.4073 36.9901 10.2244
      vertex -77.3139 36.9901 14
      vertex -45 36.9901 10.25
    endloop
  endfacet
  facet normal 0 1 -0
    outer loop
      vertex -60.4073 36.9901 10.2244
      vertex -77.3139 36.9901 14
      vertex -60 36.9901 10.25
    endloop
  endfacet
  facet normal 0 1 -0
    outer loop
      vertex -60.8082 36.9901 10.1479
      vertex -77.3139 36.9901 14
      vertex -60.4073 36.9901 10.2244
    endloop
  endfacet
  facet normal 0 1 -0
    outer loop
      vertex -61.1964 36.9901 10.0218
      vertex -77.3139 36.9901 14
      vertex -60.8082 36.9901 10.1479
    endloop
  endfacet
  facet normal 0 1 -0
    outer loop
      vertex -61.5657 36.9901 9.848
      vertex -77.3139 36.9901 14
      vertex -61.1964 36.9901 10.0218
    endloop
  endfacet
  facet normal 0 1 -0
    outer loop
      vertex -61.9103 36.9901 9.6293
      vertex -77.3139 36.9901 14
      vertex -61.5657 36.9901 9.848
    endloop
  endfacet
  facet normal 0 1 -0
    outer loop
      vertex -62.2248 36.9901 9.36915
      vertex -77.3139 36.9901 14
      vertex -61.9103 36.9901 9.6293
    endloop
  endfacet
  facet normal 0 1 -0
    outer loop
      vertex -62.5042 36.9901 9.07163
      vertex -77.3139 36.9901 14
      vertex -62.2248 36.9901 9.36915
    endloop
  endfacet
  facet normal 0 1 -0
    outer loop
      vertex -62.7441 36.9901 8.74144
      vertex -77.3139 36.9901 14
      vertex -62.5042 36.9901 9.07163
    endloop
  endfacet
  facet normal 0 1 -0
    outer loop
      vertex -62.9407 36.9901 8.38378
      vertex -77.3139 36.9901 14
      vertex -62.7441 36.9901 8.74144
    endloop
  endfacet
  facet normal 0 1 -0
    outer loop
      vertex -63.0909 36.9901 8.0043
      vertex -77.3139 36.9901 14
      vertex -62.9407 36.9901 8.38378
    endloop
  endfacet
  facet normal 0 1 -0
    outer loop
      vertex -63.1924 36.9901 7.60899
      vertex -77.3139 36.9901 14
      vertex -63.0909 36.9901 8.0043
    endloop
  endfacet
  facet normal 0 1 -0
    outer loop
      vertex -63.2436 36.9901 7.20407
      vertex -77.3139 36.9901 14
      vertex -63.1924 36.9901 7.60899
    endloop
  endfacet
  facet normal 0 1 -0
    outer loop
      vertex -63.2436 36.9901 6.79593
      vertex -77.3139 36.9901 14
      vertex -63.2436 36.9901 7.20407
    endloop
  endfacet
  facet normal 0 1 0
    outer loop
      vertex -77.3139 36.9901 0
      vertex -63.2436 36.9901 6.79593
      vertex -63.1924 36.9901 6.39101
    endloop
  endfacet
  facet normal 0 1 0
    outer loop
      vertex -77.3139 36.9901 0
      vertex -63.1924 36.9901 6.39101
      vertex -63.0909 36.9901 5.99569
    endloop
  endfacet
  facet normal 0 1 0
    outer loop
      vertex -77.3139 36.9901 0
      vertex -63.0909 36.9901 5.99569
      vertex -62.9407 36.9901 5.61622
    endloop
  endfacet
  facet normal 0 1 0
    outer loop
      vertex -77.3139 36.9901 0
      vertex -62.9407 36.9901 5.61622
      vertex -62.7441 36.9901 5.25856
    endloop
  endfacet
  facet normal 0 1 0
    outer loop
      vertex -77.3139 36.9901 0
      vertex -62.7441 36.9901 5.25856
      vertex -62.5042 36.9901 4.92837
    endloop
  endfacet
  facet normal 0 1 0
    outer loop
      vertex -77.3139 36.9901 0
      vertex -62.5042 36.9901 4.92837
      vertex -62.2248 36.9901 4.63085
    endloop
  endfacet
  facet normal 0 1 0
    outer loop
      vertex -77.3139 36.9901 0
      vertex -62.2248 36.9901 4.63085
      vertex -61.9103 36.9901 4.37069
    endloop
  endfacet
  facet normal 0 1 0
    outer loop
      vertex -77.3139 36.9901 0
      vertex -61.9103 36.9901 4.37069
      vertex -61.5657 36.9901 4.152
    endloop
  endfacet
  facet normal 0 1 0
    outer loop
      vertex -63.2436 36.9901 6.79593
      vertex -77.3139 36.9901 0
      vertex -77.3139 36.9901 14
    endloop
  endfacet
  facet normal 0 1 0
    outer loop
      vertex -61.1964 36.9901 3.97823
      vertex -77.3139 36.9901 0
      vertex -61.5657 36.9901 4.152
    endloop
  endfacet
  facet normal 0 1 0
    outer loop
      vertex -60.8082 36.9901 3.8521
      vertex -77.3139 36.9901 0
      vertex -61.1964 36.9901 3.97823
    endloop
  endfacet
  facet normal 0 1 0
    outer loop
      vertex -60.4073 36.9901 3.77563
      vertex -77.3139 36.9901 0
      vertex -60.8082 36.9901 3.8521
    endloop
  endfacet
  facet normal 0 1 0
    outer loop
      vertex -60 36.9901 3.75
      vertex -77.3139 36.9901 0
      vertex -60.4073 36.9901 3.77563
    endloop
  endfacet
  facet normal 0 1 0
    outer loop
      vertex -45 36.9901 3.75
      vertex -77.3139 36.9901 0
      vertex -60 36.9901 3.75
    endloop
  endfacet
  facet normal 0 -1 0
    outer loop
      vertex 76.3462 23.0099 9.9513
      vertex 77.3139 23.0099 14
      vertex 76.3462 23.0099 14
    endloop
  endfacet
  facet normal 0 -1 0
    outer loop
      vertex 76.5657 23.0099 9.848
      vertex 77.3139 23.0099 14
      vertex 76.3462 23.0099 9.9513
    endloop
  endfacet
  facet normal 0 -1 0
    outer loop
      vertex 76.9103 23.0099 9.6293
      vertex 77.3139 23.0099 14
      vertex 76.5657 23.0099 9.848
    endloop
  endfacet
  facet normal 0 -1 0
    outer loop
      vertex 77.2248 23.0099 9.36915
      vertex 77.3139 23.0099 14
      vertex 76.9103 23.0099 9.6293
    endloop
  endfacet
  facet normal 0 -1 -0
    outer loop
      vertex 77.3139 23.0099 14
      vertex 77.2248 23.0099 9.36915
      vertex 77.3139 23.0099 9.27419
    endloop
  endfacet
  facet normal 0 -1 0
    outer loop
      vertex 77.3139 23.0099 0
      vertex 76.3462 23.0099 4.0487
      vertex 76.3462 23.0099 0
    endloop
  endfacet
  facet normal 0 -1 0
    outer loop
      vertex 76.3462 23.0099 4.0487
      vertex 77.3139 23.0099 0
      vertex 76.5657 23.0099 4.152
    endloop
  endfacet
  facet normal 0 -1 0
    outer loop
      vertex 76.5657 23.0099 4.152
      vertex 77.3139 23.0099 0
      vertex 76.9103 23.0099 4.37069
    endloop
  endfacet
  facet normal 0 -1 0
    outer loop
      vertex 76.9103 23.0099 4.37069
      vertex 77.3139 23.0099 0
      vertex 77.2248 23.0099 4.63085
    endloop
  endfacet
  facet normal 0 -1 0
    outer loop
      vertex 77.2248 23.0099 4.63085
      vertex 77.3139 23.0099 0
      vertex 77.3139 23.0099 4.72581
    endloop
  endfacet
  facet normal 0 -1 0
    outer loop
      vertex 15.8082 23.0099 10.1479
      vertex 38.7032 23.0099 14
      vertex 15.4073 23.0099 10.2244
    endloop
  endfacet
  facet normal 0 -1 0
    outer loop
      vertex 38.7032 23.0099 14
      vertex 29.5927 23.0099 10.2244
      vertex 30 23.0099 10.25
    endloop
  endfacet
  facet normal 0 -1 0
    outer loop
      vertex 29.1918 23.0099 10.1479
      vertex 38.7032 23.0099 14
      vertex 15.8082 23.0099 10.1479
    endloop
  endfacet
  facet normal 0 -1 0
    outer loop
      vertex 38.7032 23.0099 14
      vertex 29.1918 23.0099 10.1479
      vertex 29.5927 23.0099 10.2244
    endloop
  endfacet
  facet normal 0 -1 0
    outer loop
      vertex 16.1964 23.0099 10.0218
      vertex 29.1918 23.0099 10.1479
      vertex 15.8082 23.0099 10.1479
    endloop
  endfacet
  facet normal 0 -1 0
    outer loop
      vertex 16.1964 23.0099 10.0218
      vertex 28.8036 23.0099 10.0218
      vertex 29.1918 23.0099 10.1479
    endloop
  endfacet
  facet normal 0 -1 0
    outer loop
      vertex 16.5657 23.0099 9.848
      vertex 28.8036 23.0099 10.0218
      vertex 16.1964 23.0099 10.0218
    endloop
  endfacet
  facet normal 0 -1 0
    outer loop
      vertex 16.5657 23.0099 9.848
      vertex 28.4343 23.0099 9.848
      vertex 28.8036 23.0099 10.0218
    endloop
  endfacet
  facet normal 0 -1 0
    outer loop
      vertex 16.9103 23.0099 9.6293
      vertex 28.4343 23.0099 9.848
      vertex 16.5657 23.0099 9.848
    endloop
  endfacet
  facet normal 0 -1 0
    outer loop
      vertex 16.9103 23.0099 9.6293
      vertex 28.0897 23.0099 9.6293
      vertex 28.4343 23.0099 9.848
    endloop
  endfacet
  facet normal 0 -1 0
    outer loop
      vertex 17.2248 23.0099 9.36915
      vertex 28.0897 23.0099 9.6293
      vertex 16.9103 23.0099 9.6293
    endloop
  endfacet
  facet normal 0 -1 0
    outer loop
      vertex 17.2248 23.0099 9.36915
      vertex 27.7752 23.0099 9.36915
      vertex 28.0897 23.0099 9.6293
    endloop
  endfacet
  facet normal 0 -1 0
    outer loop
      vertex 17.5042 23.0099 9.07163
      vertex 27.7752 23.0099 9.36915
      vertex 17.2248 23.0099 9.36915
    endloop
  endfacet
  facet normal 0 -1 0
    outer loop
      vertex 17.5042 23.0099 9.07163
      vertex 27.4958 23.0099 9.07163
      vertex 27.7752 23.0099 9.36915
    endloop
  endfacet
  facet normal 0 -1 0
    outer loop
      vertex 17.7441 23.0099 8.74144
      vertex 27.4958 23.0099 9.07163
      vertex 17.5042 23.0099 9.07163
    endloop
  endfacet
  facet normal 0 -1 0
    outer loop
      vertex 17.7441 23.0099 8.74144
      vertex 27.2559 23.0099 8.74144
      vertex 27.4958 23.0099 9.07163
    endloop
  endfacet
  facet normal 0 -1 0
    outer loop
      vertex 17.9407 23.0099 8.38378
      vertex 27.2559 23.0099 8.74144
      vertex 17.7441 23.0099 8.74144
    endloop
  endfacet
  facet normal 0 -1 0
    outer loop
      vertex 17.9407 23.0099 8.38378
      vertex 27.0593 23.0099 8.38378
      vertex 27.2559 23.0099 8.74144
    endloop
  endfacet
  facet normal 0 -1 0
    outer loop
      vertex 18.0909 23.0099 8.0043
      vertex 27.0593 23.0099 8.38378
      vertex 17.9407 23.0099 8.38378
    endloop
  endfacet
  facet normal 0 -1 0
    outer loop
      vertex 18.0909 23.0099 8.0043
      vertex 26.9091 23.0099 8.0043
      vertex 27.0593 23.0099 8.38378
    endloop
  endfacet
  facet normal 0 -1 0
    outer loop
      vertex 18.1924 23.0099 7.60899
      vertex 26.9091 23.0099 8.0043
      vertex 18.0909 23.0099 8.0043
    endloop
  endfacet
  facet normal 0 -1 0
    outer loop
      vertex 18.1924 23.0099 7.60899
      vertex 26.8076 23.0099 7.60899
      vertex 26.9091 23.0099 8.0043
    endloop
  endfacet
  facet normal 0 -1 0
    outer loop
      vertex 18.2436 23.0099 7.20407
      vertex 26.8076 23.0099 7.60899
      vertex 18.1924 23.0099 7.60899
    endloop
  endfacet
  facet normal 0 -1 0
    outer loop
      vertex 18.2436 23.0099 7.20407
      vertex 26.7564 23.0099 7.20407
      vertex 26.8076 23.0099 7.60899
    endloop
  endfacet
  facet normal 0 -1 0
    outer loop
      vertex 18.2436 23.0099 6.79593
      vertex 26.7564 23.0099 7.20407
      vertex 18.2436 23.0099 7.20407
    endloop
  endfacet
  facet normal 0 -1 0
    outer loop
      vertex 18.2436 23.0099 6.79593
      vertex 26.7564 23.0099 6.79593
      vertex 26.7564 23.0099 7.20407
    endloop
  endfacet
  facet normal 0 -1 0
    outer loop
      vertex 18.1924 23.0099 6.39101
      vertex 26.7564 23.0099 6.79593
      vertex 18.2436 23.0099 6.79593
    endloop
  endfacet
  facet normal 0 -1 0
    outer loop
      vertex 18.1924 23.0099 6.39101
      vertex 26.8076 23.0099 6.39101
      vertex 26.7564 23.0099 6.79593
    endloop
  endfacet
  facet normal 0 -1 0
    outer loop
      vertex 18.0909 23.0099 5.99569
      vertex 26.8076 23.0099 6.39101
      vertex 18.1924 23.0099 6.39101
    endloop
  endfacet
  facet normal 0 -1 0
    outer loop
      vertex 18.0909 23.0099 5.99569
      vertex 26.9091 23.0099 5.99569
      vertex 26.8076 23.0099 6.39101
    endloop
  endfacet
  facet normal 0 -1 0
    outer loop
      vertex 17.9407 23.0099 5.61622
      vertex 26.9091 23.0099 5.99569
      vertex 18.0909 23.0099 5.99569
    endloop
  endfacet
  facet normal 0 -1 0
    outer loop
      vertex 17.9407 23.0099 5.61622
      vertex 27.0593 23.0099 5.61622
      vertex 26.9091 23.0099 5.99569
    endloop
  endfacet
  facet normal 0 -1 0
    outer loop
      vertex 17.7441 23.0099 5.25856
      vertex 27.0593 23.0099 5.61622
      vertex 17.9407 23.0099 5.61622
    endloop
  endfacet
  facet normal 0 -1 0
    outer loop
      vertex 17.7441 23.0099 5.25856
      vertex 27.2559 23.0099 5.25856
      vertex 27.0593 23.0099 5.61622
    endloop
  endfacet
  facet normal 0 -1 0
    outer loop
      vertex 17.5042 23.0099 4.92837
      vertex 27.2559 23.0099 5.25856
      vertex 17.7441 23.0099 5.25856
    endloop
  endfacet
  facet normal 0 -1 0
    outer loop
      vertex 17.5042 23.0099 4.92837
      vertex 27.4958 23.0099 4.92837
      vertex 27.2559 23.0099 5.25856
    endloop
  endfacet
  facet normal 0 -1 0
    outer loop
      vertex 17.2248 23.0099 4.63085
      vertex 27.4958 23.0099 4.92837
      vertex 17.5042 23.0099 4.92837
    endloop
  endfacet
  facet normal 0 -1 0
    outer loop
      vertex 17.2248 23.0099 4.63085
      vertex 27.7752 23.0099 4.63085
      vertex 27.4958 23.0099 4.92837
    endloop
  endfacet
  facet normal 0 -1 0
    outer loop
      vertex 16.9103 23.0099 4.37069
      vertex 27.7752 23.0099 4.63085
      vertex 17.2248 23.0099 4.63085
    endloop
  endfacet
  facet normal 0 -1 0
    outer loop
      vertex 16.9103 23.0099 4.37069
      vertex 28.0897 23.0099 4.37069
      vertex 27.7752 23.0099 4.63085
    endloop
  endfacet
  facet normal 0 -1 0
    outer loop
      vertex 16.5657 23.0099 4.152
      vertex 28.0897 23.0099 4.37069
      vertex 16.9103 23.0099 4.37069
    endloop
  endfacet
  facet normal 0 -1 0
    outer loop
      vertex 16.5657 23.0099 4.152
      vertex 28.4343 23.0099 4.152
      vertex 28.0897 23.0099 4.37069
    endloop
  endfacet
  facet normal 0 -1 0
    outer loop
      vertex 16.1964 23.0099 3.97823
      vertex 28.4343 23.0099 4.152
      vertex 16.5657 23.0099 4.152
    endloop
  endfacet
  facet normal 0 -1 0
    outer loop
      vertex 16.1964 23.0099 3.97823
      vertex 28.8036 23.0099 3.97823
      vertex 28.4343 23.0099 4.152
    endloop
  endfacet
  facet normal 0 -1 0
    outer loop
      vertex 15.8082 23.0099 3.8521
      vertex 28.8036 23.0099 3.97823
      vertex 16.1964 23.0099 3.97823
    endloop
  endfacet
  facet normal 0 -1 0
    outer loop
      vertex 15.8082 23.0099 3.8521
      vertex 29.1918 23.0099 3.8521
      vertex 28.8036 23.0099 3.97823
    endloop
  endfacet
  facet normal 0 -1 0
    outer loop
      vertex 38.7032 23.0099 0
      vertex 15.8082 23.0099 3.8521
      vertex 15.4073 23.0099 3.77563
    endloop
  endfacet
  facet normal 0 -1 0
    outer loop
      vertex 15.8082 23.0099 3.8521
      vertex 38.7032 23.0099 0
      vertex 29.1918 23.0099 3.8521
    endloop
  endfacet
  facet normal 0 -1 0
    outer loop
      vertex 38.7032 23.0099 0
      vertex 15.4073 23.0099 3.77563
      vertex 15 23.0099 3.75
    endloop
  endfacet
  facet normal 0 -1 0
    outer loop
      vertex 29.1918 23.0099 3.8521
      vertex 38.7032 23.0099 0
      vertex 29.5927 23.0099 3.77563
    endloop
  endfacet
  facet normal 0 -1 0
    outer loop
      vertex 0.407332 23.0099 10.2244
      vertex 15 23.0099 10.25
      vertex 0 23.0099 10.25
    endloop
  endfacet
  facet normal 0 -1 0
    outer loop
      vertex 0.407332 23.0099 10.2244
      vertex 14.5927 23.0099 10.2244
      vertex 15 23.0099 10.25
    endloop
  endfacet
  facet normal 0 -1 0
    outer loop
      vertex 0.808242 23.0099 10.1479
      vertex 14.5927 23.0099 10.2244
      vertex 0.407332 23.0099 10.2244
    endloop
  endfacet
  facet normal 0 -1 0
    outer loop
      vertex 0.808242 23.0099 10.1479
      vertex 14.1918 23.0099 10.1479
      vertex 14.5927 23.0099 10.2244
    endloop
  endfacet
  facet normal 0 -1 0
    outer loop
      vertex 1.1964 23.0099 10.0218
      vertex 14.1918 23.0099 10.1479
      vertex 0.808242 23.0099 10.1479
    endloop
  endfacet
  facet normal 0 -1 0
    outer loop
      vertex 1.1964 23.0099 10.0218
      vertex 13.8036 23.0099 10.0218
      vertex 14.1918 23.0099 10.1479
    endloop
  endfacet
  facet normal 0 -1 0
    outer loop
      vertex 1.5657 23.0099 9.848
      vertex 13.8036 23.0099 10.0218
      vertex 1.1964 23.0099 10.0218
    endloop
  endfacet
  facet normal 0 -1 0
    outer loop
      vertex 1.5657 23.0099 9.848
      vertex 13.4343 23.0099 9.848
      vertex 13.8036 23.0099 10.0218
    endloop
  endfacet
  facet normal 0 -1 0
    outer loop
      vertex 1.9103 23.0099 9.6293
      vertex 13.4343 23.0099 9.848
      vertex 1.5657 23.0099 9.848
    endloop
  endfacet
  facet normal 0 -1 0
    outer loop
      vertex 1.9103 23.0099 9.6293
      vertex 13.0897 23.0099 9.6293
      vertex 13.4343 23.0099 9.848
    endloop
  endfacet
  facet normal 0 -1 0
    outer loop
      vertex 2.22478 23.0099 9.36915
      vertex 13.0897 23.0099 9.6293
      vertex 1.9103 23.0099 9.6293
    endloop
  endfacet
  facet normal 0 -1 0
    outer loop
      vertex 2.22478 23.0099 9.36915
      vertex 12.7752 23.0099 9.36915
      vertex 13.0897 23.0099 9.6293
    endloop
  endfacet
  facet normal 0 -1 0
    outer loop
      vertex 2.50417 23.0099 9.07163
      vertex 12.7752 23.0099 9.36915
      vertex 2.22478 23.0099 9.36915
    endloop
  endfacet
  facet normal 0 -1 0
    outer loop
      vertex 2.50417 23.0099 9.07163
      vertex 12.4958 23.0099 9.07163
      vertex 12.7752 23.0099 9.36915
    endloop
  endfacet
  facet normal 0 -1 0
    outer loop
      vertex 2.74407 23.0099 8.74144
      vertex 12.4958 23.0099 9.07163
      vertex 2.50417 23.0099 9.07163
    endloop
  endfacet
  facet normal 0 -1 0
    outer loop
      vertex 2.74407 23.0099 8.74144
      vertex 12.2559 23.0099 8.74144
      vertex 12.4958 23.0099 9.07163
    endloop
  endfacet
  facet normal 0 -1 0
    outer loop
      vertex 2.94069 23.0099 8.38378
      vertex 12.2559 23.0099 8.74144
      vertex 2.74407 23.0099 8.74144
    endloop
  endfacet
  facet normal 0 -1 0
    outer loop
      vertex 2.94069 23.0099 8.38378
      vertex 12.0593 23.0099 8.38378
      vertex 12.2559 23.0099 8.74144
    endloop
  endfacet
  facet normal 0 -1 0
    outer loop
      vertex 3.09093 23.0099 8.0043
      vertex 12.0593 23.0099 8.38378
      vertex 2.94069 23.0099 8.38378
    endloop
  endfacet
  facet normal 0 -1 0
    outer loop
      vertex 3.09093 23.0099 8.0043
      vertex 11.9091 23.0099 8.0043
      vertex 12.0593 23.0099 8.38378
    endloop
  endfacet
  facet normal 0 -1 0
    outer loop
      vertex 3.19243 23.0099 7.60899
      vertex 11.9091 23.0099 8.0043
      vertex 3.09093 23.0099 8.0043
    endloop
  endfacet
  facet normal 0 -1 0
    outer loop
      vertex 3.19243 23.0099 7.60899
      vertex 11.8076 23.0099 7.60899
      vertex 11.9091 23.0099 8.0043
    endloop
  endfacet
  facet normal 0 -1 0
    outer loop
      vertex 3.24359 23.0099 7.20407
      vertex 11.8076 23.0099 7.60899
      vertex 3.19243 23.0099 7.60899
    endloop
  endfacet
  facet normal 0 -1 0
    outer loop
      vertex 3.24359 23.0099 7.20407
      vertex 11.7564 23.0099 7.20407
      vertex 11.8076 23.0099 7.60899
    endloop
  endfacet
  facet normal 0 -1 0
    outer loop
      vertex 3.24359 23.0099 6.79593
      vertex 11.7564 23.0099 7.20407
      vertex 3.24359 23.0099 7.20407
    endloop
  endfacet
  facet normal 0 -1 0
    outer loop
      vertex 3.24359 23.0099 6.79593
      vertex 11.7564 23.0099 6.79593
      vertex 11.7564 23.0099 7.20407
    endloop
  endfacet
  facet normal 0 -1 0
    outer loop
      vertex 3.19243 23.0099 6.39101
      vertex 11.7564 23.0099 6.79593
      vertex 3.24359 23.0099 6.79593
    endloop
  endfacet
  facet normal 0 -1 0
    outer loop
      vertex 3.19243 23.0099 6.39101
      vertex 11.8076 23.0099 6.39101
      vertex 11.7564 23.0099 6.79593
    endloop
  endfacet
  facet normal 0 -1 0
    outer loop
      vertex 3.09093 23.0099 5.99569
      vertex 11.8076 23.0099 6.39101
      vertex 3.19243 23.0099 6.39101
    endloop
  endfacet
  facet normal 0 -1 0
    outer loop
      vertex 3.09093 23.0099 5.99569
      vertex 11.9091 23.0099 5.99569
      vertex 11.8076 23.0099 6.39101
    endloop
  endfacet
  facet normal 0 -1 0
    outer loop
      vertex 2.94069 23.0099 5.61622
      vertex 11.9091 23.0099 5.99569
      vertex 3.09093 23.0099 5.99569
    endloop
  endfacet
  facet normal 0 -1 0
    outer loop
      vertex 2.94069 23.0099 5.61622
      vertex 12.0593 23.0099 5.61622
      vertex 11.9091 23.0099 5.99569
    endloop
  endfacet
  facet normal 0 -1 0
    outer loop
      vertex 2.74407 23.0099 5.25856
      vertex 12.0593 23.0099 5.61622
      vertex 2.94069 23.0099 5.61622
    endloop
  endfacet
  facet normal 0 -1 0
    outer loop
      vertex 2.74407 23.0099 5.25856
      vertex 12.2559 23.0099 5.25856
      vertex 12.0593 23.0099 5.61622
    endloop
  endfacet
  facet normal 0 -1 0
    outer loop
      vertex 2.50417 23.0099 4.92837
      vertex 12.2559 23.0099 5.25856
      vertex 2.74407 23.0099 5.25856
    endloop
  endfacet
  facet normal 0 -1 0
    outer loop
      vertex 2.50417 23.0099 4.92837
      vertex 12.4958 23.0099 4.92837
      vertex 12.2559 23.0099 5.25856
    endloop
  endfacet
  facet normal 0 -1 0
    outer loop
      vertex 2.22478 23.0099 4.63085
      vertex 12.4958 23.0099 4.92837
      vertex 2.50417 23.0099 4.92837
    endloop
  endfacet
  facet normal 0 -1 0
    outer loop
      vertex 2.22478 23.0099 4.63085
      vertex 12.7752 23.0099 4.63085
      vertex 12.4958 23.0099 4.92837
    endloop
  endfacet
  facet normal 0 -1 0
    outer loop
      vertex 1.9103 23.0099 4.37069
      vertex 12.7752 23.0099 4.63085
      vertex 2.22478 23.0099 4.63085
    endloop
  endfacet
  facet normal 0 -1 0
    outer loop
      vertex 1.9103 23.0099 4.37069
      vertex 13.0897 23.0099 4.37069
      vertex 12.7752 23.0099 4.63085
    endloop
  endfacet
  facet normal 0 -1 0
    outer loop
      vertex 1.5657 23.0099 4.152
      vertex 13.0897 23.0099 4.37069
      vertex 1.9103 23.0099 4.37069
    endloop
  endfacet
  facet normal 0 -1 0
    outer loop
      vertex 1.5657 23.0099 4.152
      vertex 13.4343 23.0099 4.152
      vertex 13.0897 23.0099 4.37069
    endloop
  endfacet
  facet normal 0 -1 0
    outer loop
      vertex 1.1964 23.0099 3.97823
      vertex 13.4343 23.0099 4.152
      vertex 1.5657 23.0099 4.152
    endloop
  endfacet
  facet normal 0 -1 0
    outer loop
      vertex 1.1964 23.0099 3.97823
      vertex 13.8036 23.0099 3.97823
      vertex 13.4343 23.0099 4.152
    endloop
  endfacet
  facet normal 0 -1 0
    outer loop
      vertex 0.808242 23.0099 3.8521
      vertex 13.8036 23.0099 3.97823
      vertex 1.1964 23.0099 3.97823
    endloop
  endfacet
  facet normal 0 -1 0
    outer loop
      vertex 0.808242 23.0099 3.8521
      vertex 14.1918 23.0099 3.8521
      vertex 13.8036 23.0099 3.97823
    endloop
  endfacet
  facet normal 0 -1 0
    outer loop
      vertex 0.407332 23.0099 3.77563
      vertex 14.1918 23.0099 3.8521
      vertex 0.808242 23.0099 3.8521
    endloop
  endfacet
  facet normal 0 -1 0
    outer loop
      vertex 0.407332 23.0099 3.77563
      vertex 14.5927 23.0099 3.77563
      vertex 14.1918 23.0099 3.8521
    endloop
  endfacet
  facet normal 0 -1 0
    outer loop
      vertex 0 23.0099 3.75
      vertex 14.5927 23.0099 3.77563
      vertex 0.407332 23.0099 3.77563
    endloop
  endfacet
  facet normal 0 -1 -0
    outer loop
      vertex 14.5927 23.0099 3.77563
      vertex 0 23.0099 3.75
      vertex 15 23.0099 3.75
    endloop
  endfacet
  facet normal 0 -1 0
    outer loop
      vertex -14.5927 23.0099 10.2244
      vertex 0 23.0099 10.25
      vertex -15 23.0099 10.25
    endloop
  endfacet
  facet normal 0 -1 0
    outer loop
      vertex -14.5927 23.0099 10.2244
      vertex -0.407332 23.0099 10.2244
      vertex 0 23.0099 10.25
    endloop
  endfacet
  facet normal 0 -1 0
    outer loop
      vertex -14.1918 23.0099 10.1479
      vertex -0.407332 23.0099 10.2244
      vertex -14.5927 23.0099 10.2244
    endloop
  endfacet
  facet normal 0 -1 0
    outer loop
      vertex -14.1918 23.0099 10.1479
      vertex -0.808242 23.0099 10.1479
      vertex -0.407332 23.0099 10.2244
    endloop
  endfacet
  facet normal 0 -1 0
    outer loop
      vertex -13.8036 23.0099 10.0218
      vertex -0.808242 23.0099 10.1479
      vertex -14.1918 23.0099 10.1479
    endloop
  endfacet
  facet normal 0 -1 0
    outer loop
      vertex -13.8036 23.0099 10.0218
      vertex -1.1964 23.0099 10.0218
      vertex -0.808242 23.0099 10.1479
    endloop
  endfacet
  facet normal 0 -1 0
    outer loop
      vertex -13.4343 23.0099 9.848
      vertex -1.1964 23.0099 10.0218
      vertex -13.8036 23.0099 10.0218
    endloop
  endfacet
  facet normal 0 -1 0
    outer loop
      vertex -13.4343 23.0099 9.848
      vertex -1.5657 23.0099 9.848
      vertex -1.1964 23.0099 10.0218
    endloop
  endfacet
  facet normal 0 -1 0
    outer loop
      vertex -13.0897 23.0099 9.6293
      vertex -1.5657 23.0099 9.848
      vertex -13.4343 23.0099 9.848
    endloop
  endfacet
  facet normal 0 -1 0
    outer loop
      vertex -13.0897 23.0099 9.6293
      vertex -1.9103 23.0099 9.6293
      vertex -1.5657 23.0099 9.848
    endloop
  endfacet
  facet normal 0 -1 0
    outer loop
      vertex -12.7752 23.0099 9.36915
      vertex -1.9103 23.0099 9.6293
      vertex -13.0897 23.0099 9.6293
    endloop
  endfacet
  facet normal 0 -1 0
    outer loop
      vertex -12.7752 23.0099 9.36915
      vertex -2.22478 23.0099 9.36915
      vertex -1.9103 23.0099 9.6293
    endloop
  endfacet
  facet normal 0 -1 0
    outer loop
      vertex -12.4958 23.0099 9.07163
      vertex -2.22478 23.0099 9.36915
      vertex -12.7752 23.0099 9.36915
    endloop
  endfacet
  facet normal 0 -1 0
    outer loop
      vertex -12.4958 23.0099 9.07163
      vertex -2.50417 23.0099 9.07163
      vertex -2.22478 23.0099 9.36915
    endloop
  endfacet
  facet normal 0 -1 0
    outer loop
      vertex -12.2559 23.0099 8.74144
      vertex -2.50417 23.0099 9.07163
      vertex -12.4958 23.0099 9.07163
    endloop
  endfacet
  facet normal 0 -1 0
    outer loop
      vertex -12.2559 23.0099 8.74144
      vertex -2.74407 23.0099 8.74144
      vertex -2.50417 23.0099 9.07163
    endloop
  endfacet
  facet normal 0 -1 0
    outer loop
      vertex -12.0593 23.0099 8.38378
      vertex -2.74407 23.0099 8.74144
      vertex -12.2559 23.0099 8.74144
    endloop
  endfacet
  facet normal 0 -1 0
    outer loop
      vertex -12.0593 23.0099 8.38378
      vertex -2.94069 23.0099 8.38378
      vertex -2.74407 23.0099 8.74144
    endloop
  endfacet
  facet normal 0 -1 0
    outer loop
      vertex -11.9091 23.0099 8.0043
      vertex -2.94069 23.0099 8.38378
      vertex -12.0593 23.0099 8.38378
    endloop
  endfacet
  facet normal 0 -1 0
    outer loop
      vertex -11.9091 23.0099 8.0043
      vertex -3.09093 23.0099 8.0043
      vertex -2.94069 23.0099 8.38378
    endloop
  endfacet
  facet normal 0 -1 0
    outer loop
      vertex -11.8076 23.0099 7.60899
      vertex -3.09093 23.0099 8.0043
      vertex -11.9091 23.0099 8.0043
    endloop
  endfacet
  facet normal 0 -1 0
    outer loop
      vertex -11.8076 23.0099 7.60899
      vertex -3.19243 23.0099 7.60899
      vertex -3.09093 23.0099 8.0043
    endloop
  endfacet
  facet normal 0 -1 0
    outer loop
      vertex -11.7564 23.0099 7.20407
      vertex -3.19243 23.0099 7.60899
      vertex -11.8076 23.0099 7.60899
    endloop
  endfacet
  facet normal 0 -1 0
    outer loop
      vertex -11.7564 23.0099 7.20407
      vertex -3.24359 23.0099 7.20407
      vertex -3.19243 23.0099 7.60899
    endloop
  endfacet
  facet normal 0 -1 0
    outer loop
      vertex -11.7564 23.0099 6.79593
      vertex -3.24359 23.0099 7.20407
      vertex -11.7564 23.0099 7.20407
    endloop
  endfacet
  facet normal 0 -1 0
    outer loop
      vertex -11.7564 23.0099 6.79593
      vertex -3.24359 23.0099 6.79593
      vertex -3.24359 23.0099 7.20407
    endloop
  endfacet
  facet normal 0 -1 0
    outer loop
      vertex -11.8076 23.0099 6.39101
      vertex -3.24359 23.0099 6.79593
      vertex -11.7564 23.0099 6.79593
    endloop
  endfacet
  facet normal 0 -1 0
    outer loop
      vertex -11.8076 23.0099 6.39101
      vertex -3.19243 23.0099 6.39101
      vertex -3.24359 23.0099 6.79593
    endloop
  endfacet
  facet normal 0 -1 0
    outer loop
      vertex -11.9091 23.0099 5.99569
      vertex -3.19243 23.0099 6.39101
      vertex -11.8076 23.0099 6.39101
    endloop
  endfacet
  facet normal 0 -1 0
    outer loop
      vertex -11.9091 23.0099 5.99569
      vertex -3.09093 23.0099 5.99569
      vertex -3.19243 23.0099 6.39101
    endloop
  endfacet
  facet normal 0 -1 0
    outer loop
      vertex -12.0593 23.0099 5.61622
      vertex -3.09093 23.0099 5.99569
      vertex -11.9091 23.0099 5.99569
    endloop
  endfacet
  facet normal 0 -1 0
    outer loop
      vertex -12.0593 23.0099 5.61622
      vertex -2.94069 23.0099 5.61622
      vertex -3.09093 23.0099 5.99569
    endloop
  endfacet
  facet normal 0 -1 0
    outer loop
      vertex -12.2559 23.0099 5.25856
      vertex -2.94069 23.0099 5.61622
      vertex -12.0593 23.0099 5.61622
    endloop
  endfacet
  facet normal 0 -1 0
    outer loop
      vertex -12.2559 23.0099 5.25856
      vertex -2.74407 23.0099 5.25856
      vertex -2.94069 23.0099 5.61622
    endloop
  endfacet
  facet normal 0 -1 0
    outer loop
      vertex -12.4958 23.0099 4.92837
      vertex -2.74407 23.0099 5.25856
      vertex -12.2559 23.0099 5.25856
    endloop
  endfacet
  facet normal 0 -1 0
    outer loop
      vertex -12.4958 23.0099 4.92837
      vertex -2.50417 23.0099 4.92837
      vertex -2.74407 23.0099 5.25856
    endloop
  endfacet
  facet normal 0 -1 0
    outer loop
      vertex -12.7752 23.0099 4.63085
      vertex -2.50417 23.0099 4.92837
      vertex -12.4958 23.0099 4.92837
    endloop
  endfacet
  facet normal 0 -1 0
    outer loop
      vertex -12.7752 23.0099 4.63085
      vertex -2.22478 23.0099 4.63085
      vertex -2.50417 23.0099 4.92837
    endloop
  endfacet
  facet normal 0 -1 0
    outer loop
      vertex -13.0897 23.0099 4.37069
      vertex -2.22478 23.0099 4.63085
      vertex -12.7752 23.0099 4.63085
    endloop
  endfacet
  facet normal 0 -1 0
    outer loop
      vertex -13.0897 23.0099 4.37069
      vertex -1.9103 23.0099 4.37069
      vertex -2.22478 23.0099 4.63085
    endloop
  endfacet
  facet normal 0 -1 0
    outer loop
      vertex -13.4343 23.0099 4.152
      vertex -1.9103 23.0099 4.37069
      vertex -13.0897 23.0099 4.37069
    endloop
  endfacet
  facet normal 0 -1 0
    outer loop
      vertex -13.4343 23.0099 4.152
      vertex -1.5657 23.0099 4.152
      vertex -1.9103 23.0099 4.37069
    endloop
  endfacet
  facet normal 0 -1 0
    outer loop
      vertex -13.8036 23.0099 3.97823
      vertex -1.5657 23.0099 4.152
      vertex -13.4343 23.0099 4.152
    endloop
  endfacet
  facet normal 0 -1 0
    outer loop
      vertex -13.8036 23.0099 3.97823
      vertex -1.1964 23.0099 3.97823
      vertex -1.5657 23.0099 4.152
    endloop
  endfacet
  facet normal 0 -1 0
    outer loop
      vertex -14.1918 23.0099 3.8521
      vertex -1.1964 23.0099 3.97823
      vertex -13.8036 23.0099 3.97823
    endloop
  endfacet
  facet normal 0 -1 0
    outer loop
      vertex -14.1918 23.0099 3.8521
      vertex -0.808242 23.0099 3.8521
      vertex -1.1964 23.0099 3.97823
    endloop
  endfacet
  facet normal 0 -1 0
    outer loop
      vertex -14.5927 23.0099 3.77563
      vertex -0.808242 23.0099 3.8521
      vertex -14.1918 23.0099 3.8521
    endloop
  endfacet
  facet normal 0 -1 0
    outer loop
      vertex -14.5927 23.0099 3.77563
      vertex -0.407332 23.0099 3.77563
      vertex -0.808242 23.0099 3.8521
    endloop
  endfacet
  facet normal 0 -1 0
    outer loop
      vertex -15 23.0099 3.75
      vertex -0.407332 23.0099 3.77563
      vertex -14.5927 23.0099 3.77563
    endloop
  endfacet
  facet normal 0 -1 -0
    outer loop
      vertex -0.407332 23.0099 3.77563
      vertex -15 23.0099 3.75
      vertex 0 23.0099 3.75
    endloop
  endfacet
  facet normal 0 -1 0
    outer loop
      vertex -29.5927 23.0099 10.2244
      vertex -15 23.0099 10.25
      vertex -30 23.0099 10.25
    endloop
  endfacet
  facet normal 0 -1 0
    outer loop
      vertex -29.5927 23.0099 10.2244
      vertex -15.4073 23.0099 10.2244
      vertex -15 23.0099 10.25
    endloop
  endfacet
  facet normal 0 -1 0
    outer loop
      vertex -29.1918 23.0099 10.1479
      vertex -15.4073 23.0099 10.2244
      vertex -29.5927 23.0099 10.2244
    endloop
  endfacet
  facet normal 0 -1 0
    outer loop
      vertex -29.1918 23.0099 10.1479
      vertex -15.8082 23.0099 10.1479
      vertex -15.4073 23.0099 10.2244
    endloop
  endfacet
  facet normal 0 -1 0
    outer loop
      vertex -28.8036 23.0099 10.0218
      vertex -15.8082 23.0099 10.1479
      vertex -29.1918 23.0099 10.1479
    endloop
  endfacet
  facet normal 0 -1 0
    outer loop
      vertex -28.8036 23.0099 10.0218
      vertex -16.1964 23.0099 10.0218
      vertex -15.8082 23.0099 10.1479
    endloop
  endfacet
  facet normal 0 -1 0
    outer loop
      vertex -28.4343 23.0099 9.848
      vertex -16.1964 23.0099 10.0218
      vertex -28.8036 23.0099 10.0218
    endloop
  endfacet
  facet normal 0 -1 0
    outer loop
      vertex -28.4343 23.0099 9.848
      vertex -16.5657 23.0099 9.848
      vertex -16.1964 23.0099 10.0218
    endloop
  endfacet
  facet normal 0 -1 0
    outer loop
      vertex -28.0897 23.0099 9.6293
      vertex -16.5657 23.0099 9.848
      vertex -28.4343 23.0099 9.848
    endloop
  endfacet
  facet normal 0 -1 0
    outer loop
      vertex -28.0897 23.0099 9.6293
      vertex -16.9103 23.0099 9.6293
      vertex -16.5657 23.0099 9.848
    endloop
  endfacet
  facet normal 0 -1 0
    outer loop
      vertex -27.7752 23.0099 9.36915
      vertex -16.9103 23.0099 9.6293
      vertex -28.0897 23.0099 9.6293
    endloop
  endfacet
  facet normal 0 -1 0
    outer loop
      vertex -27.7752 23.0099 9.36915
      vertex -17.2248 23.0099 9.36915
      vertex -16.9103 23.0099 9.6293
    endloop
  endfacet
  facet normal 0 -1 0
    outer loop
      vertex -27.4958 23.0099 9.07163
      vertex -17.2248 23.0099 9.36915
      vertex -27.7752 23.0099 9.36915
    endloop
  endfacet
  facet normal 0 -1 0
    outer loop
      vertex -27.4958 23.0099 9.07163
      vertex -17.5042 23.0099 9.07163
      vertex -17.2248 23.0099 9.36915
    endloop
  endfacet
  facet normal 0 -1 0
    outer loop
      vertex -27.2559 23.0099 8.74144
      vertex -17.5042 23.0099 9.07163
      vertex -27.4958 23.0099 9.07163
    endloop
  endfacet
  facet normal 0 -1 0
    outer loop
      vertex -27.2559 23.0099 8.74144
      vertex -17.7441 23.0099 8.74144
      vertex -17.5042 23.0099 9.07163
    endloop
  endfacet
  facet normal 0 -1 0
    outer loop
      vertex -27.0593 23.0099 8.38378
      vertex -17.7441 23.0099 8.74144
      vertex -27.2559 23.0099 8.74144
    endloop
  endfacet
  facet normal 0 -1 0
    outer loop
      vertex -27.0593 23.0099 8.38378
      vertex -17.9407 23.0099 8.38378
      vertex -17.7441 23.0099 8.74144
    endloop
  endfacet
  facet normal 0 -1 0
    outer loop
      vertex -26.9091 23.0099 8.0043
      vertex -17.9407 23.0099 8.38378
      vertex -27.0593 23.0099 8.38378
    endloop
  endfacet
  facet normal 0 -1 0
    outer loop
      vertex -26.9091 23.0099 8.0043
      vertex -18.0909 23.0099 8.0043
      vertex -17.9407 23.0099 8.38378
    endloop
  endfacet
  facet normal 0 -1 0
    outer loop
      vertex -26.8076 23.0099 7.60899
      vertex -18.0909 23.0099 8.0043
      vertex -26.9091 23.0099 8.0043
    endloop
  endfacet
  facet normal 0 -1 0
    outer loop
      vertex -26.8076 23.0099 7.60899
      vertex -18.1924 23.0099 7.60899
      vertex -18.0909 23.0099 8.0043
    endloop
  endfacet
  facet normal 0 -1 0
    outer loop
      vertex -26.7564 23.0099 7.20407
      vertex -18.1924 23.0099 7.60899
      vertex -26.8076 23.0099 7.60899
    endloop
  endfacet
  facet normal 0 -1 0
    outer loop
      vertex -26.7564 23.0099 7.20407
      vertex -18.2436 23.0099 7.20407
      vertex -18.1924 23.0099 7.60899
    endloop
  endfacet
  facet normal 0 -1 0
    outer loop
      vertex -26.7564 23.0099 6.79593
      vertex -18.2436 23.0099 7.20407
      vertex -26.7564 23.0099 7.20407
    endloop
  endfacet
  facet normal 0 -1 0
    outer loop
      vertex -26.7564 23.0099 6.79593
      vertex -18.2436 23.0099 6.79593
      vertex -18.2436 23.0099 7.20407
    endloop
  endfacet
  facet normal 0 -1 0
    outer loop
      vertex -26.8076 23.0099 6.39101
      vertex -18.2436 23.0099 6.79593
      vertex -26.7564 23.0099 6.79593
    endloop
  endfacet
  facet normal 0 -1 0
    outer loop
      vertex -26.8076 23.0099 6.39101
      vertex -18.1924 23.0099 6.39101
      vertex -18.2436 23.0099 6.79593
    endloop
  endfacet
  facet normal 0 -1 0
    outer loop
      vertex -26.9091 23.0099 5.99569
      vertex -18.1924 23.0099 6.39101
      vertex -26.8076 23.0099 6.39101
    endloop
  endfacet
  facet normal 0 -1 0
    outer loop
      vertex -26.9091 23.0099 5.99569
      vertex -18.0909 23.0099 5.99569
      vertex -18.1924 23.0099 6.39101
    endloop
  endfacet
  facet normal 0 -1 0
    outer loop
      vertex -27.0593 23.0099 5.61622
      vertex -18.0909 23.0099 5.99569
      vertex -26.9091 23.0099 5.99569
    endloop
  endfacet
  facet normal 0 -1 0
    outer loop
      vertex -27.0593 23.0099 5.61622
      vertex -17.9407 23.0099 5.61622
      vertex -18.0909 23.0099 5.99569
    endloop
  endfacet
  facet normal 0 -1 0
    outer loop
      vertex -27.2559 23.0099 5.25856
      vertex -17.9407 23.0099 5.61622
      vertex -27.0593 23.0099 5.61622
    endloop
  endfacet
  facet normal 0 -1 0
    outer loop
      vertex -27.2559 23.0099 5.25856
      vertex -17.7441 23.0099 5.25856
      vertex -17.9407 23.0099 5.61622
    endloop
  endfacet
  facet normal 0 -1 0
    outer loop
      vertex -27.4958 23.0099 4.92837
      vertex -17.7441 23.0099 5.25856
      vertex -27.2559 23.0099 5.25856
    endloop
  endfacet
  facet normal 0 -1 0
    outer loop
      vertex -27.4958 23.0099 4.92837
      vertex -17.5042 23.0099 4.92837
      vertex -17.7441 23.0099 5.25856
    endloop
  endfacet
  facet normal 0 -1 0
    outer loop
      vertex -27.7752 23.0099 4.63085
      vertex -17.5042 23.0099 4.92837
      vertex -27.4958 23.0099 4.92837
    endloop
  endfacet
  facet normal 0 -1 0
    outer loop
      vertex -27.7752 23.0099 4.63085
      vertex -17.2248 23.0099 4.63085
      vertex -17.5042 23.0099 4.92837
    endloop
  endfacet
  facet normal 0 -1 0
    outer loop
      vertex -28.0897 23.0099 4.37069
      vertex -17.2248 23.0099 4.63085
      vertex -27.7752 23.0099 4.63085
    endloop
  endfacet
  facet normal 0 -1 0
    outer loop
      vertex -28.0897 23.0099 4.37069
      vertex -16.9103 23.0099 4.37069
      vertex -17.2248 23.0099 4.63085
    endloop
  endfacet
  facet normal 0 -1 0
    outer loop
      vertex -28.4343 23.0099 4.152
      vertex -16.9103 23.0099 4.37069
      vertex -28.0897 23.0099 4.37069
    endloop
  endfacet
  facet normal 0 -1 0
    outer loop
      vertex -28.4343 23.0099 4.152
      vertex -16.5657 23.0099 4.152
      vertex -16.9103 23.0099 4.37069
    endloop
  endfacet
  facet normal 0 -1 0
    outer loop
      vertex -28.8036 23.0099 3.97823
      vertex -16.5657 23.0099 4.152
      vertex -28.4343 23.0099 4.152
    endloop
  endfacet
  facet normal 0 -1 0
    outer loop
      vertex -28.8036 23.0099 3.97823
      vertex -16.1964 23.0099 3.97823
      vertex -16.5657 23.0099 4.152
    endloop
  endfacet
  facet normal 0 -1 0
    outer loop
      vertex -29.1918 23.0099 3.8521
      vertex -16.1964 23.0099 3.97823
      vertex -28.8036 23.0099 3.97823
    endloop
  endfacet
  facet normal 0 -1 0
    outer loop
      vertex -29.1918 23.0099 3.8521
      vertex -15.8082 23.0099 3.8521
      vertex -16.1964 23.0099 3.97823
    endloop
  endfacet
  facet normal 0 -1 0
    outer loop
      vertex -29.5927 23.0099 3.77563
      vertex -15.8082 23.0099 3.8521
      vertex -29.1918 23.0099 3.8521
    endloop
  endfacet
  facet normal 0 -1 0
    outer loop
      vertex -29.5927 23.0099 3.77563
      vertex -15.4073 23.0099 3.77563
      vertex -15.8082 23.0099 3.8521
    endloop
  endfacet
  facet normal 0 -1 0
    outer loop
      vertex -30 23.0099 3.75
      vertex -15.4073 23.0099 3.77563
      vertex -29.5927 23.0099 3.77563
    endloop
  endfacet
  facet normal 0 -1 -0
    outer loop
      vertex -15.4073 23.0099 3.77563
      vertex -30 23.0099 3.75
      vertex -15 23.0099 3.75
    endloop
  endfacet
  facet normal 0 -1 0
    outer loop
      vertex -44.5927 23.0099 10.2244
      vertex -30 23.0099 10.25
      vertex -45 23.0099 10.25
    endloop
  endfacet
  facet normal 0 -1 0
    outer loop
      vertex -44.5927 23.0099 10.2244
      vertex -30.4073 23.0099 10.2244
      vertex -30 23.0099 10.25
    endloop
  endfacet
  facet normal 0 -1 0
    outer loop
      vertex -44.1918 23.0099 10.1479
      vertex -30.4073 23.0099 10.2244
      vertex -44.5927 23.0099 10.2244
    endloop
  endfacet
  facet normal 0 -1 0
    outer loop
      vertex -44.1918 23.0099 10.1479
      vertex -30.8082 23.0099 10.1479
      vertex -30.4073 23.0099 10.2244
    endloop
  endfacet
  facet normal 0 -1 0
    outer loop
      vertex -43.8036 23.0099 10.0218
      vertex -30.8082 23.0099 10.1479
      vertex -44.1918 23.0099 10.1479
    endloop
  endfacet
  facet normal 0 -1 0
    outer loop
      vertex -43.8036 23.0099 10.0218
      vertex -31.1964 23.0099 10.0218
      vertex -30.8082 23.0099 10.1479
    endloop
  endfacet
  facet normal 0 -1 0
    outer loop
      vertex -43.4343 23.0099 9.848
      vertex -31.1964 23.0099 10.0218
      vertex -43.8036 23.0099 10.0218
    endloop
  endfacet
  facet normal 0 -1 0
    outer loop
      vertex -43.4343 23.0099 9.848
      vertex -31.5657 23.0099 9.848
      vertex -31.1964 23.0099 10.0218
    endloop
  endfacet
  facet normal 0 -1 0
    outer loop
      vertex -43.0897 23.0099 9.6293
      vertex -31.5657 23.0099 9.848
      vertex -43.4343 23.0099 9.848
    endloop
  endfacet
  facet normal 0 -1 0
    outer loop
      vertex -43.0897 23.0099 9.6293
      vertex -31.9103 23.0099 9.6293
      vertex -31.5657 23.0099 9.848
    endloop
  endfacet
  facet normal 0 -1 0
    outer loop
      vertex -42.7752 23.0099 9.36915
      vertex -31.9103 23.0099 9.6293
      vertex -43.0897 23.0099 9.6293
    endloop
  endfacet
  facet normal 0 -1 0
    outer loop
      vertex -42.7752 23.0099 9.36915
      vertex -32.2248 23.0099 9.36915
      vertex -31.9103 23.0099 9.6293
    endloop
  endfacet
  facet normal 0 -1 0
    outer loop
      vertex -42.4958 23.0099 9.07163
      vertex -32.2248 23.0099 9.36915
      vertex -42.7752 23.0099 9.36915
    endloop
  endfacet
  facet normal 0 -1 0
    outer loop
      vertex -42.4958 23.0099 9.07163
      vertex -32.5042 23.0099 9.07163
      vertex -32.2248 23.0099 9.36915
    endloop
  endfacet
  facet normal 0 -1 0
    outer loop
      vertex -42.2559 23.0099 8.74144
      vertex -32.5042 23.0099 9.07163
      vertex -42.4958 23.0099 9.07163
    endloop
  endfacet
  facet normal 0 -1 0
    outer loop
      vertex -42.2559 23.0099 8.74144
      vertex -32.7441 23.0099 8.74144
      vertex -32.5042 23.0099 9.07163
    endloop
  endfacet
  facet normal 0 -1 0
    outer loop
      vertex -42.0593 23.0099 8.38378
      vertex -32.7441 23.0099 8.74144
      vertex -42.2559 23.0099 8.74144
    endloop
  endfacet
  facet normal 0 -1 0
    outer loop
      vertex -42.0593 23.0099 8.38378
      vertex -32.9407 23.0099 8.38378
      vertex -32.7441 23.0099 8.74144
    endloop
  endfacet
  facet normal 0 -1 0
    outer loop
      vertex -41.9091 23.0099 8.0043
      vertex -32.9407 23.0099 8.38378
      vertex -42.0593 23.0099 8.38378
    endloop
  endfacet
  facet normal 0 -1 0
    outer loop
      vertex -41.9091 23.0099 8.0043
      vertex -33.0909 23.0099 8.0043
      vertex -32.9407 23.0099 8.38378
    endloop
  endfacet
  facet normal 0 -1 0
    outer loop
      vertex -41.8076 23.0099 7.60899
      vertex -33.0909 23.0099 8.0043
      vertex -41.9091 23.0099 8.0043
    endloop
  endfacet
  facet normal 0 -1 0
    outer loop
      vertex -41.8076 23.0099 7.60899
      vertex -33.1924 23.0099 7.60899
      vertex -33.0909 23.0099 8.0043
    endloop
  endfacet
  facet normal 0 -1 0
    outer loop
      vertex -41.7564 23.0099 7.20407
      vertex -33.1924 23.0099 7.60899
      vertex -41.8076 23.0099 7.60899
    endloop
  endfacet
  facet normal 0 -1 0
    outer loop
      vertex -41.7564 23.0099 7.20407
      vertex -33.2436 23.0099 7.20407
      vertex -33.1924 23.0099 7.60899
    endloop
  endfacet
  facet normal 0 -1 0
    outer loop
      vertex -41.7564 23.0099 6.79593
      vertex -33.2436 23.0099 7.20407
      vertex -41.7564 23.0099 7.20407
    endloop
  endfacet
  facet normal 0 -1 0
    outer loop
      vertex -41.7564 23.0099 6.79593
      vertex -33.2436 23.0099 6.79593
      vertex -33.2436 23.0099 7.20407
    endloop
  endfacet
  facet normal 0 -1 0
    outer loop
      vertex -41.8076 23.0099 6.39101
      vertex -33.2436 23.0099 6.79593
      vertex -41.7564 23.0099 6.79593
    endloop
  endfacet
  facet normal 0 -1 0
    outer loop
      vertex -41.8076 23.0099 6.39101
      vertex -33.1924 23.0099 6.39101
      vertex -33.2436 23.0099 6.79593
    endloop
  endfacet
  facet normal 0 -1 0
    outer loop
      vertex -41.9091 23.0099 5.99569
      vertex -33.1924 23.0099 6.39101
      vertex -41.8076 23.0099 6.39101
    endloop
  endfacet
  facet normal 0 -1 0
    outer loop
      vertex -41.9091 23.0099 5.99569
      vertex -33.0909 23.0099 5.99569
      vertex -33.1924 23.0099 6.39101
    endloop
  endfacet
  facet normal 0 -1 0
    outer loop
      vertex -42.0593 23.0099 5.61622
      vertex -33.0909 23.0099 5.99569
      vertex -41.9091 23.0099 5.99569
    endloop
  endfacet
  facet normal 0 -1 0
    outer loop
      vertex -42.0593 23.0099 5.61622
      vertex -32.9407 23.0099 5.61622
      vertex -33.0909 23.0099 5.99569
    endloop
  endfacet
  facet normal 0 -1 0
    outer loop
      vertex -42.2559 23.0099 5.25856
      vertex -32.9407 23.0099 5.61622
      vertex -42.0593 23.0099 5.61622
    endloop
  endfacet
  facet normal 0 -1 0
    outer loop
      vertex -42.2559 23.0099 5.25856
      vertex -32.7441 23.0099 5.25856
      vertex -32.9407 23.0099 5.61622
    endloop
  endfacet
  facet normal 0 -1 0
    outer loop
      vertex -42.4958 23.0099 4.92837
      vertex -32.7441 23.0099 5.25856
      vertex -42.2559 23.0099 5.25856
    endloop
  endfacet
  facet normal 0 -1 0
    outer loop
      vertex -42.4958 23.0099 4.92837
      vertex -32.5042 23.0099 4.92837
      vertex -32.7441 23.0099 5.25856
    endloop
  endfacet
  facet normal 0 -1 0
    outer loop
      vertex -42.7752 23.0099 4.63085
      vertex -32.5042 23.0099 4.92837
      vertex -42.4958 23.0099 4.92837
    endloop
  endfacet
  facet normal 0 -1 0
    outer loop
      vertex -42.7752 23.0099 4.63085
      vertex -32.2248 23.0099 4.63085
      vertex -32.5042 23.0099 4.92837
    endloop
  endfacet
  facet normal 0 -1 0
    outer loop
      vertex -43.0897 23.0099 4.37069
      vertex -32.2248 23.0099 4.63085
      vertex -42.7752 23.0099 4.63085
    endloop
  endfacet
  facet normal 0 -1 0
    outer loop
      vertex -43.0897 23.0099 4.37069
      vertex -31.9103 23.0099 4.37069
      vertex -32.2248 23.0099 4.63085
    endloop
  endfacet
  facet normal 0 -1 0
    outer loop
      vertex -43.4343 23.0099 4.152
      vertex -31.9103 23.0099 4.37069
      vertex -43.0897 23.0099 4.37069
    endloop
  endfacet
  facet normal 0 -1 0
    outer loop
      vertex -43.4343 23.0099 4.152
      vertex -31.5657 23.0099 4.152
      vertex -31.9103 23.0099 4.37069
    endloop
  endfacet
  facet normal 0 -1 0
    outer loop
      vertex -43.8036 23.0099 3.97823
      vertex -31.5657 23.0099 4.152
      vertex -43.4343 23.0099 4.152
    endloop
  endfacet
  facet normal 0 -1 0
    outer loop
      vertex -43.8036 23.0099 3.97823
      vertex -31.1964 23.0099 3.97823
      vertex -31.5657 23.0099 4.152
    endloop
  endfacet
  facet normal 0 -1 0
    outer loop
      vertex -44.1918 23.0099 3.8521
      vertex -31.1964 23.0099 3.97823
      vertex -43.8036 23.0099 3.97823
    endloop
  endfacet
  facet normal 0 -1 0
    outer loop
      vertex -44.1918 23.0099 3.8521
      vertex -30.8082 23.0099 3.8521
      vertex -31.1964 23.0099 3.97823
    endloop
  endfacet
  facet normal 0 -1 0
    outer loop
      vertex -44.5927 23.0099 3.77563
      vertex -30.8082 23.0099 3.8521
      vertex -44.1918 23.0099 3.8521
    endloop
  endfacet
  facet normal 0 -1 0
    outer loop
      vertex -44.5927 23.0099 3.77563
      vertex -30.4073 23.0099 3.77563
      vertex -30.8082 23.0099 3.8521
    endloop
  endfacet
  facet normal 0 -1 0
    outer loop
      vertex -45 23.0099 3.75
      vertex -30.4073 23.0099 3.77563
      vertex -44.5927 23.0099 3.77563
    endloop
  endfacet
  facet normal 0 -1 -0
    outer loop
      vertex -30.4073 23.0099 3.77563
      vertex -45 23.0099 3.75
      vertex -30 23.0099 3.75
    endloop
  endfacet
  facet normal 0 -1 0
    outer loop
      vertex -59.1918 23.0099 10.1479
      vertex -68 23.0099 14
      vertex -59.5927 23.0099 10.2244
    endloop
  endfacet
  facet normal 0 -1 0
    outer loop
      vertex -68 23.0099 14
      vertex -45.4073 23.0099 10.2244
      vertex -45 23.0099 10.25
    endloop
  endfacet
  facet normal 0 -1 0
    outer loop
      vertex -45.8082 23.0099 10.1479
      vertex -68 23.0099 14
      vertex -59.1918 23.0099 10.1479
    endloop
  endfacet
  facet normal 0 -1 0
    outer loop
      vertex -68 23.0099 14
      vertex -45.8082 23.0099 10.1479
      vertex -45.4073 23.0099 10.2244
    endloop
  endfacet
  facet normal 0 -1 0
    outer loop
      vertex -58.8036 23.0099 10.0218
      vertex -45.8082 23.0099 10.1479
      vertex -59.1918 23.0099 10.1479
    endloop
  endfacet
  facet normal 0 -1 0
    outer loop
      vertex -58.8036 23.0099 10.0218
      vertex -46.1964 23.0099 10.0218
      vertex -45.8082 23.0099 10.1479
    endloop
  endfacet
  facet normal 0 -1 0
    outer loop
      vertex -58.4343 23.0099 9.848
      vertex -46.1964 23.0099 10.0218
      vertex -58.8036 23.0099 10.0218
    endloop
  endfacet
  facet normal 0 -1 0
    outer loop
      vertex -58.4343 23.0099 9.848
      vertex -46.5657 23.0099 9.848
      vertex -46.1964 23.0099 10.0218
    endloop
  endfacet
  facet normal 0 -1 0
    outer loop
      vertex -58.0897 23.0099 9.6293
      vertex -46.5657 23.0099 9.848
      vertex -58.4343 23.0099 9.848
    endloop
  endfacet
  facet normal 0 -1 0
    outer loop
      vertex -58.0897 23.0099 9.6293
      vertex -46.9103 23.0099 9.6293
      vertex -46.5657 23.0099 9.848
    endloop
  endfacet
  facet normal 0 -1 0
    outer loop
      vertex -57.7752 23.0099 9.36915
      vertex -46.9103 23.0099 9.6293
      vertex -58.0897 23.0099 9.6293
    endloop
  endfacet
  facet normal 0 -1 0
    outer loop
      vertex -57.7752 23.0099 9.36915
      vertex -47.2248 23.0099 9.36915
      vertex -46.9103 23.0099 9.6293
    endloop
  endfacet
  facet normal 0 -1 0
    outer loop
      vertex -57.4958 23.0099 9.07163
      vertex -47.2248 23.0099 9.36915
      vertex -57.7752 23.0099 9.36915
    endloop
  endfacet
  facet normal 0 -1 0
    outer loop
      vertex -57.4958 23.0099 9.07163
      vertex -47.5042 23.0099 9.07163
      vertex -47.2248 23.0099 9.36915
    endloop
  endfacet
  facet normal 0 -1 0
    outer loop
      vertex -57.2559 23.0099 8.74144
      vertex -47.5042 23.0099 9.07163
      vertex -57.4958 23.0099 9.07163
    endloop
  endfacet
  facet normal 0 -1 0
    outer loop
      vertex -57.2559 23.0099 8.74144
      vertex -47.7441 23.0099 8.74144
      vertex -47.5042 23.0099 9.07163
    endloop
  endfacet
  facet normal 0 -1 0
    outer loop
      vertex -57.0593 23.0099 8.38378
      vertex -47.7441 23.0099 8.74144
      vertex -57.2559 23.0099 8.74144
    endloop
  endfacet
  facet normal 0 -1 0
    outer loop
      vertex -57.0593 23.0099 8.38378
      vertex -47.9407 23.0099 8.38378
      vertex -47.7441 23.0099 8.74144
    endloop
  endfacet
  facet normal 0 -1 0
    outer loop
      vertex -56.9091 23.0099 8.0043
      vertex -47.9407 23.0099 8.38378
      vertex -57.0593 23.0099 8.38378
    endloop
  endfacet
  facet normal 0 -1 0
    outer loop
      vertex -56.9091 23.0099 8.0043
      vertex -48.0909 23.0099 8.0043
      vertex -47.9407 23.0099 8.38378
    endloop
  endfacet
  facet normal 0 -1 0
    outer loop
      vertex -56.8076 23.0099 7.60899
      vertex -48.0909 23.0099 8.0043
      vertex -56.9091 23.0099 8.0043
    endloop
  endfacet
  facet normal 0 -1 0
    outer loop
      vertex -56.8076 23.0099 7.60899
      vertex -48.1924 23.0099 7.60899
      vertex -48.0909 23.0099 8.0043
    endloop
  endfacet
  facet normal 0 -1 0
    outer loop
      vertex -56.7564 23.0099 7.20407
      vertex -48.1924 23.0099 7.60899
      vertex -56.8076 23.0099 7.60899
    endloop
  endfacet
  facet normal 0 -1 0
    outer loop
      vertex -56.7564 23.0099 7.20407
      vertex -48.2436 23.0099 7.20407
      vertex -48.1924 23.0099 7.60899
    endloop
  endfacet
  facet normal 0 -1 0
    outer loop
      vertex -56.7564 23.0099 6.79593
      vertex -48.2436 23.0099 7.20407
      vertex -56.7564 23.0099 7.20407
    endloop
  endfacet
  facet normal 0 -1 0
    outer loop
      vertex -56.7564 23.0099 6.79593
      vertex -48.2436 23.0099 6.79593
      vertex -48.2436 23.0099 7.20407
    endloop
  endfacet
  facet normal 0 -1 0
    outer loop
      vertex -56.8076 23.0099 6.39101
      vertex -48.2436 23.0099 6.79593
      vertex -56.7564 23.0099 6.79593
    endloop
  endfacet
  facet normal 0 -1 0
    outer loop
      vertex -56.8076 23.0099 6.39101
      vertex -48.1924 23.0099 6.39101
      vertex -48.2436 23.0099 6.79593
    endloop
  endfacet
  facet normal 0 -1 0
    outer loop
      vertex -56.9091 23.0099 5.99569
      vertex -48.1924 23.0099 6.39101
      vertex -56.8076 23.0099 6.39101
    endloop
  endfacet
  facet normal 0 -1 0
    outer loop
      vertex -56.9091 23.0099 5.99569
      vertex -48.0909 23.0099 5.99569
      vertex -48.1924 23.0099 6.39101
    endloop
  endfacet
  facet normal 0 -1 0
    outer loop
      vertex -57.0593 23.0099 5.61622
      vertex -48.0909 23.0099 5.99569
      vertex -56.9091 23.0099 5.99569
    endloop
  endfacet
  facet normal 0 -1 0
    outer loop
      vertex -57.0593 23.0099 5.61622
      vertex -47.9407 23.0099 5.61622
      vertex -48.0909 23.0099 5.99569
    endloop
  endfacet
  facet normal 0 -1 0
    outer loop
      vertex -57.2559 23.0099 5.25856
      vertex -47.9407 23.0099 5.61622
      vertex -57.0593 23.0099 5.61622
    endloop
  endfacet
  facet normal 0 -1 0
    outer loop
      vertex -57.2559 23.0099 5.25856
      vertex -47.7441 23.0099 5.25856
      vertex -47.9407 23.0099 5.61622
    endloop
  endfacet
  facet normal 0 -1 0
    outer loop
      vertex -57.4958 23.0099 4.92837
      vertex -47.7441 23.0099 5.25856
      vertex -57.2559 23.0099 5.25856
    endloop
  endfacet
  facet normal 0 -1 0
    outer loop
      vertex -57.4958 23.0099 4.92837
      vertex -47.5042 23.0099 4.92837
      vertex -47.7441 23.0099 5.25856
    endloop
  endfacet
  facet normal 0 -1 0
    outer loop
      vertex -57.7752 23.0099 4.63085
      vertex -47.5042 23.0099 4.92837
      vertex -57.4958 23.0099 4.92837
    endloop
  endfacet
  facet normal 0 -1 0
    outer loop
      vertex -57.7752 23.0099 4.63085
      vertex -47.2248 23.0099 4.63085
      vertex -47.5042 23.0099 4.92837
    endloop
  endfacet
  facet normal 0 -1 0
    outer loop
      vertex -58.0897 23.0099 4.37069
      vertex -47.2248 23.0099 4.63085
      vertex -57.7752 23.0099 4.63085
    endloop
  endfacet
  facet normal 0 -1 0
    outer loop
      vertex -58.0897 23.0099 4.37069
      vertex -46.9103 23.0099 4.37069
      vertex -47.2248 23.0099 4.63085
    endloop
  endfacet
  facet normal 0 -1 0
    outer loop
      vertex -58.4343 23.0099 4.152
      vertex -46.9103 23.0099 4.37069
      vertex -58.0897 23.0099 4.37069
    endloop
  endfacet
  facet normal 0 -1 0
    outer loop
      vertex -58.4343 23.0099 4.152
      vertex -46.5657 23.0099 4.152
      vertex -46.9103 23.0099 4.37069
    endloop
  endfacet
  facet normal 0 -1 0
    outer loop
      vertex -58.8036 23.0099 3.97823
      vertex -46.5657 23.0099 4.152
      vertex -58.4343 23.0099 4.152
    endloop
  endfacet
  facet normal 0 -1 0
    outer loop
      vertex -58.8036 23.0099 3.97823
      vertex -46.1964 23.0099 3.97823
      vertex -46.5657 23.0099 4.152
    endloop
  endfacet
  facet normal 0 -1 0
    outer loop
      vertex -59.1918 23.0099 3.8521
      vertex -46.1964 23.0099 3.97823
      vertex -58.8036 23.0099 3.97823
    endloop
  endfacet
  facet normal 0 -1 0
    outer loop
      vertex -59.1918 23.0099 3.8521
      vertex -45.8082 23.0099 3.8521
      vertex -46.1964 23.0099 3.97823
    endloop
  endfacet
  facet normal 0 -1 0
    outer loop
      vertex -68 23.0099 0
      vertex -59.1918 23.0099 3.8521
      vertex -59.5927 23.0099 3.77563
    endloop
  endfacet
  facet normal 0 -1 -0
    outer loop
      vertex -59.1918 23.0099 3.8521
      vertex -68 23.0099 0
      vertex -45.8082 23.0099 3.8521
    endloop
  endfacet
  facet normal 0 -1 0
    outer loop
      vertex -68 23.0099 0
      vertex -59.5927 23.0099 3.77563
      vertex -60 23.0099 3.75
    endloop
  endfacet
  facet normal 0 -1 -0
    outer loop
      vertex -45.8082 23.0099 3.8521
      vertex -68 23.0099 0
      vertex -45.4073 23.0099 3.77563
    endloop
  endfacet
  facet normal 0 -1 0
    outer loop
      vertex -59.5927 23.0099 10.2244
      vertex -68 23.0099 14
      vertex -60 23.0099 10.25
    endloop
  endfacet
  facet normal 0 -1 0
    outer loop
      vertex -68 23.0099 14
      vertex -60.4073 23.0099 10.2244
      vertex -60 23.0099 10.25
    endloop
  endfacet
  facet normal 0 -1 0
    outer loop
      vertex -68 23.0099 14
      vertex -60.8082 23.0099 10.1479
      vertex -60.4073 23.0099 10.2244
    endloop
  endfacet
  facet normal 0 -1 0
    outer loop
      vertex -68 23.0099 14
      vertex -61.1964 23.0099 10.0218
      vertex -60.8082 23.0099 10.1479
    endloop
  endfacet
  facet normal 0 -1 0
    outer loop
      vertex -68 23.0099 14
      vertex -61.5657 23.0099 9.848
      vertex -61.1964 23.0099 10.0218
    endloop
  endfacet
  facet normal 0 -1 0
    outer loop
      vertex -68 23.0099 14
      vertex -61.9103 23.0099 9.6293
      vertex -61.5657 23.0099 9.848
    endloop
  endfacet
  facet normal 0 -1 0
    outer loop
      vertex -68 23.0099 14
      vertex -62.2248 23.0099 9.36915
      vertex -61.9103 23.0099 9.6293
    endloop
  endfacet
  facet normal 0 -1 0
    outer loop
      vertex -68 23.0099 14
      vertex -62.5042 23.0099 9.07163
      vertex -62.2248 23.0099 9.36915
    endloop
  endfacet
  facet normal 0 -1 0
    outer loop
      vertex -68 23.0099 14
      vertex -62.7441 23.0099 8.74144
      vertex -62.5042 23.0099 9.07163
    endloop
  endfacet
  facet normal 0 -1 0
    outer loop
      vertex -68 23.0099 14
      vertex -62.9407 23.0099 8.38378
      vertex -62.7441 23.0099 8.74144
    endloop
  endfacet
  facet normal 0 -1 0
    outer loop
      vertex -68 23.0099 14
      vertex -63.0909 23.0099 8.0043
      vertex -62.9407 23.0099 8.38378
    endloop
  endfacet
  facet normal 0 -1 0
    outer loop
      vertex -68 23.0099 14
      vertex -63.1924 23.0099 7.60899
      vertex -63.0909 23.0099 8.0043
    endloop
  endfacet
  facet normal 0 -1 0
    outer loop
      vertex -68 23.0099 14
      vertex -63.2436 23.0099 7.20407
      vertex -63.1924 23.0099 7.60899
    endloop
  endfacet
  facet normal 0 -1 0
    outer loop
      vertex -68 23.0099 14
      vertex -63.2436 23.0099 6.79593
      vertex -63.2436 23.0099 7.20407
    endloop
  endfacet
  facet normal 0 -1 0
    outer loop
      vertex -68 23.0099 0
      vertex -63.2436 23.0099 6.79593
      vertex -68 23.0099 14
    endloop
  endfacet
  facet normal 0 -1 -0
    outer loop
      vertex -63.2436 23.0099 6.79593
      vertex -68 23.0099 0
      vertex -63.1924 23.0099 6.39101
    endloop
  endfacet
  facet normal 0 -1 -0
    outer loop
      vertex -63.1924 23.0099 6.39101
      vertex -68 23.0099 0
      vertex -63.0909 23.0099 5.99569
    endloop
  endfacet
  facet normal 0 -1 -0
    outer loop
      vertex -63.0909 23.0099 5.99569
      vertex -68 23.0099 0
      vertex -62.9407 23.0099 5.61622
    endloop
  endfacet
  facet normal 0 -1 -0
    outer loop
      vertex -45.4073 23.0099 3.77563
      vertex -68 23.0099 0
      vertex -45 23.0099 3.75
    endloop
  endfacet
  facet normal 0 -1 -0
    outer loop
      vertex -45 23.0099 3.75
      vertex -68 23.0099 0
      vertex -30 23.0099 3.75
    endloop
  endfacet
  facet normal 0 -1 -0
    outer loop
      vertex -30 23.0099 3.75
      vertex -68 23.0099 0
      vertex -15 23.0099 3.75
    endloop
  endfacet
  facet normal 0 -1 0
    outer loop
      vertex 38.7032 23.0099 0
      vertex -15 23.0099 3.75
      vertex -68 23.0099 0
    endloop
  endfacet
  facet normal 0 -1 0
    outer loop
      vertex -15 23.0099 3.75
      vertex 38.7032 23.0099 0
      vertex 0 23.0099 3.75
    endloop
  endfacet
  facet normal 0 -1 0
    outer loop
      vertex 0 23.0099 3.75
      vertex 38.7032 23.0099 0
      vertex 15 23.0099 3.75
    endloop
  endfacet
  facet normal 0 -1 -0
    outer loop
      vertex -60.4073 23.0099 3.77563
      vertex -68 23.0099 0
      vertex -60 23.0099 3.75
    endloop
  endfacet
  facet normal 0 -1 -0
    outer loop
      vertex -60.8082 23.0099 3.8521
      vertex -68 23.0099 0
      vertex -60.4073 23.0099 3.77563
    endloop
  endfacet
  facet normal 0 -1 -0
    outer loop
      vertex -61.1964 23.0099 3.97823
      vertex -68 23.0099 0
      vertex -60.8082 23.0099 3.8521
    endloop
  endfacet
  facet normal 0 -1 -0
    outer loop
      vertex -61.5657 23.0099 4.152
      vertex -68 23.0099 0
      vertex -61.1964 23.0099 3.97823
    endloop
  endfacet
  facet normal 0 -1 -0
    outer loop
      vertex -61.9103 23.0099 4.37069
      vertex -68 23.0099 0
      vertex -61.5657 23.0099 4.152
    endloop
  endfacet
  facet normal 0 -1 -0
    outer loop
      vertex -62.2248 23.0099 4.63085
      vertex -68 23.0099 0
      vertex -61.9103 23.0099 4.37069
    endloop
  endfacet
  facet normal 0 -1 -0
    outer loop
      vertex -62.5042 23.0099 4.92837
      vertex -68 23.0099 0
      vertex -62.2248 23.0099 4.63085
    endloop
  endfacet
  facet normal 0 -1 -0
    outer loop
      vertex -62.7441 23.0099 5.25856
      vertex -68 23.0099 0
      vertex -62.5042 23.0099 4.92837
    endloop
  endfacet
  facet normal 0 -1 -0
    outer loop
      vertex -62.9407 23.0099 5.61622
      vertex -68 23.0099 0
      vertex -62.7441 23.0099 5.25856
    endloop
  endfacet
  facet normal 0 -1 0
    outer loop
      vertex -30 23.0099 10.25
      vertex -68 23.0099 14
      vertex -45 23.0099 10.25
    endloop
  endfacet
  facet normal 0 -1 0
    outer loop
      vertex -15 23.0099 10.25
      vertex -68 23.0099 14
      vertex -30 23.0099 10.25
    endloop
  endfacet
  facet normal 0 -1 0
    outer loop
      vertex -68 23.0099 14
      vertex -15 23.0099 10.25
      vertex 38.7032 23.0099 14
    endloop
  endfacet
  facet normal 0 -1 0
    outer loop
      vertex 0 23.0099 10.25
      vertex 38.7032 23.0099 14
      vertex -15 23.0099 10.25
    endloop
  endfacet
  facet normal 0 -1 0
    outer loop
      vertex 15 23.0099 10.25
      vertex 38.7032 23.0099 14
      vertex 0 23.0099 10.25
    endloop
  endfacet
  facet normal 0 -1 0
    outer loop
      vertex 15.4073 23.0099 10.2244
      vertex 38.7032 23.0099 14
      vertex 15 23.0099 10.25
    endloop
  endfacet
  facet normal 0 -1 0
    outer loop
      vertex 30.4073 23.0099 10.2244
      vertex 38.7032 23.0099 14
      vertex 30 23.0099 10.25
    endloop
  endfacet
  facet normal 0 -1 0
    outer loop
      vertex 30.8082 23.0099 10.1479
      vertex 38.7032 23.0099 14
      vertex 30.4073 23.0099 10.2244
    endloop
  endfacet
  facet normal 0 -1 0
    outer loop
      vertex 31.1964 23.0099 10.0218
      vertex 38.7032 23.0099 14
      vertex 30.8082 23.0099 10.1479
    endloop
  endfacet
  facet normal 0 -1 0
    outer loop
      vertex 31.5657 23.0099 9.848
      vertex 38.7032 23.0099 14
      vertex 31.1964 23.0099 10.0218
    endloop
  endfacet
  facet normal 0 -1 0
    outer loop
      vertex 31.9103 23.0099 9.6293
      vertex 38.7032 23.0099 14
      vertex 31.5657 23.0099 9.848
    endloop
  endfacet
  facet normal 0 -1 0
    outer loop
      vertex 32.2248 23.0099 9.36915
      vertex 38.7032 23.0099 14
      vertex 31.9103 23.0099 9.6293
    endloop
  endfacet
  facet normal 0 -1 0
    outer loop
      vertex 32.5042 23.0099 9.07163
      vertex 38.7032 23.0099 14
      vertex 32.2248 23.0099 9.36915
    endloop
  endfacet
  facet normal 0 -1 0
    outer loop
      vertex 32.7441 23.0099 8.74144
      vertex 38.7032 23.0099 14
      vertex 32.5042 23.0099 9.07163
    endloop
  endfacet
  facet normal 0 -1 0
    outer loop
      vertex 32.9407 23.0099 8.38378
      vertex 38.7032 23.0099 14
      vertex 32.7441 23.0099 8.74144
    endloop
  endfacet
  facet normal 0 -1 0
    outer loop
      vertex 33.0909 23.0099 8.0043
      vertex 38.7032 23.0099 14
      vertex 32.9407 23.0099 8.38378
    endloop
  endfacet
  facet normal 0 -1 0
    outer loop
      vertex 33.1924 23.0099 7.60899
      vertex 38.7032 23.0099 14
      vertex 33.0909 23.0099 8.0043
    endloop
  endfacet
  facet normal 0 -1 0
    outer loop
      vertex 33.2436 23.0099 7.20407
      vertex 38.7032 23.0099 14
      vertex 33.1924 23.0099 7.60899
    endloop
  endfacet
  facet normal 0 -1 0
    outer loop
      vertex 33.2436 23.0099 6.79593
      vertex 38.7032 23.0099 14
      vertex 33.2436 23.0099 7.20407
    endloop
  endfacet
  facet normal 0 -1 0
    outer loop
      vertex 38.7032 23.0099 0
      vertex 33.2436 23.0099 6.79593
      vertex 33.1924 23.0099 6.39101
    endloop
  endfacet
  facet normal 0 -1 0
    outer loop
      vertex 38.7032 23.0099 0
      vertex 33.1924 23.0099 6.39101
      vertex 33.0909 23.0099 5.99569
    endloop
  endfacet
  facet normal 0 -1 0
    outer loop
      vertex 38.7032 23.0099 0
      vertex 33.0909 23.0099 5.99569
      vertex 32.9407 23.0099 5.61622
    endloop
  endfacet
  facet normal 0 -1 0
    outer loop
      vertex 38.7032 23.0099 0
      vertex 32.9407 23.0099 5.61622
      vertex 32.7441 23.0099 5.25856
    endloop
  endfacet
  facet normal 0 -1 0
    outer loop
      vertex 33.2436 23.0099 6.79593
      vertex 38.7032 23.0099 0
      vertex 38.7032 23.0099 14
    endloop
  endfacet
  facet normal 0 -1 0
    outer loop
      vertex 32.5042 23.0099 4.92837
      vertex 38.7032 23.0099 0
      vertex 32.7441 23.0099 5.25856
    endloop
  endfacet
  facet normal 0 -1 0
    outer loop
      vertex 32.2248 23.0099 4.63085
      vertex 38.7032 23.0099 0
      vertex 32.5042 23.0099 4.92837
    endloop
  endfacet
  facet normal 0 -1 0
    outer loop
      vertex 31.9103 23.0099 4.37069
      vertex 38.7032 23.0099 0
      vertex 32.2248 23.0099 4.63085
    endloop
  endfacet
  facet normal 0 -1 0
    outer loop
      vertex 31.5657 23.0099 4.152
      vertex 38.7032 23.0099 0
      vertex 31.9103 23.0099 4.37069
    endloop
  endfacet
  facet normal 0 -1 0
    outer loop
      vertex 31.1964 23.0099 3.97823
      vertex 38.7032 23.0099 0
      vertex 31.5657 23.0099 4.152
    endloop
  endfacet
  facet normal 0 -1 0
    outer loop
      vertex 30.8082 23.0099 3.8521
      vertex 38.7032 23.0099 0
      vertex 31.1964 23.0099 3.97823
    endloop
  endfacet
  facet normal 0 -1 0
    outer loop
      vertex 30.4073 23.0099 3.77563
      vertex 38.7032 23.0099 0
      vertex 30.8082 23.0099 3.8521
    endloop
  endfacet
  facet normal 0 -1 0
    outer loop
      vertex 30 23.0099 3.75
      vertex 38.7032 23.0099 0
      vertex 30.4073 23.0099 3.77563
    endloop
  endfacet
  facet normal 0 -1 0
    outer loop
      vertex 29.5927 23.0099 3.77563
      vertex 38.7032 23.0099 0
      vertex 30 23.0099 3.75
    endloop
  endfacet
  facet normal -0.99803 0.0627451 0
    outer loop
      vertex -82 32 0
      vertex -81.9606 32.6267 14
      vertex -81.9606 32.6267 0
    endloop
  endfacet
  facet normal -0.99803 0.0627451 0
    outer loop
      vertex -81.9606 32.6267 14
      vertex -82 32 0
      vertex -82 32 14
    endloop
  endfacet
  facet normal 0.99803 -0.0627451 0
    outer loop
      vertex 81.9606 27.3733 14
      vertex 82 28 0
      vertex 82 28 14
    endloop
  endfacet
  facet normal 0.99803 -0.0627451 0
    outer loop
      vertex 82 28 0
      vertex 81.9606 27.3733 14
      vertex 81.9606 27.3733 0
    endloop
  endfacet
  facet normal 0.125328 -0.992115 0
    outer loop
      vertex 77.3139 23.0099 9.27419
      vertex 77.9369 23.0886 14
      vertex 77.3139 23.0099 14
    endloop
  endfacet
  facet normal 0.12515 -0.992138 2.3809e-05
    outer loop
      vertex 77.5042 23.0339 9.07163
      vertex 77.9369 23.0886 14
      vertex 77.3139 23.0099 9.27419
    endloop
  endfacet
  facet normal 0.125319 -0.992116 8.7743e-06
    outer loop
      vertex 77.7441 23.0642 8.74144
      vertex 77.9369 23.0886 14
      vertex 77.5042 23.0339 9.07163
    endloop
  endfacet
  facet normal 0.125555 -0.992087 0
    outer loop
      vertex 77.9369 23.0886 14
      vertex 77.7441 23.0642 8.74144
      vertex 77.9369 23.0886 8.39066
    endloop
  endfacet
  facet normal 0.125328 -0.992115 0
    outer loop
      vertex 77.9369 23.0886 0
      vertex 77.3139 23.0099 4.72581
      vertex 77.3139 23.0099 0
    endloop
  endfacet
  facet normal 0.12515 -0.992138 -2.3809e-05
    outer loop
      vertex 77.3139 23.0099 4.72581
      vertex 77.9369 23.0886 0
      vertex 77.5042 23.0339 4.92837
    endloop
  endfacet
  facet normal 0.125319 -0.992116 -8.7743e-06
    outer loop
      vertex 77.5042 23.0339 4.92837
      vertex 77.9369 23.0886 0
      vertex 77.7441 23.0642 5.25856
    endloop
  endfacet
  facet normal 0.125555 -0.992087 0
    outer loop
      vertex 77.7441 23.0642 5.25856
      vertex 77.9369 23.0886 0
      vertex 77.9369 23.0886 5.60934
    endloop
  endfacet
  facet normal 0.368203 0.929745 -0
    outer loop
      vertex 79.1289 36.5241 0
      vertex 78.5451 36.7553 14
      vertex 79.1289 36.5241 14
    endloop
  endfacet
  facet normal 0.368203 0.929745 0
    outer loop
      vertex 78.5451 36.7553 14
      vertex 79.1289 36.5241 0
      vertex 78.5451 36.7553 0
    endloop
  endfacet
  facet normal -0.481784 0.87629 0
    outer loop
      vertex -79.1289 36.5241 0
      vertex -79.6791 36.2216 14
      vertex -79.1289 36.5241 14
    endloop
  endfacet
  facet normal -0.481784 0.87629 0
    outer loop
      vertex -79.6791 36.2216 14
      vertex -79.1289 36.5241 0
      vertex -79.6791 36.2216 0
    endloop
  endfacet
  facet normal -0.125328 0.992115 0
    outer loop
      vertex -77.3139 36.9901 0
      vertex -77.9369 36.9114 14
      vertex -77.3139 36.9901 14
    endloop
  endfacet
  facet normal -0.125328 0.992115 0
    outer loop
      vertex -77.9369 36.9114 14
      vertex -77.3139 36.9901 0
      vertex -77.9369 36.9114 0
    endloop
  endfacet
  facet normal -0.951061 0.309003 0
    outer loop
      vertex -81.8429 33.2435 0
      vertex -81.6489 33.8406 14
      vertex -81.6489 33.8406 0
    endloop
  endfacet
  facet normal -0.951061 0.309003 0
    outer loop
      vertex -81.6489 33.8406 14
      vertex -81.8429 33.2435 0
      vertex -81.8429 33.2435 14
    endloop
  endfacet
  facet normal 0 0 1
    outer loop
      vertex 77.3139 36.9901 14
      vertex 82 32 14
      vertex 81.9606 32.6267 14
    endloop
  endfacet
  facet normal 0 0 1
    outer loop
      vertex 76.3462 23.0099 14
      vertex 82 32 14
      vertex 77.3139 36.9901 14
    endloop
  endfacet
  facet normal 0 0 1
    outer loop
      vertex 77.3139 36.9901 14
      vertex 81.9606 32.6267 14
      vertex 81.8429 33.2435 14
    endloop
  endfacet
  facet normal 0 0 1
    outer loop
      vertex 82 32 14
      vertex 76.3462 23.0099 14
      vertex 82 28 14
    endloop
  endfacet
  facet normal 0 0 1
    outer loop
      vertex 77.3139 36.9901 14
      vertex 81.8429 33.2435 14
      vertex 81.6489 33.8406 14
    endloop
  endfacet
  facet normal 0 -0 1
    outer loop
      vertex 77.3139 23.0099 14
      vertex 82 28 14
      vertex 76.3462 23.0099 14
    endloop
  endfacet
  facet normal 0 0 1
    outer loop
      vertex 77.3139 36.9901 14
      vertex 81.6489 33.8406 14
      vertex 81.3815 34.4088 14
    endloop
  endfacet
  facet normal 0 0 1
    outer loop
      vertex 81.9606 27.3733 14
      vertex 77.3139 23.0099 14
      vertex 81.8429 26.7565 14
    endloop
  endfacet
  facet normal 0 0 1
    outer loop
      vertex 77.3139 36.9901 14
      vertex 81.3815 34.4088 14
      vertex 81.0451 34.9389 14
    endloop
  endfacet
  facet normal 0 0 1
    outer loop
      vertex 81.8429 26.7565 14
      vertex 77.3139 23.0099 14
      vertex 81.6489 26.1594 14
    endloop
  endfacet
  facet normal 0 0 1
    outer loop
      vertex 77.3139 36.9901 14
      vertex 81.0451 34.9389 14
      vertex 80.6448 35.4227 14
    endloop
  endfacet
  facet normal 0 0 1
    outer loop
      vertex 81.6489 26.1594 14
      vertex 77.3139 23.0099 14
      vertex 81.3815 25.5912 14
    endloop
  endfacet
  facet normal 0 0 1
    outer loop
      vertex 77.3139 36.9901 14
      vertex 80.6448 35.4227 14
      vertex 80.1871 35.8526 14
    endloop
  endfacet
  facet normal 0 0 1
    outer loop
      vertex 81.3815 25.5912 14
      vertex 77.3139 23.0099 14
      vertex 81.0451 25.0611 14
    endloop
  endfacet
  facet normal 0 0 1
    outer loop
      vertex 77.3139 36.9901 14
      vertex 80.1871 35.8526 14
      vertex 79.6791 36.2216 14
    endloop
  endfacet
  facet normal 0 0 1
    outer loop
      vertex 81.0451 25.0611 14
      vertex 77.3139 23.0099 14
      vertex 80.6448 24.5773 14
    endloop
  endfacet
  facet normal 0 0 1
    outer loop
      vertex 77.3139 36.9901 14
      vertex 79.6791 36.2216 14
      vertex 79.1289 36.5241 14
    endloop
  endfacet
  facet normal 0 0 1
    outer loop
      vertex 80.6448 24.5773 14
      vertex 77.3139 23.0099 14
      vertex 80.1871 24.1474 14
    endloop
  endfacet
  facet normal 0 0 1
    outer loop
      vertex 77.3139 36.9901 14
      vertex 79.1289 36.5241 14
      vertex 78.5451 36.7553 14
    endloop
  endfacet
  facet normal 0 0 1
    outer loop
      vertex 80.1871 24.1474 14
      vertex 77.3139 23.0099 14
      vertex 79.6791 23.7784 14
    endloop
  endfacet
  facet normal 0 0 1
    outer loop
      vertex 77.3139 36.9901 14
      vertex 78.5451 36.7553 14
      vertex 77.9369 36.9114 14
    endloop
  endfacet
  facet normal 0 0 1
    outer loop
      vertex 82 28 14
      vertex 77.3139 23.0099 14
      vertex 81.9606 27.3733 14
    endloop
  endfacet
  facet normal 0 0 1
    outer loop
      vertex 79.6791 23.7784 14
      vertex 77.3139 23.0099 14
      vertex 79.1289 23.4759 14
    endloop
  endfacet
  facet normal 0 0 1
    outer loop
      vertex 79.1289 23.4759 14
      vertex 77.3139 23.0099 14
      vertex 78.5451 23.2447 14
    endloop
  endfacet
  facet normal 0 0 1
    outer loop
      vertex 78.5451 23.2447 14
      vertex 77.3139 23.0099 14
      vertex 77.9369 23.0886 14
    endloop
  endfacet
  facet normal 0 0 1
    outer loop
      vertex 77.3139 36.9901 14
      vertex 38.7032 23.0099 14
      vertex 76.3462 23.0099 14
    endloop
  endfacet
  facet normal -0 0 1
    outer loop
      vertex -77.3139 36.9901 14
      vertex 38.7032 23.0099 14
      vertex 77.3139 36.9901 14
    endloop
  endfacet
  facet normal 0 0 1
    outer loop
      vertex -82 32 14
      vertex -68 -19.6714 14
      vertex -68 23.0099 14
    endloop
  endfacet
  facet normal 0 0 1
    outer loop
      vertex -68 -19.6714 14
      vertex -82 -32 14
      vertex -69.1671 -35.1955 14
    endloop
  endfacet
  facet normal 0 -0 1
    outer loop
      vertex -72.6861 -36.9901 14
      vertex -69.1671 -35.1955 14
      vertex -82 -32 14
    endloop
  endfacet
  facet normal 0 -0 1
    outer loop
      vertex -69.8129 -35.8526 14
      vertex -69.1671 -35.1955 14
      vertex -72.6861 -36.9901 14
    endloop
  endfacet
  facet normal 0 0 1
    outer loop
      vertex -69.1671 -35.1955 14
      vertex -69.8129 -35.8526 14
      vertex -69.3552 -35.4227 14
    endloop
  endfacet
  facet normal 0 0 1
    outer loop
      vertex -69.8129 -35.8526 14
      vertex -72.6861 -36.9901 14
      vertex -70.3209 -36.2216 14
    endloop
  endfacet
  facet normal 0 0 1
    outer loop
      vertex -70.3209 -36.2216 14
      vertex -72.6861 -36.9901 14
      vertex -70.8711 -36.5241 14
    endloop
  endfacet
  facet normal 0 0 1
    outer loop
      vertex -70.8711 -36.5241 14
      vertex -72.6861 -36.9901 14
      vertex -71.4549 -36.7553 14
    endloop
  endfacet
  facet normal 0 0 1
    outer loop
      vertex 38.7032 23.0099 14
      vertex -77.3139 36.9901 14
      vertex -68 23.0099 14
    endloop
  endfacet
  facet normal -0 0 1
    outer loop
      vertex -82 32 14
      vertex -68 23.0099 14
      vertex -77.3139 36.9901 14
    endloop
  endfacet
  facet normal 0 0 1
    outer loop
      vertex -68 -19.6714 14
      vertex -82 32 14
      vertex -82 -32 14
    endloop
  endfacet
  facet normal 0 0 1
    outer loop
      vertex -82 32 14
      vertex -77.3139 36.9901 14
      vertex -77.9369 36.9114 14
    endloop
  endfacet
  facet normal 0 0 1
    outer loop
      vertex -71.4549 -36.7553 14
      vertex -72.6861 -36.9901 14
      vertex -72.0631 -36.9114 14
    endloop
  endfacet
  facet normal 0 0 1
    outer loop
      vertex -82 32 14
      vertex -77.9369 36.9114 14
      vertex -78.5451 36.7553 14
    endloop
  endfacet
  facet normal 0 0 1
    outer loop
      vertex -72.6861 -36.9901 14
      vertex -82 -32 14
      vertex -77.3139 -36.9901 14
    endloop
  endfacet
  facet normal 0 0 1
    outer loop
      vertex -82 32 14
      vertex -78.5451 36.7553 14
      vertex -79.1289 36.5241 14
    endloop
  endfacet
  facet normal 0 0 1
    outer loop
      vertex -77.3139 -36.9901 14
      vertex -82 -32 14
      vertex -77.9369 -36.9114 14
    endloop
  endfacet
  facet normal 0 0 1
    outer loop
      vertex -82 32 14
      vertex -79.1289 36.5241 14
      vertex -79.6791 36.2216 14
    endloop
  endfacet
  facet normal 0 0 1
    outer loop
      vertex -77.9369 -36.9114 14
      vertex -82 -32 14
      vertex -78.5451 -36.7553 14
    endloop
  endfacet
  facet normal 0 0 1
    outer loop
      vertex -82 32 14
      vertex -79.6791 36.2216 14
      vertex -80.1871 35.8526 14
    endloop
  endfacet
  facet normal 0 0 1
    outer loop
      vertex -78.5451 -36.7553 14
      vertex -82 -32 14
      vertex -79.1289 -36.5241 14
    endloop
  endfacet
  facet normal 0 0 1
    outer loop
      vertex -82 32 14
      vertex -80.1871 35.8526 14
      vertex -80.6448 35.4227 14
    endloop
  endfacet
  facet normal 0 0 1
    outer loop
      vertex -79.1289 -36.5241 14
      vertex -82 -32 14
      vertex -79.6791 -36.2216 14
    endloop
  endfacet
  facet normal 0 0 1
    outer loop
      vertex -82 32 14
      vertex -80.6448 35.4227 14
      vertex -81.0451 34.9389 14
    endloop
  endfacet
  facet normal 0 0 1
    outer loop
      vertex -79.6791 -36.2216 14
      vertex -82 -32 14
      vertex -80.1871 -35.8526 14
    endloop
  endfacet
  facet normal 0 0 1
    outer loop
      vertex -82 32 14
      vertex -81.0451 34.9389 14
      vertex -81.3815 34.4088 14
    endloop
  endfacet
  facet normal 0 0 1
    outer loop
      vertex -80.1871 -35.8526 14
      vertex -82 -32 14
      vertex -80.6448 -35.4227 14
    endloop
  endfacet
  facet normal 0 0 1
    outer loop
      vertex -82 32 14
      vertex -81.3815 34.4088 14
      vertex -81.6489 33.8406 14
    endloop
  endfacet
  facet normal 0 0 1
    outer loop
      vertex -80.6448 -35.4227 14
      vertex -82 -32 14
      vertex -81.0451 -34.9389 14
    endloop
  endfacet
  facet normal 0 0 1
    outer loop
      vertex -82 32 14
      vertex -81.6489 33.8406 14
      vertex -81.8429 33.2435 14
    endloop
  endfacet
  facet normal 0 0 1
    outer loop
      vertex -81.0451 -34.9389 14
      vertex -82 -32 14
      vertex -81.3815 -34.4088 14
    endloop
  endfacet
  facet normal 0 0 1
    outer loop
      vertex -82 32 14
      vertex -81.8429 33.2435 14
      vertex -81.9606 32.6267 14
    endloop
  endfacet
  facet normal 0 0 1
    outer loop
      vertex -81.3815 -34.4088 14
      vertex -82 -32 14
      vertex -81.6489 -33.8406 14
    endloop
  endfacet
  facet normal 0 0 1
    outer loop
      vertex -81.6489 -33.8406 14
      vertex -82 -32 14
      vertex -81.8429 -33.2435 14
    endloop
  endfacet
  facet normal 0 0 1
    outer loop
      vertex -81.8429 -33.2435 14
      vertex -82 -32 14
      vertex -81.9606 -32.6267 14
    endloop
  endfacet
  facet normal 0 0 1
    outer loop
      vertex -69.1671 -35.1955 14
      vertex 38.7032 23.0099 14
      vertex -68 -19.6714 14
    endloop
  endfacet
  facet normal -0 0 1
    outer loop
      vertex 38.7032 23.0099 14
      vertex -69.1671 -35.1955 14
      vertex 76.3462 23.0099 14
    endloop
  endfacet
  facet normal 0.770462 -0.637486 0
    outer loop
      vertex 80.6448 24.5773 14
      vertex 81.0451 25.0611 0
      vertex 81.0451 25.0611 14
    endloop
  endfacet
  facet normal 0.770462 -0.637486 0
    outer loop
      vertex 81.0451 25.0611 0
      vertex 80.6448 24.5773 14
      vertex 80.6448 24.5773 0
    endloop
  endfacet
  facet normal 0.951061 0.309003 0
    outer loop
      vertex 81.8429 33.2435 14
      vertex 81.6489 33.8406 0
      vertex 81.6489 33.8406 14
    endloop
  endfacet
  facet normal 0.951061 0.309003 0
    outer loop
      vertex 81.6489 33.8406 0
      vertex 81.8429 33.2435 14
      vertex 81.8429 33.2435 0
    endloop
  endfacet
  facet normal 0.770462 0.637486 0
    outer loop
      vertex 81.0451 34.9389 14
      vertex 80.6448 35.4227 0
      vertex 80.6448 35.4227 14
    endloop
  endfacet
  facet normal 0.770462 0.637486 0
    outer loop
      vertex 80.6448 35.4227 0
      vertex 81.0451 34.9389 14
      vertex 81.0451 34.9389 0
    endloop
  endfacet
  facet normal 0.684624 0.728896 -0
    outer loop
      vertex 80.6448 35.4227 0
      vertex 80.1871 35.8526 14
      vertex 80.6448 35.4227 14
    endloop
  endfacet
  facet normal 0.684624 0.728896 0
    outer loop
      vertex 80.1871 35.8526 14
      vertex 80.6448 35.4227 0
      vertex 80.1871 35.8526 0
    endloop
  endfacet
  facet normal 0.125555 0.992087 -0
    outer loop
      vertex 77.9369 36.9114 0
      vertex 77.7441 36.9358 5.25856
      vertex 77.9369 36.9114 5.60934
    endloop
  endfacet
  facet normal 0.125319 0.992116 -8.7743e-06
    outer loop
      vertex 77.9369 36.9114 0
      vertex 77.5042 36.9661 4.92837
      vertex 77.7441 36.9358 5.25856
    endloop
  endfacet
  facet normal 0.12515 0.992138 -2.3809e-05
    outer loop
      vertex 77.9369 36.9114 0
      vertex 77.3139 36.9901 4.72581
      vertex 77.5042 36.9661 4.92837
    endloop
  endfacet
  facet normal 0.125328 0.992115 0
    outer loop
      vertex 77.3139 36.9901 4.72581
      vertex 77.9369 36.9114 0
      vertex 77.3139 36.9901 0
    endloop
  endfacet
  facet normal 0.125328 0.992115 0
    outer loop
      vertex 77.9369 36.9114 14
      vertex 77.3139 36.9901 9.27419
      vertex 77.3139 36.9901 14
    endloop
  endfacet
  facet normal 0.12515 0.992138 2.3809e-05
    outer loop
      vertex 77.9369 36.9114 14
      vertex 77.5042 36.9661 9.07163
      vertex 77.3139 36.9901 9.27419
    endloop
  endfacet
  facet normal 0.125319 0.992116 8.7743e-06
    outer loop
      vertex 77.9369 36.9114 14
      vertex 77.7441 36.9358 8.74144
      vertex 77.5042 36.9661 9.07163
    endloop
  endfacet
  facet normal 0.125555 0.992087 0
    outer loop
      vertex 77.7441 36.9358 8.74144
      vertex 77.9369 36.9114 14
      vertex 77.9369 36.9114 8.39066
    endloop
  endfacet
  facet normal -0.904811 0.425812 0
    outer loop
      vertex -81.6489 33.8406 0
      vertex -81.3815 34.4088 14
      vertex -81.3815 34.4088 0
    endloop
  endfacet
  facet normal -0.904811 0.425812 0
    outer loop
      vertex -81.3815 34.4088 14
      vertex -81.6489 33.8406 0
      vertex -81.6489 33.8406 14
    endloop
  endfacet
  facet normal 0 0 -1
    outer loop
      vertex -69.1671 -35.1955 0
      vertex 38.7032 23.0099 0
      vertex 76.3462 23.0099 0
    endloop
  endfacet
  facet normal 0 0 -1
    outer loop
      vertex -82 -32 0
      vertex -68 -19.6714 0
      vertex -69.1671 -35.1955 0
    endloop
  endfacet
  facet normal 0 0 -1
    outer loop
      vertex 38.7032 23.0099 0
      vertex -69.1671 -35.1955 0
      vertex -68 -19.6714 0
    endloop
  endfacet
  facet normal 0 0 -1
    outer loop
      vertex 77.3139 23.0099 0
      vertex 82 28 0
      vertex 81.9606 27.3733 0
    endloop
  endfacet
  facet normal -0 0 -1
    outer loop
      vertex 82 28 0
      vertex 76.3462 23.0099 0
      vertex 82 32 0
    endloop
  endfacet
  facet normal 0 0 -1
    outer loop
      vertex 77.3139 23.0099 0
      vertex 81.9606 27.3733 0
      vertex 81.8429 26.7565 0
    endloop
  endfacet
  facet normal 0 -0 -1
    outer loop
      vertex 77.3139 36.9901 0
      vertex 82 32 0
      vertex 76.3462 23.0099 0
    endloop
  endfacet
  facet normal 0 0 -1
    outer loop
      vertex 77.3139 23.0099 0
      vertex 81.8429 26.7565 0
      vertex 81.6489 26.1594 0
    endloop
  endfacet
  facet normal 0 0 -1
    outer loop
      vertex 82 32 0
      vertex 77.3139 36.9901 0
      vertex 81.9606 32.6267 0
    endloop
  endfacet
  facet normal 0 0 -1
    outer loop
      vertex 77.3139 23.0099 0
      vertex 81.6489 26.1594 0
      vertex 81.3815 25.5912 0
    endloop
  endfacet
  facet normal 0 0 -1
    outer loop
      vertex 81.9606 32.6267 0
      vertex 77.3139 36.9901 0
      vertex 81.8429 33.2435 0
    endloop
  endfacet
  facet normal 0 0 -1
    outer loop
      vertex 77.3139 23.0099 0
      vertex 81.3815 25.5912 0
      vertex 81.0451 25.0611 0
    endloop
  endfacet
  facet normal 0 0 -1
    outer loop
      vertex 81.8429 33.2435 0
      vertex 77.3139 36.9901 0
      vertex 81.6489 33.8406 0
    endloop
  endfacet
  facet normal 0 0 -1
    outer loop
      vertex 77.3139 23.0099 0
      vertex 81.0451 25.0611 0
      vertex 80.6448 24.5773 0
    endloop
  endfacet
  facet normal 0 0 -1
    outer loop
      vertex 81.6489 33.8406 0
      vertex 77.3139 36.9901 0
      vertex 81.3815 34.4088 0
    endloop
  endfacet
  facet normal 0 0 -1
    outer loop
      vertex 77.3139 23.0099 0
      vertex 80.6448 24.5773 0
      vertex 80.1871 24.1474 0
    endloop
  endfacet
  facet normal 0 0 -1
    outer loop
      vertex 81.3815 34.4088 0
      vertex 77.3139 36.9901 0
      vertex 81.0451 34.9389 0
    endloop
  endfacet
  facet normal 0 0 -1
    outer loop
      vertex 77.3139 23.0099 0
      vertex 80.1871 24.1474 0
      vertex 79.6791 23.7784 0
    endloop
  endfacet
  facet normal 0 0 -1
    outer loop
      vertex 81.0451 34.9389 0
      vertex 77.3139 36.9901 0
      vertex 80.6448 35.4227 0
    endloop
  endfacet
  facet normal 0 0 -1
    outer loop
      vertex 77.3139 23.0099 0
      vertex 79.6791 23.7784 0
      vertex 79.1289 23.4759 0
    endloop
  endfacet
  facet normal 0 0 -1
    outer loop
      vertex 80.6448 35.4227 0
      vertex 77.3139 36.9901 0
      vertex 80.1871 35.8526 0
    endloop
  endfacet
  facet normal 0 0 -1
    outer loop
      vertex 77.3139 23.0099 0
      vertex 79.1289 23.4759 0
      vertex 78.5451 23.2447 0
    endloop
  endfacet
  facet normal 0 0 -1
    outer loop
      vertex 80.1871 35.8526 0
      vertex 77.3139 36.9901 0
      vertex 79.6791 36.2216 0
    endloop
  endfacet
  facet normal 0 0 -1
    outer loop
      vertex 77.3139 23.0099 0
      vertex 78.5451 23.2447 0
      vertex 77.9369 23.0886 0
    endloop
  endfacet
  facet normal 0 0 -1
    outer loop
      vertex 79.6791 36.2216 0
      vertex 77.3139 36.9901 0
      vertex 79.1289 36.5241 0
    endloop
  endfacet
  facet normal 0 0 -1
    outer loop
      vertex 82 28 0
      vertex 77.3139 23.0099 0
      vertex 76.3462 23.0099 0
    endloop
  endfacet
  facet normal 0 0 -1
    outer loop
      vertex 79.1289 36.5241 0
      vertex 77.3139 36.9901 0
      vertex 78.5451 36.7553 0
    endloop
  endfacet
  facet normal 0 0 -1
    outer loop
      vertex 78.5451 36.7553 0
      vertex 77.3139 36.9901 0
      vertex 77.9369 36.9114 0
    endloop
  endfacet
  facet normal 0 0 -1
    outer loop
      vertex 38.7032 23.0099 0
      vertex 77.3139 36.9901 0
      vertex 76.3462 23.0099 0
    endloop
  endfacet
  facet normal 0 0 -1
    outer loop
      vertex -77.3139 36.9901 0
      vertex 38.7032 23.0099 0
      vertex -68 23.0099 0
    endloop
  endfacet
  facet normal 0 0 -1
    outer loop
      vertex -69.8129 -35.8526 0
      vertex -69.1671 -35.1955 0
      vertex -69.3552 -35.4227 0
    endloop
  endfacet
  facet normal 0 0 -1
    outer loop
      vertex -69.1671 -35.1955 0
      vertex -69.8129 -35.8526 0
      vertex -72.6861 -36.9901 0
    endloop
  endfacet
  facet normal 0 0 -1
    outer loop
      vertex -72.6861 -36.9901 0
      vertex -69.8129 -35.8526 0
      vertex -70.3209 -36.2216 0
    endloop
  endfacet
  facet normal 0 0 -1
    outer loop
      vertex -72.6861 -36.9901 0
      vertex -70.3209 -36.2216 0
      vertex -70.8711 -36.5241 0
    endloop
  endfacet
  facet normal 0 0 -1
    outer loop
      vertex -72.6861 -36.9901 0
      vertex -70.8711 -36.5241 0
      vertex -71.4549 -36.7553 0
    endloop
  endfacet
  facet normal 0 0 -1
    outer loop
      vertex -72.6861 -36.9901 0
      vertex -71.4549 -36.7553 0
      vertex -72.0631 -36.9114 0
    endloop
  endfacet
  facet normal -0 0 -1
    outer loop
      vertex -69.1671 -35.1955 0
      vertex -72.6861 -36.9901 0
      vertex -82 -32 0
    endloop
  endfacet
  facet normal 0 0 -1
    outer loop
      vertex -82 -32 0
      vertex -72.6861 -36.9901 0
      vertex -77.3139 -36.9901 0
    endloop
  endfacet
  facet normal 0 0 -1
    outer loop
      vertex 38.7032 23.0099 0
      vertex -77.3139 36.9901 0
      vertex 77.3139 36.9901 0
    endloop
  endfacet
  facet normal 0 0 -1
    outer loop
      vertex -82 32 0
      vertex -68 -19.6714 0
      vertex -82 -32 0
    endloop
  endfacet
  facet normal 0 0 -1
    outer loop
      vertex -82 -32 0
      vertex -77.3139 -36.9901 0
      vertex -77.9369 -36.9114 0
    endloop
  endfacet
  facet normal 0 0 -1
    outer loop
      vertex -68 -19.6714 0
      vertex -82 32 0
      vertex -68 23.0099 0
    endloop
  endfacet
  facet normal 0 0 -1
    outer loop
      vertex -82 -32 0
      vertex -77.9369 -36.9114 0
      vertex -78.5451 -36.7553 0
    endloop
  endfacet
  facet normal 0 0 -1
    outer loop
      vertex -68 23.0099 0
      vertex -82 32 0
      vertex -77.3139 36.9901 0
    endloop
  endfacet
  facet normal 0 0 -1
    outer loop
      vertex -82 -32 0
      vertex -78.5451 -36.7553 0
      vertex -79.1289 -36.5241 0
    endloop
  endfacet
  facet normal 0 0 -1
    outer loop
      vertex -77.3139 36.9901 0
      vertex -82 32 0
      vertex -77.9369 36.9114 0
    endloop
  endfacet
  facet normal 0 0 -1
    outer loop
      vertex -82 -32 0
      vertex -79.1289 -36.5241 0
      vertex -79.6791 -36.2216 0
    endloop
  endfacet
  facet normal 0 0 -1
    outer loop
      vertex -77.9369 36.9114 0
      vertex -82 32 0
      vertex -78.5451 36.7553 0
    endloop
  endfacet
  facet normal 0 0 -1
    outer loop
      vertex -82 -32 0
      vertex -79.6791 -36.2216 0
      vertex -80.1871 -35.8526 0
    endloop
  endfacet
  facet normal 0 0 -1
    outer loop
      vertex -78.5451 36.7553 0
      vertex -82 32 0
      vertex -79.1289 36.5241 0
    endloop
  endfacet
  facet normal 0 0 -1
    outer loop
      vertex -82 -32 0
      vertex -80.1871 -35.8526 0
      vertex -80.6448 -35.4227 0
    endloop
  endfacet
  facet normal 0 0 -1
    outer loop
      vertex -79.1289 36.5241 0
      vertex -82 32 0
      vertex -79.6791 36.2216 0
    endloop
  endfacet
  facet normal 0 0 -1
    outer loop
      vertex -82 -32 0
      vertex -80.6448 -35.4227 0
      vertex -81.0451 -34.9389 0
    endloop
  endfacet
  facet normal 0 0 -1
    outer loop
      vertex -79.6791 36.2216 0
      vertex -82 32 0
      vertex -80.1871 35.8526 0
    endloop
  endfacet
  facet normal 0 0 -1
    outer loop
      vertex -82 -32 0
      vertex -81.0451 -34.9389 0
      vertex -81.3815 -34.4088 0
    endloop
  endfacet
  facet normal 0 0 -1
    outer loop
      vertex -80.1871 35.8526 0
      vertex -82 32 0
      vertex -80.6448 35.4227 0
    endloop
  endfacet
  facet normal 0 0 -1
    outer loop
      vertex -82 -32 0
      vertex -81.3815 -34.4088 0
      vertex -81.6489 -33.8406 0
    endloop
  endfacet
  facet normal 0 0 -1
    outer loop
      vertex -80.6448 35.4227 0
      vertex -82 32 0
      vertex -81.0451 34.9389 0
    endloop
  endfacet
  facet normal 0 0 -1
    outer loop
      vertex -82 -32 0
      vertex -81.6489 -33.8406 0
      vertex -81.8429 -33.2435 0
    endloop
  endfacet
  facet normal 0 0 -1
    outer loop
      vertex -81.0451 34.9389 0
      vertex -82 32 0
      vertex -81.3815 34.4088 0
    endloop
  endfacet
  facet normal 0 0 -1
    outer loop
      vertex -82 -32 0
      vertex -81.8429 -33.2435 0
      vertex -81.9606 -32.6267 0
    endloop
  endfacet
  facet normal 0 0 -1
    outer loop
      vertex -81.3815 34.4088 0
      vertex -82 32 0
      vertex -81.6489 33.8406 0
    endloop
  endfacet
  facet normal 0 0 -1
    outer loop
      vertex -81.6489 33.8406 0
      vertex -82 32 0
      vertex -81.8429 33.2435 0
    endloop
  endfacet
  facet normal 0 0 -1
    outer loop
      vertex -81.8429 33.2435 0
      vertex -82 32 0
      vertex -81.9606 32.6267 0
    endloop
  endfacet
  facet normal 1 -0 0
    outer loop
      vertex 82 28 14
      vertex 82 32 0
      vertex 82 32 14
    endloop
  endfacet
  facet normal 1 0 0
    outer loop
      vertex 82 32 0
      vertex 82 28 14
      vertex 82 28 0
    endloop
  endfacet
  facet normal 0.982276 -0.187441 0
    outer loop
      vertex 81.8429 26.7565 14
      vertex 81.9606 27.3733 0
      vertex 81.9606 27.3733 14
    endloop
  endfacet
  facet normal 0.982276 -0.187441 0
    outer loop
      vertex 81.9606 27.3733 0
      vertex 81.8429 26.7565 14
      vertex 81.8429 26.7565 0
    endloop
  endfacet
  facet normal 0.904811 -0.425812 0
    outer loop
      vertex 81.3815 25.5912 14
      vertex 81.6489 26.1594 0
      vertex 81.6489 26.1594 14
    endloop
  endfacet
  facet normal 0.904811 -0.425812 0
    outer loop
      vertex 81.6489 26.1594 0
      vertex 81.3815 25.5912 14
      vertex 81.3815 25.5912 0
    endloop
  endfacet
  facet normal 0.844336 -0.535814 0
    outer loop
      vertex 81.0451 25.0611 14
      vertex 81.3815 25.5912 0
      vertex 81.3815 25.5912 14
    endloop
  endfacet
  facet normal 0.844336 -0.535814 0
    outer loop
      vertex 81.3815 25.5912 0
      vertex 81.0451 25.0611 14
      vertex 81.0451 25.0611 0
    endloop
  endfacet
  facet normal 0.587698 -0.80908 0
    outer loop
      vertex 79.6791 23.7784 0
      vertex 80.1871 24.1474 14
      vertex 79.6791 23.7784 14
    endloop
  endfacet
  facet normal 0.587698 -0.80908 0
    outer loop
      vertex 80.1871 24.1474 14
      vertex 79.6791 23.7784 0
      vertex 80.1871 24.1474 0
    endloop
  endfacet
  facet normal 0.368203 -0.929745 0
    outer loop
      vertex 78.5451 23.2447 0
      vertex 79.1289 23.4759 14
      vertex 78.5451 23.2447 14
    endloop
  endfacet
  facet normal 0.368203 -0.929745 0
    outer loop
      vertex 79.1289 23.4759 14
      vertex 78.5451 23.2447 0
      vertex 79.1289 23.4759 0
    endloop
  endfacet
  facet normal 0.904811 0.425812 0
    outer loop
      vertex 81.6489 33.8406 14
      vertex 81.3815 34.4088 0
      vertex 81.3815 34.4088 14
    endloop
  endfacet
  facet normal 0.904811 0.425812 0
    outer loop
      vertex 81.3815 34.4088 0
      vertex 81.6489 33.8406 14
      vertex 81.6489 33.8406 0
    endloop
  endfacet
  facet normal 0.587698 0.80908 -0
    outer loop
      vertex 80.1871 35.8526 0
      vertex 79.6791 36.2216 14
      vertex 80.1871 35.8526 14
    endloop
  endfacet
  facet normal 0.587698 0.80908 0
    outer loop
      vertex 79.6791 36.2216 14
      vertex 80.1871 35.8526 0
      vertex 79.6791 36.2216 0
    endloop
  endfacet
  facet normal 0.248601 0.968606 0
    outer loop
      vertex 78.5451 36.7553 14
      vertex 77.9369 36.9114 8.39066
      vertex 77.9369 36.9114 14
    endloop
  endfacet
  facet normal 0.233459 0.972365 0.00174645
    outer loop
      vertex 78.5451 36.7553 14
      vertex 77.9407 36.9105 8.38378
      vertex 77.9369 36.9114 8.39066
    endloop
  endfacet
  facet normal 0.248863 0.968539 -1.69711e-05
    outer loop
      vertex 78.5451 36.7553 14
      vertex 78.0909 36.8719 8.0043
      vertex 77.9407 36.9105 8.38378
    endloop
  endfacet
  facet normal 0.248953 0.968516 -2.4234e-05
    outer loop
      vertex 78.5451 36.7553 14
      vertex 78.1924 36.8458 7.60899
      vertex 78.0909 36.8719 8.0043
    endloop
  endfacet
  facet normal 0.248077 0.96874 2.7267e-05
    outer loop
      vertex 78.5451 36.7553 14
      vertex 78.2436 36.8327 7.20407
      vertex 78.1924 36.8458 7.60899
    endloop
  endfacet
  facet normal 0.248654 0.968592 0
    outer loop
      vertex 78.5451 36.7553 14
      vertex 78.2436 36.8327 6.79593
      vertex 78.2436 36.8327 7.20407
    endloop
  endfacet
  facet normal 0.248654 0.968592 -0
    outer loop
      vertex 78.5451 36.7553 0
      vertex 78.2436 36.8327 6.79593
      vertex 78.5451 36.7553 14
    endloop
  endfacet
  facet normal 0.248077 0.96874 -2.7267e-05
    outer loop
      vertex 78.5451 36.7553 0
      vertex 78.1924 36.8458 6.39101
      vertex 78.2436 36.8327 6.79593
    endloop
  endfacet
  facet normal 0.248953 0.968516 2.42339e-05
    outer loop
      vertex 78.5451 36.7553 0
      vertex 78.0909 36.8719 5.99569
      vertex 78.1924 36.8458 6.39101
    endloop
  endfacet
  facet normal 0.248863 0.968539 1.69712e-05
    outer loop
      vertex 78.5451 36.7553 0
      vertex 77.9407 36.9105 5.61622
      vertex 78.0909 36.8719 5.99569
    endloop
  endfacet
  facet normal 0.233459 0.972365 -0.00174645
    outer loop
      vertex 78.5451 36.7553 0
      vertex 77.9369 36.9114 5.60934
      vertex 77.9407 36.9105 5.61622
    endloop
  endfacet
  facet normal 0.248601 0.968606 0
    outer loop
      vertex 77.9369 36.9114 5.60934
      vertex 78.5451 36.7553 0
      vertex 77.9369 36.9114 0
    endloop
  endfacet
  facet normal 0.481784 0.87629 -0
    outer loop
      vertex 79.6791 36.2216 0
      vertex 79.1289 36.5241 14
      vertex 79.6791 36.2216 14
    endloop
  endfacet
  facet normal 0.481784 0.87629 0
    outer loop
      vertex 79.1289 36.5241 14
      vertex 79.6791 36.2216 0
      vertex 79.1289 36.5241 0
    endloop
  endfacet
  facet normal -0.248601 0.968606 0
    outer loop
      vertex -77.9369 36.9114 0
      vertex -78.5451 36.7553 14
      vertex -77.9369 36.9114 14
    endloop
  endfacet
  facet normal -0.248601 0.968606 0
    outer loop
      vertex -78.5451 36.7553 14
      vertex -77.9369 36.9114 0
      vertex -78.5451 36.7553 0
    endloop
  endfacet
  facet normal -0.368203 0.929745 0
    outer loop
      vertex -78.5451 36.7553 0
      vertex -79.1289 36.5241 14
      vertex -78.5451 36.7553 14
    endloop
  endfacet
  facet normal -0.368203 0.929745 0
    outer loop
      vertex -79.1289 36.5241 14
      vertex -78.5451 36.7553 0
      vertex -79.1289 36.5241 0
    endloop
  endfacet
  facet normal -0.982276 0.187441 0
    outer loop
      vertex -81.9606 32.6267 0
      vertex -81.8429 33.2435 14
      vertex -81.8429 33.2435 0
    endloop
  endfacet
  facet normal -0.982276 0.187441 0
    outer loop
      vertex -81.8429 33.2435 14
      vertex -81.9606 32.6267 0
      vertex -81.9606 32.6267 14
    endloop
  endfacet
  facet normal 0.982276 0.187441 0
    outer loop
      vertex 81.9606 32.6267 14
      vertex 81.8429 33.2435 0
      vertex 81.8429 33.2435 14
    endloop
  endfacet
  facet normal 0.982276 0.187441 0
    outer loop
      vertex 81.8429 33.2435 0
      vertex 81.9606 32.6267 14
      vertex 81.9606 32.6267 0
    endloop
  endfacet
  facet normal 0.951061 -0.309003 0
    outer loop
      vertex 81.6489 26.1594 14
      vertex 81.8429 26.7565 0
      vertex 81.8429 26.7565 14
    endloop
  endfacet
  facet normal 0.951061 -0.309003 0
    outer loop
      vertex 81.8429 26.7565 0
      vertex 81.6489 26.1594 14
      vertex 81.6489 26.1594 0
    endloop
  endfacet
  facet normal 0.684624 -0.728896 0
    outer loop
      vertex 80.1871 24.1474 0
      vertex 80.6448 24.5773 14
      vertex 80.1871 24.1474 14
    endloop
  endfacet
  facet normal 0.684624 -0.728896 0
    outer loop
      vertex 80.6448 24.5773 14
      vertex 80.1871 24.1474 0
      vertex 80.6448 24.5773 0
    endloop
  endfacet
  facet normal 0.248601 -0.968606 0
    outer loop
      vertex 77.9369 23.0886 8.39066
      vertex 78.5451 23.2447 14
      vertex 77.9369 23.0886 14
    endloop
  endfacet
  facet normal 0.233459 -0.972365 0.00174645
    outer loop
      vertex 77.9407 23.0895 8.38378
      vertex 78.5451 23.2447 14
      vertex 77.9369 23.0886 8.39066
    endloop
  endfacet
  facet normal 0.248863 -0.968539 -1.69711e-05
    outer loop
      vertex 78.0909 23.1281 8.0043
      vertex 78.5451 23.2447 14
      vertex 77.9407 23.0895 8.38378
    endloop
  endfacet
  facet normal 0.248953 -0.968516 -2.4234e-05
    outer loop
      vertex 78.1924 23.1542 7.60899
      vertex 78.5451 23.2447 14
      vertex 78.0909 23.1281 8.0043
    endloop
  endfacet
  facet normal 0.248077 -0.96874 2.7267e-05
    outer loop
      vertex 78.2436 23.1673 7.20407
      vertex 78.5451 23.2447 14
      vertex 78.1924 23.1542 7.60899
    endloop
  endfacet
  facet normal 0.248654 -0.968592 0
    outer loop
      vertex 78.2436 23.1673 6.79593
      vertex 78.5451 23.2447 14
      vertex 78.2436 23.1673 7.20407
    endloop
  endfacet
  facet normal 0.248601 -0.968606 0
    outer loop
      vertex 78.5451 23.2447 0
      vertex 77.9369 23.0886 5.60934
      vertex 77.9369 23.0886 0
    endloop
  endfacet
  facet normal 0.233459 -0.972365 -0.00174645
    outer loop
      vertex 77.9369 23.0886 5.60934
      vertex 78.5451 23.2447 0
      vertex 77.9407 23.0895 5.61622
    endloop
  endfacet
  facet normal 0.248863 -0.968539 1.69712e-05
    outer loop
      vertex 77.9407 23.0895 5.61622
      vertex 78.5451 23.2447 0
      vertex 78.0909 23.1281 5.99569
    endloop
  endfacet
  facet normal 0.248953 -0.968516 2.42339e-05
    outer loop
      vertex 78.0909 23.1281 5.99569
      vertex 78.5451 23.2447 0
      vertex 78.1924 23.1542 6.39101
    endloop
  endfacet
  facet normal 0.248654 -0.968592 0
    outer loop
      vertex 78.2436 23.1673 6.79593
      vertex 78.5451 23.2447 0
      vertex 78.5451 23.2447 14
    endloop
  endfacet
  facet normal 0.248077 -0.96874 -2.7267e-05
    outer loop
      vertex 78.1924 23.1542 6.39101
      vertex 78.5451 23.2447 0
      vertex 78.2436 23.1673 6.79593
    endloop
  endfacet
  facet normal 0.481784 -0.87629 0
    outer loop
      vertex 79.1289 23.4759 0
      vertex 79.6791 23.7784 14
      vertex 79.1289 23.4759 14
    endloop
  endfacet
  facet normal 0.481784 -0.87629 0
    outer loop
      vertex 79.6791 23.7784 14
      vertex 79.1289 23.4759 0
      vertex 79.6791 23.7784 0
    endloop
  endfacet
  facet normal -0.684624 0.728896 0
    outer loop
      vertex -80.1871 35.8526 0
      vertex -80.6448 35.4227 14
      vertex -80.1871 35.8526 14
    endloop
  endfacet
  facet normal -0.684624 0.728896 0
    outer loop
      vertex -80.6448 35.4227 14
      vertex -80.1871 35.8526 0
      vertex -80.6448 35.4227 0
    endloop
  endfacet
  facet normal -0.587698 0.80908 0
    outer loop
      vertex -79.6791 36.2216 0
      vertex -80.1871 35.8526 14
      vertex -79.6791 36.2216 14
    endloop
  endfacet
  facet normal -0.587698 0.80908 0
    outer loop
      vertex -80.1871 35.8526 14
      vertex -79.6791 36.2216 0
      vertex -80.1871 35.8526 0
    endloop
  endfacet
  facet normal -0.770462 0.637486 0
    outer loop
      vertex -81.0451 34.9389 0
      vertex -80.6448 35.4227 14
      vertex -80.6448 35.4227 0
    endloop
  endfacet
  facet normal -0.770462 0.637486 0
    outer loop
      vertex -80.6448 35.4227 14
      vertex -81.0451 34.9389 0
      vertex -81.0451 34.9389 14
    endloop
  endfacet
  facet normal 0.99803 0.0627451 0
    outer loop
      vertex 82 32 14
      vertex 81.9606 32.6267 0
      vertex 81.9606 32.6267 14
    endloop
  endfacet
  facet normal 0.99803 0.0627451 0
    outer loop
      vertex 81.9606 32.6267 0
      vertex 82 32 14
      vertex 82 32 0
    endloop
  endfacet
  facet normal 0.844336 0.535814 0
    outer loop
      vertex 81.3815 34.4088 14
      vertex 81.0451 34.9389 0
      vertex 81.0451 34.9389 14
    endloop
  endfacet
  facet normal 0.844336 0.535814 0
    outer loop
      vertex 81.0451 34.9389 0
      vertex 81.3815 34.4088 14
      vertex 81.3815 34.4088 0
    endloop
  endfacet
  facet normal -0.844336 0.535814 0
    outer loop
      vertex -81.3815 34.4088 0
      vertex -81.0451 34.9389 14
      vertex -81.0451 34.9389 0
    endloop
  endfacet
  facet normal -0.844336 0.535814 0
    outer loop
      vertex -81.0451 34.9389 14
      vertex -81.3815 34.4088 0
      vertex -81.3815 34.4088 14
    endloop
  endfacet
  facet normal 1 0 0
    outer loop
      vertex -68 23.0099 14
      vertex -68 18.5929 7.22605
      vertex -68 23.0099 0
    endloop
  endfacet
  facet normal 1 0 0
    outer loop
      vertex -68 23.0099 14
      vertex -68 18.5362 7.67457
      vertex -68 18.5929 7.22605
    endloop
  endfacet
  facet normal 1 0 0
    outer loop
      vertex -68 23.0099 14
      vertex -68 18.4238 8.11246
      vertex -68 18.5362 7.67457
    endloop
  endfacet
  facet normal 1 0 0
    outer loop
      vertex -68 23.0099 14
      vertex -68 18.2574 8.53281
      vertex -68 18.4238 8.11246
    endloop
  endfacet
  facet normal 1 0 0
    outer loop
      vertex -68 23.0099 14
      vertex -68 18.0396 8.92898
      vertex -68 18.2574 8.53281
    endloop
  endfacet
  facet normal 1 0 0
    outer loop
      vertex -68 23.0099 14
      vertex -68 17.7738 9.29473
      vertex -68 18.0396 8.92898
    endloop
  endfacet
  facet normal 1 0 0
    outer loop
      vertex -68 23.0099 14
      vertex -68 17.4644 9.62429
      vertex -68 17.7738 9.29473
    endloop
  endfacet
  facet normal 1 0 0
    outer loop
      vertex -68 23.0099 14
      vertex -68 17.116 9.91246
      vertex -68 17.4644 9.62429
    endloop
  endfacet
  facet normal 1 0 0
    outer loop
      vertex -68 23.0099 14
      vertex -68 16.7343 10.1547
      vertex -68 17.116 9.91246
    endloop
  endfacet
  facet normal 1 0 0
    outer loop
      vertex -68 23.0099 14
      vertex -68 16.3252 10.3472
      vertex -68 16.7343 10.1547
    endloop
  endfacet
  facet normal 1 0 0
    outer loop
      vertex -68 23.0099 14
      vertex -68 15.8953 10.4869
      vertex -68 16.3252 10.3472
    endloop
  endfacet
  facet normal 1 0 0
    outer loop
      vertex -68 23.0099 14
      vertex -68 15.4512 10.5716
      vertex -68 15.8953 10.4869
    endloop
  endfacet
  facet normal 1 0 0
    outer loop
      vertex -68 23.0099 14
      vertex -68 15 10.6
      vertex -68 15.4512 10.5716
    endloop
  endfacet
  facet normal 1 0 0
    outer loop
      vertex -68 23.0099 14
      vertex -68 14.5488 10.5716
      vertex -68 15 10.6
    endloop
  endfacet
  facet normal 1 0 0
    outer loop
      vertex -68 23.0099 14
      vertex -68 14.1047 10.4869
      vertex -68 14.5488 10.5716
    endloop
  endfacet
  facet normal 1 -0 0
    outer loop
      vertex -68 -19.6714 14
      vertex -68 14.1047 10.4869
      vertex -68 23.0099 14
    endloop
  endfacet
  facet normal 1 0 0
    outer loop
      vertex -68 11.4071 7.22605
      vertex -68 -19.6714 14
      vertex -68 11.4071 6.77395
    endloop
  endfacet
  facet normal 1 0 0
    outer loop
      vertex -68 11.4638 7.67457
      vertex -68 -19.6714 14
      vertex -68 11.4071 7.22605
    endloop
  endfacet
  facet normal 1 0 0
    outer loop
      vertex -68 11.5762 8.11246
      vertex -68 -19.6714 14
      vertex -68 11.4638 7.67457
    endloop
  endfacet
  facet normal 1 0 0
    outer loop
      vertex -68 11.7426 8.53281
      vertex -68 -19.6714 14
      vertex -68 11.5762 8.11246
    endloop
  endfacet
  facet normal 1 0 0
    outer loop
      vertex -68 11.9604 8.92898
      vertex -68 -19.6714 14
      vertex -68 11.7426 8.53281
    endloop
  endfacet
  facet normal 1 0 0
    outer loop
      vertex -68 12.2262 9.29473
      vertex -68 -19.6714 14
      vertex -68 11.9604 8.92898
    endloop
  endfacet
  facet normal 1 0 0
    outer loop
      vertex -68 12.5356 9.62429
      vertex -68 -19.6714 14
      vertex -68 12.2262 9.29473
    endloop
  endfacet
  facet normal 1 0 0
    outer loop
      vertex -68 12.884 9.91246
      vertex -68 -19.6714 14
      vertex -68 12.5356 9.62429
    endloop
  endfacet
  facet normal 1 0 0
    outer loop
      vertex -68 13.2657 10.1547
      vertex -68 -19.6714 14
      vertex -68 12.884 9.91246
    endloop
  endfacet
  facet normal 1 0 0
    outer loop
      vertex -68 13.6748 10.3472
      vertex -68 -19.6714 14
      vertex -68 13.2657 10.1547
    endloop
  endfacet
  facet normal 1 0 0
    outer loop
      vertex -68 14.1047 10.4869
      vertex -68 -19.6714 14
      vertex -68 13.6748 10.3472
    endloop
  endfacet
  facet normal 1 -0 0
    outer loop
      vertex -68 18.5929 6.77395
      vertex -68 23.0099 0
      vertex -68 18.5929 7.22605
    endloop
  endfacet
  facet normal 1 -0 0
    outer loop
      vertex -68 18.5362 6.32543
      vertex -68 23.0099 0
      vertex -68 18.5929 6.77395
    endloop
  endfacet
  facet normal 1 -0 0
    outer loop
      vertex -68 18.4238 5.88754
      vertex -68 23.0099 0
      vertex -68 18.5362 6.32543
    endloop
  endfacet
  facet normal 1 -0 0
    outer loop
      vertex -68 18.2574 5.46719
      vertex -68 23.0099 0
      vertex -68 18.4238 5.88754
    endloop
  endfacet
  facet normal 1 -0 0
    outer loop
      vertex -68 18.0396 5.07102
      vertex -68 23.0099 0
      vertex -68 18.2574 5.46719
    endloop
  endfacet
  facet normal 1 -0 0
    outer loop
      vertex -68 17.7738 4.70527
      vertex -68 23.0099 0
      vertex -68 18.0396 5.07102
    endloop
  endfacet
  facet normal 1 -0 0
    outer loop
      vertex -68 17.4644 4.37571
      vertex -68 23.0099 0
      vertex -68 17.7738 4.70527
    endloop
  endfacet
  facet normal 1 -0 0
    outer loop
      vertex -68 17.116 4.08754
      vertex -68 23.0099 0
      vertex -68 17.4644 4.37571
    endloop
  endfacet
  facet normal 1 -0 0
    outer loop
      vertex -68 16.7343 3.8453
      vertex -68 23.0099 0
      vertex -68 17.116 4.08754
    endloop
  endfacet
  facet normal 1 -0 0
    outer loop
      vertex -68 16.3252 3.65281
      vertex -68 23.0099 0
      vertex -68 16.7343 3.8453
    endloop
  endfacet
  facet normal 1 -0 0
    outer loop
      vertex -68 15.8953 3.5131
      vertex -68 23.0099 0
      vertex -68 16.3252 3.65281
    endloop
  endfacet
  facet normal 1 -0 0
    outer loop
      vertex -68 15.4512 3.42839
      vertex -68 23.0099 0
      vertex -68 15.8953 3.5131
    endloop
  endfacet
  facet normal 1 -0 0
    outer loop
      vertex -68 15 3.4
      vertex -68 23.0099 0
      vertex -68 15.4512 3.42839
    endloop
  endfacet
  facet normal 1 0 0
    outer loop
      vertex -68 14.5488 3.42839
      vertex -68 23.0099 0
      vertex -68 15 3.4
    endloop
  endfacet
  facet normal 1 0 0
    outer loop
      vertex -68 14.1047 3.5131
      vertex -68 23.0099 0
      vertex -68 14.5488 3.42839
    endloop
  endfacet
  facet normal 1 0 0
    outer loop
      vertex -68 -19.6714 0
      vertex -68 14.1047 3.5131
      vertex -68 13.6748 3.65281
    endloop
  endfacet
  facet normal 1 0 0
    outer loop
      vertex -68 -19.6714 0
      vertex -68 11.4071 6.77395
      vertex -68 -19.6714 14
    endloop
  endfacet
  facet normal 1 0 0
    outer loop
      vertex -68 11.4071 6.77395
      vertex -68 -19.6714 0
      vertex -68 11.4638 6.32543
    endloop
  endfacet
  facet normal 1 0 0
    outer loop
      vertex -68 11.4638 6.32543
      vertex -68 -19.6714 0
      vertex -68 11.5762 5.88754
    endloop
  endfacet
  facet normal 1 0 0
    outer loop
      vertex -68 11.5762 5.88754
      vertex -68 -19.6714 0
      vertex -68 11.7426 5.46719
    endloop
  endfacet
  facet normal 1 0 0
    outer loop
      vertex -68 11.7426 5.46719
      vertex -68 -19.6714 0
      vertex -68 11.9604 5.07102
    endloop
  endfacet
  facet normal 1 0 0
    outer loop
      vertex -68 11.9604 5.07102
      vertex -68 -19.6714 0
      vertex -68 12.2262 4.70527
    endloop
  endfacet
  facet normal 1 0 0
    outer loop
      vertex -68 12.2262 4.70527
      vertex -68 -19.6714 0
      vertex -68 12.5356 4.37571
    endloop
  endfacet
  facet normal 1 0 0
    outer loop
      vertex -68 12.5356 4.37571
      vertex -68 -19.6714 0
      vertex -68 12.884 4.08754
    endloop
  endfacet
  facet normal 1 0 0
    outer loop
      vertex -68 12.884 4.08754
      vertex -68 -19.6714 0
      vertex -68 13.2657 3.8453
    endloop
  endfacet
  facet normal 1 0 0
    outer loop
      vertex -68 13.2657 3.8453
      vertex -68 -19.6714 0
      vertex -68 13.6748 3.65281
    endloop
  endfacet
  facet normal 1 0 0
    outer loop
      vertex -68 14.1047 3.5131
      vertex -68 -19.6714 0
      vertex -68 23.0099 0
    endloop
  endfacet
  facet normal -0.684624 -0.728896 0
    outer loop
      vertex -80.6448 -35.4227 0
      vertex -80.1871 -35.8526 14
      vertex -80.6448 -35.4227 14
    endloop
  endfacet
  facet normal -0.684624 -0.728896 -0
    outer loop
      vertex -80.1871 -35.8526 14
      vertex -80.6448 -35.4227 0
      vertex -80.1871 -35.8526 0
    endloop
  endfacet
  facet normal -0.99803 -0.0627451 0
    outer loop
      vertex -81.9606 -32.6267 0
      vertex -82 -32 14
      vertex -82 -32 0
    endloop
  endfacet
  facet normal -0.99803 -0.0627451 0
    outer loop
      vertex -82 -32 14
      vertex -81.9606 -32.6267 0
      vertex -81.9606 -32.6267 14
    endloop
  endfacet
  facet normal -0.248601 -0.968606 0
    outer loop
      vertex -78.5451 -36.7553 0
      vertex -77.9369 -36.9114 14
      vertex -78.5451 -36.7553 14
    endloop
  endfacet
  facet normal -0.248601 -0.968606 -0
    outer loop
      vertex -77.9369 -36.9114 14
      vertex -78.5451 -36.7553 0
      vertex -77.9369 -36.9114 0
    endloop
  endfacet
  facet normal -0.368203 -0.929745 0
    outer loop
      vertex -79.1289 -36.5241 0
      vertex -78.5451 -36.7553 14
      vertex -79.1289 -36.5241 14
    endloop
  endfacet
  facet normal -0.368203 -0.929745 -0
    outer loop
      vertex -78.5451 -36.7553 14
      vertex -79.1289 -36.5241 0
      vertex -78.5451 -36.7553 0
    endloop
  endfacet
  facet normal 0 -1 0
    outer loop
      vertex -77.3139 -36.9901 0
      vertex -72.6861 -36.9901 14
      vertex -77.3139 -36.9901 14
    endloop
  endfacet
  facet normal 0 -1 -0
    outer loop
      vertex -72.6861 -36.9901 14
      vertex -77.3139 -36.9901 0
      vertex -72.6861 -36.9901 0
    endloop
  endfacet
  facet normal -0.982276 -0.187441 0
    outer loop
      vertex -81.8429 -33.2435 0
      vertex -81.9606 -32.6267 14
      vertex -81.9606 -32.6267 0
    endloop
  endfacet
  facet normal -0.982276 -0.187441 0
    outer loop
      vertex -81.9606 -32.6267 14
      vertex -81.8429 -33.2435 0
      vertex -81.8429 -33.2435 14
    endloop
  endfacet
  facet normal -0.904811 -0.425812 0
    outer loop
      vertex -81.3815 -34.4088 0
      vertex -81.6489 -33.8406 14
      vertex -81.6489 -33.8406 0
    endloop
  endfacet
  facet normal -0.904811 -0.425812 0
    outer loop
      vertex -81.6489 -33.8406 14
      vertex -81.3815 -34.4088 0
      vertex -81.3815 -34.4088 14
    endloop
  endfacet
  facet normal -0.770462 -0.637486 0
    outer loop
      vertex -80.6448 -35.4227 0
      vertex -81.0451 -34.9389 14
      vertex -81.0451 -34.9389 0
    endloop
  endfacet
  facet normal -0.770462 -0.637486 0
    outer loop
      vertex -81.0451 -34.9389 14
      vertex -80.6448 -35.4227 0
      vertex -80.6448 -35.4227 14
    endloop
  endfacet
  facet normal 0.684624 -0.728896 0
    outer loop
      vertex -69.8129 -35.8526 0
      vertex -69.3552 -35.4227 14
      vertex -69.8129 -35.8526 14
    endloop
  endfacet
  facet normal 0.684624 -0.728896 0
    outer loop
      vertex -69.3552 -35.4227 14
      vertex -69.8129 -35.8526 0
      vertex -69.3552 -35.4227 0
    endloop
  endfacet
  facet normal 0.770274 -0.637713 0
    outer loop
      vertex -69.3552 -35.4227 14
      vertex -69.1671 -35.1955 0
      vertex -69.1671 -35.1955 14
    endloop
  endfacet
  facet normal 0.770274 -0.637713 0
    outer loop
      vertex -69.1671 -35.1955 0
      vertex -69.3552 -35.4227 14
      vertex -69.3552 -35.4227 0
    endloop
  endfacet
  facet normal -0.481784 -0.87629 0
    outer loop
      vertex -79.6791 -36.2216 0
      vertex -79.1289 -36.5241 14
      vertex -79.6791 -36.2216 14
    endloop
  endfacet
  facet normal -0.481784 -0.87629 -0
    outer loop
      vertex -79.1289 -36.5241 14
      vertex -79.6791 -36.2216 0
      vertex -79.1289 -36.5241 0
    endloop
  endfacet
  facet normal -0.587698 -0.80908 0
    outer loop
      vertex -80.1871 -35.8526 0
      vertex -79.6791 -36.2216 14
      vertex -80.1871 -35.8526 14
    endloop
  endfacet
  facet normal -0.587698 -0.80908 -0
    outer loop
      vertex -79.6791 -36.2216 14
      vertex -80.1871 -35.8526 0
      vertex -79.6791 -36.2216 0
    endloop
  endfacet
  facet normal -0.125328 -0.992115 0
    outer loop
      vertex -77.9369 -36.9114 0
      vertex -77.3139 -36.9901 14
      vertex -77.9369 -36.9114 14
    endloop
  endfacet
  facet normal -0.125328 -0.992115 -0
    outer loop
      vertex -77.3139 -36.9901 14
      vertex -77.9369 -36.9114 0
      vertex -77.3139 -36.9901 0
    endloop
  endfacet
  facet normal 0.125328 -0.992115 0
    outer loop
      vertex -72.6861 -36.9901 0
      vertex -72.0631 -36.9114 14
      vertex -72.6861 -36.9901 14
    endloop
  endfacet
  facet normal 0.125328 -0.992115 0
    outer loop
      vertex -72.0631 -36.9114 14
      vertex -72.6861 -36.9901 0
      vertex -72.0631 -36.9114 0
    endloop
  endfacet
  facet normal 0.248601 -0.968606 0
    outer loop
      vertex -72.0631 -36.9114 0
      vertex -71.4549 -36.7553 14
      vertex -72.0631 -36.9114 14
    endloop
  endfacet
  facet normal 0.248601 -0.968606 0
    outer loop
      vertex -71.4549 -36.7553 14
      vertex -72.0631 -36.9114 0
      vertex -71.4549 -36.7553 0
    endloop
  endfacet
  facet normal 0.587698 -0.80908 0
    outer loop
      vertex -70.3209 -36.2216 0
      vertex -69.8129 -35.8526 14
      vertex -70.3209 -36.2216 14
    endloop
  endfacet
  facet normal 0.587698 -0.80908 0
    outer loop
      vertex -69.8129 -35.8526 14
      vertex -70.3209 -36.2216 0
      vertex -69.8129 -35.8526 0
    endloop
  endfacet
  facet normal 0.481784 -0.87629 0
    outer loop
      vertex -70.8711 -36.5241 0
      vertex -70.3209 -36.2216 14
      vertex -70.8711 -36.5241 14
    endloop
  endfacet
  facet normal 0.481784 -0.87629 0
    outer loop
      vertex -70.3209 -36.2216 14
      vertex -70.8711 -36.5241 0
      vertex -70.3209 -36.2216 0
    endloop
  endfacet
  facet normal 0.368203 -0.929745 0
    outer loop
      vertex -71.4549 -36.7553 0
      vertex -70.8711 -36.5241 14
      vertex -71.4549 -36.7553 14
    endloop
  endfacet
  facet normal 0.368203 -0.929745 0
    outer loop
      vertex -70.8711 -36.5241 14
      vertex -71.4549 -36.7553 0
      vertex -70.8711 -36.5241 0
    endloop
  endfacet
  facet normal -0.951061 -0.309003 0
    outer loop
      vertex -81.6489 -33.8406 0
      vertex -81.8429 -33.2435 14
      vertex -81.8429 -33.2435 0
    endloop
  endfacet
  facet normal -0.951061 -0.309003 0
    outer loop
      vertex -81.8429 -33.2435 14
      vertex -81.6489 -33.8406 0
      vertex -81.6489 -33.8406 14
    endloop
  endfacet
  facet normal -0.844336 -0.535814 0
    outer loop
      vertex -81.0451 -34.9389 0
      vertex -81.3815 -34.4088 14
      vertex -81.3815 -34.4088 0
    endloop
  endfacet
  facet normal -0.844336 -0.535814 0
    outer loop
      vertex -81.3815 -34.4088 14
      vertex -81.0451 -34.9389 0
      vertex -81.0451 -34.9389 14
    endloop
  endfacet
  facet normal -0.371391 0.928477 -6.4125e-06
    outer loop
      vertex 17.5505 14.5488 10.5716
      vertex 38.7032 23.0099 14
      vertex 18.6785 15 10.6
    endloop
  endfacet
  facet normal -0.371391 0.928477 -4.75634e-06
    outer loop
      vertex 38.7032 23.0099 14
      vertex 19.8065 15.4512 10.5716
      vertex 18.6785 15 10.6
    endloop
  endfacet
  facet normal -0.371401 0.928473 6.10875e-05
    outer loop
      vertex 38.7032 23.0099 14
      vertex 20.9167 15.8953 10.4869
      vertex 19.8065 15.4512 10.5716
    endloop
  endfacet
  facet normal -0.371364 0.928487 -0.000158261
    outer loop
      vertex 38.7032 23.0099 14
      vertex 21.9916 16.3252 10.3472
      vertex 20.9167 15.8953 10.4869
    endloop
  endfacet
  facet normal -0.3714 0.928473 3.64394e-05
    outer loop
      vertex 38.7032 23.0099 14
      vertex 23.0143 16.7343 10.1547
      vertex 21.9916 16.3252 10.3472
    endloop
  endfacet
  facet normal -0.371383 0.92848 -4.37451e-05
    outer loop
      vertex 38.7032 23.0099 14
      vertex 23.9686 17.116 9.91246
      vertex 23.0143 16.7343 10.1547
    endloop
  endfacet
  facet normal -0.371426 0.928463 0.000133999
    outer loop
      vertex 38.7032 23.0099 14
      vertex 24.8394 17.4644 9.62429
      vertex 23.9686 17.116 9.91246
    endloop
  endfacet
  facet normal -0.371355 0.928491 -0.000127655
    outer loop
      vertex 38.7032 23.0099 14
      vertex 25.6131 17.7738 9.29473
      vertex 24.8394 17.4644 9.62429
    endloop
  endfacet
  facet normal -0.371431 0.928461 0.00011819
    outer loop
      vertex 38.7032 23.0099 14
      vertex 26.2774 18.0396 8.92898
      vertex 25.6131 17.7738 9.29473
    endloop
  endfacet
  facet normal -0.37139 0.928477 1.31588e-06
    outer loop
      vertex 38.7032 23.0099 14
      vertex 26.8219 18.2574 8.53281
      vertex 26.2774 18.0396 8.92898
    endloop
  endfacet
  facet normal -0.371366 0.928487 -5.96404e-05
    outer loop
      vertex 38.7032 23.0099 14
      vertex 27.238 18.4238 8.11246
      vertex 26.8219 18.2574 8.53281
    endloop
  endfacet
  facet normal -0.371363 0.928488 -6.45694e-05
    outer loop
      vertex 38.7032 23.0099 14
      vertex 27.5191 18.5362 7.67457
      vertex 27.238 18.4238 8.11246
    endloop
  endfacet
  facet normal -0.371446 0.928455 0.000104051
    outer loop
      vertex 38.7032 23.0099 14
      vertex 27.6607 18.5929 7.22605
      vertex 27.5191 18.5362 7.67457
    endloop
  endfacet
  facet normal -0.371391 0.928477 0
    outer loop
      vertex 38.7032 23.0099 14
      vertex 27.6607 18.5929 6.77395
      vertex 27.6607 18.5929 7.22605
    endloop
  endfacet
  facet normal -0.371391 0.928477 0
    outer loop
      vertex 38.7032 23.0099 0
      vertex 27.6607 18.5929 6.77395
      vertex 38.7032 23.0099 14
    endloop
  endfacet
  facet normal -0.371446 0.928455 -0.000104051
    outer loop
      vertex 27.6607 18.5929 6.77395
      vertex 38.7032 23.0099 0
      vertex 27.5191 18.5362 6.32543
    endloop
  endfacet
  facet normal -0.371363 0.928488 6.45694e-05
    outer loop
      vertex 27.5191 18.5362 6.32543
      vertex 38.7032 23.0099 0
      vertex 27.238 18.4238 5.88754
    endloop
  endfacet
  facet normal -0.371366 0.928487 5.96404e-05
    outer loop
      vertex 27.238 18.4238 5.88754
      vertex 38.7032 23.0099 0
      vertex 26.8219 18.2574 5.46719
    endloop
  endfacet
  facet normal -0.371391 0.928477 4.75655e-06
    outer loop
      vertex 19.8065 15.4512 3.42839
      vertex 38.7032 23.0099 0
      vertex 18.6785 15 3.4
    endloop
  endfacet
  facet normal -0.371401 0.928473 -6.10855e-05
    outer loop
      vertex 20.9167 15.8953 3.5131
      vertex 38.7032 23.0099 0
      vertex 19.8065 15.4512 3.42839
    endloop
  endfacet
  facet normal -0.371364 0.928487 0.000158256
    outer loop
      vertex 21.9916 16.3252 3.65281
      vertex 38.7032 23.0099 0
      vertex 20.9167 15.8953 3.5131
    endloop
  endfacet
  facet normal -0.3714 0.928473 -3.64402e-05
    outer loop
      vertex 23.0143 16.7343 3.8453
      vertex 38.7032 23.0099 0
      vertex 21.9916 16.3252 3.65281
    endloop
  endfacet
  facet normal -0.371383 0.92848 4.37451e-05
    outer loop
      vertex 23.9686 17.116 4.08754
      vertex 38.7032 23.0099 0
      vertex 23.0143 16.7343 3.8453
    endloop
  endfacet
  facet normal -0.371426 0.928463 -0.000133999
    outer loop
      vertex 24.8394 17.4644 4.37571
      vertex 38.7032 23.0099 0
      vertex 23.9686 17.116 4.08754
    endloop
  endfacet
  facet normal -0.371355 0.928491 0.000127655
    outer loop
      vertex 25.6131 17.7738 4.70527
      vertex 38.7032 23.0099 0
      vertex 24.8394 17.4644 4.37571
    endloop
  endfacet
  facet normal -0.371431 0.928461 -0.00011819
    outer loop
      vertex 26.2774 18.0396 5.07102
      vertex 38.7032 23.0099 0
      vertex 25.6131 17.7738 4.70527
    endloop
  endfacet
  facet normal -0.37139 0.928477 -1.31588e-06
    outer loop
      vertex 26.8219 18.2574 5.46719
      vertex 38.7032 23.0099 0
      vertex 26.2774 18.0396 5.07102
    endloop
  endfacet
  facet normal -0.371417 0.928466 0.000184741
    outer loop
      vertex 16.4403 14.1047 10.4869
      vertex 38.7032 23.0099 14
      vertex 17.5505 14.5488 10.5716
    endloop
  endfacet
  facet normal -0.371391 0.928477 -9.46875e-06
    outer loop
      vertex 38.7032 23.0099 14
      vertex 16.4403 14.1047 10.4869
      vertex -68 -19.6714 14
    endloop
  endfacet
  facet normal -0.37138 0.928481 0.000300793
    outer loop
      vertex 15.3654 13.6748 10.3472
      vertex -68 -19.6714 14
      vertex 16.4403 14.1047 10.4869
    endloop
  endfacet
  facet normal -0.371394 0.928475 -7.63297e-05
    outer loop
      vertex 14.3427 13.2657 10.1547
      vertex -68 -19.6714 14
      vertex 15.3654 13.6748 10.3472
    endloop
  endfacet
  facet normal -0.371388 0.928478 6.54967e-05
    outer loop
      vertex 13.3884 12.884 9.91246
      vertex -68 -19.6714 14
      vertex 14.3427 13.2657 10.1547
    endloop
  endfacet
  facet normal -0.371401 0.928473 -0.000222596
    outer loop
      vertex 12.5176 12.5356 9.62429
      vertex -68 -19.6714 14
      vertex 13.3884 12.884 9.91246
    endloop
  endfacet
  facet normal -0.371381 0.928481 0.000198924
    outer loop
      vertex 11.7439 12.2262 9.29473
      vertex -68 -19.6714 14
      vertex 12.5176 12.5356 9.62429
    endloop
  endfacet
  facet normal -0.371396 0.928475 -9.09478e-05
    outer loop
      vertex 11.0795 11.9604 8.92898
      vertex -68 -19.6714 14
      vertex 11.7439 12.2262 9.29473
    endloop
  endfacet
  facet normal -0.371391 0.928477 -1.54819e-15
    outer loop
      vertex 10.535 11.7426 8.53281
      vertex -68 -19.6714 14
      vertex 11.0795 11.9604 8.92898
    endloop
  endfacet
  facet normal -0.371391 0.928477 1.44895e-15
    outer loop
      vertex 10.119 11.5762 8.11246
      vertex -68 -19.6714 14
      vertex 10.535 11.7426 8.53281
    endloop
  endfacet
  facet normal -0.371385 0.928479 8.08999e-05
    outer loop
      vertex 9.8379 11.4638 7.67457
      vertex -68 -19.6714 14
      vertex 10.119 11.5762 8.11246
    endloop
  endfacet
  facet normal -0.371397 0.928474 -8.05845e-05
    outer loop
      vertex 9.69625 11.4071 7.22605
      vertex -68 -19.6714 14
      vertex 9.8379 11.4638 7.67457
    endloop
  endfacet
  facet normal -0.371391 0.928477 0
    outer loop
      vertex 9.69625 11.4071 6.77395
      vertex -68 -19.6714 14
      vertex 9.69625 11.4071 7.22605
    endloop
  endfacet
  facet normal -0.371397 0.928474 8.05845e-05
    outer loop
      vertex -68 -19.6714 0
      vertex 9.69625 11.4071 6.77395
      vertex 9.8379 11.4638 6.32543
    endloop
  endfacet
  facet normal -0.371385 0.928479 -8.08999e-05
    outer loop
      vertex -68 -19.6714 0
      vertex 9.8379 11.4638 6.32543
      vertex 10.119 11.5762 5.88754
    endloop
  endfacet
  facet normal -0.371391 0.928477 0
    outer loop
      vertex -68 -19.6714 0
      vertex 10.119 11.5762 5.88754
      vertex 10.535 11.7426 5.46719
    endloop
  endfacet
  facet normal -0.371391 0.928477 0
    outer loop
      vertex -68 -19.6714 0
      vertex 10.535 11.7426 5.46719
      vertex 11.0795 11.9604 5.07102
    endloop
  endfacet
  facet normal -0.371396 0.928475 9.09478e-05
    outer loop
      vertex -68 -19.6714 0
      vertex 11.0795 11.9604 5.07102
      vertex 11.7439 12.2262 4.70527
    endloop
  endfacet
  facet normal -0.371381 0.928481 -0.000198924
    outer loop
      vertex -68 -19.6714 0
      vertex 11.7439 12.2262 4.70527
      vertex 12.5176 12.5356 4.37571
    endloop
  endfacet
  facet normal -0.371401 0.928473 0.000222596
    outer loop
      vertex -68 -19.6714 0
      vertex 12.5176 12.5356 4.37571
      vertex 13.3884 12.884 4.08754
    endloop
  endfacet
  facet normal -0.371388 0.928478 -6.54967e-05
    outer loop
      vertex -68 -19.6714 0
      vertex 13.3884 12.884 4.08754
      vertex 14.3427 13.2657 3.8453
    endloop
  endfacet
  facet normal -0.371394 0.928475 7.63328e-05
    outer loop
      vertex -68 -19.6714 0
      vertex 14.3427 13.2657 3.8453
      vertex 15.3654 13.6748 3.65281
    endloop
  endfacet
  facet normal -0.37138 0.928481 -0.000300777
    outer loop
      vertex -68 -19.6714 0
      vertex 15.3654 13.6748 3.65281
      vertex 16.4403 14.1047 3.5131
    endloop
  endfacet
  facet normal -0.371391 0.928477 6.41211e-06
    outer loop
      vertex 38.7032 23.0099 0
      vertex 17.5505 14.5488 3.42839
      vertex 18.6785 15 3.4
    endloop
  endfacet
  facet normal -0.371417 0.928466 -0.000184762
    outer loop
      vertex 38.7032 23.0099 0
      vertex 16.4403 14.1047 3.5131
      vertex 17.5505 14.5488 3.42839
    endloop
  endfacet
  facet normal -0.371391 0.928477 9.46875e-06
    outer loop
      vertex -68 -19.6714 0
      vertex 16.4403 14.1047 3.5131
      vertex 38.7032 23.0099 0
    endloop
  endfacet
  facet normal -0.371391 0.928477 0
    outer loop
      vertex 9.69625 11.4071 6.77395
      vertex -68 -19.6714 0
      vertex -68 -19.6714 14
    endloop
  endfacet
  facet normal 0.37135 -0.928493 2.18112e-05
    outer loop
      vertex 76.3462 23.0099 14
      vertex 74.5927 22.3085 10.2244
      vertex 75 22.4714 10.25
    endloop
  endfacet
  facet normal 0.371383 -0.92848 4.37451e-05
    outer loop
      vertex 61.6116 17.116 9.91246
      vertex 76.3462 23.0099 14
      vertex 60.6573 16.7343 10.1547
    endloop
  endfacet
  facet normal 0.371478 -0.928442 -4.72063e-05
    outer loop
      vertex 76.3462 23.0099 14
      vertex 74.1918 22.1481 10.1479
      vertex 74.5927 22.3085 10.2244
    endloop
  endfacet
  facet normal 0.371426 -0.928463 -0.000133999
    outer loop
      vertex 62.4824 17.4644 9.62429
      vertex 76.3462 23.0099 14
      vertex 61.6116 17.116 9.91246
    endloop
  endfacet
  facet normal 0.371438 -0.928458 -2.09103e-05
    outer loop
      vertex 76.3462 23.0099 14
      vertex 73.8036 21.9928 10.0218
      vertex 74.1918 22.1481 10.1479
    endloop
  endfacet
  facet normal 0.371355 -0.928491 0.000127655
    outer loop
      vertex 63.2561 17.7738 9.29473
      vertex 76.3462 23.0099 14
      vertex 62.4824 17.4644 9.62429
    endloop
  endfacet
  facet normal 0.371321 -0.928505 6.59921e-05
    outer loop
      vertex 76.3462 23.0099 14
      vertex 73.4343 21.8451 9.848
      vertex 73.8036 21.9928 10.0218
    endloop
  endfacet
  facet normal 0.371396 -0.928475 -4.33072e-06
    outer loop
      vertex 73.0897 21.7073 9.6293
      vertex 76.3462 23.0099 14
      vertex 63.2561 17.7738 9.29473
    endloop
  endfacet
  facet normal 0.371214 -0.928547 0.000152343
    outer loop
      vertex 76.3462 23.0099 14
      vertex 73.0897 21.7073 9.6293
      vertex 73.4343 21.8451 9.848
    endloop
  endfacet
  facet normal 0.371398 -0.928474 -8.59395e-05
    outer loop
      vertex 63.9205 18.0396 8.92898
      vertex 73.0897 21.7073 9.6293
      vertex 63.2561 17.7738 9.29473
    endloop
  endfacet
  facet normal 0.371393 -0.928476 -2.69737e-06
    outer loop
      vertex 73.0897 21.7073 9.6293
      vertex 63.9205 18.0396 8.92898
      vertex 72.7752 21.5815 9.36915
    endloop
  endfacet
  facet normal 0.371392 -0.928476 2.69799e-06
    outer loop
      vertex 64.465 18.2574 8.53281
      vertex 72.7752 21.5815 9.36915
      vertex 63.9205 18.0396 8.92898
    endloop
  endfacet
  facet normal 0.371385 -0.928479 9.22183e-05
    outer loop
      vertex 72.7752 21.5815 9.36915
      vertex 64.465 18.2574 8.53281
      vertex 72.5715 21.5 9.15222
    endloop
  endfacet
  facet normal 0.371391 -0.928477 -1.34996e-15
    outer loop
      vertex 64.881 18.4238 8.11246
      vertex 72.5715 21.5 9.15222
      vertex 64.465 18.2574 8.53281
    endloop
  endfacet
  facet normal 0.371382 -0.92848 7.80408e-05
    outer loop
      vertex 65.1621 18.5362 7.67457
      vertex 72.5715 21.5 9.15222
      vertex 64.881 18.4238 8.11246
    endloop
  endfacet
  facet normal 0.371415 -0.928467 -0.000115359
    outer loop
      vertex 65.3037 18.5929 7.22605
      vertex 72.5715 21.5 9.15222
      vertex 65.1621 18.5362 7.67457
    endloop
  endfacet
  facet normal 0.371388 -0.928478 0
    outer loop
      vertex 65.3037 18.5929 6.77395
      vertex 72.5715 21.5 9.15222
      vertex 65.3037 18.5929 7.22605
    endloop
  endfacet
  facet normal 0.371415 -0.928467 0.000115359
    outer loop
      vertex 72.5715 21.5 4.84778
      vertex 65.3037 18.5929 6.77395
      vertex 65.1621 18.5362 6.32543
    endloop
  endfacet
  facet normal 0.371382 -0.92848 -7.80408e-05
    outer loop
      vertex 72.5715 21.5 4.84778
      vertex 65.1621 18.5362 6.32543
      vertex 64.881 18.4238 5.88754
    endloop
  endfacet
  facet normal 0.371391 -0.928477 8.99971e-16
    outer loop
      vertex 72.5715 21.5 4.84778
      vertex 64.881 18.4238 5.88754
      vertex 64.465 18.2574 5.46719
    endloop
  endfacet
  facet normal 0.371392 -0.928476 -2.69799e-06
    outer loop
      vertex 72.7752 21.5815 4.63085
      vertex 64.465 18.2574 5.46719
      vertex 63.9205 18.0396 5.07102
    endloop
  endfacet
  facet normal 0.371388 -0.928478 0
    outer loop
      vertex 65.3037 18.5929 6.77395
      vertex 72.5715 21.5 4.84778
      vertex 72.5715 21.5 9.15222
    endloop
  endfacet
  facet normal 0.371398 -0.928474 8.59394e-05
    outer loop
      vertex 73.0897 21.7073 4.37069
      vertex 63.9205 18.0396 5.07102
      vertex 63.2561 17.7738 4.70527
    endloop
  endfacet
  facet normal 0.371385 -0.928479 -9.22183e-05
    outer loop
      vertex 64.465 18.2574 5.46719
      vertex 72.7752 21.5815 4.63085
      vertex 72.5715 21.5 4.84778
    endloop
  endfacet
  facet normal 0.371355 -0.928491 -0.000127655
    outer loop
      vertex 76.3462 23.0099 0
      vertex 63.2561 17.7738 4.70527
      vertex 62.4824 17.4644 4.37571
    endloop
  endfacet
  facet normal 0.371393 -0.928476 2.69726e-06
    outer loop
      vertex 63.9205 18.0396 5.07102
      vertex 73.0897 21.7073 4.37069
      vertex 72.7752 21.5815 4.63085
    endloop
  endfacet
  facet normal 0.371396 -0.928475 4.33073e-06
    outer loop
      vertex 63.2561 17.7738 4.70527
      vertex 76.3462 23.0099 0
      vertex 73.0897 21.7073 4.37069
    endloop
  endfacet
  facet normal 0.371426 -0.928463 0.000133999
    outer loop
      vertex 76.3462 23.0099 0
      vertex 62.4824 17.4644 4.37571
      vertex 61.6116 17.116 4.08754
    endloop
  endfacet
  facet normal 0.371214 -0.928547 -0.000152338
    outer loop
      vertex 73.0897 21.7073 4.37069
      vertex 76.3462 23.0099 0
      vertex 73.4343 21.8451 4.152
    endloop
  endfacet
  facet normal 0.371321 -0.928505 -6.59865e-05
    outer loop
      vertex 73.4343 21.8451 4.152
      vertex 76.3462 23.0099 0
      vertex 73.8036 21.9928 3.97823
    endloop
  endfacet
  facet normal 0.371383 -0.92848 -4.37451e-05
    outer loop
      vertex 76.3462 23.0099 0
      vertex 61.6116 17.116 4.08754
      vertex 60.6573 16.7343 3.8453
    endloop
  endfacet
  facet normal 0.371438 -0.928458 2.09114e-05
    outer loop
      vertex 73.8036 21.9928 3.97823
      vertex 76.3462 23.0099 0
      vertex 74.1918 22.1481 3.8521
    endloop
  endfacet
  facet normal 0.371478 -0.928442 4.72041e-05
    outer loop
      vertex 74.1918 22.1481 3.8521
      vertex 76.3462 23.0099 0
      vertex 74.5927 22.3085 3.77563
    endloop
  endfacet
  facet normal 0.3714 -0.928473 3.64402e-05
    outer loop
      vertex 76.3462 23.0099 0
      vertex 60.6573 16.7343 3.8453
      vertex 59.6346 16.3252 3.65281
    endloop
  endfacet
  facet normal 0.37141 -0.928469 7.67235e-05
    outer loop
      vertex -53.9403 -29.1047 10.4869
      vertex -69.1671 -35.1955 14
      vertex -55.0505 -29.5488 10.5716
    endloop
  endfacet
  facet normal 0.371391 -0.928477 -8.49286e-06
    outer loop
      vertex -69.1671 -35.1955 14
      vertex 55.1935 14.5488 10.5716
      vertex 56.3215 15 10.6
    endloop
  endfacet
  facet normal 0.371283 -0.92852 -0.000562839
    outer loop
      vertex -52.8654 -28.6748 10.3472
      vertex -69.1671 -35.1955 14
      vertex -53.9403 -29.1047 10.4869
    endloop
  endfacet
  facet normal 0.371395 -0.928475 0.000156732
    outer loop
      vertex -69.1671 -35.1955 14
      vertex 54.0833 14.1047 10.4869
      vertex 55.1935 14.5488 10.5716
    endloop
  endfacet
  facet normal 0.371391 -0.928476 -1.95267e-06
    outer loop
      vertex 53.0084 13.6748 10.3472
      vertex -69.1671 -35.1955 14
      vertex -52.8654 -28.6748 10.3472
    endloop
  endfacet
  facet normal 0.371383 -0.92848 -0.000328949
    outer loop
      vertex -69.1671 -35.1955 14
      vertex 53.0084 13.6748 10.3472
      vertex 54.0833 14.1047 10.4869
    endloop
  endfacet
  facet normal 0.371391 -0.928476 -9.27378e-05
    outer loop
      vertex -51.8427 -28.2657 10.1547
      vertex 53.0084 13.6748 10.3472
      vertex -52.8654 -28.6748 10.3472
    endloop
  endfacet
  facet normal 0.371391 -0.928477 9.45648e-05
    outer loop
      vertex -51.8427 -28.2657 10.1547
      vertex 51.9857 13.2657 10.1547
      vertex 53.0084 13.6748 10.3472
    endloop
  endfacet
  facet normal 0.371391 -0.928477 7.80667e-05
    outer loop
      vertex -50.8884 -27.884 9.91246
      vertex 51.9857 13.2657 10.1547
      vertex -51.8427 -28.2657 10.1547
    endloop
  endfacet
  facet normal 0.371391 -0.928476 -7.95286e-05
    outer loop
      vertex -50.8884 -27.884 9.91246
      vertex 51.0314 12.884 9.91246
      vertex 51.9857 13.2657 10.1547
    endloop
  endfacet
  facet normal 0.371391 -0.928476 -0.000255556
    outer loop
      vertex -50.0176 -27.5356 9.62429
      vertex 51.0314 12.884 9.91246
      vertex -50.8884 -27.884 9.91246
    endloop
  endfacet
  facet normal 0.37139 -0.928477 0.000259999
    outer loop
      vertex -50.0176 -27.5356 9.62429
      vertex 50.1606 12.5356 9.62429
      vertex 51.0314 12.884 9.91246
    endloop
  endfacet
  facet normal 0.37139 -0.928477 0.000223645
    outer loop
      vertex -49.2439 -27.2262 9.29473
      vertex 50.1606 12.5356 9.62429
      vertex -50.0176 -27.5356 9.62429
    endloop
  endfacet
  facet normal 0.371391 -0.928476 -0.000227154
    outer loop
      vertex -49.2439 -27.2262 9.29473
      vertex 49.3869 12.2262 9.29473
      vertex 50.1606 12.5356 9.62429
    endloop
  endfacet
  facet normal 0.371391 -0.928476 -0.000100174
    outer loop
      vertex -48.5795 -26.9604 8.92898
      vertex 49.3869 12.2262 9.29473
      vertex -49.2439 -27.2262 9.29473
    endloop
  endfacet
  facet normal 0.37139 -0.928477 0.000203778
    outer loop
      vertex -48.5795 -26.9604 8.92898
      vertex 48.7226 11.9604 8.92898
      vertex 49.3869 12.2262 9.29473
    endloop
  endfacet
  facet normal 0.37139 -0.928477 -5.24596e-07
    outer loop
      vertex -48.035 -26.7426 8.53281
      vertex 48.7226 11.9604 8.92898
      vertex -48.5795 -26.9604 8.92898
    endloop
  endfacet
  facet normal 0.37139 -0.928477 5.30534e-07
    outer loop
      vertex -48.035 -26.7426 8.53281
      vertex 48.1781 11.7426 8.53281
      vertex 48.7226 11.9604 8.92898
    endloop
  endfacet
  facet normal 0.37139 -0.928477 -3.82014e-07
    outer loop
      vertex -47.619 -26.5762 8.11246
      vertex 48.1781 11.7426 8.53281
      vertex -48.035 -26.7426 8.53281
    endloop
  endfacet
  facet normal 0.371391 -0.928477 -8.83527e-05
    outer loop
      vertex -47.619 -26.5762 8.11246
      vertex 47.762 11.5762 8.11246
      vertex 48.1781 11.7426 8.53281
    endloop
  endfacet
  facet normal 0.371391 -0.928477 8.48137e-05
    outer loop
      vertex -47.3379 -26.4638 7.67457
      vertex 47.762 11.5762 8.11246
      vertex -47.619 -26.5762 8.11246
    endloop
  endfacet
  facet normal 0.371391 -0.928476 -8.53165e-05
    outer loop
      vertex -47.3379 -26.4638 7.67457
      vertex 47.4809 11.4638 7.67457
      vertex 47.762 11.5762 8.11246
    endloop
  endfacet
  facet normal 0.371391 -0.928476 -0.000123958
    outer loop
      vertex -47.1963 -26.4071 7.22605
      vertex 47.4809 11.4638 7.67457
      vertex -47.3379 -26.4638 7.67457
    endloop
  endfacet
  facet normal 0.37139 -0.928477 0.000124329
    outer loop
      vertex -47.1963 -26.4071 7.22605
      vertex 47.3393 11.4071 7.22605
      vertex 47.4809 11.4638 7.67457
    endloop
  endfacet
  facet normal 0.37139 -0.928477 0
    outer loop
      vertex -47.1963 -26.4071 6.77395
      vertex 47.3393 11.4071 7.22605
      vertex -47.1963 -26.4071 7.22605
    endloop
  endfacet
  facet normal 0.37139 -0.928477 0
    outer loop
      vertex -47.1963 -26.4071 6.77395
      vertex 47.3393 11.4071 6.77395
      vertex 47.3393 11.4071 7.22605
    endloop
  endfacet
  facet normal 0.37139 -0.928477 0.000124329
    outer loop
      vertex -47.3379 -26.4638 6.32543
      vertex 47.3393 11.4071 6.77395
      vertex -47.1963 -26.4071 6.77395
    endloop
  endfacet
  facet normal 0.371391 -0.928476 -0.000123958
    outer loop
      vertex -47.3379 -26.4638 6.32543
      vertex 47.4809 11.4638 6.32543
      vertex 47.3393 11.4071 6.77395
    endloop
  endfacet
  facet normal 0.371391 -0.928476 -8.53165e-05
    outer loop
      vertex -47.619 -26.5762 5.88754
      vertex 47.4809 11.4638 6.32543
      vertex -47.3379 -26.4638 6.32543
    endloop
  endfacet
  facet normal 0.371391 -0.928477 8.48137e-05
    outer loop
      vertex -47.619 -26.5762 5.88754
      vertex 47.762 11.5762 5.88754
      vertex 47.4809 11.4638 6.32543
    endloop
  endfacet
  facet normal 0.371391 -0.928477 1.60433e-15
    outer loop
      vertex -48.035 -26.7426 5.46719
      vertex 47.762 11.5762 5.88754
      vertex -47.619 -26.5762 5.88754
    endloop
  endfacet
  facet normal 0.37139 -0.928477 8.79706e-05
    outer loop
      vertex -48.035 -26.7426 5.46719
      vertex 48.1781 11.7426 5.46719
      vertex 47.762 11.5762 5.88754
    endloop
  endfacet
  facet normal 0.37139 -0.928477 5.30534e-07
    outer loop
      vertex -48.5795 -26.9604 5.07102
      vertex 48.1781 11.7426 5.46719
      vertex -48.035 -26.7426 5.46719
    endloop
  endfacet
  facet normal 0.37139 -0.928477 -5.24596e-07
    outer loop
      vertex -48.5795 -26.9604 5.07102
      vertex 48.7226 11.9604 5.07102
      vertex 48.1781 11.7426 5.46719
    endloop
  endfacet
  facet normal 0.37139 -0.928477 0.000102236
    outer loop
      vertex -49.2439 -27.2262 4.70527
      vertex 48.7226 11.9604 5.07102
      vertex -48.5795 -26.9604 5.07102
    endloop
  endfacet
  facet normal 0.371391 -0.928476 -0.000201717
    outer loop
      vertex -49.2439 -27.2262 4.70527
      vertex 49.3869 12.2262 4.70527
      vertex 48.7226 11.9604 5.07102
    endloop
  endfacet
  facet normal 0.371391 -0.928476 -0.000227154
    outer loop
      vertex -50.0176 -27.5356 4.37571
      vertex 49.3869 12.2262 4.70527
      vertex -49.2439 -27.2262 4.70527
    endloop
  endfacet
  facet normal 0.37139 -0.928477 0.000223645
    outer loop
      vertex -50.0176 -27.5356 4.37571
      vertex 50.1606 12.5356 4.37571
      vertex 49.3869 12.2262 4.70527
    endloop
  endfacet
  facet normal 0.37139 -0.928477 0.000259999
    outer loop
      vertex -50.8884 -27.884 4.08754
      vertex 50.1606 12.5356 4.37571
      vertex -50.0176 -27.5356 4.37571
    endloop
  endfacet
  facet normal 0.371391 -0.928476 -0.000255556
    outer loop
      vertex -50.8884 -27.884 4.08754
      vertex 51.0314 12.884 4.08754
      vertex 50.1606 12.5356 4.37571
    endloop
  endfacet
  facet normal 0.371391 -0.928476 -7.95286e-05
    outer loop
      vertex -51.8427 -28.2657 3.8453
      vertex 51.0314 12.884 4.08754
      vertex -50.8884 -27.884 4.08754
    endloop
  endfacet
  facet normal 0.371391 -0.928477 7.80667e-05
    outer loop
      vertex -51.8427 -28.2657 3.8453
      vertex 51.9857 13.2657 3.8453
      vertex 51.0314 12.884 4.08754
    endloop
  endfacet
  facet normal 0.371391 -0.928477 9.45697e-05
    outer loop
      vertex -52.8654 -28.6748 3.65281
      vertex 51.9857 13.2657 3.8453
      vertex -51.8427 -28.2657 3.8453
    endloop
  endfacet
  facet normal 0.371391 -0.928476 -9.27426e-05
    outer loop
      vertex -52.8654 -28.6748 3.65281
      vertex 53.0084 13.6748 3.65281
      vertex 51.9857 13.2657 3.8453
    endloop
  endfacet
  facet normal 0.371283 -0.92852 0.000562891
    outer loop
      vertex -69.1671 -35.1955 0
      vertex -52.8654 -28.6748 3.65281
      vertex -53.9403 -29.1047 3.5131
    endloop
  endfacet
  facet normal 0.371391 -0.928476 1.95266e-06
    outer loop
      vertex -52.8654 -28.6748 3.65281
      vertex -69.1671 -35.1955 0
      vertex 53.0084 13.6748 3.65281
    endloop
  endfacet
  facet normal 0.37141 -0.928469 -7.6728e-05
    outer loop
      vertex -69.1671 -35.1955 0
      vertex -53.9403 -29.1047 3.5131
      vertex -55.0505 -29.5488 3.42839
    endloop
  endfacet
  facet normal 0.371383 -0.92848 0.000328929
    outer loop
      vertex 53.0084 13.6748 3.65281
      vertex -69.1671 -35.1955 0
      vertex 54.0833 14.1047 3.5131
    endloop
  endfacet
  facet normal 0.37139 -0.928477 1.81278e-05
    outer loop
      vertex -69.1671 -35.1955 0
      vertex -55.0505 -29.5488 3.42839
      vertex -56.1785 -30 3.4
    endloop
  endfacet
  facet normal 0.371391 -0.928477 -7.33678e-06
    outer loop
      vertex 76.3462 23.0099 0
      vertex 54.0833 14.1047 3.5131
      vertex -69.1671 -35.1955 0
    endloop
  endfacet
  facet normal 0.37139 -0.928477 -1.81285e-05
    outer loop
      vertex -55.0505 -29.5488 10.5716
      vertex -69.1671 -35.1955 14
      vertex -56.1785 -30 10.6
    endloop
  endfacet
  facet normal 0.371391 -0.928477 -1.49472e-05
    outer loop
      vertex -69.1671 -35.1955 14
      vertex -57.3065 -30.4512 10.5716
      vertex -56.1785 -30 10.6
    endloop
  endfacet
  facet normal 0.371403 -0.928472 3.29253e-05
    outer loop
      vertex -69.1671 -35.1955 14
      vertex -58.4167 -30.8953 10.4869
      vertex -57.3065 -30.4512 10.5716
    endloop
  endfacet
  facet normal 0.37136 -0.928489 -0.000121033
    outer loop
      vertex -69.1671 -35.1955 14
      vertex -59.4916 -31.3252 10.3472
      vertex -58.4167 -30.8953 10.4869
    endloop
  endfacet
  facet normal 0.371404 -0.928471 1.51322e-05
    outer loop
      vertex -69.1671 -35.1955 14
      vertex -60.5143 -31.7343 10.1547
      vertex -59.4916 -31.3252 10.3472
    endloop
  endfacet
  facet normal 0.371383 -0.92848 -4.01627e-05
    outer loop
      vertex -69.1671 -35.1955 14
      vertex -61.4686 -32.116 9.91246
      vertex -60.5143 -31.7343 10.1547
    endloop
  endfacet
  facet normal 0.37144 -0.928457 8.49733e-05
    outer loop
      vertex -69.1671 -35.1955 14
      vertex -62.3394 -32.4644 9.62429
      vertex -61.4686 -32.116 9.91246
    endloop
  endfacet
  facet normal 0.371342 -0.928496 -9.25411e-05
    outer loop
      vertex -69.1671 -35.1955 14
      vertex -63.1131 -32.7738 9.29473
      vertex -62.3394 -32.4644 9.62429
    endloop
  endfacet
  facet normal 0.371453 -0.928452 7.2658e-05
    outer loop
      vertex -69.1671 -35.1955 14
      vertex -63.7774 -33.0396 8.92898
      vertex -63.1131 -32.7738 9.29473
    endloop
  endfacet
  facet normal 0.371392 -0.928476 -2.065e-06
    outer loop
      vertex -69.1671 -35.1955 14
      vertex -64.3219 -33.2574 8.53281
      vertex -63.7774 -33.0396 8.92898
    endloop
  endfacet
  facet normal 0.371352 -0.928492 -4.35284e-05
    outer loop
      vertex -69.1671 -35.1955 14
      vertex -64.738 -33.4238 8.11246
      vertex -64.3219 -33.2574 8.53281
    endloop
  endfacet
  facet normal 0.371344 -0.928495 -5.01206e-05
    outer loop
      vertex -69.1671 -35.1955 14
      vertex -65.0191 -33.5362 7.67457
      vertex -64.738 -33.4238 8.11246
    endloop
  endfacet
  facet normal 0.371514 -0.928427 7.90672e-05
    outer loop
      vertex -69.1671 -35.1955 14
      vertex -65.1607 -33.5929 7.22605
      vertex -65.0191 -33.5362 7.67457
    endloop
  endfacet
  facet normal 0.371399 -0.928473 0
    outer loop
      vertex -69.1671 -35.1955 14
      vertex -65.1607 -33.5929 6.77395
      vertex -65.1607 -33.5929 7.22605
    endloop
  endfacet
  facet normal 0.371399 -0.928473 0
    outer loop
      vertex -69.1671 -35.1955 0
      vertex -65.1607 -33.5929 6.77395
      vertex -69.1671 -35.1955 14
    endloop
  endfacet
  facet normal 0.371417 -0.928466 0.000184762
    outer loop
      vertex 54.0833 14.1047 3.5131
      vertex 76.3462 23.0099 0
      vertex 55.1935 14.5488 3.42839
    endloop
  endfacet
  facet normal 0.371391 -0.928477 1.49477e-05
    outer loop
      vertex -57.3065 -30.4512 3.42839
      vertex -69.1671 -35.1955 0
      vertex -56.1785 -30 3.4
    endloop
  endfacet
  facet normal 0.371403 -0.928472 -3.29246e-05
    outer loop
      vertex -58.4167 -30.8953 3.5131
      vertex -69.1671 -35.1955 0
      vertex -57.3065 -30.4512 3.42839
    endloop
  endfacet
  facet normal 0.37136 -0.928489 0.00012103
    outer loop
      vertex -59.4916 -31.3252 3.65281
      vertex -69.1671 -35.1955 0
      vertex -58.4167 -30.8953 3.5131
    endloop
  endfacet
  facet normal 0.371404 -0.928471 -1.51324e-05
    outer loop
      vertex -60.5143 -31.7343 3.8453
      vertex -69.1671 -35.1955 0
      vertex -59.4916 -31.3252 3.65281
    endloop
  endfacet
  facet normal 0.371383 -0.92848 4.01627e-05
    outer loop
      vertex -61.4686 -32.116 4.08754
      vertex -69.1671 -35.1955 0
      vertex -60.5143 -31.7343 3.8453
    endloop
  endfacet
  facet normal 0.37144 -0.928457 -8.49733e-05
    outer loop
      vertex -62.3394 -32.4644 4.37571
      vertex -69.1671 -35.1955 0
      vertex -61.4686 -32.116 4.08754
    endloop
  endfacet
  facet normal 0.371342 -0.928496 9.25411e-05
    outer loop
      vertex -63.1131 -32.7738 4.70527
      vertex -69.1671 -35.1955 0
      vertex -62.3394 -32.4644 4.37571
    endloop
  endfacet
  facet normal 0.371453 -0.928452 -7.2658e-05
    outer loop
      vertex -63.7774 -33.0396 5.07102
      vertex -69.1671 -35.1955 0
      vertex -63.1131 -32.7738 4.70527
    endloop
  endfacet
  facet normal 0.371392 -0.928476 2.065e-06
    outer loop
      vertex -64.3219 -33.2574 5.46719
      vertex -69.1671 -35.1955 0
      vertex -63.7774 -33.0396 5.07102
    endloop
  endfacet
  facet normal 0.371352 -0.928492 4.35284e-05
    outer loop
      vertex -64.738 -33.4238 5.88754
      vertex -69.1671 -35.1955 0
      vertex -64.3219 -33.2574 5.46719
    endloop
  endfacet
  facet normal 0.371344 -0.928495 5.01206e-05
    outer loop
      vertex -65.0191 -33.5362 6.32543
      vertex -69.1671 -35.1955 0
      vertex -64.738 -33.4238 5.88754
    endloop
  endfacet
  facet normal 0.371514 -0.928427 -7.90672e-05
    outer loop
      vertex -65.1607 -33.5929 6.77395
      vertex -69.1671 -35.1955 0
      vertex -65.0191 -33.5362 6.32543
    endloop
  endfacet
  facet normal 0.371391 -0.928477 2.45524e-06
    outer loop
      vertex -69.1671 -35.1955 14
      vertex 56.3215 15 10.6
      vertex 76.3462 23.0099 14
    endloop
  endfacet
  facet normal 0.371391 -0.928477 4.75634e-06
    outer loop
      vertex 57.4495 15.4512 10.5716
      vertex 76.3462 23.0099 14
      vertex 56.3215 15 10.6
    endloop
  endfacet
  facet normal 0.371401 -0.928473 -6.10875e-05
    outer loop
      vertex 58.5597 15.8953 10.4869
      vertex 76.3462 23.0099 14
      vertex 57.4495 15.4512 10.5716
    endloop
  endfacet
  facet normal 0.371364 -0.928487 0.000158261
    outer loop
      vertex 59.6346 16.3252 10.3472
      vertex 76.3462 23.0099 14
      vertex 58.5597 15.8953 10.4869
    endloop
  endfacet
  facet normal 0.3714 -0.928473 -3.64394e-05
    outer loop
      vertex 60.6573 16.7343 10.1547
      vertex 76.3462 23.0099 14
      vertex 59.6346 16.3252 10.3472
    endloop
  endfacet
  facet normal 0.371353 -0.928492 2.08487e-05
    outer loop
      vertex 75.4073 22.6343 10.2244
      vertex 76.3462 23.0099 14
      vertex 75 22.4714 10.25
    endloop
  endfacet
  facet normal 0.371468 -0.928446 -1.26021e-05
    outer loop
      vertex 75.8082 22.7947 10.1479
      vertex 76.3462 23.0099 14
      vertex 75.4073 22.6343 10.2244
    endloop
  endfacet
  facet normal 0.37143 -0.928461 -6.39078e-06
    outer loop
      vertex 76.1964 22.95 10.0218
      vertex 76.3462 23.0099 14
      vertex 75.8082 22.7947 10.1479
    endloop
  endfacet
  facet normal 0.371284 -0.928519 0
    outer loop
      vertex 76.3462 23.0099 14
      vertex 76.1964 22.95 10.0218
      vertex 76.3462 23.0099 9.9513
    endloop
  endfacet
  facet normal 0.371364 -0.928487 -0.000158256
    outer loop
      vertex 76.3462 23.0099 0
      vertex 59.6346 16.3252 3.65281
      vertex 58.5597 15.8953 3.5131
    endloop
  endfacet
  facet normal 0.371401 -0.928473 6.10855e-05
    outer loop
      vertex 76.3462 23.0099 0
      vertex 58.5597 15.8953 3.5131
      vertex 57.4495 15.4512 3.42839
    endloop
  endfacet
  facet normal 0.371391 -0.928477 -4.75655e-06
    outer loop
      vertex 76.3462 23.0099 0
      vertex 57.4495 15.4512 3.42839
      vertex 56.3215 15 3.4
    endloop
  endfacet
  facet normal 0.371391 -0.928477 -6.41211e-06
    outer loop
      vertex 55.1935 14.5488 3.42839
      vertex 76.3462 23.0099 0
      vertex 56.3215 15 3.4
    endloop
  endfacet
  facet normal 0.371284 -0.928519 0
    outer loop
      vertex 76.1964 22.95 3.97823
      vertex 76.3462 23.0099 0
      vertex 76.3462 23.0099 4.0487
    endloop
  endfacet
  facet normal 0.37143 -0.928461 6.39071e-06
    outer loop
      vertex 75.8082 22.7947 3.8521
      vertex 76.3462 23.0099 0
      vertex 76.1964 22.95 3.97823
    endloop
  endfacet
  facet normal 0.371468 -0.928446 1.26022e-05
    outer loop
      vertex 75.4073 22.6343 3.77563
      vertex 76.3462 23.0099 0
      vertex 75.8082 22.7947 3.8521
    endloop
  endfacet
  facet normal 0.371353 -0.928492 -2.08481e-05
    outer loop
      vertex 75 22.4714 3.75
      vertex 76.3462 23.0099 0
      vertex 75.4073 22.6343 3.77563
    endloop
  endfacet
  facet normal 0.37135 -0.928493 -2.18118e-05
    outer loop
      vertex 74.5927 22.3085 3.77563
      vertex 76.3462 23.0099 0
      vertex 75 22.4714 3.75
    endloop
  endfacet
  facet normal 0.687028 -0.0456302 0.725197
    outer loop
      vertex -68 -30 3.4
      vertex -68 -29.5488 3.42839
      vertex -69.9 -30 5.2
    endloop
  endfacet
  facet normal 0.687027 -0.0456142 0.725199
    outer loop
      vertex -68 -29.5488 3.42839
      vertex -69.9 -29.7744 5.21419
      vertex -69.9 -30 5.2
    endloop
  endfacet
  facet normal 0.687027 0.224581 0.691055
    outer loop
      vertex -68 -31.3252 3.65281
      vertex -68 -30.8953 3.5131
      vertex -69.9 -30.6626 5.3264
    endloop
  endfacet
  facet normal 0.687024 0.136193 -0.713757
    outer loop
      vertex -69.9 -30.2256 8.78581
      vertex -68 -30.4512 10.5716
      vertex -69.9 -30.4476 8.74345
    endloop
  endfacet
  facet normal 0.687027 -0.720895 -0.0911324
    outer loop
      vertex -69.9 -28.2319 7.33729
      vertex -68 -26.4071 7.22605
      vertex -68 -26.4638 7.67457
    endloop
  endfacet
  facet normal 0.687042 -0.720901 -0.0909684
    outer loop
      vertex -68 -26.4071 7.22605
      vertex -69.9 -28.2319 7.33729
      vertex -69.9 -28.2036 7.11302
    endloop
  endfacet
  facet normal 0.687033 0.224517 0.69107
    outer loop
      vertex -68 -30.8953 3.5131
      vertex -69.9 -30.4476 5.25655
      vertex -69.9 -30.6626 5.3264
    endloop
  endfacet
  facet normal 0.687029 0.463122 0.559918
    outer loop
      vertex -68 -32.4644 4.37571
      vertex -68 -32.116 4.08754
      vertex -69.9 -31.2322 5.68786
    endloop
  endfacet
  facet normal 0.687027 0.587801 0.427182
    outer loop
      vertex -68 -33.0396 5.07102
      vertex -69.9 -31.3869 5.85264
      vertex -69.9 -31.5198 6.03551
    endloop
  endfacet
  facet normal 0.687027 0.703816 -0.180659
    outer loop
      vertex -68 -33.5362 7.67457
      vertex -69.9 -31.7119 7.55623
      vertex -68 -33.4238 8.11246
    endloop
  endfacet
  facet normal 0.687026 0.703815 -0.180663
    outer loop
      vertex -69.9 -31.7119 7.55623
      vertex -68 -33.5362 7.67457
      vertex -69.9 -31.7681 7.33729
    endloop
  endfacet
  facet normal 0.68703 0.136131 -0.713763
    outer loop
      vertex -68 -30.4512 10.5716
      vertex -68 -30.8953 10.4869
      vertex -69.9 -30.4476 8.74345
    endloop
  endfacet
  facet normal 0.687028 0.0456302 0.725197
    outer loop
      vertex -68 -30.4512 3.42839
      vertex -68 -30 3.4
      vertex -69.9 -30 5.2
    endloop
  endfacet
  facet normal 0.687026 0.136192 0.713755
    outer loop
      vertex -68 -30.4512 3.42839
      vertex -69.9 -30.2256 5.21419
      vertex -69.9 -30.4476 5.25655
    endloop
  endfacet
  facet normal 0.68703 0.136146 0.71376
    outer loop
      vertex -68 -30.8953 3.5131
      vertex -68 -30.4512 3.42839
      vertex -69.9 -30.4476 5.25655
    endloop
  endfacet
  facet normal 0.687027 0.309312 0.65751
    outer loop
      vertex -69.9 -30.8672 5.42265
      vertex -68 -31.3252 3.65281
      vertex -69.9 -30.6626 5.3264
    endloop
  endfacet
  facet normal 0.687022 0.309363 0.657491
    outer loop
      vertex -68 -31.3252 3.65281
      vertex -69.9 -30.8672 5.42265
      vertex -68 -31.7343 3.8453
    endloop
  endfacet
  facet normal 0.687042 0.720901 0.0909684
    outer loop
      vertex -68 -33.5929 6.77395
      vertex -69.9 -31.7681 6.66271
      vertex -69.9 -31.7964 6.88698
    endloop
  endfacet
  facet normal 0.687027 0.720895 0.0911324
    outer loop
      vertex -69.9 -31.7681 6.66271
      vertex -68 -33.5929 6.77395
      vertex -68 -33.5362 6.32543
    endloop
  endfacet
  facet normal 0.68703 0.675616 0.267456
    outer loop
      vertex -68 -33.2574 5.46719
      vertex -69.9 -31.6287 6.2336
      vertex -69.9 -31.7119 6.44377
    endloop
  endfacet
  facet normal 0.687029 0.675619 0.267451
    outer loop
      vertex -68 -33.4238 5.88754
      vertex -68 -33.2574 5.46719
      vertex -69.9 -31.7119 6.44377
    endloop
  endfacet
  facet normal 0.687028 0.587805 0.427173
    outer loop
      vertex -68 -33.0396 5.07102
      vertex -68 -32.7738 4.70527
      vertex -69.9 -31.3869 5.85264
    endloop
  endfacet
  facet normal 0.687019 0.389432 -0.613472
    outer loop
      vertex -68 -31.7343 10.1547
      vertex -69.9 -31.058 8.45623
      vertex -69.9 -30.8672 8.57735
    endloop
  endfacet
  facet normal 0.687027 0.389355 -0.613511
    outer loop
      vertex -69.9 -31.058 8.45623
      vertex -68 -31.7343 10.1547
      vertex -68 -32.116 9.91246
    endloop
  endfacet
  facet normal 0.687027 0.0456142 0.725199
    outer loop
      vertex -68 -30.4512 3.42839
      vertex -69.9 -30 5.2
      vertex -69.9 -30.2256 5.21419
    endloop
  endfacet
  facet normal 0.687028 0.463132 0.559911
    outer loop
      vertex -68 -32.116 4.08754
      vertex -69.9 -31.058 5.54377
      vertex -69.9 -31.2322 5.68786
    endloop
  endfacet
  facet normal 0.687026 0.703815 0.180663
    outer loop
      vertex -68 -33.5362 6.32543
      vertex -69.9 -31.7119 6.44377
      vertex -69.9 -31.7681 6.66271
    endloop
  endfacet
  facet normal 0.687027 0.703816 0.180659
    outer loop
      vertex -69.9 -31.7119 6.44377
      vertex -68 -33.5362 6.32543
      vertex -68 -33.4238 5.88754
    endloop
  endfacet
  facet normal 0.687029 0.529753 0.497346
    outer loop
      vertex -69.9 -31.3869 5.85264
      vertex -68 -32.4644 4.37571
      vertex -69.9 -31.2322 5.68786
    endloop
  endfacet
  facet normal 0.687029 0.529753 0.497346
    outer loop
      vertex -68 -32.4644 4.37571
      vertex -69.9 -31.3869 5.85264
      vertex -68 -32.7738 4.70527
    endloop
  endfacet
  facet normal 0.68703 0.636747 0.350061
    outer loop
      vertex -68 -33.2574 5.46719
      vertex -68 -33.0396 5.07102
      vertex -69.9 -31.5198 6.03551
    endloop
  endfacet
  facet normal 0.687031 0.63675 0.350053
    outer loop
      vertex -68 -33.2574 5.46719
      vertex -69.9 -31.5198 6.03551
      vertex -69.9 -31.6287 6.2336
    endloop
  endfacet
  facet normal 0.687029 0.309312 -0.657508
    outer loop
      vertex -68 -31.3252 10.3472
      vertex -69.9 -30.8672 8.57735
      vertex -69.9 -30.6626 8.6736
    endloop
  endfacet
  facet normal 0.687023 0.309376 -0.657485
    outer loop
      vertex -69.9 -30.8672 8.57735
      vertex -68 -31.3252 10.3472
      vertex -68 -31.7343 10.1547
    endloop
  endfacet
  facet normal 0.687029 0.529753 -0.497346
    outer loop
      vertex -68 -32.4644 9.62429
      vertex -69.9 -31.3869 8.14736
      vertex -69.9 -31.2322 8.31214
    endloop
  endfacet
  facet normal 0.687029 0.529753 -0.497346
    outer loop
      vertex -69.9 -31.3869 8.14736
      vertex -68 -32.4644 9.62429
      vertex -68 -32.7738 9.29473
    endloop
  endfacet
  facet normal 0.687029 0.675619 -0.267451
    outer loop
      vertex -68 -33.2574 8.53281
      vertex -68 -33.4238 8.11246
      vertex -69.9 -31.7119 7.55623
    endloop
  endfacet
  facet normal 0.687027 0.720895 -0.0911324
    outer loop
      vertex -68 -33.5929 7.22605
      vertex -69.9 -31.7681 7.33729
      vertex -68 -33.5362 7.67457
    endloop
  endfacet
  facet normal 0.687042 0.720901 -0.0909684
    outer loop
      vertex -69.9 -31.7681 7.33729
      vertex -68 -33.5929 7.22605
      vertex -69.9 -31.7964 7.11302
    endloop
  endfacet
  facet normal 0.687028 0.587805 -0.427173
    outer loop
      vertex -68 -32.7738 9.29473
      vertex -68 -33.0396 8.92898
      vertex -69.9 -31.3869 8.14736
    endloop
  endfacet
  facet normal 0.687027 0.587801 -0.427182
    outer loop
      vertex -69.9 -31.3869 8.14736
      vertex -68 -33.0396 8.92898
      vertex -69.9 -31.5198 7.96449
    endloop
  endfacet
  facet normal 0.68703 -0.136131 -0.713763
    outer loop
      vertex -68 -29.1047 10.4869
      vertex -68 -29.5488 10.5716
      vertex -69.9 -29.5524 8.74345
    endloop
  endfacet
  facet normal 0.687028 -0.587805 -0.427173
    outer loop
      vertex -68 -26.9604 8.92898
      vertex -68 -27.2262 9.29473
      vertex -69.9 -28.6131 8.14736
    endloop
  endfacet
  facet normal 0.687027 -0.587801 -0.427182
    outer loop
      vertex -69.9 -28.4802 7.96449
      vertex -68 -26.9604 8.92898
      vertex -69.9 -28.6131 8.14736
    endloop
  endfacet
  facet normal 0.687026 -0.136192 0.713755
    outer loop
      vertex -68 -29.5488 3.42839
      vertex -69.9 -29.5524 5.25655
      vertex -69.9 -29.7744 5.21419
    endloop
  endfacet
  facet normal 0.687019 0.389432 0.613472
    outer loop
      vertex -69.9 -31.058 5.54377
      vertex -68 -31.7343 3.8453
      vertex -69.9 -30.8672 5.42265
    endloop
  endfacet
  facet normal 0.687027 0.389355 0.613511
    outer loop
      vertex -68 -31.7343 3.8453
      vertex -69.9 -31.058 5.54377
      vertex -68 -32.116 4.08754
    endloop
  endfacet
  facet normal 0.687028 0.224566 -0.691059
    outer loop
      vertex -68 -30.8953 10.4869
      vertex -68 -31.3252 10.3472
      vertex -69.9 -30.6626 8.6736
    endloop
  endfacet
  facet normal 0.687033 0.224517 -0.69107
    outer loop
      vertex -69.9 -30.4476 8.74345
      vertex -68 -30.8953 10.4869
      vertex -69.9 -30.6626 8.6736
    endloop
  endfacet
  facet normal 0.687039 0.726621 0
    outer loop
      vertex -68 -33.5929 7.22605
      vertex -69.9 -31.7964 6.88698
      vertex -69.9 -31.7964 7.11302
    endloop
  endfacet
  facet normal 0.687039 0.726621 0
    outer loop
      vertex -69.9 -31.7964 6.88698
      vertex -68 -33.5929 7.22605
      vertex -68 -33.5929 6.77395
    endloop
  endfacet
  facet normal 0.68703 0.636747 -0.350061
    outer loop
      vertex -68 -33.0396 8.92898
      vertex -68 -33.2574 8.53281
      vertex -69.9 -31.5198 7.96449
    endloop
  endfacet
  facet normal 0.687033 -0.224517 -0.69107
    outer loop
      vertex -69.9 -29.3374 8.6736
      vertex -68 -29.1047 10.4869
      vertex -69.9 -29.5524 8.74345
    endloop
  endfacet
  facet normal 0.687025 0.0456144 -0.725201
    outer loop
      vertex -69.9 -30 8.8
      vertex -68 -30.4512 10.5716
      vertex -69.9 -30.2256 8.78581
    endloop
  endfacet
  facet normal 0.687029 -0.675619 -0.267451
    outer loop
      vertex -68 -26.5762 8.11246
      vertex -68 -26.7426 8.53281
      vertex -69.9 -28.2881 7.55623
    endloop
  endfacet
  facet normal 0.687027 -0.703816 -0.180659
    outer loop
      vertex -69.9 -28.2881 7.55623
      vertex -68 -26.4638 7.67457
      vertex -68 -26.5762 8.11246
    endloop
  endfacet
  facet normal 0.687026 -0.703815 -0.180663
    outer loop
      vertex -68 -26.4638 7.67457
      vertex -69.9 -28.2881 7.55623
      vertex -69.9 -28.2319 7.33729
    endloop
  endfacet
  facet normal 0.687026 -0.703815 0.180663
    outer loop
      vertex -69.9 -28.2881 6.44377
      vertex -68 -26.4638 6.32543
      vertex -69.9 -28.2319 6.66271
    endloop
  endfacet
  facet normal 0.687027 -0.703816 0.180659
    outer loop
      vertex -68 -26.4638 6.32543
      vertex -69.9 -28.2881 6.44377
      vertex -68 -26.5762 5.88754
    endloop
  endfacet
  facet normal 0.687027 -0.587801 0.427182
    outer loop
      vertex -68 -26.9604 5.07102
      vertex -69.9 -28.4802 6.03551
      vertex -69.9 -28.6131 5.85264
    endloop
  endfacet
  facet normal 0.687027 -0.224581 0.691055
    outer loop
      vertex -68 -29.1047 3.5131
      vertex -68 -28.6748 3.65281
      vertex -69.9 -29.3374 5.3264
    endloop
  endfacet
  facet normal 0.68703 -0.136146 0.71376
    outer loop
      vertex -68 -29.5488 3.42839
      vertex -68 -29.1047 3.5131
      vertex -69.9 -29.5524 5.25655
    endloop
  endfacet
  facet normal 0.687029 0.463122 -0.559918
    outer loop
      vertex -68 -32.116 9.91246
      vertex -68 -32.4644 9.62429
      vertex -69.9 -31.2322 8.31214
    endloop
  endfacet
  facet normal 0.687028 0.463132 -0.559911
    outer loop
      vertex -69.9 -31.058 8.45623
      vertex -68 -32.116 9.91246
      vertex -69.9 -31.2322 8.31214
    endloop
  endfacet
  facet normal 0.68703 0.675616 -0.267456
    outer loop
      vertex -69.9 -31.6287 7.7664
      vertex -68 -33.2574 8.53281
      vertex -69.9 -31.7119 7.55623
    endloop
  endfacet
  facet normal 0.687031 0.63675 -0.350053
    outer loop
      vertex -69.9 -31.5198 7.96449
      vertex -68 -33.2574 8.53281
      vertex -69.9 -31.6287 7.7664
    endloop
  endfacet
  facet normal 0.687028 -0.224566 -0.691059
    outer loop
      vertex -68 -28.6748 10.3472
      vertex -68 -29.1047 10.4869
      vertex -69.9 -29.3374 8.6736
    endloop
  endfacet
  facet normal 0.687028 0.0456462 -0.725196
    outer loop
      vertex -68 -30 10.6
      vertex -68 -30.4512 10.5716
      vertex -69.9 -30 8.8
    endloop
  endfacet
  facet normal 0.687028 -0.0456462 -0.725196
    outer loop
      vertex -68 -29.5488 10.5716
      vertex -68 -30 10.6
      vertex -69.9 -30 8.8
    endloop
  endfacet
  facet normal 0.687029 -0.463122 -0.559918
    outer loop
      vertex -68 -27.5356 9.62429
      vertex -68 -27.884 9.91246
      vertex -69.9 -28.7678 8.31214
    endloop
  endfacet
  facet normal 0.687029 -0.529753 -0.497346
    outer loop
      vertex -68 -27.5356 9.62429
      vertex -69.9 -28.6131 8.14736
      vertex -68 -27.2262 9.29473
    endloop
  endfacet
  facet normal 0.687029 -0.529753 -0.497346
    outer loop
      vertex -69.9 -28.6131 8.14736
      vertex -68 -27.5356 9.62429
      vertex -69.9 -28.7678 8.31214
    endloop
  endfacet
  facet normal 0.687031 -0.63675 -0.350053
    outer loop
      vertex -69.9 -28.3713 7.7664
      vertex -68 -26.7426 8.53281
      vertex -69.9 -28.4802 7.96449
    endloop
  endfacet
  facet normal 0.68703 -0.636747 -0.350061
    outer loop
      vertex -68 -26.7426 8.53281
      vertex -68 -26.9604 8.92898
      vertex -69.9 -28.4802 7.96449
    endloop
  endfacet
  facet normal 0.687039 -0.726621 0
    outer loop
      vertex -69.9 -28.2036 6.88698
      vertex -68 -26.4071 7.22605
      vertex -69.9 -28.2036 7.11302
    endloop
  endfacet
  facet normal 0.687039 -0.726621 0
    outer loop
      vertex -68 -26.4071 7.22605
      vertex -69.9 -28.2036 6.88698
      vertex -68 -26.4071 6.77395
    endloop
  endfacet
  facet normal 0.687042 -0.720901 0.0909684
    outer loop
      vertex -69.9 -28.2319 6.66271
      vertex -68 -26.4071 6.77395
      vertex -69.9 -28.2036 6.88698
    endloop
  endfacet
  facet normal 0.687027 -0.720895 0.0911324
    outer loop
      vertex -68 -26.4071 6.77395
      vertex -69.9 -28.2319 6.66271
      vertex -68 -26.4638 6.32543
    endloop
  endfacet
  facet normal 0.687029 -0.675619 0.267451
    outer loop
      vertex -68 -26.7426 5.46719
      vertex -68 -26.5762 5.88754
      vertex -69.9 -28.2881 6.44377
    endloop
  endfacet
  facet normal 0.687028 -0.587805 0.427173
    outer loop
      vertex -68 -27.2262 4.70527
      vertex -68 -26.9604 5.07102
      vertex -69.9 -28.6131 5.85264
    endloop
  endfacet
  facet normal 0.687027 -0.389355 0.613511
    outer loop
      vertex -69.9 -28.942 5.54377
      vertex -68 -28.2657 3.8453
      vertex -68 -27.884 4.08754
    endloop
  endfacet
  facet normal 0.687019 -0.389432 0.613472
    outer loop
      vertex -68 -28.2657 3.8453
      vertex -69.9 -28.942 5.54377
      vertex -69.9 -29.1328 5.42265
    endloop
  endfacet
  facet normal 0.68703 -0.675616 0.267456
    outer loop
      vertex -68 -26.7426 5.46719
      vertex -69.9 -28.2881 6.44377
      vertex -69.9 -28.3713 6.2336
    endloop
  endfacet
  facet normal 0.68703 -0.636747 0.350061
    outer loop
      vertex -68 -26.9604 5.07102
      vertex -68 -26.7426 5.46719
      vertex -69.9 -28.4802 6.03551
    endloop
  endfacet
  facet normal 0.687033 -0.224517 0.69107
    outer loop
      vertex -68 -29.1047 3.5131
      vertex -69.9 -29.3374 5.3264
      vertex -69.9 -29.5524 5.25655
    endloop
  endfacet
  facet normal 0.687023 -0.309376 -0.657485
    outer loop
      vertex -68 -28.6748 10.3472
      vertex -69.9 -29.1328 8.57735
      vertex -68 -28.2657 10.1547
    endloop
  endfacet
  facet normal 0.687029 -0.309312 -0.657508
    outer loop
      vertex -69.9 -29.1328 8.57735
      vertex -68 -28.6748 10.3472
      vertex -69.9 -29.3374 8.6736
    endloop
  endfacet
  facet normal 0.687025 -0.0456144 -0.725201
    outer loop
      vertex -69.9 -29.7744 8.78581
      vertex -68 -29.5488 10.5716
      vertex -69.9 -30 8.8
    endloop
  endfacet
  facet normal 0.687024 -0.136193 -0.713757
    outer loop
      vertex -69.9 -29.5524 8.74345
      vertex -68 -29.5488 10.5716
      vertex -69.9 -29.7744 8.78581
    endloop
  endfacet
  facet normal 0.687028 -0.463132 -0.559911
    outer loop
      vertex -69.9 -28.7678 8.31214
      vertex -68 -27.884 9.91246
      vertex -69.9 -28.942 8.45623
    endloop
  endfacet
  facet normal 0.68703 -0.675616 -0.267456
    outer loop
      vertex -69.9 -28.2881 7.55623
      vertex -68 -26.7426 8.53281
      vertex -69.9 -28.3713 7.7664
    endloop
  endfacet
  facet normal 0.687022 -0.309363 0.657491
    outer loop
      vertex -69.9 -29.1328 5.42265
      vertex -68 -28.6748 3.65281
      vertex -68 -28.2657 3.8453
    endloop
  endfacet
  facet normal 0.687027 -0.309312 0.65751
    outer loop
      vertex -68 -28.6748 3.65281
      vertex -69.9 -29.1328 5.42265
      vertex -69.9 -29.3374 5.3264
    endloop
  endfacet
  facet normal 0.687029 -0.529753 0.497346
    outer loop
      vertex -69.9 -28.6131 5.85264
      vertex -68 -27.5356 4.37571
      vertex -68 -27.2262 4.70527
    endloop
  endfacet
  facet normal 0.687029 -0.529753 0.497346
    outer loop
      vertex -68 -27.5356 4.37571
      vertex -69.9 -28.6131 5.85264
      vertex -69.9 -28.7678 5.68786
    endloop
  endfacet
  facet normal 0.687029 -0.463122 0.559918
    outer loop
      vertex -68 -27.884 4.08754
      vertex -68 -27.5356 4.37571
      vertex -69.9 -28.7678 5.68786
    endloop
  endfacet
  facet normal 0.687031 -0.63675 0.350053
    outer loop
      vertex -68 -26.7426 5.46719
      vertex -69.9 -28.3713 6.2336
      vertex -69.9 -28.4802 6.03551
    endloop
  endfacet
  facet normal 0.687027 -0.389355 -0.613511
    outer loop
      vertex -68 -28.2657 10.1547
      vertex -69.9 -28.942 8.45623
      vertex -68 -27.884 9.91246
    endloop
  endfacet
  facet normal 0.687019 -0.389432 -0.613472
    outer loop
      vertex -69.9 -28.942 8.45623
      vertex -68 -28.2657 10.1547
      vertex -69.9 -29.1328 8.57735
    endloop
  endfacet
  facet normal 0.687028 -0.463132 0.559911
    outer loop
      vertex -68 -27.884 4.08754
      vertex -69.9 -28.7678 5.68786
      vertex -69.9 -28.942 5.54377
    endloop
  endfacet
  facet normal 0 -0.0627969 0.998026
    outer loop
      vertex -68 -29.5488 3.42839
      vertex -56.1785 -30 3.4
      vertex -55.0505 -29.5488 3.42839
    endloop
  endfacet
  facet normal 0 -0.0627969 0.998026
    outer loop
      vertex -56.1785 -30 3.4
      vertex -68 -29.5488 3.42839
      vertex -68 -30 3.4
    endloop
  endfacet
  facet normal 0 -0.0628189 -0.998025
    outer loop
      vertex -68 -29.5488 10.5716
      vertex -56.1785 -30 10.6
      vertex -68 -30 10.6
    endloop
  endfacet
  facet normal 0 -0.0628189 -0.998025
    outer loop
      vertex -56.1785 -30 10.6
      vertex -68 -29.5488 10.5716
      vertex -55.0505 -29.5488 10.5716
    endloop
  endfacet
  facet normal 0 -1 0
    outer loop
      vertex -68 -26.4071 6.77395
      vertex -47.1963 -26.4071 7.22605
      vertex -68 -26.4071 7.22605
    endloop
  endfacet
  facet normal 0 -1 -0
    outer loop
      vertex -47.1963 -26.4071 7.22605
      vertex -68 -26.4071 6.77395
      vertex -47.1963 -26.4071 6.77395
    endloop
  endfacet
  facet normal 0 1 -0
    outer loop
      vertex -65.1607 -33.5929 6.77395
      vertex -68 -33.5929 7.22605
      vertex -65.1607 -33.5929 7.22605
    endloop
  endfacet
  facet normal 0 1 0
    outer loop
      vertex -68 -33.5929 7.22605
      vertex -65.1607 -33.5929 6.77395
      vertex -68 -33.5929 6.77395
    endloop
  endfacet
  facet normal -0 0.637356 0.770569
    outer loop
      vertex -68 -32.116 4.08754
      vertex -62.3394 -32.4644 4.37571
      vertex -61.4686 -32.116 4.08754
    endloop
  endfacet
  facet normal 0 0.637356 0.770569
    outer loop
      vertex -62.3394 -32.4644 4.37571
      vertex -68 -32.116 4.08754
      vertex -68 -32.4644 4.37571
    endloop
  endfacet
  facet normal 0 -0.729054 0.684456
    outer loop
      vertex -50.0176 -27.5356 4.37571
      vertex -68 -27.2262 4.70527
      vertex -68 -27.5356 4.37571
    endloop
  endfacet
  facet normal 0 -0.729054 0.684456
    outer loop
      vertex -68 -27.2262 4.70527
      vertex -50.0176 -27.5356 4.37571
      vertex -49.2439 -27.2262 4.70527
    endloop
  endfacet
  facet normal 0 -0.729054 -0.684456
    outer loop
      vertex -68 -27.2262 9.29473
      vertex -50.0176 -27.5356 9.62429
      vertex -68 -27.5356 9.62429
    endloop
  endfacet
  facet normal 0 -0.729054 -0.684456
    outer loop
      vertex -50.0176 -27.5356 9.62429
      vertex -68 -27.2262 9.29473
      vertex -49.2439 -27.2262 9.29473
    endloop
  endfacet
  facet normal 0 -0.929798 -0.36807
    outer loop
      vertex -68 -26.5762 8.11246
      vertex -48.035 -26.7426 8.53281
      vertex -68 -26.7426 8.53281
    endloop
  endfacet
  facet normal 0 -0.929798 -0.36807
    outer loop
      vertex -48.035 -26.7426 8.53281
      vertex -68 -26.5762 8.11246
      vertex -47.619 -26.5762 8.11246
    endloop
  endfacet
  facet normal -0 0.309071 0.951039
    outer loop
      vertex -68 -30.8953 3.5131
      vertex -59.4916 -31.3252 3.65281
      vertex -58.4167 -30.8953 3.5131
    endloop
  endfacet
  facet normal 0 0.309071 0.951039
    outer loop
      vertex -59.4916 -31.3252 3.65281
      vertex -68 -30.8953 3.5131
      vertex -68 -31.3252 3.65281
    endloop
  endfacet
  facet normal 0 -0.425747 0.904842
    outer loop
      vertex -68 -28.2657 3.8453
      vertex -52.8654 -28.6748 3.65281
      vertex -51.8427 -28.2657 3.8453
    endloop
  endfacet
  facet normal 0 -0.425747 0.904842
    outer loop
      vertex -52.8654 -28.6748 3.65281
      vertex -68 -28.2657 3.8453
      vertex -68 -28.6748 3.65281
    endloop
  endfacet
  facet normal 0 -0.187367 0.98229
    outer loop
      vertex -68 -29.1047 3.5131
      vertex -55.0505 -29.5488 3.42839
      vertex -53.9403 -29.1047 3.5131
    endloop
  endfacet
  facet normal 0 -0.187367 0.98229
    outer loop
      vertex -55.0505 -29.5488 3.42839
      vertex -68 -29.1047 3.5131
      vertex -68 -29.5488 3.42839
    endloop
  endfacet
  facet normal 0 -0.535836 0.844322
    outer loop
      vertex -68 -27.884 4.08754
      vertex -51.8427 -28.2657 3.8453
      vertex -50.8884 -27.884 4.08754
    endloop
  endfacet
  facet normal 0 -0.535836 0.844322
    outer loop
      vertex -51.8427 -28.2657 3.8453
      vertex -68 -27.884 4.08754
      vertex -68 -28.2657 3.8453
    endloop
  endfacet
  facet normal 0 -0.929798 0.36807
    outer loop
      vertex -48.035 -26.7426 5.46719
      vertex -68 -26.5762 5.88754
      vertex -68 -26.7426 5.46719
    endloop
  endfacet
  facet normal 0 -0.929798 0.36807
    outer loop
      vertex -68 -26.5762 5.88754
      vertex -48.035 -26.7426 5.46719
      vertex -47.619 -26.5762 5.88754
    endloop
  endfacet
  facet normal 0 -0.9686 0.248625
    outer loop
      vertex -47.619 -26.5762 5.88754
      vertex -68 -26.4638 6.32543
      vertex -68 -26.5762 5.88754
    endloop
  endfacet
  facet normal 0 -0.9686 0.248625
    outer loop
      vertex -68 -26.4638 6.32543
      vertex -47.619 -26.5762 5.88754
      vertex -47.3379 -26.4638 6.32543
    endloop
  endfacet
  facet normal 0 -0.808946 0.587882
    outer loop
      vertex -49.2439 -27.2262 4.70527
      vertex -68 -26.9604 5.07102
      vertex -68 -27.2262 4.70527
    endloop
  endfacet
  facet normal 0 -0.808946 0.587882
    outer loop
      vertex -68 -26.9604 5.07102
      vertex -49.2439 -27.2262 4.70527
      vertex -48.5795 -26.9604 5.07102
    endloop
  endfacet
  facet normal 0 -0.425765 -0.904834
    outer loop
      vertex -68 -28.2657 10.1547
      vertex -52.8654 -28.6748 10.3472
      vertex -68 -28.6748 10.3472
    endloop
  endfacet
  facet normal 0 -0.425765 -0.904834
    outer loop
      vertex -52.8654 -28.6748 10.3472
      vertex -68 -28.2657 10.1547
      vertex -51.8427 -28.2657 10.1547
    endloop
  endfacet
  facet normal 0 -0.637356 -0.770569
    outer loop
      vertex -68 -27.5356 9.62429
      vertex -50.8884 -27.884 9.91246
      vertex -68 -27.884 9.91246
    endloop
  endfacet
  facet normal 0 -0.637356 -0.770569
    outer loop
      vertex -50.8884 -27.884 9.91246
      vertex -68 -27.5356 9.62429
      vertex -50.0176 -27.5356 9.62429
    endloop
  endfacet
  facet normal 0 -0.309051 -0.951045
    outer loop
      vertex -68 -28.6748 10.3472
      vertex -53.9403 -29.1047 10.4869
      vertex -68 -29.1047 10.4869
    endloop
  endfacet
  facet normal 0 -0.309051 -0.951045
    outer loop
      vertex -53.9403 -29.1047 10.4869
      vertex -68 -28.6748 10.3472
      vertex -52.8654 -28.6748 10.3472
    endloop
  endfacet
  facet normal 0 -0.876303 -0.48176
    outer loop
      vertex -68 -26.7426 8.53281
      vertex -48.5795 -26.9604 8.92898
      vertex -68 -26.9604 8.92898
    endloop
  endfacet
  facet normal 0 -0.876303 -0.48176
    outer loop
      vertex -48.5795 -26.9604 8.92898
      vertex -68 -26.7426 8.53281
      vertex -48.035 -26.7426 8.53281
    endloop
  endfacet
  facet normal 0 -0.9686 -0.248625
    outer loop
      vertex -68 -26.4638 7.67457
      vertex -47.619 -26.5762 8.11246
      vertex -68 -26.5762 8.11246
    endloop
  endfacet
  facet normal 0 -0.9686 -0.248625
    outer loop
      vertex -47.619 -26.5762 8.11246
      vertex -68 -26.4638 7.67457
      vertex -47.3379 -26.4638 7.67457
    endloop
  endfacet
  facet normal -0 0.929798 0.36807
    outer loop
      vertex -68 -33.2574 5.46719
      vertex -64.738 -33.4238 5.88754
      vertex -64.3219 -33.2574 5.46719
    endloop
  endfacet
  facet normal 0 0.929798 0.36807
    outer loop
      vertex -64.738 -33.4238 5.88754
      vertex -68 -33.2574 5.46719
      vertex -68 -33.4238 5.88754
    endloop
  endfacet
  facet normal 0 -0.309071 0.951039
    outer loop
      vertex -68 -28.6748 3.65281
      vertex -53.9403 -29.1047 3.5131
      vertex -52.8654 -28.6748 3.65281
    endloop
  endfacet
  facet normal 0 -0.309071 0.951039
    outer loop
      vertex -53.9403 -29.1047 3.5131
      vertex -68 -28.6748 3.65281
      vertex -68 -29.1047 3.5131
    endloop
  endfacet
  facet normal 0 -0.637356 0.770569
    outer loop
      vertex -68 -27.5356 4.37571
      vertex -50.8884 -27.884 4.08754
      vertex -50.0176 -27.5356 4.37571
    endloop
  endfacet
  facet normal 0 -0.637356 0.770569
    outer loop
      vertex -50.8884 -27.884 4.08754
      vertex -68 -27.5356 4.37571
      vertex -68 -27.884 4.08754
    endloop
  endfacet
  facet normal 0 -0.992104 0.125418
    outer loop
      vertex -47.3379 -26.4638 6.32543
      vertex -68 -26.4071 6.77395
      vertex -68 -26.4638 6.32543
    endloop
  endfacet
  facet normal 0 -0.992104 0.125418
    outer loop
      vertex -68 -26.4071 6.77395
      vertex -47.3379 -26.4638 6.32543
      vertex -47.1963 -26.4071 6.77395
    endloop
  endfacet
  facet normal 0 -0.876303 0.48176
    outer loop
      vertex -48.5795 -26.9604 5.07102
      vertex -68 -26.7426 5.46719
      vertex -68 -26.9604 5.07102
    endloop
  endfacet
  facet normal 0 -0.876303 0.48176
    outer loop
      vertex -68 -26.7426 5.46719
      vertex -48.5795 -26.9604 5.07102
      vertex -48.035 -26.7426 5.46719
    endloop
  endfacet
  facet normal 0 -0.535836 -0.844322
    outer loop
      vertex -68 -27.884 9.91246
      vertex -51.8427 -28.2657 10.1547
      vertex -68 -28.2657 10.1547
    endloop
  endfacet
  facet normal 0 -0.535836 -0.844322
    outer loop
      vertex -51.8427 -28.2657 10.1547
      vertex -68 -27.884 9.91246
      vertex -50.8884 -27.884 9.91246
    endloop
  endfacet
  facet normal 0 -0.187346 -0.982294
    outer loop
      vertex -68 -29.1047 10.4869
      vertex -55.0505 -29.5488 10.5716
      vertex -68 -29.5488 10.5716
    endloop
  endfacet
  facet normal 0 -0.187346 -0.982294
    outer loop
      vertex -55.0505 -29.5488 10.5716
      vertex -68 -29.1047 10.4869
      vertex -53.9403 -29.1047 10.4869
    endloop
  endfacet
  facet normal 0 -0.808946 -0.587882
    outer loop
      vertex -68 -26.9604 8.92898
      vertex -49.2439 -27.2262 9.29473
      vertex -68 -27.2262 9.29473
    endloop
  endfacet
  facet normal 0 -0.808946 -0.587882
    outer loop
      vertex -49.2439 -27.2262 9.29473
      vertex -68 -26.9604 8.92898
      vertex -48.5795 -26.9604 8.92898
    endloop
  endfacet
  facet normal 0 -0.992104 -0.125418
    outer loop
      vertex -68 -26.4071 7.22605
      vertex -47.3379 -26.4638 7.67457
      vertex -68 -26.4638 7.67457
    endloop
  endfacet
  facet normal 0 -0.992104 -0.125418
    outer loop
      vertex -47.3379 -26.4638 7.67457
      vertex -68 -26.4071 7.22605
      vertex -47.1963 -26.4071 7.22605
    endloop
  endfacet
  facet normal -0 0.0627969 0.998026
    outer loop
      vertex -68 -30 3.4
      vertex -57.3065 -30.4512 3.42839
      vertex -56.1785 -30 3.4
    endloop
  endfacet
  facet normal 0 0.0627969 0.998026
    outer loop
      vertex -57.3065 -30.4512 3.42839
      vertex -68 -30 3.4
      vertex -68 -30.4512 3.42839
    endloop
  endfacet
  facet normal -0 0.535836 0.844322
    outer loop
      vertex -68 -31.7343 3.8453
      vertex -61.4686 -32.116 4.08754
      vertex -60.5143 -31.7343 3.8453
    endloop
  endfacet
  facet normal 0 0.535836 0.844322
    outer loop
      vertex -61.4686 -32.116 4.08754
      vertex -68 -31.7343 3.8453
      vertex -68 -32.116 4.08754
    endloop
  endfacet
  facet normal -0 0.187367 0.98229
    outer loop
      vertex -68 -30.4512 3.42839
      vertex -58.4167 -30.8953 3.5131
      vertex -57.3065 -30.4512 3.42839
    endloop
  endfacet
  facet normal 0 0.187367 0.98229
    outer loop
      vertex -58.4167 -30.8953 3.5131
      vertex -68 -30.4512 3.42839
      vertex -68 -30.8953 3.5131
    endloop
  endfacet
  facet normal -0 0.808946 0.587882
    outer loop
      vertex -68 -32.7738 4.70527
      vertex -63.7774 -33.0396 5.07102
      vertex -63.1131 -32.7738 4.70527
    endloop
  endfacet
  facet normal 0 0.808946 0.587882
    outer loop
      vertex -63.7774 -33.0396 5.07102
      vertex -68 -32.7738 4.70527
      vertex -68 -33.0396 5.07102
    endloop
  endfacet
  facet normal -0 0.425747 0.904842
    outer loop
      vertex -68 -31.3252 3.65281
      vertex -60.5143 -31.7343 3.8453
      vertex -59.4916 -31.3252 3.65281
    endloop
  endfacet
  facet normal 0 0.425747 0.904842
    outer loop
      vertex -60.5143 -31.7343 3.8453
      vertex -68 -31.3252 3.65281
      vertex -68 -31.7343 3.8453
    endloop
  endfacet
  facet normal 0 0.9686 -0.248625
    outer loop
      vertex -65.0191 -33.5362 7.67457
      vertex -68 -33.4238 8.11246
      vertex -64.738 -33.4238 8.11246
    endloop
  endfacet
  facet normal 0 0.9686 -0.248625
    outer loop
      vertex -68 -33.4238 8.11246
      vertex -65.0191 -33.5362 7.67457
      vertex -68 -33.5362 7.67457
    endloop
  endfacet
  facet normal 0 0.309051 -0.951045
    outer loop
      vertex -68 -30.8953 10.4869
      vertex -59.4916 -31.3252 10.3472
      vertex -68 -31.3252 10.3472
    endloop
  endfacet
  facet normal 0 0.309051 -0.951045
    outer loop
      vertex -59.4916 -31.3252 10.3472
      vertex -68 -30.8953 10.4869
      vertex -58.4167 -30.8953 10.4869
    endloop
  endfacet
  facet normal 0 0.0628189 -0.998025
    outer loop
      vertex -68 -30 10.6
      vertex -57.3065 -30.4512 10.5716
      vertex -68 -30.4512 10.5716
    endloop
  endfacet
  facet normal 0 0.0628189 -0.998025
    outer loop
      vertex -57.3065 -30.4512 10.5716
      vertex -68 -30 10.6
      vertex -56.1785 -30 10.6
    endloop
  endfacet
  facet normal -0 0.729054 0.684456
    outer loop
      vertex -68 -32.4644 4.37571
      vertex -63.1131 -32.7738 4.70527
      vertex -62.3394 -32.4644 4.37571
    endloop
  endfacet
  facet normal 0 0.729054 0.684456
    outer loop
      vertex -63.1131 -32.7738 4.70527
      vertex -68 -32.4644 4.37571
      vertex -68 -32.7738 4.70527
    endloop
  endfacet
  facet normal -0 0.876303 0.48176
    outer loop
      vertex -68 -33.0396 5.07102
      vertex -64.3219 -33.2574 5.46719
      vertex -63.7774 -33.0396 5.07102
    endloop
  endfacet
  facet normal 0 0.876303 0.48176
    outer loop
      vertex -64.3219 -33.2574 5.46719
      vertex -68 -33.0396 5.07102
      vertex -68 -33.2574 5.46719
    endloop
  endfacet
  facet normal 0 0.992104 -0.125418
    outer loop
      vertex -65.1607 -33.5929 7.22605
      vertex -68 -33.5362 7.67457
      vertex -65.0191 -33.5362 7.67457
    endloop
  endfacet
  facet normal 0 0.992104 -0.125418
    outer loop
      vertex -68 -33.5362 7.67457
      vertex -65.1607 -33.5929 7.22605
      vertex -68 -33.5929 7.22605
    endloop
  endfacet
  facet normal 0 0.929798 -0.36807
    outer loop
      vertex -64.738 -33.4238 8.11246
      vertex -68 -33.2574 8.53281
      vertex -64.3219 -33.2574 8.53281
    endloop
  endfacet
  facet normal 0 0.929798 -0.36807
    outer loop
      vertex -68 -33.2574 8.53281
      vertex -64.738 -33.4238 8.11246
      vertex -68 -33.4238 8.11246
    endloop
  endfacet
  facet normal 0 0.637356 -0.770569
    outer loop
      vertex -68 -32.116 9.91246
      vertex -62.3394 -32.4644 9.62429
      vertex -68 -32.4644 9.62429
    endloop
  endfacet
  facet normal 0 0.637356 -0.770569
    outer loop
      vertex -62.3394 -32.4644 9.62429
      vertex -68 -32.116 9.91246
      vertex -61.4686 -32.116 9.91246
    endloop
  endfacet
  facet normal 0 0.729054 -0.684456
    outer loop
      vertex -63.1131 -32.7738 9.29473
      vertex -68 -32.4644 9.62429
      vertex -62.3394 -32.4644 9.62429
    endloop
  endfacet
  facet normal 0 0.729054 -0.684456
    outer loop
      vertex -68 -32.4644 9.62429
      vertex -63.1131 -32.7738 9.29473
      vertex -68 -32.7738 9.29473
    endloop
  endfacet
  facet normal 0 0.425765 -0.904834
    outer loop
      vertex -68 -31.3252 10.3472
      vertex -60.5143 -31.7343 10.1547
      vertex -68 -31.7343 10.1547
    endloop
  endfacet
  facet normal 0 0.425765 -0.904834
    outer loop
      vertex -60.5143 -31.7343 10.1547
      vertex -68 -31.3252 10.3472
      vertex -59.4916 -31.3252 10.3472
    endloop
  endfacet
  facet normal 0 0.187346 -0.982294
    outer loop
      vertex -68 -30.4512 10.5716
      vertex -58.4167 -30.8953 10.4869
      vertex -68 -30.8953 10.4869
    endloop
  endfacet
  facet normal 0 0.187346 -0.982294
    outer loop
      vertex -58.4167 -30.8953 10.4869
      vertex -68 -30.4512 10.5716
      vertex -57.3065 -30.4512 10.5716
    endloop
  endfacet
  facet normal -0 0.9686 0.248625
    outer loop
      vertex -68 -33.4238 5.88754
      vertex -65.0191 -33.5362 6.32543
      vertex -64.738 -33.4238 5.88754
    endloop
  endfacet
  facet normal 0 0.9686 0.248625
    outer loop
      vertex -65.0191 -33.5362 6.32543
      vertex -68 -33.4238 5.88754
      vertex -68 -33.5362 6.32543
    endloop
  endfacet
  facet normal -0 0.992104 0.125418
    outer loop
      vertex -68 -33.5362 6.32543
      vertex -65.1607 -33.5929 6.77395
      vertex -65.0191 -33.5362 6.32543
    endloop
  endfacet
  facet normal 0 0.992104 0.125418
    outer loop
      vertex -65.1607 -33.5929 6.77395
      vertex -68 -33.5362 6.32543
      vertex -68 -33.5929 6.77395
    endloop
  endfacet
  facet normal 0 0.876303 -0.48176
    outer loop
      vertex -64.3219 -33.2574 8.53281
      vertex -68 -33.0396 8.92898
      vertex -63.7774 -33.0396 8.92898
    endloop
  endfacet
  facet normal 0 0.876303 -0.48176
    outer loop
      vertex -68 -33.0396 8.92898
      vertex -64.3219 -33.2574 8.53281
      vertex -68 -33.2574 8.53281
    endloop
  endfacet
  facet normal 0 0.808946 -0.587882
    outer loop
      vertex -63.7774 -33.0396 8.92898
      vertex -68 -32.7738 9.29473
      vertex -63.1131 -32.7738 9.29473
    endloop
  endfacet
  facet normal 0 0.808946 -0.587882
    outer loop
      vertex -68 -32.7738 9.29473
      vertex -63.7774 -33.0396 8.92898
      vertex -68 -33.0396 8.92898
    endloop
  endfacet
  facet normal 0 0.535836 -0.844322
    outer loop
      vertex -68 -31.7343 10.1547
      vertex -61.4686 -32.116 9.91246
      vertex -68 -32.116 9.91246
    endloop
  endfacet
  facet normal 0 0.535836 -0.844322
    outer loop
      vertex -61.4686 -32.116 9.91246
      vertex -68 -31.7343 10.1547
      vertex -60.5143 -31.7343 10.1547
    endloop
  endfacet
  facet normal 0 -0.0627749 0.998028
    outer loop
      vertex -82 -29.7744 5.21419
      vertex -69.9 -30 5.2
      vertex -69.9 -29.7744 5.21419
    endloop
  endfacet
  facet normal 0 -0.0627749 0.998028
    outer loop
      vertex -69.9 -30 5.2
      vertex -82 -29.7744 5.21419
      vertex -82 -30 5.2
    endloop
  endfacet
  facet normal 0 -0.0627749 -0.998028
    outer loop
      vertex -82 -30 8.8
      vertex -69.9 -29.7744 8.78581
      vertex -69.9 -30 8.8
    endloop
  endfacet
  facet normal -0 -0.0627749 -0.998028
    outer loop
      vertex -69.9 -29.7744 8.78581
      vertex -82 -30 8.8
      vertex -82 -29.7744 8.78581
    endloop
  endfacet
  facet normal 0 -1 0
    outer loop
      vertex -82 -28.2036 6.88698
      vertex -69.9 -28.2036 7.11302
      vertex -82 -28.2036 7.11302
    endloop
  endfacet
  facet normal 0 -1 -0
    outer loop
      vertex -69.9 -28.2036 7.11302
      vertex -82 -28.2036 6.88698
      vertex -69.9 -28.2036 6.88698
    endloop
  endfacet
  facet normal 0 1 -0
    outer loop
      vertex -69.9 -31.7964 6.88698
      vertex -82 -31.7964 7.11302
      vertex -69.9 -31.7964 7.11302
    endloop
  endfacet
  facet normal 0 1 0
    outer loop
      vertex -82 -31.7964 7.11302
      vertex -69.9 -31.7964 6.88698
      vertex -82 -31.7964 6.88698
    endloop
  endfacet
  facet normal 0 -0.729054 0.684456
    outer loop
      vertex -82 -28.7678 5.68786
      vertex -69.9 -28.6131 5.85264
      vertex -82 -28.6131 5.85264
    endloop
  endfacet
  facet normal 0 -0.729054 0.684456
    outer loop
      vertex -69.9 -28.6131 5.85264
      vertex -82 -28.7678 5.68786
      vertex -69.9 -28.7678 5.68786
    endloop
  endfacet
  facet normal 0 -0.729054 -0.684456
    outer loop
      vertex -82 -28.6131 8.14736
      vertex -69.9 -28.7678 8.31214
      vertex -82 -28.7678 8.31214
    endloop
  endfacet
  facet normal 0 -0.729054 -0.684456
    outer loop
      vertex -69.9 -28.7678 8.31214
      vertex -82 -28.6131 8.14736
      vertex -69.9 -28.6131 8.14736
    endloop
  endfacet
  facet normal 0 -0.929795 -0.368078
    outer loop
      vertex -82 -28.2881 7.55623
      vertex -69.9 -28.3713 7.7664
      vertex -82 -28.3713 7.7664
    endloop
  endfacet
  facet normal 0 -0.929795 -0.368078
    outer loop
      vertex -69.9 -28.3713 7.7664
      vertex -82 -28.2881 7.55623
      vertex -69.9 -28.2881 7.55623
    endloop
  endfacet
  facet normal 0 -0.42568 0.904874
    outer loop
      vertex -82 -29.1328 5.42265
      vertex -69.9 -29.3374 5.3264
      vertex -69.9 -29.1328 5.42265
    endloop
  endfacet
  facet normal 0 -0.42568 0.904874
    outer loop
      vertex -69.9 -29.3374 5.3264
      vertex -82 -29.1328 5.42265
      vertex -82 -29.3374 5.3264
    endloop
  endfacet
  facet normal 0 -0.187429 0.982278
    outer loop
      vertex -82 -29.5524 5.25655
      vertex -69.9 -29.7744 5.21419
      vertex -69.9 -29.5524 5.25655
    endloop
  endfacet
  facet normal 0 -0.187429 0.982278
    outer loop
      vertex -69.9 -29.7744 5.21419
      vertex -82 -29.5524 5.25655
      vertex -82 -29.7744 5.21419
    endloop
  endfacet
  facet normal 0 -0.929795 0.368078
    outer loop
      vertex -82 -28.3713 6.2336
      vertex -69.9 -28.2881 6.44377
      vertex -82 -28.2881 6.44377
    endloop
  endfacet
  facet normal 0 -0.929795 0.368078
    outer loop
      vertex -69.9 -28.2881 6.44377
      vertex -82 -28.3713 6.2336
      vertex -69.9 -28.3713 6.2336
    endloop
  endfacet
  facet normal 0 -0.968598 0.248631
    outer loop
      vertex -82 -28.2881 6.44377
      vertex -69.9 -28.2319 6.66271
      vertex -82 -28.2319 6.66271
    endloop
  endfacet
  facet normal 0 -0.968598 0.248631
    outer loop
      vertex -69.9 -28.2319 6.66271
      vertex -82 -28.2881 6.44377
      vertex -69.9 -28.2881 6.44377
    endloop
  endfacet
  facet normal 0 -0.808939 0.587893
    outer loop
      vertex -82 -28.6131 5.85264
      vertex -69.9 -28.4802 6.03551
      vertex -82 -28.4802 6.03551
    endloop
  endfacet
  facet normal 0 -0.808939 0.587893
    outer loop
      vertex -69.9 -28.4802 6.03551
      vertex -82 -28.6131 5.85264
      vertex -69.9 -28.6131 5.85264
    endloop
  endfacet
  facet normal 0 -0.42568 -0.904874
    outer loop
      vertex -82 -29.3374 8.6736
      vertex -69.9 -29.1328 8.57735
      vertex -69.9 -29.3374 8.6736
    endloop
  endfacet
  facet normal -0 -0.42568 -0.904874
    outer loop
      vertex -69.9 -29.1328 8.57735
      vertex -82 -29.3374 8.6736
      vertex -82 -29.1328 8.57735
    endloop
  endfacet
  facet normal 0 -0.308986 -0.951067
    outer loop
      vertex -82 -29.5524 8.74345
      vertex -69.9 -29.3374 8.6736
      vertex -69.9 -29.5524 8.74345
    endloop
  endfacet
  facet normal -0 -0.308986 -0.951067
    outer loop
      vertex -69.9 -29.3374 8.6736
      vertex -82 -29.5524 8.74345
      vertex -82 -29.3374 8.6736
    endloop
  endfacet
  facet normal 0 -0.968598 -0.248631
    outer loop
      vertex -82 -28.2319 7.33729
      vertex -69.9 -28.2881 7.55623
      vertex -82 -28.2881 7.55623
    endloop
  endfacet
  facet normal 0 -0.968598 -0.248631
    outer loop
      vertex -69.9 -28.2881 7.55623
      vertex -82 -28.2319 7.33729
      vertex -69.9 -28.2319 7.33729
    endloop
  endfacet
  facet normal 0 0.992132 0.125194
    outer loop
      vertex -69.9 -31.7681 6.66271
      vertex -82 -31.7964 6.88698
      vertex -69.9 -31.7964 6.88698
    endloop
  endfacet
  facet normal 0 0.992132 0.125194
    outer loop
      vertex -82 -31.7964 6.88698
      vertex -69.9 -31.7681 6.66271
      vertex -82 -31.7681 6.66271
    endloop
  endfacet
  facet normal 0 -0.308986 0.951067
    outer loop
      vertex -82 -29.3374 5.3264
      vertex -69.9 -29.5524 5.25655
      vertex -69.9 -29.3374 5.3264
    endloop
  endfacet
  facet normal 0 -0.308986 0.951067
    outer loop
      vertex -69.9 -29.5524 5.25655
      vertex -82 -29.3374 5.3264
      vertex -82 -29.5524 5.25655
    endloop
  endfacet
  facet normal 0 -0.637369 0.770558
    outer loop
      vertex -82 -28.7678 5.68786
      vertex -69.9 -28.942 5.54377
      vertex -69.9 -28.7678 5.68786
    endloop
  endfacet
  facet normal 0 -0.637369 0.770558
    outer loop
      vertex -69.9 -28.942 5.54377
      vertex -82 -28.7678 5.68786
      vertex -82 -28.942 5.54377
    endloop
  endfacet
  facet normal 0 -0.535936 0.844259
    outer loop
      vertex -82 -28.942 5.54377
      vertex -69.9 -29.1328 5.42265
      vertex -69.9 -28.942 5.54377
    endloop
  endfacet
  facet normal 0 -0.535936 0.844259
    outer loop
      vertex -69.9 -29.1328 5.42265
      vertex -82 -28.942 5.54377
      vertex -82 -29.1328 5.42265
    endloop
  endfacet
  facet normal 0 -0.992132 0.125194
    outer loop
      vertex -82 -28.2319 6.66271
      vertex -69.9 -28.2036 6.88698
      vertex -82 -28.2036 6.88698
    endloop
  endfacet
  facet normal 0 -0.992132 0.125194
    outer loop
      vertex -69.9 -28.2036 6.88698
      vertex -82 -28.2319 6.66271
      vertex -69.9 -28.2319 6.66271
    endloop
  endfacet
  facet normal 0 -0.876308 0.481751
    outer loop
      vertex -82 -28.4802 6.03551
      vertex -69.9 -28.3713 6.2336
      vertex -82 -28.3713 6.2336
    endloop
  endfacet
  facet normal 0 -0.876308 0.481751
    outer loop
      vertex -69.9 -28.3713 6.2336
      vertex -82 -28.4802 6.03551
      vertex -69.9 -28.4802 6.03551
    endloop
  endfacet
  facet normal 0 -0.535936 -0.844259
    outer loop
      vertex -82 -29.1328 8.57735
      vertex -69.9 -28.942 8.45623
      vertex -69.9 -29.1328 8.57735
    endloop
  endfacet
  facet normal -0 -0.535936 -0.844259
    outer loop
      vertex -69.9 -28.942 8.45623
      vertex -82 -29.1328 8.57735
      vertex -82 -28.942 8.45623
    endloop
  endfacet
  facet normal 0 -0.637369 -0.770558
    outer loop
      vertex -82 -28.942 8.45623
      vertex -69.9 -28.7678 8.31214
      vertex -69.9 -28.942 8.45623
    endloop
  endfacet
  facet normal -0 -0.637369 -0.770558
    outer loop
      vertex -69.9 -28.7678 8.31214
      vertex -82 -28.942 8.45623
      vertex -82 -28.7678 8.31214
    endloop
  endfacet
  facet normal 0 -0.187429 -0.982278
    outer loop
      vertex -82 -29.7744 8.78581
      vertex -69.9 -29.5524 8.74345
      vertex -69.9 -29.7744 8.78581
    endloop
  endfacet
  facet normal -0 -0.187429 -0.982278
    outer loop
      vertex -69.9 -29.5524 8.74345
      vertex -82 -29.7744 8.78581
      vertex -82 -29.5524 8.74345
    endloop
  endfacet
  facet normal 0 -0.876308 -0.481751
    outer loop
      vertex -82 -28.3713 7.7664
      vertex -69.9 -28.4802 7.96449
      vertex -82 -28.4802 7.96449
    endloop
  endfacet
  facet normal 0 -0.876308 -0.481751
    outer loop
      vertex -69.9 -28.4802 7.96449
      vertex -82 -28.3713 7.7664
      vertex -69.9 -28.3713 7.7664
    endloop
  endfacet
  facet normal 0 -0.808939 -0.587893
    outer loop
      vertex -82 -28.4802 7.96449
      vertex -69.9 -28.6131 8.14736
      vertex -82 -28.6131 8.14736
    endloop
  endfacet
  facet normal 0 -0.808939 -0.587893
    outer loop
      vertex -69.9 -28.6131 8.14736
      vertex -82 -28.4802 7.96449
      vertex -69.9 -28.4802 7.96449
    endloop
  endfacet
  facet normal 0 -0.992132 -0.125194
    outer loop
      vertex -82 -28.2036 7.11302
      vertex -69.9 -28.2319 7.33729
      vertex -82 -28.2319 7.33729
    endloop
  endfacet
  facet normal 0 -0.992132 -0.125194
    outer loop
      vertex -69.9 -28.2319 7.33729
      vertex -82 -28.2036 7.11302
      vertex -69.9 -28.2036 7.11302
    endloop
  endfacet
  facet normal 0 0.876308 0.481751
    outer loop
      vertex -69.9 -31.5198 6.03551
      vertex -82 -31.6287 6.2336
      vertex -69.9 -31.6287 6.2336
    endloop
  endfacet
  facet normal 0 0.876308 0.481751
    outer loop
      vertex -82 -31.6287 6.2336
      vertex -69.9 -31.5198 6.03551
      vertex -82 -31.5198 6.03551
    endloop
  endfacet
  facet normal 0 0.729054 0.684456
    outer loop
      vertex -69.9 -31.2322 5.68786
      vertex -82 -31.3869 5.85264
      vertex -69.9 -31.3869 5.85264
    endloop
  endfacet
  facet normal 0 0.729054 0.684456
    outer loop
      vertex -82 -31.3869 5.85264
      vertex -69.9 -31.2322 5.68786
      vertex -82 -31.2322 5.68786
    endloop
  endfacet
  facet normal -0 0.187429 0.982278
    outer loop
      vertex -82 -30.2256 5.21419
      vertex -69.9 -30.4476 5.25655
      vertex -69.9 -30.2256 5.21419
    endloop
  endfacet
  facet normal 0 0.187429 0.982278
    outer loop
      vertex -69.9 -30.4476 5.25655
      vertex -82 -30.2256 5.21419
      vertex -82 -30.4476 5.25655
    endloop
  endfacet
  facet normal 0 0.42568 -0.904874
    outer loop
      vertex -82 -30.8672 8.57735
      vertex -69.9 -30.6626 8.6736
      vertex -69.9 -30.8672 8.57735
    endloop
  endfacet
  facet normal 0 0.42568 -0.904874
    outer loop
      vertex -69.9 -30.6626 8.6736
      vertex -82 -30.8672 8.57735
      vertex -82 -30.6626 8.6736
    endloop
  endfacet
  facet normal -0 0.42568 0.904874
    outer loop
      vertex -82 -30.6626 5.3264
      vertex -69.9 -30.8672 5.42265
      vertex -69.9 -30.6626 5.3264
    endloop
  endfacet
  facet normal 0 0.42568 0.904874
    outer loop
      vertex -69.9 -30.8672 5.42265
      vertex -82 -30.6626 5.3264
      vertex -82 -30.8672 5.42265
    endloop
  endfacet
  facet normal -0 0.637369 0.770558
    outer loop
      vertex -82 -31.058 5.54377
      vertex -69.9 -31.2322 5.68786
      vertex -69.9 -31.058 5.54377
    endloop
  endfacet
  facet normal 0 0.637369 0.770558
    outer loop
      vertex -69.9 -31.2322 5.68786
      vertex -82 -31.058 5.54377
      vertex -82 -31.2322 5.68786
    endloop
  endfacet
  facet normal -0 0.0627749 0.998028
    outer loop
      vertex -82 -30 5.2
      vertex -69.9 -30.2256 5.21419
      vertex -69.9 -30 5.2
    endloop
  endfacet
  facet normal 0 0.0627749 0.998028
    outer loop
      vertex -69.9 -30.2256 5.21419
      vertex -82 -30 5.2
      vertex -82 -30.2256 5.21419
    endloop
  endfacet
  facet normal 0 0.968598 -0.248631
    outer loop
      vertex -69.9 -31.7681 7.33729
      vertex -82 -31.7119 7.55623
      vertex -69.9 -31.7119 7.55623
    endloop
  endfacet
  facet normal 0 0.968598 -0.248631
    outer loop
      vertex -82 -31.7119 7.55623
      vertex -69.9 -31.7681 7.33729
      vertex -82 -31.7681 7.33729
    endloop
  endfacet
  facet normal 0 0.637369 -0.770558
    outer loop
      vertex -82 -31.2322 8.31214
      vertex -69.9 -31.058 8.45623
      vertex -69.9 -31.2322 8.31214
    endloop
  endfacet
  facet normal 0 0.637369 -0.770558
    outer loop
      vertex -69.9 -31.058 8.45623
      vertex -82 -31.2322 8.31214
      vertex -82 -31.058 8.45623
    endloop
  endfacet
  facet normal 0 0.308986 -0.951067
    outer loop
      vertex -82 -30.6626 8.6736
      vertex -69.9 -30.4476 8.74345
      vertex -69.9 -30.6626 8.6736
    endloop
  endfacet
  facet normal 0 0.308986 -0.951067
    outer loop
      vertex -69.9 -30.4476 8.74345
      vertex -82 -30.6626 8.6736
      vertex -82 -30.4476 8.74345
    endloop
  endfacet
  facet normal 0 0.0627749 -0.998028
    outer loop
      vertex -82 -30.2256 8.78581
      vertex -69.9 -30 8.8
      vertex -69.9 -30.2256 8.78581
    endloop
  endfacet
  facet normal 0 0.0627749 -0.998028
    outer loop
      vertex -69.9 -30 8.8
      vertex -82 -30.2256 8.78581
      vertex -82 -30 8.8
    endloop
  endfacet
  facet normal 0 0.929795 0.368078
    outer loop
      vertex -69.9 -31.6287 6.2336
      vertex -82 -31.7119 6.44377
      vertex -69.9 -31.7119 6.44377
    endloop
  endfacet
  facet normal 0 0.929795 0.368078
    outer loop
      vertex -82 -31.7119 6.44377
      vertex -69.9 -31.6287 6.2336
      vertex -82 -31.6287 6.2336
    endloop
  endfacet
  facet normal 0 0.968598 0.248631
    outer loop
      vertex -69.9 -31.7119 6.44377
      vertex -82 -31.7681 6.66271
      vertex -69.9 -31.7681 6.66271
    endloop
  endfacet
  facet normal 0 0.968598 0.248631
    outer loop
      vertex -82 -31.7681 6.66271
      vertex -69.9 -31.7119 6.44377
      vertex -82 -31.7119 6.44377
    endloop
  endfacet
  facet normal 0 0.808939 0.587893
    outer loop
      vertex -69.9 -31.3869 5.85264
      vertex -82 -31.5198 6.03551
      vertex -69.9 -31.5198 6.03551
    endloop
  endfacet
  facet normal 0 0.808939 0.587893
    outer loop
      vertex -82 -31.5198 6.03551
      vertex -69.9 -31.3869 5.85264
      vertex -82 -31.3869 5.85264
    endloop
  endfacet
  facet normal -0 0.308986 0.951067
    outer loop
      vertex -82 -30.4476 5.25655
      vertex -69.9 -30.6626 5.3264
      vertex -69.9 -30.4476 5.25655
    endloop
  endfacet
  facet normal 0 0.308986 0.951067
    outer loop
      vertex -69.9 -30.6626 5.3264
      vertex -82 -30.4476 5.25655
      vertex -82 -30.6626 5.3264
    endloop
  endfacet
  facet normal -0 0.535936 0.844259
    outer loop
      vertex -82 -30.8672 5.42265
      vertex -69.9 -31.058 5.54377
      vertex -69.9 -30.8672 5.42265
    endloop
  endfacet
  facet normal 0 0.535936 0.844259
    outer loop
      vertex -69.9 -31.058 5.54377
      vertex -82 -30.8672 5.42265
      vertex -82 -31.058 5.54377
    endloop
  endfacet
  facet normal 0 0.992132 -0.125194
    outer loop
      vertex -69.9 -31.7964 7.11302
      vertex -82 -31.7681 7.33729
      vertex -69.9 -31.7681 7.33729
    endloop
  endfacet
  facet normal 0 0.992132 -0.125194
    outer loop
      vertex -82 -31.7681 7.33729
      vertex -69.9 -31.7964 7.11302
      vertex -82 -31.7964 7.11302
    endloop
  endfacet
  facet normal 0 0.929795 -0.368078
    outer loop
      vertex -69.9 -31.7119 7.55623
      vertex -82 -31.6287 7.7664
      vertex -69.9 -31.6287 7.7664
    endloop
  endfacet
  facet normal 0 0.929795 -0.368078
    outer loop
      vertex -82 -31.6287 7.7664
      vertex -69.9 -31.7119 7.55623
      vertex -82 -31.7119 7.55623
    endloop
  endfacet
  facet normal 0 0.808939 -0.587893
    outer loop
      vertex -69.9 -31.5198 7.96449
      vertex -82 -31.3869 8.14736
      vertex -69.9 -31.3869 8.14736
    endloop
  endfacet
  facet normal 0 0.808939 -0.587893
    outer loop
      vertex -82 -31.3869 8.14736
      vertex -69.9 -31.5198 7.96449
      vertex -82 -31.5198 7.96449
    endloop
  endfacet
  facet normal 0 0.729054 -0.684456
    outer loop
      vertex -69.9 -31.3869 8.14736
      vertex -82 -31.2322 8.31214
      vertex -69.9 -31.2322 8.31214
    endloop
  endfacet
  facet normal 0 0.729054 -0.684456
    outer loop
      vertex -82 -31.2322 8.31214
      vertex -69.9 -31.3869 8.14736
      vertex -82 -31.3869 8.14736
    endloop
  endfacet
  facet normal 0 0.187429 -0.982278
    outer loop
      vertex -82 -30.4476 8.74345
      vertex -69.9 -30.2256 8.78581
      vertex -69.9 -30.4476 8.74345
    endloop
  endfacet
  facet normal 0 0.187429 -0.982278
    outer loop
      vertex -69.9 -30.2256 8.78581
      vertex -82 -30.4476 8.74345
      vertex -82 -30.2256 8.78581
    endloop
  endfacet
  facet normal 0 0.876308 -0.481751
    outer loop
      vertex -69.9 -31.6287 7.7664
      vertex -82 -31.5198 7.96449
      vertex -69.9 -31.5198 7.96449
    endloop
  endfacet
  facet normal 0 0.876308 -0.481751
    outer loop
      vertex -82 -31.5198 7.96449
      vertex -69.9 -31.6287 7.7664
      vertex -82 -31.6287 7.7664
    endloop
  endfacet
  facet normal 0 0.535936 -0.844259
    outer loop
      vertex -82 -31.058 8.45623
      vertex -69.9 -30.8672 8.57735
      vertex -69.9 -31.058 8.45623
    endloop
  endfacet
  facet normal 0 0.535936 -0.844259
    outer loop
      vertex -69.9 -30.8672 8.57735
      vertex -82 -31.058 8.45623
      vertex -82 -30.8672 8.57735
    endloop
  endfacet
  facet normal 0.687028 -0.0456302 0.725197
    outer loop
      vertex -68 15 3.4
      vertex -68 15.4512 3.42839
      vertex -69.9 15 5.2
    endloop
  endfacet
  facet normal 0.687027 -0.0456142 0.725199
    outer loop
      vertex -68 15.4512 3.42839
      vertex -69.9 15.2256 5.21419
      vertex -69.9 15 5.2
    endloop
  endfacet
  facet normal 0.687027 0.224581 0.691055
    outer loop
      vertex -68 13.6748 3.65281
      vertex -68 14.1047 3.5131
      vertex -69.9 14.3374 5.3264
    endloop
  endfacet
  facet normal 0.687024 0.136193 -0.713757
    outer loop
      vertex -69.9 14.7744 8.78581
      vertex -68 14.5488 10.5716
      vertex -69.9 14.5524 8.74345
    endloop
  endfacet
  facet normal 0.687027 -0.720895 -0.0911324
    outer loop
      vertex -69.9 16.7681 7.33729
      vertex -68 18.5929 7.22605
      vertex -68 18.5362 7.67457
    endloop
  endfacet
  facet normal 0.687042 -0.720901 -0.0909684
    outer loop
      vertex -68 18.5929 7.22605
      vertex -69.9 16.7681 7.33729
      vertex -69.9 16.7964 7.11302
    endloop
  endfacet
  facet normal 0.687033 0.224517 0.69107
    outer loop
      vertex -68 14.1047 3.5131
      vertex -69.9 14.5524 5.25655
      vertex -69.9 14.3374 5.3264
    endloop
  endfacet
  facet normal 0.687029 0.463122 0.559918
    outer loop
      vertex -68 12.5356 4.37571
      vertex -68 12.884 4.08754
      vertex -69.9 13.7678 5.68786
    endloop
  endfacet
  facet normal 0.687027 0.587801 0.427182
    outer loop
      vertex -68 11.9604 5.07102
      vertex -69.9 13.6131 5.85264
      vertex -69.9 13.4802 6.03551
    endloop
  endfacet
  facet normal 0.687027 0.703816 -0.180659
    outer loop
      vertex -68 11.4638 7.67457
      vertex -69.9 13.2881 7.55623
      vertex -68 11.5762 8.11246
    endloop
  endfacet
  facet normal 0.687026 0.703815 -0.180663
    outer loop
      vertex -69.9 13.2881 7.55623
      vertex -68 11.4638 7.67457
      vertex -69.9 13.2319 7.33729
    endloop
  endfacet
  facet normal 0.68703 0.136131 -0.713763
    outer loop
      vertex -68 14.5488 10.5716
      vertex -68 14.1047 10.4869
      vertex -69.9 14.5524 8.74345
    endloop
  endfacet
  facet normal 0.687028 0.0456302 0.725197
    outer loop
      vertex -68 14.5488 3.42839
      vertex -68 15 3.4
      vertex -69.9 15 5.2
    endloop
  endfacet
  facet normal 0.687026 0.136192 0.713755
    outer loop
      vertex -68 14.5488 3.42839
      vertex -69.9 14.7744 5.21419
      vertex -69.9 14.5524 5.25655
    endloop
  endfacet
  facet normal 0.68703 0.136146 0.71376
    outer loop
      vertex -68 14.1047 3.5131
      vertex -68 14.5488 3.42839
      vertex -69.9 14.5524 5.25655
    endloop
  endfacet
  facet normal 0.687027 0.309312 0.65751
    outer loop
      vertex -69.9 14.1328 5.42265
      vertex -68 13.6748 3.65281
      vertex -69.9 14.3374 5.3264
    endloop
  endfacet
  facet normal 0.687022 0.309363 0.657491
    outer loop
      vertex -68 13.6748 3.65281
      vertex -69.9 14.1328 5.42265
      vertex -68 13.2657 3.8453
    endloop
  endfacet
  facet normal 0.687042 0.720901 0.0909684
    outer loop
      vertex -68 11.4071 6.77395
      vertex -69.9 13.2319 6.66271
      vertex -69.9 13.2036 6.88698
    endloop
  endfacet
  facet normal 0.687027 0.720895 0.0911324
    outer loop
      vertex -69.9 13.2319 6.66271
      vertex -68 11.4071 6.77395
      vertex -68 11.4638 6.32543
    endloop
  endfacet
  facet normal 0.68703 0.675616 0.267456
    outer loop
      vertex -68 11.7426 5.46719
      vertex -69.9 13.3713 6.2336
      vertex -69.9 13.2881 6.44377
    endloop
  endfacet
  facet normal 0.687029 0.675619 0.267451
    outer loop
      vertex -68 11.5762 5.88754
      vertex -68 11.7426 5.46719
      vertex -69.9 13.2881 6.44377
    endloop
  endfacet
  facet normal 0.687028 0.587805 0.427173
    outer loop
      vertex -68 11.9604 5.07102
      vertex -68 12.2262 4.70527
      vertex -69.9 13.6131 5.85264
    endloop
  endfacet
  facet normal 0.687019 0.389432 -0.613472
    outer loop
      vertex -68 13.2657 10.1547
      vertex -69.9 13.942 8.45623
      vertex -69.9 14.1328 8.57735
    endloop
  endfacet
  facet normal 0.687027 0.389355 -0.613511
    outer loop
      vertex -69.9 13.942 8.45623
      vertex -68 13.2657 10.1547
      vertex -68 12.884 9.91246
    endloop
  endfacet
  facet normal 0.687027 0.0456142 0.725199
    outer loop
      vertex -68 14.5488 3.42839
      vertex -69.9 15 5.2
      vertex -69.9 14.7744 5.21419
    endloop
  endfacet
  facet normal 0.687028 0.463132 0.559911
    outer loop
      vertex -68 12.884 4.08754
      vertex -69.9 13.942 5.54377
      vertex -69.9 13.7678 5.68786
    endloop
  endfacet
  facet normal 0.687026 0.703815 0.180663
    outer loop
      vertex -68 11.4638 6.32543
      vertex -69.9 13.2881 6.44377
      vertex -69.9 13.2319 6.66271
    endloop
  endfacet
  facet normal 0.687027 0.703816 0.180659
    outer loop
      vertex -69.9 13.2881 6.44377
      vertex -68 11.4638 6.32543
      vertex -68 11.5762 5.88754
    endloop
  endfacet
  facet normal 0.687029 0.529753 0.497346
    outer loop
      vertex -69.9 13.6131 5.85264
      vertex -68 12.5356 4.37571
      vertex -69.9 13.7678 5.68786
    endloop
  endfacet
  facet normal 0.687029 0.529753 0.497346
    outer loop
      vertex -68 12.5356 4.37571
      vertex -69.9 13.6131 5.85264
      vertex -68 12.2262 4.70527
    endloop
  endfacet
  facet normal 0.68703 0.636747 0.350061
    outer loop
      vertex -68 11.7426 5.46719
      vertex -68 11.9604 5.07102
      vertex -69.9 13.4802 6.03551
    endloop
  endfacet
  facet normal 0.687031 0.63675 0.350053
    outer loop
      vertex -68 11.7426 5.46719
      vertex -69.9 13.4802 6.03551
      vertex -69.9 13.3713 6.2336
    endloop
  endfacet
  facet normal 0.687029 0.309312 -0.657508
    outer loop
      vertex -68 13.6748 10.3472
      vertex -69.9 14.1328 8.57735
      vertex -69.9 14.3374 8.6736
    endloop
  endfacet
  facet normal 0.687023 0.309376 -0.657485
    outer loop
      vertex -69.9 14.1328 8.57735
      vertex -68 13.6748 10.3472
      vertex -68 13.2657 10.1547
    endloop
  endfacet
  facet normal 0.687029 0.529753 -0.497346
    outer loop
      vertex -68 12.5356 9.62429
      vertex -69.9 13.6131 8.14736
      vertex -69.9 13.7678 8.31214
    endloop
  endfacet
  facet normal 0.687029 0.529753 -0.497346
    outer loop
      vertex -69.9 13.6131 8.14736
      vertex -68 12.5356 9.62429
      vertex -68 12.2262 9.29473
    endloop
  endfacet
  facet normal 0.687029 0.675619 -0.267451
    outer loop
      vertex -68 11.7426 8.53281
      vertex -68 11.5762 8.11246
      vertex -69.9 13.2881 7.55623
    endloop
  endfacet
  facet normal 0.687027 0.720895 -0.0911324
    outer loop
      vertex -68 11.4071 7.22605
      vertex -69.9 13.2319 7.33729
      vertex -68 11.4638 7.67457
    endloop
  endfacet
  facet normal 0.687042 0.720901 -0.0909684
    outer loop
      vertex -69.9 13.2319 7.33729
      vertex -68 11.4071 7.22605
      vertex -69.9 13.2036 7.11302
    endloop
  endfacet
  facet normal 0.687028 0.587805 -0.427173
    outer loop
      vertex -68 12.2262 9.29473
      vertex -68 11.9604 8.92898
      vertex -69.9 13.6131 8.14736
    endloop
  endfacet
  facet normal 0.687027 0.587801 -0.427182
    outer loop
      vertex -69.9 13.6131 8.14736
      vertex -68 11.9604 8.92898
      vertex -69.9 13.4802 7.96449
    endloop
  endfacet
  facet normal 0.68703 -0.136131 -0.713763
    outer loop
      vertex -68 15.8953 10.4869
      vertex -68 15.4512 10.5716
      vertex -69.9 15.4476 8.74345
    endloop
  endfacet
  facet normal 0.687028 -0.587805 -0.427173
    outer loop
      vertex -68 18.0396 8.92898
      vertex -68 17.7738 9.29473
      vertex -69.9 16.3869 8.14736
    endloop
  endfacet
  facet normal 0.687027 -0.587801 -0.427182
    outer loop
      vertex -69.9 16.5198 7.96449
      vertex -68 18.0396 8.92898
      vertex -69.9 16.3869 8.14736
    endloop
  endfacet
  facet normal 0.687026 -0.136192 0.713755
    outer loop
      vertex -68 15.4512 3.42839
      vertex -69.9 15.4476 5.25655
      vertex -69.9 15.2256 5.21419
    endloop
  endfacet
  facet normal 0.687019 0.389432 0.613472
    outer loop
      vertex -69.9 13.942 5.54377
      vertex -68 13.2657 3.8453
      vertex -69.9 14.1328 5.42265
    endloop
  endfacet
  facet normal 0.687027 0.389355 0.613511
    outer loop
      vertex -68 13.2657 3.8453
      vertex -69.9 13.942 5.54377
      vertex -68 12.884 4.08754
    endloop
  endfacet
  facet normal 0.687028 0.224566 -0.691059
    outer loop
      vertex -68 14.1047 10.4869
      vertex -68 13.6748 10.3472
      vertex -69.9 14.3374 8.6736
    endloop
  endfacet
  facet normal 0.687033 0.224517 -0.69107
    outer loop
      vertex -69.9 14.5524 8.74345
      vertex -68 14.1047 10.4869
      vertex -69.9 14.3374 8.6736
    endloop
  endfacet
  facet normal 0.687039 0.726621 0
    outer loop
      vertex -68 11.4071 7.22605
      vertex -69.9 13.2036 6.88698
      vertex -69.9 13.2036 7.11302
    endloop
  endfacet
  facet normal 0.687039 0.726621 0
    outer loop
      vertex -69.9 13.2036 6.88698
      vertex -68 11.4071 7.22605
      vertex -68 11.4071 6.77395
    endloop
  endfacet
  facet normal 0.68703 0.636747 -0.350061
    outer loop
      vertex -68 11.9604 8.92898
      vertex -68 11.7426 8.53281
      vertex -69.9 13.4802 7.96449
    endloop
  endfacet
  facet normal 0.687033 -0.224517 -0.69107
    outer loop
      vertex -69.9 15.6626 8.6736
      vertex -68 15.8953 10.4869
      vertex -69.9 15.4476 8.74345
    endloop
  endfacet
  facet normal 0.687025 0.0456144 -0.725201
    outer loop
      vertex -69.9 15 8.8
      vertex -68 14.5488 10.5716
      vertex -69.9 14.7744 8.78581
    endloop
  endfacet
  facet normal 0.687029 -0.675619 -0.267451
    outer loop
      vertex -68 18.4238 8.11246
      vertex -68 18.2574 8.53281
      vertex -69.9 16.7119 7.55623
    endloop
  endfacet
  facet normal 0.687027 -0.703816 -0.180659
    outer loop
      vertex -69.9 16.7119 7.55623
      vertex -68 18.5362 7.67457
      vertex -68 18.4238 8.11246
    endloop
  endfacet
  facet normal 0.687026 -0.703815 -0.180663
    outer loop
      vertex -68 18.5362 7.67457
      vertex -69.9 16.7119 7.55623
      vertex -69.9 16.7681 7.33729
    endloop
  endfacet
  facet normal 0.687026 -0.703815 0.180663
    outer loop
      vertex -69.9 16.7119 6.44377
      vertex -68 18.5362 6.32543
      vertex -69.9 16.7681 6.66271
    endloop
  endfacet
  facet normal 0.687027 -0.703816 0.180659
    outer loop
      vertex -68 18.5362 6.32543
      vertex -69.9 16.7119 6.44377
      vertex -68 18.4238 5.88754
    endloop
  endfacet
  facet normal 0.687027 -0.587801 0.427182
    outer loop
      vertex -68 18.0396 5.07102
      vertex -69.9 16.5198 6.03551
      vertex -69.9 16.3869 5.85264
    endloop
  endfacet
  facet normal 0.687027 -0.224581 0.691055
    outer loop
      vertex -68 15.8953 3.5131
      vertex -68 16.3252 3.65281
      vertex -69.9 15.6626 5.3264
    endloop
  endfacet
  facet normal 0.68703 -0.136146 0.71376
    outer loop
      vertex -68 15.4512 3.42839
      vertex -68 15.8953 3.5131
      vertex -69.9 15.4476 5.25655
    endloop
  endfacet
  facet normal 0.687029 0.463122 -0.559918
    outer loop
      vertex -68 12.884 9.91246
      vertex -68 12.5356 9.62429
      vertex -69.9 13.7678 8.31214
    endloop
  endfacet
  facet normal 0.687028 0.463132 -0.559911
    outer loop
      vertex -69.9 13.942 8.45623
      vertex -68 12.884 9.91246
      vertex -69.9 13.7678 8.31214
    endloop
  endfacet
  facet normal 0.68703 0.675616 -0.267456
    outer loop
      vertex -69.9 13.3713 7.7664
      vertex -68 11.7426 8.53281
      vertex -69.9 13.2881 7.55623
    endloop
  endfacet
  facet normal 0.687031 0.63675 -0.350053
    outer loop
      vertex -69.9 13.4802 7.96449
      vertex -68 11.7426 8.53281
      vertex -69.9 13.3713 7.7664
    endloop
  endfacet
  facet normal 0.687028 -0.224566 -0.691059
    outer loop
      vertex -68 16.3252 10.3472
      vertex -68 15.8953 10.4869
      vertex -69.9 15.6626 8.6736
    endloop
  endfacet
  facet normal 0.687028 0.0456462 -0.725196
    outer loop
      vertex -68 15 10.6
      vertex -68 14.5488 10.5716
      vertex -69.9 15 8.8
    endloop
  endfacet
  facet normal 0.687028 -0.0456462 -0.725196
    outer loop
      vertex -68 15.4512 10.5716
      vertex -68 15 10.6
      vertex -69.9 15 8.8
    endloop
  endfacet
  facet normal 0.687029 -0.463122 -0.559918
    outer loop
      vertex -68 17.4644 9.62429
      vertex -68 17.116 9.91246
      vertex -69.9 16.2322 8.31214
    endloop
  endfacet
  facet normal 0.687029 -0.529753 -0.497346
    outer loop
      vertex -68 17.4644 9.62429
      vertex -69.9 16.3869 8.14736
      vertex -68 17.7738 9.29473
    endloop
  endfacet
  facet normal 0.687029 -0.529753 -0.497346
    outer loop
      vertex -69.9 16.3869 8.14736
      vertex -68 17.4644 9.62429
      vertex -69.9 16.2322 8.31214
    endloop
  endfacet
  facet normal 0.687031 -0.63675 -0.350053
    outer loop
      vertex -69.9 16.6287 7.7664
      vertex -68 18.2574 8.53281
      vertex -69.9 16.5198 7.96449
    endloop
  endfacet
  facet normal 0.68703 -0.636747 -0.350061
    outer loop
      vertex -68 18.2574 8.53281
      vertex -68 18.0396 8.92898
      vertex -69.9 16.5198 7.96449
    endloop
  endfacet
  facet normal 0.687039 -0.726621 0
    outer loop
      vertex -69.9 16.7964 6.88698
      vertex -68 18.5929 7.22605
      vertex -69.9 16.7964 7.11302
    endloop
  endfacet
  facet normal 0.687039 -0.726621 0
    outer loop
      vertex -68 18.5929 7.22605
      vertex -69.9 16.7964 6.88698
      vertex -68 18.5929 6.77395
    endloop
  endfacet
  facet normal 0.687042 -0.720901 0.0909684
    outer loop
      vertex -69.9 16.7681 6.66271
      vertex -68 18.5929 6.77395
      vertex -69.9 16.7964 6.88698
    endloop
  endfacet
  facet normal 0.687027 -0.720895 0.0911324
    outer loop
      vertex -68 18.5929 6.77395
      vertex -69.9 16.7681 6.66271
      vertex -68 18.5362 6.32543
    endloop
  endfacet
  facet normal 0.687029 -0.675619 0.267451
    outer loop
      vertex -68 18.2574 5.46719
      vertex -68 18.4238 5.88754
      vertex -69.9 16.7119 6.44377
    endloop
  endfacet
  facet normal 0.687028 -0.587805 0.427173
    outer loop
      vertex -68 17.7738 4.70527
      vertex -68 18.0396 5.07102
      vertex -69.9 16.3869 5.85264
    endloop
  endfacet
  facet normal 0.687027 -0.389355 0.613511
    outer loop
      vertex -69.9 16.058 5.54377
      vertex -68 16.7343 3.8453
      vertex -68 17.116 4.08754
    endloop
  endfacet
  facet normal 0.687019 -0.389432 0.613472
    outer loop
      vertex -68 16.7343 3.8453
      vertex -69.9 16.058 5.54377
      vertex -69.9 15.8672 5.42265
    endloop
  endfacet
  facet normal 0.68703 -0.675616 0.267456
    outer loop
      vertex -68 18.2574 5.46719
      vertex -69.9 16.7119 6.44377
      vertex -69.9 16.6287 6.2336
    endloop
  endfacet
  facet normal 0.68703 -0.636747 0.350061
    outer loop
      vertex -68 18.0396 5.07102
      vertex -68 18.2574 5.46719
      vertex -69.9 16.5198 6.03551
    endloop
  endfacet
  facet normal 0.687033 -0.224517 0.69107
    outer loop
      vertex -68 15.8953 3.5131
      vertex -69.9 15.6626 5.3264
      vertex -69.9 15.4476 5.25655
    endloop
  endfacet
  facet normal 0.687023 -0.309376 -0.657485
    outer loop
      vertex -68 16.3252 10.3472
      vertex -69.9 15.8672 8.57735
      vertex -68 16.7343 10.1547
    endloop
  endfacet
  facet normal 0.687029 -0.309312 -0.657508
    outer loop
      vertex -69.9 15.8672 8.57735
      vertex -68 16.3252 10.3472
      vertex -69.9 15.6626 8.6736
    endloop
  endfacet
  facet normal 0.687025 -0.0456144 -0.725201
    outer loop
      vertex -69.9 15.2256 8.78581
      vertex -68 15.4512 10.5716
      vertex -69.9 15 8.8
    endloop
  endfacet
  facet normal 0.687024 -0.136193 -0.713757
    outer loop
      vertex -69.9 15.4476 8.74345
      vertex -68 15.4512 10.5716
      vertex -69.9 15.2256 8.78581
    endloop
  endfacet
  facet normal 0.687028 -0.463132 -0.559911
    outer loop
      vertex -69.9 16.2322 8.31214
      vertex -68 17.116 9.91246
      vertex -69.9 16.058 8.45623
    endloop
  endfacet
  facet normal 0.68703 -0.675616 -0.267456
    outer loop
      vertex -69.9 16.7119 7.55623
      vertex -68 18.2574 8.53281
      vertex -69.9 16.6287 7.7664
    endloop
  endfacet
  facet normal 0.687022 -0.309363 0.657491
    outer loop
      vertex -69.9 15.8672 5.42265
      vertex -68 16.3252 3.65281
      vertex -68 16.7343 3.8453
    endloop
  endfacet
  facet normal 0.687027 -0.309312 0.65751
    outer loop
      vertex -68 16.3252 3.65281
      vertex -69.9 15.8672 5.42265
      vertex -69.9 15.6626 5.3264
    endloop
  endfacet
  facet normal 0.687029 -0.529753 0.497346
    outer loop
      vertex -69.9 16.3869 5.85264
      vertex -68 17.4644 4.37571
      vertex -68 17.7738 4.70527
    endloop
  endfacet
  facet normal 0.687029 -0.529753 0.497346
    outer loop
      vertex -68 17.4644 4.37571
      vertex -69.9 16.3869 5.85264
      vertex -69.9 16.2322 5.68786
    endloop
  endfacet
  facet normal 0.687029 -0.463122 0.559918
    outer loop
      vertex -68 17.116 4.08754
      vertex -68 17.4644 4.37571
      vertex -69.9 16.2322 5.68786
    endloop
  endfacet
  facet normal 0.687031 -0.63675 0.350053
    outer loop
      vertex -68 18.2574 5.46719
      vertex -69.9 16.6287 6.2336
      vertex -69.9 16.5198 6.03551
    endloop
  endfacet
  facet normal 0.687027 -0.389355 -0.613511
    outer loop
      vertex -68 16.7343 10.1547
      vertex -69.9 16.058 8.45623
      vertex -68 17.116 9.91246
    endloop
  endfacet
  facet normal 0.687019 -0.389432 -0.613472
    outer loop
      vertex -69.9 16.058 8.45623
      vertex -68 16.7343 10.1547
      vertex -69.9 15.8672 8.57735
    endloop
  endfacet
  facet normal 0.687028 -0.463132 0.559911
    outer loop
      vertex -68 17.116 4.08754
      vertex -69.9 16.2322 5.68786
      vertex -69.9 16.058 5.54377
    endloop
  endfacet
  facet normal 0 -0.0627969 0.998026
    outer loop
      vertex 19.8065 15.4512 3.42839
      vertex 56.3215 15 3.4
      vertex 57.4495 15.4512 3.42839
    endloop
  endfacet
  facet normal 0 -0.0627969 0.998026
    outer loop
      vertex 56.3215 15 3.4
      vertex 19.8065 15.4512 3.42839
      vertex 18.6785 15 3.4
    endloop
  endfacet
  facet normal 0 -0.0628189 -0.998025
    outer loop
      vertex 56.3215 15 10.6
      vertex 19.8065 15.4512 10.5716
      vertex 57.4495 15.4512 10.5716
    endloop
  endfacet
  facet normal 0 -0.0628189 -0.998025
    outer loop
      vertex 19.8065 15.4512 10.5716
      vertex 56.3215 15 10.6
      vertex 18.6785 15 10.6
    endloop
  endfacet
  facet normal 0 -1 0
    outer loop
      vertex 27.6607 18.5929 6.77395
      vertex 65.3037 18.5929 7.22605
      vertex 27.6607 18.5929 7.22605
    endloop
  endfacet
  facet normal 0 -1 -0
    outer loop
      vertex 65.3037 18.5929 7.22605
      vertex 27.6607 18.5929 6.77395
      vertex 65.3037 18.5929 6.77395
    endloop
  endfacet
  facet normal 0 1 -0
    outer loop
      vertex 47.3393 11.4071 6.77395
      vertex 9.69625 11.4071 7.22605
      vertex 47.3393 11.4071 7.22605
    endloop
  endfacet
  facet normal 0 1 0
    outer loop
      vertex 9.69625 11.4071 7.22605
      vertex 47.3393 11.4071 6.77395
      vertex 9.69625 11.4071 6.77395
    endloop
  endfacet
  facet normal -0 0.637356 0.770569
    outer loop
      vertex 13.3884 12.884 4.08754
      vertex 50.1606 12.5356 4.37571
      vertex 51.0314 12.884 4.08754
    endloop
  endfacet
  facet normal 0 0.637356 0.770569
    outer loop
      vertex 50.1606 12.5356 4.37571
      vertex 13.3884 12.884 4.08754
      vertex 12.5176 12.5356 4.37571
    endloop
  endfacet
  facet normal 0 -0.729054 0.684456
    outer loop
      vertex 62.4824 17.4644 4.37571
      vertex 25.6131 17.7738 4.70527
      vertex 24.8394 17.4644 4.37571
    endloop
  endfacet
  facet normal 0 -0.729054 0.684456
    outer loop
      vertex 25.6131 17.7738 4.70527
      vertex 62.4824 17.4644 4.37571
      vertex 63.2561 17.7738 4.70527
    endloop
  endfacet
  facet normal 0 -0.729054 -0.684456
    outer loop
      vertex 25.6131 17.7738 9.29473
      vertex 62.4824 17.4644 9.62429
      vertex 24.8394 17.4644 9.62429
    endloop
  endfacet
  facet normal 0 -0.729054 -0.684456
    outer loop
      vertex 62.4824 17.4644 9.62429
      vertex 25.6131 17.7738 9.29473
      vertex 63.2561 17.7738 9.29473
    endloop
  endfacet
  facet normal 0 -0.929798 -0.36807
    outer loop
      vertex 27.238 18.4238 8.11246
      vertex 64.465 18.2574 8.53281
      vertex 26.8219 18.2574 8.53281
    endloop
  endfacet
  facet normal 0 -0.929798 -0.36807
    outer loop
      vertex 64.465 18.2574 8.53281
      vertex 27.238 18.4238 8.11246
      vertex 64.881 18.4238 8.11246
    endloop
  endfacet
  facet normal -0 0.309071 0.951039
    outer loop
      vertex 16.4403 14.1047 3.5131
      vertex 53.0084 13.6748 3.65281
      vertex 54.0833 14.1047 3.5131
    endloop
  endfacet
  facet normal 0 0.309071 0.951039
    outer loop
      vertex 53.0084 13.6748 3.65281
      vertex 16.4403 14.1047 3.5131
      vertex 15.3654 13.6748 3.65281
    endloop
  endfacet
  facet normal 0 -0.425747 0.904842
    outer loop
      vertex 23.0143 16.7343 3.8453
      vertex 59.6346 16.3252 3.65281
      vertex 60.6573 16.7343 3.8453
    endloop
  endfacet
  facet normal 0 -0.425747 0.904842
    outer loop
      vertex 59.6346 16.3252 3.65281
      vertex 23.0143 16.7343 3.8453
      vertex 21.9916 16.3252 3.65281
    endloop
  endfacet
  facet normal 0 -0.187367 0.98229
    outer loop
      vertex 20.9167 15.8953 3.5131
      vertex 57.4495 15.4512 3.42839
      vertex 58.5597 15.8953 3.5131
    endloop
  endfacet
  facet normal 0 -0.187367 0.98229
    outer loop
      vertex 57.4495 15.4512 3.42839
      vertex 20.9167 15.8953 3.5131
      vertex 19.8065 15.4512 3.42839
    endloop
  endfacet
  facet normal 0 -0.535836 0.844322
    outer loop
      vertex 23.9686 17.116 4.08754
      vertex 60.6573 16.7343 3.8453
      vertex 61.6116 17.116 4.08754
    endloop
  endfacet
  facet normal 0 -0.535836 0.844322
    outer loop
      vertex 60.6573 16.7343 3.8453
      vertex 23.9686 17.116 4.08754
      vertex 23.0143 16.7343 3.8453
    endloop
  endfacet
  facet normal 0 -0.929798 0.36807
    outer loop
      vertex 64.465 18.2574 5.46719
      vertex 27.238 18.4238 5.88754
      vertex 26.8219 18.2574 5.46719
    endloop
  endfacet
  facet normal 0 -0.929798 0.36807
    outer loop
      vertex 27.238 18.4238 5.88754
      vertex 64.465 18.2574 5.46719
      vertex 64.881 18.4238 5.88754
    endloop
  endfacet
  facet normal 0 -0.9686 0.248625
    outer loop
      vertex 64.881 18.4238 5.88754
      vertex 27.5191 18.5362 6.32543
      vertex 27.238 18.4238 5.88754
    endloop
  endfacet
  facet normal 0 -0.9686 0.248625
    outer loop
      vertex 27.5191 18.5362 6.32543
      vertex 64.881 18.4238 5.88754
      vertex 65.1621 18.5362 6.32543
    endloop
  endfacet
  facet normal 0 -0.808946 0.587882
    outer loop
      vertex 63.2561 17.7738 4.70527
      vertex 26.2774 18.0396 5.07102
      vertex 25.6131 17.7738 4.70527
    endloop
  endfacet
  facet normal 0 -0.808946 0.587882
    outer loop
      vertex 26.2774 18.0396 5.07102
      vertex 63.2561 17.7738 4.70527
      vertex 63.9205 18.0396 5.07102
    endloop
  endfacet
  facet normal 0 -0.425765 -0.904834
    outer loop
      vertex 59.6346 16.3252 10.3472
      vertex 23.0143 16.7343 10.1547
      vertex 60.6573 16.7343 10.1547
    endloop
  endfacet
  facet normal 0 -0.425765 -0.904834
    outer loop
      vertex 23.0143 16.7343 10.1547
      vertex 59.6346 16.3252 10.3472
      vertex 21.9916 16.3252 10.3472
    endloop
  endfacet
  facet normal 0 -0.637356 -0.770569
    outer loop
      vertex 61.6116 17.116 9.91246
      vertex 24.8394 17.4644 9.62429
      vertex 62.4824 17.4644 9.62429
    endloop
  endfacet
  facet normal 0 -0.637356 -0.770569
    outer loop
      vertex 24.8394 17.4644 9.62429
      vertex 61.6116 17.116 9.91246
      vertex 23.9686 17.116 9.91246
    endloop
  endfacet
  facet normal 0 -0.309051 -0.951045
    outer loop
      vertex 58.5597 15.8953 10.4869
      vertex 21.9916 16.3252 10.3472
      vertex 59.6346 16.3252 10.3472
    endloop
  endfacet
  facet normal 0 -0.309051 -0.951045
    outer loop
      vertex 21.9916 16.3252 10.3472
      vertex 58.5597 15.8953 10.4869
      vertex 20.9167 15.8953 10.4869
    endloop
  endfacet
  facet normal 0 -0.876303 -0.48176
    outer loop
      vertex 26.8219 18.2574 8.53281
      vertex 63.9205 18.0396 8.92898
      vertex 26.2774 18.0396 8.92898
    endloop
  endfacet
  facet normal 0 -0.876303 -0.48176
    outer loop
      vertex 63.9205 18.0396 8.92898
      vertex 26.8219 18.2574 8.53281
      vertex 64.465 18.2574 8.53281
    endloop
  endfacet
  facet normal 0 -0.9686 -0.248625
    outer loop
      vertex 27.5191 18.5362 7.67457
      vertex 64.881 18.4238 8.11246
      vertex 27.238 18.4238 8.11246
    endloop
  endfacet
  facet normal 0 -0.9686 -0.248625
    outer loop
      vertex 64.881 18.4238 8.11246
      vertex 27.5191 18.5362 7.67457
      vertex 65.1621 18.5362 7.67457
    endloop
  endfacet
  facet normal -0 0.929798 0.36807
    outer loop
      vertex 10.535 11.7426 5.46719
      vertex 47.762 11.5762 5.88754
      vertex 48.1781 11.7426 5.46719
    endloop
  endfacet
  facet normal 0 0.929798 0.36807
    outer loop
      vertex 47.762 11.5762 5.88754
      vertex 10.535 11.7426 5.46719
      vertex 10.119 11.5762 5.88754
    endloop
  endfacet
  facet normal 0 -0.309071 0.951039
    outer loop
      vertex 21.9916 16.3252 3.65281
      vertex 58.5597 15.8953 3.5131
      vertex 59.6346 16.3252 3.65281
    endloop
  endfacet
  facet normal 0 -0.309071 0.951039
    outer loop
      vertex 58.5597 15.8953 3.5131
      vertex 21.9916 16.3252 3.65281
      vertex 20.9167 15.8953 3.5131
    endloop
  endfacet
  facet normal 0 -0.637356 0.770569
    outer loop
      vertex 24.8394 17.4644 4.37571
      vertex 61.6116 17.116 4.08754
      vertex 62.4824 17.4644 4.37571
    endloop
  endfacet
  facet normal 0 -0.637356 0.770569
    outer loop
      vertex 61.6116 17.116 4.08754
      vertex 24.8394 17.4644 4.37571
      vertex 23.9686 17.116 4.08754
    endloop
  endfacet
  facet normal 0 -0.992104 0.125418
    outer loop
      vertex 65.1621 18.5362 6.32543
      vertex 27.6607 18.5929 6.77395
      vertex 27.5191 18.5362 6.32543
    endloop
  endfacet
  facet normal 0 -0.992104 0.125418
    outer loop
      vertex 27.6607 18.5929 6.77395
      vertex 65.1621 18.5362 6.32543
      vertex 65.3037 18.5929 6.77395
    endloop
  endfacet
  facet normal 0 -0.876303 0.48176
    outer loop
      vertex 63.9205 18.0396 5.07102
      vertex 26.8219 18.2574 5.46719
      vertex 26.2774 18.0396 5.07102
    endloop
  endfacet
  facet normal 0 -0.876303 0.48176
    outer loop
      vertex 26.8219 18.2574 5.46719
      vertex 63.9205 18.0396 5.07102
      vertex 64.465 18.2574 5.46719
    endloop
  endfacet
  facet normal 0 -0.535836 -0.844322
    outer loop
      vertex 60.6573 16.7343 10.1547
      vertex 23.9686 17.116 9.91246
      vertex 61.6116 17.116 9.91246
    endloop
  endfacet
  facet normal 0 -0.535836 -0.844322
    outer loop
      vertex 23.9686 17.116 9.91246
      vertex 60.6573 16.7343 10.1547
      vertex 23.0143 16.7343 10.1547
    endloop
  endfacet
  facet normal 0 -0.187346 -0.982294
    outer loop
      vertex 57.4495 15.4512 10.5716
      vertex 20.9167 15.8953 10.4869
      vertex 58.5597 15.8953 10.4869
    endloop
  endfacet
  facet normal 0 -0.187346 -0.982294
    outer loop
      vertex 20.9167 15.8953 10.4869
      vertex 57.4495 15.4512 10.5716
      vertex 19.8065 15.4512 10.5716
    endloop
  endfacet
  facet normal 0 -0.808946 -0.587882
    outer loop
      vertex 26.2774 18.0396 8.92898
      vertex 63.2561 17.7738 9.29473
      vertex 25.6131 17.7738 9.29473
    endloop
  endfacet
  facet normal 0 -0.808946 -0.587882
    outer loop
      vertex 63.2561 17.7738 9.29473
      vertex 26.2774 18.0396 8.92898
      vertex 63.9205 18.0396 8.92898
    endloop
  endfacet
  facet normal 0 -0.992104 -0.125418
    outer loop
      vertex 27.6607 18.5929 7.22605
      vertex 65.1621 18.5362 7.67457
      vertex 27.5191 18.5362 7.67457
    endloop
  endfacet
  facet normal 0 -0.992104 -0.125418
    outer loop
      vertex 65.1621 18.5362 7.67457
      vertex 27.6607 18.5929 7.22605
      vertex 65.3037 18.5929 7.22605
    endloop
  endfacet
  facet normal -0 0.0627969 0.998026
    outer loop
      vertex 18.6785 15 3.4
      vertex 55.1935 14.5488 3.42839
      vertex 56.3215 15 3.4
    endloop
  endfacet
  facet normal 0 0.0627969 0.998026
    outer loop
      vertex 55.1935 14.5488 3.42839
      vertex 18.6785 15 3.4
      vertex 17.5505 14.5488 3.42839
    endloop
  endfacet
  facet normal -0 0.535836 0.844322
    outer loop
      vertex 14.3427 13.2657 3.8453
      vertex 51.0314 12.884 4.08754
      vertex 51.9857 13.2657 3.8453
    endloop
  endfacet
  facet normal 0 0.535836 0.844322
    outer loop
      vertex 51.0314 12.884 4.08754
      vertex 14.3427 13.2657 3.8453
      vertex 13.3884 12.884 4.08754
    endloop
  endfacet
  facet normal -0 0.187367 0.98229
    outer loop
      vertex 17.5505 14.5488 3.42839
      vertex 54.0833 14.1047 3.5131
      vertex 55.1935 14.5488 3.42839
    endloop
  endfacet
  facet normal 0 0.187367 0.98229
    outer loop
      vertex 54.0833 14.1047 3.5131
      vertex 17.5505 14.5488 3.42839
      vertex 16.4403 14.1047 3.5131
    endloop
  endfacet
  facet normal -0 0.808946 0.587882
    outer loop
      vertex 11.7439 12.2262 4.70527
      vertex 48.7226 11.9604 5.07102
      vertex 49.3869 12.2262 4.70527
    endloop
  endfacet
  facet normal 0 0.808946 0.587882
    outer loop
      vertex 48.7226 11.9604 5.07102
      vertex 11.7439 12.2262 4.70527
      vertex 11.0795 11.9604 5.07102
    endloop
  endfacet
  facet normal -0 0.425747 0.904842
    outer loop
      vertex 15.3654 13.6748 3.65281
      vertex 51.9857 13.2657 3.8453
      vertex 53.0084 13.6748 3.65281
    endloop
  endfacet
  facet normal 0 0.425747 0.904842
    outer loop
      vertex 51.9857 13.2657 3.8453
      vertex 15.3654 13.6748 3.65281
      vertex 14.3427 13.2657 3.8453
    endloop
  endfacet
  facet normal 0 0.9686 -0.248625
    outer loop
      vertex 47.4809 11.4638 7.67457
      vertex 10.119 11.5762 8.11246
      vertex 47.762 11.5762 8.11246
    endloop
  endfacet
  facet normal 0 0.9686 -0.248625
    outer loop
      vertex 10.119 11.5762 8.11246
      vertex 47.4809 11.4638 7.67457
      vertex 9.8379 11.4638 7.67457
    endloop
  endfacet
  facet normal 0 0.309051 -0.951045
    outer loop
      vertex 53.0084 13.6748 10.3472
      vertex 16.4403 14.1047 10.4869
      vertex 54.0833 14.1047 10.4869
    endloop
  endfacet
  facet normal 0 0.309051 -0.951045
    outer loop
      vertex 16.4403 14.1047 10.4869
      vertex 53.0084 13.6748 10.3472
      vertex 15.3654 13.6748 10.3472
    endloop
  endfacet
  facet normal 0 0.0628189 -0.998025
    outer loop
      vertex 55.1935 14.5488 10.5716
      vertex 18.6785 15 10.6
      vertex 56.3215 15 10.6
    endloop
  endfacet
  facet normal 0 0.0628189 -0.998025
    outer loop
      vertex 18.6785 15 10.6
      vertex 55.1935 14.5488 10.5716
      vertex 17.5505 14.5488 10.5716
    endloop
  endfacet
  facet normal -0 0.729054 0.684456
    outer loop
      vertex 12.5176 12.5356 4.37571
      vertex 49.3869 12.2262 4.70527
      vertex 50.1606 12.5356 4.37571
    endloop
  endfacet
  facet normal 0 0.729054 0.684456
    outer loop
      vertex 49.3869 12.2262 4.70527
      vertex 12.5176 12.5356 4.37571
      vertex 11.7439 12.2262 4.70527
    endloop
  endfacet
  facet normal -0 0.876303 0.48176
    outer loop
      vertex 11.0795 11.9604 5.07102
      vertex 48.1781 11.7426 5.46719
      vertex 48.7226 11.9604 5.07102
    endloop
  endfacet
  facet normal 0 0.876303 0.48176
    outer loop
      vertex 48.1781 11.7426 5.46719
      vertex 11.0795 11.9604 5.07102
      vertex 10.535 11.7426 5.46719
    endloop
  endfacet
  facet normal 0 0.992104 -0.125418
    outer loop
      vertex 47.3393 11.4071 7.22605
      vertex 9.8379 11.4638 7.67457
      vertex 47.4809 11.4638 7.67457
    endloop
  endfacet
  facet normal 0 0.992104 -0.125418
    outer loop
      vertex 9.8379 11.4638 7.67457
      vertex 47.3393 11.4071 7.22605
      vertex 9.69625 11.4071 7.22605
    endloop
  endfacet
  facet normal 0 0.929798 -0.36807
    outer loop
      vertex 47.762 11.5762 8.11246
      vertex 10.535 11.7426 8.53281
      vertex 48.1781 11.7426 8.53281
    endloop
  endfacet
  facet normal 0 0.929798 -0.36807
    outer loop
      vertex 10.535 11.7426 8.53281
      vertex 47.762 11.5762 8.11246
      vertex 10.119 11.5762 8.11246
    endloop
  endfacet
  facet normal 0 0.637356 -0.770569
    outer loop
      vertex 50.1606 12.5356 9.62429
      vertex 13.3884 12.884 9.91246
      vertex 51.0314 12.884 9.91246
    endloop
  endfacet
  facet normal 0 0.637356 -0.770569
    outer loop
      vertex 13.3884 12.884 9.91246
      vertex 50.1606 12.5356 9.62429
      vertex 12.5176 12.5356 9.62429
    endloop
  endfacet
  facet normal 0 0.729054 -0.684456
    outer loop
      vertex 49.3869 12.2262 9.29473
      vertex 12.5176 12.5356 9.62429
      vertex 50.1606 12.5356 9.62429
    endloop
  endfacet
  facet normal 0 0.729054 -0.684456
    outer loop
      vertex 12.5176 12.5356 9.62429
      vertex 49.3869 12.2262 9.29473
      vertex 11.7439 12.2262 9.29473
    endloop
  endfacet
  facet normal 0 0.425765 -0.904834
    outer loop
      vertex 51.9857 13.2657 10.1547
      vertex 15.3654 13.6748 10.3472
      vertex 53.0084 13.6748 10.3472
    endloop
  endfacet
  facet normal 0 0.425765 -0.904834
    outer loop
      vertex 15.3654 13.6748 10.3472
      vertex 51.9857 13.2657 10.1547
      vertex 14.3427 13.2657 10.1547
    endloop
  endfacet
  facet normal 0 0.187346 -0.982294
    outer loop
      vertex 54.0833 14.1047 10.4869
      vertex 17.5505 14.5488 10.5716
      vertex 55.1935 14.5488 10.5716
    endloop
  endfacet
  facet normal 0 0.187346 -0.982294
    outer loop
      vertex 17.5505 14.5488 10.5716
      vertex 54.0833 14.1047 10.4869
      vertex 16.4403 14.1047 10.4869
    endloop
  endfacet
  facet normal -0 0.9686 0.248625
    outer loop
      vertex 10.119 11.5762 5.88754
      vertex 47.4809 11.4638 6.32543
      vertex 47.762 11.5762 5.88754
    endloop
  endfacet
  facet normal 0 0.9686 0.248625
    outer loop
      vertex 47.4809 11.4638 6.32543
      vertex 10.119 11.5762 5.88754
      vertex 9.8379 11.4638 6.32543
    endloop
  endfacet
  facet normal -0 0.992104 0.125418
    outer loop
      vertex 9.8379 11.4638 6.32543
      vertex 47.3393 11.4071 6.77395
      vertex 47.4809 11.4638 6.32543
    endloop
  endfacet
  facet normal 0 0.992104 0.125418
    outer loop
      vertex 47.3393 11.4071 6.77395
      vertex 9.8379 11.4638 6.32543
      vertex 9.69625 11.4071 6.77395
    endloop
  endfacet
  facet normal 0 0.876303 -0.48176
    outer loop
      vertex 48.1781 11.7426 8.53281
      vertex 11.0795 11.9604 8.92898
      vertex 48.7226 11.9604 8.92898
    endloop
  endfacet
  facet normal 0 0.876303 -0.48176
    outer loop
      vertex 11.0795 11.9604 8.92898
      vertex 48.1781 11.7426 8.53281
      vertex 10.535 11.7426 8.53281
    endloop
  endfacet
  facet normal 0 0.808946 -0.587882
    outer loop
      vertex 48.7226 11.9604 8.92898
      vertex 11.7439 12.2262 9.29473
      vertex 49.3869 12.2262 9.29473
    endloop
  endfacet
  facet normal 0 0.808946 -0.587882
    outer loop
      vertex 11.7439 12.2262 9.29473
      vertex 48.7226 11.9604 8.92898
      vertex 11.0795 11.9604 8.92898
    endloop
  endfacet
  facet normal 0 0.535836 -0.844322
    outer loop
      vertex 51.0314 12.884 9.91246
      vertex 14.3427 13.2657 10.1547
      vertex 51.9857 13.2657 10.1547
    endloop
  endfacet
  facet normal 0 0.535836 -0.844322
    outer loop
      vertex 14.3427 13.2657 10.1547
      vertex 51.0314 12.884 9.91246
      vertex 13.3884 12.884 9.91246
    endloop
  endfacet
  facet normal 0 -0.0627749 0.998028
    outer loop
      vertex -82 15.2256 5.21419
      vertex -69.9 15 5.2
      vertex -69.9 15.2256 5.21419
    endloop
  endfacet
  facet normal 0 -0.0627749 0.998028
    outer loop
      vertex -69.9 15 5.2
      vertex -82 15.2256 5.21419
      vertex -82 15 5.2
    endloop
  endfacet
  facet normal 0 -0.0627749 -0.998028
    outer loop
      vertex -82 15 8.8
      vertex -69.9 15.2256 8.78581
      vertex -69.9 15 8.8
    endloop
  endfacet
  facet normal -0 -0.0627749 -0.998028
    outer loop
      vertex -69.9 15.2256 8.78581
      vertex -82 15 8.8
      vertex -82 15.2256 8.78581
    endloop
  endfacet
  facet normal 0 -1 0
    outer loop
      vertex -82 16.7964 6.88698
      vertex -69.9 16.7964 7.11302
      vertex -82 16.7964 7.11302
    endloop
  endfacet
  facet normal 0 -1 -0
    outer loop
      vertex -69.9 16.7964 7.11302
      vertex -82 16.7964 6.88698
      vertex -69.9 16.7964 6.88698
    endloop
  endfacet
  facet normal 0 1 -0
    outer loop
      vertex -69.9 13.2036 6.88698
      vertex -82 13.2036 7.11302
      vertex -69.9 13.2036 7.11302
    endloop
  endfacet
  facet normal 0 1 0
    outer loop
      vertex -82 13.2036 7.11302
      vertex -69.9 13.2036 6.88698
      vertex -82 13.2036 6.88698
    endloop
  endfacet
  facet normal 0 -0.729054 0.684456
    outer loop
      vertex -82 16.2322 5.68786
      vertex -69.9 16.3869 5.85264
      vertex -82 16.3869 5.85264
    endloop
  endfacet
  facet normal 0 -0.729054 0.684456
    outer loop
      vertex -69.9 16.3869 5.85264
      vertex -82 16.2322 5.68786
      vertex -69.9 16.2322 5.68786
    endloop
  endfacet
  facet normal 0 -0.729054 -0.684456
    outer loop
      vertex -82 16.3869 8.14736
      vertex -69.9 16.2322 8.31214
      vertex -82 16.2322 8.31214
    endloop
  endfacet
  facet normal 0 -0.729054 -0.684456
    outer loop
      vertex -69.9 16.2322 8.31214
      vertex -82 16.3869 8.14736
      vertex -69.9 16.3869 8.14736
    endloop
  endfacet
  facet normal 0 -0.929795 -0.368078
    outer loop
      vertex -82 16.7119 7.55623
      vertex -69.9 16.6287 7.7664
      vertex -82 16.6287 7.7664
    endloop
  endfacet
  facet normal 0 -0.929795 -0.368078
    outer loop
      vertex -69.9 16.6287 7.7664
      vertex -82 16.7119 7.55623
      vertex -69.9 16.7119 7.55623
    endloop
  endfacet
  facet normal 0 -0.42568 0.904874
    outer loop
      vertex -82 15.8672 5.42265
      vertex -69.9 15.6626 5.3264
      vertex -69.9 15.8672 5.42265
    endloop
  endfacet
  facet normal 0 -0.42568 0.904874
    outer loop
      vertex -69.9 15.6626 5.3264
      vertex -82 15.8672 5.42265
      vertex -82 15.6626 5.3264
    endloop
  endfacet
  facet normal 0 -0.187429 0.982278
    outer loop
      vertex -82 15.4476 5.25655
      vertex -69.9 15.2256 5.21419
      vertex -69.9 15.4476 5.25655
    endloop
  endfacet
  facet normal 0 -0.187429 0.982278
    outer loop
      vertex -69.9 15.2256 5.21419
      vertex -82 15.4476 5.25655
      vertex -82 15.2256 5.21419
    endloop
  endfacet
  facet normal 0 -0.929795 0.368078
    outer loop
      vertex -82 16.6287 6.2336
      vertex -69.9 16.7119 6.44377
      vertex -82 16.7119 6.44377
    endloop
  endfacet
  facet normal 0 -0.929795 0.368078
    outer loop
      vertex -69.9 16.7119 6.44377
      vertex -82 16.6287 6.2336
      vertex -69.9 16.6287 6.2336
    endloop
  endfacet
  facet normal 0 -0.968598 0.248631
    outer loop
      vertex -82 16.7119 6.44377
      vertex -69.9 16.7681 6.66271
      vertex -82 16.7681 6.66271
    endloop
  endfacet
  facet normal 0 -0.968598 0.248631
    outer loop
      vertex -69.9 16.7681 6.66271
      vertex -82 16.7119 6.44377
      vertex -69.9 16.7119 6.44377
    endloop
  endfacet
  facet normal 0 -0.808939 0.587893
    outer loop
      vertex -82 16.3869 5.85264
      vertex -69.9 16.5198 6.03551
      vertex -82 16.5198 6.03551
    endloop
  endfacet
  facet normal 0 -0.808939 0.587893
    outer loop
      vertex -69.9 16.5198 6.03551
      vertex -82 16.3869 5.85264
      vertex -69.9 16.3869 5.85264
    endloop
  endfacet
  facet normal 0 -0.42568 -0.904874
    outer loop
      vertex -82 15.6626 8.6736
      vertex -69.9 15.8672 8.57735
      vertex -69.9 15.6626 8.6736
    endloop
  endfacet
  facet normal -0 -0.42568 -0.904874
    outer loop
      vertex -69.9 15.8672 8.57735
      vertex -82 15.6626 8.6736
      vertex -82 15.8672 8.57735
    endloop
  endfacet
  facet normal 0 -0.308986 -0.951067
    outer loop
      vertex -82 15.4476 8.74345
      vertex -69.9 15.6626 8.6736
      vertex -69.9 15.4476 8.74345
    endloop
  endfacet
  facet normal -0 -0.308986 -0.951067
    outer loop
      vertex -69.9 15.6626 8.6736
      vertex -82 15.4476 8.74345
      vertex -82 15.6626 8.6736
    endloop
  endfacet
  facet normal 0 -0.968598 -0.248631
    outer loop
      vertex -82 16.7681 7.33729
      vertex -69.9 16.7119 7.55623
      vertex -82 16.7119 7.55623
    endloop
  endfacet
  facet normal 0 -0.968598 -0.248631
    outer loop
      vertex -69.9 16.7119 7.55623
      vertex -82 16.7681 7.33729
      vertex -69.9 16.7681 7.33729
    endloop
  endfacet
  facet normal 0 0.992132 0.125194
    outer loop
      vertex -69.9 13.2319 6.66271
      vertex -82 13.2036 6.88698
      vertex -69.9 13.2036 6.88698
    endloop
  endfacet
  facet normal 0 0.992132 0.125194
    outer loop
      vertex -82 13.2036 6.88698
      vertex -69.9 13.2319 6.66271
      vertex -82 13.2319 6.66271
    endloop
  endfacet
  facet normal 0 -0.308986 0.951067
    outer loop
      vertex -82 15.6626 5.3264
      vertex -69.9 15.4476 5.25655
      vertex -69.9 15.6626 5.3264
    endloop
  endfacet
  facet normal 0 -0.308986 0.951067
    outer loop
      vertex -69.9 15.4476 5.25655
      vertex -82 15.6626 5.3264
      vertex -82 15.4476 5.25655
    endloop
  endfacet
  facet normal 0 -0.637369 0.770558
    outer loop
      vertex -82 16.2322 5.68786
      vertex -69.9 16.058 5.54377
      vertex -69.9 16.2322 5.68786
    endloop
  endfacet
  facet normal 0 -0.637369 0.770558
    outer loop
      vertex -69.9 16.058 5.54377
      vertex -82 16.2322 5.68786
      vertex -82 16.058 5.54377
    endloop
  endfacet
  facet normal 0 -0.535936 0.844259
    outer loop
      vertex -82 16.058 5.54377
      vertex -69.9 15.8672 5.42265
      vertex -69.9 16.058 5.54377
    endloop
  endfacet
  facet normal 0 -0.535936 0.844259
    outer loop
      vertex -69.9 15.8672 5.42265
      vertex -82 16.058 5.54377
      vertex -82 15.8672 5.42265
    endloop
  endfacet
  facet normal 0 -0.992132 0.125194
    outer loop
      vertex -82 16.7681 6.66271
      vertex -69.9 16.7964 6.88698
      vertex -82 16.7964 6.88698
    endloop
  endfacet
  facet normal 0 -0.992132 0.125194
    outer loop
      vertex -69.9 16.7964 6.88698
      vertex -82 16.7681 6.66271
      vertex -69.9 16.7681 6.66271
    endloop
  endfacet
  facet normal 0 -0.876308 0.481751
    outer loop
      vertex -82 16.5198 6.03551
      vertex -69.9 16.6287 6.2336
      vertex -82 16.6287 6.2336
    endloop
  endfacet
  facet normal 0 -0.876308 0.481751
    outer loop
      vertex -69.9 16.6287 6.2336
      vertex -82 16.5198 6.03551
      vertex -69.9 16.5198 6.03551
    endloop
  endfacet
  facet normal 0 -0.535936 -0.844259
    outer loop
      vertex -82 15.8672 8.57735
      vertex -69.9 16.058 8.45623
      vertex -69.9 15.8672 8.57735
    endloop
  endfacet
  facet normal -0 -0.535936 -0.844259
    outer loop
      vertex -69.9 16.058 8.45623
      vertex -82 15.8672 8.57735
      vertex -82 16.058 8.45623
    endloop
  endfacet
  facet normal 0 -0.637369 -0.770558
    outer loop
      vertex -82 16.058 8.45623
      vertex -69.9 16.2322 8.31214
      vertex -69.9 16.058 8.45623
    endloop
  endfacet
  facet normal -0 -0.637369 -0.770558
    outer loop
      vertex -69.9 16.2322 8.31214
      vertex -82 16.058 8.45623
      vertex -82 16.2322 8.31214
    endloop
  endfacet
  facet normal 0 -0.187429 -0.982278
    outer loop
      vertex -82 15.2256 8.78581
      vertex -69.9 15.4476 8.74345
      vertex -69.9 15.2256 8.78581
    endloop
  endfacet
  facet normal -0 -0.187429 -0.982278
    outer loop
      vertex -69.9 15.4476 8.74345
      vertex -82 15.2256 8.78581
      vertex -82 15.4476 8.74345
    endloop
  endfacet
  facet normal 0 -0.876308 -0.481751
    outer loop
      vertex -82 16.6287 7.7664
      vertex -69.9 16.5198 7.96449
      vertex -82 16.5198 7.96449
    endloop
  endfacet
  facet normal 0 -0.876308 -0.481751
    outer loop
      vertex -69.9 16.5198 7.96449
      vertex -82 16.6287 7.7664
      vertex -69.9 16.6287 7.7664
    endloop
  endfacet
  facet normal 0 -0.808939 -0.587893
    outer loop
      vertex -82 16.5198 7.96449
      vertex -69.9 16.3869 8.14736
      vertex -82 16.3869 8.14736
    endloop
  endfacet
  facet normal 0 -0.808939 -0.587893
    outer loop
      vertex -69.9 16.3869 8.14736
      vertex -82 16.5198 7.96449
      vertex -69.9 16.5198 7.96449
    endloop
  endfacet
  facet normal 0 -0.992132 -0.125194
    outer loop
      vertex -82 16.7964 7.11302
      vertex -69.9 16.7681 7.33729
      vertex -82 16.7681 7.33729
    endloop
  endfacet
  facet normal 0 -0.992132 -0.125194
    outer loop
      vertex -69.9 16.7681 7.33729
      vertex -82 16.7964 7.11302
      vertex -69.9 16.7964 7.11302
    endloop
  endfacet
  facet normal 0 0.876308 0.481751
    outer loop
      vertex -69.9 13.4802 6.03551
      vertex -82 13.3713 6.2336
      vertex -69.9 13.3713 6.2336
    endloop
  endfacet
  facet normal 0 0.876308 0.481751
    outer loop
      vertex -82 13.3713 6.2336
      vertex -69.9 13.4802 6.03551
      vertex -82 13.4802 6.03551
    endloop
  endfacet
  facet normal 0 0.729054 0.684456
    outer loop
      vertex -69.9 13.7678 5.68786
      vertex -82 13.6131 5.85264
      vertex -69.9 13.6131 5.85264
    endloop
  endfacet
  facet normal 0 0.729054 0.684456
    outer loop
      vertex -82 13.6131 5.85264
      vertex -69.9 13.7678 5.68786
      vertex -82 13.7678 5.68786
    endloop
  endfacet
  facet normal -0 0.187429 0.982278
    outer loop
      vertex -82 14.7744 5.21419
      vertex -69.9 14.5524 5.25655
      vertex -69.9 14.7744 5.21419
    endloop
  endfacet
  facet normal 0 0.187429 0.982278
    outer loop
      vertex -69.9 14.5524 5.25655
      vertex -82 14.7744 5.21419
      vertex -82 14.5524 5.25655
    endloop
  endfacet
  facet normal 0 0.42568 -0.904874
    outer loop
      vertex -82 14.1328 8.57735
      vertex -69.9 14.3374 8.6736
      vertex -69.9 14.1328 8.57735
    endloop
  endfacet
  facet normal 0 0.42568 -0.904874
    outer loop
      vertex -69.9 14.3374 8.6736
      vertex -82 14.1328 8.57735
      vertex -82 14.3374 8.6736
    endloop
  endfacet
  facet normal -0 0.42568 0.904874
    outer loop
      vertex -82 14.3374 5.3264
      vertex -69.9 14.1328 5.42265
      vertex -69.9 14.3374 5.3264
    endloop
  endfacet
  facet normal 0 0.42568 0.904874
    outer loop
      vertex -69.9 14.1328 5.42265
      vertex -82 14.3374 5.3264
      vertex -82 14.1328 5.42265
    endloop
  endfacet
  facet normal -0 0.637369 0.770558
    outer loop
      vertex -82 13.942 5.54377
      vertex -69.9 13.7678 5.68786
      vertex -69.9 13.942 5.54377
    endloop
  endfacet
  facet normal 0 0.637369 0.770558
    outer loop
      vertex -69.9 13.7678 5.68786
      vertex -82 13.942 5.54377
      vertex -82 13.7678 5.68786
    endloop
  endfacet
  facet normal -0 0.0627749 0.998028
    outer loop
      vertex -82 15 5.2
      vertex -69.9 14.7744 5.21419
      vertex -69.9 15 5.2
    endloop
  endfacet
  facet normal 0 0.0627749 0.998028
    outer loop
      vertex -69.9 14.7744 5.21419
      vertex -82 15 5.2
      vertex -82 14.7744 5.21419
    endloop
  endfacet
  facet normal 0 0.968598 -0.248631
    outer loop
      vertex -69.9 13.2319 7.33729
      vertex -82 13.2881 7.55623
      vertex -69.9 13.2881 7.55623
    endloop
  endfacet
  facet normal 0 0.968598 -0.248631
    outer loop
      vertex -82 13.2881 7.55623
      vertex -69.9 13.2319 7.33729
      vertex -82 13.2319 7.33729
    endloop
  endfacet
  facet normal 0 0.637369 -0.770558
    outer loop
      vertex -82 13.7678 8.31214
      vertex -69.9 13.942 8.45623
      vertex -69.9 13.7678 8.31214
    endloop
  endfacet
  facet normal 0 0.637369 -0.770558
    outer loop
      vertex -69.9 13.942 8.45623
      vertex -82 13.7678 8.31214
      vertex -82 13.942 8.45623
    endloop
  endfacet
  facet normal 0 0.308986 -0.951067
    outer loop
      vertex -82 14.3374 8.6736
      vertex -69.9 14.5524 8.74345
      vertex -69.9 14.3374 8.6736
    endloop
  endfacet
  facet normal 0 0.308986 -0.951067
    outer loop
      vertex -69.9 14.5524 8.74345
      vertex -82 14.3374 8.6736
      vertex -82 14.5524 8.74345
    endloop
  endfacet
  facet normal 0 0.0627749 -0.998028
    outer loop
      vertex -82 14.7744 8.78581
      vertex -69.9 15 8.8
      vertex -69.9 14.7744 8.78581
    endloop
  endfacet
  facet normal 0 0.0627749 -0.998028
    outer loop
      vertex -69.9 15 8.8
      vertex -82 14.7744 8.78581
      vertex -82 15 8.8
    endloop
  endfacet
  facet normal 0 0.929795 0.368078
    outer loop
      vertex -69.9 13.3713 6.2336
      vertex -82 13.2881 6.44377
      vertex -69.9 13.2881 6.44377
    endloop
  endfacet
  facet normal 0 0.929795 0.368078
    outer loop
      vertex -82 13.2881 6.44377
      vertex -69.9 13.3713 6.2336
      vertex -82 13.3713 6.2336
    endloop
  endfacet
  facet normal 0 0.968598 0.248631
    outer loop
      vertex -69.9 13.2881 6.44377
      vertex -82 13.2319 6.66271
      vertex -69.9 13.2319 6.66271
    endloop
  endfacet
  facet normal 0 0.968598 0.248631
    outer loop
      vertex -82 13.2319 6.66271
      vertex -69.9 13.2881 6.44377
      vertex -82 13.2881 6.44377
    endloop
  endfacet
  facet normal 0 0.808939 0.587893
    outer loop
      vertex -69.9 13.6131 5.85264
      vertex -82 13.4802 6.03551
      vertex -69.9 13.4802 6.03551
    endloop
  endfacet
  facet normal 0 0.808939 0.587893
    outer loop
      vertex -82 13.4802 6.03551
      vertex -69.9 13.6131 5.85264
      vertex -82 13.6131 5.85264
    endloop
  endfacet
  facet normal -0 0.308986 0.951067
    outer loop
      vertex -82 14.5524 5.25655
      vertex -69.9 14.3374 5.3264
      vertex -69.9 14.5524 5.25655
    endloop
  endfacet
  facet normal 0 0.308986 0.951067
    outer loop
      vertex -69.9 14.3374 5.3264
      vertex -82 14.5524 5.25655
      vertex -82 14.3374 5.3264
    endloop
  endfacet
  facet normal -0 0.535936 0.844259
    outer loop
      vertex -82 14.1328 5.42265
      vertex -69.9 13.942 5.54377
      vertex -69.9 14.1328 5.42265
    endloop
  endfacet
  facet normal 0 0.535936 0.844259
    outer loop
      vertex -69.9 13.942 5.54377
      vertex -82 14.1328 5.42265
      vertex -82 13.942 5.54377
    endloop
  endfacet
  facet normal 0 0.992132 -0.125194
    outer loop
      vertex -69.9 13.2036 7.11302
      vertex -82 13.2319 7.33729
      vertex -69.9 13.2319 7.33729
    endloop
  endfacet
  facet normal 0 0.992132 -0.125194
    outer loop
      vertex -82 13.2319 7.33729
      vertex -69.9 13.2036 7.11302
      vertex -82 13.2036 7.11302
    endloop
  endfacet
  facet normal 0 0.929795 -0.368078
    outer loop
      vertex -69.9 13.2881 7.55623
      vertex -82 13.3713 7.7664
      vertex -69.9 13.3713 7.7664
    endloop
  endfacet
  facet normal 0 0.929795 -0.368078
    outer loop
      vertex -82 13.3713 7.7664
      vertex -69.9 13.2881 7.55623
      vertex -82 13.2881 7.55623
    endloop
  endfacet
  facet normal 0 0.808939 -0.587893
    outer loop
      vertex -69.9 13.4802 7.96449
      vertex -82 13.6131 8.14736
      vertex -69.9 13.6131 8.14736
    endloop
  endfacet
  facet normal 0 0.808939 -0.587893
    outer loop
      vertex -82 13.6131 8.14736
      vertex -69.9 13.4802 7.96449
      vertex -82 13.4802 7.96449
    endloop
  endfacet
  facet normal 0 0.729054 -0.684456
    outer loop
      vertex -69.9 13.6131 8.14736
      vertex -82 13.7678 8.31214
      vertex -69.9 13.7678 8.31214
    endloop
  endfacet
  facet normal 0 0.729054 -0.684456
    outer loop
      vertex -82 13.7678 8.31214
      vertex -69.9 13.6131 8.14736
      vertex -82 13.6131 8.14736
    endloop
  endfacet
  facet normal 0 0.187429 -0.982278
    outer loop
      vertex -82 14.5524 8.74345
      vertex -69.9 14.7744 8.78581
      vertex -69.9 14.5524 8.74345
    endloop
  endfacet
  facet normal 0 0.187429 -0.982278
    outer loop
      vertex -69.9 14.7744 8.78581
      vertex -82 14.5524 8.74345
      vertex -82 14.7744 8.78581
    endloop
  endfacet
  facet normal 0 0.876308 -0.481751
    outer loop
      vertex -69.9 13.3713 7.7664
      vertex -82 13.4802 7.96449
      vertex -69.9 13.4802 7.96449
    endloop
  endfacet
  facet normal 0 0.876308 -0.481751
    outer loop
      vertex -82 13.4802 7.96449
      vertex -69.9 13.3713 7.7664
      vertex -82 13.3713 7.7664
    endloop
  endfacet
  facet normal 0 0.535936 -0.844259
    outer loop
      vertex -82 13.942 8.45623
      vertex -69.9 14.1328 8.57735
      vertex -69.9 13.942 8.45623
    endloop
  endfacet
  facet normal 0 0.535936 -0.844259
    outer loop
      vertex -69.9 14.1328 8.57735
      vertex -82 13.942 8.45623
      vertex -82 14.1328 8.57735
    endloop
  endfacet
  facet normal -0.0627975 0 0.998026
    outer loop
      vertex 0 36.9901 3.75
      vertex 0.407332 23.0099 3.77563
      vertex 0.407332 36.9901 3.77563
    endloop
  endfacet
  facet normal -0.0627975 0 0.998026
    outer loop
      vertex 0.407332 23.0099 3.77563
      vertex 0 36.9901 3.75
      vertex 0 23.0099 3.75
    endloop
  endfacet
  facet normal -0.187363 0 0.982291
    outer loop
      vertex 0.407332 36.9901 3.77563
      vertex 0.808242 23.0099 3.8521
      vertex 0.808242 36.9901 3.8521
    endloop
  endfacet
  facet normal -0.187363 0 0.982291
    outer loop
      vertex 0.808242 23.0099 3.8521
      vertex 0.407332 36.9901 3.77563
      vertex 0.407332 23.0099 3.77563
    endloop
  endfacet
  facet normal -0.0627242 0 -0.998031
    outer loop
      vertex 0 23.0099 10.25
      vertex 0.407332 36.9901 10.2244
      vertex 0.407332 23.0099 10.2244
    endloop
  endfacet
  facet normal -0.0627242 0 -0.998031
    outer loop
      vertex 0.407332 36.9901 10.2244
      vertex 0 23.0099 10.25
      vertex 0 36.9901 10.25
    endloop
  endfacet
  facet normal -0.728968 0 -0.684547
    outer loop
      vertex 2.50417 23.0099 9.07163
      vertex 2.22478 36.9901 9.36915
      vertex 2.50417 36.9901 9.07163
    endloop
  endfacet
  facet normal -0.728968 -0 -0.684547
    outer loop
      vertex 2.22478 36.9901 9.36915
      vertex 2.50417 23.0099 9.07163
      vertex 2.22478 23.0099 9.36915
    endloop
  endfacet
  facet normal -0.929782 0 -0.36811
    outer loop
      vertex 3.09093 23.0099 8.0043
      vertex 2.94069 36.9901 8.38378
      vertex 3.09093 36.9901 8.0043
    endloop
  endfacet
  facet normal -0.929782 -0 -0.36811
    outer loop
      vertex 2.94069 36.9901 8.38378
      vertex 3.09093 23.0099 8.0043
      vertex 2.94069 23.0099 8.38378
    endloop
  endfacet
  facet normal 0.535827 0 0.844328
    outer loop
      vertex -1.9103 36.9901 4.37069
      vertex -1.5657 23.0099 4.152
      vertex -1.5657 36.9901 4.152
    endloop
  endfacet
  facet normal 0.535827 0 0.844328
    outer loop
      vertex -1.5657 23.0099 4.152
      vertex -1.9103 36.9901 4.37069
      vertex -1.9103 23.0099 4.37069
    endloop
  endfacet
  facet normal -0.929779 0 0.368119
    outer loop
      vertex 2.94069 23.0099 5.61622
      vertex 3.09093 36.9901 5.99569
      vertex 2.94069 36.9901 5.61622
    endloop
  endfacet
  facet normal -0.929779 0 0.368119
    outer loop
      vertex 3.09093 36.9901 5.99569
      vertex 2.94069 23.0099 5.61622
      vertex 3.09093 23.0099 5.99569
    endloop
  endfacet
  facet normal -0.637409 0 -0.770526
    outer loop
      vertex 1.9103 23.0099 9.6293
      vertex 2.22478 36.9901 9.36915
      vertex 2.22478 23.0099 9.36915
    endloop
  endfacet
  facet normal -0.637409 0 -0.770526
    outer loop
      vertex 2.22478 36.9901 9.36915
      vertex 1.9103 23.0099 9.6293
      vertex 1.9103 36.9901 9.6293
    endloop
  endfacet
  facet normal 0.0627975 0 0.998026
    outer loop
      vertex -0.407332 36.9901 3.77563
      vertex 0 23.0099 3.75
      vertex 0 36.9901 3.75
    endloop
  endfacet
  facet normal 0.0627975 0 0.998026
    outer loop
      vertex 0 23.0099 3.75
      vertex -0.407332 36.9901 3.77563
      vertex -0.407332 23.0099 3.77563
    endloop
  endfacet
  facet normal 0.308972 0 -0.951071
    outer loop
      vertex -1.1964 23.0099 10.0218
      vertex -0.808242 36.9901 10.1479
      vertex -0.808242 23.0099 10.1479
    endloop
  endfacet
  facet normal 0.308972 0 -0.951071
    outer loop
      vertex -0.808242 36.9901 10.1479
      vertex -1.1964 23.0099 10.0218
      vertex -1.1964 36.9901 10.0218
    endloop
  endfacet
  facet normal 0.992113 -0 0.125349
    outer loop
      vertex -3.24359 23.0099 6.79593
      vertex -3.19243 36.9901 6.39101
      vertex -3.24359 36.9901 6.79593
    endloop
  endfacet
  facet normal 0.992113 0 0.125349
    outer loop
      vertex -3.19243 36.9901 6.39101
      vertex -3.24359 23.0099 6.79593
      vertex -3.19243 23.0099 6.39101
    endloop
  endfacet
  facet normal -0.42576 0 0.904836
    outer loop
      vertex 1.1964 36.9901 3.97823
      vertex 1.5657 23.0099 4.152
      vertex 1.5657 36.9901 4.152
    endloop
  endfacet
  facet normal -0.42576 0 0.904836
    outer loop
      vertex 1.5657 23.0099 4.152
      vertex 1.1964 36.9901 3.97823
      vertex 1.1964 23.0099 3.97823
    endloop
  endfacet
  facet normal -0.535827 0 0.844328
    outer loop
      vertex 1.5657 36.9901 4.152
      vertex 1.9103 23.0099 4.37069
      vertex 1.9103 36.9901 4.37069
    endloop
  endfacet
  facet normal -0.535827 0 0.844328
    outer loop
      vertex 1.9103 23.0099 4.37069
      vertex 1.5657 36.9901 4.152
      vertex 1.5657 23.0099 4.152
    endloop
  endfacet
  facet normal -0.968584 0 0.248688
    outer loop
      vertex 3.09093 23.0099 5.99569
      vertex 3.19243 36.9901 6.39101
      vertex 3.09093 36.9901 5.99569
    endloop
  endfacet
  facet normal -0.968584 0 0.248688
    outer loop
      vertex 3.19243 36.9901 6.39101
      vertex 3.09093 23.0099 5.99569
      vertex 3.19243 23.0099 6.39101
    endloop
  endfacet
  facet normal -0.992113 0 0.125349
    outer loop
      vertex 3.19243 23.0099 6.39101
      vertex 3.24359 36.9901 6.79593
      vertex 3.19243 36.9901 6.39101
    endloop
  endfacet
  facet normal -0.992113 0 0.125349
    outer loop
      vertex 3.24359 36.9901 6.79593
      vertex 3.19243 23.0099 6.39101
      vertex 3.24359 23.0099 6.79593
    endloop
  endfacet
  facet normal -0.809014 0 0.58779
    outer loop
      vertex 2.50417 23.0099 4.92837
      vertex 2.74407 36.9901 5.25856
      vertex 2.50417 36.9901 4.92837
    endloop
  endfacet
  facet normal -0.809014 0 0.58779
    outer loop
      vertex 2.74407 36.9901 5.25856
      vertex 2.50417 23.0099 4.92837
      vertex 2.74407 23.0099 5.25856
    endloop
  endfacet
  facet normal -0.876312 0 0.481744
    outer loop
      vertex 2.74407 23.0099 5.25856
      vertex 2.94069 36.9901 5.61622
      vertex 2.74407 36.9901 5.25856
    endloop
  endfacet
  facet normal -0.876312 0 0.481744
    outer loop
      vertex 2.94069 36.9901 5.61622
      vertex 2.74407 23.0099 5.25856
      vertex 2.94069 23.0099 5.61622
    endloop
  endfacet
  facet normal -0.425821 0 -0.904808
    outer loop
      vertex 1.1964 23.0099 10.0218
      vertex 1.5657 36.9901 9.848
      vertex 1.5657 23.0099 9.848
    endloop
  endfacet
  facet normal -0.425821 0 -0.904808
    outer loop
      vertex 1.5657 36.9901 9.848
      vertex 1.1964 23.0099 10.0218
      vertex 1.1964 36.9901 10.0218
    endloop
  endfacet
  facet normal -0.535845 0 -0.844317
    outer loop
      vertex 1.5657 23.0099 9.848
      vertex 1.9103 36.9901 9.6293
      vertex 1.9103 23.0099 9.6293
    endloop
  endfacet
  facet normal -0.535845 0 -0.844317
    outer loop
      vertex 1.9103 36.9901 9.6293
      vertex 1.5657 23.0099 9.848
      vertex 1.5657 36.9901 9.848
    endloop
  endfacet
  facet normal -0.308972 0 -0.951071
    outer loop
      vertex 0.808242 23.0099 10.1479
      vertex 1.1964 36.9901 10.0218
      vertex 1.1964 23.0099 10.0218
    endloop
  endfacet
  facet normal -0.308972 0 -0.951071
    outer loop
      vertex 1.1964 36.9901 10.0218
      vertex 0.808242 23.0099 10.1479
      vertex 0.808242 36.9901 10.1479
    endloop
  endfacet
  facet normal -0.876312 0 -0.481744
    outer loop
      vertex 2.94069 23.0099 8.38378
      vertex 2.74407 36.9901 8.74144
      vertex 2.94069 36.9901 8.38378
    endloop
  endfacet
  facet normal -0.876312 -0 -0.481744
    outer loop
      vertex 2.74407 36.9901 8.74144
      vertex 2.94069 23.0099 8.38378
      vertex 2.74407 23.0099 8.74144
    endloop
  endfacet
  facet normal -0.992113 0 -0.125349
    outer loop
      vertex 3.24359 23.0099 7.20407
      vertex 3.19243 36.9901 7.60899
      vertex 3.24359 36.9901 7.20407
    endloop
  endfacet
  facet normal -0.992113 -0 -0.125349
    outer loop
      vertex 3.19243 36.9901 7.60899
      vertex 3.24359 23.0099 7.20407
      vertex 3.19243 23.0099 7.60899
    endloop
  endfacet
  facet normal 0.309039 0 0.951049
    outer loop
      vertex -1.1964 36.9901 3.97823
      vertex -0.808242 23.0099 3.8521
      vertex -0.808242 36.9901 3.8521
    endloop
  endfacet
  facet normal 0.309039 0 0.951049
    outer loop
      vertex -0.808242 23.0099 3.8521
      vertex -1.1964 36.9901 3.97823
      vertex -1.1964 23.0099 3.97823
    endloop
  endfacet
  facet normal 0.187363 0 0.982291
    outer loop
      vertex -0.808242 36.9901 3.8521
      vertex -0.407332 23.0099 3.77563
      vertex -0.407332 36.9901 3.77563
    endloop
  endfacet
  facet normal 0.187363 0 0.982291
    outer loop
      vertex -0.407332 23.0099 3.77563
      vertex -0.808242 36.9901 3.8521
      vertex -0.808242 23.0099 3.8521
    endloop
  endfacet
  facet normal 1 -0 0
    outer loop
      vertex -3.24359 23.0099 7.20407
      vertex -3.24359 36.9901 6.79593
      vertex -3.24359 36.9901 7.20407
    endloop
  endfacet
  facet normal 1 0 0
    outer loop
      vertex -3.24359 36.9901 6.79593
      vertex -3.24359 23.0099 7.20407
      vertex -3.24359 23.0099 6.79593
    endloop
  endfacet
  facet normal 0.876312 -0 0.481744
    outer loop
      vertex -2.94069 23.0099 5.61622
      vertex -2.74407 36.9901 5.25856
      vertex -2.94069 36.9901 5.61622
    endloop
  endfacet
  facet normal 0.876312 0 0.481744
    outer loop
      vertex -2.74407 36.9901 5.25856
      vertex -2.94069 23.0099 5.61622
      vertex -2.74407 23.0099 5.25856
    endloop
  endfacet
  facet normal -0.309039 0 0.951049
    outer loop
      vertex 0.808242 36.9901 3.8521
      vertex 1.1964 23.0099 3.97823
      vertex 1.1964 36.9901 3.97823
    endloop
  endfacet
  facet normal -0.309039 0 0.951049
    outer loop
      vertex 1.1964 23.0099 3.97823
      vertex 0.808242 36.9901 3.8521
      vertex 0.808242 23.0099 3.8521
    endloop
  endfacet
  facet normal -0.637423 0 0.770514
    outer loop
      vertex 1.9103 36.9901 4.37069
      vertex 2.22478 23.0099 4.63085
      vertex 2.22478 36.9901 4.63085
    endloop
  endfacet
  facet normal -0.637423 0 0.770514
    outer loop
      vertex 2.22478 23.0099 4.63085
      vertex 1.9103 36.9901 4.37069
      vertex 1.9103 23.0099 4.37069
    endloop
  endfacet
  facet normal -0.728968 0 0.684547
    outer loop
      vertex 2.22478 23.0099 4.63085
      vertex 2.50417 36.9901 4.92837
      vertex 2.22478 36.9901 4.63085
    endloop
  endfacet
  facet normal -0.728968 0 0.684547
    outer loop
      vertex 2.50417 36.9901 4.92837
      vertex 2.22478 23.0099 4.63085
      vertex 2.50417 23.0099 4.92837
    endloop
  endfacet
  facet normal -1 0 0
    outer loop
      vertex 3.24359 23.0099 6.79593
      vertex 3.24359 36.9901 7.20407
      vertex 3.24359 36.9901 6.79593
    endloop
  endfacet
  facet normal -1 -0 0
    outer loop
      vertex 3.24359 36.9901 7.20407
      vertex 3.24359 23.0099 6.79593
      vertex 3.24359 23.0099 7.20407
    endloop
  endfacet
  facet normal -0.187434 0 -0.982277
    outer loop
      vertex 0.407332 23.0099 10.2244
      vertex 0.808242 36.9901 10.1479
      vertex 0.808242 23.0099 10.1479
    endloop
  endfacet
  facet normal -0.187434 0 -0.982277
    outer loop
      vertex 0.808242 36.9901 10.1479
      vertex 0.407332 23.0099 10.2244
      vertex 0.407332 36.9901 10.2244
    endloop
  endfacet
  facet normal -0.809014 0 -0.58779
    outer loop
      vertex 2.74407 23.0099 8.74144
      vertex 2.50417 36.9901 9.07163
      vertex 2.74407 36.9901 8.74144
    endloop
  endfacet
  facet normal -0.809014 -0 -0.58779
    outer loop
      vertex 2.50417 36.9901 9.07163
      vertex 2.74407 23.0099 8.74144
      vertex 2.50417 23.0099 9.07163
    endloop
  endfacet
  facet normal -0.968582 0 -0.248694
    outer loop
      vertex 3.19243 23.0099 7.60899
      vertex 3.09093 36.9901 8.0043
      vertex 3.19243 36.9901 7.60899
    endloop
  endfacet
  facet normal -0.968582 -0 -0.248694
    outer loop
      vertex 3.09093 36.9901 8.0043
      vertex 3.19243 23.0099 7.60899
      vertex 3.09093 23.0099 8.0043
    endloop
  endfacet
  facet normal 0.42576 0 0.904836
    outer loop
      vertex -1.5657 36.9901 4.152
      vertex -1.1964 23.0099 3.97823
      vertex -1.1964 36.9901 3.97823
    endloop
  endfacet
  facet normal 0.42576 0 0.904836
    outer loop
      vertex -1.1964 23.0099 3.97823
      vertex -1.5657 36.9901 4.152
      vertex -1.5657 23.0099 4.152
    endloop
  endfacet
  facet normal 0.187434 0 -0.982277
    outer loop
      vertex -0.808242 23.0099 10.1479
      vertex -0.407332 36.9901 10.2244
      vertex -0.407332 23.0099 10.2244
    endloop
  endfacet
  facet normal 0.187434 0 -0.982277
    outer loop
      vertex -0.407332 36.9901 10.2244
      vertex -0.808242 23.0099 10.1479
      vertex -0.808242 36.9901 10.1479
    endloop
  endfacet
  facet normal 0.0627242 0 -0.998031
    outer loop
      vertex -0.407332 23.0099 10.2244
      vertex 0 36.9901 10.25
      vertex 0 23.0099 10.25
    endloop
  endfacet
  facet normal 0.0627242 0 -0.998031
    outer loop
      vertex 0 36.9901 10.25
      vertex -0.407332 23.0099 10.2244
      vertex -0.407332 36.9901 10.2244
    endloop
  endfacet
  facet normal 0.809014 -0 0.58779
    outer loop
      vertex -2.74407 23.0099 5.25856
      vertex -2.50417 36.9901 4.92837
      vertex -2.74407 36.9901 5.25856
    endloop
  endfacet
  facet normal 0.809014 0 0.58779
    outer loop
      vertex -2.50417 36.9901 4.92837
      vertex -2.74407 23.0099 5.25856
      vertex -2.50417 23.0099 4.92837
    endloop
  endfacet
  facet normal 0.929779 -0 0.368119
    outer loop
      vertex -3.09093 23.0099 5.99569
      vertex -2.94069 36.9901 5.61622
      vertex -3.09093 36.9901 5.99569
    endloop
  endfacet
  facet normal 0.929779 0 0.368119
    outer loop
      vertex -2.94069 36.9901 5.61622
      vertex -3.09093 23.0099 5.99569
      vertex -2.94069 23.0099 5.61622
    endloop
  endfacet
  facet normal 0.992113 0 -0.125349
    outer loop
      vertex -3.19243 23.0099 7.60899
      vertex -3.24359 36.9901 7.20407
      vertex -3.19243 36.9901 7.60899
    endloop
  endfacet
  facet normal 0.992113 0 -0.125349
    outer loop
      vertex -3.24359 36.9901 7.20407
      vertex -3.19243 23.0099 7.60899
      vertex -3.24359 23.0099 7.20407
    endloop
  endfacet
  facet normal 0.929782 0 -0.36811
    outer loop
      vertex -2.94069 23.0099 8.38378
      vertex -3.09093 36.9901 8.0043
      vertex -2.94069 36.9901 8.38378
    endloop
  endfacet
  facet normal 0.929782 0 -0.36811
    outer loop
      vertex -3.09093 36.9901 8.0043
      vertex -2.94069 23.0099 8.38378
      vertex -3.09093 23.0099 8.0043
    endloop
  endfacet
  facet normal 0.637409 0 -0.770526
    outer loop
      vertex -2.22478 23.0099 9.36915
      vertex -1.9103 36.9901 9.6293
      vertex -1.9103 23.0099 9.6293
    endloop
  endfacet
  facet normal 0.637409 0 -0.770526
    outer loop
      vertex -1.9103 36.9901 9.6293
      vertex -2.22478 23.0099 9.36915
      vertex -2.22478 36.9901 9.36915
    endloop
  endfacet
  facet normal 0.728968 -0 0.684547
    outer loop
      vertex -2.50417 23.0099 4.92837
      vertex -2.22478 36.9901 4.63085
      vertex -2.50417 36.9901 4.92837
    endloop
  endfacet
  facet normal 0.728968 0 0.684547
    outer loop
      vertex -2.22478 36.9901 4.63085
      vertex -2.50417 23.0099 4.92837
      vertex -2.22478 23.0099 4.63085
    endloop
  endfacet
  facet normal 0.637423 0 0.770514
    outer loop
      vertex -2.22478 36.9901 4.63085
      vertex -1.9103 23.0099 4.37069
      vertex -1.9103 36.9901 4.37069
    endloop
  endfacet
  facet normal 0.637423 0 0.770514
    outer loop
      vertex -1.9103 23.0099 4.37069
      vertex -2.22478 36.9901 4.63085
      vertex -2.22478 23.0099 4.63085
    endloop
  endfacet
  facet normal 0.968584 -0 0.248688
    outer loop
      vertex -3.19243 23.0099 6.39101
      vertex -3.09093 36.9901 5.99569
      vertex -3.19243 36.9901 6.39101
    endloop
  endfacet
  facet normal 0.968584 0 0.248688
    outer loop
      vertex -3.09093 36.9901 5.99569
      vertex -3.19243 23.0099 6.39101
      vertex -3.09093 23.0099 5.99569
    endloop
  endfacet
  facet normal 0.968582 0 -0.248694
    outer loop
      vertex -3.09093 23.0099 8.0043
      vertex -3.19243 36.9901 7.60899
      vertex -3.09093 36.9901 8.0043
    endloop
  endfacet
  facet normal 0.968582 0 -0.248694
    outer loop
      vertex -3.19243 36.9901 7.60899
      vertex -3.09093 23.0099 8.0043
      vertex -3.19243 23.0099 7.60899
    endloop
  endfacet
  facet normal 0.728968 0 -0.684547
    outer loop
      vertex -2.22478 23.0099 9.36915
      vertex -2.50417 36.9901 9.07163
      vertex -2.22478 36.9901 9.36915
    endloop
  endfacet
  facet normal 0.728968 0 -0.684547
    outer loop
      vertex -2.50417 36.9901 9.07163
      vertex -2.22478 23.0099 9.36915
      vertex -2.50417 23.0099 9.07163
    endloop
  endfacet
  facet normal 0.809014 0 -0.58779
    outer loop
      vertex -2.50417 23.0099 9.07163
      vertex -2.74407 36.9901 8.74144
      vertex -2.50417 36.9901 9.07163
    endloop
  endfacet
  facet normal 0.809014 0 -0.58779
    outer loop
      vertex -2.74407 36.9901 8.74144
      vertex -2.50417 23.0099 9.07163
      vertex -2.74407 23.0099 8.74144
    endloop
  endfacet
  facet normal 0.425821 0 -0.904808
    outer loop
      vertex -1.5657 23.0099 9.848
      vertex -1.1964 36.9901 10.0218
      vertex -1.1964 23.0099 10.0218
    endloop
  endfacet
  facet normal 0.425821 0 -0.904808
    outer loop
      vertex -1.1964 36.9901 10.0218
      vertex -1.5657 23.0099 9.848
      vertex -1.5657 36.9901 9.848
    endloop
  endfacet
  facet normal 0.535845 0 -0.844317
    outer loop
      vertex -1.9103 23.0099 9.6293
      vertex -1.5657 36.9901 9.848
      vertex -1.5657 23.0099 9.848
    endloop
  endfacet
  facet normal 0.535845 0 -0.844317
    outer loop
      vertex -1.5657 36.9901 9.848
      vertex -1.9103 23.0099 9.6293
      vertex -1.9103 36.9901 9.6293
    endloop
  endfacet
  facet normal 0.876312 0 -0.481744
    outer loop
      vertex -2.74407 23.0099 8.74144
      vertex -2.94069 36.9901 8.38378
      vertex -2.74407 36.9901 8.74144
    endloop
  endfacet
  facet normal 0.876312 0 -0.481744
    outer loop
      vertex -2.94069 36.9901 8.38378
      vertex -2.74407 23.0099 8.74144
      vertex -2.94069 23.0099 8.38378
    endloop
  endfacet
  facet normal -0.0628024 0 0.998026
    outer loop
      vertex 15 36.9901 3.75
      vertex 15.4073 23.0099 3.77563
      vertex 15.4073 36.9901 3.77563
    endloop
  endfacet
  facet normal -0.0628024 0 0.998026
    outer loop
      vertex 15.4073 23.0099 3.77563
      vertex 15 36.9901 3.75
      vertex 15 23.0099 3.75
    endloop
  endfacet
  facet normal -0.187368 0 0.98229
    outer loop
      vertex 15.4073 36.9901 3.77563
      vertex 15.8082 23.0099 3.8521
      vertex 15.8082 36.9901 3.8521
    endloop
  endfacet
  facet normal -0.187368 0 0.98229
    outer loop
      vertex 15.8082 23.0099 3.8521
      vertex 15.4073 36.9901 3.77563
      vertex 15.4073 23.0099 3.77563
    endloop
  endfacet
  facet normal -0.0627292 0 -0.998031
    outer loop
      vertex 15 23.0099 10.25
      vertex 15.4073 36.9901 10.2244
      vertex 15.4073 23.0099 10.2244
    endloop
  endfacet
  facet normal -0.0627292 0 -0.998031
    outer loop
      vertex 15.4073 36.9901 10.2244
      vertex 15 23.0099 10.25
      vertex 15 36.9901 10.25
    endloop
  endfacet
  facet normal -0.728956 0 -0.68456
    outer loop
      vertex 17.5042 23.0099 9.07163
      vertex 17.2248 36.9901 9.36915
      vertex 17.5042 36.9901 9.07163
    endloop
  endfacet
  facet normal -0.728956 -0 -0.68456
    outer loop
      vertex 17.2248 36.9901 9.36915
      vertex 17.5042 23.0099 9.07163
      vertex 17.2248 23.0099 9.36915
    endloop
  endfacet
  facet normal -0.929816 0 -0.368026
    outer loop
      vertex 18.0909 23.0099 8.0043
      vertex 17.9407 36.9901 8.38378
      vertex 18.0909 36.9901 8.0043
    endloop
  endfacet
  facet normal -0.929816 -0 -0.368026
    outer loop
      vertex 17.9407 36.9901 8.38378
      vertex 18.0909 23.0099 8.0043
      vertex 17.9407 23.0099 8.38378
    endloop
  endfacet
  facet normal 0.535827 0 0.844328
    outer loop
      vertex 13.0897 36.9901 4.37069
      vertex 13.4343 23.0099 4.152
      vertex 13.4343 36.9901 4.152
    endloop
  endfacet
  facet normal 0.535827 0 0.844328
    outer loop
      vertex 13.4343 23.0099 4.152
      vertex 13.0897 36.9901 4.37069
      vertex 13.0897 23.0099 4.37069
    endloop
  endfacet
  facet normal -0.929812 0 0.368034
    outer loop
      vertex 17.9407 23.0099 5.61622
      vertex 18.0909 36.9901 5.99569
      vertex 17.9407 36.9901 5.61622
    endloop
  endfacet
  facet normal -0.929812 0 0.368034
    outer loop
      vertex 18.0909 36.9901 5.99569
      vertex 17.9407 23.0099 5.61622
      vertex 18.0909 23.0099 5.99569
    endloop
  endfacet
  facet normal -0.637385 0 -0.770546
    outer loop
      vertex 16.9103 23.0099 9.6293
      vertex 17.2248 36.9901 9.36915
      vertex 17.2248 23.0099 9.36915
    endloop
  endfacet
  facet normal -0.637385 0 -0.770546
    outer loop
      vertex 17.2248 36.9901 9.36915
      vertex 16.9103 23.0099 9.6293
      vertex 16.9103 36.9901 9.6293
    endloop
  endfacet
  facet normal 0.0628024 0 0.998026
    outer loop
      vertex 14.5927 36.9901 3.77563
      vertex 15 23.0099 3.75
      vertex 15 36.9901 3.75
    endloop
  endfacet
  facet normal 0.0628024 0 0.998026
    outer loop
      vertex 15 23.0099 3.75
      vertex 14.5927 36.9901 3.77563
      vertex 14.5927 23.0099 3.77563
    endloop
  endfacet
  facet normal 0.308942 0 -0.951081
    outer loop
      vertex 13.8036 23.0099 10.0218
      vertex 14.1918 36.9901 10.1479
      vertex 14.1918 23.0099 10.1479
    endloop
  endfacet
  facet normal 0.308942 0 -0.951081
    outer loop
      vertex 14.1918 36.9901 10.1479
      vertex 13.8036 23.0099 10.0218
      vertex 13.8036 36.9901 10.0218
    endloop
  endfacet
  facet normal 0.9921 -0 0.125446
    outer loop
      vertex 11.7564 23.0099 6.79593
      vertex 11.8076 36.9901 6.39101
      vertex 11.7564 36.9901 6.79593
    endloop
  endfacet
  facet normal 0.9921 0 0.125446
    outer loop
      vertex 11.8076 36.9901 6.39101
      vertex 11.7564 23.0099 6.79593
      vertex 11.8076 23.0099 6.39101
    endloop
  endfacet
  facet normal -0.42576 0 0.904836
    outer loop
      vertex 16.1964 36.9901 3.97823
      vertex 16.5657 23.0099 4.152
      vertex 16.5657 36.9901 4.152
    endloop
  endfacet
  facet normal -0.42576 0 0.904836
    outer loop
      vertex 16.5657 23.0099 4.152
      vertex 16.1964 36.9901 3.97823
      vertex 16.1964 23.0099 3.97823
    endloop
  endfacet
  facet normal -0.535827 0 0.844328
    outer loop
      vertex 16.5657 36.9901 4.152
      vertex 16.9103 23.0099 4.37069
      vertex 16.9103 36.9901 4.37069
    endloop
  endfacet
  facet normal -0.535827 0 0.844328
    outer loop
      vertex 16.9103 23.0099 4.37069
      vertex 16.5657 36.9901 4.152
      vertex 16.5657 23.0099 4.152
    endloop
  endfacet
  facet normal -0.968584 0 0.248688
    outer loop
      vertex 18.0909 23.0099 5.99569
      vertex 18.1924 36.9901 6.39101
      vertex 18.0909 36.9901 5.99569
    endloop
  endfacet
  facet normal -0.968584 0 0.248688
    outer loop
      vertex 18.1924 36.9901 6.39101
      vertex 18.0909 23.0099 5.99569
      vertex 18.1924 23.0099 6.39101
    endloop
  endfacet
  facet normal -0.9921 0 0.125446
    outer loop
      vertex 18.1924 23.0099 6.39101
      vertex 18.2436 36.9901 6.79593
      vertex 18.1924 36.9901 6.39101
    endloop
  endfacet
  facet normal -0.9921 0 0.125446
    outer loop
      vertex 18.2436 36.9901 6.79593
      vertex 18.1924 23.0099 6.39101
      vertex 18.2436 23.0099 6.79593
    endloop
  endfacet
  facet normal -0.809014 0 0.58779
    outer loop
      vertex 17.5042 23.0099 4.92837
      vertex 17.7441 36.9901 5.25856
      vertex 17.5042 36.9901 4.92837
    endloop
  endfacet
  facet normal -0.809014 0 0.58779
    outer loop
      vertex 17.7441 36.9901 5.25856
      vertex 17.5042 23.0099 4.92837
      vertex 17.7441 23.0099 5.25856
    endloop
  endfacet
  facet normal -0.425821 0 -0.904808
    outer loop
      vertex 16.1964 23.0099 10.0218
      vertex 16.5657 36.9901 9.848
      vertex 16.5657 23.0099 9.848
    endloop
  endfacet
  facet normal -0.425821 0 -0.904808
    outer loop
      vertex 16.5657 36.9901 9.848
      vertex 16.1964 23.0099 10.0218
      vertex 16.1964 36.9901 10.0218
    endloop
  endfacet
  facet normal -0.535845 0 -0.844317
    outer loop
      vertex 16.5657 23.0099 9.848
      vertex 16.9103 36.9901 9.6293
      vertex 16.9103 23.0099 9.6293
    endloop
  endfacet
  facet normal -0.535845 0 -0.844317
    outer loop
      vertex 16.9103 36.9901 9.6293
      vertex 16.5657 23.0099 9.848
      vertex 16.5657 36.9901 9.848
    endloop
  endfacet
  facet normal -0.308942 0 -0.951081
    outer loop
      vertex 15.8082 23.0099 10.1479
      vertex 16.1964 36.9901 10.0218
      vertex 16.1964 23.0099 10.0218
    endloop
  endfacet
  facet normal -0.308942 0 -0.951081
    outer loop
      vertex 16.1964 36.9901 10.0218
      vertex 15.8082 23.0099 10.1479
      vertex 15.8082 36.9901 10.1479
    endloop
  endfacet
  facet normal -0.876333 0 -0.481706
    outer loop
      vertex 17.9407 23.0099 8.38378
      vertex 17.7441 36.9901 8.74144
      vertex 17.9407 36.9901 8.38378
    endloop
  endfacet
  facet normal -0.876333 -0 -0.481706
    outer loop
      vertex 17.7441 36.9901 8.74144
      vertex 17.9407 23.0099 8.38378
      vertex 17.7441 23.0099 8.74144
    endloop
  endfacet
  facet normal -0.9921 0 -0.125446
    outer loop
      vertex 18.2436 23.0099 7.20407
      vertex 18.1924 36.9901 7.60899
      vertex 18.2436 36.9901 7.20407
    endloop
  endfacet
  facet normal -0.9921 -0 -0.125446
    outer loop
      vertex 18.1924 36.9901 7.60899
      vertex 18.2436 23.0099 7.20407
      vertex 18.1924 23.0099 7.60899
    endloop
  endfacet
  facet normal 0.309009 0 0.951059
    outer loop
      vertex 13.8036 36.9901 3.97823
      vertex 14.1918 23.0099 3.8521
      vertex 14.1918 36.9901 3.8521
    endloop
  endfacet
  facet normal 0.309009 0 0.951059
    outer loop
      vertex 14.1918 23.0099 3.8521
      vertex 13.8036 36.9901 3.97823
      vertex 13.8036 23.0099 3.97823
    endloop
  endfacet
  facet normal 0.187368 0 0.98229
    outer loop
      vertex 14.1918 36.9901 3.8521
      vertex 14.5927 23.0099 3.77563
      vertex 14.5927 36.9901 3.77563
    endloop
  endfacet
  facet normal 0.187368 0 0.98229
    outer loop
      vertex 14.5927 23.0099 3.77563
      vertex 14.1918 36.9901 3.8521
      vertex 14.1918 23.0099 3.8521
    endloop
  endfacet
  facet normal 1 -0 0
    outer loop
      vertex 11.7564 23.0099 7.20407
      vertex 11.7564 36.9901 6.79593
      vertex 11.7564 36.9901 7.20407
    endloop
  endfacet
  facet normal 1 0 0
    outer loop
      vertex 11.7564 36.9901 6.79593
      vertex 11.7564 23.0099 7.20407
      vertex 11.7564 23.0099 6.79593
    endloop
  endfacet
  facet normal 0.876333 -0 0.481706
    outer loop
      vertex 12.0593 23.0099 5.61622
      vertex 12.2559 36.9901 5.25856
      vertex 12.0593 36.9901 5.61622
    endloop
  endfacet
  facet normal 0.876333 0 0.481706
    outer loop
      vertex 12.2559 36.9901 5.25856
      vertex 12.0593 23.0099 5.61622
      vertex 12.2559 23.0099 5.25856
    endloop
  endfacet
  facet normal -0.309009 0 0.951059
    outer loop
      vertex 15.8082 36.9901 3.8521
      vertex 16.1964 23.0099 3.97823
      vertex 16.1964 36.9901 3.97823
    endloop
  endfacet
  facet normal -0.309009 0 0.951059
    outer loop
      vertex 16.1964 23.0099 3.97823
      vertex 15.8082 36.9901 3.8521
      vertex 15.8082 23.0099 3.8521
    endloop
  endfacet
  facet normal -0.637399 0 0.770534
    outer loop
      vertex 16.9103 36.9901 4.37069
      vertex 17.2248 23.0099 4.63085
      vertex 17.2248 36.9901 4.63085
    endloop
  endfacet
  facet normal -0.637399 0 0.770534
    outer loop
      vertex 17.2248 23.0099 4.63085
      vertex 16.9103 36.9901 4.37069
      vertex 16.9103 23.0099 4.37069
    endloop
  endfacet
  facet normal -0.728956 0 0.68456
    outer loop
      vertex 17.2248 23.0099 4.63085
      vertex 17.5042 36.9901 4.92837
      vertex 17.2248 36.9901 4.63085
    endloop
  endfacet
  facet normal -0.728956 0 0.68456
    outer loop
      vertex 17.5042 36.9901 4.92837
      vertex 17.2248 23.0099 4.63085
      vertex 17.5042 23.0099 4.92837
    endloop
  endfacet
  facet normal -1 0 0
    outer loop
      vertex 18.2436 23.0099 6.79593
      vertex 18.2436 36.9901 7.20407
      vertex 18.2436 36.9901 6.79593
    endloop
  endfacet
  facet normal -1 -0 0
    outer loop
      vertex 18.2436 36.9901 7.20407
      vertex 18.2436 23.0099 6.79593
      vertex 18.2436 23.0099 7.20407
    endloop
  endfacet
  facet normal -0.876333 0 0.481706
    outer loop
      vertex 17.7441 23.0099 5.25856
      vertex 17.9407 36.9901 5.61622
      vertex 17.7441 36.9901 5.25856
    endloop
  endfacet
  facet normal -0.876333 0 0.481706
    outer loop
      vertex 17.9407 36.9901 5.61622
      vertex 17.7441 23.0099 5.25856
      vertex 17.9407 23.0099 5.61622
    endloop
  endfacet
  facet normal -0.187439 0 -0.982276
    outer loop
      vertex 15.4073 23.0099 10.2244
      vertex 15.8082 36.9901 10.1479
      vertex 15.8082 23.0099 10.1479
    endloop
  endfacet
  facet normal -0.187439 0 -0.982276
    outer loop
      vertex 15.8082 36.9901 10.1479
      vertex 15.4073 23.0099 10.2244
      vertex 15.4073 36.9901 10.2244
    endloop
  endfacet
  facet normal -0.809014 0 -0.58779
    outer loop
      vertex 17.7441 23.0099 8.74144
      vertex 17.5042 36.9901 9.07163
      vertex 17.7441 36.9901 8.74144
    endloop
  endfacet
  facet normal -0.809014 -0 -0.58779
    outer loop
      vertex 17.5042 36.9901 9.07163
      vertex 17.7441 23.0099 8.74144
      vertex 17.5042 23.0099 9.07163
    endloop
  endfacet
  facet normal -0.968582 0 -0.248694
    outer loop
      vertex 18.1924 23.0099 7.60899
      vertex 18.0909 36.9901 8.0043
      vertex 18.1924 36.9901 7.60899
    endloop
  endfacet
  facet normal -0.968582 -0 -0.248694
    outer loop
      vertex 18.0909 36.9901 8.0043
      vertex 18.1924 23.0099 7.60899
      vertex 18.0909 23.0099 8.0043
    endloop
  endfacet
  facet normal 0.42576 0 0.904836
    outer loop
      vertex 13.4343 36.9901 4.152
      vertex 13.8036 23.0099 3.97823
      vertex 13.8036 36.9901 3.97823
    endloop
  endfacet
  facet normal 0.42576 0 0.904836
    outer loop
      vertex 13.8036 23.0099 3.97823
      vertex 13.4343 36.9901 4.152
      vertex 13.4343 23.0099 4.152
    endloop
  endfacet
  facet normal 0.187439 0 -0.982276
    outer loop
      vertex 14.1918 23.0099 10.1479
      vertex 14.5927 36.9901 10.2244
      vertex 14.5927 23.0099 10.2244
    endloop
  endfacet
  facet normal 0.187439 0 -0.982276
    outer loop
      vertex 14.5927 36.9901 10.2244
      vertex 14.1918 23.0099 10.1479
      vertex 14.1918 36.9901 10.1479
    endloop
  endfacet
  facet normal 0.0627292 0 -0.998031
    outer loop
      vertex 14.5927 23.0099 10.2244
      vertex 15 36.9901 10.25
      vertex 15 23.0099 10.25
    endloop
  endfacet
  facet normal 0.0627292 0 -0.998031
    outer loop
      vertex 15 36.9901 10.25
      vertex 14.5927 23.0099 10.2244
      vertex 14.5927 36.9901 10.2244
    endloop
  endfacet
  facet normal 0.809014 -0 0.58779
    outer loop
      vertex 12.2559 23.0099 5.25856
      vertex 12.4958 36.9901 4.92837
      vertex 12.2559 36.9901 5.25856
    endloop
  endfacet
  facet normal 0.809014 0 0.58779
    outer loop
      vertex 12.4958 36.9901 4.92837
      vertex 12.2559 23.0099 5.25856
      vertex 12.4958 23.0099 4.92837
    endloop
  endfacet
  facet normal 0.929812 -0 0.368034
    outer loop
      vertex 11.9091 23.0099 5.99569
      vertex 12.0593 36.9901 5.61622
      vertex 11.9091 36.9901 5.99569
    endloop
  endfacet
  facet normal 0.929812 0 0.368034
    outer loop
      vertex 12.0593 36.9901 5.61622
      vertex 11.9091 23.0099 5.99569
      vertex 12.0593 23.0099 5.61622
    endloop
  endfacet
  facet normal 0.9921 0 -0.125446
    outer loop
      vertex 11.8076 23.0099 7.60899
      vertex 11.7564 36.9901 7.20407
      vertex 11.8076 36.9901 7.60899
    endloop
  endfacet
  facet normal 0.9921 0 -0.125446
    outer loop
      vertex 11.7564 36.9901 7.20407
      vertex 11.8076 23.0099 7.60899
      vertex 11.7564 23.0099 7.20407
    endloop
  endfacet
  facet normal 0.929816 0 -0.368026
    outer loop
      vertex 12.0593 23.0099 8.38378
      vertex 11.9091 36.9901 8.0043
      vertex 12.0593 36.9901 8.38378
    endloop
  endfacet
  facet normal 0.929816 0 -0.368026
    outer loop
      vertex 11.9091 36.9901 8.0043
      vertex 12.0593 23.0099 8.38378
      vertex 11.9091 23.0099 8.0043
    endloop
  endfacet
  facet normal 0.637385 0 -0.770546
    outer loop
      vertex 12.7752 23.0099 9.36915
      vertex 13.0897 36.9901 9.6293
      vertex 13.0897 23.0099 9.6293
    endloop
  endfacet
  facet normal 0.637385 0 -0.770546
    outer loop
      vertex 13.0897 36.9901 9.6293
      vertex 12.7752 23.0099 9.36915
      vertex 12.7752 36.9901 9.36915
    endloop
  endfacet
  facet normal 0.728956 -0 0.68456
    outer loop
      vertex 12.4958 23.0099 4.92837
      vertex 12.7752 36.9901 4.63085
      vertex 12.4958 36.9901 4.92837
    endloop
  endfacet
  facet normal 0.728956 0 0.68456
    outer loop
      vertex 12.7752 36.9901 4.63085
      vertex 12.4958 23.0099 4.92837
      vertex 12.7752 23.0099 4.63085
    endloop
  endfacet
  facet normal 0.637399 0 0.770534
    outer loop
      vertex 12.7752 36.9901 4.63085
      vertex 13.0897 23.0099 4.37069
      vertex 13.0897 36.9901 4.37069
    endloop
  endfacet
  facet normal 0.637399 0 0.770534
    outer loop
      vertex 13.0897 23.0099 4.37069
      vertex 12.7752 36.9901 4.63085
      vertex 12.7752 23.0099 4.63085
    endloop
  endfacet
  facet normal 0.968584 -0 0.248688
    outer loop
      vertex 11.8076 23.0099 6.39101
      vertex 11.9091 36.9901 5.99569
      vertex 11.8076 36.9901 6.39101
    endloop
  endfacet
  facet normal 0.968584 0 0.248688
    outer loop
      vertex 11.9091 36.9901 5.99569
      vertex 11.8076 23.0099 6.39101
      vertex 11.9091 23.0099 5.99569
    endloop
  endfacet
  facet normal 0.968582 0 -0.248694
    outer loop
      vertex 11.9091 23.0099 8.0043
      vertex 11.8076 36.9901 7.60899
      vertex 11.9091 36.9901 8.0043
    endloop
  endfacet
  facet normal 0.968582 0 -0.248694
    outer loop
      vertex 11.8076 36.9901 7.60899
      vertex 11.9091 23.0099 8.0043
      vertex 11.8076 23.0099 7.60899
    endloop
  endfacet
  facet normal 0.728956 0 -0.68456
    outer loop
      vertex 12.7752 23.0099 9.36915
      vertex 12.4958 36.9901 9.07163
      vertex 12.7752 36.9901 9.36915
    endloop
  endfacet
  facet normal 0.728956 0 -0.68456
    outer loop
      vertex 12.4958 36.9901 9.07163
      vertex 12.7752 23.0099 9.36915
      vertex 12.4958 23.0099 9.07163
    endloop
  endfacet
  facet normal 0.809014 0 -0.58779
    outer loop
      vertex 12.4958 23.0099 9.07163
      vertex 12.2559 36.9901 8.74144
      vertex 12.4958 36.9901 9.07163
    endloop
  endfacet
  facet normal 0.809014 0 -0.58779
    outer loop
      vertex 12.2559 36.9901 8.74144
      vertex 12.4958 23.0099 9.07163
      vertex 12.2559 23.0099 8.74144
    endloop
  endfacet
  facet normal 0.425821 0 -0.904808
    outer loop
      vertex 13.4343 23.0099 9.848
      vertex 13.8036 36.9901 10.0218
      vertex 13.8036 23.0099 10.0218
    endloop
  endfacet
  facet normal 0.425821 0 -0.904808
    outer loop
      vertex 13.8036 36.9901 10.0218
      vertex 13.4343 23.0099 9.848
      vertex 13.4343 36.9901 9.848
    endloop
  endfacet
  facet normal 0.535845 0 -0.844317
    outer loop
      vertex 13.0897 23.0099 9.6293
      vertex 13.4343 36.9901 9.848
      vertex 13.4343 23.0099 9.848
    endloop
  endfacet
  facet normal 0.535845 0 -0.844317
    outer loop
      vertex 13.4343 36.9901 9.848
      vertex 13.0897 23.0099 9.6293
      vertex 13.0897 36.9901 9.6293
    endloop
  endfacet
  facet normal 0.876333 0 -0.481706
    outer loop
      vertex 12.2559 23.0099 8.74144
      vertex 12.0593 36.9901 8.38378
      vertex 12.2559 36.9901 8.74144
    endloop
  endfacet
  facet normal 0.876333 0 -0.481706
    outer loop
      vertex 12.0593 36.9901 8.38378
      vertex 12.2559 23.0099 8.74144
      vertex 12.0593 23.0099 8.38378
    endloop
  endfacet
  facet normal -0.0628024 0 0.998026
    outer loop
      vertex -15 36.9901 3.75
      vertex -14.5927 23.0099 3.77563
      vertex -14.5927 36.9901 3.77563
    endloop
  endfacet
  facet normal -0.0628024 0 0.998026
    outer loop
      vertex -14.5927 23.0099 3.77563
      vertex -15 36.9901 3.75
      vertex -15 23.0099 3.75
    endloop
  endfacet
  facet normal -0.187368 0 0.98229
    outer loop
      vertex -14.5927 36.9901 3.77563
      vertex -14.1918 23.0099 3.8521
      vertex -14.1918 36.9901 3.8521
    endloop
  endfacet
  facet normal -0.187368 0 0.98229
    outer loop
      vertex -14.1918 23.0099 3.8521
      vertex -14.5927 36.9901 3.77563
      vertex -14.5927 23.0099 3.77563
    endloop
  endfacet
  facet normal -0.0627292 0 -0.998031
    outer loop
      vertex -15 23.0099 10.25
      vertex -14.5927 36.9901 10.2244
      vertex -14.5927 23.0099 10.2244
    endloop
  endfacet
  facet normal -0.0627292 0 -0.998031
    outer loop
      vertex -14.5927 36.9901 10.2244
      vertex -15 23.0099 10.25
      vertex -15 36.9901 10.25
    endloop
  endfacet
  facet normal -0.728956 0 -0.68456
    outer loop
      vertex -12.4958 23.0099 9.07163
      vertex -12.7752 36.9901 9.36915
      vertex -12.4958 36.9901 9.07163
    endloop
  endfacet
  facet normal -0.728956 -0 -0.68456
    outer loop
      vertex -12.7752 36.9901 9.36915
      vertex -12.4958 23.0099 9.07163
      vertex -12.7752 23.0099 9.36915
    endloop
  endfacet
  facet normal -0.929816 0 -0.368026
    outer loop
      vertex -11.9091 23.0099 8.0043
      vertex -12.0593 36.9901 8.38378
      vertex -11.9091 36.9901 8.0043
    endloop
  endfacet
  facet normal -0.929816 -0 -0.368026
    outer loop
      vertex -12.0593 36.9901 8.38378
      vertex -11.9091 23.0099 8.0043
      vertex -12.0593 23.0099 8.38378
    endloop
  endfacet
  facet normal 0.535827 0 0.844328
    outer loop
      vertex -16.9103 36.9901 4.37069
      vertex -16.5657 23.0099 4.152
      vertex -16.5657 36.9901 4.152
    endloop
  endfacet
  facet normal 0.535827 0 0.844328
    outer loop
      vertex -16.5657 23.0099 4.152
      vertex -16.9103 36.9901 4.37069
      vertex -16.9103 23.0099 4.37069
    endloop
  endfacet
  facet normal -0.929812 0 0.368034
    outer loop
      vertex -12.0593 23.0099 5.61622
      vertex -11.9091 36.9901 5.99569
      vertex -12.0593 36.9901 5.61622
    endloop
  endfacet
  facet normal -0.929812 0 0.368034
    outer loop
      vertex -11.9091 36.9901 5.99569
      vertex -12.0593 23.0099 5.61622
      vertex -11.9091 23.0099 5.99569
    endloop
  endfacet
  facet normal -0.637385 0 -0.770546
    outer loop
      vertex -13.0897 23.0099 9.6293
      vertex -12.7752 36.9901 9.36915
      vertex -12.7752 23.0099 9.36915
    endloop
  endfacet
  facet normal -0.637385 0 -0.770546
    outer loop
      vertex -12.7752 36.9901 9.36915
      vertex -13.0897 23.0099 9.6293
      vertex -13.0897 36.9901 9.6293
    endloop
  endfacet
  facet normal 0.0628024 0 0.998026
    outer loop
      vertex -15.4073 36.9901 3.77563
      vertex -15 23.0099 3.75
      vertex -15 36.9901 3.75
    endloop
  endfacet
  facet normal 0.0628024 0 0.998026
    outer loop
      vertex -15 23.0099 3.75
      vertex -15.4073 36.9901 3.77563
      vertex -15.4073 23.0099 3.77563
    endloop
  endfacet
  facet normal 0.308942 0 -0.951081
    outer loop
      vertex -16.1964 23.0099 10.0218
      vertex -15.8082 36.9901 10.1479
      vertex -15.8082 23.0099 10.1479
    endloop
  endfacet
  facet normal 0.308942 0 -0.951081
    outer loop
      vertex -15.8082 36.9901 10.1479
      vertex -16.1964 23.0099 10.0218
      vertex -16.1964 36.9901 10.0218
    endloop
  endfacet
  facet normal 0.9921 -0 0.125446
    outer loop
      vertex -18.2436 23.0099 6.79593
      vertex -18.1924 36.9901 6.39101
      vertex -18.2436 36.9901 6.79593
    endloop
  endfacet
  facet normal 0.9921 0 0.125446
    outer loop
      vertex -18.1924 36.9901 6.39101
      vertex -18.2436 23.0099 6.79593
      vertex -18.1924 23.0099 6.39101
    endloop
  endfacet
  facet normal -0.42576 0 0.904836
    outer loop
      vertex -13.8036 36.9901 3.97823
      vertex -13.4343 23.0099 4.152
      vertex -13.4343 36.9901 4.152
    endloop
  endfacet
  facet normal -0.42576 0 0.904836
    outer loop
      vertex -13.4343 23.0099 4.152
      vertex -13.8036 36.9901 3.97823
      vertex -13.8036 23.0099 3.97823
    endloop
  endfacet
  facet normal -0.535827 0 0.844328
    outer loop
      vertex -13.4343 36.9901 4.152
      vertex -13.0897 23.0099 4.37069
      vertex -13.0897 36.9901 4.37069
    endloop
  endfacet
  facet normal -0.535827 0 0.844328
    outer loop
      vertex -13.0897 23.0099 4.37069
      vertex -13.4343 36.9901 4.152
      vertex -13.4343 23.0099 4.152
    endloop
  endfacet
  facet normal -0.968584 0 0.248688
    outer loop
      vertex -11.9091 23.0099 5.99569
      vertex -11.8076 36.9901 6.39101
      vertex -11.9091 36.9901 5.99569
    endloop
  endfacet
  facet normal -0.968584 0 0.248688
    outer loop
      vertex -11.8076 36.9901 6.39101
      vertex -11.9091 23.0099 5.99569
      vertex -11.8076 23.0099 6.39101
    endloop
  endfacet
  facet normal -0.9921 0 0.125446
    outer loop
      vertex -11.8076 23.0099 6.39101
      vertex -11.7564 36.9901 6.79593
      vertex -11.8076 36.9901 6.39101
    endloop
  endfacet
  facet normal -0.9921 0 0.125446
    outer loop
      vertex -11.7564 36.9901 6.79593
      vertex -11.8076 23.0099 6.39101
      vertex -11.7564 23.0099 6.79593
    endloop
  endfacet
  facet normal -0.809014 0 0.58779
    outer loop
      vertex -12.4958 23.0099 4.92837
      vertex -12.2559 36.9901 5.25856
      vertex -12.4958 36.9901 4.92837
    endloop
  endfacet
  facet normal -0.809014 0 0.58779
    outer loop
      vertex -12.2559 36.9901 5.25856
      vertex -12.4958 23.0099 4.92837
      vertex -12.2559 23.0099 5.25856
    endloop
  endfacet
  facet normal -0.876333 0 0.481706
    outer loop
      vertex -12.2559 23.0099 5.25856
      vertex -12.0593 36.9901 5.61622
      vertex -12.2559 36.9901 5.25856
    endloop
  endfacet
  facet normal -0.876333 0 0.481706
    outer loop
      vertex -12.0593 36.9901 5.61622
      vertex -12.2559 23.0099 5.25856
      vertex -12.0593 23.0099 5.61622
    endloop
  endfacet
  facet normal -0.425821 0 -0.904808
    outer loop
      vertex -13.8036 23.0099 10.0218
      vertex -13.4343 36.9901 9.848
      vertex -13.4343 23.0099 9.848
    endloop
  endfacet
  facet normal -0.425821 0 -0.904808
    outer loop
      vertex -13.4343 36.9901 9.848
      vertex -13.8036 23.0099 10.0218
      vertex -13.8036 36.9901 10.0218
    endloop
  endfacet
  facet normal -0.535845 0 -0.844317
    outer loop
      vertex -13.4343 23.0099 9.848
      vertex -13.0897 36.9901 9.6293
      vertex -13.0897 23.0099 9.6293
    endloop
  endfacet
  facet normal -0.535845 0 -0.844317
    outer loop
      vertex -13.0897 36.9901 9.6293
      vertex -13.4343 23.0099 9.848
      vertex -13.4343 36.9901 9.848
    endloop
  endfacet
  facet normal -0.308942 0 -0.951081
    outer loop
      vertex -14.1918 23.0099 10.1479
      vertex -13.8036 36.9901 10.0218
      vertex -13.8036 23.0099 10.0218
    endloop
  endfacet
  facet normal -0.308942 0 -0.951081
    outer loop
      vertex -13.8036 36.9901 10.0218
      vertex -14.1918 23.0099 10.1479
      vertex -14.1918 36.9901 10.1479
    endloop
  endfacet
  facet normal -0.876333 0 -0.481706
    outer loop
      vertex -12.0593 23.0099 8.38378
      vertex -12.2559 36.9901 8.74144
      vertex -12.0593 36.9901 8.38378
    endloop
  endfacet
  facet normal -0.876333 -0 -0.481706
    outer loop
      vertex -12.2559 36.9901 8.74144
      vertex -12.0593 23.0099 8.38378
      vertex -12.2559 23.0099 8.74144
    endloop
  endfacet
  facet normal -0.9921 0 -0.125446
    outer loop
      vertex -11.7564 23.0099 7.20407
      vertex -11.8076 36.9901 7.60899
      vertex -11.7564 36.9901 7.20407
    endloop
  endfacet
  facet normal -0.9921 -0 -0.125446
    outer loop
      vertex -11.8076 36.9901 7.60899
      vertex -11.7564 23.0099 7.20407
      vertex -11.8076 23.0099 7.60899
    endloop
  endfacet
  facet normal 0.309009 0 0.951059
    outer loop
      vertex -16.1964 36.9901 3.97823
      vertex -15.8082 23.0099 3.8521
      vertex -15.8082 36.9901 3.8521
    endloop
  endfacet
  facet normal 0.309009 0 0.951059
    outer loop
      vertex -15.8082 23.0099 3.8521
      vertex -16.1964 36.9901 3.97823
      vertex -16.1964 23.0099 3.97823
    endloop
  endfacet
  facet normal 0.187368 0 0.98229
    outer loop
      vertex -15.8082 36.9901 3.8521
      vertex -15.4073 23.0099 3.77563
      vertex -15.4073 36.9901 3.77563
    endloop
  endfacet
  facet normal 0.187368 0 0.98229
    outer loop
      vertex -15.4073 23.0099 3.77563
      vertex -15.8082 36.9901 3.8521
      vertex -15.8082 23.0099 3.8521
    endloop
  endfacet
  facet normal 1 -0 0
    outer loop
      vertex -18.2436 23.0099 7.20407
      vertex -18.2436 36.9901 6.79593
      vertex -18.2436 36.9901 7.20407
    endloop
  endfacet
  facet normal 1 0 0
    outer loop
      vertex -18.2436 36.9901 6.79593
      vertex -18.2436 23.0099 7.20407
      vertex -18.2436 23.0099 6.79593
    endloop
  endfacet
  facet normal 0.876333 -0 0.481706
    outer loop
      vertex -17.9407 23.0099 5.61622
      vertex -17.7441 36.9901 5.25856
      vertex -17.9407 36.9901 5.61622
    endloop
  endfacet
  facet normal 0.876333 0 0.481706
    outer loop
      vertex -17.7441 36.9901 5.25856
      vertex -17.9407 23.0099 5.61622
      vertex -17.7441 23.0099 5.25856
    endloop
  endfacet
  facet normal -0.309009 0 0.951059
    outer loop
      vertex -14.1918 36.9901 3.8521
      vertex -13.8036 23.0099 3.97823
      vertex -13.8036 36.9901 3.97823
    endloop
  endfacet
  facet normal -0.309009 0 0.951059
    outer loop
      vertex -13.8036 23.0099 3.97823
      vertex -14.1918 36.9901 3.8521
      vertex -14.1918 23.0099 3.8521
    endloop
  endfacet
  facet normal -0.637399 0 0.770534
    outer loop
      vertex -13.0897 36.9901 4.37069
      vertex -12.7752 23.0099 4.63085
      vertex -12.7752 36.9901 4.63085
    endloop
  endfacet
  facet normal -0.637399 0 0.770534
    outer loop
      vertex -12.7752 23.0099 4.63085
      vertex -13.0897 36.9901 4.37069
      vertex -13.0897 23.0099 4.37069
    endloop
  endfacet
  facet normal -0.728956 0 0.68456
    outer loop
      vertex -12.7752 23.0099 4.63085
      vertex -12.4958 36.9901 4.92837
      vertex -12.7752 36.9901 4.63085
    endloop
  endfacet
  facet normal -0.728956 0 0.68456
    outer loop
      vertex -12.4958 36.9901 4.92837
      vertex -12.7752 23.0099 4.63085
      vertex -12.4958 23.0099 4.92837
    endloop
  endfacet
  facet normal -1 0 0
    outer loop
      vertex -11.7564 23.0099 6.79593
      vertex -11.7564 36.9901 7.20407
      vertex -11.7564 36.9901 6.79593
    endloop
  endfacet
  facet normal -1 -0 0
    outer loop
      vertex -11.7564 36.9901 7.20407
      vertex -11.7564 23.0099 6.79593
      vertex -11.7564 23.0099 7.20407
    endloop
  endfacet
  facet normal -0.187439 0 -0.982276
    outer loop
      vertex -14.5927 23.0099 10.2244
      vertex -14.1918 36.9901 10.1479
      vertex -14.1918 23.0099 10.1479
    endloop
  endfacet
  facet normal -0.187439 0 -0.982276
    outer loop
      vertex -14.1918 36.9901 10.1479
      vertex -14.5927 23.0099 10.2244
      vertex -14.5927 36.9901 10.2244
    endloop
  endfacet
  facet normal -0.809014 0 -0.58779
    outer loop
      vertex -12.2559 23.0099 8.74144
      vertex -12.4958 36.9901 9.07163
      vertex -12.2559 36.9901 8.74144
    endloop
  endfacet
  facet normal -0.809014 -0 -0.58779
    outer loop
      vertex -12.4958 36.9901 9.07163
      vertex -12.2559 23.0099 8.74144
      vertex -12.4958 23.0099 9.07163
    endloop
  endfacet
  facet normal -0.968582 0 -0.248694
    outer loop
      vertex -11.8076 23.0099 7.60899
      vertex -11.9091 36.9901 8.0043
      vertex -11.8076 36.9901 7.60899
    endloop
  endfacet
  facet normal -0.968582 -0 -0.248694
    outer loop
      vertex -11.9091 36.9901 8.0043
      vertex -11.8076 23.0099 7.60899
      vertex -11.9091 23.0099 8.0043
    endloop
  endfacet
  facet normal 0.42576 0 0.904836
    outer loop
      vertex -16.5657 36.9901 4.152
      vertex -16.1964 23.0099 3.97823
      vertex -16.1964 36.9901 3.97823
    endloop
  endfacet
  facet normal 0.42576 0 0.904836
    outer loop
      vertex -16.1964 23.0099 3.97823
      vertex -16.5657 36.9901 4.152
      vertex -16.5657 23.0099 4.152
    endloop
  endfacet
  facet normal 0.187439 0 -0.982276
    outer loop
      vertex -15.8082 23.0099 10.1479
      vertex -15.4073 36.9901 10.2244
      vertex -15.4073 23.0099 10.2244
    endloop
  endfacet
  facet normal 0.187439 0 -0.982276
    outer loop
      vertex -15.4073 36.9901 10.2244
      vertex -15.8082 23.0099 10.1479
      vertex -15.8082 36.9901 10.1479
    endloop
  endfacet
  facet normal 0.0627292 0 -0.998031
    outer loop
      vertex -15.4073 23.0099 10.2244
      vertex -15 36.9901 10.25
      vertex -15 23.0099 10.25
    endloop
  endfacet
  facet normal 0.0627292 0 -0.998031
    outer loop
      vertex -15 36.9901 10.25
      vertex -15.4073 23.0099 10.2244
      vertex -15.4073 36.9901 10.2244
    endloop
  endfacet
  facet normal 0.809014 -0 0.58779
    outer loop
      vertex -17.7441 23.0099 5.25856
      vertex -17.5042 36.9901 4.92837
      vertex -17.7441 36.9901 5.25856
    endloop
  endfacet
  facet normal 0.809014 0 0.58779
    outer loop
      vertex -17.5042 36.9901 4.92837
      vertex -17.7441 23.0099 5.25856
      vertex -17.5042 23.0099 4.92837
    endloop
  endfacet
  facet normal 0.929812 -0 0.368034
    outer loop
      vertex -18.0909 23.0099 5.99569
      vertex -17.9407 36.9901 5.61622
      vertex -18.0909 36.9901 5.99569
    endloop
  endfacet
  facet normal 0.929812 0 0.368034
    outer loop
      vertex -17.9407 36.9901 5.61622
      vertex -18.0909 23.0099 5.99569
      vertex -17.9407 23.0099 5.61622
    endloop
  endfacet
  facet normal 0.9921 0 -0.125446
    outer loop
      vertex -18.1924 23.0099 7.60899
      vertex -18.2436 36.9901 7.20407
      vertex -18.1924 36.9901 7.60899
    endloop
  endfacet
  facet normal 0.9921 0 -0.125446
    outer loop
      vertex -18.2436 36.9901 7.20407
      vertex -18.1924 23.0099 7.60899
      vertex -18.2436 23.0099 7.20407
    endloop
  endfacet
  facet normal 0.929816 0 -0.368026
    outer loop
      vertex -17.9407 23.0099 8.38378
      vertex -18.0909 36.9901 8.0043
      vertex -17.9407 36.9901 8.38378
    endloop
  endfacet
  facet normal 0.929816 0 -0.368026
    outer loop
      vertex -18.0909 36.9901 8.0043
      vertex -17.9407 23.0099 8.38378
      vertex -18.0909 23.0099 8.0043
    endloop
  endfacet
  facet normal 0.637385 0 -0.770546
    outer loop
      vertex -17.2248 23.0099 9.36915
      vertex -16.9103 36.9901 9.6293
      vertex -16.9103 23.0099 9.6293
    endloop
  endfacet
  facet normal 0.637385 0 -0.770546
    outer loop
      vertex -16.9103 36.9901 9.6293
      vertex -17.2248 23.0099 9.36915
      vertex -17.2248 36.9901 9.36915
    endloop
  endfacet
  facet normal 0.728956 -0 0.68456
    outer loop
      vertex -17.5042 23.0099 4.92837
      vertex -17.2248 36.9901 4.63085
      vertex -17.5042 36.9901 4.92837
    endloop
  endfacet
  facet normal 0.728956 0 0.68456
    outer loop
      vertex -17.2248 36.9901 4.63085
      vertex -17.5042 23.0099 4.92837
      vertex -17.2248 23.0099 4.63085
    endloop
  endfacet
  facet normal 0.637399 0 0.770534
    outer loop
      vertex -17.2248 36.9901 4.63085
      vertex -16.9103 23.0099 4.37069
      vertex -16.9103 36.9901 4.37069
    endloop
  endfacet
  facet normal 0.637399 0 0.770534
    outer loop
      vertex -16.9103 23.0099 4.37069
      vertex -17.2248 36.9901 4.63085
      vertex -17.2248 23.0099 4.63085
    endloop
  endfacet
  facet normal 0.968584 -0 0.248688
    outer loop
      vertex -18.1924 23.0099 6.39101
      vertex -18.0909 36.9901 5.99569
      vertex -18.1924 36.9901 6.39101
    endloop
  endfacet
  facet normal 0.968584 0 0.248688
    outer loop
      vertex -18.0909 36.9901 5.99569
      vertex -18.1924 23.0099 6.39101
      vertex -18.0909 23.0099 5.99569
    endloop
  endfacet
  facet normal 0.968582 0 -0.248694
    outer loop
      vertex -18.0909 23.0099 8.0043
      vertex -18.1924 36.9901 7.60899
      vertex -18.0909 36.9901 8.0043
    endloop
  endfacet
  facet normal 0.968582 0 -0.248694
    outer loop
      vertex -18.1924 36.9901 7.60899
      vertex -18.0909 23.0099 8.0043
      vertex -18.1924 23.0099 7.60899
    endloop
  endfacet
  facet normal 0.728956 0 -0.68456
    outer loop
      vertex -17.2248 23.0099 9.36915
      vertex -17.5042 36.9901 9.07163
      vertex -17.2248 36.9901 9.36915
    endloop
  endfacet
  facet normal 0.728956 0 -0.68456
    outer loop
      vertex -17.5042 36.9901 9.07163
      vertex -17.2248 23.0099 9.36915
      vertex -17.5042 23.0099 9.07163
    endloop
  endfacet
  facet normal 0.809014 0 -0.58779
    outer loop
      vertex -17.5042 23.0099 9.07163
      vertex -17.7441 36.9901 8.74144
      vertex -17.5042 36.9901 9.07163
    endloop
  endfacet
  facet normal 0.809014 0 -0.58779
    outer loop
      vertex -17.7441 36.9901 8.74144
      vertex -17.5042 23.0099 9.07163
      vertex -17.7441 23.0099 8.74144
    endloop
  endfacet
  facet normal 0.425821 0 -0.904808
    outer loop
      vertex -16.5657 23.0099 9.848
      vertex -16.1964 36.9901 10.0218
      vertex -16.1964 23.0099 10.0218
    endloop
  endfacet
  facet normal 0.425821 0 -0.904808
    outer loop
      vertex -16.1964 36.9901 10.0218
      vertex -16.5657 23.0099 9.848
      vertex -16.5657 36.9901 9.848
    endloop
  endfacet
  facet normal 0.535845 0 -0.844317
    outer loop
      vertex -16.9103 23.0099 9.6293
      vertex -16.5657 36.9901 9.848
      vertex -16.5657 23.0099 9.848
    endloop
  endfacet
  facet normal 0.535845 0 -0.844317
    outer loop
      vertex -16.5657 36.9901 9.848
      vertex -16.9103 23.0099 9.6293
      vertex -16.9103 36.9901 9.6293
    endloop
  endfacet
  facet normal 0.876333 0 -0.481706
    outer loop
      vertex -17.7441 23.0099 8.74144
      vertex -17.9407 36.9901 8.38378
      vertex -17.7441 36.9901 8.74144
    endloop
  endfacet
  facet normal 0.876333 0 -0.481706
    outer loop
      vertex -17.9407 36.9901 8.38378
      vertex -17.7441 23.0099 8.74144
      vertex -17.9407 23.0099 8.38378
    endloop
  endfacet
  facet normal -0.0628024 0 0.998026
    outer loop
      vertex -30 36.9901 3.75
      vertex -29.5927 23.0099 3.77563
      vertex -29.5927 36.9901 3.77563
    endloop
  endfacet
  facet normal -0.0628024 0 0.998026
    outer loop
      vertex -29.5927 23.0099 3.77563
      vertex -30 36.9901 3.75
      vertex -30 23.0099 3.75
    endloop
  endfacet
  facet normal -0.187368 0 0.98229
    outer loop
      vertex -29.5927 36.9901 3.77563
      vertex -29.1918 23.0099 3.8521
      vertex -29.1918 36.9901 3.8521
    endloop
  endfacet
  facet normal -0.187368 0 0.98229
    outer loop
      vertex -29.1918 23.0099 3.8521
      vertex -29.5927 36.9901 3.77563
      vertex -29.5927 23.0099 3.77563
    endloop
  endfacet
  facet normal -0.0627292 0 -0.998031
    outer loop
      vertex -30 23.0099 10.25
      vertex -29.5927 36.9901 10.2244
      vertex -29.5927 23.0099 10.2244
    endloop
  endfacet
  facet normal -0.0627292 0 -0.998031
    outer loop
      vertex -29.5927 36.9901 10.2244
      vertex -30 23.0099 10.25
      vertex -30 36.9901 10.25
    endloop
  endfacet
  facet normal -0.728956 0 -0.68456
    outer loop
      vertex -27.4958 23.0099 9.07163
      vertex -27.7752 36.9901 9.36915
      vertex -27.4958 36.9901 9.07163
    endloop
  endfacet
  facet normal -0.728956 -0 -0.68456
    outer loop
      vertex -27.7752 36.9901 9.36915
      vertex -27.4958 23.0099 9.07163
      vertex -27.7752 23.0099 9.36915
    endloop
  endfacet
  facet normal -0.929816 0 -0.368026
    outer loop
      vertex -26.9091 23.0099 8.0043
      vertex -27.0593 36.9901 8.38378
      vertex -26.9091 36.9901 8.0043
    endloop
  endfacet
  facet normal -0.929816 -0 -0.368026
    outer loop
      vertex -27.0593 36.9901 8.38378
      vertex -26.9091 23.0099 8.0043
      vertex -27.0593 23.0099 8.38378
    endloop
  endfacet
  facet normal 0.535827 0 0.844328
    outer loop
      vertex -31.9103 36.9901 4.37069
      vertex -31.5657 23.0099 4.152
      vertex -31.5657 36.9901 4.152
    endloop
  endfacet
  facet normal 0.535827 0 0.844328
    outer loop
      vertex -31.5657 23.0099 4.152
      vertex -31.9103 36.9901 4.37069
      vertex -31.9103 23.0099 4.37069
    endloop
  endfacet
  facet normal -0.929812 0 0.368034
    outer loop
      vertex -27.0593 23.0099 5.61622
      vertex -26.9091 36.9901 5.99569
      vertex -27.0593 36.9901 5.61622
    endloop
  endfacet
  facet normal -0.929812 0 0.368034
    outer loop
      vertex -26.9091 36.9901 5.99569
      vertex -27.0593 23.0099 5.61622
      vertex -26.9091 23.0099 5.99569
    endloop
  endfacet
  facet normal -0.637385 0 -0.770546
    outer loop
      vertex -28.0897 23.0099 9.6293
      vertex -27.7752 36.9901 9.36915
      vertex -27.7752 23.0099 9.36915
    endloop
  endfacet
  facet normal -0.637385 0 -0.770546
    outer loop
      vertex -27.7752 36.9901 9.36915
      vertex -28.0897 23.0099 9.6293
      vertex -28.0897 36.9901 9.6293
    endloop
  endfacet
  facet normal 0.0628024 0 0.998026
    outer loop
      vertex -30.4073 36.9901 3.77563
      vertex -30 23.0099 3.75
      vertex -30 36.9901 3.75
    endloop
  endfacet
  facet normal 0.0628024 0 0.998026
    outer loop
      vertex -30 23.0099 3.75
      vertex -30.4073 36.9901 3.77563
      vertex -30.4073 23.0099 3.77563
    endloop
  endfacet
  facet normal 0.308942 0 -0.951081
    outer loop
      vertex -31.1964 23.0099 10.0218
      vertex -30.8082 36.9901 10.1479
      vertex -30.8082 23.0099 10.1479
    endloop
  endfacet
  facet normal 0.308942 0 -0.951081
    outer loop
      vertex -30.8082 36.9901 10.1479
      vertex -31.1964 23.0099 10.0218
      vertex -31.1964 36.9901 10.0218
    endloop
  endfacet
  facet normal 0.9921 -0 0.125446
    outer loop
      vertex -33.2436 23.0099 6.79593
      vertex -33.1924 36.9901 6.39101
      vertex -33.2436 36.9901 6.79593
    endloop
  endfacet
  facet normal 0.9921 0 0.125446
    outer loop
      vertex -33.1924 36.9901 6.39101
      vertex -33.2436 23.0099 6.79593
      vertex -33.1924 23.0099 6.39101
    endloop
  endfacet
  facet normal -0.42576 0 0.904836
    outer loop
      vertex -28.8036 36.9901 3.97823
      vertex -28.4343 23.0099 4.152
      vertex -28.4343 36.9901 4.152
    endloop
  endfacet
  facet normal -0.42576 0 0.904836
    outer loop
      vertex -28.4343 23.0099 4.152
      vertex -28.8036 36.9901 3.97823
      vertex -28.8036 23.0099 3.97823
    endloop
  endfacet
  facet normal -0.535827 0 0.844328
    outer loop
      vertex -28.4343 36.9901 4.152
      vertex -28.0897 23.0099 4.37069
      vertex -28.0897 36.9901 4.37069
    endloop
  endfacet
  facet normal -0.535827 0 0.844328
    outer loop
      vertex -28.0897 23.0099 4.37069
      vertex -28.4343 36.9901 4.152
      vertex -28.4343 23.0099 4.152
    endloop
  endfacet
  facet normal -0.968584 0 0.248688
    outer loop
      vertex -26.9091 23.0099 5.99569
      vertex -26.8076 36.9901 6.39101
      vertex -26.9091 36.9901 5.99569
    endloop
  endfacet
  facet normal -0.968584 0 0.248688
    outer loop
      vertex -26.8076 36.9901 6.39101
      vertex -26.9091 23.0099 5.99569
      vertex -26.8076 23.0099 6.39101
    endloop
  endfacet
  facet normal -0.9921 0 0.125446
    outer loop
      vertex -26.8076 23.0099 6.39101
      vertex -26.7564 36.9901 6.79593
      vertex -26.8076 36.9901 6.39101
    endloop
  endfacet
  facet normal -0.9921 0 0.125446
    outer loop
      vertex -26.7564 36.9901 6.79593
      vertex -26.8076 23.0099 6.39101
      vertex -26.7564 23.0099 6.79593
    endloop
  endfacet
  facet normal -0.809014 0 0.58779
    outer loop
      vertex -27.4958 23.0099 4.92837
      vertex -27.2559 36.9901 5.25856
      vertex -27.4958 36.9901 4.92837
    endloop
  endfacet
  facet normal -0.809014 0 0.58779
    outer loop
      vertex -27.2559 36.9901 5.25856
      vertex -27.4958 23.0099 4.92837
      vertex -27.2559 23.0099 5.25856
    endloop
  endfacet
  facet normal -0.425821 0 -0.904808
    outer loop
      vertex -28.8036 23.0099 10.0218
      vertex -28.4343 36.9901 9.848
      vertex -28.4343 23.0099 9.848
    endloop
  endfacet
  facet normal -0.425821 0 -0.904808
    outer loop
      vertex -28.4343 36.9901 9.848
      vertex -28.8036 23.0099 10.0218
      vertex -28.8036 36.9901 10.0218
    endloop
  endfacet
  facet normal -0.535845 0 -0.844317
    outer loop
      vertex -28.4343 23.0099 9.848
      vertex -28.0897 36.9901 9.6293
      vertex -28.0897 23.0099 9.6293
    endloop
  endfacet
  facet normal -0.535845 0 -0.844317
    outer loop
      vertex -28.0897 36.9901 9.6293
      vertex -28.4343 23.0099 9.848
      vertex -28.4343 36.9901 9.848
    endloop
  endfacet
  facet normal -0.308942 0 -0.951081
    outer loop
      vertex -29.1918 23.0099 10.1479
      vertex -28.8036 36.9901 10.0218
      vertex -28.8036 23.0099 10.0218
    endloop
  endfacet
  facet normal -0.308942 0 -0.951081
    outer loop
      vertex -28.8036 36.9901 10.0218
      vertex -29.1918 23.0099 10.1479
      vertex -29.1918 36.9901 10.1479
    endloop
  endfacet
  facet normal -0.876333 0 -0.481706
    outer loop
      vertex -27.0593 23.0099 8.38378
      vertex -27.2559 36.9901 8.74144
      vertex -27.0593 36.9901 8.38378
    endloop
  endfacet
  facet normal -0.876333 -0 -0.481706
    outer loop
      vertex -27.2559 36.9901 8.74144
      vertex -27.0593 23.0099 8.38378
      vertex -27.2559 23.0099 8.74144
    endloop
  endfacet
  facet normal -0.9921 0 -0.125446
    outer loop
      vertex -26.7564 23.0099 7.20407
      vertex -26.8076 36.9901 7.60899
      vertex -26.7564 36.9901 7.20407
    endloop
  endfacet
  facet normal -0.9921 -0 -0.125446
    outer loop
      vertex -26.8076 36.9901 7.60899
      vertex -26.7564 23.0099 7.20407
      vertex -26.8076 23.0099 7.60899
    endloop
  endfacet
  facet normal 0.309009 0 0.951059
    outer loop
      vertex -31.1964 36.9901 3.97823
      vertex -30.8082 23.0099 3.8521
      vertex -30.8082 36.9901 3.8521
    endloop
  endfacet
  facet normal 0.309009 0 0.951059
    outer loop
      vertex -30.8082 23.0099 3.8521
      vertex -31.1964 36.9901 3.97823
      vertex -31.1964 23.0099 3.97823
    endloop
  endfacet
  facet normal 1 -0 0
    outer loop
      vertex -33.2436 23.0099 7.20407
      vertex -33.2436 36.9901 6.79593
      vertex -33.2436 36.9901 7.20407
    endloop
  endfacet
  facet normal 1 0 0
    outer loop
      vertex -33.2436 36.9901 6.79593
      vertex -33.2436 23.0099 7.20407
      vertex -33.2436 23.0099 6.79593
    endloop
  endfacet
  facet normal 0.876333 -0 0.481706
    outer loop
      vertex -32.9407 23.0099 5.61622
      vertex -32.7441 36.9901 5.25856
      vertex -32.9407 36.9901 5.61622
    endloop
  endfacet
  facet normal 0.876333 0 0.481706
    outer loop
      vertex -32.7441 36.9901 5.25856
      vertex -32.9407 23.0099 5.61622
      vertex -32.7441 23.0099 5.25856
    endloop
  endfacet
  facet normal -0.309009 0 0.951059
    outer loop
      vertex -29.1918 36.9901 3.8521
      vertex -28.8036 23.0099 3.97823
      vertex -28.8036 36.9901 3.97823
    endloop
  endfacet
  facet normal -0.309009 0 0.951059
    outer loop
      vertex -28.8036 23.0099 3.97823
      vertex -29.1918 36.9901 3.8521
      vertex -29.1918 23.0099 3.8521
    endloop
  endfacet
  facet normal -0.637399 0 0.770534
    outer loop
      vertex -28.0897 36.9901 4.37069
      vertex -27.7752 23.0099 4.63085
      vertex -27.7752 36.9901 4.63085
    endloop
  endfacet
  facet normal -0.637399 0 0.770534
    outer loop
      vertex -27.7752 23.0099 4.63085
      vertex -28.0897 36.9901 4.37069
      vertex -28.0897 23.0099 4.37069
    endloop
  endfacet
  facet normal -0.728956 0 0.68456
    outer loop
      vertex -27.7752 23.0099 4.63085
      vertex -27.4958 36.9901 4.92837
      vertex -27.7752 36.9901 4.63085
    endloop
  endfacet
  facet normal -0.728956 0 0.68456
    outer loop
      vertex -27.4958 36.9901 4.92837
      vertex -27.7752 23.0099 4.63085
      vertex -27.4958 23.0099 4.92837
    endloop
  endfacet
  facet normal -1 0 0
    outer loop
      vertex -26.7564 23.0099 6.79593
      vertex -26.7564 36.9901 7.20407
      vertex -26.7564 36.9901 6.79593
    endloop
  endfacet
  facet normal -1 -0 0
    outer loop
      vertex -26.7564 36.9901 7.20407
      vertex -26.7564 23.0099 6.79593
      vertex -26.7564 23.0099 7.20407
    endloop
  endfacet
  facet normal -0.876333 0 0.481706
    outer loop
      vertex -27.2559 23.0099 5.25856
      vertex -27.0593 36.9901 5.61622
      vertex -27.2559 36.9901 5.25856
    endloop
  endfacet
  facet normal -0.876333 0 0.481706
    outer loop
      vertex -27.0593 36.9901 5.61622
      vertex -27.2559 23.0099 5.25856
      vertex -27.0593 23.0099 5.61622
    endloop
  endfacet
  facet normal -0.187439 0 -0.982276
    outer loop
      vertex -29.5927 23.0099 10.2244
      vertex -29.1918 36.9901 10.1479
      vertex -29.1918 23.0099 10.1479
    endloop
  endfacet
  facet normal -0.187439 0 -0.982276
    outer loop
      vertex -29.1918 36.9901 10.1479
      vertex -29.5927 23.0099 10.2244
      vertex -29.5927 36.9901 10.2244
    endloop
  endfacet
  facet normal -0.809014 0 -0.58779
    outer loop
      vertex -27.2559 23.0099 8.74144
      vertex -27.4958 36.9901 9.07163
      vertex -27.2559 36.9901 8.74144
    endloop
  endfacet
  facet normal -0.809014 -0 -0.58779
    outer loop
      vertex -27.4958 36.9901 9.07163
      vertex -27.2559 23.0099 8.74144
      vertex -27.4958 23.0099 9.07163
    endloop
  endfacet
  facet normal -0.968582 0 -0.248694
    outer loop
      vertex -26.8076 23.0099 7.60899
      vertex -26.9091 36.9901 8.0043
      vertex -26.8076 36.9901 7.60899
    endloop
  endfacet
  facet normal -0.968582 -0 -0.248694
    outer loop
      vertex -26.9091 36.9901 8.0043
      vertex -26.8076 23.0099 7.60899
      vertex -26.9091 23.0099 8.0043
    endloop
  endfacet
  facet normal 0.42576 0 0.904836
    outer loop
      vertex -31.5657 36.9901 4.152
      vertex -31.1964 23.0099 3.97823
      vertex -31.1964 36.9901 3.97823
    endloop
  endfacet
  facet normal 0.42576 0 0.904836
    outer loop
      vertex -31.1964 23.0099 3.97823
      vertex -31.5657 36.9901 4.152
      vertex -31.5657 23.0099 4.152
    endloop
  endfacet
  facet normal 0.187368 0 0.98229
    outer loop
      vertex -30.8082 36.9901 3.8521
      vertex -30.4073 23.0099 3.77563
      vertex -30.4073 36.9901 3.77563
    endloop
  endfacet
  facet normal 0.187368 0 0.98229
    outer loop
      vertex -30.4073 23.0099 3.77563
      vertex -30.8082 36.9901 3.8521
      vertex -30.8082 23.0099 3.8521
    endloop
  endfacet
  facet normal 0.187439 0 -0.982276
    outer loop
      vertex -30.8082 23.0099 10.1479
      vertex -30.4073 36.9901 10.2244
      vertex -30.4073 23.0099 10.2244
    endloop
  endfacet
  facet normal 0.187439 0 -0.982276
    outer loop
      vertex -30.4073 36.9901 10.2244
      vertex -30.8082 23.0099 10.1479
      vertex -30.8082 36.9901 10.1479
    endloop
  endfacet
  facet normal 0.0627292 0 -0.998031
    outer loop
      vertex -30.4073 23.0099 10.2244
      vertex -30 36.9901 10.25
      vertex -30 23.0099 10.25
    endloop
  endfacet
  facet normal 0.0627292 0 -0.998031
    outer loop
      vertex -30 36.9901 10.25
      vertex -30.4073 23.0099 10.2244
      vertex -30.4073 36.9901 10.2244
    endloop
  endfacet
  facet normal 0.809014 -0 0.58779
    outer loop
      vertex -32.7441 23.0099 5.25856
      vertex -32.5042 36.9901 4.92837
      vertex -32.7441 36.9901 5.25856
    endloop
  endfacet
  facet normal 0.809014 0 0.58779
    outer loop
      vertex -32.5042 36.9901 4.92837
      vertex -32.7441 23.0099 5.25856
      vertex -32.5042 23.0099 4.92837
    endloop
  endfacet
  facet normal 0.929812 -0 0.368034
    outer loop
      vertex -33.0909 23.0099 5.99569
      vertex -32.9407 36.9901 5.61622
      vertex -33.0909 36.9901 5.99569
    endloop
  endfacet
  facet normal 0.929812 0 0.368034
    outer loop
      vertex -32.9407 36.9901 5.61622
      vertex -33.0909 23.0099 5.99569
      vertex -32.9407 23.0099 5.61622
    endloop
  endfacet
  facet normal 0.9921 0 -0.125446
    outer loop
      vertex -33.1924 23.0099 7.60899
      vertex -33.2436 36.9901 7.20407
      vertex -33.1924 36.9901 7.60899
    endloop
  endfacet
  facet normal 0.9921 0 -0.125446
    outer loop
      vertex -33.2436 36.9901 7.20407
      vertex -33.1924 23.0099 7.60899
      vertex -33.2436 23.0099 7.20407
    endloop
  endfacet
  facet normal 0.929816 0 -0.368026
    outer loop
      vertex -32.9407 23.0099 8.38378
      vertex -33.0909 36.9901 8.0043
      vertex -32.9407 36.9901 8.38378
    endloop
  endfacet
  facet normal 0.929816 0 -0.368026
    outer loop
      vertex -33.0909 36.9901 8.0043
      vertex -32.9407 23.0099 8.38378
      vertex -33.0909 23.0099 8.0043
    endloop
  endfacet
  facet normal 0.637385 0 -0.770546
    outer loop
      vertex -32.2248 23.0099 9.36915
      vertex -31.9103 36.9901 9.6293
      vertex -31.9103 23.0099 9.6293
    endloop
  endfacet
  facet normal 0.637385 0 -0.770546
    outer loop
      vertex -31.9103 36.9901 9.6293
      vertex -32.2248 23.0099 9.36915
      vertex -32.2248 36.9901 9.36915
    endloop
  endfacet
  facet normal 0.535845 0 -0.844317
    outer loop
      vertex -31.9103 23.0099 9.6293
      vertex -31.5657 36.9901 9.848
      vertex -31.5657 23.0099 9.848
    endloop
  endfacet
  facet normal 0.535845 0 -0.844317
    outer loop
      vertex -31.5657 36.9901 9.848
      vertex -31.9103 23.0099 9.6293
      vertex -31.9103 36.9901 9.6293
    endloop
  endfacet
  facet normal 0.728956 -0 0.68456
    outer loop
      vertex -32.5042 23.0099 4.92837
      vertex -32.2248 36.9901 4.63085
      vertex -32.5042 36.9901 4.92837
    endloop
  endfacet
  facet normal 0.728956 0 0.68456
    outer loop
      vertex -32.2248 36.9901 4.63085
      vertex -32.5042 23.0099 4.92837
      vertex -32.2248 23.0099 4.63085
    endloop
  endfacet
  facet normal 0.637399 0 0.770534
    outer loop
      vertex -32.2248 36.9901 4.63085
      vertex -31.9103 23.0099 4.37069
      vertex -31.9103 36.9901 4.37069
    endloop
  endfacet
  facet normal 0.637399 0 0.770534
    outer loop
      vertex -31.9103 23.0099 4.37069
      vertex -32.2248 36.9901 4.63085
      vertex -32.2248 23.0099 4.63085
    endloop
  endfacet
  facet normal 0.968584 -0 0.248688
    outer loop
      vertex -33.1924 23.0099 6.39101
      vertex -33.0909 36.9901 5.99569
      vertex -33.1924 36.9901 6.39101
    endloop
  endfacet
  facet normal 0.968584 0 0.248688
    outer loop
      vertex -33.0909 36.9901 5.99569
      vertex -33.1924 23.0099 6.39101
      vertex -33.0909 23.0099 5.99569
    endloop
  endfacet
  facet normal 0.968582 0 -0.248694
    outer loop
      vertex -33.0909 23.0099 8.0043
      vertex -33.1924 36.9901 7.60899
      vertex -33.0909 36.9901 8.0043
    endloop
  endfacet
  facet normal 0.968582 0 -0.248694
    outer loop
      vertex -33.1924 36.9901 7.60899
      vertex -33.0909 23.0099 8.0043
      vertex -33.1924 23.0099 7.60899
    endloop
  endfacet
  facet normal 0.728956 0 -0.68456
    outer loop
      vertex -32.2248 23.0099 9.36915
      vertex -32.5042 36.9901 9.07163
      vertex -32.2248 36.9901 9.36915
    endloop
  endfacet
  facet normal 0.728956 0 -0.68456
    outer loop
      vertex -32.5042 36.9901 9.07163
      vertex -32.2248 23.0099 9.36915
      vertex -32.5042 23.0099 9.07163
    endloop
  endfacet
  facet normal 0.809014 0 -0.58779
    outer loop
      vertex -32.5042 23.0099 9.07163
      vertex -32.7441 36.9901 8.74144
      vertex -32.5042 36.9901 9.07163
    endloop
  endfacet
  facet normal 0.809014 0 -0.58779
    outer loop
      vertex -32.7441 36.9901 8.74144
      vertex -32.5042 23.0099 9.07163
      vertex -32.7441 23.0099 8.74144
    endloop
  endfacet
  facet normal 0.425821 0 -0.904808
    outer loop
      vertex -31.5657 23.0099 9.848
      vertex -31.1964 36.9901 10.0218
      vertex -31.1964 23.0099 10.0218
    endloop
  endfacet
  facet normal 0.425821 0 -0.904808
    outer loop
      vertex -31.1964 36.9901 10.0218
      vertex -31.5657 23.0099 9.848
      vertex -31.5657 36.9901 9.848
    endloop
  endfacet
  facet normal 0.876333 0 -0.481706
    outer loop
      vertex -32.7441 23.0099 8.74144
      vertex -32.9407 36.9901 8.38378
      vertex -32.7441 36.9901 8.74144
    endloop
  endfacet
  facet normal 0.876333 0 -0.481706
    outer loop
      vertex -32.9407 36.9901 8.38378
      vertex -32.7441 23.0099 8.74144
      vertex -32.9407 23.0099 8.38378
    endloop
  endfacet
  facet normal -0.0628024 0 0.998026
    outer loop
      vertex -45 36.9901 3.75
      vertex -44.5927 23.0099 3.77563
      vertex -44.5927 36.9901 3.77563
    endloop
  endfacet
  facet normal -0.0628024 0 0.998026
    outer loop
      vertex -44.5927 23.0099 3.77563
      vertex -45 36.9901 3.75
      vertex -45 23.0099 3.75
    endloop
  endfacet
  facet normal -0.187368 0 0.98229
    outer loop
      vertex -44.5927 36.9901 3.77563
      vertex -44.1918 23.0099 3.8521
      vertex -44.1918 36.9901 3.8521
    endloop
  endfacet
  facet normal -0.187368 0 0.98229
    outer loop
      vertex -44.1918 23.0099 3.8521
      vertex -44.5927 36.9901 3.77563
      vertex -44.5927 23.0099 3.77563
    endloop
  endfacet
  facet normal -0.0627292 0 -0.998031
    outer loop
      vertex -45 23.0099 10.25
      vertex -44.5927 36.9901 10.2244
      vertex -44.5927 23.0099 10.2244
    endloop
  endfacet
  facet normal -0.0627292 0 -0.998031
    outer loop
      vertex -44.5927 36.9901 10.2244
      vertex -45 23.0099 10.25
      vertex -45 36.9901 10.25
    endloop
  endfacet
  facet normal -0.728956 0 -0.68456
    outer loop
      vertex -42.4958 23.0099 9.07163
      vertex -42.7752 36.9901 9.36915
      vertex -42.4958 36.9901 9.07163
    endloop
  endfacet
  facet normal -0.728956 -0 -0.68456
    outer loop
      vertex -42.7752 36.9901 9.36915
      vertex -42.4958 23.0099 9.07163
      vertex -42.7752 23.0099 9.36915
    endloop
  endfacet
  facet normal -0.929816 0 -0.368026
    outer loop
      vertex -41.9091 23.0099 8.0043
      vertex -42.0593 36.9901 8.38378
      vertex -41.9091 36.9901 8.0043
    endloop
  endfacet
  facet normal -0.929816 -0 -0.368026
    outer loop
      vertex -42.0593 36.9901 8.38378
      vertex -41.9091 23.0099 8.0043
      vertex -42.0593 23.0099 8.38378
    endloop
  endfacet
  facet normal 0.535827 0 0.844328
    outer loop
      vertex -46.9103 36.9901 4.37069
      vertex -46.5657 23.0099 4.152
      vertex -46.5657 36.9901 4.152
    endloop
  endfacet
  facet normal 0.535827 0 0.844328
    outer loop
      vertex -46.5657 23.0099 4.152
      vertex -46.9103 36.9901 4.37069
      vertex -46.9103 23.0099 4.37069
    endloop
  endfacet
  facet normal -0.929812 0 0.368034
    outer loop
      vertex -42.0593 23.0099 5.61622
      vertex -41.9091 36.9901 5.99569
      vertex -42.0593 36.9901 5.61622
    endloop
  endfacet
  facet normal -0.929812 0 0.368034
    outer loop
      vertex -41.9091 36.9901 5.99569
      vertex -42.0593 23.0099 5.61622
      vertex -41.9091 23.0099 5.99569
    endloop
  endfacet
  facet normal -0.637385 0 -0.770546
    outer loop
      vertex -43.0897 23.0099 9.6293
      vertex -42.7752 36.9901 9.36915
      vertex -42.7752 23.0099 9.36915
    endloop
  endfacet
  facet normal -0.637385 0 -0.770546
    outer loop
      vertex -42.7752 36.9901 9.36915
      vertex -43.0897 23.0099 9.6293
      vertex -43.0897 36.9901 9.6293
    endloop
  endfacet
  facet normal 0.0628024 0 0.998026
    outer loop
      vertex -45.4073 36.9901 3.77563
      vertex -45 23.0099 3.75
      vertex -45 36.9901 3.75
    endloop
  endfacet
  facet normal 0.0628024 0 0.998026
    outer loop
      vertex -45 23.0099 3.75
      vertex -45.4073 36.9901 3.77563
      vertex -45.4073 23.0099 3.77563
    endloop
  endfacet
  facet normal 0.308942 0 -0.951081
    outer loop
      vertex -46.1964 23.0099 10.0218
      vertex -45.8082 36.9901 10.1479
      vertex -45.8082 23.0099 10.1479
    endloop
  endfacet
  facet normal 0.308942 0 -0.951081
    outer loop
      vertex -45.8082 36.9901 10.1479
      vertex -46.1964 23.0099 10.0218
      vertex -46.1964 36.9901 10.0218
    endloop
  endfacet
  facet normal 0.9921 -0 0.125446
    outer loop
      vertex -48.2436 23.0099 6.79593
      vertex -48.1924 36.9901 6.39101
      vertex -48.2436 36.9901 6.79593
    endloop
  endfacet
  facet normal 0.9921 0 0.125446
    outer loop
      vertex -48.1924 36.9901 6.39101
      vertex -48.2436 23.0099 6.79593
      vertex -48.1924 23.0099 6.39101
    endloop
  endfacet
  facet normal -0.42576 0 0.904836
    outer loop
      vertex -43.8036 36.9901 3.97823
      vertex -43.4343 23.0099 4.152
      vertex -43.4343 36.9901 4.152
    endloop
  endfacet
  facet normal -0.42576 0 0.904836
    outer loop
      vertex -43.4343 23.0099 4.152
      vertex -43.8036 36.9901 3.97823
      vertex -43.8036 23.0099 3.97823
    endloop
  endfacet
  facet normal -0.535827 0 0.844328
    outer loop
      vertex -43.4343 36.9901 4.152
      vertex -43.0897 23.0099 4.37069
      vertex -43.0897 36.9901 4.37069
    endloop
  endfacet
  facet normal -0.535827 0 0.844328
    outer loop
      vertex -43.0897 23.0099 4.37069
      vertex -43.4343 36.9901 4.152
      vertex -43.4343 23.0099 4.152
    endloop
  endfacet
  facet normal -0.968584 0 0.248688
    outer loop
      vertex -41.9091 23.0099 5.99569
      vertex -41.8076 36.9901 6.39101
      vertex -41.9091 36.9901 5.99569
    endloop
  endfacet
  facet normal -0.968584 0 0.248688
    outer loop
      vertex -41.8076 36.9901 6.39101
      vertex -41.9091 23.0099 5.99569
      vertex -41.8076 23.0099 6.39101
    endloop
  endfacet
  facet normal -0.9921 0 0.125446
    outer loop
      vertex -41.8076 23.0099 6.39101
      vertex -41.7564 36.9901 6.79593
      vertex -41.8076 36.9901 6.39101
    endloop
  endfacet
  facet normal -0.9921 0 0.125446
    outer loop
      vertex -41.7564 36.9901 6.79593
      vertex -41.8076 23.0099 6.39101
      vertex -41.7564 23.0099 6.79593
    endloop
  endfacet
  facet normal -0.809014 0 0.58779
    outer loop
      vertex -42.4958 23.0099 4.92837
      vertex -42.2559 36.9901 5.25856
      vertex -42.4958 36.9901 4.92837
    endloop
  endfacet
  facet normal -0.809014 0 0.58779
    outer loop
      vertex -42.2559 36.9901 5.25856
      vertex -42.4958 23.0099 4.92837
      vertex -42.2559 23.0099 5.25856
    endloop
  endfacet
  facet normal -0.876333 0 0.481706
    outer loop
      vertex -42.2559 23.0099 5.25856
      vertex -42.0593 36.9901 5.61622
      vertex -42.2559 36.9901 5.25856
    endloop
  endfacet
  facet normal -0.876333 0 0.481706
    outer loop
      vertex -42.0593 36.9901 5.61622
      vertex -42.2559 23.0099 5.25856
      vertex -42.0593 23.0099 5.61622
    endloop
  endfacet
  facet normal -0.425821 0 -0.904808
    outer loop
      vertex -43.8036 23.0099 10.0218
      vertex -43.4343 36.9901 9.848
      vertex -43.4343 23.0099 9.848
    endloop
  endfacet
  facet normal -0.425821 0 -0.904808
    outer loop
      vertex -43.4343 36.9901 9.848
      vertex -43.8036 23.0099 10.0218
      vertex -43.8036 36.9901 10.0218
    endloop
  endfacet
  facet normal -0.535845 0 -0.844317
    outer loop
      vertex -43.4343 23.0099 9.848
      vertex -43.0897 36.9901 9.6293
      vertex -43.0897 23.0099 9.6293
    endloop
  endfacet
  facet normal -0.535845 0 -0.844317
    outer loop
      vertex -43.0897 36.9901 9.6293
      vertex -43.4343 23.0099 9.848
      vertex -43.4343 36.9901 9.848
    endloop
  endfacet
  facet normal -0.308942 0 -0.951081
    outer loop
      vertex -44.1918 23.0099 10.1479
      vertex -43.8036 36.9901 10.0218
      vertex -43.8036 23.0099 10.0218
    endloop
  endfacet
  facet normal -0.308942 0 -0.951081
    outer loop
      vertex -43.8036 36.9901 10.0218
      vertex -44.1918 23.0099 10.1479
      vertex -44.1918 36.9901 10.1479
    endloop
  endfacet
  facet normal -0.876333 0 -0.481706
    outer loop
      vertex -42.0593 23.0099 8.38378
      vertex -42.2559 36.9901 8.74144
      vertex -42.0593 36.9901 8.38378
    endloop
  endfacet
  facet normal -0.876333 -0 -0.481706
    outer loop
      vertex -42.2559 36.9901 8.74144
      vertex -42.0593 23.0099 8.38378
      vertex -42.2559 23.0099 8.74144
    endloop
  endfacet
  facet normal -0.9921 0 -0.125446
    outer loop
      vertex -41.7564 23.0099 7.20407
      vertex -41.8076 36.9901 7.60899
      vertex -41.7564 36.9901 7.20407
    endloop
  endfacet
  facet normal -0.9921 -0 -0.125446
    outer loop
      vertex -41.8076 36.9901 7.60899
      vertex -41.7564 23.0099 7.20407
      vertex -41.8076 23.0099 7.60899
    endloop
  endfacet
  facet normal 0.309009 0 0.951059
    outer loop
      vertex -46.1964 36.9901 3.97823
      vertex -45.8082 23.0099 3.8521
      vertex -45.8082 36.9901 3.8521
    endloop
  endfacet
  facet normal 0.309009 0 0.951059
    outer loop
      vertex -45.8082 23.0099 3.8521
      vertex -46.1964 36.9901 3.97823
      vertex -46.1964 23.0099 3.97823
    endloop
  endfacet
  facet normal 0.187368 0 0.98229
    outer loop
      vertex -45.8082 36.9901 3.8521
      vertex -45.4073 23.0099 3.77563
      vertex -45.4073 36.9901 3.77563
    endloop
  endfacet
  facet normal 0.187368 0 0.98229
    outer loop
      vertex -45.4073 23.0099 3.77563
      vertex -45.8082 36.9901 3.8521
      vertex -45.8082 23.0099 3.8521
    endloop
  endfacet
  facet normal 1 -0 0
    outer loop
      vertex -48.2436 23.0099 7.20407
      vertex -48.2436 36.9901 6.79593
      vertex -48.2436 36.9901 7.20407
    endloop
  endfacet
  facet normal 1 0 0
    outer loop
      vertex -48.2436 36.9901 6.79593
      vertex -48.2436 23.0099 7.20407
      vertex -48.2436 23.0099 6.79593
    endloop
  endfacet
  facet normal 0.876333 -0 0.481706
    outer loop
      vertex -47.9407 23.0099 5.61622
      vertex -47.7441 36.9901 5.25856
      vertex -47.9407 36.9901 5.61622
    endloop
  endfacet
  facet normal 0.876333 0 0.481706
    outer loop
      vertex -47.7441 36.9901 5.25856
      vertex -47.9407 23.0099 5.61622
      vertex -47.7441 23.0099 5.25856
    endloop
  endfacet
  facet normal -0.309009 0 0.951059
    outer loop
      vertex -44.1918 36.9901 3.8521
      vertex -43.8036 23.0099 3.97823
      vertex -43.8036 36.9901 3.97823
    endloop
  endfacet
  facet normal -0.309009 0 0.951059
    outer loop
      vertex -43.8036 23.0099 3.97823
      vertex -44.1918 36.9901 3.8521
      vertex -44.1918 23.0099 3.8521
    endloop
  endfacet
  facet normal -0.637399 0 0.770534
    outer loop
      vertex -43.0897 36.9901 4.37069
      vertex -42.7752 23.0099 4.63085
      vertex -42.7752 36.9901 4.63085
    endloop
  endfacet
  facet normal -0.637399 0 0.770534
    outer loop
      vertex -42.7752 23.0099 4.63085
      vertex -43.0897 36.9901 4.37069
      vertex -43.0897 23.0099 4.37069
    endloop
  endfacet
  facet normal -0.728956 0 0.68456
    outer loop
      vertex -42.7752 23.0099 4.63085
      vertex -42.4958 36.9901 4.92837
      vertex -42.7752 36.9901 4.63085
    endloop
  endfacet
  facet normal -0.728956 0 0.68456
    outer loop
      vertex -42.4958 36.9901 4.92837
      vertex -42.7752 23.0099 4.63085
      vertex -42.4958 23.0099 4.92837
    endloop
  endfacet
  facet normal -1 0 0
    outer loop
      vertex -41.7564 23.0099 6.79593
      vertex -41.7564 36.9901 7.20407
      vertex -41.7564 36.9901 6.79593
    endloop
  endfacet
  facet normal -1 -0 0
    outer loop
      vertex -41.7564 36.9901 7.20407
      vertex -41.7564 23.0099 6.79593
      vertex -41.7564 23.0099 7.20407
    endloop
  endfacet
  facet normal -0.187439 0 -0.982276
    outer loop
      vertex -44.5927 23.0099 10.2244
      vertex -44.1918 36.9901 10.1479
      vertex -44.1918 23.0099 10.1479
    endloop
  endfacet
  facet normal -0.187439 0 -0.982276
    outer loop
      vertex -44.1918 36.9901 10.1479
      vertex -44.5927 23.0099 10.2244
      vertex -44.5927 36.9901 10.2244
    endloop
  endfacet
  facet normal -0.809014 0 -0.58779
    outer loop
      vertex -42.2559 23.0099 8.74144
      vertex -42.4958 36.9901 9.07163
      vertex -42.2559 36.9901 8.74144
    endloop
  endfacet
  facet normal -0.809014 -0 -0.58779
    outer loop
      vertex -42.4958 36.9901 9.07163
      vertex -42.2559 23.0099 8.74144
      vertex -42.4958 23.0099 9.07163
    endloop
  endfacet
  facet normal -0.968582 0 -0.248694
    outer loop
      vertex -41.8076 23.0099 7.60899
      vertex -41.9091 36.9901 8.0043
      vertex -41.8076 36.9901 7.60899
    endloop
  endfacet
  facet normal -0.968582 -0 -0.248694
    outer loop
      vertex -41.9091 36.9901 8.0043
      vertex -41.8076 23.0099 7.60899
      vertex -41.9091 23.0099 8.0043
    endloop
  endfacet
  facet normal 0.42576 0 0.904836
    outer loop
      vertex -46.5657 36.9901 4.152
      vertex -46.1964 23.0099 3.97823
      vertex -46.1964 36.9901 3.97823
    endloop
  endfacet
  facet normal 0.42576 0 0.904836
    outer loop
      vertex -46.1964 23.0099 3.97823
      vertex -46.5657 36.9901 4.152
      vertex -46.5657 23.0099 4.152
    endloop
  endfacet
  facet normal 0.187439 0 -0.982276
    outer loop
      vertex -45.8082 23.0099 10.1479
      vertex -45.4073 36.9901 10.2244
      vertex -45.4073 23.0099 10.2244
    endloop
  endfacet
  facet normal 0.187439 0 -0.982276
    outer loop
      vertex -45.4073 36.9901 10.2244
      vertex -45.8082 23.0099 10.1479
      vertex -45.8082 36.9901 10.1479
    endloop
  endfacet
  facet normal 0.0627292 0 -0.998031
    outer loop
      vertex -45.4073 23.0099 10.2244
      vertex -45 36.9901 10.25
      vertex -45 23.0099 10.25
    endloop
  endfacet
  facet normal 0.0627292 0 -0.998031
    outer loop
      vertex -45 36.9901 10.25
      vertex -45.4073 23.0099 10.2244
      vertex -45.4073 36.9901 10.2244
    endloop
  endfacet
  facet normal 0.809014 -0 0.58779
    outer loop
      vertex -47.7441 23.0099 5.25856
      vertex -47.5042 36.9901 4.92837
      vertex -47.7441 36.9901 5.25856
    endloop
  endfacet
  facet normal 0.809014 0 0.58779
    outer loop
      vertex -47.5042 36.9901 4.92837
      vertex -47.7441 23.0099 5.25856
      vertex -47.5042 23.0099 4.92837
    endloop
  endfacet
  facet normal 0.929812 -0 0.368034
    outer loop
      vertex -48.0909 23.0099 5.99569
      vertex -47.9407 36.9901 5.61622
      vertex -48.0909 36.9901 5.99569
    endloop
  endfacet
  facet normal 0.929812 0 0.368034
    outer loop
      vertex -47.9407 36.9901 5.61622
      vertex -48.0909 23.0099 5.99569
      vertex -47.9407 23.0099 5.61622
    endloop
  endfacet
  facet normal 0.9921 0 -0.125446
    outer loop
      vertex -48.1924 23.0099 7.60899
      vertex -48.2436 36.9901 7.20407
      vertex -48.1924 36.9901 7.60899
    endloop
  endfacet
  facet normal 0.9921 0 -0.125446
    outer loop
      vertex -48.2436 36.9901 7.20407
      vertex -48.1924 23.0099 7.60899
      vertex -48.2436 23.0099 7.20407
    endloop
  endfacet
  facet normal 0.929816 0 -0.368026
    outer loop
      vertex -47.9407 23.0099 8.38378
      vertex -48.0909 36.9901 8.0043
      vertex -47.9407 36.9901 8.38378
    endloop
  endfacet
  facet normal 0.929816 0 -0.368026
    outer loop
      vertex -48.0909 36.9901 8.0043
      vertex -47.9407 23.0099 8.38378
      vertex -48.0909 23.0099 8.0043
    endloop
  endfacet
  facet normal 0.637385 0 -0.770546
    outer loop
      vertex -47.2248 23.0099 9.36915
      vertex -46.9103 36.9901 9.6293
      vertex -46.9103 23.0099 9.6293
    endloop
  endfacet
  facet normal 0.637385 0 -0.770546
    outer loop
      vertex -46.9103 36.9901 9.6293
      vertex -47.2248 23.0099 9.36915
      vertex -47.2248 36.9901 9.36915
    endloop
  endfacet
  facet normal 0.728956 -0 0.68456
    outer loop
      vertex -47.5042 23.0099 4.92837
      vertex -47.2248 36.9901 4.63085
      vertex -47.5042 36.9901 4.92837
    endloop
  endfacet
  facet normal 0.728956 0 0.68456
    outer loop
      vertex -47.2248 36.9901 4.63085
      vertex -47.5042 23.0099 4.92837
      vertex -47.2248 23.0099 4.63085
    endloop
  endfacet
  facet normal 0.637399 0 0.770534
    outer loop
      vertex -47.2248 36.9901 4.63085
      vertex -46.9103 23.0099 4.37069
      vertex -46.9103 36.9901 4.37069
    endloop
  endfacet
  facet normal 0.637399 0 0.770534
    outer loop
      vertex -46.9103 23.0099 4.37069
      vertex -47.2248 36.9901 4.63085
      vertex -47.2248 23.0099 4.63085
    endloop
  endfacet
  facet normal 0.968584 -0 0.248688
    outer loop
      vertex -48.1924 23.0099 6.39101
      vertex -48.0909 36.9901 5.99569
      vertex -48.1924 36.9901 6.39101
    endloop
  endfacet
  facet normal 0.968584 0 0.248688
    outer loop
      vertex -48.0909 36.9901 5.99569
      vertex -48.1924 23.0099 6.39101
      vertex -48.0909 23.0099 5.99569
    endloop
  endfacet
  facet normal 0.968582 0 -0.248694
    outer loop
      vertex -48.0909 23.0099 8.0043
      vertex -48.1924 36.9901 7.60899
      vertex -48.0909 36.9901 8.0043
    endloop
  endfacet
  facet normal 0.968582 0 -0.248694
    outer loop
      vertex -48.1924 36.9901 7.60899
      vertex -48.0909 23.0099 8.0043
      vertex -48.1924 23.0099 7.60899
    endloop
  endfacet
  facet normal 0.809014 0 -0.58779
    outer loop
      vertex -47.5042 23.0099 9.07163
      vertex -47.7441 36.9901 8.74144
      vertex -47.5042 36.9901 9.07163
    endloop
  endfacet
  facet normal 0.809014 0 -0.58779
    outer loop
      vertex -47.7441 36.9901 8.74144
      vertex -47.5042 23.0099 9.07163
      vertex -47.7441 23.0099 8.74144
    endloop
  endfacet
  facet normal 0.728956 0 -0.68456
    outer loop
      vertex -47.2248 23.0099 9.36915
      vertex -47.5042 36.9901 9.07163
      vertex -47.2248 36.9901 9.36915
    endloop
  endfacet
  facet normal 0.728956 0 -0.68456
    outer loop
      vertex -47.5042 36.9901 9.07163
      vertex -47.2248 23.0099 9.36915
      vertex -47.5042 23.0099 9.07163
    endloop
  endfacet
  facet normal 0.425821 0 -0.904808
    outer loop
      vertex -46.5657 23.0099 9.848
      vertex -46.1964 36.9901 10.0218
      vertex -46.1964 23.0099 10.0218
    endloop
  endfacet
  facet normal 0.425821 0 -0.904808
    outer loop
      vertex -46.1964 36.9901 10.0218
      vertex -46.5657 23.0099 9.848
      vertex -46.5657 36.9901 9.848
    endloop
  endfacet
  facet normal 0.535845 0 -0.844317
    outer loop
      vertex -46.9103 23.0099 9.6293
      vertex -46.5657 36.9901 9.848
      vertex -46.5657 23.0099 9.848
    endloop
  endfacet
  facet normal 0.535845 0 -0.844317
    outer loop
      vertex -46.5657 36.9901 9.848
      vertex -46.9103 23.0099 9.6293
      vertex -46.9103 36.9901 9.6293
    endloop
  endfacet
  facet normal 0.876333 0 -0.481706
    outer loop
      vertex -47.7441 23.0099 8.74144
      vertex -47.9407 36.9901 8.38378
      vertex -47.7441 36.9901 8.74144
    endloop
  endfacet
  facet normal 0.876333 0 -0.481706
    outer loop
      vertex -47.9407 36.9901 8.38378
      vertex -47.7441 23.0099 8.74144
      vertex -47.9407 23.0099 8.38378
    endloop
  endfacet
  facet normal -0.0628024 0 0.998026
    outer loop
      vertex 75 36.9901 3.75
      vertex 75.4073 22.6343 3.77563
      vertex 75.4073 36.9901 3.77563
    endloop
  endfacet
  facet normal -0.0628024 0 0.998026
    outer loop
      vertex 75.4073 22.6343 3.77563
      vertex 75 36.9901 3.75
      vertex 75 22.4714 3.75
    endloop
  endfacet
  facet normal -0.187368 0 0.98229
    outer loop
      vertex 75.4073 36.9901 3.77563
      vertex 75.8082 22.7947 3.8521
      vertex 75.8082 36.9901 3.8521
    endloop
  endfacet
  facet normal -0.187368 0 0.98229
    outer loop
      vertex 75.8082 22.7947 3.8521
      vertex 75.4073 36.9901 3.77563
      vertex 75.4073 22.6343 3.77563
    endloop
  endfacet
  facet normal -0.0627292 -0 -0.998031
    outer loop
      vertex 75 36.9901 10.25
      vertex 75.4073 22.6343 10.2244
      vertex 75 22.4714 10.25
    endloop
  endfacet
  facet normal -0.0627292 0 -0.998031
    outer loop
      vertex 75.4073 22.6343 10.2244
      vertex 75 36.9901 10.25
      vertex 75.4073 36.9901 10.2244
    endloop
  endfacet
  facet normal -0.72923 -0.00729282 -0.684229
    outer loop
      vertex 77.5042 36.9661 9.07163
      vertex 77.2248 36.9901 9.36915
      vertex 77.3139 36.9901 9.27419
    endloop
  endfacet
  facet normal -0.728956 0 -0.68456
    outer loop
      vertex 77.5042 23.0339 9.07163
      vertex 77.2248 36.9901 9.36915
      vertex 77.5042 36.9661 9.07163
    endloop
  endfacet
  facet normal -0.72923 0.00729282 -0.684229
    outer loop
      vertex 77.2248 23.0099 9.36915
      vertex 77.5042 23.0339 9.07163
      vertex 77.3139 23.0099 9.27419
    endloop
  endfacet
  facet normal -0.728956 0 -0.68456
    outer loop
      vertex 77.5042 23.0339 9.07163
      vertex 77.2248 23.0099 9.36915
      vertex 77.2248 36.9901 9.36915
    endloop
  endfacet
  facet normal -0.929816 0 -0.368026
    outer loop
      vertex 78.0909 23.1281 8.0043
      vertex 77.9407 36.9105 8.38378
      vertex 78.0909 36.8719 8.0043
    endloop
  endfacet
  facet normal -0.929816 -0 -0.368026
    outer loop
      vertex 77.9407 36.9105 8.38378
      vertex 78.0909 23.1281 8.0043
      vertex 77.9407 23.0895 8.38378
    endloop
  endfacet
  facet normal 0.535827 0 0.844328
    outer loop
      vertex 73.0897 36.9901 4.37069
      vertex 73.4343 21.8451 4.152
      vertex 73.4343 36.9901 4.152
    endloop
  endfacet
  facet normal 0.535827 0 0.844328
    outer loop
      vertex 73.4343 21.8451 4.152
      vertex 73.0897 36.9901 4.37069
      vertex 73.0897 21.7073 4.37069
    endloop
  endfacet
  facet normal -0.929812 0 0.368034
    outer loop
      vertex 77.9407 36.9105 5.61622
      vertex 78.0909 23.1281 5.99569
      vertex 78.0909 36.8719 5.99569
    endloop
  endfacet
  facet normal -0.929812 0 0.368034
    outer loop
      vertex 78.0909 23.1281 5.99569
      vertex 77.9407 36.9105 5.61622
      vertex 77.9407 23.0895 5.61622
    endloop
  endfacet
  facet normal -0.637385 0 -0.770546
    outer loop
      vertex 76.9103 23.0099 9.6293
      vertex 77.2248 36.9901 9.36915
      vertex 77.2248 23.0099 9.36915
    endloop
  endfacet
  facet normal -0.637385 0 -0.770546
    outer loop
      vertex 77.2248 36.9901 9.36915
      vertex 76.9103 23.0099 9.6293
      vertex 76.9103 36.9901 9.6293
    endloop
  endfacet
  facet normal 0.0628024 0 0.998026
    outer loop
      vertex 74.5927 36.9901 3.77563
      vertex 75 22.4714 3.75
      vertex 75 36.9901 3.75
    endloop
  endfacet
  facet normal 0.0628024 0 0.998026
    outer loop
      vertex 75 22.4714 3.75
      vertex 74.5927 36.9901 3.77563
      vertex 74.5927 22.3085 3.77563
    endloop
  endfacet
  facet normal 0.308942 0 -0.951081
    outer loop
      vertex 73.8036 36.9901 10.0218
      vertex 74.1918 22.1481 10.1479
      vertex 73.8036 21.9928 10.0218
    endloop
  endfacet
  facet normal 0.308942 0 -0.951081
    outer loop
      vertex 74.1918 22.1481 10.1479
      vertex 73.8036 36.9901 10.0218
      vertex 74.1918 36.9901 10.1479
    endloop
  endfacet
  facet normal 0.9921 -0 0.125446
    outer loop
      vertex 71.7564 21.5 6.79593
      vertex 71.8076 36.9901 6.39101
      vertex 71.7564 36.9901 6.79593
    endloop
  endfacet
  facet normal 0.9921 0 0.125446
    outer loop
      vertex 71.8076 36.9901 6.39101
      vertex 71.7564 21.5 6.79593
      vertex 71.8076 21.5 6.39101
    endloop
  endfacet
  facet normal -0.425817 0 0.904809
    outer loop
      vertex 76.5657 36.9901 4.152
      vertex 76.3462 23.0099 4.0487
      vertex 76.5657 23.0099 4.152
    endloop
  endfacet
  facet normal -0.42576 -1.08222e-06 0.904836
    outer loop
      vertex 76.1964 36.9901 3.97823
      vertex 76.3462 23.0099 4.0487
      vertex 76.5657 36.9901 4.152
    endloop
  endfacet
  facet normal -0.425678 0 0.904875
    outer loop
      vertex 76.3462 23.0099 4.0487
      vertex 76.1964 36.9901 3.97823
      vertex 76.1964 22.95 3.97823
    endloop
  endfacet
  facet normal -0.535827 0 0.844328
    outer loop
      vertex 76.5657 36.9901 4.152
      vertex 76.9103 23.0099 4.37069
      vertex 76.9103 36.9901 4.37069
    endloop
  endfacet
  facet normal -0.535827 0 0.844328
    outer loop
      vertex 76.9103 23.0099 4.37069
      vertex 76.5657 36.9901 4.152
      vertex 76.5657 23.0099 4.152
    endloop
  endfacet
  facet normal -0.968584 0 0.248688
    outer loop
      vertex 78.0909 36.8719 5.99569
      vertex 78.1924 23.1542 6.39101
      vertex 78.1924 36.8458 6.39101
    endloop
  endfacet
  facet normal -0.968584 0 0.248688
    outer loop
      vertex 78.1924 23.1542 6.39101
      vertex 78.0909 36.8719 5.99569
      vertex 78.0909 23.1281 5.99569
    endloop
  endfacet
  facet normal -0.9921 0 0.125446
    outer loop
      vertex 78.1924 36.8458 6.39101
      vertex 78.2436 23.1673 6.79593
      vertex 78.2436 36.8327 6.79593
    endloop
  endfacet
  facet normal -0.9921 0 0.125446
    outer loop
      vertex 78.2436 23.1673 6.79593
      vertex 78.1924 36.8458 6.39101
      vertex 78.1924 23.1542 6.39101
    endloop
  endfacet
  facet normal -0.809014 0 0.58779
    outer loop
      vertex 77.5042 36.9661 4.92837
      vertex 77.7441 23.0642 5.25856
      vertex 77.7441 36.9358 5.25856
    endloop
  endfacet
  facet normal -0.809014 0 0.58779
    outer loop
      vertex 77.7441 23.0642 5.25856
      vertex 77.5042 36.9661 4.92837
      vertex 77.5042 23.0339 4.92837
    endloop
  endfacet
  facet normal -0.425817 0 -0.904809
    outer loop
      vertex 76.3462 23.0099 9.9513
      vertex 76.5657 36.9901 9.848
      vertex 76.5657 23.0099 9.848
    endloop
  endfacet
  facet normal -0.425826 -0 -0.904805
    outer loop
      vertex 76.1964 36.9901 10.0218
      vertex 76.3462 23.0099 9.9513
      vertex 76.1964 22.95 10.0218
    endloop
  endfacet
  facet normal -0.425821 7.18534e-08 -0.904808
    outer loop
      vertex 76.3462 23.0099 9.9513
      vertex 76.1964 36.9901 10.0218
      vertex 76.5657 36.9901 9.848
    endloop
  endfacet
  facet normal -0.535845 0 -0.844317
    outer loop
      vertex 76.5657 23.0099 9.848
      vertex 76.9103 36.9901 9.6293
      vertex 76.9103 23.0099 9.6293
    endloop
  endfacet
  facet normal -0.535845 0 -0.844317
    outer loop
      vertex 76.9103 36.9901 9.6293
      vertex 76.5657 23.0099 9.848
      vertex 76.5657 36.9901 9.848
    endloop
  endfacet
  facet normal -0.308942 -0 -0.951081
    outer loop
      vertex 75.8082 36.9901 10.1479
      vertex 76.1964 22.95 10.0218
      vertex 75.8082 22.7947 10.1479
    endloop
  endfacet
  facet normal -0.308942 0 -0.951081
    outer loop
      vertex 76.1964 22.95 10.0218
      vertex 75.8082 36.9901 10.1479
      vertex 76.1964 36.9901 10.0218
    endloop
  endfacet
  facet normal -0.87683 -0.0385537 -0.479252
    outer loop
      vertex 77.9407 36.9105 8.38378
      vertex 77.7441 36.9358 8.74144
      vertex 77.9369 36.9114 8.39066
    endloop
  endfacet
  facet normal -0.876333 0 -0.481706
    outer loop
      vertex 77.9407 23.0895 8.38378
      vertex 77.7441 36.9358 8.74144
      vertex 77.9407 36.9105 8.38378
    endloop
  endfacet
  facet normal -0.87683 0.0385537 -0.479252
    outer loop
      vertex 77.7441 23.0642 8.74144
      vertex 77.9407 23.0895 8.38378
      vertex 77.9369 23.0886 8.39066
    endloop
  endfacet
  facet normal -0.876333 0 -0.481706
    outer loop
      vertex 77.9407 23.0895 8.38378
      vertex 77.7441 23.0642 8.74144
      vertex 77.7441 36.9358 8.74144
    endloop
  endfacet
  facet normal -0.9921 0 -0.125446
    outer loop
      vertex 78.2436 23.1673 7.20407
      vertex 78.1924 36.8458 7.60899
      vertex 78.2436 36.8327 7.20407
    endloop
  endfacet
  facet normal -0.9921 -0 -0.125446
    outer loop
      vertex 78.1924 36.8458 7.60899
      vertex 78.2436 23.1673 7.20407
      vertex 78.1924 23.1542 7.60899
    endloop
  endfacet
  facet normal 0.309009 0 0.951059
    outer loop
      vertex 73.8036 36.9901 3.97823
      vertex 74.1918 22.1481 3.8521
      vertex 74.1918 36.9901 3.8521
    endloop
  endfacet
  facet normal 0.309009 0 0.951059
    outer loop
      vertex 74.1918 22.1481 3.8521
      vertex 73.8036 36.9901 3.97823
      vertex 73.8036 21.9928 3.97823
    endloop
  endfacet
  facet normal 0 1 0
    outer loop
      vertex 72.5715 21.5 9.15222
      vertex 72.2559 21.5 8.74144
      vertex 72.4958 21.5 9.07163
    endloop
  endfacet
  facet normal 0 1 0
    outer loop
      vertex 72.5715 21.5 9.15222
      vertex 72.0593 21.5 8.38378
      vertex 72.2559 21.5 8.74144
    endloop
  endfacet
  facet normal 0 1 0
    outer loop
      vertex 72.5715 21.5 9.15222
      vertex 71.9091 21.5 8.0043
      vertex 72.0593 21.5 8.38378
    endloop
  endfacet
  facet normal 0 1 0
    outer loop
      vertex 72.5715 21.5 9.15222
      vertex 71.8076 21.5 7.60899
      vertex 71.9091 21.5 8.0043
    endloop
  endfacet
  facet normal 0 1 0
    outer loop
      vertex 72.5715 21.5 9.15222
      vertex 71.7564 21.5 7.20407
      vertex 71.8076 21.5 7.60899
    endloop
  endfacet
  facet normal 0 1 0
    outer loop
      vertex 72.5715 21.5 9.15222
      vertex 71.7564 21.5 6.79593
      vertex 71.7564 21.5 7.20407
    endloop
  endfacet
  facet normal 0 1 0
    outer loop
      vertex 72.5715 21.5 9.15222
      vertex 71.8076 21.5 6.39101
      vertex 71.7564 21.5 6.79593
    endloop
  endfacet
  facet normal 0 1 0
    outer loop
      vertex 72.5715 21.5 9.15222
      vertex 71.9091 21.5 5.99569
      vertex 71.8076 21.5 6.39101
    endloop
  endfacet
  facet normal 0 1 0
    outer loop
      vertex 72.5715 21.5 9.15222
      vertex 72.0593 21.5 5.61622
      vertex 71.9091 21.5 5.99569
    endloop
  endfacet
  facet normal 0 1 0
    outer loop
      vertex 72.5715 21.5 9.15222
      vertex 72.2559 21.5 5.25856
      vertex 72.0593 21.5 5.61622
    endloop
  endfacet
  facet normal 0 1 -0
    outer loop
      vertex 72.5715 21.5 4.84778
      vertex 72.2559 21.5 5.25856
      vertex 72.5715 21.5 9.15222
    endloop
  endfacet
  facet normal 0 1 0
    outer loop
      vertex 72.2559 21.5 5.25856
      vertex 72.5715 21.5 4.84778
      vertex 72.4958 21.5 4.92837
    endloop
  endfacet
  facet normal 1 -0 0
    outer loop
      vertex 71.7564 21.5 7.20407
      vertex 71.7564 36.9901 6.79593
      vertex 71.7564 36.9901 7.20407
    endloop
  endfacet
  facet normal 1 0 0
    outer loop
      vertex 71.7564 36.9901 6.79593
      vertex 71.7564 21.5 7.20407
      vertex 71.7564 21.5 6.79593
    endloop
  endfacet
  facet normal 0.876333 -0 0.481706
    outer loop
      vertex 72.0593 21.5 5.61622
      vertex 72.2559 36.9901 5.25856
      vertex 72.0593 36.9901 5.61622
    endloop
  endfacet
  facet normal 0.876333 0 0.481706
    outer loop
      vertex 72.2559 36.9901 5.25856
      vertex 72.0593 21.5 5.61622
      vertex 72.2559 21.5 5.25856
    endloop
  endfacet
  facet normal -0.309009 0 0.951059
    outer loop
      vertex 75.8082 36.9901 3.8521
      vertex 76.1964 22.95 3.97823
      vertex 76.1964 36.9901 3.97823
    endloop
  endfacet
  facet normal -0.309009 0 0.951059
    outer loop
      vertex 76.1964 22.95 3.97823
      vertex 75.8082 36.9901 3.8521
      vertex 75.8082 22.7947 3.8521
    endloop
  endfacet
  facet normal -0.637399 0 0.770534
    outer loop
      vertex 76.9103 36.9901 4.37069
      vertex 77.2248 23.0099 4.63085
      vertex 77.2248 36.9901 4.63085
    endloop
  endfacet
  facet normal -0.637399 0 0.770534
    outer loop
      vertex 77.2248 23.0099 4.63085
      vertex 76.9103 36.9901 4.37069
      vertex 76.9103 23.0099 4.37069
    endloop
  endfacet
  facet normal -0.72923 -0.00729282 0.684229
    outer loop
      vertex 77.2248 36.9901 4.63085
      vertex 77.5042 36.9661 4.92837
      vertex 77.3139 36.9901 4.72581
    endloop
  endfacet
  facet normal -0.728956 0 0.68456
    outer loop
      vertex 77.2248 36.9901 4.63085
      vertex 77.5042 23.0339 4.92837
      vertex 77.5042 36.9661 4.92837
    endloop
  endfacet
  facet normal -0.728956 0 0.68456
    outer loop
      vertex 77.2248 23.0099 4.63085
      vertex 77.5042 23.0339 4.92837
      vertex 77.2248 36.9901 4.63085
    endloop
  endfacet
  facet normal -0.72923 0.00729282 0.684229
    outer loop
      vertex 77.5042 23.0339 4.92837
      vertex 77.2248 23.0099 4.63085
      vertex 77.3139 23.0099 4.72581
    endloop
  endfacet
  facet normal -1 0 0
    outer loop
      vertex 78.2436 23.1673 6.79593
      vertex 78.2436 36.8327 7.20407
      vertex 78.2436 36.8327 6.79593
    endloop
  endfacet
  facet normal -1 -0 0
    outer loop
      vertex 78.2436 36.8327 7.20407
      vertex 78.2436 23.1673 6.79593
      vertex 78.2436 23.1673 7.20407
    endloop
  endfacet
  facet normal -0.87683 -0.0385537 0.479252
    outer loop
      vertex 77.7441 36.9358 5.25856
      vertex 77.9407 36.9105 5.61622
      vertex 77.9369 36.9114 5.60934
    endloop
  endfacet
  facet normal -0.876333 0 0.481706
    outer loop
      vertex 77.7441 36.9358 5.25856
      vertex 77.9407 23.0895 5.61622
      vertex 77.9407 36.9105 5.61622
    endloop
  endfacet
  facet normal -0.876333 0 0.481706
    outer loop
      vertex 77.7441 23.0642 5.25856
      vertex 77.9407 23.0895 5.61622
      vertex 77.7441 36.9358 5.25856
    endloop
  endfacet
  facet normal -0.87683 0.0385537 0.479252
    outer loop
      vertex 77.9407 23.0895 5.61622
      vertex 77.7441 23.0642 5.25856
      vertex 77.9369 23.0886 5.60934
    endloop
  endfacet
  facet normal -0.187439 -0 -0.982276
    outer loop
      vertex 75.4073 36.9901 10.2244
      vertex 75.8082 22.7947 10.1479
      vertex 75.4073 22.6343 10.2244
    endloop
  endfacet
  facet normal -0.187439 0 -0.982276
    outer loop
      vertex 75.8082 22.7947 10.1479
      vertex 75.4073 36.9901 10.2244
      vertex 75.8082 36.9901 10.1479
    endloop
  endfacet
  facet normal -0.809014 0 -0.58779
    outer loop
      vertex 77.7441 23.0642 8.74144
      vertex 77.5042 36.9661 9.07163
      vertex 77.7441 36.9358 8.74144
    endloop
  endfacet
  facet normal -0.809014 -0 -0.58779
    outer loop
      vertex 77.5042 36.9661 9.07163
      vertex 77.7441 23.0642 8.74144
      vertex 77.5042 23.0339 9.07163
    endloop
  endfacet
  facet normal -0.968582 0 -0.248694
    outer loop
      vertex 78.1924 23.1542 7.60899
      vertex 78.0909 36.8719 8.0043
      vertex 78.1924 36.8458 7.60899
    endloop
  endfacet
  facet normal -0.968582 -0 -0.248694
    outer loop
      vertex 78.0909 36.8719 8.0043
      vertex 78.1924 23.1542 7.60899
      vertex 78.0909 23.1281 8.0043
    endloop
  endfacet
  facet normal 0.42576 0 0.904836
    outer loop
      vertex 73.4343 36.9901 4.152
      vertex 73.8036 21.9928 3.97823
      vertex 73.8036 36.9901 3.97823
    endloop
  endfacet
  facet normal 0.42576 0 0.904836
    outer loop
      vertex 73.8036 21.9928 3.97823
      vertex 73.4343 36.9901 4.152
      vertex 73.4343 21.8451 4.152
    endloop
  endfacet
  facet normal 0.187368 0 0.98229
    outer loop
      vertex 74.1918 36.9901 3.8521
      vertex 74.5927 22.3085 3.77563
      vertex 74.5927 36.9901 3.77563
    endloop
  endfacet
  facet normal 0.187368 0 0.98229
    outer loop
      vertex 74.5927 22.3085 3.77563
      vertex 74.1918 36.9901 3.8521
      vertex 74.1918 22.1481 3.8521
    endloop
  endfacet
  facet normal 0.187439 0 -0.982276
    outer loop
      vertex 74.1918 36.9901 10.1479
      vertex 74.5927 22.3085 10.2244
      vertex 74.1918 22.1481 10.1479
    endloop
  endfacet
  facet normal 0.187439 0 -0.982276
    outer loop
      vertex 74.5927 22.3085 10.2244
      vertex 74.1918 36.9901 10.1479
      vertex 74.5927 36.9901 10.2244
    endloop
  endfacet
  facet normal 0.0627292 0 -0.998031
    outer loop
      vertex 74.5927 36.9901 10.2244
      vertex 75 22.4714 10.25
      vertex 74.5927 22.3085 10.2244
    endloop
  endfacet
  facet normal 0.0627292 0 -0.998031
    outer loop
      vertex 75 22.4714 10.25
      vertex 74.5927 36.9901 10.2244
      vertex 75 36.9901 10.25
    endloop
  endfacet
  facet normal 0.809014 -0 0.58779
    outer loop
      vertex 72.2559 21.5 5.25856
      vertex 72.4958 36.9901 4.92837
      vertex 72.2559 36.9901 5.25856
    endloop
  endfacet
  facet normal 0.809014 0 0.58779
    outer loop
      vertex 72.4958 36.9901 4.92837
      vertex 72.2559 21.5 5.25856
      vertex 72.4958 21.5 4.92837
    endloop
  endfacet
  facet normal 0.929812 -0 0.368034
    outer loop
      vertex 71.9091 21.5 5.99569
      vertex 72.0593 36.9901 5.61622
      vertex 71.9091 36.9901 5.99569
    endloop
  endfacet
  facet normal 0.929812 0 0.368034
    outer loop
      vertex 72.0593 36.9901 5.61622
      vertex 71.9091 21.5 5.99569
      vertex 72.0593 21.5 5.61622
    endloop
  endfacet
  facet normal 0.9921 0 -0.125446
    outer loop
      vertex 71.8076 21.5 7.60899
      vertex 71.7564 36.9901 7.20407
      vertex 71.8076 36.9901 7.60899
    endloop
  endfacet
  facet normal 0.9921 0 -0.125446
    outer loop
      vertex 71.7564 36.9901 7.20407
      vertex 71.8076 21.5 7.60899
      vertex 71.7564 21.5 7.20407
    endloop
  endfacet
  facet normal 0.929816 0 -0.368026
    outer loop
      vertex 72.0593 21.5 8.38378
      vertex 71.9091 36.9901 8.0043
      vertex 72.0593 36.9901 8.38378
    endloop
  endfacet
  facet normal 0.929816 0 -0.368026
    outer loop
      vertex 71.9091 36.9901 8.0043
      vertex 72.0593 21.5 8.38378
      vertex 71.9091 21.5 8.0043
    endloop
  endfacet
  facet normal 0.637385 0 -0.770546
    outer loop
      vertex 72.7752 36.9901 9.36915
      vertex 73.0897 21.7073 9.6293
      vertex 72.7752 21.5815 9.36915
    endloop
  endfacet
  facet normal 0.637385 0 -0.770546
    outer loop
      vertex 73.0897 21.7073 9.6293
      vertex 72.7752 36.9901 9.36915
      vertex 73.0897 36.9901 9.6293
    endloop
  endfacet
  facet normal 0.728956 0 0.68456
    outer loop
      vertex 72.4958 36.9901 4.92837
      vertex 72.7752 21.5815 4.63085
      vertex 72.7752 36.9901 4.63085
    endloop
  endfacet
  facet normal 0.728956 -0 0.68456
    outer loop
      vertex 72.4958 21.5 4.92837
      vertex 72.7752 21.5815 4.63085
      vertex 72.4958 36.9901 4.92837
    endloop
  endfacet
  facet normal 0.728874 0.000601247 0.684648
    outer loop
      vertex 72.7752 21.5815 4.63085
      vertex 72.4958 21.5 4.92837
      vertex 72.5715 21.5 4.84778
    endloop
  endfacet
  facet normal 0.637399 0 0.770534
    outer loop
      vertex 72.7752 36.9901 4.63085
      vertex 73.0897 21.7073 4.37069
      vertex 73.0897 36.9901 4.37069
    endloop
  endfacet
  facet normal 0.637399 0 0.770534
    outer loop
      vertex 73.0897 21.7073 4.37069
      vertex 72.7752 36.9901 4.63085
      vertex 72.7752 21.5815 4.63085
    endloop
  endfacet
  facet normal 0.968584 -0 0.248688
    outer loop
      vertex 71.8076 21.5 6.39101
      vertex 71.9091 36.9901 5.99569
      vertex 71.8076 36.9901 6.39101
    endloop
  endfacet
  facet normal 0.968584 0 0.248688
    outer loop
      vertex 71.9091 36.9901 5.99569
      vertex 71.8076 21.5 6.39101
      vertex 71.9091 21.5 5.99569
    endloop
  endfacet
  facet normal 0.968582 0 -0.248694
    outer loop
      vertex 71.9091 21.5 8.0043
      vertex 71.8076 36.9901 7.60899
      vertex 71.9091 36.9901 8.0043
    endloop
  endfacet
  facet normal 0.968582 0 -0.248694
    outer loop
      vertex 71.8076 36.9901 7.60899
      vertex 71.9091 21.5 8.0043
      vertex 71.8076 21.5 7.60899
    endloop
  endfacet
  facet normal 0.728956 0 -0.68456
    outer loop
      vertex 72.7752 21.5815 9.36915
      vertex 72.4958 36.9901 9.07163
      vertex 72.7752 36.9901 9.36915
    endloop
  endfacet
  facet normal 0.728874 0.000601247 -0.684648
    outer loop
      vertex 72.4958 21.5 9.07163
      vertex 72.7752 21.5815 9.36915
      vertex 72.5715 21.5 9.15222
    endloop
  endfacet
  facet normal 0.728956 0 -0.68456
    outer loop
      vertex 72.7752 21.5815 9.36915
      vertex 72.4958 21.5 9.07163
      vertex 72.4958 36.9901 9.07163
    endloop
  endfacet
  facet normal 0.809014 0 -0.58779
    outer loop
      vertex 72.4958 21.5 9.07163
      vertex 72.2559 36.9901 8.74144
      vertex 72.4958 36.9901 9.07163
    endloop
  endfacet
  facet normal 0.809014 0 -0.58779
    outer loop
      vertex 72.2559 36.9901 8.74144
      vertex 72.4958 21.5 9.07163
      vertex 72.2559 21.5 8.74144
    endloop
  endfacet
  facet normal 0.425821 0 -0.904808
    outer loop
      vertex 73.4343 36.9901 9.848
      vertex 73.8036 21.9928 10.0218
      vertex 73.4343 21.8451 9.848
    endloop
  endfacet
  facet normal 0.425821 0 -0.904808
    outer loop
      vertex 73.8036 21.9928 10.0218
      vertex 73.4343 36.9901 9.848
      vertex 73.8036 36.9901 10.0218
    endloop
  endfacet
  facet normal 0.535845 0 -0.844317
    outer loop
      vertex 73.0897 36.9901 9.6293
      vertex 73.4343 21.8451 9.848
      vertex 73.0897 21.7073 9.6293
    endloop
  endfacet
  facet normal 0.535845 0 -0.844317
    outer loop
      vertex 73.4343 21.8451 9.848
      vertex 73.0897 36.9901 9.6293
      vertex 73.4343 36.9901 9.848
    endloop
  endfacet
  facet normal 0.876333 0 -0.481706
    outer loop
      vertex 72.2559 21.5 8.74144
      vertex 72.0593 36.9901 8.38378
      vertex 72.2559 36.9901 8.74144
    endloop
  endfacet
  facet normal 0.876333 0 -0.481706
    outer loop
      vertex 72.0593 36.9901 8.38378
      vertex 72.2559 21.5 8.74144
      vertex 72.0593 21.5 8.38378
    endloop
  endfacet
  facet normal -0.0628024 0 0.998026
    outer loop
      vertex 60 36.9901 3.75
      vertex 60.4073 21.5 3.77563
      vertex 60.4073 36.9901 3.77563
    endloop
  endfacet
  facet normal -0.0628024 0 0.998026
    outer loop
      vertex 60.4073 21.5 3.77563
      vertex 60 36.9901 3.75
      vertex 60 21.5 3.75
    endloop
  endfacet
  facet normal -0.187368 0 0.98229
    outer loop
      vertex 60.4073 36.9901 3.77563
      vertex 60.8082 21.5 3.8521
      vertex 60.8082 36.9901 3.8521
    endloop
  endfacet
  facet normal -0.187368 0 0.98229
    outer loop
      vertex 60.8082 21.5 3.8521
      vertex 60.4073 36.9901 3.77563
      vertex 60.4073 21.5 3.77563
    endloop
  endfacet
  facet normal -0.0627292 0 -0.998031
    outer loop
      vertex 60 21.5 10.25
      vertex 60.4073 36.9901 10.2244
      vertex 60.4073 21.5 10.2244
    endloop
  endfacet
  facet normal -0.0627292 0 -0.998031
    outer loop
      vertex 60.4073 36.9901 10.2244
      vertex 60 21.5 10.25
      vertex 60 36.9901 10.25
    endloop
  endfacet
  facet normal -0.728956 0 -0.68456
    outer loop
      vertex 62.5042 21.5 9.07163
      vertex 62.2248 36.9901 9.36915
      vertex 62.5042 36.9901 9.07163
    endloop
  endfacet
  facet normal -0.728956 -0 -0.68456
    outer loop
      vertex 62.2248 36.9901 9.36915
      vertex 62.5042 21.5 9.07163
      vertex 62.2248 21.5 9.36915
    endloop
  endfacet
  facet normal -0.929816 0 -0.368026
    outer loop
      vertex 63.0909 21.5 8.0043
      vertex 62.9407 36.9901 8.38378
      vertex 63.0909 36.9901 8.0043
    endloop
  endfacet
  facet normal -0.929816 -0 -0.368026
    outer loop
      vertex 62.9407 36.9901 8.38378
      vertex 63.0909 21.5 8.0043
      vertex 62.9407 21.5 8.38378
    endloop
  endfacet
  facet normal 0.535827 0 0.844328
    outer loop
      vertex 58.0897 36.9901 4.37069
      vertex 58.4343 21.5 4.152
      vertex 58.4343 36.9901 4.152
    endloop
  endfacet
  facet normal 0.535827 0 0.844328
    outer loop
      vertex 58.4343 21.5 4.152
      vertex 58.0897 36.9901 4.37069
      vertex 58.0897 21.5 4.37069
    endloop
  endfacet
  facet normal -0.929812 0 0.368034
    outer loop
      vertex 62.9407 21.5 5.61622
      vertex 63.0909 36.9901 5.99569
      vertex 62.9407 36.9901 5.61622
    endloop
  endfacet
  facet normal -0.929812 0 0.368034
    outer loop
      vertex 63.0909 36.9901 5.99569
      vertex 62.9407 21.5 5.61622
      vertex 63.0909 21.5 5.99569
    endloop
  endfacet
  facet normal -0.637385 0 -0.770546
    outer loop
      vertex 61.9103 21.5 9.6293
      vertex 62.2248 36.9901 9.36915
      vertex 62.2248 21.5 9.36915
    endloop
  endfacet
  facet normal -0.637385 0 -0.770546
    outer loop
      vertex 62.2248 36.9901 9.36915
      vertex 61.9103 21.5 9.6293
      vertex 61.9103 36.9901 9.6293
    endloop
  endfacet
  facet normal 0.0628024 0 0.998026
    outer loop
      vertex 59.5927 36.9901 3.77563
      vertex 60 21.5 3.75
      vertex 60 36.9901 3.75
    endloop
  endfacet
  facet normal 0.0628024 0 0.998026
    outer loop
      vertex 60 21.5 3.75
      vertex 59.5927 36.9901 3.77563
      vertex 59.5927 21.5 3.77563
    endloop
  endfacet
  facet normal 0.308942 0 -0.951081
    outer loop
      vertex 58.8036 21.5 10.0218
      vertex 59.1918 36.9901 10.1479
      vertex 59.1918 21.5 10.1479
    endloop
  endfacet
  facet normal 0.308942 0 -0.951081
    outer loop
      vertex 59.1918 36.9901 10.1479
      vertex 58.8036 21.5 10.0218
      vertex 58.8036 36.9901 10.0218
    endloop
  endfacet
  facet normal 0.9921 -0 0.125446
    outer loop
      vertex 56.7564 21.5 6.79593
      vertex 56.8076 36.9901 6.39101
      vertex 56.7564 36.9901 6.79593
    endloop
  endfacet
  facet normal 0.9921 0 0.125446
    outer loop
      vertex 56.8076 36.9901 6.39101
      vertex 56.7564 21.5 6.79593
      vertex 56.8076 21.5 6.39101
    endloop
  endfacet
  facet normal -0.42576 0 0.904836
    outer loop
      vertex 61.1964 36.9901 3.97823
      vertex 61.5657 21.5 4.152
      vertex 61.5657 36.9901 4.152
    endloop
  endfacet
  facet normal -0.42576 0 0.904836
    outer loop
      vertex 61.5657 21.5 4.152
      vertex 61.1964 36.9901 3.97823
      vertex 61.1964 21.5 3.97823
    endloop
  endfacet
  facet normal -0.535827 0 0.844328
    outer loop
      vertex 61.5657 36.9901 4.152
      vertex 61.9103 21.5 4.37069
      vertex 61.9103 36.9901 4.37069
    endloop
  endfacet
  facet normal -0.535827 0 0.844328
    outer loop
      vertex 61.9103 21.5 4.37069
      vertex 61.5657 36.9901 4.152
      vertex 61.5657 21.5 4.152
    endloop
  endfacet
  facet normal -0.968584 0 0.248688
    outer loop
      vertex 63.0909 21.5 5.99569
      vertex 63.1924 36.9901 6.39101
      vertex 63.0909 36.9901 5.99569
    endloop
  endfacet
  facet normal -0.968584 0 0.248688
    outer loop
      vertex 63.1924 36.9901 6.39101
      vertex 63.0909 21.5 5.99569
      vertex 63.1924 21.5 6.39101
    endloop
  endfacet
  facet normal -0.9921 0 0.125446
    outer loop
      vertex 63.1924 21.5 6.39101
      vertex 63.2436 36.9901 6.79593
      vertex 63.1924 36.9901 6.39101
    endloop
  endfacet
  facet normal -0.9921 0 0.125446
    outer loop
      vertex 63.2436 36.9901 6.79593
      vertex 63.1924 21.5 6.39101
      vertex 63.2436 21.5 6.79593
    endloop
  endfacet
  facet normal -0.809014 0 0.58779
    outer loop
      vertex 62.5042 21.5 4.92837
      vertex 62.7441 36.9901 5.25856
      vertex 62.5042 36.9901 4.92837
    endloop
  endfacet
  facet normal -0.809014 0 0.58779
    outer loop
      vertex 62.7441 36.9901 5.25856
      vertex 62.5042 21.5 4.92837
      vertex 62.7441 21.5 5.25856
    endloop
  endfacet
  facet normal -0.876333 0 0.481706
    outer loop
      vertex 62.7441 21.5 5.25856
      vertex 62.9407 36.9901 5.61622
      vertex 62.7441 36.9901 5.25856
    endloop
  endfacet
  facet normal -0.876333 0 0.481706
    outer loop
      vertex 62.9407 36.9901 5.61622
      vertex 62.7441 21.5 5.25856
      vertex 62.9407 21.5 5.61622
    endloop
  endfacet
  facet normal -0.425821 0 -0.904808
    outer loop
      vertex 61.1964 21.5 10.0218
      vertex 61.5657 36.9901 9.848
      vertex 61.5657 21.5 9.848
    endloop
  endfacet
  facet normal -0.425821 0 -0.904808
    outer loop
      vertex 61.5657 36.9901 9.848
      vertex 61.1964 21.5 10.0218
      vertex 61.1964 36.9901 10.0218
    endloop
  endfacet
  facet normal -0.535845 0 -0.844317
    outer loop
      vertex 61.5657 21.5 9.848
      vertex 61.9103 36.9901 9.6293
      vertex 61.9103 21.5 9.6293
    endloop
  endfacet
  facet normal -0.535845 0 -0.844317
    outer loop
      vertex 61.9103 36.9901 9.6293
      vertex 61.5657 21.5 9.848
      vertex 61.5657 36.9901 9.848
    endloop
  endfacet
  facet normal -0.308942 0 -0.951081
    outer loop
      vertex 60.8082 21.5 10.1479
      vertex 61.1964 36.9901 10.0218
      vertex 61.1964 21.5 10.0218
    endloop
  endfacet
  facet normal -0.308942 0 -0.951081
    outer loop
      vertex 61.1964 36.9901 10.0218
      vertex 60.8082 21.5 10.1479
      vertex 60.8082 36.9901 10.1479
    endloop
  endfacet
  facet normal -0.876333 0 -0.481706
    outer loop
      vertex 62.9407 21.5 8.38378
      vertex 62.7441 36.9901 8.74144
      vertex 62.9407 36.9901 8.38378
    endloop
  endfacet
  facet normal -0.876333 -0 -0.481706
    outer loop
      vertex 62.7441 36.9901 8.74144
      vertex 62.9407 21.5 8.38378
      vertex 62.7441 21.5 8.74144
    endloop
  endfacet
  facet normal -0.9921 0 -0.125446
    outer loop
      vertex 63.2436 21.5 7.20407
      vertex 63.1924 36.9901 7.60899
      vertex 63.2436 36.9901 7.20407
    endloop
  endfacet
  facet normal -0.9921 -0 -0.125446
    outer loop
      vertex 63.1924 36.9901 7.60899
      vertex 63.2436 21.5 7.20407
      vertex 63.1924 21.5 7.60899
    endloop
  endfacet
  facet normal 0.309009 0 0.951059
    outer loop
      vertex 58.8036 36.9901 3.97823
      vertex 59.1918 21.5 3.8521
      vertex 59.1918 36.9901 3.8521
    endloop
  endfacet
  facet normal 0.309009 0 0.951059
    outer loop
      vertex 59.1918 21.5 3.8521
      vertex 58.8036 36.9901 3.97823
      vertex 58.8036 21.5 3.97823
    endloop
  endfacet
  facet normal 0 1 0
    outer loop
      vertex 60.4073 21.5 10.2244
      vertex 59.5927 21.5 10.2244
      vertex 60 21.5 10.25
    endloop
  endfacet
  facet normal 0 1 0
    outer loop
      vertex 60.8082 21.5 10.1479
      vertex 59.5927 21.5 10.2244
      vertex 60.4073 21.5 10.2244
    endloop
  endfacet
  facet normal 0 1 0
    outer loop
      vertex 60.8082 21.5 10.1479
      vertex 59.1918 21.5 10.1479
      vertex 59.5927 21.5 10.2244
    endloop
  endfacet
  facet normal 0 1 0
    outer loop
      vertex 61.1964 21.5 10.0218
      vertex 59.1918 21.5 10.1479
      vertex 60.8082 21.5 10.1479
    endloop
  endfacet
  facet normal 0 1 0
    outer loop
      vertex 61.1964 21.5 10.0218
      vertex 58.8036 21.5 10.0218
      vertex 59.1918 21.5 10.1479
    endloop
  endfacet
  facet normal 0 1 0
    outer loop
      vertex 61.5657 21.5 9.848
      vertex 58.8036 21.5 10.0218
      vertex 61.1964 21.5 10.0218
    endloop
  endfacet
  facet normal 0 1 0
    outer loop
      vertex 61.5657 21.5 9.848
      vertex 58.4343 21.5 9.848
      vertex 58.8036 21.5 10.0218
    endloop
  endfacet
  facet normal 0 1 0
    outer loop
      vertex 61.9103 21.5 9.6293
      vertex 58.4343 21.5 9.848
      vertex 61.5657 21.5 9.848
    endloop
  endfacet
  facet normal 0 1 0
    outer loop
      vertex 61.9103 21.5 9.6293
      vertex 58.0897 21.5 9.6293
      vertex 58.4343 21.5 9.848
    endloop
  endfacet
  facet normal 0 1 0
    outer loop
      vertex 62.2248 21.5 9.36915
      vertex 58.0897 21.5 9.6293
      vertex 61.9103 21.5 9.6293
    endloop
  endfacet
  facet normal 0 1 0
    outer loop
      vertex 62.2248 21.5 9.36915
      vertex 57.7752 21.5 9.36915
      vertex 58.0897 21.5 9.6293
    endloop
  endfacet
  facet normal 0 1 0
    outer loop
      vertex 62.5042 21.5 9.07163
      vertex 57.7752 21.5 9.36915
      vertex 62.2248 21.5 9.36915
    endloop
  endfacet
  facet normal 0 1 0
    outer loop
      vertex 62.5042 21.5 9.07163
      vertex 57.4958 21.5 9.07163
      vertex 57.7752 21.5 9.36915
    endloop
  endfacet
  facet normal 0 1 0
    outer loop
      vertex 62.7441 21.5 8.74144
      vertex 57.4958 21.5 9.07163
      vertex 62.5042 21.5 9.07163
    endloop
  endfacet
  facet normal 0 1 0
    outer loop
      vertex 62.7441 21.5 8.74144
      vertex 57.2559 21.5 8.74144
      vertex 57.4958 21.5 9.07163
    endloop
  endfacet
  facet normal 0 1 0
    outer loop
      vertex 62.9407 21.5 8.38378
      vertex 57.2559 21.5 8.74144
      vertex 62.7441 21.5 8.74144
    endloop
  endfacet
  facet normal 0 1 0
    outer loop
      vertex 62.9407 21.5 8.38378
      vertex 57.0593 21.5 8.38378
      vertex 57.2559 21.5 8.74144
    endloop
  endfacet
  facet normal 0 1 0
    outer loop
      vertex 63.0909 21.5 8.0043
      vertex 57.0593 21.5 8.38378
      vertex 62.9407 21.5 8.38378
    endloop
  endfacet
  facet normal 0 1 0
    outer loop
      vertex 63.0909 21.5 8.0043
      vertex 56.9091 21.5 8.0043
      vertex 57.0593 21.5 8.38378
    endloop
  endfacet
  facet normal 0 1 0
    outer loop
      vertex 63.1924 21.5 7.60899
      vertex 56.9091 21.5 8.0043
      vertex 63.0909 21.5 8.0043
    endloop
  endfacet
  facet normal 0 1 0
    outer loop
      vertex 63.1924 21.5 7.60899
      vertex 56.8076 21.5 7.60899
      vertex 56.9091 21.5 8.0043
    endloop
  endfacet
  facet normal 0 1 0
    outer loop
      vertex 63.2436 21.5 7.20407
      vertex 56.8076 21.5 7.60899
      vertex 63.1924 21.5 7.60899
    endloop
  endfacet
  facet normal 0 1 0
    outer loop
      vertex 63.2436 21.5 7.20407
      vertex 56.7564 21.5 7.20407
      vertex 56.8076 21.5 7.60899
    endloop
  endfacet
  facet normal 0 1 -0
    outer loop
      vertex 63.2436 21.5 6.79593
      vertex 56.7564 21.5 7.20407
      vertex 63.2436 21.5 7.20407
    endloop
  endfacet
  facet normal 0 1 0
    outer loop
      vertex 63.2436 21.5 6.79593
      vertex 56.7564 21.5 6.79593
      vertex 56.7564 21.5 7.20407
    endloop
  endfacet
  facet normal 0 1 -0
    outer loop
      vertex 63.1924 21.5 6.39101
      vertex 56.7564 21.5 6.79593
      vertex 63.2436 21.5 6.79593
    endloop
  endfacet
  facet normal 0 1 0
    outer loop
      vertex 63.1924 21.5 6.39101
      vertex 56.8076 21.5 6.39101
      vertex 56.7564 21.5 6.79593
    endloop
  endfacet
  facet normal 0 1 -0
    outer loop
      vertex 63.0909 21.5 5.99569
      vertex 56.8076 21.5 6.39101
      vertex 63.1924 21.5 6.39101
    endloop
  endfacet
  facet normal 0 1 0
    outer loop
      vertex 63.0909 21.5 5.99569
      vertex 56.9091 21.5 5.99569
      vertex 56.8076 21.5 6.39101
    endloop
  endfacet
  facet normal 0 1 -0
    outer loop
      vertex 62.9407 21.5 5.61622
      vertex 56.9091 21.5 5.99569
      vertex 63.0909 21.5 5.99569
    endloop
  endfacet
  facet normal 0 1 0
    outer loop
      vertex 62.9407 21.5 5.61622
      vertex 57.0593 21.5 5.61622
      vertex 56.9091 21.5 5.99569
    endloop
  endfacet
  facet normal 0 1 -0
    outer loop
      vertex 62.7441 21.5 5.25856
      vertex 57.0593 21.5 5.61622
      vertex 62.9407 21.5 5.61622
    endloop
  endfacet
  facet normal 0 1 0
    outer loop
      vertex 62.7441 21.5 5.25856
      vertex 57.2559 21.5 5.25856
      vertex 57.0593 21.5 5.61622
    endloop
  endfacet
  facet normal 0 1 -0
    outer loop
      vertex 62.5042 21.5 4.92837
      vertex 57.2559 21.5 5.25856
      vertex 62.7441 21.5 5.25856
    endloop
  endfacet
  facet normal 0 1 0
    outer loop
      vertex 62.5042 21.5 4.92837
      vertex 57.4958 21.5 4.92837
      vertex 57.2559 21.5 5.25856
    endloop
  endfacet
  facet normal 0 1 -0
    outer loop
      vertex 62.2248 21.5 4.63085
      vertex 57.4958 21.5 4.92837
      vertex 62.5042 21.5 4.92837
    endloop
  endfacet
  facet normal 0 1 0
    outer loop
      vertex 62.2248 21.5 4.63085
      vertex 57.7752 21.5 4.63085
      vertex 57.4958 21.5 4.92837
    endloop
  endfacet
  facet normal 0 1 -0
    outer loop
      vertex 61.9103 21.5 4.37069
      vertex 57.7752 21.5 4.63085
      vertex 62.2248 21.5 4.63085
    endloop
  endfacet
  facet normal 0 1 0
    outer loop
      vertex 61.9103 21.5 4.37069
      vertex 58.0897 21.5 4.37069
      vertex 57.7752 21.5 4.63085
    endloop
  endfacet
  facet normal 0 1 -0
    outer loop
      vertex 61.5657 21.5 4.152
      vertex 58.0897 21.5 4.37069
      vertex 61.9103 21.5 4.37069
    endloop
  endfacet
  facet normal 0 1 0
    outer loop
      vertex 61.5657 21.5 4.152
      vertex 58.4343 21.5 4.152
      vertex 58.0897 21.5 4.37069
    endloop
  endfacet
  facet normal 0 1 -0
    outer loop
      vertex 61.1964 21.5 3.97823
      vertex 58.4343 21.5 4.152
      vertex 61.5657 21.5 4.152
    endloop
  endfacet
  facet normal 0 1 0
    outer loop
      vertex 61.1964 21.5 3.97823
      vertex 58.8036 21.5 3.97823
      vertex 58.4343 21.5 4.152
    endloop
  endfacet
  facet normal 0 1 -0
    outer loop
      vertex 60.8082 21.5 3.8521
      vertex 58.8036 21.5 3.97823
      vertex 61.1964 21.5 3.97823
    endloop
  endfacet
  facet normal 0 1 0
    outer loop
      vertex 60.8082 21.5 3.8521
      vertex 59.1918 21.5 3.8521
      vertex 58.8036 21.5 3.97823
    endloop
  endfacet
  facet normal 0 1 -0
    outer loop
      vertex 60.4073 21.5 3.77563
      vertex 59.1918 21.5 3.8521
      vertex 60.8082 21.5 3.8521
    endloop
  endfacet
  facet normal 0 1 0
    outer loop
      vertex 60.4073 21.5 3.77563
      vertex 59.5927 21.5 3.77563
      vertex 59.1918 21.5 3.8521
    endloop
  endfacet
  facet normal -0 1 0
    outer loop
      vertex 59.5927 21.5 3.77563
      vertex 60.4073 21.5 3.77563
      vertex 60 21.5 3.75
    endloop
  endfacet
  facet normal 1 -0 0
    outer loop
      vertex 56.7564 21.5 7.20407
      vertex 56.7564 36.9901 6.79593
      vertex 56.7564 36.9901 7.20407
    endloop
  endfacet
  facet normal 1 0 0
    outer loop
      vertex 56.7564 36.9901 6.79593
      vertex 56.7564 21.5 7.20407
      vertex 56.7564 21.5 6.79593
    endloop
  endfacet
  facet normal 0.876333 -0 0.481706
    outer loop
      vertex 57.0593 21.5 5.61622
      vertex 57.2559 36.9901 5.25856
      vertex 57.0593 36.9901 5.61622
    endloop
  endfacet
  facet normal 0.876333 0 0.481706
    outer loop
      vertex 57.2559 36.9901 5.25856
      vertex 57.0593 21.5 5.61622
      vertex 57.2559 21.5 5.25856
    endloop
  endfacet
  facet normal -0.309009 0 0.951059
    outer loop
      vertex 60.8082 36.9901 3.8521
      vertex 61.1964 21.5 3.97823
      vertex 61.1964 36.9901 3.97823
    endloop
  endfacet
  facet normal -0.309009 0 0.951059
    outer loop
      vertex 61.1964 21.5 3.97823
      vertex 60.8082 36.9901 3.8521
      vertex 60.8082 21.5 3.8521
    endloop
  endfacet
  facet normal -0.637399 0 0.770534
    outer loop
      vertex 61.9103 36.9901 4.37069
      vertex 62.2248 21.5 4.63085
      vertex 62.2248 36.9901 4.63085
    endloop
  endfacet
  facet normal -0.637399 0 0.770534
    outer loop
      vertex 62.2248 21.5 4.63085
      vertex 61.9103 36.9901 4.37069
      vertex 61.9103 21.5 4.37069
    endloop
  endfacet
  facet normal -0.728956 0 0.68456
    outer loop
      vertex 62.2248 21.5 4.63085
      vertex 62.5042 36.9901 4.92837
      vertex 62.2248 36.9901 4.63085
    endloop
  endfacet
  facet normal -0.728956 0 0.68456
    outer loop
      vertex 62.5042 36.9901 4.92837
      vertex 62.2248 21.5 4.63085
      vertex 62.5042 21.5 4.92837
    endloop
  endfacet
  facet normal -1 0 0
    outer loop
      vertex 63.2436 21.5 6.79593
      vertex 63.2436 36.9901 7.20407
      vertex 63.2436 36.9901 6.79593
    endloop
  endfacet
  facet normal -1 -0 0
    outer loop
      vertex 63.2436 36.9901 7.20407
      vertex 63.2436 21.5 6.79593
      vertex 63.2436 21.5 7.20407
    endloop
  endfacet
  facet normal -0.187439 0 -0.982276
    outer loop
      vertex 60.4073 21.5 10.2244
      vertex 60.8082 36.9901 10.1479
      vertex 60.8082 21.5 10.1479
    endloop
  endfacet
  facet normal -0.187439 0 -0.982276
    outer loop
      vertex 60.8082 36.9901 10.1479
      vertex 60.4073 21.5 10.2244
      vertex 60.4073 36.9901 10.2244
    endloop
  endfacet
  facet normal -0.809014 0 -0.58779
    outer loop
      vertex 62.7441 21.5 8.74144
      vertex 62.5042 36.9901 9.07163
      vertex 62.7441 36.9901 8.74144
    endloop
  endfacet
  facet normal -0.809014 -0 -0.58779
    outer loop
      vertex 62.5042 36.9901 9.07163
      vertex 62.7441 21.5 8.74144
      vertex 62.5042 21.5 9.07163
    endloop
  endfacet
  facet normal -0.968582 0 -0.248694
    outer loop
      vertex 63.1924 21.5 7.60899
      vertex 63.0909 36.9901 8.0043
      vertex 63.1924 36.9901 7.60899
    endloop
  endfacet
  facet normal -0.968582 -0 -0.248694
    outer loop
      vertex 63.0909 36.9901 8.0043
      vertex 63.1924 21.5 7.60899
      vertex 63.0909 21.5 8.0043
    endloop
  endfacet
  facet normal 0.42576 0 0.904836
    outer loop
      vertex 58.4343 36.9901 4.152
      vertex 58.8036 21.5 3.97823
      vertex 58.8036 36.9901 3.97823
    endloop
  endfacet
  facet normal 0.42576 0 0.904836
    outer loop
      vertex 58.8036 21.5 3.97823
      vertex 58.4343 36.9901 4.152
      vertex 58.4343 21.5 4.152
    endloop
  endfacet
  facet normal 0.187368 0 0.98229
    outer loop
      vertex 59.1918 36.9901 3.8521
      vertex 59.5927 21.5 3.77563
      vertex 59.5927 36.9901 3.77563
    endloop
  endfacet
  facet normal 0.187368 0 0.98229
    outer loop
      vertex 59.5927 21.5 3.77563
      vertex 59.1918 36.9901 3.8521
      vertex 59.1918 21.5 3.8521
    endloop
  endfacet
  facet normal 0.187439 0 -0.982276
    outer loop
      vertex 59.1918 21.5 10.1479
      vertex 59.5927 36.9901 10.2244
      vertex 59.5927 21.5 10.2244
    endloop
  endfacet
  facet normal 0.187439 0 -0.982276
    outer loop
      vertex 59.5927 36.9901 10.2244
      vertex 59.1918 21.5 10.1479
      vertex 59.1918 36.9901 10.1479
    endloop
  endfacet
  facet normal 0.0627292 0 -0.998031
    outer loop
      vertex 59.5927 21.5 10.2244
      vertex 60 36.9901 10.25
      vertex 60 21.5 10.25
    endloop
  endfacet
  facet normal 0.0627292 0 -0.998031
    outer loop
      vertex 60 36.9901 10.25
      vertex 59.5927 21.5 10.2244
      vertex 59.5927 36.9901 10.2244
    endloop
  endfacet
  facet normal 0.809014 -0 0.58779
    outer loop
      vertex 57.2559 21.5 5.25856
      vertex 57.4958 36.9901 4.92837
      vertex 57.2559 36.9901 5.25856
    endloop
  endfacet
  facet normal 0.809014 0 0.58779
    outer loop
      vertex 57.4958 36.9901 4.92837
      vertex 57.2559 21.5 5.25856
      vertex 57.4958 21.5 4.92837
    endloop
  endfacet
  facet normal 0.929812 -0 0.368034
    outer loop
      vertex 56.9091 21.5 5.99569
      vertex 57.0593 36.9901 5.61622
      vertex 56.9091 36.9901 5.99569
    endloop
  endfacet
  facet normal 0.929812 0 0.368034
    outer loop
      vertex 57.0593 36.9901 5.61622
      vertex 56.9091 21.5 5.99569
      vertex 57.0593 21.5 5.61622
    endloop
  endfacet
  facet normal 0.9921 0 -0.125446
    outer loop
      vertex 56.8076 21.5 7.60899
      vertex 56.7564 36.9901 7.20407
      vertex 56.8076 36.9901 7.60899
    endloop
  endfacet
  facet normal 0.9921 0 -0.125446
    outer loop
      vertex 56.7564 36.9901 7.20407
      vertex 56.8076 21.5 7.60899
      vertex 56.7564 21.5 7.20407
    endloop
  endfacet
  facet normal 0.929816 0 -0.368026
    outer loop
      vertex 57.0593 21.5 8.38378
      vertex 56.9091 36.9901 8.0043
      vertex 57.0593 36.9901 8.38378
    endloop
  endfacet
  facet normal 0.929816 0 -0.368026
    outer loop
      vertex 56.9091 36.9901 8.0043
      vertex 57.0593 21.5 8.38378
      vertex 56.9091 21.5 8.0043
    endloop
  endfacet
  facet normal 0.637385 0 -0.770546
    outer loop
      vertex 57.7752 21.5 9.36915
      vertex 58.0897 36.9901 9.6293
      vertex 58.0897 21.5 9.6293
    endloop
  endfacet
  facet normal 0.637385 0 -0.770546
    outer loop
      vertex 58.0897 36.9901 9.6293
      vertex 57.7752 21.5 9.36915
      vertex 57.7752 36.9901 9.36915
    endloop
  endfacet
  facet normal 0.535845 0 -0.844317
    outer loop
      vertex 58.0897 21.5 9.6293
      vertex 58.4343 36.9901 9.848
      vertex 58.4343 21.5 9.848
    endloop
  endfacet
  facet normal 0.535845 0 -0.844317
    outer loop
      vertex 58.4343 36.9901 9.848
      vertex 58.0897 21.5 9.6293
      vertex 58.0897 36.9901 9.6293
    endloop
  endfacet
  facet normal 0.728956 -0 0.68456
    outer loop
      vertex 57.4958 21.5 4.92837
      vertex 57.7752 36.9901 4.63085
      vertex 57.4958 36.9901 4.92837
    endloop
  endfacet
  facet normal 0.728956 0 0.68456
    outer loop
      vertex 57.7752 36.9901 4.63085
      vertex 57.4958 21.5 4.92837
      vertex 57.7752 21.5 4.63085
    endloop
  endfacet
  facet normal 0.637399 0 0.770534
    outer loop
      vertex 57.7752 36.9901 4.63085
      vertex 58.0897 21.5 4.37069
      vertex 58.0897 36.9901 4.37069
    endloop
  endfacet
  facet normal 0.637399 0 0.770534
    outer loop
      vertex 58.0897 21.5 4.37069
      vertex 57.7752 36.9901 4.63085
      vertex 57.7752 21.5 4.63085
    endloop
  endfacet
  facet normal 0.968584 -0 0.248688
    outer loop
      vertex 56.8076 21.5 6.39101
      vertex 56.9091 36.9901 5.99569
      vertex 56.8076 36.9901 6.39101
    endloop
  endfacet
  facet normal 0.968584 0 0.248688
    outer loop
      vertex 56.9091 36.9901 5.99569
      vertex 56.8076 21.5 6.39101
      vertex 56.9091 21.5 5.99569
    endloop
  endfacet
  facet normal 0.968582 0 -0.248694
    outer loop
      vertex 56.9091 21.5 8.0043
      vertex 56.8076 36.9901 7.60899
      vertex 56.9091 36.9901 8.0043
    endloop
  endfacet
  facet normal 0.968582 0 -0.248694
    outer loop
      vertex 56.8076 36.9901 7.60899
      vertex 56.9091 21.5 8.0043
      vertex 56.8076 21.5 7.60899
    endloop
  endfacet
  facet normal 0.728956 0 -0.68456
    outer loop
      vertex 57.7752 21.5 9.36915
      vertex 57.4958 36.9901 9.07163
      vertex 57.7752 36.9901 9.36915
    endloop
  endfacet
  facet normal 0.728956 0 -0.68456
    outer loop
      vertex 57.4958 36.9901 9.07163
      vertex 57.7752 21.5 9.36915
      vertex 57.4958 21.5 9.07163
    endloop
  endfacet
  facet normal 0.809014 0 -0.58779
    outer loop
      vertex 57.4958 21.5 9.07163
      vertex 57.2559 36.9901 8.74144
      vertex 57.4958 36.9901 9.07163
    endloop
  endfacet
  facet normal 0.809014 0 -0.58779
    outer loop
      vertex 57.2559 36.9901 8.74144
      vertex 57.4958 21.5 9.07163
      vertex 57.2559 21.5 8.74144
    endloop
  endfacet
  facet normal 0.425821 0 -0.904808
    outer loop
      vertex 58.4343 21.5 9.848
      vertex 58.8036 36.9901 10.0218
      vertex 58.8036 21.5 10.0218
    endloop
  endfacet
  facet normal 0.425821 0 -0.904808
    outer loop
      vertex 58.8036 36.9901 10.0218
      vertex 58.4343 21.5 9.848
      vertex 58.4343 36.9901 9.848
    endloop
  endfacet
  facet normal 0.876333 0 -0.481706
    outer loop
      vertex 57.2559 21.5 8.74144
      vertex 57.0593 36.9901 8.38378
      vertex 57.2559 36.9901 8.74144
    endloop
  endfacet
  facet normal 0.876333 0 -0.481706
    outer loop
      vertex 57.0593 36.9901 8.38378
      vertex 57.2559 21.5 8.74144
      vertex 57.0593 21.5 8.38378
    endloop
  endfacet
  facet normal -0.0628024 0 0.998026
    outer loop
      vertex 45 36.9901 3.75
      vertex 45.4073 21.5 3.77563
      vertex 45.4073 36.9901 3.77563
    endloop
  endfacet
  facet normal -0.0628024 0 0.998026
    outer loop
      vertex 45.4073 21.5 3.77563
      vertex 45 36.9901 3.75
      vertex 45 21.5 3.75
    endloop
  endfacet
  facet normal -0.187368 0 0.98229
    outer loop
      vertex 45.4073 36.9901 3.77563
      vertex 45.8082 21.5 3.8521
      vertex 45.8082 36.9901 3.8521
    endloop
  endfacet
  facet normal -0.187368 0 0.98229
    outer loop
      vertex 45.8082 21.5 3.8521
      vertex 45.4073 36.9901 3.77563
      vertex 45.4073 21.5 3.77563
    endloop
  endfacet
  facet normal -0.0627292 0 -0.998031
    outer loop
      vertex 45 21.5 10.25
      vertex 45.4073 36.9901 10.2244
      vertex 45.4073 21.5 10.2244
    endloop
  endfacet
  facet normal -0.0627292 0 -0.998031
    outer loop
      vertex 45.4073 36.9901 10.2244
      vertex 45 21.5 10.25
      vertex 45 36.9901 10.25
    endloop
  endfacet
  facet normal -0.809014 0 0.58779
    outer loop
      vertex 47.5042 21.5 4.92837
      vertex 47.7441 36.9901 5.25856
      vertex 47.5042 36.9901 4.92837
    endloop
  endfacet
  facet normal -0.809014 0 0.58779
    outer loop
      vertex 47.7441 36.9901 5.25856
      vertex 47.5042 21.5 4.92837
      vertex 47.7441 21.5 5.25856
    endloop
  endfacet
  facet normal -0.425821 0 -0.904808
    outer loop
      vertex 46.1964 21.5 10.0218
      vertex 46.5657 36.9901 9.848
      vertex 46.5657 21.5 9.848
    endloop
  endfacet
  facet normal -0.425821 0 -0.904808
    outer loop
      vertex 46.5657 36.9901 9.848
      vertex 46.1964 21.5 10.0218
      vertex 46.1964 36.9901 10.0218
    endloop
  endfacet
  facet normal -0.637385 0 -0.770546
    outer loop
      vertex 46.9103 21.5 9.6293
      vertex 47.2248 36.9901 9.36915
      vertex 47.2248 21.5 9.36915
    endloop
  endfacet
  facet normal -0.637385 0 -0.770546
    outer loop
      vertex 47.2248 36.9901 9.36915
      vertex 46.9103 21.5 9.6293
      vertex 46.9103 36.9901 9.6293
    endloop
  endfacet
  facet normal -0.9921 0 -0.125446
    outer loop
      vertex 48.2436 21.5 7.20407
      vertex 48.1924 36.9901 7.60899
      vertex 48.2436 36.9901 7.20407
    endloop
  endfacet
  facet normal -0.9921 -0 -0.125446
    outer loop
      vertex 48.1924 36.9901 7.60899
      vertex 48.2436 21.5 7.20407
      vertex 48.1924 21.5 7.60899
    endloop
  endfacet
  facet normal 0.309009 0 0.951059
    outer loop
      vertex 43.8036 36.9901 3.97823
      vertex 44.1918 21.5 3.8521
      vertex 44.1918 36.9901 3.8521
    endloop
  endfacet
  facet normal 0.309009 0 0.951059
    outer loop
      vertex 44.1918 21.5 3.8521
      vertex 43.8036 36.9901 3.97823
      vertex 43.8036 21.5 3.97823
    endloop
  endfacet
  facet normal 0.9921 -0 0.125446
    outer loop
      vertex 41.7564 21.5 6.79593
      vertex 41.8076 36.9901 6.39101
      vertex 41.7564 36.9901 6.79593
    endloop
  endfacet
  facet normal 0.9921 0 0.125446
    outer loop
      vertex 41.8076 36.9901 6.39101
      vertex 41.7564 21.5 6.79593
      vertex 41.8076 21.5 6.39101
    endloop
  endfacet
  facet normal -0.42576 0 0.904836
    outer loop
      vertex 46.1964 36.9901 3.97823
      vertex 46.5657 21.5 4.152
      vertex 46.5657 36.9901 4.152
    endloop
  endfacet
  facet normal -0.42576 0 0.904836
    outer loop
      vertex 46.5657 21.5 4.152
      vertex 46.1964 36.9901 3.97823
      vertex 46.1964 21.5 3.97823
    endloop
  endfacet
  facet normal -0.535827 0 0.844328
    outer loop
      vertex 46.5657 36.9901 4.152
      vertex 46.9103 21.5 4.37069
      vertex 46.9103 36.9901 4.37069
    endloop
  endfacet
  facet normal -0.535827 0 0.844328
    outer loop
      vertex 46.9103 21.5 4.37069
      vertex 46.5657 36.9901 4.152
      vertex 46.5657 21.5 4.152
    endloop
  endfacet
  facet normal -0.968584 0 0.248688
    outer loop
      vertex 48.0909 21.5 5.99569
      vertex 48.1924 36.9901 6.39101
      vertex 48.0909 36.9901 5.99569
    endloop
  endfacet
  facet normal -0.968584 0 0.248688
    outer loop
      vertex 48.1924 36.9901 6.39101
      vertex 48.0909 21.5 5.99569
      vertex 48.1924 21.5 6.39101
    endloop
  endfacet
  facet normal -0.308942 0 -0.951081
    outer loop
      vertex 45.8082 21.5 10.1479
      vertex 46.1964 36.9901 10.0218
      vertex 46.1964 21.5 10.0218
    endloop
  endfacet
  facet normal -0.308942 0 -0.951081
    outer loop
      vertex 46.1964 36.9901 10.0218
      vertex 45.8082 21.5 10.1479
      vertex 45.8082 36.9901 10.1479
    endloop
  endfacet
  facet normal -0.876333 0 -0.481706
    outer loop
      vertex 47.9407 21.5 8.38378
      vertex 47.7441 36.9901 8.74144
      vertex 47.9407 36.9901 8.38378
    endloop
  endfacet
  facet normal -0.876333 -0 -0.481706
    outer loop
      vertex 47.7441 36.9901 8.74144
      vertex 47.9407 21.5 8.38378
      vertex 47.7441 21.5 8.74144
    endloop
  endfacet
  facet normal 0.809014 -0 0.58779
    outer loop
      vertex 42.2559 21.5 5.25856
      vertex 42.4958 36.9901 4.92837
      vertex 42.2559 36.9901 5.25856
    endloop
  endfacet
  facet normal 0.809014 0 0.58779
    outer loop
      vertex 42.4958 36.9901 4.92837
      vertex 42.2559 21.5 5.25856
      vertex 42.4958 21.5 4.92837
    endloop
  endfacet
  facet normal 0.42576 0 0.904836
    outer loop
      vertex 43.4343 36.9901 4.152
      vertex 43.8036 21.5 3.97823
      vertex 43.8036 36.9901 3.97823
    endloop
  endfacet
  facet normal 0.42576 0 0.904836
    outer loop
      vertex 43.8036 21.5 3.97823
      vertex 43.4343 36.9901 4.152
      vertex 43.4343 21.5 4.152
    endloop
  endfacet
  facet normal 0.728956 0 -0.68456
    outer loop
      vertex 42.7752 21.5 9.36915
      vertex 42.4958 36.9901 9.07163
      vertex 42.7752 36.9901 9.36915
    endloop
  endfacet
  facet normal 0.728956 0 -0.68456
    outer loop
      vertex 42.4958 36.9901 9.07163
      vertex 42.7752 21.5 9.36915
      vertex 42.4958 21.5 9.07163
    endloop
  endfacet
  facet normal 0.308942 0 -0.951081
    outer loop
      vertex 43.8036 21.5 10.0218
      vertex 44.1918 36.9901 10.1479
      vertex 44.1918 21.5 10.1479
    endloop
  endfacet
  facet normal 0.308942 0 -0.951081
    outer loop
      vertex 44.1918 36.9901 10.1479
      vertex 43.8036 21.5 10.0218
      vertex 43.8036 36.9901 10.0218
    endloop
  endfacet
  facet normal 0 1 0
    outer loop
      vertex 45.4073 21.5 10.2244
      vertex 44.5927 21.5 10.2244
      vertex 45 21.5 10.25
    endloop
  endfacet
  facet normal 0 1 0
    outer loop
      vertex 45.8082 21.5 10.1479
      vertex 44.5927 21.5 10.2244
      vertex 45.4073 21.5 10.2244
    endloop
  endfacet
  facet normal 0 1 0
    outer loop
      vertex 45.8082 21.5 10.1479
      vertex 44.1918 21.5 10.1479
      vertex 44.5927 21.5 10.2244
    endloop
  endfacet
  facet normal 0 1 0
    outer loop
      vertex 46.1964 21.5 10.0218
      vertex 44.1918 21.5 10.1479
      vertex 45.8082 21.5 10.1479
    endloop
  endfacet
  facet normal 0 1 0
    outer loop
      vertex 46.1964 21.5 10.0218
      vertex 43.8036 21.5 10.0218
      vertex 44.1918 21.5 10.1479
    endloop
  endfacet
  facet normal 0 1 0
    outer loop
      vertex 46.5657 21.5 9.848
      vertex 43.8036 21.5 10.0218
      vertex 46.1964 21.5 10.0218
    endloop
  endfacet
  facet normal 0 1 0
    outer loop
      vertex 46.5657 21.5 9.848
      vertex 43.4343 21.5 9.848
      vertex 43.8036 21.5 10.0218
    endloop
  endfacet
  facet normal 0 1 0
    outer loop
      vertex 46.9103 21.5 9.6293
      vertex 43.4343 21.5 9.848
      vertex 46.5657 21.5 9.848
    endloop
  endfacet
  facet normal 0 1 0
    outer loop
      vertex 46.9103 21.5 9.6293
      vertex 43.0897 21.5 9.6293
      vertex 43.4343 21.5 9.848
    endloop
  endfacet
  facet normal 0 1 0
    outer loop
      vertex 47.2248 21.5 9.36915
      vertex 43.0897 21.5 9.6293
      vertex 46.9103 21.5 9.6293
    endloop
  endfacet
  facet normal 0 1 0
    outer loop
      vertex 47.2248 21.5 9.36915
      vertex 42.7752 21.5 9.36915
      vertex 43.0897 21.5 9.6293
    endloop
  endfacet
  facet normal 0 1 0
    outer loop
      vertex 47.5042 21.5 9.07163
      vertex 42.7752 21.5 9.36915
      vertex 47.2248 21.5 9.36915
    endloop
  endfacet
  facet normal 0 1 0
    outer loop
      vertex 47.5042 21.5 9.07163
      vertex 42.4958 21.5 9.07163
      vertex 42.7752 21.5 9.36915
    endloop
  endfacet
  facet normal 0 1 0
    outer loop
      vertex 47.7441 21.5 8.74144
      vertex 42.4958 21.5 9.07163
      vertex 47.5042 21.5 9.07163
    endloop
  endfacet
  facet normal 0 1 0
    outer loop
      vertex 47.7441 21.5 8.74144
      vertex 42.2559 21.5 8.74144
      vertex 42.4958 21.5 9.07163
    endloop
  endfacet
  facet normal 0 1 0
    outer loop
      vertex 47.9407 21.5 8.38378
      vertex 42.2559 21.5 8.74144
      vertex 47.7441 21.5 8.74144
    endloop
  endfacet
  facet normal 0 1 0
    outer loop
      vertex 47.9407 21.5 8.38378
      vertex 42.0593 21.5 8.38378
      vertex 42.2559 21.5 8.74144
    endloop
  endfacet
  facet normal 0 1 0
    outer loop
      vertex 48.0909 21.5 8.0043
      vertex 42.0593 21.5 8.38378
      vertex 47.9407 21.5 8.38378
    endloop
  endfacet
  facet normal 0 1 0
    outer loop
      vertex 48.0909 21.5 8.0043
      vertex 41.9091 21.5 8.0043
      vertex 42.0593 21.5 8.38378
    endloop
  endfacet
  facet normal 0 1 0
    outer loop
      vertex 48.1924 21.5 7.60899
      vertex 41.9091 21.5 8.0043
      vertex 48.0909 21.5 8.0043
    endloop
  endfacet
  facet normal 0 1 0
    outer loop
      vertex 48.1924 21.5 7.60899
      vertex 41.8076 21.5 7.60899
      vertex 41.9091 21.5 8.0043
    endloop
  endfacet
  facet normal 0 1 0
    outer loop
      vertex 48.2436 21.5 7.20407
      vertex 41.8076 21.5 7.60899
      vertex 48.1924 21.5 7.60899
    endloop
  endfacet
  facet normal 0 1 0
    outer loop
      vertex 48.2436 21.5 7.20407
      vertex 41.7564 21.5 7.20407
      vertex 41.8076 21.5 7.60899
    endloop
  endfacet
  facet normal 0 1 -0
    outer loop
      vertex 48.2436 21.5 6.79593
      vertex 41.7564 21.5 7.20407
      vertex 48.2436 21.5 7.20407
    endloop
  endfacet
  facet normal 0 1 0
    outer loop
      vertex 48.2436 21.5 6.79593
      vertex 41.7564 21.5 6.79593
      vertex 41.7564 21.5 7.20407
    endloop
  endfacet
  facet normal 0 1 -0
    outer loop
      vertex 48.1924 21.5 6.39101
      vertex 41.7564 21.5 6.79593
      vertex 48.2436 21.5 6.79593
    endloop
  endfacet
  facet normal 0 1 0
    outer loop
      vertex 48.1924 21.5 6.39101
      vertex 41.8076 21.5 6.39101
      vertex 41.7564 21.5 6.79593
    endloop
  endfacet
  facet normal 0 1 -0
    outer loop
      vertex 48.0909 21.5 5.99569
      vertex 41.8076 21.5 6.39101
      vertex 48.1924 21.5 6.39101
    endloop
  endfacet
  facet normal 0 1 0
    outer loop
      vertex 48.0909 21.5 5.99569
      vertex 41.9091 21.5 5.99569
      vertex 41.8076 21.5 6.39101
    endloop
  endfacet
  facet normal 0 1 -0
    outer loop
      vertex 47.9407 21.5 5.61622
      vertex 41.9091 21.5 5.99569
      vertex 48.0909 21.5 5.99569
    endloop
  endfacet
  facet normal 0 1 0
    outer loop
      vertex 47.9407 21.5 5.61622
      vertex 42.0593 21.5 5.61622
      vertex 41.9091 21.5 5.99569
    endloop
  endfacet
  facet normal 0 1 -0
    outer loop
      vertex 47.7441 21.5 5.25856
      vertex 42.0593 21.5 5.61622
      vertex 47.9407 21.5 5.61622
    endloop
  endfacet
  facet normal 0 1 0
    outer loop
      vertex 47.7441 21.5 5.25856
      vertex 42.2559 21.5 5.25856
      vertex 42.0593 21.5 5.61622
    endloop
  endfacet
  facet normal 0 1 -0
    outer loop
      vertex 47.5042 21.5 4.92837
      vertex 42.2559 21.5 5.25856
      vertex 47.7441 21.5 5.25856
    endloop
  endfacet
  facet normal 0 1 0
    outer loop
      vertex 47.5042 21.5 4.92837
      vertex 42.4958 21.5 4.92837
      vertex 42.2559 21.5 5.25856
    endloop
  endfacet
  facet normal 0 1 -0
    outer loop
      vertex 47.2248 21.5 4.63085
      vertex 42.4958 21.5 4.92837
      vertex 47.5042 21.5 4.92837
    endloop
  endfacet
  facet normal 0 1 0
    outer loop
      vertex 47.2248 21.5 4.63085
      vertex 42.7752 21.5 4.63085
      vertex 42.4958 21.5 4.92837
    endloop
  endfacet
  facet normal 0 1 -0
    outer loop
      vertex 46.9103 21.5 4.37069
      vertex 42.7752 21.5 4.63085
      vertex 47.2248 21.5 4.63085
    endloop
  endfacet
  facet normal 0 1 0
    outer loop
      vertex 46.9103 21.5 4.37069
      vertex 43.0897 21.5 4.37069
      vertex 42.7752 21.5 4.63085
    endloop
  endfacet
  facet normal 0 1 -0
    outer loop
      vertex 46.5657 21.5 4.152
      vertex 43.0897 21.5 4.37069
      vertex 46.9103 21.5 4.37069
    endloop
  endfacet
  facet normal 0 1 0
    outer loop
      vertex 46.5657 21.5 4.152
      vertex 43.4343 21.5 4.152
      vertex 43.0897 21.5 4.37069
    endloop
  endfacet
  facet normal 0 1 -0
    outer loop
      vertex 46.1964 21.5 3.97823
      vertex 43.4343 21.5 4.152
      vertex 46.5657 21.5 4.152
    endloop
  endfacet
  facet normal 0 1 0
    outer loop
      vertex 46.1964 21.5 3.97823
      vertex 43.8036 21.5 3.97823
      vertex 43.4343 21.5 4.152
    endloop
  endfacet
  facet normal 0 1 -0
    outer loop
      vertex 45.8082 21.5 3.8521
      vertex 43.8036 21.5 3.97823
      vertex 46.1964 21.5 3.97823
    endloop
  endfacet
  facet normal 0 1 0
    outer loop
      vertex 45.8082 21.5 3.8521
      vertex 44.1918 21.5 3.8521
      vertex 43.8036 21.5 3.97823
    endloop
  endfacet
  facet normal 0 1 -0
    outer loop
      vertex 45.4073 21.5 3.77563
      vertex 44.1918 21.5 3.8521
      vertex 45.8082 21.5 3.8521
    endloop
  endfacet
  facet normal 0 1 0
    outer loop
      vertex 45.4073 21.5 3.77563
      vertex 44.5927 21.5 3.77563
      vertex 44.1918 21.5 3.8521
    endloop
  endfacet
  facet normal -0 1 0
    outer loop
      vertex 44.5927 21.5 3.77563
      vertex 45.4073 21.5 3.77563
      vertex 45 21.5 3.75
    endloop
  endfacet
  facet normal 1 -0 0
    outer loop
      vertex 41.7564 21.5 7.20407
      vertex 41.7564 36.9901 6.79593
      vertex 41.7564 36.9901 7.20407
    endloop
  endfacet
  facet normal 1 0 0
    outer loop
      vertex 41.7564 36.9901 6.79593
      vertex 41.7564 21.5 7.20407
      vertex 41.7564 21.5 6.79593
    endloop
  endfacet
  facet normal -0.309009 0 0.951059
    outer loop
      vertex 45.8082 36.9901 3.8521
      vertex 46.1964 21.5 3.97823
      vertex 46.1964 36.9901 3.97823
    endloop
  endfacet
  facet normal -0.309009 0 0.951059
    outer loop
      vertex 46.1964 21.5 3.97823
      vertex 45.8082 36.9901 3.8521
      vertex 45.8082 21.5 3.8521
    endloop
  endfacet
  facet normal -0.637399 0 0.770534
    outer loop
      vertex 46.9103 36.9901 4.37069
      vertex 47.2248 21.5 4.63085
      vertex 47.2248 36.9901 4.63085
    endloop
  endfacet
  facet normal -0.637399 0 0.770534
    outer loop
      vertex 47.2248 21.5 4.63085
      vertex 46.9103 36.9901 4.37069
      vertex 46.9103 21.5 4.37069
    endloop
  endfacet
  facet normal -0.728956 0 0.68456
    outer loop
      vertex 47.2248 21.5 4.63085
      vertex 47.5042 36.9901 4.92837
      vertex 47.2248 36.9901 4.63085
    endloop
  endfacet
  facet normal -0.728956 0 0.68456
    outer loop
      vertex 47.5042 36.9901 4.92837
      vertex 47.2248 21.5 4.63085
      vertex 47.5042 21.5 4.92837
    endloop
  endfacet
  facet normal -0.9921 0 0.125446
    outer loop
      vertex 48.1924 21.5 6.39101
      vertex 48.2436 36.9901 6.79593
      vertex 48.1924 36.9901 6.39101
    endloop
  endfacet
  facet normal -0.9921 0 0.125446
    outer loop
      vertex 48.2436 36.9901 6.79593
      vertex 48.1924 21.5 6.39101
      vertex 48.2436 21.5 6.79593
    endloop
  endfacet
  facet normal -1 0 0
    outer loop
      vertex 48.2436 21.5 6.79593
      vertex 48.2436 36.9901 7.20407
      vertex 48.2436 36.9901 6.79593
    endloop
  endfacet
  facet normal -1 -0 0
    outer loop
      vertex 48.2436 36.9901 7.20407
      vertex 48.2436 21.5 6.79593
      vertex 48.2436 21.5 7.20407
    endloop
  endfacet
  facet normal -0.876333 0 0.481706
    outer loop
      vertex 47.7441 21.5 5.25856
      vertex 47.9407 36.9901 5.61622
      vertex 47.7441 36.9901 5.25856
    endloop
  endfacet
  facet normal -0.876333 0 0.481706
    outer loop
      vertex 47.9407 36.9901 5.61622
      vertex 47.7441 21.5 5.25856
      vertex 47.9407 21.5 5.61622
    endloop
  endfacet
  facet normal -0.929812 0 0.368034
    outer loop
      vertex 47.9407 21.5 5.61622
      vertex 48.0909 36.9901 5.99569
      vertex 47.9407 36.9901 5.61622
    endloop
  endfacet
  facet normal -0.929812 0 0.368034
    outer loop
      vertex 48.0909 36.9901 5.99569
      vertex 47.9407 21.5 5.61622
      vertex 48.0909 21.5 5.99569
    endloop
  endfacet
  facet normal -0.535845 0 -0.844317
    outer loop
      vertex 46.5657 21.5 9.848
      vertex 46.9103 36.9901 9.6293
      vertex 46.9103 21.5 9.6293
    endloop
  endfacet
  facet normal -0.535845 0 -0.844317
    outer loop
      vertex 46.9103 36.9901 9.6293
      vertex 46.5657 21.5 9.848
      vertex 46.5657 36.9901 9.848
    endloop
  endfacet
  facet normal -0.187439 0 -0.982276
    outer loop
      vertex 45.4073 21.5 10.2244
      vertex 45.8082 36.9901 10.1479
      vertex 45.8082 21.5 10.1479
    endloop
  endfacet
  facet normal -0.187439 0 -0.982276
    outer loop
      vertex 45.8082 36.9901 10.1479
      vertex 45.4073 21.5 10.2244
      vertex 45.4073 36.9901 10.2244
    endloop
  endfacet
  facet normal -0.809014 0 -0.58779
    outer loop
      vertex 47.7441 21.5 8.74144
      vertex 47.5042 36.9901 9.07163
      vertex 47.7441 36.9901 8.74144
    endloop
  endfacet
  facet normal -0.809014 -0 -0.58779
    outer loop
      vertex 47.5042 36.9901 9.07163
      vertex 47.7441 21.5 8.74144
      vertex 47.5042 21.5 9.07163
    endloop
  endfacet
  facet normal -0.728956 0 -0.68456
    outer loop
      vertex 47.5042 21.5 9.07163
      vertex 47.2248 36.9901 9.36915
      vertex 47.5042 36.9901 9.07163
    endloop
  endfacet
  facet normal -0.728956 -0 -0.68456
    outer loop
      vertex 47.2248 36.9901 9.36915
      vertex 47.5042 21.5 9.07163
      vertex 47.2248 21.5 9.36915
    endloop
  endfacet
  facet normal -0.968582 0 -0.248694
    outer loop
      vertex 48.1924 21.5 7.60899
      vertex 48.0909 36.9901 8.0043
      vertex 48.1924 36.9901 7.60899
    endloop
  endfacet
  facet normal -0.968582 -0 -0.248694
    outer loop
      vertex 48.0909 36.9901 8.0043
      vertex 48.1924 21.5 7.60899
      vertex 48.0909 21.5 8.0043
    endloop
  endfacet
  facet normal -0.929816 0 -0.368026
    outer loop
      vertex 48.0909 21.5 8.0043
      vertex 47.9407 36.9901 8.38378
      vertex 48.0909 36.9901 8.0043
    endloop
  endfacet
  facet normal -0.929816 -0 -0.368026
    outer loop
      vertex 47.9407 36.9901 8.38378
      vertex 48.0909 21.5 8.0043
      vertex 47.9407 21.5 8.38378
    endloop
  endfacet
  facet normal 0.535827 0 0.844328
    outer loop
      vertex 43.0897 36.9901 4.37069
      vertex 43.4343 21.5 4.152
      vertex 43.4343 36.9901 4.152
    endloop
  endfacet
  facet normal 0.535827 0 0.844328
    outer loop
      vertex 43.4343 21.5 4.152
      vertex 43.0897 36.9901 4.37069
      vertex 43.0897 21.5 4.37069
    endloop
  endfacet
  facet normal 0.187368 0 0.98229
    outer loop
      vertex 44.1918 36.9901 3.8521
      vertex 44.5927 21.5 3.77563
      vertex 44.5927 36.9901 3.77563
    endloop
  endfacet
  facet normal 0.187368 0 0.98229
    outer loop
      vertex 44.5927 21.5 3.77563
      vertex 44.1918 36.9901 3.8521
      vertex 44.1918 21.5 3.8521
    endloop
  endfacet
  facet normal 0.0628024 0 0.998026
    outer loop
      vertex 44.5927 36.9901 3.77563
      vertex 45 21.5 3.75
      vertex 45 36.9901 3.75
    endloop
  endfacet
  facet normal 0.0628024 0 0.998026
    outer loop
      vertex 45 21.5 3.75
      vertex 44.5927 36.9901 3.77563
      vertex 44.5927 21.5 3.77563
    endloop
  endfacet
  facet normal 0.929816 0 -0.368026
    outer loop
      vertex 42.0593 21.5 8.38378
      vertex 41.9091 36.9901 8.0043
      vertex 42.0593 36.9901 8.38378
    endloop
  endfacet
  facet normal 0.929816 0 -0.368026
    outer loop
      vertex 41.9091 36.9901 8.0043
      vertex 42.0593 21.5 8.38378
      vertex 41.9091 21.5 8.0043
    endloop
  endfacet
  facet normal 0.637385 0 -0.770546
    outer loop
      vertex 42.7752 21.5 9.36915
      vertex 43.0897 36.9901 9.6293
      vertex 43.0897 21.5 9.6293
    endloop
  endfacet
  facet normal 0.637385 0 -0.770546
    outer loop
      vertex 43.0897 36.9901 9.6293
      vertex 42.7752 21.5 9.36915
      vertex 42.7752 36.9901 9.36915
    endloop
  endfacet
  facet normal 0.187439 0 -0.982276
    outer loop
      vertex 44.1918 21.5 10.1479
      vertex 44.5927 36.9901 10.2244
      vertex 44.5927 21.5 10.2244
    endloop
  endfacet
  facet normal 0.187439 0 -0.982276
    outer loop
      vertex 44.5927 36.9901 10.2244
      vertex 44.1918 21.5 10.1479
      vertex 44.1918 36.9901 10.1479
    endloop
  endfacet
  facet normal 0.0627292 0 -0.998031
    outer loop
      vertex 44.5927 21.5 10.2244
      vertex 45 36.9901 10.25
      vertex 45 21.5 10.25
    endloop
  endfacet
  facet normal 0.0627292 0 -0.998031
    outer loop
      vertex 45 36.9901 10.25
      vertex 44.5927 21.5 10.2244
      vertex 44.5927 36.9901 10.2244
    endloop
  endfacet
  facet normal 0.968584 -0 0.248688
    outer loop
      vertex 41.8076 21.5 6.39101
      vertex 41.9091 36.9901 5.99569
      vertex 41.8076 36.9901 6.39101
    endloop
  endfacet
  facet normal 0.968584 0 0.248688
    outer loop
      vertex 41.9091 36.9901 5.99569
      vertex 41.8076 21.5 6.39101
      vertex 41.9091 21.5 5.99569
    endloop
  endfacet
  facet normal 0.876333 -0 0.481706
    outer loop
      vertex 42.0593 21.5 5.61622
      vertex 42.2559 36.9901 5.25856
      vertex 42.0593 36.9901 5.61622
    endloop
  endfacet
  facet normal 0.876333 0 0.481706
    outer loop
      vertex 42.2559 36.9901 5.25856
      vertex 42.0593 21.5 5.61622
      vertex 42.2559 21.5 5.25856
    endloop
  endfacet
  facet normal 0.9921 0 -0.125446
    outer loop
      vertex 41.8076 21.5 7.60899
      vertex 41.7564 36.9901 7.20407
      vertex 41.8076 36.9901 7.60899
    endloop
  endfacet
  facet normal 0.9921 0 -0.125446
    outer loop
      vertex 41.7564 36.9901 7.20407
      vertex 41.8076 21.5 7.60899
      vertex 41.7564 21.5 7.20407
    endloop
  endfacet
  facet normal 0.535845 0 -0.844317
    outer loop
      vertex 43.0897 21.5 9.6293
      vertex 43.4343 36.9901 9.848
      vertex 43.4343 21.5 9.848
    endloop
  endfacet
  facet normal 0.535845 0 -0.844317
    outer loop
      vertex 43.4343 36.9901 9.848
      vertex 43.0897 21.5 9.6293
      vertex 43.0897 36.9901 9.6293
    endloop
  endfacet
  facet normal 0.425821 0 -0.904808
    outer loop
      vertex 43.4343 21.5 9.848
      vertex 43.8036 36.9901 10.0218
      vertex 43.8036 21.5 10.0218
    endloop
  endfacet
  facet normal 0.425821 0 -0.904808
    outer loop
      vertex 43.8036 36.9901 10.0218
      vertex 43.4343 21.5 9.848
      vertex 43.4343 36.9901 9.848
    endloop
  endfacet
  facet normal 0.728956 -0 0.68456
    outer loop
      vertex 42.4958 21.5 4.92837
      vertex 42.7752 36.9901 4.63085
      vertex 42.4958 36.9901 4.92837
    endloop
  endfacet
  facet normal 0.728956 0 0.68456
    outer loop
      vertex 42.7752 36.9901 4.63085
      vertex 42.4958 21.5 4.92837
      vertex 42.7752 21.5 4.63085
    endloop
  endfacet
  facet normal 0.637399 0 0.770534
    outer loop
      vertex 42.7752 36.9901 4.63085
      vertex 43.0897 21.5 4.37069
      vertex 43.0897 36.9901 4.37069
    endloop
  endfacet
  facet normal 0.637399 0 0.770534
    outer loop
      vertex 43.0897 21.5 4.37069
      vertex 42.7752 36.9901 4.63085
      vertex 42.7752 21.5 4.63085
    endloop
  endfacet
  facet normal 0.929812 -0 0.368034
    outer loop
      vertex 41.9091 21.5 5.99569
      vertex 42.0593 36.9901 5.61622
      vertex 41.9091 36.9901 5.99569
    endloop
  endfacet
  facet normal 0.929812 0 0.368034
    outer loop
      vertex 42.0593 36.9901 5.61622
      vertex 41.9091 21.5 5.99569
      vertex 42.0593 21.5 5.61622
    endloop
  endfacet
  facet normal 0.876333 0 -0.481706
    outer loop
      vertex 42.2559 21.5 8.74144
      vertex 42.0593 36.9901 8.38378
      vertex 42.2559 36.9901 8.74144
    endloop
  endfacet
  facet normal 0.876333 0 -0.481706
    outer loop
      vertex 42.0593 36.9901 8.38378
      vertex 42.2559 21.5 8.74144
      vertex 42.0593 21.5 8.38378
    endloop
  endfacet
  facet normal 0.809014 0 -0.58779
    outer loop
      vertex 42.4958 21.5 9.07163
      vertex 42.2559 36.9901 8.74144
      vertex 42.4958 36.9901 9.07163
    endloop
  endfacet
  facet normal 0.809014 0 -0.58779
    outer loop
      vertex 42.2559 36.9901 8.74144
      vertex 42.4958 21.5 9.07163
      vertex 42.2559 21.5 8.74144
    endloop
  endfacet
  facet normal 0.968582 0 -0.248694
    outer loop
      vertex 41.9091 21.5 8.0043
      vertex 41.8076 36.9901 7.60899
      vertex 41.9091 36.9901 8.0043
    endloop
  endfacet
  facet normal 0.968582 0 -0.248694
    outer loop
      vertex 41.8076 36.9901 7.60899
      vertex 41.9091 21.5 8.0043
      vertex 41.8076 21.5 7.60899
    endloop
  endfacet
  facet normal -0.0628024 0 0.998026
    outer loop
      vertex 30 36.9901 3.75
      vertex 30.4073 23.0099 3.77563
      vertex 30.4073 36.9901 3.77563
    endloop
  endfacet
  facet normal -0.0628024 0 0.998026
    outer loop
      vertex 30.4073 23.0099 3.77563
      vertex 30 36.9901 3.75
      vertex 30 23.0099 3.75
    endloop
  endfacet
  facet normal -0.187368 0 0.98229
    outer loop
      vertex 30.4073 36.9901 3.77563
      vertex 30.8082 23.0099 3.8521
      vertex 30.8082 36.9901 3.8521
    endloop
  endfacet
  facet normal -0.187368 0 0.98229
    outer loop
      vertex 30.8082 23.0099 3.8521
      vertex 30.4073 36.9901 3.77563
      vertex 30.4073 23.0099 3.77563
    endloop
  endfacet
  facet normal -0.0627292 0 -0.998031
    outer loop
      vertex 30 23.0099 10.25
      vertex 30.4073 36.9901 10.2244
      vertex 30.4073 23.0099 10.2244
    endloop
  endfacet
  facet normal -0.0627292 0 -0.998031
    outer loop
      vertex 30.4073 36.9901 10.2244
      vertex 30 23.0099 10.25
      vertex 30 36.9901 10.25
    endloop
  endfacet
  facet normal -0.809014 0 0.58779
    outer loop
      vertex 32.5042 23.0099 4.92837
      vertex 32.7441 36.9901 5.25856
      vertex 32.5042 36.9901 4.92837
    endloop
  endfacet
  facet normal -0.809014 0 0.58779
    outer loop
      vertex 32.7441 36.9901 5.25856
      vertex 32.5042 23.0099 4.92837
      vertex 32.7441 23.0099 5.25856
    endloop
  endfacet
  facet normal -0.637385 0 -0.770546
    outer loop
      vertex 31.9103 23.0099 9.6293
      vertex 32.2248 36.9901 9.36915
      vertex 32.2248 23.0099 9.36915
    endloop
  endfacet
  facet normal -0.637385 0 -0.770546
    outer loop
      vertex 32.2248 36.9901 9.36915
      vertex 31.9103 23.0099 9.6293
      vertex 31.9103 36.9901 9.6293
    endloop
  endfacet
  facet normal -0.9921 0 -0.125446
    outer loop
      vertex 33.2436 23.0099 7.20407
      vertex 33.1924 36.9901 7.60899
      vertex 33.2436 36.9901 7.20407
    endloop
  endfacet
  facet normal -0.9921 -0 -0.125446
    outer loop
      vertex 33.1924 36.9901 7.60899
      vertex 33.2436 23.0099 7.20407
      vertex 33.1924 23.0099 7.60899
    endloop
  endfacet
  facet normal 0.309009 0 0.951059
    outer loop
      vertex 28.8036 36.9901 3.97823
      vertex 29.1918 23.0099 3.8521
      vertex 29.1918 36.9901 3.8521
    endloop
  endfacet
  facet normal 0.309009 0 0.951059
    outer loop
      vertex 29.1918 23.0099 3.8521
      vertex 28.8036 36.9901 3.97823
      vertex 28.8036 23.0099 3.97823
    endloop
  endfacet
  facet normal 0.9921 -0 0.125446
    outer loop
      vertex 26.7564 23.0099 6.79593
      vertex 26.8076 36.9901 6.39101
      vertex 26.7564 36.9901 6.79593
    endloop
  endfacet
  facet normal 0.9921 0 0.125446
    outer loop
      vertex 26.8076 36.9901 6.39101
      vertex 26.7564 23.0099 6.79593
      vertex 26.8076 23.0099 6.39101
    endloop
  endfacet
  facet normal -0.42576 0 0.904836
    outer loop
      vertex 31.1964 36.9901 3.97823
      vertex 31.5657 23.0099 4.152
      vertex 31.5657 36.9901 4.152
    endloop
  endfacet
  facet normal -0.42576 0 0.904836
    outer loop
      vertex 31.5657 23.0099 4.152
      vertex 31.1964 36.9901 3.97823
      vertex 31.1964 23.0099 3.97823
    endloop
  endfacet
  facet normal -0.535827 0 0.844328
    outer loop
      vertex 31.5657 36.9901 4.152
      vertex 31.9103 23.0099 4.37069
      vertex 31.9103 36.9901 4.37069
    endloop
  endfacet
  facet normal -0.535827 0 0.844328
    outer loop
      vertex 31.9103 23.0099 4.37069
      vertex 31.5657 36.9901 4.152
      vertex 31.5657 23.0099 4.152
    endloop
  endfacet
  facet normal -0.968584 0 0.248688
    outer loop
      vertex 33.0909 23.0099 5.99569
      vertex 33.1924 36.9901 6.39101
      vertex 33.0909 36.9901 5.99569
    endloop
  endfacet
  facet normal -0.968584 0 0.248688
    outer loop
      vertex 33.1924 36.9901 6.39101
      vertex 33.0909 23.0099 5.99569
      vertex 33.1924 23.0099 6.39101
    endloop
  endfacet
  facet normal -0.308942 0 -0.951081
    outer loop
      vertex 30.8082 23.0099 10.1479
      vertex 31.1964 36.9901 10.0218
      vertex 31.1964 23.0099 10.0218
    endloop
  endfacet
  facet normal -0.308942 0 -0.951081
    outer loop
      vertex 31.1964 36.9901 10.0218
      vertex 30.8082 23.0099 10.1479
      vertex 30.8082 36.9901 10.1479
    endloop
  endfacet
  facet normal -0.876333 0 -0.481706
    outer loop
      vertex 32.9407 23.0099 8.38378
      vertex 32.7441 36.9901 8.74144
      vertex 32.9407 36.9901 8.38378
    endloop
  endfacet
  facet normal -0.876333 -0 -0.481706
    outer loop
      vertex 32.7441 36.9901 8.74144
      vertex 32.9407 23.0099 8.38378
      vertex 32.7441 23.0099 8.74144
    endloop
  endfacet
  facet normal 0.809014 -0 0.58779
    outer loop
      vertex 27.2559 23.0099 5.25856
      vertex 27.4958 36.9901 4.92837
      vertex 27.2559 36.9901 5.25856
    endloop
  endfacet
  facet normal 0.809014 0 0.58779
    outer loop
      vertex 27.4958 36.9901 4.92837
      vertex 27.2559 23.0099 5.25856
      vertex 27.4958 23.0099 4.92837
    endloop
  endfacet
  facet normal 0.42576 0 0.904836
    outer loop
      vertex 28.4343 36.9901 4.152
      vertex 28.8036 23.0099 3.97823
      vertex 28.8036 36.9901 3.97823
    endloop
  endfacet
  facet normal 0.42576 0 0.904836
    outer loop
      vertex 28.8036 23.0099 3.97823
      vertex 28.4343 36.9901 4.152
      vertex 28.4343 23.0099 4.152
    endloop
  endfacet
  facet normal 0.728956 0 -0.68456
    outer loop
      vertex 27.7752 23.0099 9.36915
      vertex 27.4958 36.9901 9.07163
      vertex 27.7752 36.9901 9.36915
    endloop
  endfacet
  facet normal 0.728956 0 -0.68456
    outer loop
      vertex 27.4958 36.9901 9.07163
      vertex 27.7752 23.0099 9.36915
      vertex 27.4958 23.0099 9.07163
    endloop
  endfacet
  facet normal 0.308942 0 -0.951081
    outer loop
      vertex 28.8036 23.0099 10.0218
      vertex 29.1918 36.9901 10.1479
      vertex 29.1918 23.0099 10.1479
    endloop
  endfacet
  facet normal 0.308942 0 -0.951081
    outer loop
      vertex 29.1918 36.9901 10.1479
      vertex 28.8036 23.0099 10.0218
      vertex 28.8036 36.9901 10.0218
    endloop
  endfacet
  facet normal 1 -0 0
    outer loop
      vertex 26.7564 23.0099 7.20407
      vertex 26.7564 36.9901 6.79593
      vertex 26.7564 36.9901 7.20407
    endloop
  endfacet
  facet normal 1 0 0
    outer loop
      vertex 26.7564 36.9901 6.79593
      vertex 26.7564 23.0099 7.20407
      vertex 26.7564 23.0099 6.79593
    endloop
  endfacet
  facet normal -0.309009 0 0.951059
    outer loop
      vertex 30.8082 36.9901 3.8521
      vertex 31.1964 23.0099 3.97823
      vertex 31.1964 36.9901 3.97823
    endloop
  endfacet
  facet normal -0.309009 0 0.951059
    outer loop
      vertex 31.1964 23.0099 3.97823
      vertex 30.8082 36.9901 3.8521
      vertex 30.8082 23.0099 3.8521
    endloop
  endfacet
  facet normal -0.637399 0 0.770534
    outer loop
      vertex 31.9103 36.9901 4.37069
      vertex 32.2248 23.0099 4.63085
      vertex 32.2248 36.9901 4.63085
    endloop
  endfacet
  facet normal -0.637399 0 0.770534
    outer loop
      vertex 32.2248 23.0099 4.63085
      vertex 31.9103 36.9901 4.37069
      vertex 31.9103 23.0099 4.37069
    endloop
  endfacet
  facet normal -0.728956 0 0.68456
    outer loop
      vertex 32.2248 23.0099 4.63085
      vertex 32.5042 36.9901 4.92837
      vertex 32.2248 36.9901 4.63085
    endloop
  endfacet
  facet normal -0.728956 0 0.68456
    outer loop
      vertex 32.5042 36.9901 4.92837
      vertex 32.2248 23.0099 4.63085
      vertex 32.5042 23.0099 4.92837
    endloop
  endfacet
  facet normal -0.9921 0 0.125446
    outer loop
      vertex 33.1924 23.0099 6.39101
      vertex 33.2436 36.9901 6.79593
      vertex 33.1924 36.9901 6.39101
    endloop
  endfacet
  facet normal -0.9921 0 0.125446
    outer loop
      vertex 33.2436 36.9901 6.79593
      vertex 33.1924 23.0099 6.39101
      vertex 33.2436 23.0099 6.79593
    endloop
  endfacet
  facet normal -1 0 0
    outer loop
      vertex 33.2436 23.0099 6.79593
      vertex 33.2436 36.9901 7.20407
      vertex 33.2436 36.9901 6.79593
    endloop
  endfacet
  facet normal -1 -0 0
    outer loop
      vertex 33.2436 36.9901 7.20407
      vertex 33.2436 23.0099 6.79593
      vertex 33.2436 23.0099 7.20407
    endloop
  endfacet
  facet normal -0.876333 0 0.481706
    outer loop
      vertex 32.7441 23.0099 5.25856
      vertex 32.9407 36.9901 5.61622
      vertex 32.7441 36.9901 5.25856
    endloop
  endfacet
  facet normal -0.876333 0 0.481706
    outer loop
      vertex 32.9407 36.9901 5.61622
      vertex 32.7441 23.0099 5.25856
      vertex 32.9407 23.0099 5.61622
    endloop
  endfacet
  facet normal -0.929812 0 0.368034
    outer loop
      vertex 32.9407 23.0099 5.61622
      vertex 33.0909 36.9901 5.99569
      vertex 32.9407 36.9901 5.61622
    endloop
  endfacet
  facet normal -0.929812 0 0.368034
    outer loop
      vertex 33.0909 36.9901 5.99569
      vertex 32.9407 23.0099 5.61622
      vertex 33.0909 23.0099 5.99569
    endloop
  endfacet
  facet normal -0.535845 0 -0.844317
    outer loop
      vertex 31.5657 23.0099 9.848
      vertex 31.9103 36.9901 9.6293
      vertex 31.9103 23.0099 9.6293
    endloop
  endfacet
  facet normal -0.535845 0 -0.844317
    outer loop
      vertex 31.9103 36.9901 9.6293
      vertex 31.5657 23.0099 9.848
      vertex 31.5657 36.9901 9.848
    endloop
  endfacet
  facet normal -0.425821 0 -0.904808
    outer loop
      vertex 31.1964 23.0099 10.0218
      vertex 31.5657 36.9901 9.848
      vertex 31.5657 23.0099 9.848
    endloop
  endfacet
  facet normal -0.425821 0 -0.904808
    outer loop
      vertex 31.5657 36.9901 9.848
      vertex 31.1964 23.0099 10.0218
      vertex 31.1964 36.9901 10.0218
    endloop
  endfacet
  facet normal -0.187439 0 -0.982276
    outer loop
      vertex 30.4073 23.0099 10.2244
      vertex 30.8082 36.9901 10.1479
      vertex 30.8082 23.0099 10.1479
    endloop
  endfacet
  facet normal -0.187439 0 -0.982276
    outer loop
      vertex 30.8082 36.9901 10.1479
      vertex 30.4073 23.0099 10.2244
      vertex 30.4073 36.9901 10.2244
    endloop
  endfacet
  facet normal -0.809014 0 -0.58779
    outer loop
      vertex 32.7441 23.0099 8.74144
      vertex 32.5042 36.9901 9.07163
      vertex 32.7441 36.9901 8.74144
    endloop
  endfacet
  facet normal -0.809014 -0 -0.58779
    outer loop
      vertex 32.5042 36.9901 9.07163
      vertex 32.7441 23.0099 8.74144
      vertex 32.5042 23.0099 9.07163
    endloop
  endfacet
  facet normal -0.728956 0 -0.68456
    outer loop
      vertex 32.5042 23.0099 9.07163
      vertex 32.2248 36.9901 9.36915
      vertex 32.5042 36.9901 9.07163
    endloop
  endfacet
  facet normal -0.728956 -0 -0.68456
    outer loop
      vertex 32.2248 36.9901 9.36915
      vertex 32.5042 23.0099 9.07163
      vertex 32.2248 23.0099 9.36915
    endloop
  endfacet
  facet normal -0.968582 0 -0.248694
    outer loop
      vertex 33.1924 23.0099 7.60899
      vertex 33.0909 36.9901 8.0043
      vertex 33.1924 36.9901 7.60899
    endloop
  endfacet
  facet normal -0.968582 -0 -0.248694
    outer loop
      vertex 33.0909 36.9901 8.0043
      vertex 33.1924 23.0099 7.60899
      vertex 33.0909 23.0099 8.0043
    endloop
  endfacet
  facet normal -0.929816 0 -0.368026
    outer loop
      vertex 33.0909 23.0099 8.0043
      vertex 32.9407 36.9901 8.38378
      vertex 33.0909 36.9901 8.0043
    endloop
  endfacet
  facet normal -0.929816 -0 -0.368026
    outer loop
      vertex 32.9407 36.9901 8.38378
      vertex 33.0909 23.0099 8.0043
      vertex 32.9407 23.0099 8.38378
    endloop
  endfacet
  facet normal 0.535827 0 0.844328
    outer loop
      vertex 28.0897 36.9901 4.37069
      vertex 28.4343 23.0099 4.152
      vertex 28.4343 36.9901 4.152
    endloop
  endfacet
  facet normal 0.535827 0 0.844328
    outer loop
      vertex 28.4343 23.0099 4.152
      vertex 28.0897 36.9901 4.37069
      vertex 28.0897 23.0099 4.37069
    endloop
  endfacet
  facet normal 0.187368 0 0.98229
    outer loop
      vertex 29.1918 36.9901 3.8521
      vertex 29.5927 23.0099 3.77563
      vertex 29.5927 36.9901 3.77563
    endloop
  endfacet
  facet normal 0.187368 0 0.98229
    outer loop
      vertex 29.5927 23.0099 3.77563
      vertex 29.1918 36.9901 3.8521
      vertex 29.1918 23.0099 3.8521
    endloop
  endfacet
  facet normal 0.0628024 0 0.998026
    outer loop
      vertex 29.5927 36.9901 3.77563
      vertex 30 23.0099 3.75
      vertex 30 36.9901 3.75
    endloop
  endfacet
  facet normal 0.0628024 0 0.998026
    outer loop
      vertex 30 23.0099 3.75
      vertex 29.5927 36.9901 3.77563
      vertex 29.5927 23.0099 3.77563
    endloop
  endfacet
  facet normal 0.929816 0 -0.368026
    outer loop
      vertex 27.0593 23.0099 8.38378
      vertex 26.9091 36.9901 8.0043
      vertex 27.0593 36.9901 8.38378
    endloop
  endfacet
  facet normal 0.929816 0 -0.368026
    outer loop
      vertex 26.9091 36.9901 8.0043
      vertex 27.0593 23.0099 8.38378
      vertex 26.9091 23.0099 8.0043
    endloop
  endfacet
  facet normal 0.637385 0 -0.770546
    outer loop
      vertex 27.7752 23.0099 9.36915
      vertex 28.0897 36.9901 9.6293
      vertex 28.0897 23.0099 9.6293
    endloop
  endfacet
  facet normal 0.637385 0 -0.770546
    outer loop
      vertex 28.0897 36.9901 9.6293
      vertex 27.7752 23.0099 9.36915
      vertex 27.7752 36.9901 9.36915
    endloop
  endfacet
  facet normal 0.187439 0 -0.982276
    outer loop
      vertex 29.1918 23.0099 10.1479
      vertex 29.5927 36.9901 10.2244
      vertex 29.5927 23.0099 10.2244
    endloop
  endfacet
  facet normal 0.187439 0 -0.982276
    outer loop
      vertex 29.5927 36.9901 10.2244
      vertex 29.1918 23.0099 10.1479
      vertex 29.1918 36.9901 10.1479
    endloop
  endfacet
  facet normal 0.0627292 0 -0.998031
    outer loop
      vertex 29.5927 23.0099 10.2244
      vertex 30 36.9901 10.25
      vertex 30 23.0099 10.25
    endloop
  endfacet
  facet normal 0.0627292 0 -0.998031
    outer loop
      vertex 30 36.9901 10.25
      vertex 29.5927 23.0099 10.2244
      vertex 29.5927 36.9901 10.2244
    endloop
  endfacet
  facet normal 0.968584 -0 0.248688
    outer loop
      vertex 26.8076 23.0099 6.39101
      vertex 26.9091 36.9901 5.99569
      vertex 26.8076 36.9901 6.39101
    endloop
  endfacet
  facet normal 0.968584 0 0.248688
    outer loop
      vertex 26.9091 36.9901 5.99569
      vertex 26.8076 23.0099 6.39101
      vertex 26.9091 23.0099 5.99569
    endloop
  endfacet
  facet normal 0.876333 -0 0.481706
    outer loop
      vertex 27.0593 23.0099 5.61622
      vertex 27.2559 36.9901 5.25856
      vertex 27.0593 36.9901 5.61622
    endloop
  endfacet
  facet normal 0.876333 0 0.481706
    outer loop
      vertex 27.2559 36.9901 5.25856
      vertex 27.0593 23.0099 5.61622
      vertex 27.2559 23.0099 5.25856
    endloop
  endfacet
  facet normal 0.9921 0 -0.125446
    outer loop
      vertex 26.8076 23.0099 7.60899
      vertex 26.7564 36.9901 7.20407
      vertex 26.8076 36.9901 7.60899
    endloop
  endfacet
  facet normal 0.9921 0 -0.125446
    outer loop
      vertex 26.7564 36.9901 7.20407
      vertex 26.8076 23.0099 7.60899
      vertex 26.7564 23.0099 7.20407
    endloop
  endfacet
  facet normal 0.535845 0 -0.844317
    outer loop
      vertex 28.0897 23.0099 9.6293
      vertex 28.4343 36.9901 9.848
      vertex 28.4343 23.0099 9.848
    endloop
  endfacet
  facet normal 0.535845 0 -0.844317
    outer loop
      vertex 28.4343 36.9901 9.848
      vertex 28.0897 23.0099 9.6293
      vertex 28.0897 36.9901 9.6293
    endloop
  endfacet
  facet normal 0.425821 0 -0.904808
    outer loop
      vertex 28.4343 23.0099 9.848
      vertex 28.8036 36.9901 10.0218
      vertex 28.8036 23.0099 10.0218
    endloop
  endfacet
  facet normal 0.425821 0 -0.904808
    outer loop
      vertex 28.8036 36.9901 10.0218
      vertex 28.4343 23.0099 9.848
      vertex 28.4343 36.9901 9.848
    endloop
  endfacet
  facet normal 0.728956 -0 0.68456
    outer loop
      vertex 27.4958 23.0099 4.92837
      vertex 27.7752 36.9901 4.63085
      vertex 27.4958 36.9901 4.92837
    endloop
  endfacet
  facet normal 0.728956 0 0.68456
    outer loop
      vertex 27.7752 36.9901 4.63085
      vertex 27.4958 23.0099 4.92837
      vertex 27.7752 23.0099 4.63085
    endloop
  endfacet
  facet normal 0.637399 0 0.770534
    outer loop
      vertex 27.7752 36.9901 4.63085
      vertex 28.0897 23.0099 4.37069
      vertex 28.0897 36.9901 4.37069
    endloop
  endfacet
  facet normal 0.637399 0 0.770534
    outer loop
      vertex 28.0897 23.0099 4.37069
      vertex 27.7752 36.9901 4.63085
      vertex 27.7752 23.0099 4.63085
    endloop
  endfacet
  facet normal 0.929812 -0 0.368034
    outer loop
      vertex 26.9091 23.0099 5.99569
      vertex 27.0593 36.9901 5.61622
      vertex 26.9091 36.9901 5.99569
    endloop
  endfacet
  facet normal 0.929812 0 0.368034
    outer loop
      vertex 27.0593 36.9901 5.61622
      vertex 26.9091 23.0099 5.99569
      vertex 27.0593 23.0099 5.61622
    endloop
  endfacet
  facet normal 0.809014 0 -0.58779
    outer loop
      vertex 27.4958 23.0099 9.07163
      vertex 27.2559 36.9901 8.74144
      vertex 27.4958 36.9901 9.07163
    endloop
  endfacet
  facet normal 0.809014 0 -0.58779
    outer loop
      vertex 27.2559 36.9901 8.74144
      vertex 27.4958 23.0099 9.07163
      vertex 27.2559 23.0099 8.74144
    endloop
  endfacet
  facet normal 0.968582 0 -0.248694
    outer loop
      vertex 26.9091 23.0099 8.0043
      vertex 26.8076 36.9901 7.60899
      vertex 26.9091 36.9901 8.0043
    endloop
  endfacet
  facet normal 0.968582 0 -0.248694
    outer loop
      vertex 26.8076 36.9901 7.60899
      vertex 26.9091 23.0099 8.0043
      vertex 26.8076 23.0099 7.60899
    endloop
  endfacet
  facet normal 0.876333 0 -0.481706
    outer loop
      vertex 27.2559 23.0099 8.74144
      vertex 27.0593 36.9901 8.38378
      vertex 27.2559 36.9901 8.74144
    endloop
  endfacet
  facet normal 0.876333 0 -0.481706
    outer loop
      vertex 27.0593 36.9901 8.38378
      vertex 27.2559 23.0099 8.74144
      vertex 27.0593 23.0099 8.38378
    endloop
  endfacet
  facet normal -0.0628024 0 0.998026
    outer loop
      vertex -60 36.9901 3.75
      vertex -59.5927 23.0099 3.77563
      vertex -59.5927 36.9901 3.77563
    endloop
  endfacet
  facet normal -0.0628024 0 0.998026
    outer loop
      vertex -59.5927 23.0099 3.77563
      vertex -60 36.9901 3.75
      vertex -60 23.0099 3.75
    endloop
  endfacet
  facet normal -0.187368 0 0.98229
    outer loop
      vertex -59.5927 36.9901 3.77563
      vertex -59.1918 23.0099 3.8521
      vertex -59.1918 36.9901 3.8521
    endloop
  endfacet
  facet normal -0.187368 0 0.98229
    outer loop
      vertex -59.1918 23.0099 3.8521
      vertex -59.5927 36.9901 3.77563
      vertex -59.5927 23.0099 3.77563
    endloop
  endfacet
  facet normal -0.0627292 0 -0.998031
    outer loop
      vertex -60 23.0099 10.25
      vertex -59.5927 36.9901 10.2244
      vertex -59.5927 23.0099 10.2244
    endloop
  endfacet
  facet normal -0.0627292 0 -0.998031
    outer loop
      vertex -59.5927 36.9901 10.2244
      vertex -60 23.0099 10.25
      vertex -60 36.9901 10.25
    endloop
  endfacet
  facet normal -0.809014 0 0.58779
    outer loop
      vertex -57.4958 23.0099 4.92837
      vertex -57.2559 36.9901 5.25856
      vertex -57.4958 36.9901 4.92837
    endloop
  endfacet
  facet normal -0.809014 0 0.58779
    outer loop
      vertex -57.2559 36.9901 5.25856
      vertex -57.4958 23.0099 4.92837
      vertex -57.2559 23.0099 5.25856
    endloop
  endfacet
  facet normal -0.425821 0 -0.904808
    outer loop
      vertex -58.8036 23.0099 10.0218
      vertex -58.4343 36.9901 9.848
      vertex -58.4343 23.0099 9.848
    endloop
  endfacet
  facet normal -0.425821 0 -0.904808
    outer loop
      vertex -58.4343 36.9901 9.848
      vertex -58.8036 23.0099 10.0218
      vertex -58.8036 36.9901 10.0218
    endloop
  endfacet
  facet normal -0.637385 0 -0.770546
    outer loop
      vertex -58.0897 23.0099 9.6293
      vertex -57.7752 36.9901 9.36915
      vertex -57.7752 23.0099 9.36915
    endloop
  endfacet
  facet normal -0.637385 0 -0.770546
    outer loop
      vertex -57.7752 36.9901 9.36915
      vertex -58.0897 23.0099 9.6293
      vertex -58.0897 36.9901 9.6293
    endloop
  endfacet
  facet normal -0.9921 0 -0.125446
    outer loop
      vertex -56.7564 23.0099 7.20407
      vertex -56.8076 36.9901 7.60899
      vertex -56.7564 36.9901 7.20407
    endloop
  endfacet
  facet normal -0.9921 -0 -0.125446
    outer loop
      vertex -56.8076 36.9901 7.60899
      vertex -56.7564 23.0099 7.20407
      vertex -56.8076 23.0099 7.60899
    endloop
  endfacet
  facet normal 0.309009 0 0.951059
    outer loop
      vertex -61.1964 36.9901 3.97823
      vertex -60.8082 23.0099 3.8521
      vertex -60.8082 36.9901 3.8521
    endloop
  endfacet
  facet normal 0.309009 0 0.951059
    outer loop
      vertex -60.8082 23.0099 3.8521
      vertex -61.1964 36.9901 3.97823
      vertex -61.1964 23.0099 3.97823
    endloop
  endfacet
  facet normal 0.9921 -0 0.125446
    outer loop
      vertex -63.2436 23.0099 6.79593
      vertex -63.1924 36.9901 6.39101
      vertex -63.2436 36.9901 6.79593
    endloop
  endfacet
  facet normal 0.9921 0 0.125446
    outer loop
      vertex -63.1924 36.9901 6.39101
      vertex -63.2436 23.0099 6.79593
      vertex -63.1924 23.0099 6.39101
    endloop
  endfacet
  facet normal -0.42576 0 0.904836
    outer loop
      vertex -58.8036 36.9901 3.97823
      vertex -58.4343 23.0099 4.152
      vertex -58.4343 36.9901 4.152
    endloop
  endfacet
  facet normal -0.42576 0 0.904836
    outer loop
      vertex -58.4343 23.0099 4.152
      vertex -58.8036 36.9901 3.97823
      vertex -58.8036 23.0099 3.97823
    endloop
  endfacet
  facet normal -0.535827 0 0.844328
    outer loop
      vertex -58.4343 36.9901 4.152
      vertex -58.0897 23.0099 4.37069
      vertex -58.0897 36.9901 4.37069
    endloop
  endfacet
  facet normal -0.535827 0 0.844328
    outer loop
      vertex -58.0897 23.0099 4.37069
      vertex -58.4343 36.9901 4.152
      vertex -58.4343 23.0099 4.152
    endloop
  endfacet
  facet normal -0.968584 0 0.248688
    outer loop
      vertex -56.9091 23.0099 5.99569
      vertex -56.8076 36.9901 6.39101
      vertex -56.9091 36.9901 5.99569
    endloop
  endfacet
  facet normal -0.968584 0 0.248688
    outer loop
      vertex -56.8076 36.9901 6.39101
      vertex -56.9091 23.0099 5.99569
      vertex -56.8076 23.0099 6.39101
    endloop
  endfacet
  facet normal -0.308942 0 -0.951081
    outer loop
      vertex -59.1918 23.0099 10.1479
      vertex -58.8036 36.9901 10.0218
      vertex -58.8036 23.0099 10.0218
    endloop
  endfacet
  facet normal -0.308942 0 -0.951081
    outer loop
      vertex -58.8036 36.9901 10.0218
      vertex -59.1918 23.0099 10.1479
      vertex -59.1918 36.9901 10.1479
    endloop
  endfacet
  facet normal -0.876333 0 -0.481706
    outer loop
      vertex -57.0593 23.0099 8.38378
      vertex -57.2559 36.9901 8.74144
      vertex -57.0593 36.9901 8.38378
    endloop
  endfacet
  facet normal -0.876333 -0 -0.481706
    outer loop
      vertex -57.2559 36.9901 8.74144
      vertex -57.0593 23.0099 8.38378
      vertex -57.2559 23.0099 8.74144
    endloop
  endfacet
  facet normal 0.809014 -0 0.58779
    outer loop
      vertex -62.7441 23.0099 5.25856
      vertex -62.5042 36.9901 4.92837
      vertex -62.7441 36.9901 5.25856
    endloop
  endfacet
  facet normal 0.809014 0 0.58779
    outer loop
      vertex -62.5042 36.9901 4.92837
      vertex -62.7441 23.0099 5.25856
      vertex -62.5042 23.0099 4.92837
    endloop
  endfacet
  facet normal 0.42576 0 0.904836
    outer loop
      vertex -61.5657 36.9901 4.152
      vertex -61.1964 23.0099 3.97823
      vertex -61.1964 36.9901 3.97823
    endloop
  endfacet
  facet normal 0.42576 0 0.904836
    outer loop
      vertex -61.1964 23.0099 3.97823
      vertex -61.5657 36.9901 4.152
      vertex -61.5657 23.0099 4.152
    endloop
  endfacet
  facet normal 0.728956 0 -0.68456
    outer loop
      vertex -62.2248 23.0099 9.36915
      vertex -62.5042 36.9901 9.07163
      vertex -62.2248 36.9901 9.36915
    endloop
  endfacet
  facet normal 0.728956 0 -0.68456
    outer loop
      vertex -62.5042 36.9901 9.07163
      vertex -62.2248 23.0099 9.36915
      vertex -62.5042 23.0099 9.07163
    endloop
  endfacet
  facet normal 0.308942 0 -0.951081
    outer loop
      vertex -61.1964 23.0099 10.0218
      vertex -60.8082 36.9901 10.1479
      vertex -60.8082 23.0099 10.1479
    endloop
  endfacet
  facet normal 0.308942 0 -0.951081
    outer loop
      vertex -60.8082 36.9901 10.1479
      vertex -61.1964 23.0099 10.0218
      vertex -61.1964 36.9901 10.0218
    endloop
  endfacet
  facet normal 1 -0 0
    outer loop
      vertex -63.2436 23.0099 7.20407
      vertex -63.2436 36.9901 6.79593
      vertex -63.2436 36.9901 7.20407
    endloop
  endfacet
  facet normal 1 0 0
    outer loop
      vertex -63.2436 36.9901 6.79593
      vertex -63.2436 23.0099 7.20407
      vertex -63.2436 23.0099 6.79593
    endloop
  endfacet
  facet normal -0.309009 0 0.951059
    outer loop
      vertex -59.1918 36.9901 3.8521
      vertex -58.8036 23.0099 3.97823
      vertex -58.8036 36.9901 3.97823
    endloop
  endfacet
  facet normal -0.309009 0 0.951059
    outer loop
      vertex -58.8036 23.0099 3.97823
      vertex -59.1918 36.9901 3.8521
      vertex -59.1918 23.0099 3.8521
    endloop
  endfacet
  facet normal -0.637399 0 0.770534
    outer loop
      vertex -58.0897 36.9901 4.37069
      vertex -57.7752 23.0099 4.63085
      vertex -57.7752 36.9901 4.63085
    endloop
  endfacet
  facet normal -0.637399 0 0.770534
    outer loop
      vertex -57.7752 23.0099 4.63085
      vertex -58.0897 36.9901 4.37069
      vertex -58.0897 23.0099 4.37069
    endloop
  endfacet
  facet normal -0.728956 0 0.68456
    outer loop
      vertex -57.7752 23.0099 4.63085
      vertex -57.4958 36.9901 4.92837
      vertex -57.7752 36.9901 4.63085
    endloop
  endfacet
  facet normal -0.728956 0 0.68456
    outer loop
      vertex -57.4958 36.9901 4.92837
      vertex -57.7752 23.0099 4.63085
      vertex -57.4958 23.0099 4.92837
    endloop
  endfacet
  facet normal -0.9921 0 0.125446
    outer loop
      vertex -56.8076 23.0099 6.39101
      vertex -56.7564 36.9901 6.79593
      vertex -56.8076 36.9901 6.39101
    endloop
  endfacet
  facet normal -0.9921 0 0.125446
    outer loop
      vertex -56.7564 36.9901 6.79593
      vertex -56.8076 23.0099 6.39101
      vertex -56.7564 23.0099 6.79593
    endloop
  endfacet
  facet normal -1 0 0
    outer loop
      vertex -56.7564 23.0099 6.79593
      vertex -56.7564 36.9901 7.20407
      vertex -56.7564 36.9901 6.79593
    endloop
  endfacet
  facet normal -1 -0 0
    outer loop
      vertex -56.7564 36.9901 7.20407
      vertex -56.7564 23.0099 6.79593
      vertex -56.7564 23.0099 7.20407
    endloop
  endfacet
  facet normal -0.876333 0 0.481706
    outer loop
      vertex -57.2559 23.0099 5.25856
      vertex -57.0593 36.9901 5.61622
      vertex -57.2559 36.9901 5.25856
    endloop
  endfacet
  facet normal -0.876333 0 0.481706
    outer loop
      vertex -57.0593 36.9901 5.61622
      vertex -57.2559 23.0099 5.25856
      vertex -57.0593 23.0099 5.61622
    endloop
  endfacet
  facet normal -0.929812 0 0.368034
    outer loop
      vertex -57.0593 23.0099 5.61622
      vertex -56.9091 36.9901 5.99569
      vertex -57.0593 36.9901 5.61622
    endloop
  endfacet
  facet normal -0.929812 0 0.368034
    outer loop
      vertex -56.9091 36.9901 5.99569
      vertex -57.0593 23.0099 5.61622
      vertex -56.9091 23.0099 5.99569
    endloop
  endfacet
  facet normal -0.535845 0 -0.844317
    outer loop
      vertex -58.4343 23.0099 9.848
      vertex -58.0897 36.9901 9.6293
      vertex -58.0897 23.0099 9.6293
    endloop
  endfacet
  facet normal -0.535845 0 -0.844317
    outer loop
      vertex -58.0897 36.9901 9.6293
      vertex -58.4343 23.0099 9.848
      vertex -58.4343 36.9901 9.848
    endloop
  endfacet
  facet normal -0.187439 0 -0.982276
    outer loop
      vertex -59.5927 23.0099 10.2244
      vertex -59.1918 36.9901 10.1479
      vertex -59.1918 23.0099 10.1479
    endloop
  endfacet
  facet normal -0.187439 0 -0.982276
    outer loop
      vertex -59.1918 36.9901 10.1479
      vertex -59.5927 23.0099 10.2244
      vertex -59.5927 36.9901 10.2244
    endloop
  endfacet
  facet normal -0.809014 0 -0.58779
    outer loop
      vertex -57.2559 23.0099 8.74144
      vertex -57.4958 36.9901 9.07163
      vertex -57.2559 36.9901 8.74144
    endloop
  endfacet
  facet normal -0.809014 -0 -0.58779
    outer loop
      vertex -57.4958 36.9901 9.07163
      vertex -57.2559 23.0099 8.74144
      vertex -57.4958 23.0099 9.07163
    endloop
  endfacet
  facet normal -0.728956 0 -0.68456
    outer loop
      vertex -57.4958 23.0099 9.07163
      vertex -57.7752 36.9901 9.36915
      vertex -57.4958 36.9901 9.07163
    endloop
  endfacet
  facet normal -0.728956 -0 -0.68456
    outer loop
      vertex -57.7752 36.9901 9.36915
      vertex -57.4958 23.0099 9.07163
      vertex -57.7752 23.0099 9.36915
    endloop
  endfacet
  facet normal -0.968582 0 -0.248694
    outer loop
      vertex -56.8076 23.0099 7.60899
      vertex -56.9091 36.9901 8.0043
      vertex -56.8076 36.9901 7.60899
    endloop
  endfacet
  facet normal -0.968582 -0 -0.248694
    outer loop
      vertex -56.9091 36.9901 8.0043
      vertex -56.8076 23.0099 7.60899
      vertex -56.9091 23.0099 8.0043
    endloop
  endfacet
  facet normal -0.929816 0 -0.368026
    outer loop
      vertex -56.9091 23.0099 8.0043
      vertex -57.0593 36.9901 8.38378
      vertex -56.9091 36.9901 8.0043
    endloop
  endfacet
  facet normal -0.929816 -0 -0.368026
    outer loop
      vertex -57.0593 36.9901 8.38378
      vertex -56.9091 23.0099 8.0043
      vertex -57.0593 23.0099 8.38378
    endloop
  endfacet
  facet normal 0.535827 0 0.844328
    outer loop
      vertex -61.9103 36.9901 4.37069
      vertex -61.5657 23.0099 4.152
      vertex -61.5657 36.9901 4.152
    endloop
  endfacet
  facet normal 0.535827 0 0.844328
    outer loop
      vertex -61.5657 23.0099 4.152
      vertex -61.9103 36.9901 4.37069
      vertex -61.9103 23.0099 4.37069
    endloop
  endfacet
  facet normal 0.187368 0 0.98229
    outer loop
      vertex -60.8082 36.9901 3.8521
      vertex -60.4073 23.0099 3.77563
      vertex -60.4073 36.9901 3.77563
    endloop
  endfacet
  facet normal 0.187368 0 0.98229
    outer loop
      vertex -60.4073 23.0099 3.77563
      vertex -60.8082 36.9901 3.8521
      vertex -60.8082 23.0099 3.8521
    endloop
  endfacet
  facet normal 0.0628024 0 0.998026
    outer loop
      vertex -60.4073 36.9901 3.77563
      vertex -60 23.0099 3.75
      vertex -60 36.9901 3.75
    endloop
  endfacet
  facet normal 0.0628024 0 0.998026
    outer loop
      vertex -60 23.0099 3.75
      vertex -60.4073 36.9901 3.77563
      vertex -60.4073 23.0099 3.77563
    endloop
  endfacet
  facet normal 0.929816 0 -0.368026
    outer loop
      vertex -62.9407 23.0099 8.38378
      vertex -63.0909 36.9901 8.0043
      vertex -62.9407 36.9901 8.38378
    endloop
  endfacet
  facet normal 0.929816 0 -0.368026
    outer loop
      vertex -63.0909 36.9901 8.0043
      vertex -62.9407 23.0099 8.38378
      vertex -63.0909 23.0099 8.0043
    endloop
  endfacet
  facet normal 0.637385 0 -0.770546
    outer loop
      vertex -62.2248 23.0099 9.36915
      vertex -61.9103 36.9901 9.6293
      vertex -61.9103 23.0099 9.6293
    endloop
  endfacet
  facet normal 0.637385 0 -0.770546
    outer loop
      vertex -61.9103 36.9901 9.6293
      vertex -62.2248 23.0099 9.36915
      vertex -62.2248 36.9901 9.36915
    endloop
  endfacet
  facet normal 0.187439 0 -0.982276
    outer loop
      vertex -60.8082 23.0099 10.1479
      vertex -60.4073 36.9901 10.2244
      vertex -60.4073 23.0099 10.2244
    endloop
  endfacet
  facet normal 0.187439 0 -0.982276
    outer loop
      vertex -60.4073 36.9901 10.2244
      vertex -60.8082 23.0099 10.1479
      vertex -60.8082 36.9901 10.1479
    endloop
  endfacet
  facet normal 0.0627292 0 -0.998031
    outer loop
      vertex -60.4073 23.0099 10.2244
      vertex -60 36.9901 10.25
      vertex -60 23.0099 10.25
    endloop
  endfacet
  facet normal 0.0627292 0 -0.998031
    outer loop
      vertex -60 36.9901 10.25
      vertex -60.4073 23.0099 10.2244
      vertex -60.4073 36.9901 10.2244
    endloop
  endfacet
  facet normal 0.968584 -0 0.248688
    outer loop
      vertex -63.1924 23.0099 6.39101
      vertex -63.0909 36.9901 5.99569
      vertex -63.1924 36.9901 6.39101
    endloop
  endfacet
  facet normal 0.968584 0 0.248688
    outer loop
      vertex -63.0909 36.9901 5.99569
      vertex -63.1924 23.0099 6.39101
      vertex -63.0909 23.0099 5.99569
    endloop
  endfacet
  facet normal 0.876333 -0 0.481706
    outer loop
      vertex -62.9407 23.0099 5.61622
      vertex -62.7441 36.9901 5.25856
      vertex -62.9407 36.9901 5.61622
    endloop
  endfacet
  facet normal 0.876333 0 0.481706
    outer loop
      vertex -62.7441 36.9901 5.25856
      vertex -62.9407 23.0099 5.61622
      vertex -62.7441 23.0099 5.25856
    endloop
  endfacet
  facet normal 0.9921 0 -0.125446
    outer loop
      vertex -63.1924 23.0099 7.60899
      vertex -63.2436 36.9901 7.20407
      vertex -63.1924 36.9901 7.60899
    endloop
  endfacet
  facet normal 0.9921 0 -0.125446
    outer loop
      vertex -63.2436 36.9901 7.20407
      vertex -63.1924 23.0099 7.60899
      vertex -63.2436 23.0099 7.20407
    endloop
  endfacet
  facet normal 0.535845 0 -0.844317
    outer loop
      vertex -61.9103 23.0099 9.6293
      vertex -61.5657 36.9901 9.848
      vertex -61.5657 23.0099 9.848
    endloop
  endfacet
  facet normal 0.535845 0 -0.844317
    outer loop
      vertex -61.5657 36.9901 9.848
      vertex -61.9103 23.0099 9.6293
      vertex -61.9103 36.9901 9.6293
    endloop
  endfacet
  facet normal 0.425821 0 -0.904808
    outer loop
      vertex -61.5657 23.0099 9.848
      vertex -61.1964 36.9901 10.0218
      vertex -61.1964 23.0099 10.0218
    endloop
  endfacet
  facet normal 0.425821 0 -0.904808
    outer loop
      vertex -61.1964 36.9901 10.0218
      vertex -61.5657 23.0099 9.848
      vertex -61.5657 36.9901 9.848
    endloop
  endfacet
  facet normal 0.728956 -0 0.68456
    outer loop
      vertex -62.5042 23.0099 4.92837
      vertex -62.2248 36.9901 4.63085
      vertex -62.5042 36.9901 4.92837
    endloop
  endfacet
  facet normal 0.728956 0 0.68456
    outer loop
      vertex -62.2248 36.9901 4.63085
      vertex -62.5042 23.0099 4.92837
      vertex -62.2248 23.0099 4.63085
    endloop
  endfacet
  facet normal 0.637399 0 0.770534
    outer loop
      vertex -62.2248 36.9901 4.63085
      vertex -61.9103 23.0099 4.37069
      vertex -61.9103 36.9901 4.37069
    endloop
  endfacet
  facet normal 0.637399 0 0.770534
    outer loop
      vertex -61.9103 23.0099 4.37069
      vertex -62.2248 36.9901 4.63085
      vertex -62.2248 23.0099 4.63085
    endloop
  endfacet
  facet normal 0.809014 0 -0.58779
    outer loop
      vertex -62.5042 23.0099 9.07163
      vertex -62.7441 36.9901 8.74144
      vertex -62.5042 36.9901 9.07163
    endloop
  endfacet
  facet normal 0.809014 0 -0.58779
    outer loop
      vertex -62.7441 36.9901 8.74144
      vertex -62.5042 23.0099 9.07163
      vertex -62.7441 23.0099 8.74144
    endloop
  endfacet
  facet normal 0.876333 0 -0.481706
    outer loop
      vertex -62.7441 23.0099 8.74144
      vertex -62.9407 36.9901 8.38378
      vertex -62.7441 36.9901 8.74144
    endloop
  endfacet
  facet normal 0.876333 0 -0.481706
    outer loop
      vertex -62.9407 36.9901 8.38378
      vertex -62.7441 23.0099 8.74144
      vertex -62.9407 23.0099 8.38378
    endloop
  endfacet
  facet normal 0.968582 0 -0.248694
    outer loop
      vertex -63.0909 23.0099 8.0043
      vertex -63.1924 36.9901 7.60899
      vertex -63.0909 36.9901 8.0043
    endloop
  endfacet
  facet normal 0.968582 0 -0.248694
    outer loop
      vertex -63.1924 36.9901 7.60899
      vertex -63.0909 23.0099 8.0043
      vertex -63.1924 23.0099 7.60899
    endloop
  endfacet
  facet normal 0.929812 -0 0.368034
    outer loop
      vertex -63.0909 23.0099 5.99569
      vertex -62.9407 36.9901 5.61622
      vertex -63.0909 36.9901 5.99569
    endloop
  endfacet
  facet normal 0.929812 0 0.368034
    outer loop
      vertex -62.9407 36.9901 5.61622
      vertex -63.0909 23.0099 5.99569
      vertex -62.9407 23.0099 5.61622
    endloop
  endfacet
endsolid OpenSCAD_Model
