solid OpenSCAD_Model
  facet normal -1 0 0
    outer loop
      vertex -82 32 0
      vertex -82 17.7446 6.82733
      vertex -82 32 14
    endloop
  endfacet
  facet normal -1 0 0
    outer loop
      vertex -82 32 0
      vertex -82 17.7013 6.4847
      vertex -82 17.7446 6.82733
    endloop
  endfacet
  facet normal -1 0 0
    outer loop
      vertex -82 32 0
      vertex -82 17.6154 6.1502
      vertex -82 17.7013 6.4847
    endloop
  endfacet
  facet normal -1 0 0
    outer loop
      vertex -82 32 0
      vertex -82 17.4883 5.82911
      vertex -82 17.6154 6.1502
    endloop
  endfacet
  facet normal -1 0 0
    outer loop
      vertex -82 32 0
      vertex -82 17.3219 5.52648
      vertex -82 17.4883 5.82911
    endloop
  endfacet
  facet normal -1 0 0
    outer loop
      vertex -82 32 0
      vertex -82 17.1189 5.24708
      vertex -82 17.3219 5.52648
    endloop
  endfacet
  facet normal -1 0 0
    outer loop
      vertex -82 32 0
      vertex -82 16.8825 4.99534
      vertex -82 17.1189 5.24708
    endloop
  endfacet
  facet normal -1 0 0
    outer loop
      vertex -82 32 0
      vertex -82 16.6164 4.7752
      vertex -82 16.8825 4.99534
    endloop
  endfacet
  facet normal -1 0 0
    outer loop
      vertex -82 32 0
      vertex -82 16.3248 4.59016
      vertex -82 16.6164 4.7752
    endloop
  endfacet
  facet normal -1 0 0
    outer loop
      vertex -82 32 0
      vertex -82 16.0123 4.44312
      vertex -82 16.3248 4.59016
    endloop
  endfacet
  facet normal -1 0 0
    outer loop
      vertex -82 32 0
      vertex -82 15.6839 4.3364
      vertex -82 16.0123 4.44312
    endloop
  endfacet
  facet normal -1 0 0
    outer loop
      vertex -82 32 0
      vertex -82 15.3447 4.27168
      vertex -82 15.6839 4.3364
    endloop
  endfacet
  facet normal -1 0 0
    outer loop
      vertex -82 32 0
      vertex -82 15 4.25
      vertex -82 15.3447 4.27168
    endloop
  endfacet
  facet normal -1 0 0
    outer loop
      vertex -82 32 0
      vertex -82 14.6553 4.27168
      vertex -82 15 4.25
    endloop
  endfacet
  facet normal -1 0 0
    outer loop
      vertex -82 -32 0
      vertex -82 14.6553 4.27168
      vertex -82 32 0
    endloop
  endfacet
  facet normal -1 0 0
    outer loop
      vertex -82 12.2554 6.82733
      vertex -82 -27.2554 6.82733
      vertex -82 12.2554 7.17267
    endloop
  endfacet
  facet normal -1 0 0
    outer loop
      vertex -82 12.2987 6.4847
      vertex -82 -27.2554 6.82733
      vertex -82 12.2554 6.82733
    endloop
  endfacet
  facet normal -1 0 0
    outer loop
      vertex -82 -27.2987 6.4847
      vertex -82 12.2987 6.4847
      vertex -82 12.3846 6.1502
    endloop
  endfacet
  facet normal -1 0 0
    outer loop
      vertex -82 -27.3846 6.1502
      vertex -82 12.3846 6.1502
      vertex -82 12.5117 5.82911
    endloop
  endfacet
  facet normal -1 0 0
    outer loop
      vertex -82 -27.5117 5.82911
      vertex -82 12.5117 5.82911
      vertex -82 12.6781 5.52648
    endloop
  endfacet
  facet normal -1 0 0
    outer loop
      vertex -82 -27.6781 5.52648
      vertex -82 12.6781 5.52648
      vertex -82 12.8811 5.24708
    endloop
  endfacet
  facet normal -1 0 0
    outer loop
      vertex -82 -27.8811 5.24708
      vertex -82 12.8811 5.24708
      vertex -82 13.1175 4.99534
    endloop
  endfacet
  facet normal -1 0 0
    outer loop
      vertex -82 -32 0
      vertex -82 13.1175 4.99534
      vertex -82 13.3836 4.7752
    endloop
  endfacet
  facet normal -1 0 0
    outer loop
      vertex -82 -32 0
      vertex -82 13.3836 4.7752
      vertex -82 13.6752 4.59016
    endloop
  endfacet
  facet normal -1 0 0
    outer loop
      vertex -82 -32 0
      vertex -82 13.6752 4.59016
      vertex -82 13.9877 4.44312
    endloop
  endfacet
  facet normal -1 0 0
    outer loop
      vertex -82 -32 0
      vertex -82 13.9877 4.44312
      vertex -82 14.3161 4.3364
    endloop
  endfacet
  facet normal -1 -0 0
    outer loop
      vertex -82 14.6553 4.27168
      vertex -82 -32 0
      vertex -82 14.3161 4.3364
    endloop
  endfacet
  facet normal -1 0 0
    outer loop
      vertex -82 12.2987 6.4847
      vertex -82 -27.2987 6.4847
      vertex -82 -27.2554 6.82733
    endloop
  endfacet
  facet normal -1 0 0
    outer loop
      vertex -82 12.3846 6.1502
      vertex -82 -27.3846 6.1502
      vertex -82 -27.2987 6.4847
    endloop
  endfacet
  facet normal -1 0 0
    outer loop
      vertex -82 12.5117 5.82911
      vertex -82 -27.5117 5.82911
      vertex -82 -27.3846 6.1502
    endloop
  endfacet
  facet normal -1 0 0
    outer loop
      vertex -82 12.6781 5.52648
      vertex -82 -27.6781 5.52648
      vertex -82 -27.5117 5.82911
    endloop
  endfacet
  facet normal -1 0 0
    outer loop
      vertex -82 12.8811 5.24708
      vertex -82 -27.8811 5.24708
      vertex -82 -27.6781 5.52648
    endloop
  endfacet
  facet normal -1 0 0
    outer loop
      vertex -82 13.1175 4.99534
      vertex -82 -28.1175 4.99534
      vertex -82 -27.8811 5.24708
    endloop
  endfacet
  facet normal -1 -0 0
    outer loop
      vertex -82 13.1175 4.99534
      vertex -82 -32 0
      vertex -82 -28.1175 4.99534
    endloop
  endfacet
  facet normal -1 0 0
    outer loop
      vertex -82 -28.1175 4.99534
      vertex -82 -32 0
      vertex -82 -28.3836 4.7752
    endloop
  endfacet
  facet normal -1 0 0
    outer loop
      vertex -82 -28.3836 4.7752
      vertex -82 -32 0
      vertex -82 -28.6752 4.59016
    endloop
  endfacet
  facet normal -1 0 0
    outer loop
      vertex -82 -28.6752 4.59016
      vertex -82 -32 0
      vertex -82 -28.9877 4.44312
    endloop
  endfacet
  facet normal -1 0 0
    outer loop
      vertex -82 -28.9877 4.44312
      vertex -82 -32 0
      vertex -82 -29.3161 4.3364
    endloop
  endfacet
  facet normal -1 0 0
    outer loop
      vertex -82 -29.3161 4.3364
      vertex -82 -32 0
      vertex -82 -29.6553 4.27168
    endloop
  endfacet
  facet normal -1 0 0
    outer loop
      vertex -82 -29.6553 4.27168
      vertex -82 -32 0
      vertex -82 -30 4.25
    endloop
  endfacet
  facet normal -1 -0 0
    outer loop
      vertex -82 -30 4.25
      vertex -82 -32 0
      vertex -82 -30.3447 4.27168
    endloop
  endfacet
  facet normal -1 0 0
    outer loop
      vertex -82 -32 0
      vertex -82 -30.6839 4.3364
      vertex -82 -30.3447 4.27168
    endloop
  endfacet
  facet normal -1 0 0
    outer loop
      vertex -82 -32 0
      vertex -82 -31.0123 4.44312
      vertex -82 -30.6839 4.3364
    endloop
  endfacet
  facet normal -1 0 0
    outer loop
      vertex -82 -32 0
      vertex -82 -31.3248 4.59016
      vertex -82 -31.0123 4.44312
    endloop
  endfacet
  facet normal -1 0 0
    outer loop
      vertex -82 -32 0
      vertex -82 -31.6164 4.7752
      vertex -82 -31.3248 4.59016
    endloop
  endfacet
  facet normal -1 0 0
    outer loop
      vertex -82 -32 0
      vertex -82 -31.8825 4.99534
      vertex -82 -31.6164 4.7752
    endloop
  endfacet
  facet normal -1 -0 0
    outer loop
      vertex -82 -31.8825 4.99534
      vertex -82 -32 0
      vertex -82 -32 5.12046
    endloop
  endfacet
  facet normal -1 0 0
    outer loop
      vertex -82 17.7446 7.17267
      vertex -82 32 14
      vertex -82 17.7446 6.82733
    endloop
  endfacet
  facet normal -1 0 0
    outer loop
      vertex -82 17.7013 7.5153
      vertex -82 32 14
      vertex -82 17.7446 7.17267
    endloop
  endfacet
  facet normal -1 0 0
    outer loop
      vertex -82 17.6154 7.8498
      vertex -82 32 14
      vertex -82 17.7013 7.5153
    endloop
  endfacet
  facet normal -1 0 0
    outer loop
      vertex -82 17.4883 8.17089
      vertex -82 32 14
      vertex -82 17.6154 7.8498
    endloop
  endfacet
  facet normal -1 0 0
    outer loop
      vertex -82 17.3219 8.47352
      vertex -82 32 14
      vertex -82 17.4883 8.17089
    endloop
  endfacet
  facet normal -1 0 0
    outer loop
      vertex -82 17.1189 8.75292
      vertex -82 32 14
      vertex -82 17.3219 8.47352
    endloop
  endfacet
  facet normal -1 0 0
    outer loop
      vertex -82 16.8825 9.00466
      vertex -82 32 14
      vertex -82 17.1189 8.75292
    endloop
  endfacet
  facet normal -1 0 0
    outer loop
      vertex -82 16.6164 9.2248
      vertex -82 32 14
      vertex -82 16.8825 9.00466
    endloop
  endfacet
  facet normal -1 0 0
    outer loop
      vertex -82 16.3248 9.40984
      vertex -82 32 14
      vertex -82 16.6164 9.2248
    endloop
  endfacet
  facet normal -1 0 0
    outer loop
      vertex -82 16.0123 9.55688
      vertex -82 32 14
      vertex -82 16.3248 9.40984
    endloop
  endfacet
  facet normal -1 0 0
    outer loop
      vertex -82 15.6839 9.6636
      vertex -82 32 14
      vertex -82 16.0123 9.55688
    endloop
  endfacet
  facet normal -1 0 0
    outer loop
      vertex -82 15.3447 9.72832
      vertex -82 32 14
      vertex -82 15.6839 9.6636
    endloop
  endfacet
  facet normal -1 0 0
    outer loop
      vertex -82 15 9.75
      vertex -82 32 14
      vertex -82 15.3447 9.72832
    endloop
  endfacet
  facet normal -1 0 0
    outer loop
      vertex -82 14.6553 9.72832
      vertex -82 32 14
      vertex -82 15 9.75
    endloop
  endfacet
  facet normal -1 0 0
    outer loop
      vertex -82 -32 14
      vertex -82 14.6553 9.72832
      vertex -82 14.3161 9.6636
    endloop
  endfacet
  facet normal -1 0 0
    outer loop
      vertex -82 -27.2554 7.17267
      vertex -82 12.2554 7.17267
      vertex -82 -27.2554 6.82733
    endloop
  endfacet
  facet normal -1 0 0
    outer loop
      vertex -82 12.2554 7.17267
      vertex -82 -27.2554 7.17267
      vertex -82 12.2987 7.5153
    endloop
  endfacet
  facet normal -1 0 0
    outer loop
      vertex -82 -27.2987 7.5153
      vertex -82 12.2987 7.5153
      vertex -82 -27.2554 7.17267
    endloop
  endfacet
  facet normal -1 0 0
    outer loop
      vertex -82 12.2987 7.5153
      vertex -82 -27.2987 7.5153
      vertex -82 12.3846 7.8498
    endloop
  endfacet
  facet normal -1 0 0
    outer loop
      vertex -82 -27.3846 7.8498
      vertex -82 12.3846 7.8498
      vertex -82 -27.2987 7.5153
    endloop
  endfacet
  facet normal -1 0 0
    outer loop
      vertex -82 12.3846 7.8498
      vertex -82 -27.3846 7.8498
      vertex -82 12.5117 8.17089
    endloop
  endfacet
  facet normal -1 0 0
    outer loop
      vertex -82 -27.5117 8.17089
      vertex -82 12.5117 8.17089
      vertex -82 -27.3846 7.8498
    endloop
  endfacet
  facet normal -1 0 0
    outer loop
      vertex -82 12.5117 8.17089
      vertex -82 -27.5117 8.17089
      vertex -82 12.6781 8.47352
    endloop
  endfacet
  facet normal -1 0 0
    outer loop
      vertex -82 -27.6781 8.47352
      vertex -82 12.6781 8.47352
      vertex -82 -27.5117 8.17089
    endloop
  endfacet
  facet normal -1 0 0
    outer loop
      vertex -82 12.6781 8.47352
      vertex -82 -27.6781 8.47352
      vertex -82 12.8811 8.75292
    endloop
  endfacet
  facet normal -1 0 0
    outer loop
      vertex -82 -27.8811 8.75292
      vertex -82 12.8811 8.75292
      vertex -82 -27.6781 8.47352
    endloop
  endfacet
  facet normal -1 0 0
    outer loop
      vertex -82 12.8811 8.75292
      vertex -82 -27.8811 8.75292
      vertex -82 13.1175 9.00466
    endloop
  endfacet
  facet normal -1 0 0
    outer loop
      vertex -82 -28.1175 9.00466
      vertex -82 13.1175 9.00466
      vertex -82 -27.8811 8.75292
    endloop
  endfacet
  facet normal -1 0 0
    outer loop
      vertex -82 -32 14
      vertex -82 13.1175 9.00466
      vertex -82 -28.1175 9.00466
    endloop
  endfacet
  facet normal -1 0 0
    outer loop
      vertex -82 13.1175 9.00466
      vertex -82 -32 14
      vertex -82 13.3836 9.2248
    endloop
  endfacet
  facet normal -1 0 0
    outer loop
      vertex -82 13.3836 9.2248
      vertex -82 -32 14
      vertex -82 13.6752 9.40984
    endloop
  endfacet
  facet normal -1 0 0
    outer loop
      vertex -82 13.6752 9.40984
      vertex -82 -32 14
      vertex -82 13.9877 9.55688
    endloop
  endfacet
  facet normal -1 0 0
    outer loop
      vertex -82 13.9877 9.55688
      vertex -82 -32 14
      vertex -82 14.3161 9.6636
    endloop
  endfacet
  facet normal -1 0 0
    outer loop
      vertex -82 -32 14
      vertex -82 -28.1175 9.00466
      vertex -82 -28.3836 9.2248
    endloop
  endfacet
  facet normal -1 0 0
    outer loop
      vertex -82 -32 14
      vertex -82 -28.3836 9.2248
      vertex -82 -28.6752 9.40984
    endloop
  endfacet
  facet normal -1 0 0
    outer loop
      vertex -82 -32 14
      vertex -82 -28.6752 9.40984
      vertex -82 -28.9877 9.55688
    endloop
  endfacet
  facet normal -1 0 0
    outer loop
      vertex -82 -32 14
      vertex -82 -28.9877 9.55688
      vertex -82 -29.3161 9.6636
    endloop
  endfacet
  facet normal -1 0 0
    outer loop
      vertex -82 -32 14
      vertex -82 -29.3161 9.6636
      vertex -82 -29.6553 9.72832
    endloop
  endfacet
  facet normal -1 0 0
    outer loop
      vertex -82 -32 14
      vertex -82 -29.6553 9.72832
      vertex -82 -30 9.75
    endloop
  endfacet
  facet normal -1 0 0
    outer loop
      vertex -82 -32 14
      vertex -82 -30 9.75
      vertex -82 -30.3447 9.72832
    endloop
  endfacet
  facet normal -1 0 0
    outer loop
      vertex -82 14.6553 9.72832
      vertex -82 -32 14
      vertex -82 32 14
    endloop
  endfacet
  facet normal -1 0 0
    outer loop
      vertex -82 -30.6839 9.6636
      vertex -82 -32 14
      vertex -82 -30.3447 9.72832
    endloop
  endfacet
  facet normal -1 0 0
    outer loop
      vertex -82 -31.0123 9.55688
      vertex -82 -32 14
      vertex -82 -30.6839 9.6636
    endloop
  endfacet
  facet normal -1 0 0
    outer loop
      vertex -82 -31.3248 9.40984
      vertex -82 -32 14
      vertex -82 -31.0123 9.55688
    endloop
  endfacet
  facet normal -1 0 0
    outer loop
      vertex -82 -31.6164 9.2248
      vertex -82 -32 14
      vertex -82 -31.3248 9.40984
    endloop
  endfacet
  facet normal -1 0 0
    outer loop
      vertex -82 -31.8825 9.00466
      vertex -82 -32 14
      vertex -82 -31.6164 9.2248
    endloop
  endfacet
  facet normal -1 0 0
    outer loop
      vertex -82 -32 14
      vertex -82 -31.8825 9.00466
      vertex -82 -32 8.87954
    endloop
  endfacet
  facet normal 0 1 0
    outer loop
      vertex 60.4073 36.9901 3.77563
      vertex 77.3139 36.9901 0
      vertex 60 36.9901 3.75
    endloop
  endfacet
  facet normal 0 1 0
    outer loop
      vertex 60 36.9901 3.75
      vertex 77.3139 36.9901 0
      vertex 45 36.9901 3.75
    endloop
  endfacet
  facet normal 0 1 0
    outer loop
      vertex 45 36.9901 3.75
      vertex 77.3139 36.9901 0
      vertex 30 36.9901 3.75
    endloop
  endfacet
  facet normal 0 1 0
    outer loop
      vertex 30 36.9901 3.75
      vertex 77.3139 36.9901 0
      vertex 15 36.9901 3.75
    endloop
  endfacet
  facet normal 0 1 0
    outer loop
      vertex 15 36.9901 3.75
      vertex 77.3139 36.9901 0
      vertex 0 36.9901 3.75
    endloop
  endfacet
  facet normal 0 1 0
    outer loop
      vertex -77.3139 36.9901 0
      vertex 0 36.9901 3.75
      vertex 77.3139 36.9901 0
    endloop
  endfacet
  facet normal 0 1 0
    outer loop
      vertex 0 36.9901 3.75
      vertex -77.3139 36.9901 0
      vertex -15 36.9901 3.75
    endloop
  endfacet
  facet normal 0 1 0
    outer loop
      vertex -15 36.9901 3.75
      vertex -77.3139 36.9901 0
      vertex -30 36.9901 3.75
    endloop
  endfacet
  facet normal 0 1 0
    outer loop
      vertex -30 36.9901 3.75
      vertex -77.3139 36.9901 0
      vertex -45 36.9901 3.75
    endloop
  endfacet
  facet normal 0 1 0
    outer loop
      vertex 75.4073 36.9901 3.77563
      vertex 77.3139 36.9901 0
      vertex 75 36.9901 3.75
    endloop
  endfacet
  facet normal 0 1 0
    outer loop
      vertex 75.8082 36.9901 3.8521
      vertex 77.3139 36.9901 0
      vertex 75.4073 36.9901 3.77563
    endloop
  endfacet
  facet normal 0 1 0
    outer loop
      vertex 76.1964 36.9901 3.97823
      vertex 77.3139 36.9901 0
      vertex 75.8082 36.9901 3.8521
    endloop
  endfacet
  facet normal 0 1 0
    outer loop
      vertex 76.5657 36.9901 4.152
      vertex 77.3139 36.9901 0
      vertex 76.1964 36.9901 3.97823
    endloop
  endfacet
  facet normal 0 1 0
    outer loop
      vertex 76.9103 36.9901 4.37069
      vertex 77.3139 36.9901 0
      vertex 76.5657 36.9901 4.152
    endloop
  endfacet
  facet normal 0 1 0
    outer loop
      vertex 77.2248 36.9901 4.63085
      vertex 77.3139 36.9901 0
      vertex 76.9103 36.9901 4.37069
    endloop
  endfacet
  facet normal 0 1 -0
    outer loop
      vertex 77.3139 36.9901 0
      vertex 77.2248 36.9901 4.63085
      vertex 77.3139 36.9901 4.72581
    endloop
  endfacet
  facet normal 0 1 -0
    outer loop
      vertex -59.5927 36.9901 10.2244
      vertex -77.3139 36.9901 14
      vertex -45.4073 36.9901 10.2244
    endloop
  endfacet
  facet normal 0 1 0
    outer loop
      vertex -77.3139 36.9901 14
      vertex -59.5927 36.9901 10.2244
      vertex -60 36.9901 10.25
    endloop
  endfacet
  facet normal 0 1 -0
    outer loop
      vertex -45.8082 36.9901 10.1479
      vertex -59.5927 36.9901 10.2244
      vertex -45.4073 36.9901 10.2244
    endloop
  endfacet
  facet normal 0 1 0
    outer loop
      vertex -45.8082 36.9901 10.1479
      vertex -59.1918 36.9901 10.1479
      vertex -59.5927 36.9901 10.2244
    endloop
  endfacet
  facet normal 0 1 -0
    outer loop
      vertex -46.1964 36.9901 10.0218
      vertex -59.1918 36.9901 10.1479
      vertex -45.8082 36.9901 10.1479
    endloop
  endfacet
  facet normal 0 1 0
    outer loop
      vertex -46.1964 36.9901 10.0218
      vertex -58.8036 36.9901 10.0218
      vertex -59.1918 36.9901 10.1479
    endloop
  endfacet
  facet normal 0 1 -0
    outer loop
      vertex -46.5657 36.9901 9.848
      vertex -58.8036 36.9901 10.0218
      vertex -46.1964 36.9901 10.0218
    endloop
  endfacet
  facet normal 0 1 0
    outer loop
      vertex -46.5657 36.9901 9.848
      vertex -58.4343 36.9901 9.848
      vertex -58.8036 36.9901 10.0218
    endloop
  endfacet
  facet normal 0 1 -0
    outer loop
      vertex -46.9103 36.9901 9.6293
      vertex -58.4343 36.9901 9.848
      vertex -46.5657 36.9901 9.848
    endloop
  endfacet
  facet normal 0 1 0
    outer loop
      vertex -46.9103 36.9901 9.6293
      vertex -58.0897 36.9901 9.6293
      vertex -58.4343 36.9901 9.848
    endloop
  endfacet
  facet normal 0 1 -0
    outer loop
      vertex -47.2248 36.9901 9.36915
      vertex -58.0897 36.9901 9.6293
      vertex -46.9103 36.9901 9.6293
    endloop
  endfacet
  facet normal 0 1 0
    outer loop
      vertex -47.2248 36.9901 9.36915
      vertex -57.7752 36.9901 9.36915
      vertex -58.0897 36.9901 9.6293
    endloop
  endfacet
  facet normal 0 1 -0
    outer loop
      vertex -47.5042 36.9901 9.07163
      vertex -57.7752 36.9901 9.36915
      vertex -47.2248 36.9901 9.36915
    endloop
  endfacet
  facet normal 0 1 0
    outer loop
      vertex -47.5042 36.9901 9.07163
      vertex -57.4958 36.9901 9.07163
      vertex -57.7752 36.9901 9.36915
    endloop
  endfacet
  facet normal 0 1 -0
    outer loop
      vertex -47.7441 36.9901 8.74144
      vertex -57.4958 36.9901 9.07163
      vertex -47.5042 36.9901 9.07163
    endloop
  endfacet
  facet normal 0 1 0
    outer loop
      vertex -47.7441 36.9901 8.74144
      vertex -57.2559 36.9901 8.74144
      vertex -57.4958 36.9901 9.07163
    endloop
  endfacet
  facet normal 0 1 -0
    outer loop
      vertex -47.9407 36.9901 8.38378
      vertex -57.2559 36.9901 8.74144
      vertex -47.7441 36.9901 8.74144
    endloop
  endfacet
  facet normal 0 1 0
    outer loop
      vertex -47.9407 36.9901 8.38378
      vertex -57.0593 36.9901 8.38378
      vertex -57.2559 36.9901 8.74144
    endloop
  endfacet
  facet normal 0 1 -0
    outer loop
      vertex -48.0909 36.9901 8.0043
      vertex -57.0593 36.9901 8.38378
      vertex -47.9407 36.9901 8.38378
    endloop
  endfacet
  facet normal 0 1 0
    outer loop
      vertex -48.0909 36.9901 8.0043
      vertex -56.9091 36.9901 8.0043
      vertex -57.0593 36.9901 8.38378
    endloop
  endfacet
  facet normal 0 1 -0
    outer loop
      vertex -48.1924 36.9901 7.60899
      vertex -56.9091 36.9901 8.0043
      vertex -48.0909 36.9901 8.0043
    endloop
  endfacet
  facet normal 0 1 0
    outer loop
      vertex -48.1924 36.9901 7.60899
      vertex -56.8076 36.9901 7.60899
      vertex -56.9091 36.9901 8.0043
    endloop
  endfacet
  facet normal 0 1 -0
    outer loop
      vertex -48.2436 36.9901 7.20407
      vertex -56.8076 36.9901 7.60899
      vertex -48.1924 36.9901 7.60899
    endloop
  endfacet
  facet normal 0 1 0
    outer loop
      vertex -48.2436 36.9901 7.20407
      vertex -56.7564 36.9901 7.20407
      vertex -56.8076 36.9901 7.60899
    endloop
  endfacet
  facet normal 0 1 -0
    outer loop
      vertex -48.2436 36.9901 6.79593
      vertex -56.7564 36.9901 7.20407
      vertex -48.2436 36.9901 7.20407
    endloop
  endfacet
  facet normal 0 1 0
    outer loop
      vertex -48.2436 36.9901 6.79593
      vertex -56.7564 36.9901 6.79593
      vertex -56.7564 36.9901 7.20407
    endloop
  endfacet
  facet normal 0 1 0
    outer loop
      vertex -48.1924 36.9901 6.39101
      vertex -56.7564 36.9901 6.79593
      vertex -48.2436 36.9901 6.79593
    endloop
  endfacet
  facet normal 0 1 0
    outer loop
      vertex -48.1924 36.9901 6.39101
      vertex -56.8076 36.9901 6.39101
      vertex -56.7564 36.9901 6.79593
    endloop
  endfacet
  facet normal 0 1 0
    outer loop
      vertex -48.0909 36.9901 5.99569
      vertex -56.8076 36.9901 6.39101
      vertex -48.1924 36.9901 6.39101
    endloop
  endfacet
  facet normal 0 1 0
    outer loop
      vertex -48.0909 36.9901 5.99569
      vertex -56.9091 36.9901 5.99569
      vertex -56.8076 36.9901 6.39101
    endloop
  endfacet
  facet normal 0 1 0
    outer loop
      vertex -47.9407 36.9901 5.61622
      vertex -56.9091 36.9901 5.99569
      vertex -48.0909 36.9901 5.99569
    endloop
  endfacet
  facet normal 0 1 0
    outer loop
      vertex -47.9407 36.9901 5.61622
      vertex -57.0593 36.9901 5.61622
      vertex -56.9091 36.9901 5.99569
    endloop
  endfacet
  facet normal 0 1 0
    outer loop
      vertex -47.7441 36.9901 5.25856
      vertex -57.0593 36.9901 5.61622
      vertex -47.9407 36.9901 5.61622
    endloop
  endfacet
  facet normal 0 1 0
    outer loop
      vertex -47.7441 36.9901 5.25856
      vertex -57.2559 36.9901 5.25856
      vertex -57.0593 36.9901 5.61622
    endloop
  endfacet
  facet normal 0 1 0
    outer loop
      vertex -47.5042 36.9901 4.92837
      vertex -57.2559 36.9901 5.25856
      vertex -47.7441 36.9901 5.25856
    endloop
  endfacet
  facet normal 0 1 0
    outer loop
      vertex -47.5042 36.9901 4.92837
      vertex -57.4958 36.9901 4.92837
      vertex -57.2559 36.9901 5.25856
    endloop
  endfacet
  facet normal 0 1 0
    outer loop
      vertex -47.2248 36.9901 4.63085
      vertex -57.4958 36.9901 4.92837
      vertex -47.5042 36.9901 4.92837
    endloop
  endfacet
  facet normal 0 1 0
    outer loop
      vertex -47.2248 36.9901 4.63085
      vertex -57.7752 36.9901 4.63085
      vertex -57.4958 36.9901 4.92837
    endloop
  endfacet
  facet normal 0 1 0
    outer loop
      vertex -46.9103 36.9901 4.37069
      vertex -57.7752 36.9901 4.63085
      vertex -47.2248 36.9901 4.63085
    endloop
  endfacet
  facet normal 0 1 0
    outer loop
      vertex -46.9103 36.9901 4.37069
      vertex -58.0897 36.9901 4.37069
      vertex -57.7752 36.9901 4.63085
    endloop
  endfacet
  facet normal 0 1 0
    outer loop
      vertex -46.5657 36.9901 4.152
      vertex -58.0897 36.9901 4.37069
      vertex -46.9103 36.9901 4.37069
    endloop
  endfacet
  facet normal 0 1 0
    outer loop
      vertex -46.5657 36.9901 4.152
      vertex -58.4343 36.9901 4.152
      vertex -58.0897 36.9901 4.37069
    endloop
  endfacet
  facet normal 0 1 0
    outer loop
      vertex -46.1964 36.9901 3.97823
      vertex -58.4343 36.9901 4.152
      vertex -46.5657 36.9901 4.152
    endloop
  endfacet
  facet normal 0 1 0
    outer loop
      vertex -46.1964 36.9901 3.97823
      vertex -58.8036 36.9901 3.97823
      vertex -58.4343 36.9901 4.152
    endloop
  endfacet
  facet normal 0 1 0
    outer loop
      vertex -45.8082 36.9901 3.8521
      vertex -58.8036 36.9901 3.97823
      vertex -46.1964 36.9901 3.97823
    endloop
  endfacet
  facet normal 0 1 0
    outer loop
      vertex -45.8082 36.9901 3.8521
      vertex -59.1918 36.9901 3.8521
      vertex -58.8036 36.9901 3.97823
    endloop
  endfacet
  facet normal 0 1 0
    outer loop
      vertex -45.4073 36.9901 3.77563
      vertex -59.1918 36.9901 3.8521
      vertex -45.8082 36.9901 3.8521
    endloop
  endfacet
  facet normal 0 1 0
    outer loop
      vertex -45.4073 36.9901 3.77563
      vertex -59.5927 36.9901 3.77563
      vertex -59.1918 36.9901 3.8521
    endloop
  endfacet
  facet normal 0 1 0
    outer loop
      vertex -45 36.9901 3.75
      vertex -59.5927 36.9901 3.77563
      vertex -45.4073 36.9901 3.77563
    endloop
  endfacet
  facet normal 0 1 0
    outer loop
      vertex -59.5927 36.9901 3.77563
      vertex -45 36.9901 3.75
      vertex -60 36.9901 3.75
    endloop
  endfacet
  facet normal 0 1 -0
    outer loop
      vertex -30.4073 36.9901 10.2244
      vertex -45 36.9901 10.25
      vertex -30 36.9901 10.25
    endloop
  endfacet
  facet normal 0 1 0
    outer loop
      vertex -30.4073 36.9901 10.2244
      vertex -44.5927 36.9901 10.2244
      vertex -45 36.9901 10.25
    endloop
  endfacet
  facet normal 0 1 -0
    outer loop
      vertex -30.8082 36.9901 10.1479
      vertex -44.5927 36.9901 10.2244
      vertex -30.4073 36.9901 10.2244
    endloop
  endfacet
  facet normal 0 1 0
    outer loop
      vertex -30.8082 36.9901 10.1479
      vertex -44.1918 36.9901 10.1479
      vertex -44.5927 36.9901 10.2244
    endloop
  endfacet
  facet normal 0 1 -0
    outer loop
      vertex -31.1964 36.9901 10.0218
      vertex -44.1918 36.9901 10.1479
      vertex -30.8082 36.9901 10.1479
    endloop
  endfacet
  facet normal 0 1 0
    outer loop
      vertex -31.1964 36.9901 10.0218
      vertex -43.8036 36.9901 10.0218
      vertex -44.1918 36.9901 10.1479
    endloop
  endfacet
  facet normal 0 1 -0
    outer loop
      vertex -31.5657 36.9901 9.848
      vertex -43.8036 36.9901 10.0218
      vertex -31.1964 36.9901 10.0218
    endloop
  endfacet
  facet normal 0 1 0
    outer loop
      vertex -31.5657 36.9901 9.848
      vertex -43.4343 36.9901 9.848
      vertex -43.8036 36.9901 10.0218
    endloop
  endfacet
  facet normal 0 1 -0
    outer loop
      vertex -31.9103 36.9901 9.6293
      vertex -43.4343 36.9901 9.848
      vertex -31.5657 36.9901 9.848
    endloop
  endfacet
  facet normal 0 1 0
    outer loop
      vertex -31.9103 36.9901 9.6293
      vertex -43.0897 36.9901 9.6293
      vertex -43.4343 36.9901 9.848
    endloop
  endfacet
  facet normal 0 1 -0
    outer loop
      vertex -32.2248 36.9901 9.36915
      vertex -43.0897 36.9901 9.6293
      vertex -31.9103 36.9901 9.6293
    endloop
  endfacet
  facet normal 0 1 0
    outer loop
      vertex -32.2248 36.9901 9.36915
      vertex -42.7752 36.9901 9.36915
      vertex -43.0897 36.9901 9.6293
    endloop
  endfacet
  facet normal 0 1 -0
    outer loop
      vertex -32.5042 36.9901 9.07163
      vertex -42.7752 36.9901 9.36915
      vertex -32.2248 36.9901 9.36915
    endloop
  endfacet
  facet normal 0 1 0
    outer loop
      vertex -32.5042 36.9901 9.07163
      vertex -42.4958 36.9901 9.07163
      vertex -42.7752 36.9901 9.36915
    endloop
  endfacet
  facet normal 0 1 -0
    outer loop
      vertex -32.7441 36.9901 8.74144
      vertex -42.4958 36.9901 9.07163
      vertex -32.5042 36.9901 9.07163
    endloop
  endfacet
  facet normal 0 1 0
    outer loop
      vertex -32.7441 36.9901 8.74144
      vertex -42.2559 36.9901 8.74144
      vertex -42.4958 36.9901 9.07163
    endloop
  endfacet
  facet normal 0 1 -0
    outer loop
      vertex -32.9407 36.9901 8.38378
      vertex -42.2559 36.9901 8.74144
      vertex -32.7441 36.9901 8.74144
    endloop
  endfacet
  facet normal 0 1 0
    outer loop
      vertex -32.9407 36.9901 8.38378
      vertex -42.0593 36.9901 8.38378
      vertex -42.2559 36.9901 8.74144
    endloop
  endfacet
  facet normal 0 1 -0
    outer loop
      vertex -33.0909 36.9901 8.0043
      vertex -42.0593 36.9901 8.38378
      vertex -32.9407 36.9901 8.38378
    endloop
  endfacet
  facet normal 0 1 0
    outer loop
      vertex -33.0909 36.9901 8.0043
      vertex -41.9091 36.9901 8.0043
      vertex -42.0593 36.9901 8.38378
    endloop
  endfacet
  facet normal 0 1 -0
    outer loop
      vertex -33.1924 36.9901 7.60899
      vertex -41.9091 36.9901 8.0043
      vertex -33.0909 36.9901 8.0043
    endloop
  endfacet
  facet normal 0 1 0
    outer loop
      vertex -33.1924 36.9901 7.60899
      vertex -41.8076 36.9901 7.60899
      vertex -41.9091 36.9901 8.0043
    endloop
  endfacet
  facet normal 0 1 -0
    outer loop
      vertex -33.2436 36.9901 7.20407
      vertex -41.8076 36.9901 7.60899
      vertex -33.1924 36.9901 7.60899
    endloop
  endfacet
  facet normal 0 1 0
    outer loop
      vertex -33.2436 36.9901 7.20407
      vertex -41.7564 36.9901 7.20407
      vertex -41.8076 36.9901 7.60899
    endloop
  endfacet
  facet normal 0 1 -0
    outer loop
      vertex -33.2436 36.9901 6.79593
      vertex -41.7564 36.9901 7.20407
      vertex -33.2436 36.9901 7.20407
    endloop
  endfacet
  facet normal 0 1 0
    outer loop
      vertex -33.2436 36.9901 6.79593
      vertex -41.7564 36.9901 6.79593
      vertex -41.7564 36.9901 7.20407
    endloop
  endfacet
  facet normal 0 1 0
    outer loop
      vertex -33.1924 36.9901 6.39101
      vertex -41.7564 36.9901 6.79593
      vertex -33.2436 36.9901 6.79593
    endloop
  endfacet
  facet normal 0 1 0
    outer loop
      vertex -33.1924 36.9901 6.39101
      vertex -41.8076 36.9901 6.39101
      vertex -41.7564 36.9901 6.79593
    endloop
  endfacet
  facet normal 0 1 0
    outer loop
      vertex -33.0909 36.9901 5.99569
      vertex -41.8076 36.9901 6.39101
      vertex -33.1924 36.9901 6.39101
    endloop
  endfacet
  facet normal 0 1 0
    outer loop
      vertex -33.0909 36.9901 5.99569
      vertex -41.9091 36.9901 5.99569
      vertex -41.8076 36.9901 6.39101
    endloop
  endfacet
  facet normal 0 1 0
    outer loop
      vertex -32.9407 36.9901 5.61622
      vertex -41.9091 36.9901 5.99569
      vertex -33.0909 36.9901 5.99569
    endloop
  endfacet
  facet normal 0 1 0
    outer loop
      vertex -32.9407 36.9901 5.61622
      vertex -42.0593 36.9901 5.61622
      vertex -41.9091 36.9901 5.99569
    endloop
  endfacet
  facet normal 0 1 0
    outer loop
      vertex -32.7441 36.9901 5.25856
      vertex -42.0593 36.9901 5.61622
      vertex -32.9407 36.9901 5.61622
    endloop
  endfacet
  facet normal 0 1 0
    outer loop
      vertex -32.7441 36.9901 5.25856
      vertex -42.2559 36.9901 5.25856
      vertex -42.0593 36.9901 5.61622
    endloop
  endfacet
  facet normal 0 1 0
    outer loop
      vertex -32.5042 36.9901 4.92837
      vertex -42.2559 36.9901 5.25856
      vertex -32.7441 36.9901 5.25856
    endloop
  endfacet
  facet normal 0 1 0
    outer loop
      vertex -32.5042 36.9901 4.92837
      vertex -42.4958 36.9901 4.92837
      vertex -42.2559 36.9901 5.25856
    endloop
  endfacet
  facet normal 0 1 0
    outer loop
      vertex -32.2248 36.9901 4.63085
      vertex -42.4958 36.9901 4.92837
      vertex -32.5042 36.9901 4.92837
    endloop
  endfacet
  facet normal 0 1 0
    outer loop
      vertex -32.2248 36.9901 4.63085
      vertex -42.7752 36.9901 4.63085
      vertex -42.4958 36.9901 4.92837
    endloop
  endfacet
  facet normal 0 1 0
    outer loop
      vertex -31.9103 36.9901 4.37069
      vertex -42.7752 36.9901 4.63085
      vertex -32.2248 36.9901 4.63085
    endloop
  endfacet
  facet normal 0 1 0
    outer loop
      vertex -31.9103 36.9901 4.37069
      vertex -43.0897 36.9901 4.37069
      vertex -42.7752 36.9901 4.63085
    endloop
  endfacet
  facet normal 0 1 0
    outer loop
      vertex -31.5657 36.9901 4.152
      vertex -43.0897 36.9901 4.37069
      vertex -31.9103 36.9901 4.37069
    endloop
  endfacet
  facet normal 0 1 0
    outer loop
      vertex -31.5657 36.9901 4.152
      vertex -43.4343 36.9901 4.152
      vertex -43.0897 36.9901 4.37069
    endloop
  endfacet
  facet normal 0 1 0
    outer loop
      vertex -31.1964 36.9901 3.97823
      vertex -43.4343 36.9901 4.152
      vertex -31.5657 36.9901 4.152
    endloop
  endfacet
  facet normal 0 1 0
    outer loop
      vertex -31.1964 36.9901 3.97823
      vertex -43.8036 36.9901 3.97823
      vertex -43.4343 36.9901 4.152
    endloop
  endfacet
  facet normal 0 1 0
    outer loop
      vertex -30.8082 36.9901 3.8521
      vertex -43.8036 36.9901 3.97823
      vertex -31.1964 36.9901 3.97823
    endloop
  endfacet
  facet normal 0 1 0
    outer loop
      vertex -30.8082 36.9901 3.8521
      vertex -44.1918 36.9901 3.8521
      vertex -43.8036 36.9901 3.97823
    endloop
  endfacet
  facet normal 0 1 0
    outer loop
      vertex -30.4073 36.9901 3.77563
      vertex -44.1918 36.9901 3.8521
      vertex -30.8082 36.9901 3.8521
    endloop
  endfacet
  facet normal 0 1 0
    outer loop
      vertex -30.4073 36.9901 3.77563
      vertex -44.5927 36.9901 3.77563
      vertex -44.1918 36.9901 3.8521
    endloop
  endfacet
  facet normal 0 1 0
    outer loop
      vertex -30 36.9901 3.75
      vertex -44.5927 36.9901 3.77563
      vertex -30.4073 36.9901 3.77563
    endloop
  endfacet
  facet normal 0 1 0
    outer loop
      vertex -44.5927 36.9901 3.77563
      vertex -30 36.9901 3.75
      vertex -45 36.9901 3.75
    endloop
  endfacet
  facet normal 0 1 -0
    outer loop
      vertex -15.4073 36.9901 10.2244
      vertex -30 36.9901 10.25
      vertex -15 36.9901 10.25
    endloop
  endfacet
  facet normal 0 1 0
    outer loop
      vertex -15.4073 36.9901 10.2244
      vertex -29.5927 36.9901 10.2244
      vertex -30 36.9901 10.25
    endloop
  endfacet
  facet normal 0 1 -0
    outer loop
      vertex -15.8082 36.9901 10.1479
      vertex -29.5927 36.9901 10.2244
      vertex -15.4073 36.9901 10.2244
    endloop
  endfacet
  facet normal 0 1 0
    outer loop
      vertex -15.8082 36.9901 10.1479
      vertex -29.1918 36.9901 10.1479
      vertex -29.5927 36.9901 10.2244
    endloop
  endfacet
  facet normal 0 1 -0
    outer loop
      vertex -16.1964 36.9901 10.0218
      vertex -29.1918 36.9901 10.1479
      vertex -15.8082 36.9901 10.1479
    endloop
  endfacet
  facet normal 0 1 0
    outer loop
      vertex -16.1964 36.9901 10.0218
      vertex -28.8036 36.9901 10.0218
      vertex -29.1918 36.9901 10.1479
    endloop
  endfacet
  facet normal 0 1 -0
    outer loop
      vertex -16.5657 36.9901 9.848
      vertex -28.8036 36.9901 10.0218
      vertex -16.1964 36.9901 10.0218
    endloop
  endfacet
  facet normal 0 1 0
    outer loop
      vertex -16.5657 36.9901 9.848
      vertex -28.4343 36.9901 9.848
      vertex -28.8036 36.9901 10.0218
    endloop
  endfacet
  facet normal 0 1 -0
    outer loop
      vertex -16.9103 36.9901 9.6293
      vertex -28.4343 36.9901 9.848
      vertex -16.5657 36.9901 9.848
    endloop
  endfacet
  facet normal 0 1 0
    outer loop
      vertex -16.9103 36.9901 9.6293
      vertex -28.0897 36.9901 9.6293
      vertex -28.4343 36.9901 9.848
    endloop
  endfacet
  facet normal 0 1 -0
    outer loop
      vertex -17.2248 36.9901 9.36915
      vertex -28.0897 36.9901 9.6293
      vertex -16.9103 36.9901 9.6293
    endloop
  endfacet
  facet normal 0 1 0
    outer loop
      vertex -17.2248 36.9901 9.36915
      vertex -27.7752 36.9901 9.36915
      vertex -28.0897 36.9901 9.6293
    endloop
  endfacet
  facet normal 0 1 -0
    outer loop
      vertex -17.5042 36.9901 9.07163
      vertex -27.7752 36.9901 9.36915
      vertex -17.2248 36.9901 9.36915
    endloop
  endfacet
  facet normal 0 1 0
    outer loop
      vertex -17.5042 36.9901 9.07163
      vertex -27.4958 36.9901 9.07163
      vertex -27.7752 36.9901 9.36915
    endloop
  endfacet
  facet normal 0 1 -0
    outer loop
      vertex -17.7441 36.9901 8.74144
      vertex -27.4958 36.9901 9.07163
      vertex -17.5042 36.9901 9.07163
    endloop
  endfacet
  facet normal 0 1 0
    outer loop
      vertex -17.7441 36.9901 8.74144
      vertex -27.2559 36.9901 8.74144
      vertex -27.4958 36.9901 9.07163
    endloop
  endfacet
  facet normal 0 1 -0
    outer loop
      vertex -17.9407 36.9901 8.38378
      vertex -27.2559 36.9901 8.74144
      vertex -17.7441 36.9901 8.74144
    endloop
  endfacet
  facet normal 0 1 0
    outer loop
      vertex -17.9407 36.9901 8.38378
      vertex -27.0593 36.9901 8.38378
      vertex -27.2559 36.9901 8.74144
    endloop
  endfacet
  facet normal 0 1 -0
    outer loop
      vertex -18.0909 36.9901 8.0043
      vertex -27.0593 36.9901 8.38378
      vertex -17.9407 36.9901 8.38378
    endloop
  endfacet
  facet normal 0 1 0
    outer loop
      vertex -18.0909 36.9901 8.0043
      vertex -26.9091 36.9901 8.0043
      vertex -27.0593 36.9901 8.38378
    endloop
  endfacet
  facet normal 0 1 -0
    outer loop
      vertex -18.1924 36.9901 7.60899
      vertex -26.9091 36.9901 8.0043
      vertex -18.0909 36.9901 8.0043
    endloop
  endfacet
  facet normal 0 1 0
    outer loop
      vertex -18.1924 36.9901 7.60899
      vertex -26.8076 36.9901 7.60899
      vertex -26.9091 36.9901 8.0043
    endloop
  endfacet
  facet normal 0 1 -0
    outer loop
      vertex -18.2436 36.9901 7.20407
      vertex -26.8076 36.9901 7.60899
      vertex -18.1924 36.9901 7.60899
    endloop
  endfacet
  facet normal 0 1 0
    outer loop
      vertex -18.2436 36.9901 7.20407
      vertex -26.7564 36.9901 7.20407
      vertex -26.8076 36.9901 7.60899
    endloop
  endfacet
  facet normal 0 1 -0
    outer loop
      vertex -18.2436 36.9901 6.79593
      vertex -26.7564 36.9901 7.20407
      vertex -18.2436 36.9901 7.20407
    endloop
  endfacet
  facet normal 0 1 0
    outer loop
      vertex -18.2436 36.9901 6.79593
      vertex -26.7564 36.9901 6.79593
      vertex -26.7564 36.9901 7.20407
    endloop
  endfacet
  facet normal 0 1 0
    outer loop
      vertex -18.1924 36.9901 6.39101
      vertex -26.7564 36.9901 6.79593
      vertex -18.2436 36.9901 6.79593
    endloop
  endfacet
  facet normal 0 1 0
    outer loop
      vertex -18.1924 36.9901 6.39101
      vertex -26.8076 36.9901 6.39101
      vertex -26.7564 36.9901 6.79593
    endloop
  endfacet
  facet normal 0 1 0
    outer loop
      vertex -18.0909 36.9901 5.99569
      vertex -26.8076 36.9901 6.39101
      vertex -18.1924 36.9901 6.39101
    endloop
  endfacet
  facet normal 0 1 0
    outer loop
      vertex -18.0909 36.9901 5.99569
      vertex -26.9091 36.9901 5.99569
      vertex -26.8076 36.9901 6.39101
    endloop
  endfacet
  facet normal 0 1 0
    outer loop
      vertex -17.9407 36.9901 5.61622
      vertex -26.9091 36.9901 5.99569
      vertex -18.0909 36.9901 5.99569
    endloop
  endfacet
  facet normal 0 1 0
    outer loop
      vertex -17.9407 36.9901 5.61622
      vertex -27.0593 36.9901 5.61622
      vertex -26.9091 36.9901 5.99569
    endloop
  endfacet
  facet normal 0 1 0
    outer loop
      vertex -17.7441 36.9901 5.25856
      vertex -27.0593 36.9901 5.61622
      vertex -17.9407 36.9901 5.61622
    endloop
  endfacet
  facet normal 0 1 0
    outer loop
      vertex -17.7441 36.9901 5.25856
      vertex -27.2559 36.9901 5.25856
      vertex -27.0593 36.9901 5.61622
    endloop
  endfacet
  facet normal 0 1 0
    outer loop
      vertex -17.5042 36.9901 4.92837
      vertex -27.2559 36.9901 5.25856
      vertex -17.7441 36.9901 5.25856
    endloop
  endfacet
  facet normal 0 1 0
    outer loop
      vertex -17.5042 36.9901 4.92837
      vertex -27.4958 36.9901 4.92837
      vertex -27.2559 36.9901 5.25856
    endloop
  endfacet
  facet normal 0 1 0
    outer loop
      vertex -17.2248 36.9901 4.63085
      vertex -27.4958 36.9901 4.92837
      vertex -17.5042 36.9901 4.92837
    endloop
  endfacet
  facet normal 0 1 0
    outer loop
      vertex -17.2248 36.9901 4.63085
      vertex -27.7752 36.9901 4.63085
      vertex -27.4958 36.9901 4.92837
    endloop
  endfacet
  facet normal 0 1 0
    outer loop
      vertex -16.9103 36.9901 4.37069
      vertex -27.7752 36.9901 4.63085
      vertex -17.2248 36.9901 4.63085
    endloop
  endfacet
  facet normal 0 1 0
    outer loop
      vertex -16.9103 36.9901 4.37069
      vertex -28.0897 36.9901 4.37069
      vertex -27.7752 36.9901 4.63085
    endloop
  endfacet
  facet normal 0 1 0
    outer loop
      vertex -16.5657 36.9901 4.152
      vertex -28.0897 36.9901 4.37069
      vertex -16.9103 36.9901 4.37069
    endloop
  endfacet
  facet normal 0 1 0
    outer loop
      vertex -16.5657 36.9901 4.152
      vertex -28.4343 36.9901 4.152
      vertex -28.0897 36.9901 4.37069
    endloop
  endfacet
  facet normal 0 1 0
    outer loop
      vertex -16.1964 36.9901 3.97823
      vertex -28.4343 36.9901 4.152
      vertex -16.5657 36.9901 4.152
    endloop
  endfacet
  facet normal 0 1 0
    outer loop
      vertex -16.1964 36.9901 3.97823
      vertex -28.8036 36.9901 3.97823
      vertex -28.4343 36.9901 4.152
    endloop
  endfacet
  facet normal 0 1 0
    outer loop
      vertex -15.8082 36.9901 3.8521
      vertex -28.8036 36.9901 3.97823
      vertex -16.1964 36.9901 3.97823
    endloop
  endfacet
  facet normal 0 1 0
    outer loop
      vertex -15.8082 36.9901 3.8521
      vertex -29.1918 36.9901 3.8521
      vertex -28.8036 36.9901 3.97823
    endloop
  endfacet
  facet normal 0 1 0
    outer loop
      vertex -15.4073 36.9901 3.77563
      vertex -29.1918 36.9901 3.8521
      vertex -15.8082 36.9901 3.8521
    endloop
  endfacet
  facet normal 0 1 0
    outer loop
      vertex -15.4073 36.9901 3.77563
      vertex -29.5927 36.9901 3.77563
      vertex -29.1918 36.9901 3.8521
    endloop
  endfacet
  facet normal 0 1 0
    outer loop
      vertex -15 36.9901 3.75
      vertex -29.5927 36.9901 3.77563
      vertex -15.4073 36.9901 3.77563
    endloop
  endfacet
  facet normal 0 1 0
    outer loop
      vertex -29.5927 36.9901 3.77563
      vertex -15 36.9901 3.75
      vertex -30 36.9901 3.75
    endloop
  endfacet
  facet normal 0 1 -0
    outer loop
      vertex -0.407332 36.9901 10.2244
      vertex -15 36.9901 10.25
      vertex 0 36.9901 10.25
    endloop
  endfacet
  facet normal 0 1 0
    outer loop
      vertex -0.407332 36.9901 10.2244
      vertex -14.5927 36.9901 10.2244
      vertex -15 36.9901 10.25
    endloop
  endfacet
  facet normal 0 1 -0
    outer loop
      vertex -0.808242 36.9901 10.1479
      vertex -14.5927 36.9901 10.2244
      vertex -0.407332 36.9901 10.2244
    endloop
  endfacet
  facet normal 0 1 0
    outer loop
      vertex -0.808242 36.9901 10.1479
      vertex -14.1918 36.9901 10.1479
      vertex -14.5927 36.9901 10.2244
    endloop
  endfacet
  facet normal 0 1 -0
    outer loop
      vertex -1.1964 36.9901 10.0218
      vertex -14.1918 36.9901 10.1479
      vertex -0.808242 36.9901 10.1479
    endloop
  endfacet
  facet normal 0 1 0
    outer loop
      vertex -1.1964 36.9901 10.0218
      vertex -13.8036 36.9901 10.0218
      vertex -14.1918 36.9901 10.1479
    endloop
  endfacet
  facet normal 0 1 -0
    outer loop
      vertex -1.5657 36.9901 9.848
      vertex -13.8036 36.9901 10.0218
      vertex -1.1964 36.9901 10.0218
    endloop
  endfacet
  facet normal 0 1 0
    outer loop
      vertex -1.5657 36.9901 9.848
      vertex -13.4343 36.9901 9.848
      vertex -13.8036 36.9901 10.0218
    endloop
  endfacet
  facet normal 0 1 -0
    outer loop
      vertex -1.9103 36.9901 9.6293
      vertex -13.4343 36.9901 9.848
      vertex -1.5657 36.9901 9.848
    endloop
  endfacet
  facet normal 0 1 0
    outer loop
      vertex -1.9103 36.9901 9.6293
      vertex -13.0897 36.9901 9.6293
      vertex -13.4343 36.9901 9.848
    endloop
  endfacet
  facet normal 0 1 -0
    outer loop
      vertex -2.22478 36.9901 9.36915
      vertex -13.0897 36.9901 9.6293
      vertex -1.9103 36.9901 9.6293
    endloop
  endfacet
  facet normal 0 1 0
    outer loop
      vertex -2.22478 36.9901 9.36915
      vertex -12.7752 36.9901 9.36915
      vertex -13.0897 36.9901 9.6293
    endloop
  endfacet
  facet normal 0 1 -0
    outer loop
      vertex -2.50417 36.9901 9.07163
      vertex -12.7752 36.9901 9.36915
      vertex -2.22478 36.9901 9.36915
    endloop
  endfacet
  facet normal 0 1 0
    outer loop
      vertex -2.50417 36.9901 9.07163
      vertex -12.4958 36.9901 9.07163
      vertex -12.7752 36.9901 9.36915
    endloop
  endfacet
  facet normal 0 1 -0
    outer loop
      vertex -2.74407 36.9901 8.74144
      vertex -12.4958 36.9901 9.07163
      vertex -2.50417 36.9901 9.07163
    endloop
  endfacet
  facet normal 0 1 0
    outer loop
      vertex -2.74407 36.9901 8.74144
      vertex -12.2559 36.9901 8.74144
      vertex -12.4958 36.9901 9.07163
    endloop
  endfacet
  facet normal 0 1 -0
    outer loop
      vertex -2.94069 36.9901 8.38378
      vertex -12.2559 36.9901 8.74144
      vertex -2.74407 36.9901 8.74144
    endloop
  endfacet
  facet normal 0 1 0
    outer loop
      vertex -2.94069 36.9901 8.38378
      vertex -12.0593 36.9901 8.38378
      vertex -12.2559 36.9901 8.74144
    endloop
  endfacet
  facet normal 0 1 -0
    outer loop
      vertex -3.09093 36.9901 8.0043
      vertex -12.0593 36.9901 8.38378
      vertex -2.94069 36.9901 8.38378
    endloop
  endfacet
  facet normal 0 1 0
    outer loop
      vertex -3.09093 36.9901 8.0043
      vertex -11.9091 36.9901 8.0043
      vertex -12.0593 36.9901 8.38378
    endloop
  endfacet
  facet normal 0 1 -0
    outer loop
      vertex -3.19243 36.9901 7.60899
      vertex -11.9091 36.9901 8.0043
      vertex -3.09093 36.9901 8.0043
    endloop
  endfacet
  facet normal 0 1 0
    outer loop
      vertex -3.19243 36.9901 7.60899
      vertex -11.8076 36.9901 7.60899
      vertex -11.9091 36.9901 8.0043
    endloop
  endfacet
  facet normal 0 1 -0
    outer loop
      vertex -3.24359 36.9901 7.20407
      vertex -11.8076 36.9901 7.60899
      vertex -3.19243 36.9901 7.60899
    endloop
  endfacet
  facet normal 0 1 0
    outer loop
      vertex -3.24359 36.9901 7.20407
      vertex -11.7564 36.9901 7.20407
      vertex -11.8076 36.9901 7.60899
    endloop
  endfacet
  facet normal 0 1 -0
    outer loop
      vertex -3.24359 36.9901 6.79593
      vertex -11.7564 36.9901 7.20407
      vertex -3.24359 36.9901 7.20407
    endloop
  endfacet
  facet normal 0 1 0
    outer loop
      vertex -3.24359 36.9901 6.79593
      vertex -11.7564 36.9901 6.79593
      vertex -11.7564 36.9901 7.20407
    endloop
  endfacet
  facet normal 0 1 0
    outer loop
      vertex -3.19243 36.9901 6.39101
      vertex -11.7564 36.9901 6.79593
      vertex -3.24359 36.9901 6.79593
    endloop
  endfacet
  facet normal 0 1 0
    outer loop
      vertex -3.19243 36.9901 6.39101
      vertex -11.8076 36.9901 6.39101
      vertex -11.7564 36.9901 6.79593
    endloop
  endfacet
  facet normal 0 1 0
    outer loop
      vertex -3.09093 36.9901 5.99569
      vertex -11.8076 36.9901 6.39101
      vertex -3.19243 36.9901 6.39101
    endloop
  endfacet
  facet normal 0 1 0
    outer loop
      vertex -3.09093 36.9901 5.99569
      vertex -11.9091 36.9901 5.99569
      vertex -11.8076 36.9901 6.39101
    endloop
  endfacet
  facet normal 0 1 0
    outer loop
      vertex -2.94069 36.9901 5.61622
      vertex -11.9091 36.9901 5.99569
      vertex -3.09093 36.9901 5.99569
    endloop
  endfacet
  facet normal 0 1 0
    outer loop
      vertex -2.94069 36.9901 5.61622
      vertex -12.0593 36.9901 5.61622
      vertex -11.9091 36.9901 5.99569
    endloop
  endfacet
  facet normal 0 1 0
    outer loop
      vertex -2.74407 36.9901 5.25856
      vertex -12.0593 36.9901 5.61622
      vertex -2.94069 36.9901 5.61622
    endloop
  endfacet
  facet normal 0 1 0
    outer loop
      vertex -2.74407 36.9901 5.25856
      vertex -12.2559 36.9901 5.25856
      vertex -12.0593 36.9901 5.61622
    endloop
  endfacet
  facet normal 0 1 0
    outer loop
      vertex -2.50417 36.9901 4.92837
      vertex -12.2559 36.9901 5.25856
      vertex -2.74407 36.9901 5.25856
    endloop
  endfacet
  facet normal 0 1 0
    outer loop
      vertex -2.50417 36.9901 4.92837
      vertex -12.4958 36.9901 4.92837
      vertex -12.2559 36.9901 5.25856
    endloop
  endfacet
  facet normal 0 1 0
    outer loop
      vertex -2.22478 36.9901 4.63085
      vertex -12.4958 36.9901 4.92837
      vertex -2.50417 36.9901 4.92837
    endloop
  endfacet
  facet normal 0 1 0
    outer loop
      vertex -2.22478 36.9901 4.63085
      vertex -12.7752 36.9901 4.63085
      vertex -12.4958 36.9901 4.92837
    endloop
  endfacet
  facet normal 0 1 0
    outer loop
      vertex -1.9103 36.9901 4.37069
      vertex -12.7752 36.9901 4.63085
      vertex -2.22478 36.9901 4.63085
    endloop
  endfacet
  facet normal 0 1 0
    outer loop
      vertex -1.9103 36.9901 4.37069
      vertex -13.0897 36.9901 4.37069
      vertex -12.7752 36.9901 4.63085
    endloop
  endfacet
  facet normal 0 1 0
    outer loop
      vertex -1.5657 36.9901 4.152
      vertex -13.0897 36.9901 4.37069
      vertex -1.9103 36.9901 4.37069
    endloop
  endfacet
  facet normal 0 1 0
    outer loop
      vertex -1.5657 36.9901 4.152
      vertex -13.4343 36.9901 4.152
      vertex -13.0897 36.9901 4.37069
    endloop
  endfacet
  facet normal 0 1 0
    outer loop
      vertex -1.1964 36.9901 3.97823
      vertex -13.4343 36.9901 4.152
      vertex -1.5657 36.9901 4.152
    endloop
  endfacet
  facet normal 0 1 0
    outer loop
      vertex -1.1964 36.9901 3.97823
      vertex -13.8036 36.9901 3.97823
      vertex -13.4343 36.9901 4.152
    endloop
  endfacet
  facet normal 0 1 0
    outer loop
      vertex -0.808242 36.9901 3.8521
      vertex -13.8036 36.9901 3.97823
      vertex -1.1964 36.9901 3.97823
    endloop
  endfacet
  facet normal 0 1 0
    outer loop
      vertex -0.808242 36.9901 3.8521
      vertex -14.1918 36.9901 3.8521
      vertex -13.8036 36.9901 3.97823
    endloop
  endfacet
  facet normal 0 1 0
    outer loop
      vertex -0.407332 36.9901 3.77563
      vertex -14.1918 36.9901 3.8521
      vertex -0.808242 36.9901 3.8521
    endloop
  endfacet
  facet normal 0 1 0
    outer loop
      vertex -0.407332 36.9901 3.77563
      vertex -14.5927 36.9901 3.77563
      vertex -14.1918 36.9901 3.8521
    endloop
  endfacet
  facet normal 0 1 0
    outer loop
      vertex 0 36.9901 3.75
      vertex -14.5927 36.9901 3.77563
      vertex -0.407332 36.9901 3.77563
    endloop
  endfacet
  facet normal 0 1 0
    outer loop
      vertex -14.5927 36.9901 3.77563
      vertex 0 36.9901 3.75
      vertex -15 36.9901 3.75
    endloop
  endfacet
  facet normal 0 1 -0
    outer loop
      vertex 14.5927 36.9901 10.2244
      vertex 0 36.9901 10.25
      vertex 15 36.9901 10.25
    endloop
  endfacet
  facet normal 0 1 0
    outer loop
      vertex 14.5927 36.9901 10.2244
      vertex 0.407332 36.9901 10.2244
      vertex 0 36.9901 10.25
    endloop
  endfacet
  facet normal 0 1 -0
    outer loop
      vertex 14.1918 36.9901 10.1479
      vertex 0.407332 36.9901 10.2244
      vertex 14.5927 36.9901 10.2244
    endloop
  endfacet
  facet normal 0 1 0
    outer loop
      vertex 14.1918 36.9901 10.1479
      vertex 0.808242 36.9901 10.1479
      vertex 0.407332 36.9901 10.2244
    endloop
  endfacet
  facet normal 0 1 -0
    outer loop
      vertex 13.8036 36.9901 10.0218
      vertex 0.808242 36.9901 10.1479
      vertex 14.1918 36.9901 10.1479
    endloop
  endfacet
  facet normal 0 1 0
    outer loop
      vertex 13.8036 36.9901 10.0218
      vertex 1.1964 36.9901 10.0218
      vertex 0.808242 36.9901 10.1479
    endloop
  endfacet
  facet normal 0 1 -0
    outer loop
      vertex 13.4343 36.9901 9.848
      vertex 1.1964 36.9901 10.0218
      vertex 13.8036 36.9901 10.0218
    endloop
  endfacet
  facet normal 0 1 0
    outer loop
      vertex 13.4343 36.9901 9.848
      vertex 1.5657 36.9901 9.848
      vertex 1.1964 36.9901 10.0218
    endloop
  endfacet
  facet normal 0 1 -0
    outer loop
      vertex 13.0897 36.9901 9.6293
      vertex 1.5657 36.9901 9.848
      vertex 13.4343 36.9901 9.848
    endloop
  endfacet
  facet normal 0 1 0
    outer loop
      vertex 13.0897 36.9901 9.6293
      vertex 1.9103 36.9901 9.6293
      vertex 1.5657 36.9901 9.848
    endloop
  endfacet
  facet normal 0 1 -0
    outer loop
      vertex 12.7752 36.9901 9.36915
      vertex 1.9103 36.9901 9.6293
      vertex 13.0897 36.9901 9.6293
    endloop
  endfacet
  facet normal 0 1 0
    outer loop
      vertex 12.7752 36.9901 9.36915
      vertex 2.22478 36.9901 9.36915
      vertex 1.9103 36.9901 9.6293
    endloop
  endfacet
  facet normal 0 1 -0
    outer loop
      vertex 12.4958 36.9901 9.07163
      vertex 2.22478 36.9901 9.36915
      vertex 12.7752 36.9901 9.36915
    endloop
  endfacet
  facet normal 0 1 0
    outer loop
      vertex 12.4958 36.9901 9.07163
      vertex 2.50417 36.9901 9.07163
      vertex 2.22478 36.9901 9.36915
    endloop
  endfacet
  facet normal 0 1 -0
    outer loop
      vertex 12.2559 36.9901 8.74144
      vertex 2.50417 36.9901 9.07163
      vertex 12.4958 36.9901 9.07163
    endloop
  endfacet
  facet normal 0 1 0
    outer loop
      vertex 12.2559 36.9901 8.74144
      vertex 2.74407 36.9901 8.74144
      vertex 2.50417 36.9901 9.07163
    endloop
  endfacet
  facet normal 0 1 -0
    outer loop
      vertex 12.0593 36.9901 8.38378
      vertex 2.74407 36.9901 8.74144
      vertex 12.2559 36.9901 8.74144
    endloop
  endfacet
  facet normal 0 1 0
    outer loop
      vertex 12.0593 36.9901 8.38378
      vertex 2.94069 36.9901 8.38378
      vertex 2.74407 36.9901 8.74144
    endloop
  endfacet
  facet normal 0 1 -0
    outer loop
      vertex 11.9091 36.9901 8.0043
      vertex 2.94069 36.9901 8.38378
      vertex 12.0593 36.9901 8.38378
    endloop
  endfacet
  facet normal 0 1 0
    outer loop
      vertex 11.9091 36.9901 8.0043
      vertex 3.09093 36.9901 8.0043
      vertex 2.94069 36.9901 8.38378
    endloop
  endfacet
  facet normal 0 1 -0
    outer loop
      vertex 11.8076 36.9901 7.60899
      vertex 3.09093 36.9901 8.0043
      vertex 11.9091 36.9901 8.0043
    endloop
  endfacet
  facet normal 0 1 0
    outer loop
      vertex 11.8076 36.9901 7.60899
      vertex 3.19243 36.9901 7.60899
      vertex 3.09093 36.9901 8.0043
    endloop
  endfacet
  facet normal 0 1 -0
    outer loop
      vertex 11.7564 36.9901 7.20407
      vertex 3.19243 36.9901 7.60899
      vertex 11.8076 36.9901 7.60899
    endloop
  endfacet
  facet normal 0 1 0
    outer loop
      vertex 11.7564 36.9901 7.20407
      vertex 3.24359 36.9901 7.20407
      vertex 3.19243 36.9901 7.60899
    endloop
  endfacet
  facet normal 0 1 -0
    outer loop
      vertex 11.7564 36.9901 6.79593
      vertex 3.24359 36.9901 7.20407
      vertex 11.7564 36.9901 7.20407
    endloop
  endfacet
  facet normal 0 1 0
    outer loop
      vertex 11.7564 36.9901 6.79593
      vertex 3.24359 36.9901 6.79593
      vertex 3.24359 36.9901 7.20407
    endloop
  endfacet
  facet normal 0 1 0
    outer loop
      vertex 11.8076 36.9901 6.39101
      vertex 3.24359 36.9901 6.79593
      vertex 11.7564 36.9901 6.79593
    endloop
  endfacet
  facet normal 0 1 0
    outer loop
      vertex 11.8076 36.9901 6.39101
      vertex 3.19243 36.9901 6.39101
      vertex 3.24359 36.9901 6.79593
    endloop
  endfacet
  facet normal 0 1 0
    outer loop
      vertex 11.9091 36.9901 5.99569
      vertex 3.19243 36.9901 6.39101
      vertex 11.8076 36.9901 6.39101
    endloop
  endfacet
  facet normal 0 1 0
    outer loop
      vertex 11.9091 36.9901 5.99569
      vertex 3.09093 36.9901 5.99569
      vertex 3.19243 36.9901 6.39101
    endloop
  endfacet
  facet normal 0 1 0
    outer loop
      vertex 12.0593 36.9901 5.61622
      vertex 3.09093 36.9901 5.99569
      vertex 11.9091 36.9901 5.99569
    endloop
  endfacet
  facet normal 0 1 0
    outer loop
      vertex 12.0593 36.9901 5.61622
      vertex 2.94069 36.9901 5.61622
      vertex 3.09093 36.9901 5.99569
    endloop
  endfacet
  facet normal 0 1 0
    outer loop
      vertex 12.2559 36.9901 5.25856
      vertex 2.94069 36.9901 5.61622
      vertex 12.0593 36.9901 5.61622
    endloop
  endfacet
  facet normal 0 1 0
    outer loop
      vertex 12.2559 36.9901 5.25856
      vertex 2.74407 36.9901 5.25856
      vertex 2.94069 36.9901 5.61622
    endloop
  endfacet
  facet normal 0 1 0
    outer loop
      vertex 12.4958 36.9901 4.92837
      vertex 2.74407 36.9901 5.25856
      vertex 12.2559 36.9901 5.25856
    endloop
  endfacet
  facet normal 0 1 0
    outer loop
      vertex 12.4958 36.9901 4.92837
      vertex 2.50417 36.9901 4.92837
      vertex 2.74407 36.9901 5.25856
    endloop
  endfacet
  facet normal 0 1 0
    outer loop
      vertex 12.7752 36.9901 4.63085
      vertex 2.50417 36.9901 4.92837
      vertex 12.4958 36.9901 4.92837
    endloop
  endfacet
  facet normal 0 1 0
    outer loop
      vertex 12.7752 36.9901 4.63085
      vertex 2.22478 36.9901 4.63085
      vertex 2.50417 36.9901 4.92837
    endloop
  endfacet
  facet normal 0 1 0
    outer loop
      vertex 13.0897 36.9901 4.37069
      vertex 2.22478 36.9901 4.63085
      vertex 12.7752 36.9901 4.63085
    endloop
  endfacet
  facet normal 0 1 0
    outer loop
      vertex 13.0897 36.9901 4.37069
      vertex 1.9103 36.9901 4.37069
      vertex 2.22478 36.9901 4.63085
    endloop
  endfacet
  facet normal 0 1 0
    outer loop
      vertex 13.4343 36.9901 4.152
      vertex 1.9103 36.9901 4.37069
      vertex 13.0897 36.9901 4.37069
    endloop
  endfacet
  facet normal 0 1 0
    outer loop
      vertex 13.4343 36.9901 4.152
      vertex 1.5657 36.9901 4.152
      vertex 1.9103 36.9901 4.37069
    endloop
  endfacet
  facet normal 0 1 0
    outer loop
      vertex 13.8036 36.9901 3.97823
      vertex 1.5657 36.9901 4.152
      vertex 13.4343 36.9901 4.152
    endloop
  endfacet
  facet normal 0 1 0
    outer loop
      vertex 13.8036 36.9901 3.97823
      vertex 1.1964 36.9901 3.97823
      vertex 1.5657 36.9901 4.152
    endloop
  endfacet
  facet normal 0 1 0
    outer loop
      vertex 14.1918 36.9901 3.8521
      vertex 1.1964 36.9901 3.97823
      vertex 13.8036 36.9901 3.97823
    endloop
  endfacet
  facet normal 0 1 0
    outer loop
      vertex 14.1918 36.9901 3.8521
      vertex 0.808242 36.9901 3.8521
      vertex 1.1964 36.9901 3.97823
    endloop
  endfacet
  facet normal 0 1 0
    outer loop
      vertex 14.5927 36.9901 3.77563
      vertex 0.808242 36.9901 3.8521
      vertex 14.1918 36.9901 3.8521
    endloop
  endfacet
  facet normal 0 1 0
    outer loop
      vertex 14.5927 36.9901 3.77563
      vertex 0.407332 36.9901 3.77563
      vertex 0.808242 36.9901 3.8521
    endloop
  endfacet
  facet normal 0 1 0
    outer loop
      vertex 15 36.9901 3.75
      vertex 0.407332 36.9901 3.77563
      vertex 14.5927 36.9901 3.77563
    endloop
  endfacet
  facet normal 0 1 0
    outer loop
      vertex 0.407332 36.9901 3.77563
      vertex 15 36.9901 3.75
      vertex 0 36.9901 3.75
    endloop
  endfacet
  facet normal 0 1 -0
    outer loop
      vertex 29.5927 36.9901 10.2244
      vertex 15 36.9901 10.25
      vertex 30 36.9901 10.25
    endloop
  endfacet
  facet normal 0 1 0
    outer loop
      vertex 29.5927 36.9901 10.2244
      vertex 15.4073 36.9901 10.2244
      vertex 15 36.9901 10.25
    endloop
  endfacet
  facet normal 0 1 -0
    outer loop
      vertex 29.1918 36.9901 10.1479
      vertex 15.4073 36.9901 10.2244
      vertex 29.5927 36.9901 10.2244
    endloop
  endfacet
  facet normal 0 1 0
    outer loop
      vertex 29.1918 36.9901 10.1479
      vertex 15.8082 36.9901 10.1479
      vertex 15.4073 36.9901 10.2244
    endloop
  endfacet
  facet normal 0 1 -0
    outer loop
      vertex 28.8036 36.9901 10.0218
      vertex 15.8082 36.9901 10.1479
      vertex 29.1918 36.9901 10.1479
    endloop
  endfacet
  facet normal 0 1 0
    outer loop
      vertex 28.8036 36.9901 10.0218
      vertex 16.1964 36.9901 10.0218
      vertex 15.8082 36.9901 10.1479
    endloop
  endfacet
  facet normal 0 1 -0
    outer loop
      vertex 28.4343 36.9901 9.848
      vertex 16.1964 36.9901 10.0218
      vertex 28.8036 36.9901 10.0218
    endloop
  endfacet
  facet normal 0 1 0
    outer loop
      vertex 28.4343 36.9901 9.848
      vertex 16.5657 36.9901 9.848
      vertex 16.1964 36.9901 10.0218
    endloop
  endfacet
  facet normal 0 1 -0
    outer loop
      vertex 28.0897 36.9901 9.6293
      vertex 16.5657 36.9901 9.848
      vertex 28.4343 36.9901 9.848
    endloop
  endfacet
  facet normal 0 1 0
    outer loop
      vertex 28.0897 36.9901 9.6293
      vertex 16.9103 36.9901 9.6293
      vertex 16.5657 36.9901 9.848
    endloop
  endfacet
  facet normal 0 1 -0
    outer loop
      vertex 27.7752 36.9901 9.36915
      vertex 16.9103 36.9901 9.6293
      vertex 28.0897 36.9901 9.6293
    endloop
  endfacet
  facet normal 0 1 0
    outer loop
      vertex 27.7752 36.9901 9.36915
      vertex 17.2248 36.9901 9.36915
      vertex 16.9103 36.9901 9.6293
    endloop
  endfacet
  facet normal 0 1 -0
    outer loop
      vertex 27.4958 36.9901 9.07163
      vertex 17.2248 36.9901 9.36915
      vertex 27.7752 36.9901 9.36915
    endloop
  endfacet
  facet normal 0 1 0
    outer loop
      vertex 27.4958 36.9901 9.07163
      vertex 17.5042 36.9901 9.07163
      vertex 17.2248 36.9901 9.36915
    endloop
  endfacet
  facet normal 0 1 -0
    outer loop
      vertex 27.2559 36.9901 8.74144
      vertex 17.5042 36.9901 9.07163
      vertex 27.4958 36.9901 9.07163
    endloop
  endfacet
  facet normal 0 1 0
    outer loop
      vertex 27.2559 36.9901 8.74144
      vertex 17.7441 36.9901 8.74144
      vertex 17.5042 36.9901 9.07163
    endloop
  endfacet
  facet normal 0 1 -0
    outer loop
      vertex 27.0593 36.9901 8.38378
      vertex 17.7441 36.9901 8.74144
      vertex 27.2559 36.9901 8.74144
    endloop
  endfacet
  facet normal 0 1 0
    outer loop
      vertex 27.0593 36.9901 8.38378
      vertex 17.9407 36.9901 8.38378
      vertex 17.7441 36.9901 8.74144
    endloop
  endfacet
  facet normal 0 1 -0
    outer loop
      vertex 26.9091 36.9901 8.0043
      vertex 17.9407 36.9901 8.38378
      vertex 27.0593 36.9901 8.38378
    endloop
  endfacet
  facet normal 0 1 0
    outer loop
      vertex 26.9091 36.9901 8.0043
      vertex 18.0909 36.9901 8.0043
      vertex 17.9407 36.9901 8.38378
    endloop
  endfacet
  facet normal 0 1 -0
    outer loop
      vertex 26.8076 36.9901 7.60899
      vertex 18.0909 36.9901 8.0043
      vertex 26.9091 36.9901 8.0043
    endloop
  endfacet
  facet normal 0 1 0
    outer loop
      vertex 26.8076 36.9901 7.60899
      vertex 18.1924 36.9901 7.60899
      vertex 18.0909 36.9901 8.0043
    endloop
  endfacet
  facet normal 0 1 -0
    outer loop
      vertex 26.7564 36.9901 7.20407
      vertex 18.1924 36.9901 7.60899
      vertex 26.8076 36.9901 7.60899
    endloop
  endfacet
  facet normal 0 1 0
    outer loop
      vertex 26.7564 36.9901 7.20407
      vertex 18.2436 36.9901 7.20407
      vertex 18.1924 36.9901 7.60899
    endloop
  endfacet
  facet normal 0 1 -0
    outer loop
      vertex 26.7564 36.9901 6.79593
      vertex 18.2436 36.9901 7.20407
      vertex 26.7564 36.9901 7.20407
    endloop
  endfacet
  facet normal 0 1 0
    outer loop
      vertex 26.7564 36.9901 6.79593
      vertex 18.2436 36.9901 6.79593
      vertex 18.2436 36.9901 7.20407
    endloop
  endfacet
  facet normal 0 1 0
    outer loop
      vertex 26.8076 36.9901 6.39101
      vertex 18.2436 36.9901 6.79593
      vertex 26.7564 36.9901 6.79593
    endloop
  endfacet
  facet normal 0 1 0
    outer loop
      vertex 26.8076 36.9901 6.39101
      vertex 18.1924 36.9901 6.39101
      vertex 18.2436 36.9901 6.79593
    endloop
  endfacet
  facet normal 0 1 0
    outer loop
      vertex 26.9091 36.9901 5.99569
      vertex 18.1924 36.9901 6.39101
      vertex 26.8076 36.9901 6.39101
    endloop
  endfacet
  facet normal 0 1 0
    outer loop
      vertex 26.9091 36.9901 5.99569
      vertex 18.0909 36.9901 5.99569
      vertex 18.1924 36.9901 6.39101
    endloop
  endfacet
  facet normal 0 1 0
    outer loop
      vertex 27.0593 36.9901 5.61622
      vertex 18.0909 36.9901 5.99569
      vertex 26.9091 36.9901 5.99569
    endloop
  endfacet
  facet normal 0 1 0
    outer loop
      vertex 27.0593 36.9901 5.61622
      vertex 17.9407 36.9901 5.61622
      vertex 18.0909 36.9901 5.99569
    endloop
  endfacet
  facet normal 0 1 0
    outer loop
      vertex 27.2559 36.9901 5.25856
      vertex 17.9407 36.9901 5.61622
      vertex 27.0593 36.9901 5.61622
    endloop
  endfacet
  facet normal 0 1 0
    outer loop
      vertex 27.2559 36.9901 5.25856
      vertex 17.7441 36.9901 5.25856
      vertex 17.9407 36.9901 5.61622
    endloop
  endfacet
  facet normal 0 1 0
    outer loop
      vertex 27.4958 36.9901 4.92837
      vertex 17.7441 36.9901 5.25856
      vertex 27.2559 36.9901 5.25856
    endloop
  endfacet
  facet normal 0 1 0
    outer loop
      vertex 27.4958 36.9901 4.92837
      vertex 17.5042 36.9901 4.92837
      vertex 17.7441 36.9901 5.25856
    endloop
  endfacet
  facet normal 0 1 0
    outer loop
      vertex 27.7752 36.9901 4.63085
      vertex 17.5042 36.9901 4.92837
      vertex 27.4958 36.9901 4.92837
    endloop
  endfacet
  facet normal 0 1 0
    outer loop
      vertex 27.7752 36.9901 4.63085
      vertex 17.2248 36.9901 4.63085
      vertex 17.5042 36.9901 4.92837
    endloop
  endfacet
  facet normal 0 1 0
    outer loop
      vertex 28.0897 36.9901 4.37069
      vertex 17.2248 36.9901 4.63085
      vertex 27.7752 36.9901 4.63085
    endloop
  endfacet
  facet normal 0 1 0
    outer loop
      vertex 28.0897 36.9901 4.37069
      vertex 16.9103 36.9901 4.37069
      vertex 17.2248 36.9901 4.63085
    endloop
  endfacet
  facet normal 0 1 0
    outer loop
      vertex 28.4343 36.9901 4.152
      vertex 16.9103 36.9901 4.37069
      vertex 28.0897 36.9901 4.37069
    endloop
  endfacet
  facet normal 0 1 0
    outer loop
      vertex 28.4343 36.9901 4.152
      vertex 16.5657 36.9901 4.152
      vertex 16.9103 36.9901 4.37069
    endloop
  endfacet
  facet normal 0 1 0
    outer loop
      vertex 28.8036 36.9901 3.97823
      vertex 16.5657 36.9901 4.152
      vertex 28.4343 36.9901 4.152
    endloop
  endfacet
  facet normal 0 1 0
    outer loop
      vertex 28.8036 36.9901 3.97823
      vertex 16.1964 36.9901 3.97823
      vertex 16.5657 36.9901 4.152
    endloop
  endfacet
  facet normal 0 1 0
    outer loop
      vertex 29.1918 36.9901 3.8521
      vertex 16.1964 36.9901 3.97823
      vertex 28.8036 36.9901 3.97823
    endloop
  endfacet
  facet normal 0 1 0
    outer loop
      vertex 29.1918 36.9901 3.8521
      vertex 15.8082 36.9901 3.8521
      vertex 16.1964 36.9901 3.97823
    endloop
  endfacet
  facet normal 0 1 0
    outer loop
      vertex 29.5927 36.9901 3.77563
      vertex 15.8082 36.9901 3.8521
      vertex 29.1918 36.9901 3.8521
    endloop
  endfacet
  facet normal 0 1 0
    outer loop
      vertex 29.5927 36.9901 3.77563
      vertex 15.4073 36.9901 3.77563
      vertex 15.8082 36.9901 3.8521
    endloop
  endfacet
  facet normal 0 1 0
    outer loop
      vertex 30 36.9901 3.75
      vertex 15.4073 36.9901 3.77563
      vertex 29.5927 36.9901 3.77563
    endloop
  endfacet
  facet normal 0 1 0
    outer loop
      vertex 15.4073 36.9901 3.77563
      vertex 30 36.9901 3.75
      vertex 15 36.9901 3.75
    endloop
  endfacet
  facet normal 0 1 -0
    outer loop
      vertex 44.5927 36.9901 10.2244
      vertex 30 36.9901 10.25
      vertex 45 36.9901 10.25
    endloop
  endfacet
  facet normal 0 1 0
    outer loop
      vertex 44.5927 36.9901 10.2244
      vertex 30.4073 36.9901 10.2244
      vertex 30 36.9901 10.25
    endloop
  endfacet
  facet normal 0 1 -0
    outer loop
      vertex 44.1918 36.9901 10.1479
      vertex 30.4073 36.9901 10.2244
      vertex 44.5927 36.9901 10.2244
    endloop
  endfacet
  facet normal 0 1 0
    outer loop
      vertex 44.1918 36.9901 10.1479
      vertex 30.8082 36.9901 10.1479
      vertex 30.4073 36.9901 10.2244
    endloop
  endfacet
  facet normal 0 1 -0
    outer loop
      vertex 43.8036 36.9901 10.0218
      vertex 30.8082 36.9901 10.1479
      vertex 44.1918 36.9901 10.1479
    endloop
  endfacet
  facet normal 0 1 0
    outer loop
      vertex 43.8036 36.9901 10.0218
      vertex 31.1964 36.9901 10.0218
      vertex 30.8082 36.9901 10.1479
    endloop
  endfacet
  facet normal 0 1 -0
    outer loop
      vertex 43.4343 36.9901 9.848
      vertex 31.1964 36.9901 10.0218
      vertex 43.8036 36.9901 10.0218
    endloop
  endfacet
  facet normal 0 1 0
    outer loop
      vertex 43.4343 36.9901 9.848
      vertex 31.5657 36.9901 9.848
      vertex 31.1964 36.9901 10.0218
    endloop
  endfacet
  facet normal 0 1 -0
    outer loop
      vertex 43.0897 36.9901 9.6293
      vertex 31.5657 36.9901 9.848
      vertex 43.4343 36.9901 9.848
    endloop
  endfacet
  facet normal 0 1 0
    outer loop
      vertex 43.0897 36.9901 9.6293
      vertex 31.9103 36.9901 9.6293
      vertex 31.5657 36.9901 9.848
    endloop
  endfacet
  facet normal 0 1 -0
    outer loop
      vertex 42.7752 36.9901 9.36915
      vertex 31.9103 36.9901 9.6293
      vertex 43.0897 36.9901 9.6293
    endloop
  endfacet
  facet normal 0 1 0
    outer loop
      vertex 42.7752 36.9901 9.36915
      vertex 32.2248 36.9901 9.36915
      vertex 31.9103 36.9901 9.6293
    endloop
  endfacet
  facet normal 0 1 -0
    outer loop
      vertex 42.4958 36.9901 9.07163
      vertex 32.2248 36.9901 9.36915
      vertex 42.7752 36.9901 9.36915
    endloop
  endfacet
  facet normal 0 1 0
    outer loop
      vertex 42.4958 36.9901 9.07163
      vertex 32.5042 36.9901 9.07163
      vertex 32.2248 36.9901 9.36915
    endloop
  endfacet
  facet normal 0 1 -0
    outer loop
      vertex 42.2559 36.9901 8.74144
      vertex 32.5042 36.9901 9.07163
      vertex 42.4958 36.9901 9.07163
    endloop
  endfacet
  facet normal 0 1 0
    outer loop
      vertex 42.2559 36.9901 8.74144
      vertex 32.7441 36.9901 8.74144
      vertex 32.5042 36.9901 9.07163
    endloop
  endfacet
  facet normal 0 1 -0
    outer loop
      vertex 42.0593 36.9901 8.38378
      vertex 32.7441 36.9901 8.74144
      vertex 42.2559 36.9901 8.74144
    endloop
  endfacet
  facet normal 0 1 0
    outer loop
      vertex 42.0593 36.9901 8.38378
      vertex 32.9407 36.9901 8.38378
      vertex 32.7441 36.9901 8.74144
    endloop
  endfacet
  facet normal 0 1 -0
    outer loop
      vertex 41.9091 36.9901 8.0043
      vertex 32.9407 36.9901 8.38378
      vertex 42.0593 36.9901 8.38378
    endloop
  endfacet
  facet normal 0 1 0
    outer loop
      vertex 41.9091 36.9901 8.0043
      vertex 33.0909 36.9901 8.0043
      vertex 32.9407 36.9901 8.38378
    endloop
  endfacet
  facet normal 0 1 -0
    outer loop
      vertex 41.8076 36.9901 7.60899
      vertex 33.0909 36.9901 8.0043
      vertex 41.9091 36.9901 8.0043
    endloop
  endfacet
  facet normal 0 1 0
    outer loop
      vertex 41.8076 36.9901 7.60899
      vertex 33.1924 36.9901 7.60899
      vertex 33.0909 36.9901 8.0043
    endloop
  endfacet
  facet normal 0 1 -0
    outer loop
      vertex 41.7564 36.9901 7.20407
      vertex 33.1924 36.9901 7.60899
      vertex 41.8076 36.9901 7.60899
    endloop
  endfacet
  facet normal 0 1 0
    outer loop
      vertex 41.7564 36.9901 7.20407
      vertex 33.2436 36.9901 7.20407
      vertex 33.1924 36.9901 7.60899
    endloop
  endfacet
  facet normal 0 1 -0
    outer loop
      vertex 41.7564 36.9901 6.79593
      vertex 33.2436 36.9901 7.20407
      vertex 41.7564 36.9901 7.20407
    endloop
  endfacet
  facet normal 0 1 0
    outer loop
      vertex 41.7564 36.9901 6.79593
      vertex 33.2436 36.9901 6.79593
      vertex 33.2436 36.9901 7.20407
    endloop
  endfacet
  facet normal 0 1 0
    outer loop
      vertex 41.8076 36.9901 6.39101
      vertex 33.2436 36.9901 6.79593
      vertex 41.7564 36.9901 6.79593
    endloop
  endfacet
  facet normal 0 1 0
    outer loop
      vertex 41.8076 36.9901 6.39101
      vertex 33.1924 36.9901 6.39101
      vertex 33.2436 36.9901 6.79593
    endloop
  endfacet
  facet normal 0 1 0
    outer loop
      vertex 41.9091 36.9901 5.99569
      vertex 33.1924 36.9901 6.39101
      vertex 41.8076 36.9901 6.39101
    endloop
  endfacet
  facet normal 0 1 0
    outer loop
      vertex 41.9091 36.9901 5.99569
      vertex 33.0909 36.9901 5.99569
      vertex 33.1924 36.9901 6.39101
    endloop
  endfacet
  facet normal 0 1 0
    outer loop
      vertex 42.0593 36.9901 5.61622
      vertex 33.0909 36.9901 5.99569
      vertex 41.9091 36.9901 5.99569
    endloop
  endfacet
  facet normal 0 1 0
    outer loop
      vertex 42.0593 36.9901 5.61622
      vertex 32.9407 36.9901 5.61622
      vertex 33.0909 36.9901 5.99569
    endloop
  endfacet
  facet normal 0 1 0
    outer loop
      vertex 42.2559 36.9901 5.25856
      vertex 32.9407 36.9901 5.61622
      vertex 42.0593 36.9901 5.61622
    endloop
  endfacet
  facet normal 0 1 0
    outer loop
      vertex 42.2559 36.9901 5.25856
      vertex 32.7441 36.9901 5.25856
      vertex 32.9407 36.9901 5.61622
    endloop
  endfacet
  facet normal 0 1 0
    outer loop
      vertex 42.4958 36.9901 4.92837
      vertex 32.7441 36.9901 5.25856
      vertex 42.2559 36.9901 5.25856
    endloop
  endfacet
  facet normal 0 1 0
    outer loop
      vertex 42.4958 36.9901 4.92837
      vertex 32.5042 36.9901 4.92837
      vertex 32.7441 36.9901 5.25856
    endloop
  endfacet
  facet normal 0 1 0
    outer loop
      vertex 42.7752 36.9901 4.63085
      vertex 32.5042 36.9901 4.92837
      vertex 42.4958 36.9901 4.92837
    endloop
  endfacet
  facet normal 0 1 0
    outer loop
      vertex 42.7752 36.9901 4.63085
      vertex 32.2248 36.9901 4.63085
      vertex 32.5042 36.9901 4.92837
    endloop
  endfacet
  facet normal 0 1 0
    outer loop
      vertex 43.0897 36.9901 4.37069
      vertex 32.2248 36.9901 4.63085
      vertex 42.7752 36.9901 4.63085
    endloop
  endfacet
  facet normal 0 1 0
    outer loop
      vertex 43.0897 36.9901 4.37069
      vertex 31.9103 36.9901 4.37069
      vertex 32.2248 36.9901 4.63085
    endloop
  endfacet
  facet normal 0 1 0
    outer loop
      vertex 43.4343 36.9901 4.152
      vertex 31.9103 36.9901 4.37069
      vertex 43.0897 36.9901 4.37069
    endloop
  endfacet
  facet normal 0 1 0
    outer loop
      vertex 43.4343 36.9901 4.152
      vertex 31.5657 36.9901 4.152
      vertex 31.9103 36.9901 4.37069
    endloop
  endfacet
  facet normal 0 1 0
    outer loop
      vertex 43.8036 36.9901 3.97823
      vertex 31.5657 36.9901 4.152
      vertex 43.4343 36.9901 4.152
    endloop
  endfacet
  facet normal 0 1 0
    outer loop
      vertex 43.8036 36.9901 3.97823
      vertex 31.1964 36.9901 3.97823
      vertex 31.5657 36.9901 4.152
    endloop
  endfacet
  facet normal 0 1 0
    outer loop
      vertex 44.1918 36.9901 3.8521
      vertex 31.1964 36.9901 3.97823
      vertex 43.8036 36.9901 3.97823
    endloop
  endfacet
  facet normal 0 1 0
    outer loop
      vertex 44.1918 36.9901 3.8521
      vertex 30.8082 36.9901 3.8521
      vertex 31.1964 36.9901 3.97823
    endloop
  endfacet
  facet normal 0 1 0
    outer loop
      vertex 44.5927 36.9901 3.77563
      vertex 30.8082 36.9901 3.8521
      vertex 44.1918 36.9901 3.8521
    endloop
  endfacet
  facet normal 0 1 0
    outer loop
      vertex 44.5927 36.9901 3.77563
      vertex 30.4073 36.9901 3.77563
      vertex 30.8082 36.9901 3.8521
    endloop
  endfacet
  facet normal 0 1 0
    outer loop
      vertex 45 36.9901 3.75
      vertex 30.4073 36.9901 3.77563
      vertex 44.5927 36.9901 3.77563
    endloop
  endfacet
  facet normal 0 1 0
    outer loop
      vertex 30.4073 36.9901 3.77563
      vertex 45 36.9901 3.75
      vertex 30 36.9901 3.75
    endloop
  endfacet
  facet normal 0 1 0
    outer loop
      vertex 45.4073 36.9901 10.2244
      vertex 77.3139 36.9901 14
      vertex 59.5927 36.9901 10.2244
    endloop
  endfacet
  facet normal 0 1 0
    outer loop
      vertex 77.3139 36.9901 14
      vertex 45.4073 36.9901 10.2244
      vertex 45 36.9901 10.25
    endloop
  endfacet
  facet normal 0 1 -0
    outer loop
      vertex 59.1918 36.9901 10.1479
      vertex 45.4073 36.9901 10.2244
      vertex 59.5927 36.9901 10.2244
    endloop
  endfacet
  facet normal 0 1 0
    outer loop
      vertex 59.1918 36.9901 10.1479
      vertex 45.8082 36.9901 10.1479
      vertex 45.4073 36.9901 10.2244
    endloop
  endfacet
  facet normal 0 1 -0
    outer loop
      vertex 58.8036 36.9901 10.0218
      vertex 45.8082 36.9901 10.1479
      vertex 59.1918 36.9901 10.1479
    endloop
  endfacet
  facet normal 0 1 0
    outer loop
      vertex 58.8036 36.9901 10.0218
      vertex 46.1964 36.9901 10.0218
      vertex 45.8082 36.9901 10.1479
    endloop
  endfacet
  facet normal 0 1 -0
    outer loop
      vertex 58.4343 36.9901 9.848
      vertex 46.1964 36.9901 10.0218
      vertex 58.8036 36.9901 10.0218
    endloop
  endfacet
  facet normal 0 1 0
    outer loop
      vertex 58.4343 36.9901 9.848
      vertex 46.5657 36.9901 9.848
      vertex 46.1964 36.9901 10.0218
    endloop
  endfacet
  facet normal 0 1 -0
    outer loop
      vertex 58.0897 36.9901 9.6293
      vertex 46.5657 36.9901 9.848
      vertex 58.4343 36.9901 9.848
    endloop
  endfacet
  facet normal 0 1 0
    outer loop
      vertex 58.0897 36.9901 9.6293
      vertex 46.9103 36.9901 9.6293
      vertex 46.5657 36.9901 9.848
    endloop
  endfacet
  facet normal 0 1 -0
    outer loop
      vertex 57.7752 36.9901 9.36915
      vertex 46.9103 36.9901 9.6293
      vertex 58.0897 36.9901 9.6293
    endloop
  endfacet
  facet normal 0 1 0
    outer loop
      vertex 57.7752 36.9901 9.36915
      vertex 47.2248 36.9901 9.36915
      vertex 46.9103 36.9901 9.6293
    endloop
  endfacet
  facet normal 0 1 -0
    outer loop
      vertex 57.4958 36.9901 9.07163
      vertex 47.2248 36.9901 9.36915
      vertex 57.7752 36.9901 9.36915
    endloop
  endfacet
  facet normal 0 1 0
    outer loop
      vertex 57.4958 36.9901 9.07163
      vertex 47.5042 36.9901 9.07163
      vertex 47.2248 36.9901 9.36915
    endloop
  endfacet
  facet normal 0 1 -0
    outer loop
      vertex 57.2559 36.9901 8.74144
      vertex 47.5042 36.9901 9.07163
      vertex 57.4958 36.9901 9.07163
    endloop
  endfacet
  facet normal 0 1 0
    outer loop
      vertex 57.2559 36.9901 8.74144
      vertex 47.7441 36.9901 8.74144
      vertex 47.5042 36.9901 9.07163
    endloop
  endfacet
  facet normal 0 1 -0
    outer loop
      vertex 57.0593 36.9901 8.38378
      vertex 47.7441 36.9901 8.74144
      vertex 57.2559 36.9901 8.74144
    endloop
  endfacet
  facet normal 0 1 0
    outer loop
      vertex 57.0593 36.9901 8.38378
      vertex 47.9407 36.9901 8.38378
      vertex 47.7441 36.9901 8.74144
    endloop
  endfacet
  facet normal 0 1 -0
    outer loop
      vertex 56.9091 36.9901 8.0043
      vertex 47.9407 36.9901 8.38378
      vertex 57.0593 36.9901 8.38378
    endloop
  endfacet
  facet normal 0 1 0
    outer loop
      vertex 56.9091 36.9901 8.0043
      vertex 48.0909 36.9901 8.0043
      vertex 47.9407 36.9901 8.38378
    endloop
  endfacet
  facet normal 0 1 -0
    outer loop
      vertex 56.8076 36.9901 7.60899
      vertex 48.0909 36.9901 8.0043
      vertex 56.9091 36.9901 8.0043
    endloop
  endfacet
  facet normal 0 1 0
    outer loop
      vertex 56.8076 36.9901 7.60899
      vertex 48.1924 36.9901 7.60899
      vertex 48.0909 36.9901 8.0043
    endloop
  endfacet
  facet normal 0 1 -0
    outer loop
      vertex 56.7564 36.9901 7.20407
      vertex 48.1924 36.9901 7.60899
      vertex 56.8076 36.9901 7.60899
    endloop
  endfacet
  facet normal 0 1 0
    outer loop
      vertex 56.7564 36.9901 7.20407
      vertex 48.2436 36.9901 7.20407
      vertex 48.1924 36.9901 7.60899
    endloop
  endfacet
  facet normal 0 1 -0
    outer loop
      vertex 56.7564 36.9901 6.79593
      vertex 48.2436 36.9901 7.20407
      vertex 56.7564 36.9901 7.20407
    endloop
  endfacet
  facet normal 0 1 0
    outer loop
      vertex 56.7564 36.9901 6.79593
      vertex 48.2436 36.9901 6.79593
      vertex 48.2436 36.9901 7.20407
    endloop
  endfacet
  facet normal 0 1 0
    outer loop
      vertex 56.8076 36.9901 6.39101
      vertex 48.2436 36.9901 6.79593
      vertex 56.7564 36.9901 6.79593
    endloop
  endfacet
  facet normal 0 1 0
    outer loop
      vertex 56.8076 36.9901 6.39101
      vertex 48.1924 36.9901 6.39101
      vertex 48.2436 36.9901 6.79593
    endloop
  endfacet
  facet normal 0 1 0
    outer loop
      vertex 56.9091 36.9901 5.99569
      vertex 48.1924 36.9901 6.39101
      vertex 56.8076 36.9901 6.39101
    endloop
  endfacet
  facet normal 0 1 0
    outer loop
      vertex 56.9091 36.9901 5.99569
      vertex 48.0909 36.9901 5.99569
      vertex 48.1924 36.9901 6.39101
    endloop
  endfacet
  facet normal 0 1 0
    outer loop
      vertex 57.0593 36.9901 5.61622
      vertex 48.0909 36.9901 5.99569
      vertex 56.9091 36.9901 5.99569
    endloop
  endfacet
  facet normal 0 1 0
    outer loop
      vertex 57.0593 36.9901 5.61622
      vertex 47.9407 36.9901 5.61622
      vertex 48.0909 36.9901 5.99569
    endloop
  endfacet
  facet normal 0 1 0
    outer loop
      vertex 57.2559 36.9901 5.25856
      vertex 47.9407 36.9901 5.61622
      vertex 57.0593 36.9901 5.61622
    endloop
  endfacet
  facet normal 0 1 0
    outer loop
      vertex 57.2559 36.9901 5.25856
      vertex 47.7441 36.9901 5.25856
      vertex 47.9407 36.9901 5.61622
    endloop
  endfacet
  facet normal 0 1 0
    outer loop
      vertex 57.4958 36.9901 4.92837
      vertex 47.7441 36.9901 5.25856
      vertex 57.2559 36.9901 5.25856
    endloop
  endfacet
  facet normal 0 1 0
    outer loop
      vertex 57.4958 36.9901 4.92837
      vertex 47.5042 36.9901 4.92837
      vertex 47.7441 36.9901 5.25856
    endloop
  endfacet
  facet normal 0 1 0
    outer loop
      vertex 57.7752 36.9901 4.63085
      vertex 47.5042 36.9901 4.92837
      vertex 57.4958 36.9901 4.92837
    endloop
  endfacet
  facet normal 0 1 0
    outer loop
      vertex 57.7752 36.9901 4.63085
      vertex 47.2248 36.9901 4.63085
      vertex 47.5042 36.9901 4.92837
    endloop
  endfacet
  facet normal 0 1 0
    outer loop
      vertex 58.0897 36.9901 4.37069
      vertex 47.2248 36.9901 4.63085
      vertex 57.7752 36.9901 4.63085
    endloop
  endfacet
  facet normal 0 1 0
    outer loop
      vertex 58.0897 36.9901 4.37069
      vertex 46.9103 36.9901 4.37069
      vertex 47.2248 36.9901 4.63085
    endloop
  endfacet
  facet normal 0 1 0
    outer loop
      vertex 58.4343 36.9901 4.152
      vertex 46.9103 36.9901 4.37069
      vertex 58.0897 36.9901 4.37069
    endloop
  endfacet
  facet normal 0 1 0
    outer loop
      vertex 58.4343 36.9901 4.152
      vertex 46.5657 36.9901 4.152
      vertex 46.9103 36.9901 4.37069
    endloop
  endfacet
  facet normal 0 1 0
    outer loop
      vertex 58.8036 36.9901 3.97823
      vertex 46.5657 36.9901 4.152
      vertex 58.4343 36.9901 4.152
    endloop
  endfacet
  facet normal 0 1 0
    outer loop
      vertex 58.8036 36.9901 3.97823
      vertex 46.1964 36.9901 3.97823
      vertex 46.5657 36.9901 4.152
    endloop
  endfacet
  facet normal 0 1 0
    outer loop
      vertex 59.1918 36.9901 3.8521
      vertex 46.1964 36.9901 3.97823
      vertex 58.8036 36.9901 3.97823
    endloop
  endfacet
  facet normal 0 1 0
    outer loop
      vertex 59.1918 36.9901 3.8521
      vertex 45.8082 36.9901 3.8521
      vertex 46.1964 36.9901 3.97823
    endloop
  endfacet
  facet normal 0 1 0
    outer loop
      vertex 59.5927 36.9901 3.77563
      vertex 45.8082 36.9901 3.8521
      vertex 59.1918 36.9901 3.8521
    endloop
  endfacet
  facet normal 0 1 0
    outer loop
      vertex 59.5927 36.9901 3.77563
      vertex 45.4073 36.9901 3.77563
      vertex 45.8082 36.9901 3.8521
    endloop
  endfacet
  facet normal 0 1 0
    outer loop
      vertex 60 36.9901 3.75
      vertex 45.4073 36.9901 3.77563
      vertex 59.5927 36.9901 3.77563
    endloop
  endfacet
  facet normal 0 1 0
    outer loop
      vertex 45.4073 36.9901 3.77563
      vertex 60 36.9901 3.75
      vertex 45 36.9901 3.75
    endloop
  endfacet
  facet normal 0 1 0
    outer loop
      vertex 74.1918 36.9901 10.1479
      vertex 77.3139 36.9901 14
      vertex 74.5927 36.9901 10.2244
    endloop
  endfacet
  facet normal 0 1 0
    outer loop
      vertex 77.3139 36.9901 14
      vertex 60.4073 36.9901 10.2244
      vertex 60 36.9901 10.25
    endloop
  endfacet
  facet normal 0 1 0
    outer loop
      vertex 73.8036 36.9901 10.0218
      vertex 77.3139 36.9901 14
      vertex 74.1918 36.9901 10.1479
    endloop
  endfacet
  facet normal 0 1 0
    outer loop
      vertex 77.3139 36.9901 14
      vertex 60.8082 36.9901 10.1479
      vertex 60.4073 36.9901 10.2244
    endloop
  endfacet
  facet normal 0 1 0
    outer loop
      vertex 73.4343 36.9901 9.848
      vertex 77.3139 36.9901 14
      vertex 73.8036 36.9901 10.0218
    endloop
  endfacet
  facet normal 0 1 0
    outer loop
      vertex 77.3139 36.9901 14
      vertex 61.1964 36.9901 10.0218
      vertex 60.8082 36.9901 10.1479
    endloop
  endfacet
  facet normal 0 1 0
    outer loop
      vertex 61.5657 36.9901 9.848
      vertex 77.3139 36.9901 14
      vertex 73.4343 36.9901 9.848
    endloop
  endfacet
  facet normal 0 1 0
    outer loop
      vertex 77.3139 36.9901 14
      vertex 61.5657 36.9901 9.848
      vertex 61.1964 36.9901 10.0218
    endloop
  endfacet
  facet normal 0 1 -0
    outer loop
      vertex 73.0897 36.9901 9.6293
      vertex 61.5657 36.9901 9.848
      vertex 73.4343 36.9901 9.848
    endloop
  endfacet
  facet normal 0 1 0
    outer loop
      vertex 73.0897 36.9901 9.6293
      vertex 61.9103 36.9901 9.6293
      vertex 61.5657 36.9901 9.848
    endloop
  endfacet
  facet normal 0 1 -0
    outer loop
      vertex 72.7752 36.9901 9.36915
      vertex 61.9103 36.9901 9.6293
      vertex 73.0897 36.9901 9.6293
    endloop
  endfacet
  facet normal 0 1 0
    outer loop
      vertex 72.7752 36.9901 9.36915
      vertex 62.2248 36.9901 9.36915
      vertex 61.9103 36.9901 9.6293
    endloop
  endfacet
  facet normal 0 1 -0
    outer loop
      vertex 72.4958 36.9901 9.07163
      vertex 62.2248 36.9901 9.36915
      vertex 72.7752 36.9901 9.36915
    endloop
  endfacet
  facet normal 0 1 0
    outer loop
      vertex 72.4958 36.9901 9.07163
      vertex 62.5042 36.9901 9.07163
      vertex 62.2248 36.9901 9.36915
    endloop
  endfacet
  facet normal 0 1 -0
    outer loop
      vertex 72.2559 36.9901 8.74144
      vertex 62.5042 36.9901 9.07163
      vertex 72.4958 36.9901 9.07163
    endloop
  endfacet
  facet normal 0 1 0
    outer loop
      vertex 72.2559 36.9901 8.74144
      vertex 62.7441 36.9901 8.74144
      vertex 62.5042 36.9901 9.07163
    endloop
  endfacet
  facet normal 0 1 -0
    outer loop
      vertex 72.0593 36.9901 8.38378
      vertex 62.7441 36.9901 8.74144
      vertex 72.2559 36.9901 8.74144
    endloop
  endfacet
  facet normal 0 1 0
    outer loop
      vertex 72.0593 36.9901 8.38378
      vertex 62.9407 36.9901 8.38378
      vertex 62.7441 36.9901 8.74144
    endloop
  endfacet
  facet normal 0 1 -0
    outer loop
      vertex 71.9091 36.9901 8.0043
      vertex 62.9407 36.9901 8.38378
      vertex 72.0593 36.9901 8.38378
    endloop
  endfacet
  facet normal 0 1 0
    outer loop
      vertex 71.9091 36.9901 8.0043
      vertex 63.0909 36.9901 8.0043
      vertex 62.9407 36.9901 8.38378
    endloop
  endfacet
  facet normal 0 1 -0
    outer loop
      vertex 71.8076 36.9901 7.60899
      vertex 63.0909 36.9901 8.0043
      vertex 71.9091 36.9901 8.0043
    endloop
  endfacet
  facet normal 0 1 0
    outer loop
      vertex 71.8076 36.9901 7.60899
      vertex 63.1924 36.9901 7.60899
      vertex 63.0909 36.9901 8.0043
    endloop
  endfacet
  facet normal 0 1 -0
    outer loop
      vertex 71.7564 36.9901 7.20407
      vertex 63.1924 36.9901 7.60899
      vertex 71.8076 36.9901 7.60899
    endloop
  endfacet
  facet normal 0 1 0
    outer loop
      vertex 71.7564 36.9901 7.20407
      vertex 63.2436 36.9901 7.20407
      vertex 63.1924 36.9901 7.60899
    endloop
  endfacet
  facet normal 0 1 -0
    outer loop
      vertex 71.7564 36.9901 6.79593
      vertex 63.2436 36.9901 7.20407
      vertex 71.7564 36.9901 7.20407
    endloop
  endfacet
  facet normal 0 1 0
    outer loop
      vertex 71.7564 36.9901 6.79593
      vertex 63.2436 36.9901 6.79593
      vertex 63.2436 36.9901 7.20407
    endloop
  endfacet
  facet normal 0 1 0
    outer loop
      vertex 71.8076 36.9901 6.39101
      vertex 63.2436 36.9901 6.79593
      vertex 71.7564 36.9901 6.79593
    endloop
  endfacet
  facet normal 0 1 0
    outer loop
      vertex 71.8076 36.9901 6.39101
      vertex 63.1924 36.9901 6.39101
      vertex 63.2436 36.9901 6.79593
    endloop
  endfacet
  facet normal 0 1 0
    outer loop
      vertex 71.9091 36.9901 5.99569
      vertex 63.1924 36.9901 6.39101
      vertex 71.8076 36.9901 6.39101
    endloop
  endfacet
  facet normal 0 1 0
    outer loop
      vertex 71.9091 36.9901 5.99569
      vertex 63.0909 36.9901 5.99569
      vertex 63.1924 36.9901 6.39101
    endloop
  endfacet
  facet normal 0 1 0
    outer loop
      vertex 72.0593 36.9901 5.61622
      vertex 63.0909 36.9901 5.99569
      vertex 71.9091 36.9901 5.99569
    endloop
  endfacet
  facet normal 0 1 0
    outer loop
      vertex 72.0593 36.9901 5.61622
      vertex 62.9407 36.9901 5.61622
      vertex 63.0909 36.9901 5.99569
    endloop
  endfacet
  facet normal 0 1 0
    outer loop
      vertex 72.2559 36.9901 5.25856
      vertex 62.9407 36.9901 5.61622
      vertex 72.0593 36.9901 5.61622
    endloop
  endfacet
  facet normal 0 1 0
    outer loop
      vertex 72.2559 36.9901 5.25856
      vertex 62.7441 36.9901 5.25856
      vertex 62.9407 36.9901 5.61622
    endloop
  endfacet
  facet normal 0 1 0
    outer loop
      vertex 72.4958 36.9901 4.92837
      vertex 62.7441 36.9901 5.25856
      vertex 72.2559 36.9901 5.25856
    endloop
  endfacet
  facet normal 0 1 0
    outer loop
      vertex 72.4958 36.9901 4.92837
      vertex 62.5042 36.9901 4.92837
      vertex 62.7441 36.9901 5.25856
    endloop
  endfacet
  facet normal 0 1 0
    outer loop
      vertex 72.7752 36.9901 4.63085
      vertex 62.5042 36.9901 4.92837
      vertex 72.4958 36.9901 4.92837
    endloop
  endfacet
  facet normal 0 1 0
    outer loop
      vertex 72.7752 36.9901 4.63085
      vertex 62.2248 36.9901 4.63085
      vertex 62.5042 36.9901 4.92837
    endloop
  endfacet
  facet normal 0 1 0
    outer loop
      vertex 73.0897 36.9901 4.37069
      vertex 62.2248 36.9901 4.63085
      vertex 72.7752 36.9901 4.63085
    endloop
  endfacet
  facet normal 0 1 0
    outer loop
      vertex 73.0897 36.9901 4.37069
      vertex 61.9103 36.9901 4.37069
      vertex 62.2248 36.9901 4.63085
    endloop
  endfacet
  facet normal 0 1 0
    outer loop
      vertex 73.4343 36.9901 4.152
      vertex 61.9103 36.9901 4.37069
      vertex 73.0897 36.9901 4.37069
    endloop
  endfacet
  facet normal 0 1 0
    outer loop
      vertex 73.4343 36.9901 4.152
      vertex 61.5657 36.9901 4.152
      vertex 61.9103 36.9901 4.37069
    endloop
  endfacet
  facet normal 0 1 0
    outer loop
      vertex 77.3139 36.9901 0
      vertex 73.4343 36.9901 4.152
      vertex 73.8036 36.9901 3.97823
    endloop
  endfacet
  facet normal 0 1 0
    outer loop
      vertex 73.4343 36.9901 4.152
      vertex 77.3139 36.9901 0
      vertex 61.5657 36.9901 4.152
    endloop
  endfacet
  facet normal 0 1 0
    outer loop
      vertex 77.3139 36.9901 0
      vertex 73.8036 36.9901 3.97823
      vertex 74.1918 36.9901 3.8521
    endloop
  endfacet
  facet normal 0 1 0
    outer loop
      vertex 61.5657 36.9901 4.152
      vertex 77.3139 36.9901 0
      vertex 61.1964 36.9901 3.97823
    endloop
  endfacet
  facet normal 0 1 0
    outer loop
      vertex 77.3139 36.9901 0
      vertex 74.1918 36.9901 3.8521
      vertex 74.5927 36.9901 3.77563
    endloop
  endfacet
  facet normal 0 1 0
    outer loop
      vertex 61.1964 36.9901 3.97823
      vertex 77.3139 36.9901 0
      vertex 60.8082 36.9901 3.8521
    endloop
  endfacet
  facet normal 0 1 0
    outer loop
      vertex 77.3139 36.9901 0
      vertex 74.5927 36.9901 3.77563
      vertex 75 36.9901 3.75
    endloop
  endfacet
  facet normal 0 1 0
    outer loop
      vertex 60.8082 36.9901 3.8521
      vertex 77.3139 36.9901 0
      vertex 60.4073 36.9901 3.77563
    endloop
  endfacet
  facet normal 0 1 0
    outer loop
      vertex 74.5927 36.9901 10.2244
      vertex 77.3139 36.9901 14
      vertex 75 36.9901 10.25
    endloop
  endfacet
  facet normal 0 1 0
    outer loop
      vertex 77.3139 36.9901 14
      vertex 75.4073 36.9901 10.2244
      vertex 75 36.9901 10.25
    endloop
  endfacet
  facet normal 0 1 0
    outer loop
      vertex 77.3139 36.9901 14
      vertex 75.8082 36.9901 10.1479
      vertex 75.4073 36.9901 10.2244
    endloop
  endfacet
  facet normal 0 1 0
    outer loop
      vertex 77.3139 36.9901 14
      vertex 76.1964 36.9901 10.0218
      vertex 75.8082 36.9901 10.1479
    endloop
  endfacet
  facet normal 0 1 0
    outer loop
      vertex 77.3139 36.9901 14
      vertex 76.5657 36.9901 9.848
      vertex 76.1964 36.9901 10.0218
    endloop
  endfacet
  facet normal 0 1 0
    outer loop
      vertex 77.3139 36.9901 14
      vertex 76.9103 36.9901 9.6293
      vertex 76.5657 36.9901 9.848
    endloop
  endfacet
  facet normal 0 1 0
    outer loop
      vertex 77.3139 36.9901 14
      vertex 77.2248 36.9901 9.36915
      vertex 76.9103 36.9901 9.6293
    endloop
  endfacet
  facet normal -0 1 0
    outer loop
      vertex 77.2248 36.9901 9.36915
      vertex 77.3139 36.9901 14
      vertex 77.3139 36.9901 9.27419
    endloop
  endfacet
  facet normal 0 1 0
    outer loop
      vertex 59.5927 36.9901 10.2244
      vertex 77.3139 36.9901 14
      vertex 60 36.9901 10.25
    endloop
  endfacet
  facet normal 0 1 0
    outer loop
      vertex 30 36.9901 10.25
      vertex 77.3139 36.9901 14
      vertex 45 36.9901 10.25
    endloop
  endfacet
  facet normal 0 1 0
    outer loop
      vertex 15 36.9901 10.25
      vertex 77.3139 36.9901 14
      vertex 30 36.9901 10.25
    endloop
  endfacet
  facet normal 0 1 0
    outer loop
      vertex 0 36.9901 10.25
      vertex 77.3139 36.9901 14
      vertex 15 36.9901 10.25
    endloop
  endfacet
  facet normal 0 1 0
    outer loop
      vertex 77.3139 36.9901 14
      vertex 0 36.9901 10.25
      vertex -77.3139 36.9901 14
    endloop
  endfacet
  facet normal 0 1 -0
    outer loop
      vertex -15 36.9901 10.25
      vertex -77.3139 36.9901 14
      vertex 0 36.9901 10.25
    endloop
  endfacet
  facet normal 0 1 -0
    outer loop
      vertex -30 36.9901 10.25
      vertex -77.3139 36.9901 14
      vertex -15 36.9901 10.25
    endloop
  endfacet
  facet normal 0 1 -0
    outer loop
      vertex -45 36.9901 10.25
      vertex -77.3139 36.9901 14
      vertex -30 36.9901 10.25
    endloop
  endfacet
  facet normal 0 1 -0
    outer loop
      vertex -45.4073 36.9901 10.2244
      vertex -77.3139 36.9901 14
      vertex -45 36.9901 10.25
    endloop
  endfacet
  facet normal 0 1 -0
    outer loop
      vertex -60.4073 36.9901 10.2244
      vertex -77.3139 36.9901 14
      vertex -60 36.9901 10.25
    endloop
  endfacet
  facet normal 0 1 -0
    outer loop
      vertex -60.8082 36.9901 10.1479
      vertex -77.3139 36.9901 14
      vertex -60.4073 36.9901 10.2244
    endloop
  endfacet
  facet normal 0 1 -0
    outer loop
      vertex -61.1964 36.9901 10.0218
      vertex -77.3139 36.9901 14
      vertex -60.8082 36.9901 10.1479
    endloop
  endfacet
  facet normal 0 1 -0
    outer loop
      vertex -61.5657 36.9901 9.848
      vertex -77.3139 36.9901 14
      vertex -61.1964 36.9901 10.0218
    endloop
  endfacet
  facet normal 0 1 -0
    outer loop
      vertex -61.9103 36.9901 9.6293
      vertex -77.3139 36.9901 14
      vertex -61.5657 36.9901 9.848
    endloop
  endfacet
  facet normal 0 1 -0
    outer loop
      vertex -62.2248 36.9901 9.36915
      vertex -77.3139 36.9901 14
      vertex -61.9103 36.9901 9.6293
    endloop
  endfacet
  facet normal 0 1 -0
    outer loop
      vertex -62.5042 36.9901 9.07163
      vertex -77.3139 36.9901 14
      vertex -62.2248 36.9901 9.36915
    endloop
  endfacet
  facet normal 0 1 -0
    outer loop
      vertex -62.7441 36.9901 8.74144
      vertex -77.3139 36.9901 14
      vertex -62.5042 36.9901 9.07163
    endloop
  endfacet
  facet normal 0 1 -0
    outer loop
      vertex -62.9407 36.9901 8.38378
      vertex -77.3139 36.9901 14
      vertex -62.7441 36.9901 8.74144
    endloop
  endfacet
  facet normal 0 1 -0
    outer loop
      vertex -63.0909 36.9901 8.0043
      vertex -77.3139 36.9901 14
      vertex -62.9407 36.9901 8.38378
    endloop
  endfacet
  facet normal 0 1 -0
    outer loop
      vertex -63.1924 36.9901 7.60899
      vertex -77.3139 36.9901 14
      vertex -63.0909 36.9901 8.0043
    endloop
  endfacet
  facet normal 0 1 -0
    outer loop
      vertex -63.2436 36.9901 7.20407
      vertex -77.3139 36.9901 14
      vertex -63.1924 36.9901 7.60899
    endloop
  endfacet
  facet normal 0 1 -0
    outer loop
      vertex -63.2436 36.9901 6.79593
      vertex -77.3139 36.9901 14
      vertex -63.2436 36.9901 7.20407
    endloop
  endfacet
  facet normal 0 1 0
    outer loop
      vertex -77.3139 36.9901 0
      vertex -63.2436 36.9901 6.79593
      vertex -63.1924 36.9901 6.39101
    endloop
  endfacet
  facet normal 0 1 0
    outer loop
      vertex -77.3139 36.9901 0
      vertex -63.1924 36.9901 6.39101
      vertex -63.0909 36.9901 5.99569
    endloop
  endfacet
  facet normal 0 1 0
    outer loop
      vertex -77.3139 36.9901 0
      vertex -63.0909 36.9901 5.99569
      vertex -62.9407 36.9901 5.61622
    endloop
  endfacet
  facet normal 0 1 0
    outer loop
      vertex -77.3139 36.9901 0
      vertex -62.9407 36.9901 5.61622
      vertex -62.7441 36.9901 5.25856
    endloop
  endfacet
  facet normal 0 1 0
    outer loop
      vertex -77.3139 36.9901 0
      vertex -62.7441 36.9901 5.25856
      vertex -62.5042 36.9901 4.92837
    endloop
  endfacet
  facet normal 0 1 0
    outer loop
      vertex -77.3139 36.9901 0
      vertex -62.5042 36.9901 4.92837
      vertex -62.2248 36.9901 4.63085
    endloop
  endfacet
  facet normal 0 1 0
    outer loop
      vertex -77.3139 36.9901 0
      vertex -62.2248 36.9901 4.63085
      vertex -61.9103 36.9901 4.37069
    endloop
  endfacet
  facet normal 0 1 0
    outer loop
      vertex -77.3139 36.9901 0
      vertex -61.9103 36.9901 4.37069
      vertex -61.5657 36.9901 4.152
    endloop
  endfacet
  facet normal 0 1 0
    outer loop
      vertex -63.2436 36.9901 6.79593
      vertex -77.3139 36.9901 0
      vertex -77.3139 36.9901 14
    endloop
  endfacet
  facet normal 0 1 0
    outer loop
      vertex -61.1964 36.9901 3.97823
      vertex -77.3139 36.9901 0
      vertex -61.5657 36.9901 4.152
    endloop
  endfacet
  facet normal 0 1 0
    outer loop
      vertex -60.8082 36.9901 3.8521
      vertex -77.3139 36.9901 0
      vertex -61.1964 36.9901 3.97823
    endloop
  endfacet
  facet normal 0 1 0
    outer loop
      vertex -60.4073 36.9901 3.77563
      vertex -77.3139 36.9901 0
      vertex -60.8082 36.9901 3.8521
    endloop
  endfacet
  facet normal 0 1 0
    outer loop
      vertex -60 36.9901 3.75
      vertex -77.3139 36.9901 0
      vertex -60.4073 36.9901 3.77563
    endloop
  endfacet
  facet normal 0 1 0
    outer loop
      vertex -45 36.9901 3.75
      vertex -77.3139 36.9901 0
      vertex -60 36.9901 3.75
    endloop
  endfacet
  facet normal 0 -1 0
    outer loop
      vertex 15.8082 23.0099 10.1479
      vertex 38 23.0099 14
      vertex 15.4073 23.0099 10.2244
    endloop
  endfacet
  facet normal 0 -1 0
    outer loop
      vertex 38 23.0099 14
      vertex 29.5927 23.0099 10.2244
      vertex 30 23.0099 10.25
    endloop
  endfacet
  facet normal 0 -1 0
    outer loop
      vertex 29.1918 23.0099 10.1479
      vertex 38 23.0099 14
      vertex 15.8082 23.0099 10.1479
    endloop
  endfacet
  facet normal 0 -1 0
    outer loop
      vertex 38 23.0099 14
      vertex 29.1918 23.0099 10.1479
      vertex 29.5927 23.0099 10.2244
    endloop
  endfacet
  facet normal 0 -1 0
    outer loop
      vertex 16.1964 23.0099 10.0218
      vertex 29.1918 23.0099 10.1479
      vertex 15.8082 23.0099 10.1479
    endloop
  endfacet
  facet normal 0 -1 0
    outer loop
      vertex 16.1964 23.0099 10.0218
      vertex 28.8036 23.0099 10.0218
      vertex 29.1918 23.0099 10.1479
    endloop
  endfacet
  facet normal 0 -1 0
    outer loop
      vertex 16.5657 23.0099 9.848
      vertex 28.8036 23.0099 10.0218
      vertex 16.1964 23.0099 10.0218
    endloop
  endfacet
  facet normal 0 -1 0
    outer loop
      vertex 16.5657 23.0099 9.848
      vertex 28.4343 23.0099 9.848
      vertex 28.8036 23.0099 10.0218
    endloop
  endfacet
  facet normal 0 -1 0
    outer loop
      vertex 16.9103 23.0099 9.6293
      vertex 28.4343 23.0099 9.848
      vertex 16.5657 23.0099 9.848
    endloop
  endfacet
  facet normal 0 -1 0
    outer loop
      vertex 16.9103 23.0099 9.6293
      vertex 28.0897 23.0099 9.6293
      vertex 28.4343 23.0099 9.848
    endloop
  endfacet
  facet normal 0 -1 0
    outer loop
      vertex 17.2248 23.0099 9.36915
      vertex 28.0897 23.0099 9.6293
      vertex 16.9103 23.0099 9.6293
    endloop
  endfacet
  facet normal 0 -1 0
    outer loop
      vertex 17.2248 23.0099 9.36915
      vertex 27.7752 23.0099 9.36915
      vertex 28.0897 23.0099 9.6293
    endloop
  endfacet
  facet normal 0 -1 0
    outer loop
      vertex 17.5042 23.0099 9.07163
      vertex 27.7752 23.0099 9.36915
      vertex 17.2248 23.0099 9.36915
    endloop
  endfacet
  facet normal 0 -1 0
    outer loop
      vertex 17.5042 23.0099 9.07163
      vertex 27.4958 23.0099 9.07163
      vertex 27.7752 23.0099 9.36915
    endloop
  endfacet
  facet normal 0 -1 0
    outer loop
      vertex 17.7441 23.0099 8.74144
      vertex 27.4958 23.0099 9.07163
      vertex 17.5042 23.0099 9.07163
    endloop
  endfacet
  facet normal 0 -1 0
    outer loop
      vertex 17.7441 23.0099 8.74144
      vertex 27.2559 23.0099 8.74144
      vertex 27.4958 23.0099 9.07163
    endloop
  endfacet
  facet normal 0 -1 0
    outer loop
      vertex 17.9407 23.0099 8.38378
      vertex 27.2559 23.0099 8.74144
      vertex 17.7441 23.0099 8.74144
    endloop
  endfacet
  facet normal 0 -1 0
    outer loop
      vertex 17.9407 23.0099 8.38378
      vertex 27.0593 23.0099 8.38378
      vertex 27.2559 23.0099 8.74144
    endloop
  endfacet
  facet normal 0 -1 0
    outer loop
      vertex 18.0909 23.0099 8.0043
      vertex 27.0593 23.0099 8.38378
      vertex 17.9407 23.0099 8.38378
    endloop
  endfacet
  facet normal 0 -1 0
    outer loop
      vertex 18.0909 23.0099 8.0043
      vertex 26.9091 23.0099 8.0043
      vertex 27.0593 23.0099 8.38378
    endloop
  endfacet
  facet normal 0 -1 0
    outer loop
      vertex 18.1924 23.0099 7.60899
      vertex 26.9091 23.0099 8.0043
      vertex 18.0909 23.0099 8.0043
    endloop
  endfacet
  facet normal 0 -1 0
    outer loop
      vertex 18.1924 23.0099 7.60899
      vertex 26.8076 23.0099 7.60899
      vertex 26.9091 23.0099 8.0043
    endloop
  endfacet
  facet normal 0 -1 0
    outer loop
      vertex 18.2436 23.0099 7.20407
      vertex 26.8076 23.0099 7.60899
      vertex 18.1924 23.0099 7.60899
    endloop
  endfacet
  facet normal 0 -1 0
    outer loop
      vertex 18.2436 23.0099 7.20407
      vertex 26.7564 23.0099 7.20407
      vertex 26.8076 23.0099 7.60899
    endloop
  endfacet
  facet normal 0 -1 0
    outer loop
      vertex 18.2436 23.0099 6.79593
      vertex 26.7564 23.0099 7.20407
      vertex 18.2436 23.0099 7.20407
    endloop
  endfacet
  facet normal 0 -1 0
    outer loop
      vertex 18.2436 23.0099 6.79593
      vertex 26.7564 23.0099 6.79593
      vertex 26.7564 23.0099 7.20407
    endloop
  endfacet
  facet normal 0 -1 0
    outer loop
      vertex 18.1924 23.0099 6.39101
      vertex 26.7564 23.0099 6.79593
      vertex 18.2436 23.0099 6.79593
    endloop
  endfacet
  facet normal 0 -1 0
    outer loop
      vertex 18.1924 23.0099 6.39101
      vertex 26.8076 23.0099 6.39101
      vertex 26.7564 23.0099 6.79593
    endloop
  endfacet
  facet normal 0 -1 0
    outer loop
      vertex 18.0909 23.0099 5.99569
      vertex 26.8076 23.0099 6.39101
      vertex 18.1924 23.0099 6.39101
    endloop
  endfacet
  facet normal 0 -1 0
    outer loop
      vertex 18.0909 23.0099 5.99569
      vertex 26.9091 23.0099 5.99569
      vertex 26.8076 23.0099 6.39101
    endloop
  endfacet
  facet normal 0 -1 0
    outer loop
      vertex 17.9407 23.0099 5.61622
      vertex 26.9091 23.0099 5.99569
      vertex 18.0909 23.0099 5.99569
    endloop
  endfacet
  facet normal 0 -1 0
    outer loop
      vertex 17.9407 23.0099 5.61622
      vertex 27.0593 23.0099 5.61622
      vertex 26.9091 23.0099 5.99569
    endloop
  endfacet
  facet normal 0 -1 0
    outer loop
      vertex 17.7441 23.0099 5.25856
      vertex 27.0593 23.0099 5.61622
      vertex 17.9407 23.0099 5.61622
    endloop
  endfacet
  facet normal 0 -1 0
    outer loop
      vertex 17.7441 23.0099 5.25856
      vertex 27.2559 23.0099 5.25856
      vertex 27.0593 23.0099 5.61622
    endloop
  endfacet
  facet normal 0 -1 0
    outer loop
      vertex 17.5042 23.0099 4.92837
      vertex 27.2559 23.0099 5.25856
      vertex 17.7441 23.0099 5.25856
    endloop
  endfacet
  facet normal 0 -1 0
    outer loop
      vertex 17.5042 23.0099 4.92837
      vertex 27.4958 23.0099 4.92837
      vertex 27.2559 23.0099 5.25856
    endloop
  endfacet
  facet normal 0 -1 0
    outer loop
      vertex 17.2248 23.0099 4.63085
      vertex 27.4958 23.0099 4.92837
      vertex 17.5042 23.0099 4.92837
    endloop
  endfacet
  facet normal 0 -1 0
    outer loop
      vertex 17.2248 23.0099 4.63085
      vertex 27.7752 23.0099 4.63085
      vertex 27.4958 23.0099 4.92837
    endloop
  endfacet
  facet normal 0 -1 0
    outer loop
      vertex 16.9103 23.0099 4.37069
      vertex 27.7752 23.0099 4.63085
      vertex 17.2248 23.0099 4.63085
    endloop
  endfacet
  facet normal 0 -1 0
    outer loop
      vertex 16.9103 23.0099 4.37069
      vertex 28.0897 23.0099 4.37069
      vertex 27.7752 23.0099 4.63085
    endloop
  endfacet
  facet normal 0 -1 0
    outer loop
      vertex 16.5657 23.0099 4.152
      vertex 28.0897 23.0099 4.37069
      vertex 16.9103 23.0099 4.37069
    endloop
  endfacet
  facet normal 0 -1 0
    outer loop
      vertex 16.5657 23.0099 4.152
      vertex 28.4343 23.0099 4.152
      vertex 28.0897 23.0099 4.37069
    endloop
  endfacet
  facet normal 0 -1 0
    outer loop
      vertex 16.1964 23.0099 3.97823
      vertex 28.4343 23.0099 4.152
      vertex 16.5657 23.0099 4.152
    endloop
  endfacet
  facet normal 0 -1 0
    outer loop
      vertex 16.1964 23.0099 3.97823
      vertex 28.8036 23.0099 3.97823
      vertex 28.4343 23.0099 4.152
    endloop
  endfacet
  facet normal 0 -1 0
    outer loop
      vertex 15.8082 23.0099 3.8521
      vertex 28.8036 23.0099 3.97823
      vertex 16.1964 23.0099 3.97823
    endloop
  endfacet
  facet normal 0 -1 0
    outer loop
      vertex 15.8082 23.0099 3.8521
      vertex 29.1918 23.0099 3.8521
      vertex 28.8036 23.0099 3.97823
    endloop
  endfacet
  facet normal 0 -1 0
    outer loop
      vertex 38 23.0099 0
      vertex 15.8082 23.0099 3.8521
      vertex 15.4073 23.0099 3.77563
    endloop
  endfacet
  facet normal 0 -1 0
    outer loop
      vertex 15.8082 23.0099 3.8521
      vertex 38 23.0099 0
      vertex 29.1918 23.0099 3.8521
    endloop
  endfacet
  facet normal 0 -1 0
    outer loop
      vertex 38 23.0099 0
      vertex 15.4073 23.0099 3.77563
      vertex 15 23.0099 3.75
    endloop
  endfacet
  facet normal 0 -1 0
    outer loop
      vertex 29.1918 23.0099 3.8521
      vertex 38 23.0099 0
      vertex 29.5927 23.0099 3.77563
    endloop
  endfacet
  facet normal 0 -1 0
    outer loop
      vertex 0.407332 23.0099 10.2244
      vertex 15 23.0099 10.25
      vertex 0 23.0099 10.25
    endloop
  endfacet
  facet normal 0 -1 0
    outer loop
      vertex 0.407332 23.0099 10.2244
      vertex 14.5927 23.0099 10.2244
      vertex 15 23.0099 10.25
    endloop
  endfacet
  facet normal 0 -1 0
    outer loop
      vertex 0.808242 23.0099 10.1479
      vertex 14.5927 23.0099 10.2244
      vertex 0.407332 23.0099 10.2244
    endloop
  endfacet
  facet normal 0 -1 0
    outer loop
      vertex 0.808242 23.0099 10.1479
      vertex 14.1918 23.0099 10.1479
      vertex 14.5927 23.0099 10.2244
    endloop
  endfacet
  facet normal 0 -1 0
    outer loop
      vertex 1.1964 23.0099 10.0218
      vertex 14.1918 23.0099 10.1479
      vertex 0.808242 23.0099 10.1479
    endloop
  endfacet
  facet normal 0 -1 0
    outer loop
      vertex 1.1964 23.0099 10.0218
      vertex 13.8036 23.0099 10.0218
      vertex 14.1918 23.0099 10.1479
    endloop
  endfacet
  facet normal 0 -1 0
    outer loop
      vertex 1.5657 23.0099 9.848
      vertex 13.8036 23.0099 10.0218
      vertex 1.1964 23.0099 10.0218
    endloop
  endfacet
  facet normal 0 -1 0
    outer loop
      vertex 1.5657 23.0099 9.848
      vertex 13.4343 23.0099 9.848
      vertex 13.8036 23.0099 10.0218
    endloop
  endfacet
  facet normal 0 -1 0
    outer loop
      vertex 1.9103 23.0099 9.6293
      vertex 13.4343 23.0099 9.848
      vertex 1.5657 23.0099 9.848
    endloop
  endfacet
  facet normal 0 -1 0
    outer loop
      vertex 1.9103 23.0099 9.6293
      vertex 13.0897 23.0099 9.6293
      vertex 13.4343 23.0099 9.848
    endloop
  endfacet
  facet normal 0 -1 0
    outer loop
      vertex 2.22478 23.0099 9.36915
      vertex 13.0897 23.0099 9.6293
      vertex 1.9103 23.0099 9.6293
    endloop
  endfacet
  facet normal 0 -1 0
    outer loop
      vertex 2.22478 23.0099 9.36915
      vertex 12.7752 23.0099 9.36915
      vertex 13.0897 23.0099 9.6293
    endloop
  endfacet
  facet normal 0 -1 0
    outer loop
      vertex 2.50417 23.0099 9.07163
      vertex 12.7752 23.0099 9.36915
      vertex 2.22478 23.0099 9.36915
    endloop
  endfacet
  facet normal 0 -1 0
    outer loop
      vertex 2.50417 23.0099 9.07163
      vertex 12.4958 23.0099 9.07163
      vertex 12.7752 23.0099 9.36915
    endloop
  endfacet
  facet normal 0 -1 0
    outer loop
      vertex 2.74407 23.0099 8.74144
      vertex 12.4958 23.0099 9.07163
      vertex 2.50417 23.0099 9.07163
    endloop
  endfacet
  facet normal 0 -1 0
    outer loop
      vertex 2.74407 23.0099 8.74144
      vertex 12.2559 23.0099 8.74144
      vertex 12.4958 23.0099 9.07163
    endloop
  endfacet
  facet normal 0 -1 0
    outer loop
      vertex 2.94069 23.0099 8.38378
      vertex 12.2559 23.0099 8.74144
      vertex 2.74407 23.0099 8.74144
    endloop
  endfacet
  facet normal 0 -1 0
    outer loop
      vertex 2.94069 23.0099 8.38378
      vertex 12.0593 23.0099 8.38378
      vertex 12.2559 23.0099 8.74144
    endloop
  endfacet
  facet normal 0 -1 0
    outer loop
      vertex 3.09093 23.0099 8.0043
      vertex 12.0593 23.0099 8.38378
      vertex 2.94069 23.0099 8.38378
    endloop
  endfacet
  facet normal 0 -1 0
    outer loop
      vertex 3.09093 23.0099 8.0043
      vertex 11.9091 23.0099 8.0043
      vertex 12.0593 23.0099 8.38378
    endloop
  endfacet
  facet normal 0 -1 0
    outer loop
      vertex 3.19243 23.0099 7.60899
      vertex 11.9091 23.0099 8.0043
      vertex 3.09093 23.0099 8.0043
    endloop
  endfacet
  facet normal 0 -1 0
    outer loop
      vertex 3.19243 23.0099 7.60899
      vertex 11.8076 23.0099 7.60899
      vertex 11.9091 23.0099 8.0043
    endloop
  endfacet
  facet normal 0 -1 0
    outer loop
      vertex 3.24359 23.0099 7.20407
      vertex 11.8076 23.0099 7.60899
      vertex 3.19243 23.0099 7.60899
    endloop
  endfacet
  facet normal 0 -1 0
    outer loop
      vertex 3.24359 23.0099 7.20407
      vertex 11.7564 23.0099 7.20407
      vertex 11.8076 23.0099 7.60899
    endloop
  endfacet
  facet normal 0 -1 0
    outer loop
      vertex 3.24359 23.0099 6.79593
      vertex 11.7564 23.0099 7.20407
      vertex 3.24359 23.0099 7.20407
    endloop
  endfacet
  facet normal 0 -1 0
    outer loop
      vertex 3.24359 23.0099 6.79593
      vertex 11.7564 23.0099 6.79593
      vertex 11.7564 23.0099 7.20407
    endloop
  endfacet
  facet normal 0 -1 0
    outer loop
      vertex 3.19243 23.0099 6.39101
      vertex 11.7564 23.0099 6.79593
      vertex 3.24359 23.0099 6.79593
    endloop
  endfacet
  facet normal 0 -1 0
    outer loop
      vertex 3.19243 23.0099 6.39101
      vertex 11.8076 23.0099 6.39101
      vertex 11.7564 23.0099 6.79593
    endloop
  endfacet
  facet normal 0 -1 0
    outer loop
      vertex 3.09093 23.0099 5.99569
      vertex 11.8076 23.0099 6.39101
      vertex 3.19243 23.0099 6.39101
    endloop
  endfacet
  facet normal 0 -1 0
    outer loop
      vertex 3.09093 23.0099 5.99569
      vertex 11.9091 23.0099 5.99569
      vertex 11.8076 23.0099 6.39101
    endloop
  endfacet
  facet normal 0 -1 0
    outer loop
      vertex 2.94069 23.0099 5.61622
      vertex 11.9091 23.0099 5.99569
      vertex 3.09093 23.0099 5.99569
    endloop
  endfacet
  facet normal 0 -1 0
    outer loop
      vertex 2.94069 23.0099 5.61622
      vertex 12.0593 23.0099 5.61622
      vertex 11.9091 23.0099 5.99569
    endloop
  endfacet
  facet normal 0 -1 0
    outer loop
      vertex 2.74407 23.0099 5.25856
      vertex 12.0593 23.0099 5.61622
      vertex 2.94069 23.0099 5.61622
    endloop
  endfacet
  facet normal 0 -1 0
    outer loop
      vertex 2.74407 23.0099 5.25856
      vertex 12.2559 23.0099 5.25856
      vertex 12.0593 23.0099 5.61622
    endloop
  endfacet
  facet normal 0 -1 0
    outer loop
      vertex 2.50417 23.0099 4.92837
      vertex 12.2559 23.0099 5.25856
      vertex 2.74407 23.0099 5.25856
    endloop
  endfacet
  facet normal 0 -1 0
    outer loop
      vertex 2.50417 23.0099 4.92837
      vertex 12.4958 23.0099 4.92837
      vertex 12.2559 23.0099 5.25856
    endloop
  endfacet
  facet normal 0 -1 0
    outer loop
      vertex 2.22478 23.0099 4.63085
      vertex 12.4958 23.0099 4.92837
      vertex 2.50417 23.0099 4.92837
    endloop
  endfacet
  facet normal 0 -1 0
    outer loop
      vertex 2.22478 23.0099 4.63085
      vertex 12.7752 23.0099 4.63085
      vertex 12.4958 23.0099 4.92837
    endloop
  endfacet
  facet normal 0 -1 0
    outer loop
      vertex 1.9103 23.0099 4.37069
      vertex 12.7752 23.0099 4.63085
      vertex 2.22478 23.0099 4.63085
    endloop
  endfacet
  facet normal 0 -1 0
    outer loop
      vertex 1.9103 23.0099 4.37069
      vertex 13.0897 23.0099 4.37069
      vertex 12.7752 23.0099 4.63085
    endloop
  endfacet
  facet normal 0 -1 0
    outer loop
      vertex 1.5657 23.0099 4.152
      vertex 13.0897 23.0099 4.37069
      vertex 1.9103 23.0099 4.37069
    endloop
  endfacet
  facet normal 0 -1 0
    outer loop
      vertex 1.5657 23.0099 4.152
      vertex 13.4343 23.0099 4.152
      vertex 13.0897 23.0099 4.37069
    endloop
  endfacet
  facet normal 0 -1 0
    outer loop
      vertex 1.1964 23.0099 3.97823
      vertex 13.4343 23.0099 4.152
      vertex 1.5657 23.0099 4.152
    endloop
  endfacet
  facet normal 0 -1 0
    outer loop
      vertex 1.1964 23.0099 3.97823
      vertex 13.8036 23.0099 3.97823
      vertex 13.4343 23.0099 4.152
    endloop
  endfacet
  facet normal 0 -1 0
    outer loop
      vertex 0.808242 23.0099 3.8521
      vertex 13.8036 23.0099 3.97823
      vertex 1.1964 23.0099 3.97823
    endloop
  endfacet
  facet normal 0 -1 0
    outer loop
      vertex 0.808242 23.0099 3.8521
      vertex 14.1918 23.0099 3.8521
      vertex 13.8036 23.0099 3.97823
    endloop
  endfacet
  facet normal 0 -1 0
    outer loop
      vertex 0.407332 23.0099 3.77563
      vertex 14.1918 23.0099 3.8521
      vertex 0.808242 23.0099 3.8521
    endloop
  endfacet
  facet normal 0 -1 0
    outer loop
      vertex 0.407332 23.0099 3.77563
      vertex 14.5927 23.0099 3.77563
      vertex 14.1918 23.0099 3.8521
    endloop
  endfacet
  facet normal 0 -1 0
    outer loop
      vertex 0 23.0099 3.75
      vertex 14.5927 23.0099 3.77563
      vertex 0.407332 23.0099 3.77563
    endloop
  endfacet
  facet normal 0 -1 -0
    outer loop
      vertex 14.5927 23.0099 3.77563
      vertex 0 23.0099 3.75
      vertex 15 23.0099 3.75
    endloop
  endfacet
  facet normal 0 -1 0
    outer loop
      vertex -14.5927 23.0099 10.2244
      vertex 0 23.0099 10.25
      vertex -15 23.0099 10.25
    endloop
  endfacet
  facet normal 0 -1 0
    outer loop
      vertex -14.5927 23.0099 10.2244
      vertex -0.407332 23.0099 10.2244
      vertex 0 23.0099 10.25
    endloop
  endfacet
  facet normal 0 -1 0
    outer loop
      vertex -14.1918 23.0099 10.1479
      vertex -0.407332 23.0099 10.2244
      vertex -14.5927 23.0099 10.2244
    endloop
  endfacet
  facet normal 0 -1 0
    outer loop
      vertex -14.1918 23.0099 10.1479
      vertex -0.808242 23.0099 10.1479
      vertex -0.407332 23.0099 10.2244
    endloop
  endfacet
  facet normal 0 -1 0
    outer loop
      vertex -13.8036 23.0099 10.0218
      vertex -0.808242 23.0099 10.1479
      vertex -14.1918 23.0099 10.1479
    endloop
  endfacet
  facet normal 0 -1 0
    outer loop
      vertex -13.8036 23.0099 10.0218
      vertex -1.1964 23.0099 10.0218
      vertex -0.808242 23.0099 10.1479
    endloop
  endfacet
  facet normal 0 -1 0
    outer loop
      vertex -13.4343 23.0099 9.848
      vertex -1.1964 23.0099 10.0218
      vertex -13.8036 23.0099 10.0218
    endloop
  endfacet
  facet normal 0 -1 0
    outer loop
      vertex -13.4343 23.0099 9.848
      vertex -1.5657 23.0099 9.848
      vertex -1.1964 23.0099 10.0218
    endloop
  endfacet
  facet normal 0 -1 0
    outer loop
      vertex -13.0897 23.0099 9.6293
      vertex -1.5657 23.0099 9.848
      vertex -13.4343 23.0099 9.848
    endloop
  endfacet
  facet normal 0 -1 0
    outer loop
      vertex -13.0897 23.0099 9.6293
      vertex -1.9103 23.0099 9.6293
      vertex -1.5657 23.0099 9.848
    endloop
  endfacet
  facet normal 0 -1 0
    outer loop
      vertex -12.7752 23.0099 9.36915
      vertex -1.9103 23.0099 9.6293
      vertex -13.0897 23.0099 9.6293
    endloop
  endfacet
  facet normal 0 -1 0
    outer loop
      vertex -12.7752 23.0099 9.36915
      vertex -2.22478 23.0099 9.36915
      vertex -1.9103 23.0099 9.6293
    endloop
  endfacet
  facet normal 0 -1 0
    outer loop
      vertex -12.4958 23.0099 9.07163
      vertex -2.22478 23.0099 9.36915
      vertex -12.7752 23.0099 9.36915
    endloop
  endfacet
  facet normal 0 -1 0
    outer loop
      vertex -12.4958 23.0099 9.07163
      vertex -2.50417 23.0099 9.07163
      vertex -2.22478 23.0099 9.36915
    endloop
  endfacet
  facet normal 0 -1 0
    outer loop
      vertex -12.2559 23.0099 8.74144
      vertex -2.50417 23.0099 9.07163
      vertex -12.4958 23.0099 9.07163
    endloop
  endfacet
  facet normal 0 -1 0
    outer loop
      vertex -12.2559 23.0099 8.74144
      vertex -2.74407 23.0099 8.74144
      vertex -2.50417 23.0099 9.07163
    endloop
  endfacet
  facet normal 0 -1 0
    outer loop
      vertex -12.0593 23.0099 8.38378
      vertex -2.74407 23.0099 8.74144
      vertex -12.2559 23.0099 8.74144
    endloop
  endfacet
  facet normal 0 -1 0
    outer loop
      vertex -12.0593 23.0099 8.38378
      vertex -2.94069 23.0099 8.38378
      vertex -2.74407 23.0099 8.74144
    endloop
  endfacet
  facet normal 0 -1 0
    outer loop
      vertex -11.9091 23.0099 8.0043
      vertex -2.94069 23.0099 8.38378
      vertex -12.0593 23.0099 8.38378
    endloop
  endfacet
  facet normal 0 -1 0
    outer loop
      vertex -11.9091 23.0099 8.0043
      vertex -3.09093 23.0099 8.0043
      vertex -2.94069 23.0099 8.38378
    endloop
  endfacet
  facet normal 0 -1 0
    outer loop
      vertex -11.8076 23.0099 7.60899
      vertex -3.09093 23.0099 8.0043
      vertex -11.9091 23.0099 8.0043
    endloop
  endfacet
  facet normal 0 -1 0
    outer loop
      vertex -11.8076 23.0099 7.60899
      vertex -3.19243 23.0099 7.60899
      vertex -3.09093 23.0099 8.0043
    endloop
  endfacet
  facet normal 0 -1 0
    outer loop
      vertex -11.7564 23.0099 7.20407
      vertex -3.19243 23.0099 7.60899
      vertex -11.8076 23.0099 7.60899
    endloop
  endfacet
  facet normal 0 -1 0
    outer loop
      vertex -11.7564 23.0099 7.20407
      vertex -3.24359 23.0099 7.20407
      vertex -3.19243 23.0099 7.60899
    endloop
  endfacet
  facet normal 0 -1 0
    outer loop
      vertex -11.7564 23.0099 6.79593
      vertex -3.24359 23.0099 7.20407
      vertex -11.7564 23.0099 7.20407
    endloop
  endfacet
  facet normal 0 -1 0
    outer loop
      vertex -11.7564 23.0099 6.79593
      vertex -3.24359 23.0099 6.79593
      vertex -3.24359 23.0099 7.20407
    endloop
  endfacet
  facet normal 0 -1 0
    outer loop
      vertex -11.8076 23.0099 6.39101
      vertex -3.24359 23.0099 6.79593
      vertex -11.7564 23.0099 6.79593
    endloop
  endfacet
  facet normal 0 -1 0
    outer loop
      vertex -11.8076 23.0099 6.39101
      vertex -3.19243 23.0099 6.39101
      vertex -3.24359 23.0099 6.79593
    endloop
  endfacet
  facet normal 0 -1 0
    outer loop
      vertex -11.9091 23.0099 5.99569
      vertex -3.19243 23.0099 6.39101
      vertex -11.8076 23.0099 6.39101
    endloop
  endfacet
  facet normal 0 -1 0
    outer loop
      vertex -11.9091 23.0099 5.99569
      vertex -3.09093 23.0099 5.99569
      vertex -3.19243 23.0099 6.39101
    endloop
  endfacet
  facet normal 0 -1 0
    outer loop
      vertex -12.0593 23.0099 5.61622
      vertex -3.09093 23.0099 5.99569
      vertex -11.9091 23.0099 5.99569
    endloop
  endfacet
  facet normal 0 -1 0
    outer loop
      vertex -12.0593 23.0099 5.61622
      vertex -2.94069 23.0099 5.61622
      vertex -3.09093 23.0099 5.99569
    endloop
  endfacet
  facet normal 0 -1 0
    outer loop
      vertex -12.2559 23.0099 5.25856
      vertex -2.94069 23.0099 5.61622
      vertex -12.0593 23.0099 5.61622
    endloop
  endfacet
  facet normal 0 -1 0
    outer loop
      vertex -12.2559 23.0099 5.25856
      vertex -2.74407 23.0099 5.25856
      vertex -2.94069 23.0099 5.61622
    endloop
  endfacet
  facet normal 0 -1 0
    outer loop
      vertex -12.4958 23.0099 4.92837
      vertex -2.74407 23.0099 5.25856
      vertex -12.2559 23.0099 5.25856
    endloop
  endfacet
  facet normal 0 -1 0
    outer loop
      vertex -12.4958 23.0099 4.92837
      vertex -2.50417 23.0099 4.92837
      vertex -2.74407 23.0099 5.25856
    endloop
  endfacet
  facet normal 0 -1 0
    outer loop
      vertex -12.7752 23.0099 4.63085
      vertex -2.50417 23.0099 4.92837
      vertex -12.4958 23.0099 4.92837
    endloop
  endfacet
  facet normal 0 -1 0
    outer loop
      vertex -12.7752 23.0099 4.63085
      vertex -2.22478 23.0099 4.63085
      vertex -2.50417 23.0099 4.92837
    endloop
  endfacet
  facet normal 0 -1 0
    outer loop
      vertex -13.0897 23.0099 4.37069
      vertex -2.22478 23.0099 4.63085
      vertex -12.7752 23.0099 4.63085
    endloop
  endfacet
  facet normal 0 -1 0
    outer loop
      vertex -13.0897 23.0099 4.37069
      vertex -1.9103 23.0099 4.37069
      vertex -2.22478 23.0099 4.63085
    endloop
  endfacet
  facet normal 0 -1 0
    outer loop
      vertex -13.4343 23.0099 4.152
      vertex -1.9103 23.0099 4.37069
      vertex -13.0897 23.0099 4.37069
    endloop
  endfacet
  facet normal 0 -1 0
    outer loop
      vertex -13.4343 23.0099 4.152
      vertex -1.5657 23.0099 4.152
      vertex -1.9103 23.0099 4.37069
    endloop
  endfacet
  facet normal 0 -1 0
    outer loop
      vertex -13.8036 23.0099 3.97823
      vertex -1.5657 23.0099 4.152
      vertex -13.4343 23.0099 4.152
    endloop
  endfacet
  facet normal 0 -1 0
    outer loop
      vertex -13.8036 23.0099 3.97823
      vertex -1.1964 23.0099 3.97823
      vertex -1.5657 23.0099 4.152
    endloop
  endfacet
  facet normal 0 -1 0
    outer loop
      vertex -14.1918 23.0099 3.8521
      vertex -1.1964 23.0099 3.97823
      vertex -13.8036 23.0099 3.97823
    endloop
  endfacet
  facet normal 0 -1 0
    outer loop
      vertex -14.1918 23.0099 3.8521
      vertex -0.808242 23.0099 3.8521
      vertex -1.1964 23.0099 3.97823
    endloop
  endfacet
  facet normal 0 -1 0
    outer loop
      vertex -14.5927 23.0099 3.77563
      vertex -0.808242 23.0099 3.8521
      vertex -14.1918 23.0099 3.8521
    endloop
  endfacet
  facet normal 0 -1 0
    outer loop
      vertex -14.5927 23.0099 3.77563
      vertex -0.407332 23.0099 3.77563
      vertex -0.808242 23.0099 3.8521
    endloop
  endfacet
  facet normal 0 -1 0
    outer loop
      vertex -15 23.0099 3.75
      vertex -0.407332 23.0099 3.77563
      vertex -14.5927 23.0099 3.77563
    endloop
  endfacet
  facet normal 0 -1 -0
    outer loop
      vertex -0.407332 23.0099 3.77563
      vertex -15 23.0099 3.75
      vertex 0 23.0099 3.75
    endloop
  endfacet
  facet normal 0 -1 0
    outer loop
      vertex -29.5927 23.0099 10.2244
      vertex -15 23.0099 10.25
      vertex -30 23.0099 10.25
    endloop
  endfacet
  facet normal 0 -1 0
    outer loop
      vertex -29.5927 23.0099 10.2244
      vertex -15.4073 23.0099 10.2244
      vertex -15 23.0099 10.25
    endloop
  endfacet
  facet normal 0 -1 0
    outer loop
      vertex -29.1918 23.0099 10.1479
      vertex -15.4073 23.0099 10.2244
      vertex -29.5927 23.0099 10.2244
    endloop
  endfacet
  facet normal 0 -1 0
    outer loop
      vertex -29.1918 23.0099 10.1479
      vertex -15.8082 23.0099 10.1479
      vertex -15.4073 23.0099 10.2244
    endloop
  endfacet
  facet normal 0 -1 0
    outer loop
      vertex -28.8036 23.0099 10.0218
      vertex -15.8082 23.0099 10.1479
      vertex -29.1918 23.0099 10.1479
    endloop
  endfacet
  facet normal 0 -1 0
    outer loop
      vertex -28.8036 23.0099 10.0218
      vertex -16.1964 23.0099 10.0218
      vertex -15.8082 23.0099 10.1479
    endloop
  endfacet
  facet normal 0 -1 0
    outer loop
      vertex -28.4343 23.0099 9.848
      vertex -16.1964 23.0099 10.0218
      vertex -28.8036 23.0099 10.0218
    endloop
  endfacet
  facet normal 0 -1 0
    outer loop
      vertex -28.4343 23.0099 9.848
      vertex -16.5657 23.0099 9.848
      vertex -16.1964 23.0099 10.0218
    endloop
  endfacet
  facet normal 0 -1 0
    outer loop
      vertex -28.0897 23.0099 9.6293
      vertex -16.5657 23.0099 9.848
      vertex -28.4343 23.0099 9.848
    endloop
  endfacet
  facet normal 0 -1 0
    outer loop
      vertex -28.0897 23.0099 9.6293
      vertex -16.9103 23.0099 9.6293
      vertex -16.5657 23.0099 9.848
    endloop
  endfacet
  facet normal 0 -1 0
    outer loop
      vertex -27.7752 23.0099 9.36915
      vertex -16.9103 23.0099 9.6293
      vertex -28.0897 23.0099 9.6293
    endloop
  endfacet
  facet normal 0 -1 0
    outer loop
      vertex -27.7752 23.0099 9.36915
      vertex -17.2248 23.0099 9.36915
      vertex -16.9103 23.0099 9.6293
    endloop
  endfacet
  facet normal 0 -1 0
    outer loop
      vertex -27.4958 23.0099 9.07163
      vertex -17.2248 23.0099 9.36915
      vertex -27.7752 23.0099 9.36915
    endloop
  endfacet
  facet normal 0 -1 0
    outer loop
      vertex -27.4958 23.0099 9.07163
      vertex -17.5042 23.0099 9.07163
      vertex -17.2248 23.0099 9.36915
    endloop
  endfacet
  facet normal 0 -1 0
    outer loop
      vertex -27.2559 23.0099 8.74144
      vertex -17.5042 23.0099 9.07163
      vertex -27.4958 23.0099 9.07163
    endloop
  endfacet
  facet normal 0 -1 0
    outer loop
      vertex -27.2559 23.0099 8.74144
      vertex -17.7441 23.0099 8.74144
      vertex -17.5042 23.0099 9.07163
    endloop
  endfacet
  facet normal 0 -1 0
    outer loop
      vertex -27.0593 23.0099 8.38378
      vertex -17.7441 23.0099 8.74144
      vertex -27.2559 23.0099 8.74144
    endloop
  endfacet
  facet normal 0 -1 0
    outer loop
      vertex -27.0593 23.0099 8.38378
      vertex -17.9407 23.0099 8.38378
      vertex -17.7441 23.0099 8.74144
    endloop
  endfacet
  facet normal 0 -1 0
    outer loop
      vertex -26.9091 23.0099 8.0043
      vertex -17.9407 23.0099 8.38378
      vertex -27.0593 23.0099 8.38378
    endloop
  endfacet
  facet normal 0 -1 0
    outer loop
      vertex -26.9091 23.0099 8.0043
      vertex -18.0909 23.0099 8.0043
      vertex -17.9407 23.0099 8.38378
    endloop
  endfacet
  facet normal 0 -1 0
    outer loop
      vertex -26.8076 23.0099 7.60899
      vertex -18.0909 23.0099 8.0043
      vertex -26.9091 23.0099 8.0043
    endloop
  endfacet
  facet normal 0 -1 0
    outer loop
      vertex -26.8076 23.0099 7.60899
      vertex -18.1924 23.0099 7.60899
      vertex -18.0909 23.0099 8.0043
    endloop
  endfacet
  facet normal 0 -1 0
    outer loop
      vertex -26.7564 23.0099 7.20407
      vertex -18.1924 23.0099 7.60899
      vertex -26.8076 23.0099 7.60899
    endloop
  endfacet
  facet normal 0 -1 0
    outer loop
      vertex -26.7564 23.0099 7.20407
      vertex -18.2436 23.0099 7.20407
      vertex -18.1924 23.0099 7.60899
    endloop
  endfacet
  facet normal 0 -1 0
    outer loop
      vertex -26.7564 23.0099 6.79593
      vertex -18.2436 23.0099 7.20407
      vertex -26.7564 23.0099 7.20407
    endloop
  endfacet
  facet normal 0 -1 0
    outer loop
      vertex -26.7564 23.0099 6.79593
      vertex -18.2436 23.0099 6.79593
      vertex -18.2436 23.0099 7.20407
    endloop
  endfacet
  facet normal 0 -1 0
    outer loop
      vertex -26.8076 23.0099 6.39101
      vertex -18.2436 23.0099 6.79593
      vertex -26.7564 23.0099 6.79593
    endloop
  endfacet
  facet normal 0 -1 0
    outer loop
      vertex -26.8076 23.0099 6.39101
      vertex -18.1924 23.0099 6.39101
      vertex -18.2436 23.0099 6.79593
    endloop
  endfacet
  facet normal 0 -1 0
    outer loop
      vertex -26.9091 23.0099 5.99569
      vertex -18.1924 23.0099 6.39101
      vertex -26.8076 23.0099 6.39101
    endloop
  endfacet
  facet normal 0 -1 0
    outer loop
      vertex -26.9091 23.0099 5.99569
      vertex -18.0909 23.0099 5.99569
      vertex -18.1924 23.0099 6.39101
    endloop
  endfacet
  facet normal 0 -1 0
    outer loop
      vertex -27.0593 23.0099 5.61622
      vertex -18.0909 23.0099 5.99569
      vertex -26.9091 23.0099 5.99569
    endloop
  endfacet
  facet normal 0 -1 0
    outer loop
      vertex -27.0593 23.0099 5.61622
      vertex -17.9407 23.0099 5.61622
      vertex -18.0909 23.0099 5.99569
    endloop
  endfacet
  facet normal 0 -1 0
    outer loop
      vertex -27.2559 23.0099 5.25856
      vertex -17.9407 23.0099 5.61622
      vertex -27.0593 23.0099 5.61622
    endloop
  endfacet
  facet normal 0 -1 0
    outer loop
      vertex -27.2559 23.0099 5.25856
      vertex -17.7441 23.0099 5.25856
      vertex -17.9407 23.0099 5.61622
    endloop
  endfacet
  facet normal 0 -1 0
    outer loop
      vertex -27.4958 23.0099 4.92837
      vertex -17.7441 23.0099 5.25856
      vertex -27.2559 23.0099 5.25856
    endloop
  endfacet
  facet normal 0 -1 0
    outer loop
      vertex -27.4958 23.0099 4.92837
      vertex -17.5042 23.0099 4.92837
      vertex -17.7441 23.0099 5.25856
    endloop
  endfacet
  facet normal 0 -1 0
    outer loop
      vertex -27.7752 23.0099 4.63085
      vertex -17.5042 23.0099 4.92837
      vertex -27.4958 23.0099 4.92837
    endloop
  endfacet
  facet normal 0 -1 0
    outer loop
      vertex -27.7752 23.0099 4.63085
      vertex -17.2248 23.0099 4.63085
      vertex -17.5042 23.0099 4.92837
    endloop
  endfacet
  facet normal 0 -1 0
    outer loop
      vertex -28.0897 23.0099 4.37069
      vertex -17.2248 23.0099 4.63085
      vertex -27.7752 23.0099 4.63085
    endloop
  endfacet
  facet normal 0 -1 0
    outer loop
      vertex -28.0897 23.0099 4.37069
      vertex -16.9103 23.0099 4.37069
      vertex -17.2248 23.0099 4.63085
    endloop
  endfacet
  facet normal 0 -1 0
    outer loop
      vertex -28.4343 23.0099 4.152
      vertex -16.9103 23.0099 4.37069
      vertex -28.0897 23.0099 4.37069
    endloop
  endfacet
  facet normal 0 -1 0
    outer loop
      vertex -28.4343 23.0099 4.152
      vertex -16.5657 23.0099 4.152
      vertex -16.9103 23.0099 4.37069
    endloop
  endfacet
  facet normal 0 -1 0
    outer loop
      vertex -28.8036 23.0099 3.97823
      vertex -16.5657 23.0099 4.152
      vertex -28.4343 23.0099 4.152
    endloop
  endfacet
  facet normal 0 -1 0
    outer loop
      vertex -28.8036 23.0099 3.97823
      vertex -16.1964 23.0099 3.97823
      vertex -16.5657 23.0099 4.152
    endloop
  endfacet
  facet normal 0 -1 0
    outer loop
      vertex -29.1918 23.0099 3.8521
      vertex -16.1964 23.0099 3.97823
      vertex -28.8036 23.0099 3.97823
    endloop
  endfacet
  facet normal 0 -1 0
    outer loop
      vertex -29.1918 23.0099 3.8521
      vertex -15.8082 23.0099 3.8521
      vertex -16.1964 23.0099 3.97823
    endloop
  endfacet
  facet normal 0 -1 0
    outer loop
      vertex -29.5927 23.0099 3.77563
      vertex -15.8082 23.0099 3.8521
      vertex -29.1918 23.0099 3.8521
    endloop
  endfacet
  facet normal 0 -1 0
    outer loop
      vertex -29.5927 23.0099 3.77563
      vertex -15.4073 23.0099 3.77563
      vertex -15.8082 23.0099 3.8521
    endloop
  endfacet
  facet normal 0 -1 0
    outer loop
      vertex -30 23.0099 3.75
      vertex -15.4073 23.0099 3.77563
      vertex -29.5927 23.0099 3.77563
    endloop
  endfacet
  facet normal 0 -1 -0
    outer loop
      vertex -15.4073 23.0099 3.77563
      vertex -30 23.0099 3.75
      vertex -15 23.0099 3.75
    endloop
  endfacet
  facet normal 0 -1 0
    outer loop
      vertex -44.5927 23.0099 10.2244
      vertex -30 23.0099 10.25
      vertex -45 23.0099 10.25
    endloop
  endfacet
  facet normal 0 -1 0
    outer loop
      vertex -44.5927 23.0099 10.2244
      vertex -30.4073 23.0099 10.2244
      vertex -30 23.0099 10.25
    endloop
  endfacet
  facet normal 0 -1 0
    outer loop
      vertex -44.1918 23.0099 10.1479
      vertex -30.4073 23.0099 10.2244
      vertex -44.5927 23.0099 10.2244
    endloop
  endfacet
  facet normal 0 -1 0
    outer loop
      vertex -44.1918 23.0099 10.1479
      vertex -30.8082 23.0099 10.1479
      vertex -30.4073 23.0099 10.2244
    endloop
  endfacet
  facet normal 0 -1 0
    outer loop
      vertex -43.8036 23.0099 10.0218
      vertex -30.8082 23.0099 10.1479
      vertex -44.1918 23.0099 10.1479
    endloop
  endfacet
  facet normal 0 -1 0
    outer loop
      vertex -43.8036 23.0099 10.0218
      vertex -31.1964 23.0099 10.0218
      vertex -30.8082 23.0099 10.1479
    endloop
  endfacet
  facet normal 0 -1 0
    outer loop
      vertex -43.4343 23.0099 9.848
      vertex -31.1964 23.0099 10.0218
      vertex -43.8036 23.0099 10.0218
    endloop
  endfacet
  facet normal 0 -1 0
    outer loop
      vertex -43.4343 23.0099 9.848
      vertex -31.5657 23.0099 9.848
      vertex -31.1964 23.0099 10.0218
    endloop
  endfacet
  facet normal 0 -1 0
    outer loop
      vertex -43.0897 23.0099 9.6293
      vertex -31.5657 23.0099 9.848
      vertex -43.4343 23.0099 9.848
    endloop
  endfacet
  facet normal 0 -1 0
    outer loop
      vertex -43.0897 23.0099 9.6293
      vertex -31.9103 23.0099 9.6293
      vertex -31.5657 23.0099 9.848
    endloop
  endfacet
  facet normal 0 -1 0
    outer loop
      vertex -42.7752 23.0099 9.36915
      vertex -31.9103 23.0099 9.6293
      vertex -43.0897 23.0099 9.6293
    endloop
  endfacet
  facet normal 0 -1 0
    outer loop
      vertex -42.7752 23.0099 9.36915
      vertex -32.2248 23.0099 9.36915
      vertex -31.9103 23.0099 9.6293
    endloop
  endfacet
  facet normal 0 -1 0
    outer loop
      vertex -42.4958 23.0099 9.07163
      vertex -32.2248 23.0099 9.36915
      vertex -42.7752 23.0099 9.36915
    endloop
  endfacet
  facet normal 0 -1 0
    outer loop
      vertex -42.4958 23.0099 9.07163
      vertex -32.5042 23.0099 9.07163
      vertex -32.2248 23.0099 9.36915
    endloop
  endfacet
  facet normal 0 -1 0
    outer loop
      vertex -42.2559 23.0099 8.74144
      vertex -32.5042 23.0099 9.07163
      vertex -42.4958 23.0099 9.07163
    endloop
  endfacet
  facet normal 0 -1 0
    outer loop
      vertex -42.2559 23.0099 8.74144
      vertex -32.7441 23.0099 8.74144
      vertex -32.5042 23.0099 9.07163
    endloop
  endfacet
  facet normal 0 -1 0
    outer loop
      vertex -42.0593 23.0099 8.38378
      vertex -32.7441 23.0099 8.74144
      vertex -42.2559 23.0099 8.74144
    endloop
  endfacet
  facet normal 0 -1 0
    outer loop
      vertex -42.0593 23.0099 8.38378
      vertex -32.9407 23.0099 8.38378
      vertex -32.7441 23.0099 8.74144
    endloop
  endfacet
  facet normal 0 -1 0
    outer loop
      vertex -41.9091 23.0099 8.0043
      vertex -32.9407 23.0099 8.38378
      vertex -42.0593 23.0099 8.38378
    endloop
  endfacet
  facet normal 0 -1 0
    outer loop
      vertex -41.9091 23.0099 8.0043
      vertex -33.0909 23.0099 8.0043
      vertex -32.9407 23.0099 8.38378
    endloop
  endfacet
  facet normal 0 -1 0
    outer loop
      vertex -41.8076 23.0099 7.60899
      vertex -33.0909 23.0099 8.0043
      vertex -41.9091 23.0099 8.0043
    endloop
  endfacet
  facet normal 0 -1 0
    outer loop
      vertex -41.8076 23.0099 7.60899
      vertex -33.1924 23.0099 7.60899
      vertex -33.0909 23.0099 8.0043
    endloop
  endfacet
  facet normal 0 -1 0
    outer loop
      vertex -41.7564 23.0099 7.20407
      vertex -33.1924 23.0099 7.60899
      vertex -41.8076 23.0099 7.60899
    endloop
  endfacet
  facet normal 0 -1 0
    outer loop
      vertex -41.7564 23.0099 7.20407
      vertex -33.2436 23.0099 7.20407
      vertex -33.1924 23.0099 7.60899
    endloop
  endfacet
  facet normal 0 -1 0
    outer loop
      vertex -41.7564 23.0099 6.79593
      vertex -33.2436 23.0099 7.20407
      vertex -41.7564 23.0099 7.20407
    endloop
  endfacet
  facet normal 0 -1 0
    outer loop
      vertex -41.7564 23.0099 6.79593
      vertex -33.2436 23.0099 6.79593
      vertex -33.2436 23.0099 7.20407
    endloop
  endfacet
  facet normal 0 -1 0
    outer loop
      vertex -41.8076 23.0099 6.39101
      vertex -33.2436 23.0099 6.79593
      vertex -41.7564 23.0099 6.79593
    endloop
  endfacet
  facet normal 0 -1 0
    outer loop
      vertex -41.8076 23.0099 6.39101
      vertex -33.1924 23.0099 6.39101
      vertex -33.2436 23.0099 6.79593
    endloop
  endfacet
  facet normal 0 -1 0
    outer loop
      vertex -41.9091 23.0099 5.99569
      vertex -33.1924 23.0099 6.39101
      vertex -41.8076 23.0099 6.39101
    endloop
  endfacet
  facet normal 0 -1 0
    outer loop
      vertex -41.9091 23.0099 5.99569
      vertex -33.0909 23.0099 5.99569
      vertex -33.1924 23.0099 6.39101
    endloop
  endfacet
  facet normal 0 -1 0
    outer loop
      vertex -42.0593 23.0099 5.61622
      vertex -33.0909 23.0099 5.99569
      vertex -41.9091 23.0099 5.99569
    endloop
  endfacet
  facet normal 0 -1 0
    outer loop
      vertex -42.0593 23.0099 5.61622
      vertex -32.9407 23.0099 5.61622
      vertex -33.0909 23.0099 5.99569
    endloop
  endfacet
  facet normal 0 -1 0
    outer loop
      vertex -42.2559 23.0099 5.25856
      vertex -32.9407 23.0099 5.61622
      vertex -42.0593 23.0099 5.61622
    endloop
  endfacet
  facet normal 0 -1 0
    outer loop
      vertex -42.2559 23.0099 5.25856
      vertex -32.7441 23.0099 5.25856
      vertex -32.9407 23.0099 5.61622
    endloop
  endfacet
  facet normal 0 -1 0
    outer loop
      vertex -42.4958 23.0099 4.92837
      vertex -32.7441 23.0099 5.25856
      vertex -42.2559 23.0099 5.25856
    endloop
  endfacet
  facet normal 0 -1 0
    outer loop
      vertex -42.4958 23.0099 4.92837
      vertex -32.5042 23.0099 4.92837
      vertex -32.7441 23.0099 5.25856
    endloop
  endfacet
  facet normal 0 -1 0
    outer loop
      vertex -42.7752 23.0099 4.63085
      vertex -32.5042 23.0099 4.92837
      vertex -42.4958 23.0099 4.92837
    endloop
  endfacet
  facet normal 0 -1 0
    outer loop
      vertex -42.7752 23.0099 4.63085
      vertex -32.2248 23.0099 4.63085
      vertex -32.5042 23.0099 4.92837
    endloop
  endfacet
  facet normal 0 -1 0
    outer loop
      vertex -43.0897 23.0099 4.37069
      vertex -32.2248 23.0099 4.63085
      vertex -42.7752 23.0099 4.63085
    endloop
  endfacet
  facet normal 0 -1 0
    outer loop
      vertex -43.0897 23.0099 4.37069
      vertex -31.9103 23.0099 4.37069
      vertex -32.2248 23.0099 4.63085
    endloop
  endfacet
  facet normal 0 -1 0
    outer loop
      vertex -43.4343 23.0099 4.152
      vertex -31.9103 23.0099 4.37069
      vertex -43.0897 23.0099 4.37069
    endloop
  endfacet
  facet normal 0 -1 0
    outer loop
      vertex -43.4343 23.0099 4.152
      vertex -31.5657 23.0099 4.152
      vertex -31.9103 23.0099 4.37069
    endloop
  endfacet
  facet normal 0 -1 0
    outer loop
      vertex -43.8036 23.0099 3.97823
      vertex -31.5657 23.0099 4.152
      vertex -43.4343 23.0099 4.152
    endloop
  endfacet
  facet normal 0 -1 0
    outer loop
      vertex -43.8036 23.0099 3.97823
      vertex -31.1964 23.0099 3.97823
      vertex -31.5657 23.0099 4.152
    endloop
  endfacet
  facet normal 0 -1 0
    outer loop
      vertex -44.1918 23.0099 3.8521
      vertex -31.1964 23.0099 3.97823
      vertex -43.8036 23.0099 3.97823
    endloop
  endfacet
  facet normal 0 -1 0
    outer loop
      vertex -44.1918 23.0099 3.8521
      vertex -30.8082 23.0099 3.8521
      vertex -31.1964 23.0099 3.97823
    endloop
  endfacet
  facet normal 0 -1 0
    outer loop
      vertex -44.5927 23.0099 3.77563
      vertex -30.8082 23.0099 3.8521
      vertex -44.1918 23.0099 3.8521
    endloop
  endfacet
  facet normal 0 -1 0
    outer loop
      vertex -44.5927 23.0099 3.77563
      vertex -30.4073 23.0099 3.77563
      vertex -30.8082 23.0099 3.8521
    endloop
  endfacet
  facet normal 0 -1 0
    outer loop
      vertex -45 23.0099 3.75
      vertex -30.4073 23.0099 3.77563
      vertex -44.5927 23.0099 3.77563
    endloop
  endfacet
  facet normal 0 -1 -0
    outer loop
      vertex -30.4073 23.0099 3.77563
      vertex -45 23.0099 3.75
      vertex -30 23.0099 3.75
    endloop
  endfacet
  facet normal 0 -1 0
    outer loop
      vertex -59.1918 23.0099 10.1479
      vertex -68 23.0099 14
      vertex -59.5927 23.0099 10.2244
    endloop
  endfacet
  facet normal 0 -1 0
    outer loop
      vertex -68 23.0099 14
      vertex -45.4073 23.0099 10.2244
      vertex -45 23.0099 10.25
    endloop
  endfacet
  facet normal 0 -1 0
    outer loop
      vertex -45.8082 23.0099 10.1479
      vertex -68 23.0099 14
      vertex -59.1918 23.0099 10.1479
    endloop
  endfacet
  facet normal 0 -1 0
    outer loop
      vertex -68 23.0099 14
      vertex -45.8082 23.0099 10.1479
      vertex -45.4073 23.0099 10.2244
    endloop
  endfacet
  facet normal 0 -1 0
    outer loop
      vertex -58.8036 23.0099 10.0218
      vertex -45.8082 23.0099 10.1479
      vertex -59.1918 23.0099 10.1479
    endloop
  endfacet
  facet normal 0 -1 0
    outer loop
      vertex -58.8036 23.0099 10.0218
      vertex -46.1964 23.0099 10.0218
      vertex -45.8082 23.0099 10.1479
    endloop
  endfacet
  facet normal 0 -1 0
    outer loop
      vertex -58.4343 23.0099 9.848
      vertex -46.1964 23.0099 10.0218
      vertex -58.8036 23.0099 10.0218
    endloop
  endfacet
  facet normal 0 -1 0
    outer loop
      vertex -58.4343 23.0099 9.848
      vertex -46.5657 23.0099 9.848
      vertex -46.1964 23.0099 10.0218
    endloop
  endfacet
  facet normal 0 -1 0
    outer loop
      vertex -58.0897 23.0099 9.6293
      vertex -46.5657 23.0099 9.848
      vertex -58.4343 23.0099 9.848
    endloop
  endfacet
  facet normal 0 -1 0
    outer loop
      vertex -58.0897 23.0099 9.6293
      vertex -46.9103 23.0099 9.6293
      vertex -46.5657 23.0099 9.848
    endloop
  endfacet
  facet normal 0 -1 0
    outer loop
      vertex -57.7752 23.0099 9.36915
      vertex -46.9103 23.0099 9.6293
      vertex -58.0897 23.0099 9.6293
    endloop
  endfacet
  facet normal 0 -1 0
    outer loop
      vertex -57.7752 23.0099 9.36915
      vertex -47.2248 23.0099 9.36915
      vertex -46.9103 23.0099 9.6293
    endloop
  endfacet
  facet normal 0 -1 0
    outer loop
      vertex -57.4958 23.0099 9.07163
      vertex -47.2248 23.0099 9.36915
      vertex -57.7752 23.0099 9.36915
    endloop
  endfacet
  facet normal 0 -1 0
    outer loop
      vertex -57.4958 23.0099 9.07163
      vertex -47.5042 23.0099 9.07163
      vertex -47.2248 23.0099 9.36915
    endloop
  endfacet
  facet normal 0 -1 0
    outer loop
      vertex -57.2559 23.0099 8.74144
      vertex -47.5042 23.0099 9.07163
      vertex -57.4958 23.0099 9.07163
    endloop
  endfacet
  facet normal 0 -1 0
    outer loop
      vertex -57.2559 23.0099 8.74144
      vertex -47.7441 23.0099 8.74144
      vertex -47.5042 23.0099 9.07163
    endloop
  endfacet
  facet normal 0 -1 0
    outer loop
      vertex -57.0593 23.0099 8.38378
      vertex -47.7441 23.0099 8.74144
      vertex -57.2559 23.0099 8.74144
    endloop
  endfacet
  facet normal 0 -1 0
    outer loop
      vertex -57.0593 23.0099 8.38378
      vertex -47.9407 23.0099 8.38378
      vertex -47.7441 23.0099 8.74144
    endloop
  endfacet
  facet normal 0 -1 0
    outer loop
      vertex -56.9091 23.0099 8.0043
      vertex -47.9407 23.0099 8.38378
      vertex -57.0593 23.0099 8.38378
    endloop
  endfacet
  facet normal 0 -1 0
    outer loop
      vertex -56.9091 23.0099 8.0043
      vertex -48.0909 23.0099 8.0043
      vertex -47.9407 23.0099 8.38378
    endloop
  endfacet
  facet normal 0 -1 0
    outer loop
      vertex -56.8076 23.0099 7.60899
      vertex -48.0909 23.0099 8.0043
      vertex -56.9091 23.0099 8.0043
    endloop
  endfacet
  facet normal 0 -1 0
    outer loop
      vertex -56.8076 23.0099 7.60899
      vertex -48.1924 23.0099 7.60899
      vertex -48.0909 23.0099 8.0043
    endloop
  endfacet
  facet normal 0 -1 0
    outer loop
      vertex -56.7564 23.0099 7.20407
      vertex -48.1924 23.0099 7.60899
      vertex -56.8076 23.0099 7.60899
    endloop
  endfacet
  facet normal 0 -1 0
    outer loop
      vertex -56.7564 23.0099 7.20407
      vertex -48.2436 23.0099 7.20407
      vertex -48.1924 23.0099 7.60899
    endloop
  endfacet
  facet normal 0 -1 0
    outer loop
      vertex -56.7564 23.0099 6.79593
      vertex -48.2436 23.0099 7.20407
      vertex -56.7564 23.0099 7.20407
    endloop
  endfacet
  facet normal 0 -1 0
    outer loop
      vertex -56.7564 23.0099 6.79593
      vertex -48.2436 23.0099 6.79593
      vertex -48.2436 23.0099 7.20407
    endloop
  endfacet
  facet normal 0 -1 0
    outer loop
      vertex -56.8076 23.0099 6.39101
      vertex -48.2436 23.0099 6.79593
      vertex -56.7564 23.0099 6.79593
    endloop
  endfacet
  facet normal 0 -1 0
    outer loop
      vertex -56.8076 23.0099 6.39101
      vertex -48.1924 23.0099 6.39101
      vertex -48.2436 23.0099 6.79593
    endloop
  endfacet
  facet normal 0 -1 0
    outer loop
      vertex -56.9091 23.0099 5.99569
      vertex -48.1924 23.0099 6.39101
      vertex -56.8076 23.0099 6.39101
    endloop
  endfacet
  facet normal 0 -1 0
    outer loop
      vertex -56.9091 23.0099 5.99569
      vertex -48.0909 23.0099 5.99569
      vertex -48.1924 23.0099 6.39101
    endloop
  endfacet
  facet normal 0 -1 0
    outer loop
      vertex -57.0593 23.0099 5.61622
      vertex -48.0909 23.0099 5.99569
      vertex -56.9091 23.0099 5.99569
    endloop
  endfacet
  facet normal 0 -1 0
    outer loop
      vertex -57.0593 23.0099 5.61622
      vertex -47.9407 23.0099 5.61622
      vertex -48.0909 23.0099 5.99569
    endloop
  endfacet
  facet normal 0 -1 0
    outer loop
      vertex -57.2559 23.0099 5.25856
      vertex -47.9407 23.0099 5.61622
      vertex -57.0593 23.0099 5.61622
    endloop
  endfacet
  facet normal 0 -1 0
    outer loop
      vertex -57.2559 23.0099 5.25856
      vertex -47.7441 23.0099 5.25856
      vertex -47.9407 23.0099 5.61622
    endloop
  endfacet
  facet normal 0 -1 0
    outer loop
      vertex -57.4958 23.0099 4.92837
      vertex -47.7441 23.0099 5.25856
      vertex -57.2559 23.0099 5.25856
    endloop
  endfacet
  facet normal 0 -1 0
    outer loop
      vertex -57.4958 23.0099 4.92837
      vertex -47.5042 23.0099 4.92837
      vertex -47.7441 23.0099 5.25856
    endloop
  endfacet
  facet normal 0 -1 0
    outer loop
      vertex -57.7752 23.0099 4.63085
      vertex -47.5042 23.0099 4.92837
      vertex -57.4958 23.0099 4.92837
    endloop
  endfacet
  facet normal 0 -1 0
    outer loop
      vertex -57.7752 23.0099 4.63085
      vertex -47.2248 23.0099 4.63085
      vertex -47.5042 23.0099 4.92837
    endloop
  endfacet
  facet normal 0 -1 0
    outer loop
      vertex -58.0897 23.0099 4.37069
      vertex -47.2248 23.0099 4.63085
      vertex -57.7752 23.0099 4.63085
    endloop
  endfacet
  facet normal 0 -1 0
    outer loop
      vertex -58.0897 23.0099 4.37069
      vertex -46.9103 23.0099 4.37069
      vertex -47.2248 23.0099 4.63085
    endloop
  endfacet
  facet normal 0 -1 0
    outer loop
      vertex -58.4343 23.0099 4.152
      vertex -46.9103 23.0099 4.37069
      vertex -58.0897 23.0099 4.37069
    endloop
  endfacet
  facet normal 0 -1 0
    outer loop
      vertex -58.4343 23.0099 4.152
      vertex -46.5657 23.0099 4.152
      vertex -46.9103 23.0099 4.37069
    endloop
  endfacet
  facet normal 0 -1 0
    outer loop
      vertex -58.8036 23.0099 3.97823
      vertex -46.5657 23.0099 4.152
      vertex -58.4343 23.0099 4.152
    endloop
  endfacet
  facet normal 0 -1 0
    outer loop
      vertex -58.8036 23.0099 3.97823
      vertex -46.1964 23.0099 3.97823
      vertex -46.5657 23.0099 4.152
    endloop
  endfacet
  facet normal 0 -1 0
    outer loop
      vertex -59.1918 23.0099 3.8521
      vertex -46.1964 23.0099 3.97823
      vertex -58.8036 23.0099 3.97823
    endloop
  endfacet
  facet normal 0 -1 0
    outer loop
      vertex -59.1918 23.0099 3.8521
      vertex -45.8082 23.0099 3.8521
      vertex -46.1964 23.0099 3.97823
    endloop
  endfacet
  facet normal 0 -1 0
    outer loop
      vertex -68 23.0099 0
      vertex -59.1918 23.0099 3.8521
      vertex -59.5927 23.0099 3.77563
    endloop
  endfacet
  facet normal 0 -1 -0
    outer loop
      vertex -59.1918 23.0099 3.8521
      vertex -68 23.0099 0
      vertex -45.8082 23.0099 3.8521
    endloop
  endfacet
  facet normal 0 -1 0
    outer loop
      vertex -68 23.0099 0
      vertex -59.5927 23.0099 3.77563
      vertex -60 23.0099 3.75
    endloop
  endfacet
  facet normal 0 -1 -0
    outer loop
      vertex -45.8082 23.0099 3.8521
      vertex -68 23.0099 0
      vertex -45.4073 23.0099 3.77563
    endloop
  endfacet
  facet normal 0 -1 0
    outer loop
      vertex -59.5927 23.0099 10.2244
      vertex -68 23.0099 14
      vertex -60 23.0099 10.25
    endloop
  endfacet
  facet normal 0 -1 0
    outer loop
      vertex -68 23.0099 14
      vertex -60.4073 23.0099 10.2244
      vertex -60 23.0099 10.25
    endloop
  endfacet
  facet normal 0 -1 0
    outer loop
      vertex -68 23.0099 14
      vertex -60.8082 23.0099 10.1479
      vertex -60.4073 23.0099 10.2244
    endloop
  endfacet
  facet normal 0 -1 0
    outer loop
      vertex -68 23.0099 14
      vertex -61.1964 23.0099 10.0218
      vertex -60.8082 23.0099 10.1479
    endloop
  endfacet
  facet normal 0 -1 0
    outer loop
      vertex -68 23.0099 14
      vertex -61.5657 23.0099 9.848
      vertex -61.1964 23.0099 10.0218
    endloop
  endfacet
  facet normal 0 -1 0
    outer loop
      vertex -68 23.0099 14
      vertex -61.9103 23.0099 9.6293
      vertex -61.5657 23.0099 9.848
    endloop
  endfacet
  facet normal 0 -1 0
    outer loop
      vertex -68 23.0099 14
      vertex -62.2248 23.0099 9.36915
      vertex -61.9103 23.0099 9.6293
    endloop
  endfacet
  facet normal 0 -1 0
    outer loop
      vertex -68 23.0099 14
      vertex -62.5042 23.0099 9.07163
      vertex -62.2248 23.0099 9.36915
    endloop
  endfacet
  facet normal 0 -1 0
    outer loop
      vertex -68 23.0099 14
      vertex -62.7441 23.0099 8.74144
      vertex -62.5042 23.0099 9.07163
    endloop
  endfacet
  facet normal 0 -1 0
    outer loop
      vertex -68 23.0099 14
      vertex -62.9407 23.0099 8.38378
      vertex -62.7441 23.0099 8.74144
    endloop
  endfacet
  facet normal 0 -1 0
    outer loop
      vertex -68 23.0099 14
      vertex -63.0909 23.0099 8.0043
      vertex -62.9407 23.0099 8.38378
    endloop
  endfacet
  facet normal 0 -1 0
    outer loop
      vertex -68 23.0099 14
      vertex -63.1924 23.0099 7.60899
      vertex -63.0909 23.0099 8.0043
    endloop
  endfacet
  facet normal 0 -1 0
    outer loop
      vertex -68 23.0099 14
      vertex -63.2436 23.0099 7.20407
      vertex -63.1924 23.0099 7.60899
    endloop
  endfacet
  facet normal 0 -1 0
    outer loop
      vertex -68 23.0099 14
      vertex -63.2436 23.0099 6.79593
      vertex -63.2436 23.0099 7.20407
    endloop
  endfacet
  facet normal 0 -1 0
    outer loop
      vertex -68 23.0099 0
      vertex -63.2436 23.0099 6.79593
      vertex -68 23.0099 14
    endloop
  endfacet
  facet normal 0 -1 -0
    outer loop
      vertex -63.2436 23.0099 6.79593
      vertex -68 23.0099 0
      vertex -63.1924 23.0099 6.39101
    endloop
  endfacet
  facet normal 0 -1 -0
    outer loop
      vertex -63.1924 23.0099 6.39101
      vertex -68 23.0099 0
      vertex -63.0909 23.0099 5.99569
    endloop
  endfacet
  facet normal 0 -1 -0
    outer loop
      vertex -63.0909 23.0099 5.99569
      vertex -68 23.0099 0
      vertex -62.9407 23.0099 5.61622
    endloop
  endfacet
  facet normal 0 -1 -0
    outer loop
      vertex -45.4073 23.0099 3.77563
      vertex -68 23.0099 0
      vertex -45 23.0099 3.75
    endloop
  endfacet
  facet normal 0 -1 -0
    outer loop
      vertex -45 23.0099 3.75
      vertex -68 23.0099 0
      vertex -30 23.0099 3.75
    endloop
  endfacet
  facet normal 0 -1 -0
    outer loop
      vertex -30 23.0099 3.75
      vertex -68 23.0099 0
      vertex -15 23.0099 3.75
    endloop
  endfacet
  facet normal 0 -1 0
    outer loop
      vertex 38 23.0099 0
      vertex -15 23.0099 3.75
      vertex -68 23.0099 0
    endloop
  endfacet
  facet normal 0 -1 0
    outer loop
      vertex -15 23.0099 3.75
      vertex 38 23.0099 0
      vertex 0 23.0099 3.75
    endloop
  endfacet
  facet normal 0 -1 0
    outer loop
      vertex 0 23.0099 3.75
      vertex 38 23.0099 0
      vertex 15 23.0099 3.75
    endloop
  endfacet
  facet normal 0 -1 -0
    outer loop
      vertex -60.4073 23.0099 3.77563
      vertex -68 23.0099 0
      vertex -60 23.0099 3.75
    endloop
  endfacet
  facet normal 0 -1 -0
    outer loop
      vertex -60.8082 23.0099 3.8521
      vertex -68 23.0099 0
      vertex -60.4073 23.0099 3.77563
    endloop
  endfacet
  facet normal 0 -1 -0
    outer loop
      vertex -61.1964 23.0099 3.97823
      vertex -68 23.0099 0
      vertex -60.8082 23.0099 3.8521
    endloop
  endfacet
  facet normal 0 -1 -0
    outer loop
      vertex -61.5657 23.0099 4.152
      vertex -68 23.0099 0
      vertex -61.1964 23.0099 3.97823
    endloop
  endfacet
  facet normal 0 -1 -0
    outer loop
      vertex -61.9103 23.0099 4.37069
      vertex -68 23.0099 0
      vertex -61.5657 23.0099 4.152
    endloop
  endfacet
  facet normal 0 -1 -0
    outer loop
      vertex -62.2248 23.0099 4.63085
      vertex -68 23.0099 0
      vertex -61.9103 23.0099 4.37069
    endloop
  endfacet
  facet normal 0 -1 -0
    outer loop
      vertex -62.5042 23.0099 4.92837
      vertex -68 23.0099 0
      vertex -62.2248 23.0099 4.63085
    endloop
  endfacet
  facet normal 0 -1 -0
    outer loop
      vertex -62.7441 23.0099 5.25856
      vertex -68 23.0099 0
      vertex -62.5042 23.0099 4.92837
    endloop
  endfacet
  facet normal 0 -1 -0
    outer loop
      vertex -62.9407 23.0099 5.61622
      vertex -68 23.0099 0
      vertex -62.7441 23.0099 5.25856
    endloop
  endfacet
  facet normal 0 -1 0
    outer loop
      vertex -30 23.0099 10.25
      vertex -68 23.0099 14
      vertex -45 23.0099 10.25
    endloop
  endfacet
  facet normal 0 -1 0
    outer loop
      vertex -15 23.0099 10.25
      vertex -68 23.0099 14
      vertex -30 23.0099 10.25
    endloop
  endfacet
  facet normal 0 -1 0
    outer loop
      vertex -68 23.0099 14
      vertex -15 23.0099 10.25
      vertex 38 23.0099 14
    endloop
  endfacet
  facet normal 0 -1 0
    outer loop
      vertex 0 23.0099 10.25
      vertex 38 23.0099 14
      vertex -15 23.0099 10.25
    endloop
  endfacet
  facet normal 0 -1 0
    outer loop
      vertex 15 23.0099 10.25
      vertex 38 23.0099 14
      vertex 0 23.0099 10.25
    endloop
  endfacet
  facet normal 0 -1 0
    outer loop
      vertex 15.4073 23.0099 10.2244
      vertex 38 23.0099 14
      vertex 15 23.0099 10.25
    endloop
  endfacet
  facet normal 0 -1 0
    outer loop
      vertex 30.4073 23.0099 10.2244
      vertex 38 23.0099 14
      vertex 30 23.0099 10.25
    endloop
  endfacet
  facet normal 0 -1 0
    outer loop
      vertex 30.8082 23.0099 10.1479
      vertex 38 23.0099 14
      vertex 30.4073 23.0099 10.2244
    endloop
  endfacet
  facet normal 0 -1 0
    outer loop
      vertex 31.1964 23.0099 10.0218
      vertex 38 23.0099 14
      vertex 30.8082 23.0099 10.1479
    endloop
  endfacet
  facet normal 0 -1 0
    outer loop
      vertex 31.5657 23.0099 9.848
      vertex 38 23.0099 14
      vertex 31.1964 23.0099 10.0218
    endloop
  endfacet
  facet normal 0 -1 0
    outer loop
      vertex 31.9103 23.0099 9.6293
      vertex 38 23.0099 14
      vertex 31.5657 23.0099 9.848
    endloop
  endfacet
  facet normal 0 -1 0
    outer loop
      vertex 32.2248 23.0099 9.36915
      vertex 38 23.0099 14
      vertex 31.9103 23.0099 9.6293
    endloop
  endfacet
  facet normal 0 -1 0
    outer loop
      vertex 32.5042 23.0099 9.07163
      vertex 38 23.0099 14
      vertex 32.2248 23.0099 9.36915
    endloop
  endfacet
  facet normal 0 -1 0
    outer loop
      vertex 32.7441 23.0099 8.74144
      vertex 38 23.0099 14
      vertex 32.5042 23.0099 9.07163
    endloop
  endfacet
  facet normal 0 -1 0
    outer loop
      vertex 32.9407 23.0099 8.38378
      vertex 38 23.0099 14
      vertex 32.7441 23.0099 8.74144
    endloop
  endfacet
  facet normal 0 -1 0
    outer loop
      vertex 33.0909 23.0099 8.0043
      vertex 38 23.0099 14
      vertex 32.9407 23.0099 8.38378
    endloop
  endfacet
  facet normal 0 -1 0
    outer loop
      vertex 33.1924 23.0099 7.60899
      vertex 38 23.0099 14
      vertex 33.0909 23.0099 8.0043
    endloop
  endfacet
  facet normal 0 -1 0
    outer loop
      vertex 33.2436 23.0099 7.20407
      vertex 38 23.0099 14
      vertex 33.1924 23.0099 7.60899
    endloop
  endfacet
  facet normal 0 -1 0
    outer loop
      vertex 33.2436 23.0099 6.79593
      vertex 38 23.0099 14
      vertex 33.2436 23.0099 7.20407
    endloop
  endfacet
  facet normal 0 -1 0
    outer loop
      vertex 38 23.0099 0
      vertex 33.2436 23.0099 6.79593
      vertex 33.1924 23.0099 6.39101
    endloop
  endfacet
  facet normal 0 -1 0
    outer loop
      vertex 38 23.0099 0
      vertex 33.1924 23.0099 6.39101
      vertex 33.0909 23.0099 5.99569
    endloop
  endfacet
  facet normal 0 -1 0
    outer loop
      vertex 38 23.0099 0
      vertex 33.0909 23.0099 5.99569
      vertex 32.9407 23.0099 5.61622
    endloop
  endfacet
  facet normal 0 -1 0
    outer loop
      vertex 38 23.0099 0
      vertex 32.9407 23.0099 5.61622
      vertex 32.7441 23.0099 5.25856
    endloop
  endfacet
  facet normal 0 -1 0
    outer loop
      vertex 33.2436 23.0099 6.79593
      vertex 38 23.0099 0
      vertex 38 23.0099 14
    endloop
  endfacet
  facet normal 0 -1 0
    outer loop
      vertex 32.5042 23.0099 4.92837
      vertex 38 23.0099 0
      vertex 32.7441 23.0099 5.25856
    endloop
  endfacet
  facet normal 0 -1 0
    outer loop
      vertex 32.2248 23.0099 4.63085
      vertex 38 23.0099 0
      vertex 32.5042 23.0099 4.92837
    endloop
  endfacet
  facet normal 0 -1 0
    outer loop
      vertex 31.9103 23.0099 4.37069
      vertex 38 23.0099 0
      vertex 32.2248 23.0099 4.63085
    endloop
  endfacet
  facet normal 0 -1 0
    outer loop
      vertex 31.5657 23.0099 4.152
      vertex 38 23.0099 0
      vertex 31.9103 23.0099 4.37069
    endloop
  endfacet
  facet normal 0 -1 0
    outer loop
      vertex 31.1964 23.0099 3.97823
      vertex 38 23.0099 0
      vertex 31.5657 23.0099 4.152
    endloop
  endfacet
  facet normal 0 -1 0
    outer loop
      vertex 30.8082 23.0099 3.8521
      vertex 38 23.0099 0
      vertex 31.1964 23.0099 3.97823
    endloop
  endfacet
  facet normal 0 -1 0
    outer loop
      vertex 30.4073 23.0099 3.77563
      vertex 38 23.0099 0
      vertex 30.8082 23.0099 3.8521
    endloop
  endfacet
  facet normal 0 -1 0
    outer loop
      vertex 30 23.0099 3.75
      vertex 38 23.0099 0
      vertex 30.4073 23.0099 3.77563
    endloop
  endfacet
  facet normal 0 -1 0
    outer loop
      vertex 29.5927 23.0099 3.77563
      vertex 38 23.0099 0
      vertex 30 23.0099 3.75
    endloop
  endfacet
  facet normal -0.99803 0.0627451 0
    outer loop
      vertex -82 32 0
      vertex -81.9606 32.6267 14
      vertex -81.9606 32.6267 0
    endloop
  endfacet
  facet normal -0.99803 0.0627451 0
    outer loop
      vertex -81.9606 32.6267 14
      vertex -82 32 0
      vertex -82 32 14
    endloop
  endfacet
  facet normal 0 0 1
    outer loop
      vertex 77.3139 36.9901 14
      vertex 82 32 14
      vertex 81.9606 32.6267 14
    endloop
  endfacet
  facet normal 0 0 1
    outer loop
      vertex 82 32 14
      vertex 77.3139 36.9901 14
      vertex 82 13 14
    endloop
  endfacet
  facet normal 0 0 1
    outer loop
      vertex 77.3139 36.9901 14
      vertex 81.9606 32.6267 14
      vertex 81.8429 33.2435 14
    endloop
  endfacet
  facet normal 0 0 1
    outer loop
      vertex 77.3139 8.00987 14
      vertex 82 13 14
      vertex 77.3139 36.9901 14
    endloop
  endfacet
  facet normal 0 0 1
    outer loop
      vertex 77.3139 36.9901 14
      vertex 81.8429 33.2435 14
      vertex 81.6489 33.8406 14
    endloop
  endfacet
  facet normal 0 0 1
    outer loop
      vertex 82 13 14
      vertex 77.3139 8.00987 14
      vertex 81.9606 12.3733 14
    endloop
  endfacet
  facet normal 0 0 1
    outer loop
      vertex 77.3139 36.9901 14
      vertex 81.6489 33.8406 14
      vertex 81.3815 34.4088 14
    endloop
  endfacet
  facet normal 0 0 1
    outer loop
      vertex 81.9606 12.3733 14
      vertex 77.3139 8.00987 14
      vertex 81.8429 11.7565 14
    endloop
  endfacet
  facet normal 0 0 1
    outer loop
      vertex 77.3139 36.9901 14
      vertex 81.3815 34.4088 14
      vertex 81.0451 34.9389 14
    endloop
  endfacet
  facet normal 0 0 1
    outer loop
      vertex 81.8429 11.7565 14
      vertex 77.3139 8.00987 14
      vertex 81.6489 11.1594 14
    endloop
  endfacet
  facet normal 0 0 1
    outer loop
      vertex 77.3139 36.9901 14
      vertex 81.0451 34.9389 14
      vertex 80.6448 35.4227 14
    endloop
  endfacet
  facet normal 0 0 1
    outer loop
      vertex 81.6489 11.1594 14
      vertex 77.3139 8.00987 14
      vertex 81.3815 10.5912 14
    endloop
  endfacet
  facet normal 0 0 1
    outer loop
      vertex 77.3139 36.9901 14
      vertex 80.6448 35.4227 14
      vertex 80.1871 35.8526 14
    endloop
  endfacet
  facet normal 0 0 1
    outer loop
      vertex 81.3815 10.5912 14
      vertex 77.3139 8.00987 14
      vertex 81.0451 10.0611 14
    endloop
  endfacet
  facet normal 0 0 1
    outer loop
      vertex 77.3139 36.9901 14
      vertex 80.1871 35.8526 14
      vertex 79.6791 36.2216 14
    endloop
  endfacet
  facet normal 0 0 1
    outer loop
      vertex 81.0451 10.0611 14
      vertex 77.3139 8.00987 14
      vertex 80.6448 9.57726 14
    endloop
  endfacet
  facet normal 0 0 1
    outer loop
      vertex 77.3139 36.9901 14
      vertex 79.6791 36.2216 14
      vertex 79.1289 36.5241 14
    endloop
  endfacet
  facet normal 0 0 1
    outer loop
      vertex 80.6448 9.57726 14
      vertex 77.3139 8.00987 14
      vertex 80.1871 9.14743 14
    endloop
  endfacet
  facet normal 0 0 1
    outer loop
      vertex 77.3139 36.9901 14
      vertex 79.1289 36.5241 14
      vertex 78.5451 36.7553 14
    endloop
  endfacet
  facet normal 0 0 1
    outer loop
      vertex 80.1871 9.14743 14
      vertex 77.3139 8.00987 14
      vertex 79.6791 8.77836 14
    endloop
  endfacet
  facet normal 0 0 1
    outer loop
      vertex 77.3139 36.9901 14
      vertex 78.5451 36.7553 14
      vertex 77.9369 36.9114 14
    endloop
  endfacet
  facet normal 0 0 1
    outer loop
      vertex 79.6791 8.77836 14
      vertex 77.3139 8.00987 14
      vertex 79.1289 8.47586 14
    endloop
  endfacet
  facet normal 0 0 1
    outer loop
      vertex 79.1289 8.47586 14
      vertex 77.3139 8.00987 14
      vertex 78.5451 8.24472 14
    endloop
  endfacet
  facet normal 0 0 1
    outer loop
      vertex 78.5451 8.24472 14
      vertex 77.3139 8.00987 14
      vertex 77.9369 8.08856 14
    endloop
  endfacet
  facet normal -0 0 1
    outer loop
      vertex 38 22.7286 14
      vertex 77.3139 8.00987 14
      vertex 77.3139 36.9901 14
    endloop
  endfacet
  facet normal 0 0 1
    outer loop
      vertex 77.3139 8.00987 14
      vertex 38 22.7286 14
      vertex 42.686 8.00987 14
    endloop
  endfacet
  facet normal -0 -0 1
    outer loop
      vertex 40.5089 8.67497 14
      vertex 42.686 8.00987 14
      vertex 38 22.7286 14
    endloop
  endfacet
  facet normal 0 0 1
    outer loop
      vertex 42.686 8.00987 14
      vertex 40.5089 8.67497 14
      vertex 42.0631 8.08856 14
    endloop
  endfacet
  facet normal 0 0 1
    outer loop
      vertex 42.0631 8.08856 14
      vertex 40.5089 8.67497 14
      vertex 41.4549 8.24472 14
    endloop
  endfacet
  facet normal 0 0 1
    outer loop
      vertex 38 22.7286 14
      vertex 77.3139 36.9901 14
      vertex 38 23.0099 14
    endloop
  endfacet
  facet normal -0 0 1
    outer loop
      vertex -77.3139 36.9901 14
      vertex 38 23.0099 14
      vertex 77.3139 36.9901 14
    endloop
  endfacet
  facet normal 0 0 1
    outer loop
      vertex -82 32 14
      vertex -68 -19.6714 14
      vertex -68 23.0099 14
    endloop
  endfacet
  facet normal 0 0 1
    outer loop
      vertex -68 -19.6714 14
      vertex -82 -32 14
      vertex -69.1671 -35.1955 14
    endloop
  endfacet
  facet normal 0 -0 1
    outer loop
      vertex -72.6861 -36.9901 14
      vertex -69.1671 -35.1955 14
      vertex -82 -32 14
    endloop
  endfacet
  facet normal 0 -0 1
    outer loop
      vertex -69.8129 -35.8526 14
      vertex -69.1671 -35.1955 14
      vertex -72.6861 -36.9901 14
    endloop
  endfacet
  facet normal 0 0 1
    outer loop
      vertex -69.1671 -35.1955 14
      vertex -69.8129 -35.8526 14
      vertex -69.3552 -35.4227 14
    endloop
  endfacet
  facet normal 0 0 1
    outer loop
      vertex -69.8129 -35.8526 14
      vertex -72.6861 -36.9901 14
      vertex -70.3209 -36.2216 14
    endloop
  endfacet
  facet normal 0 0 1
    outer loop
      vertex -70.3209 -36.2216 14
      vertex -72.6861 -36.9901 14
      vertex -70.8711 -36.5241 14
    endloop
  endfacet
  facet normal 0 0 1
    outer loop
      vertex -70.8711 -36.5241 14
      vertex -72.6861 -36.9901 14
      vertex -71.4549 -36.7553 14
    endloop
  endfacet
  facet normal 0 0 1
    outer loop
      vertex 38 23.0099 14
      vertex -77.3139 36.9901 14
      vertex -68 23.0099 14
    endloop
  endfacet
  facet normal -0 0 1
    outer loop
      vertex -82 32 14
      vertex -68 23.0099 14
      vertex -77.3139 36.9901 14
    endloop
  endfacet
  facet normal 0 0 1
    outer loop
      vertex -68 -19.6714 14
      vertex -82 32 14
      vertex -82 -32 14
    endloop
  endfacet
  facet normal 0 0 1
    outer loop
      vertex -82 32 14
      vertex -77.3139 36.9901 14
      vertex -77.9369 36.9114 14
    endloop
  endfacet
  facet normal 0 0 1
    outer loop
      vertex -71.4549 -36.7553 14
      vertex -72.6861 -36.9901 14
      vertex -72.0631 -36.9114 14
    endloop
  endfacet
  facet normal 0 0 1
    outer loop
      vertex -82 32 14
      vertex -77.9369 36.9114 14
      vertex -78.5451 36.7553 14
    endloop
  endfacet
  facet normal 0 0 1
    outer loop
      vertex -72.6861 -36.9901 14
      vertex -82 -32 14
      vertex -77.3139 -36.9901 14
    endloop
  endfacet
  facet normal 0 0 1
    outer loop
      vertex -82 32 14
      vertex -78.5451 36.7553 14
      vertex -79.1289 36.5241 14
    endloop
  endfacet
  facet normal 0 0 1
    outer loop
      vertex -77.3139 -36.9901 14
      vertex -82 -32 14
      vertex -77.9369 -36.9114 14
    endloop
  endfacet
  facet normal 0 0 1
    outer loop
      vertex -82 32 14
      vertex -79.1289 36.5241 14
      vertex -79.6791 36.2216 14
    endloop
  endfacet
  facet normal 0 0 1
    outer loop
      vertex -77.9369 -36.9114 14
      vertex -82 -32 14
      vertex -78.5451 -36.7553 14
    endloop
  endfacet
  facet normal 0 0 1
    outer loop
      vertex -82 32 14
      vertex -79.6791 36.2216 14
      vertex -80.1871 35.8526 14
    endloop
  endfacet
  facet normal 0 0 1
    outer loop
      vertex -78.5451 -36.7553 14
      vertex -82 -32 14
      vertex -79.1289 -36.5241 14
    endloop
  endfacet
  facet normal 0 0 1
    outer loop
      vertex -82 32 14
      vertex -80.1871 35.8526 14
      vertex -80.6448 35.4227 14
    endloop
  endfacet
  facet normal 0 0 1
    outer loop
      vertex -79.1289 -36.5241 14
      vertex -82 -32 14
      vertex -79.6791 -36.2216 14
    endloop
  endfacet
  facet normal 0 0 1
    outer loop
      vertex -82 32 14
      vertex -80.6448 35.4227 14
      vertex -81.0451 34.9389 14
    endloop
  endfacet
  facet normal 0 0 1
    outer loop
      vertex -79.6791 -36.2216 14
      vertex -82 -32 14
      vertex -80.1871 -35.8526 14
    endloop
  endfacet
  facet normal 0 0 1
    outer loop
      vertex -82 32 14
      vertex -81.0451 34.9389 14
      vertex -81.3815 34.4088 14
    endloop
  endfacet
  facet normal 0 0 1
    outer loop
      vertex -80.1871 -35.8526 14
      vertex -82 -32 14
      vertex -80.6448 -35.4227 14
    endloop
  endfacet
  facet normal 0 0 1
    outer loop
      vertex -82 32 14
      vertex -81.3815 34.4088 14
      vertex -81.6489 33.8406 14
    endloop
  endfacet
  facet normal 0 0 1
    outer loop
      vertex -80.6448 -35.4227 14
      vertex -82 -32 14
      vertex -81.0451 -34.9389 14
    endloop
  endfacet
  facet normal 0 0 1
    outer loop
      vertex -82 32 14
      vertex -81.6489 33.8406 14
      vertex -81.8429 33.2435 14
    endloop
  endfacet
  facet normal 0 0 1
    outer loop
      vertex -81.0451 -34.9389 14
      vertex -82 -32 14
      vertex -81.3815 -34.4088 14
    endloop
  endfacet
  facet normal 0 0 1
    outer loop
      vertex -82 32 14
      vertex -81.8429 33.2435 14
      vertex -81.9606 32.6267 14
    endloop
  endfacet
  facet normal 0 0 1
    outer loop
      vertex -81.3815 -34.4088 14
      vertex -82 -32 14
      vertex -81.6489 -33.8406 14
    endloop
  endfacet
  facet normal 0 0 1
    outer loop
      vertex -81.6489 -33.8406 14
      vertex -82 -32 14
      vertex -81.8429 -33.2435 14
    endloop
  endfacet
  facet normal 0 0 1
    outer loop
      vertex -81.8429 -33.2435 14
      vertex -82 -32 14
      vertex -81.9606 -32.6267 14
    endloop
  endfacet
  facet normal 0 0 1
    outer loop
      vertex 41.4549 8.24472 14
      vertex 40.5089 8.67497 14
      vertex 40.8711 8.47586 14
    endloop
  endfacet
  facet normal 0 0 1
    outer loop
      vertex -68 -19.6714 14
      vertex 40.5089 8.67497 14
      vertex 38 22.7286 14
    endloop
  endfacet
  facet normal 0 0 1
    outer loop
      vertex 40.5089 8.67497 14
      vertex -68 -19.6714 14
      vertex -69.1671 -35.1955 14
    endloop
  endfacet
  facet normal 1 0 0
    outer loop
      vertex 82 32 14
      vertex 82 20.4891 7.34535
      vertex 82 32 0
    endloop
  endfacet
  facet normal 1 0 0
    outer loop
      vertex 82 32 14
      vertex 82 20.4026 8.0306
      vertex 82 20.4891 7.34535
    endloop
  endfacet
  facet normal 1 0 0
    outer loop
      vertex 82 32 14
      vertex 82 20.2308 8.69959
      vertex 82 20.4026 8.0306
    endloop
  endfacet
  facet normal 1 0 0
    outer loop
      vertex 82 32 14
      vertex 82 19.9765 9.34179
      vertex 82 20.2308 8.69959
    endloop
  endfacet
  facet normal 1 0 0
    outer loop
      vertex 82 32 14
      vertex 82 19.6438 9.94705
      vertex 82 19.9765 9.34179
    endloop
  endfacet
  facet normal 1 0 0
    outer loop
      vertex 82 32 14
      vertex 82 19.2378 10.5058
      vertex 82 19.6438 9.94705
    endloop
  endfacet
  facet normal 1 0 0
    outer loop
      vertex 82 32 14
      vertex 82 18.765 11.0093
      vertex 82 19.2378 10.5058
    endloop
  endfacet
  facet normal 1 0 0
    outer loop
      vertex 82 32 14
      vertex 82 18.2328 11.4496
      vertex 82 18.765 11.0093
    endloop
  endfacet
  facet normal 1 0 0
    outer loop
      vertex 82 32 14
      vertex 82 17.6496 11.8197
      vertex 82 18.2328 11.4496
    endloop
  endfacet
  facet normal 1 0 0
    outer loop
      vertex 82 32 14
      vertex 82 17.0247 12.1138
      vertex 82 17.6496 11.8197
    endloop
  endfacet
  facet normal 1 -0 0
    outer loop
      vertex 82 13 14
      vertex 82 17.0247 12.1138
      vertex 82 32 14
    endloop
  endfacet
  facet normal 1 0 0
    outer loop
      vertex 82 17.0247 12.1138
      vertex 82 13 14
      vertex 82 16.3678 12.3272
    endloop
  endfacet
  facet normal 1 0 0
    outer loop
      vertex 82 16.3678 12.3272
      vertex 82 13 14
      vertex 82 15.6893 12.4566
    endloop
  endfacet
  facet normal 1 0 0
    outer loop
      vertex 82 15.6893 12.4566
      vertex 82 13 14
      vertex 82 15 12.5
    endloop
  endfacet
  facet normal 1 0 0
    outer loop
      vertex 82 15 12.5
      vertex 82 13 14
      vertex 82 14.3107 12.4566
    endloop
  endfacet
  facet normal 1 0 0
    outer loop
      vertex 82 13 14
      vertex 82 13.6322 12.3272
      vertex 82 14.3107 12.4566
    endloop
  endfacet
  facet normal 1 0 0
    outer loop
      vertex 82 13.6322 12.3272
      vertex 82 13 14
      vertex 82 13 12.1218
    endloop
  endfacet
  facet normal 1 -0 0
    outer loop
      vertex 82 20.4891 6.65465
      vertex 82 32 0
      vertex 82 20.4891 7.34535
    endloop
  endfacet
  facet normal 1 -0 0
    outer loop
      vertex 82 20.4026 5.9694
      vertex 82 32 0
      vertex 82 20.4891 6.65465
    endloop
  endfacet
  facet normal 1 -0 0
    outer loop
      vertex 82 20.2308 5.30041
      vertex 82 32 0
      vertex 82 20.4026 5.9694
    endloop
  endfacet
  facet normal 1 -0 0
    outer loop
      vertex 82 19.9765 4.65821
      vertex 82 32 0
      vertex 82 20.2308 5.30041
    endloop
  endfacet
  facet normal 1 -0 0
    outer loop
      vertex 82 19.6438 4.05295
      vertex 82 32 0
      vertex 82 19.9765 4.65821
    endloop
  endfacet
  facet normal 1 -0 0
    outer loop
      vertex 82 19.2378 3.49417
      vertex 82 32 0
      vertex 82 19.6438 4.05295
    endloop
  endfacet
  facet normal 1 -0 0
    outer loop
      vertex 82 18.765 2.99067
      vertex 82 32 0
      vertex 82 19.2378 3.49417
    endloop
  endfacet
  facet normal 1 -0 0
    outer loop
      vertex 82 18.2328 2.55041
      vertex 82 32 0
      vertex 82 18.765 2.99067
    endloop
  endfacet
  facet normal 1 -0 0
    outer loop
      vertex 82 17.6496 2.18031
      vertex 82 32 0
      vertex 82 18.2328 2.55041
    endloop
  endfacet
  facet normal 1 -0 0
    outer loop
      vertex 82 17.0247 1.88623
      vertex 82 32 0
      vertex 82 17.6496 2.18031
    endloop
  endfacet
  facet normal 1 0 0
    outer loop
      vertex 82 13 0
      vertex 82 17.0247 1.88623
      vertex 82 16.3678 1.67279
    endloop
  endfacet
  facet normal 1 0 0
    outer loop
      vertex 82 13 0
      vertex 82 16.3678 1.67279
      vertex 82 15.6893 1.54337
    endloop
  endfacet
  facet normal 1 0 0
    outer loop
      vertex 82 13 0
      vertex 82 15.6893 1.54337
      vertex 82 15 1.5
    endloop
  endfacet
  facet normal 1 0 0
    outer loop
      vertex 82 13 0
      vertex 82 15 1.5
      vertex 82 14.3107 1.54337
    endloop
  endfacet
  facet normal 1 0 0
    outer loop
      vertex 82 17.0247 1.88623
      vertex 82 13 0
      vertex 82 32 0
    endloop
  endfacet
  facet normal 1 0 0
    outer loop
      vertex 82 13.6322 1.67279
      vertex 82 13 0
      vertex 82 14.3107 1.54337
    endloop
  endfacet
  facet normal 1 0 0
    outer loop
      vertex 82 13 0
      vertex 82 13.6322 1.67279
      vertex 82 13 1.87821
    endloop
  endfacet
  facet normal 0.904811 0.425812 0
    outer loop
      vertex 81.6489 33.8406 14
      vertex 81.3815 34.4088 0
      vertex 81.3815 34.4088 14
    endloop
  endfacet
  facet normal 0.904811 0.425812 0
    outer loop
      vertex 81.3815 34.4088 0
      vertex 81.6489 33.8406 14
      vertex 81.6489 33.8406 0
    endloop
  endfacet
  facet normal 0.951061 0.309003 0
    outer loop
      vertex 81.8429 33.2435 14
      vertex 81.6489 33.8406 0
      vertex 81.6489 33.8406 14
    endloop
  endfacet
  facet normal 0.951061 0.309003 0
    outer loop
      vertex 81.6489 33.8406 0
      vertex 81.8429 33.2435 14
      vertex 81.8429 33.2435 0
    endloop
  endfacet
  facet normal 0.684624 0.728896 -0
    outer loop
      vertex 80.6448 35.4227 0
      vertex 80.1871 35.8526 14
      vertex 80.6448 35.4227 14
    endloop
  endfacet
  facet normal 0.684624 0.728896 0
    outer loop
      vertex 80.1871 35.8526 14
      vertex 80.6448 35.4227 0
      vertex 80.1871 35.8526 0
    endloop
  endfacet
  facet normal 0.368203 0.929745 -0
    outer loop
      vertex 79.1289 36.5241 0
      vertex 78.5451 36.7553 14
      vertex 79.1289 36.5241 14
    endloop
  endfacet
  facet normal 0.368203 0.929745 0
    outer loop
      vertex 78.5451 36.7553 14
      vertex 79.1289 36.5241 0
      vertex 78.5451 36.7553 0
    endloop
  endfacet
  facet normal 0.248601 0.968606 0
    outer loop
      vertex 78.5451 36.7553 14
      vertex 77.9369 36.9114 8.39066
      vertex 77.9369 36.9114 14
    endloop
  endfacet
  facet normal 0.233459 0.972365 0.00174645
    outer loop
      vertex 78.5451 36.7553 14
      vertex 77.9407 36.9105 8.38378
      vertex 77.9369 36.9114 8.39066
    endloop
  endfacet
  facet normal 0.248863 0.968539 -1.69711e-05
    outer loop
      vertex 78.5451 36.7553 14
      vertex 78.0909 36.8719 8.0043
      vertex 77.9407 36.9105 8.38378
    endloop
  endfacet
  facet normal 0.248953 0.968516 -2.4234e-05
    outer loop
      vertex 78.5451 36.7553 14
      vertex 78.1924 36.8458 7.60899
      vertex 78.0909 36.8719 8.0043
    endloop
  endfacet
  facet normal 0.248077 0.96874 2.7267e-05
    outer loop
      vertex 78.5451 36.7553 14
      vertex 78.2436 36.8327 7.20407
      vertex 78.1924 36.8458 7.60899
    endloop
  endfacet
  facet normal 0.248654 0.968592 0
    outer loop
      vertex 78.5451 36.7553 14
      vertex 78.2436 36.8327 6.79593
      vertex 78.2436 36.8327 7.20407
    endloop
  endfacet
  facet normal 0.248654 0.968592 -0
    outer loop
      vertex 78.5451 36.7553 0
      vertex 78.2436 36.8327 6.79593
      vertex 78.5451 36.7553 14
    endloop
  endfacet
  facet normal 0.248077 0.96874 -2.7267e-05
    outer loop
      vertex 78.5451 36.7553 0
      vertex 78.1924 36.8458 6.39101
      vertex 78.2436 36.8327 6.79593
    endloop
  endfacet
  facet normal 0.248953 0.968516 2.42339e-05
    outer loop
      vertex 78.5451 36.7553 0
      vertex 78.0909 36.8719 5.99569
      vertex 78.1924 36.8458 6.39101
    endloop
  endfacet
  facet normal 0.248863 0.968539 1.69712e-05
    outer loop
      vertex 78.5451 36.7553 0
      vertex 77.9407 36.9105 5.61622
      vertex 78.0909 36.8719 5.99569
    endloop
  endfacet
  facet normal 0.233459 0.972365 -0.00174645
    outer loop
      vertex 78.5451 36.7553 0
      vertex 77.9369 36.9114 5.60934
      vertex 77.9407 36.9105 5.61622
    endloop
  endfacet
  facet normal 0.248601 0.968606 0
    outer loop
      vertex 77.9369 36.9114 5.60934
      vertex 78.5451 36.7553 0
      vertex 77.9369 36.9114 0
    endloop
  endfacet
  facet normal 0.125555 0.992087 -0
    outer loop
      vertex 77.9369 36.9114 0
      vertex 77.7441 36.9358 5.25856
      vertex 77.9369 36.9114 5.60934
    endloop
  endfacet
  facet normal 0.125319 0.992116 -8.7743e-06
    outer loop
      vertex 77.9369 36.9114 0
      vertex 77.5042 36.9661 4.92837
      vertex 77.7441 36.9358 5.25856
    endloop
  endfacet
  facet normal 0.12515 0.992138 -2.3809e-05
    outer loop
      vertex 77.9369 36.9114 0
      vertex 77.3139 36.9901 4.72581
      vertex 77.5042 36.9661 4.92837
    endloop
  endfacet
  facet normal 0.125328 0.992115 0
    outer loop
      vertex 77.3139 36.9901 4.72581
      vertex 77.9369 36.9114 0
      vertex 77.3139 36.9901 0
    endloop
  endfacet
  facet normal 0.125328 0.992115 0
    outer loop
      vertex 77.9369 36.9114 14
      vertex 77.3139 36.9901 9.27419
      vertex 77.3139 36.9901 14
    endloop
  endfacet
  facet normal 0.12515 0.992138 2.3809e-05
    outer loop
      vertex 77.9369 36.9114 14
      vertex 77.5042 36.9661 9.07163
      vertex 77.3139 36.9901 9.27419
    endloop
  endfacet
  facet normal 0.125319 0.992116 8.7743e-06
    outer loop
      vertex 77.9369 36.9114 14
      vertex 77.7441 36.9358 8.74144
      vertex 77.5042 36.9661 9.07163
    endloop
  endfacet
  facet normal 0.125555 0.992087 0
    outer loop
      vertex 77.7441 36.9358 8.74144
      vertex 77.9369 36.9114 14
      vertex 77.9369 36.9114 8.39066
    endloop
  endfacet
  facet normal -0.587698 0.80908 0
    outer loop
      vertex -79.6791 36.2216 0
      vertex -80.1871 35.8526 14
      vertex -79.6791 36.2216 14
    endloop
  endfacet
  facet normal -0.587698 0.80908 0
    outer loop
      vertex -80.1871 35.8526 14
      vertex -79.6791 36.2216 0
      vertex -80.1871 35.8526 0
    endloop
  endfacet
  facet normal -0.248601 0.968606 0
    outer loop
      vertex -77.9369 36.9114 0
      vertex -78.5451 36.7553 14
      vertex -77.9369 36.9114 14
    endloop
  endfacet
  facet normal -0.248601 0.968606 0
    outer loop
      vertex -78.5451 36.7553 14
      vertex -77.9369 36.9114 0
      vertex -78.5451 36.7553 0
    endloop
  endfacet
  facet normal -0 0 -1
    outer loop
      vertex 40.5089 8.67497 0
      vertex -68 -19.6714 0
      vertex 38 22.7286 0
    endloop
  endfacet
  facet normal 0 0 -1
    outer loop
      vertex -82 -32 0
      vertex -68 -19.6714 0
      vertex -69.1671 -35.1955 0
    endloop
  endfacet
  facet normal 0 0 -1
    outer loop
      vertex -69.1671 -35.1955 0
      vertex -68 -19.6714 0
      vertex 40.5089 8.67497 0
    endloop
  endfacet
  facet normal 0 0 -1
    outer loop
      vertex 77.3139 8.00987 0
      vertex 82 13 0
      vertex 81.9606 12.3733 0
    endloop
  endfacet
  facet normal -0 0 -1
    outer loop
      vertex 82 13 0
      vertex 77.3139 8.00987 0
      vertex 82 32 0
    endloop
  endfacet
  facet normal 0 0 -1
    outer loop
      vertex 77.3139 8.00987 0
      vertex 81.9606 12.3733 0
      vertex 81.8429 11.7565 0
    endloop
  endfacet
  facet normal 0 0 -1
    outer loop
      vertex 77.3139 36.9901 0
      vertex 82 32 0
      vertex 77.3139 8.00987 0
    endloop
  endfacet
  facet normal 0 0 -1
    outer loop
      vertex 77.3139 8.00987 0
      vertex 81.8429 11.7565 0
      vertex 81.6489 11.1594 0
    endloop
  endfacet
  facet normal 0 0 -1
    outer loop
      vertex 82 32 0
      vertex 77.3139 36.9901 0
      vertex 81.9606 32.6267 0
    endloop
  endfacet
  facet normal 0 0 -1
    outer loop
      vertex 77.3139 8.00987 0
      vertex 81.6489 11.1594 0
      vertex 81.3815 10.5912 0
    endloop
  endfacet
  facet normal 0 0 -1
    outer loop
      vertex 81.9606 32.6267 0
      vertex 77.3139 36.9901 0
      vertex 81.8429 33.2435 0
    endloop
  endfacet
  facet normal 0 0 -1
    outer loop
      vertex 77.3139 8.00987 0
      vertex 81.3815 10.5912 0
      vertex 81.0451 10.0611 0
    endloop
  endfacet
  facet normal 0 0 -1
    outer loop
      vertex 81.8429 33.2435 0
      vertex 77.3139 36.9901 0
      vertex 81.6489 33.8406 0
    endloop
  endfacet
  facet normal 0 0 -1
    outer loop
      vertex 77.3139 8.00987 0
      vertex 81.0451 10.0611 0
      vertex 80.6448 9.57726 0
    endloop
  endfacet
  facet normal 0 0 -1
    outer loop
      vertex 81.6489 33.8406 0
      vertex 77.3139 36.9901 0
      vertex 81.3815 34.4088 0
    endloop
  endfacet
  facet normal 0 0 -1
    outer loop
      vertex 77.3139 8.00987 0
      vertex 80.6448 9.57726 0
      vertex 80.1871 9.14743 0
    endloop
  endfacet
  facet normal 0 0 -1
    outer loop
      vertex 81.3815 34.4088 0
      vertex 77.3139 36.9901 0
      vertex 81.0451 34.9389 0
    endloop
  endfacet
  facet normal 0 0 -1
    outer loop
      vertex 77.3139 8.00987 0
      vertex 80.1871 9.14743 0
      vertex 79.6791 8.77836 0
    endloop
  endfacet
  facet normal 0 0 -1
    outer loop
      vertex 81.0451 34.9389 0
      vertex 77.3139 36.9901 0
      vertex 80.6448 35.4227 0
    endloop
  endfacet
  facet normal 0 0 -1
    outer loop
      vertex 77.3139 8.00987 0
      vertex 79.6791 8.77836 0
      vertex 79.1289 8.47586 0
    endloop
  endfacet
  facet normal 0 0 -1
    outer loop
      vertex 80.6448 35.4227 0
      vertex 77.3139 36.9901 0
      vertex 80.1871 35.8526 0
    endloop
  endfacet
  facet normal 0 0 -1
    outer loop
      vertex 77.3139 8.00987 0
      vertex 79.1289 8.47586 0
      vertex 78.5451 8.24472 0
    endloop
  endfacet
  facet normal 0 0 -1
    outer loop
      vertex 80.1871 35.8526 0
      vertex 77.3139 36.9901 0
      vertex 79.6791 36.2216 0
    endloop
  endfacet
  facet normal 0 0 -1
    outer loop
      vertex 77.3139 8.00987 0
      vertex 78.5451 8.24472 0
      vertex 77.9369 8.08856 0
    endloop
  endfacet
  facet normal 0 0 -1
    outer loop
      vertex 79.6791 36.2216 0
      vertex 77.3139 36.9901 0
      vertex 79.1289 36.5241 0
    endloop
  endfacet
  facet normal 0 0 -1
    outer loop
      vertex 79.1289 36.5241 0
      vertex 77.3139 36.9901 0
      vertex 78.5451 36.7553 0
    endloop
  endfacet
  facet normal 0 0 -1
    outer loop
      vertex 78.5451 36.7553 0
      vertex 77.3139 36.9901 0
      vertex 77.9369 36.9114 0
    endloop
  endfacet
  facet normal 0 0 -1
    outer loop
      vertex 38 22.7286 0
      vertex 77.3139 8.00987 0
      vertex 42.686 8.00987 0
    endloop
  endfacet
  facet normal 0 0 -1
    outer loop
      vertex 40.5089 8.67497 0
      vertex 42.686 8.00987 0
      vertex 42.0631 8.08856 0
    endloop
  endfacet
  facet normal 0 0 -1
    outer loop
      vertex 40.5089 8.67497 0
      vertex 42.0631 8.08856 0
      vertex 41.4549 8.24472 0
    endloop
  endfacet
  facet normal 0 0 -1
    outer loop
      vertex 40.5089 8.67497 0
      vertex 41.4549 8.24472 0
      vertex 40.8711 8.47586 0
    endloop
  endfacet
  facet normal 0 0 -1
    outer loop
      vertex 42.686 8.00987 0
      vertex 40.5089 8.67497 0
      vertex 38 22.7286 0
    endloop
  endfacet
  facet normal 0 0 -1
    outer loop
      vertex 77.3139 8.00987 0
      vertex 38 22.7286 0
      vertex 77.3139 36.9901 0
    endloop
  endfacet
  facet normal 0 0 -1
    outer loop
      vertex 38 23.0099 0
      vertex 77.3139 36.9901 0
      vertex 38 22.7286 0
    endloop
  endfacet
  facet normal 0 0 -1
    outer loop
      vertex -77.3139 36.9901 0
      vertex 38 23.0099 0
      vertex -68 23.0099 0
    endloop
  endfacet
  facet normal 0 0 -1
    outer loop
      vertex -69.8129 -35.8526 0
      vertex -69.1671 -35.1955 0
      vertex -69.3552 -35.4227 0
    endloop
  endfacet
  facet normal 0 0 -1
    outer loop
      vertex -69.1671 -35.1955 0
      vertex -69.8129 -35.8526 0
      vertex -72.6861 -36.9901 0
    endloop
  endfacet
  facet normal 0 0 -1
    outer loop
      vertex -72.6861 -36.9901 0
      vertex -69.8129 -35.8526 0
      vertex -70.3209 -36.2216 0
    endloop
  endfacet
  facet normal 0 0 -1
    outer loop
      vertex -72.6861 -36.9901 0
      vertex -70.3209 -36.2216 0
      vertex -70.8711 -36.5241 0
    endloop
  endfacet
  facet normal 0 0 -1
    outer loop
      vertex -72.6861 -36.9901 0
      vertex -70.8711 -36.5241 0
      vertex -71.4549 -36.7553 0
    endloop
  endfacet
  facet normal 0 0 -1
    outer loop
      vertex -72.6861 -36.9901 0
      vertex -71.4549 -36.7553 0
      vertex -72.0631 -36.9114 0
    endloop
  endfacet
  facet normal -0 0 -1
    outer loop
      vertex -69.1671 -35.1955 0
      vertex -72.6861 -36.9901 0
      vertex -82 -32 0
    endloop
  endfacet
  facet normal 0 0 -1
    outer loop
      vertex -82 -32 0
      vertex -72.6861 -36.9901 0
      vertex -77.3139 -36.9901 0
    endloop
  endfacet
  facet normal 0 0 -1
    outer loop
      vertex 38 23.0099 0
      vertex -77.3139 36.9901 0
      vertex 77.3139 36.9901 0
    endloop
  endfacet
  facet normal 0 0 -1
    outer loop
      vertex -82 32 0
      vertex -68 -19.6714 0
      vertex -82 -32 0
    endloop
  endfacet
  facet normal 0 0 -1
    outer loop
      vertex -82 -32 0
      vertex -77.3139 -36.9901 0
      vertex -77.9369 -36.9114 0
    endloop
  endfacet
  facet normal 0 0 -1
    outer loop
      vertex -68 -19.6714 0
      vertex -82 32 0
      vertex -68 23.0099 0
    endloop
  endfacet
  facet normal 0 0 -1
    outer loop
      vertex -82 -32 0
      vertex -77.9369 -36.9114 0
      vertex -78.5451 -36.7553 0
    endloop
  endfacet
  facet normal 0 0 -1
    outer loop
      vertex -68 23.0099 0
      vertex -82 32 0
      vertex -77.3139 36.9901 0
    endloop
  endfacet
  facet normal 0 0 -1
    outer loop
      vertex -82 -32 0
      vertex -78.5451 -36.7553 0
      vertex -79.1289 -36.5241 0
    endloop
  endfacet
  facet normal 0 0 -1
    outer loop
      vertex -77.3139 36.9901 0
      vertex -82 32 0
      vertex -77.9369 36.9114 0
    endloop
  endfacet
  facet normal 0 0 -1
    outer loop
      vertex -82 -32 0
      vertex -79.1289 -36.5241 0
      vertex -79.6791 -36.2216 0
    endloop
  endfacet
  facet normal 0 0 -1
    outer loop
      vertex -77.9369 36.9114 0
      vertex -82 32 0
      vertex -78.5451 36.7553 0
    endloop
  endfacet
  facet normal 0 0 -1
    outer loop
      vertex -82 -32 0
      vertex -79.6791 -36.2216 0
      vertex -80.1871 -35.8526 0
    endloop
  endfacet
  facet normal 0 0 -1
    outer loop
      vertex -78.5451 36.7553 0
      vertex -82 32 0
      vertex -79.1289 36.5241 0
    endloop
  endfacet
  facet normal 0 0 -1
    outer loop
      vertex -82 -32 0
      vertex -80.1871 -35.8526 0
      vertex -80.6448 -35.4227 0
    endloop
  endfacet
  facet normal 0 0 -1
    outer loop
      vertex -79.1289 36.5241 0
      vertex -82 32 0
      vertex -79.6791 36.2216 0
    endloop
  endfacet
  facet normal 0 0 -1
    outer loop
      vertex -82 -32 0
      vertex -80.6448 -35.4227 0
      vertex -81.0451 -34.9389 0
    endloop
  endfacet
  facet normal 0 0 -1
    outer loop
      vertex -79.6791 36.2216 0
      vertex -82 32 0
      vertex -80.1871 35.8526 0
    endloop
  endfacet
  facet normal 0 0 -1
    outer loop
      vertex -82 -32 0
      vertex -81.0451 -34.9389 0
      vertex -81.3815 -34.4088 0
    endloop
  endfacet
  facet normal 0 0 -1
    outer loop
      vertex -80.1871 35.8526 0
      vertex -82 32 0
      vertex -80.6448 35.4227 0
    endloop
  endfacet
  facet normal 0 0 -1
    outer loop
      vertex -82 -32 0
      vertex -81.3815 -34.4088 0
      vertex -81.6489 -33.8406 0
    endloop
  endfacet
  facet normal 0 0 -1
    outer loop
      vertex -80.6448 35.4227 0
      vertex -82 32 0
      vertex -81.0451 34.9389 0
    endloop
  endfacet
  facet normal 0 0 -1
    outer loop
      vertex -82 -32 0
      vertex -81.6489 -33.8406 0
      vertex -81.8429 -33.2435 0
    endloop
  endfacet
  facet normal 0 0 -1
    outer loop
      vertex -81.0451 34.9389 0
      vertex -82 32 0
      vertex -81.3815 34.4088 0
    endloop
  endfacet
  facet normal 0 0 -1
    outer loop
      vertex -82 -32 0
      vertex -81.8429 -33.2435 0
      vertex -81.9606 -32.6267 0
    endloop
  endfacet
  facet normal 0 0 -1
    outer loop
      vertex -81.3815 34.4088 0
      vertex -82 32 0
      vertex -81.6489 33.8406 0
    endloop
  endfacet
  facet normal 0 0 -1
    outer loop
      vertex -81.6489 33.8406 0
      vertex -82 32 0
      vertex -81.8429 33.2435 0
    endloop
  endfacet
  facet normal 0 0 -1
    outer loop
      vertex -81.8429 33.2435 0
      vertex -82 32 0
      vertex -81.9606 32.6267 0
    endloop
  endfacet
  facet normal 0.770462 0.637486 0
    outer loop
      vertex 81.0451 34.9389 14
      vertex 80.6448 35.4227 0
      vertex 80.6448 35.4227 14
    endloop
  endfacet
  facet normal 0.770462 0.637486 0
    outer loop
      vertex 80.6448 35.4227 0
      vertex 81.0451 34.9389 14
      vertex 81.0451 34.9389 0
    endloop
  endfacet
  facet normal 0.844336 0.535814 0
    outer loop
      vertex 81.3815 34.4088 14
      vertex 81.0451 34.9389 0
      vertex 81.0451 34.9389 14
    endloop
  endfacet
  facet normal 0.844336 0.535814 0
    outer loop
      vertex 81.0451 34.9389 0
      vertex 81.3815 34.4088 14
      vertex 81.3815 34.4088 0
    endloop
  endfacet
  facet normal 0.587698 0.80908 -0
    outer loop
      vertex 80.1871 35.8526 0
      vertex 79.6791 36.2216 14
      vertex 80.1871 35.8526 14
    endloop
  endfacet
  facet normal 0.587698 0.80908 0
    outer loop
      vertex 79.6791 36.2216 14
      vertex 80.1871 35.8526 0
      vertex 79.6791 36.2216 0
    endloop
  endfacet
  facet normal 0.481784 0.87629 -0
    outer loop
      vertex 79.6791 36.2216 0
      vertex 79.1289 36.5241 14
      vertex 79.6791 36.2216 14
    endloop
  endfacet
  facet normal 0.481784 0.87629 0
    outer loop
      vertex 79.1289 36.5241 14
      vertex 79.6791 36.2216 0
      vertex 79.1289 36.5241 0
    endloop
  endfacet
  facet normal -0.125328 0.992115 0
    outer loop
      vertex -77.3139 36.9901 0
      vertex -77.9369 36.9114 14
      vertex -77.3139 36.9901 14
    endloop
  endfacet
  facet normal -0.125328 0.992115 0
    outer loop
      vertex -77.9369 36.9114 14
      vertex -77.3139 36.9901 0
      vertex -77.9369 36.9114 0
    endloop
  endfacet
  facet normal -0.982276 0.187441 0
    outer loop
      vertex -81.9606 32.6267 0
      vertex -81.8429 33.2435 14
      vertex -81.8429 33.2435 0
    endloop
  endfacet
  facet normal -0.982276 0.187441 0
    outer loop
      vertex -81.8429 33.2435 14
      vertex -81.9606 32.6267 0
      vertex -81.9606 32.6267 14
    endloop
  endfacet
  facet normal -0.951061 0.309003 0
    outer loop
      vertex -81.8429 33.2435 0
      vertex -81.6489 33.8406 14
      vertex -81.6489 33.8406 0
    endloop
  endfacet
  facet normal -0.951061 0.309003 0
    outer loop
      vertex -81.6489 33.8406 14
      vertex -81.8429 33.2435 0
      vertex -81.8429 33.2435 14
    endloop
  endfacet
  facet normal -0.684624 0.728896 0
    outer loop
      vertex -80.1871 35.8526 0
      vertex -80.6448 35.4227 14
      vertex -80.1871 35.8526 14
    endloop
  endfacet
  facet normal -0.684624 0.728896 0
    outer loop
      vertex -80.6448 35.4227 14
      vertex -80.1871 35.8526 0
      vertex -80.6448 35.4227 0
    endloop
  endfacet
  facet normal -0.368203 0.929745 0
    outer loop
      vertex -78.5451 36.7553 0
      vertex -79.1289 36.5241 14
      vertex -78.5451 36.7553 14
    endloop
  endfacet
  facet normal -0.368203 0.929745 0
    outer loop
      vertex -79.1289 36.5241 14
      vertex -78.5451 36.7553 0
      vertex -79.1289 36.5241 0
    endloop
  endfacet
  facet normal -0.844336 0.535814 0
    outer loop
      vertex -81.3815 34.4088 0
      vertex -81.0451 34.9389 14
      vertex -81.0451 34.9389 0
    endloop
  endfacet
  facet normal -0.844336 0.535814 0
    outer loop
      vertex -81.0451 34.9389 14
      vertex -81.3815 34.4088 0
      vertex -81.3815 34.4088 14
    endloop
  endfacet
  facet normal -0.770462 0.637486 0
    outer loop
      vertex -81.0451 34.9389 0
      vertex -80.6448 35.4227 14
      vertex -80.6448 35.4227 0
    endloop
  endfacet
  facet normal -0.770462 0.637486 0
    outer loop
      vertex -80.6448 35.4227 14
      vertex -81.0451 34.9389 0
      vertex -81.0451 34.9389 14
    endloop
  endfacet
  facet normal -0.904811 0.425812 0
    outer loop
      vertex -81.6489 33.8406 0
      vertex -81.3815 34.4088 14
      vertex -81.3815 34.4088 0
    endloop
  endfacet
  facet normal -0.904811 0.425812 0
    outer loop
      vertex -81.3815 34.4088 14
      vertex -81.6489 33.8406 0
      vertex -81.6489 33.8406 14
    endloop
  endfacet
  facet normal 0.982276 0.187441 0
    outer loop
      vertex 81.9606 32.6267 14
      vertex 81.8429 33.2435 0
      vertex 81.8429 33.2435 14
    endloop
  endfacet
  facet normal 0.982276 0.187441 0
    outer loop
      vertex 81.8429 33.2435 0
      vertex 81.9606 32.6267 14
      vertex 81.9606 32.6267 0
    endloop
  endfacet
  facet normal 0.99803 0.0627451 0
    outer loop
      vertex 82 32 14
      vertex 81.9606 32.6267 0
      vertex 81.9606 32.6267 14
    endloop
  endfacet
  facet normal 0.99803 0.0627451 0
    outer loop
      vertex 81.9606 32.6267 0
      vertex 82 32 14
      vertex 82 32 0
    endloop
  endfacet
  facet normal -0.481784 0.87629 0
    outer loop
      vertex -79.1289 36.5241 0
      vertex -79.6791 36.2216 14
      vertex -79.1289 36.5241 14
    endloop
  endfacet
  facet normal -0.481784 0.87629 0
    outer loop
      vertex -79.6791 36.2216 14
      vertex -79.1289 36.5241 0
      vertex -79.6791 36.2216 0
    endloop
  endfacet
  facet normal 1 0 0
    outer loop
      vertex -68 23.0099 14
      vertex -68 20.4891 7.34535
      vertex -68 23.0099 0
    endloop
  endfacet
  facet normal 1 0 0
    outer loop
      vertex -68 23.0099 14
      vertex -68 20.4026 8.0306
      vertex -68 20.4891 7.34535
    endloop
  endfacet
  facet normal 1 0 0
    outer loop
      vertex -68 23.0099 14
      vertex -68 20.2308 8.69959
      vertex -68 20.4026 8.0306
    endloop
  endfacet
  facet normal 1 0 0
    outer loop
      vertex -68 23.0099 14
      vertex -68 19.9765 9.34179
      vertex -68 20.2308 8.69959
    endloop
  endfacet
  facet normal 1 0 0
    outer loop
      vertex -68 23.0099 14
      vertex -68 19.6438 9.94705
      vertex -68 19.9765 9.34179
    endloop
  endfacet
  facet normal 1 0 0
    outer loop
      vertex -68 23.0099 14
      vertex -68 19.2378 10.5058
      vertex -68 19.6438 9.94705
    endloop
  endfacet
  facet normal 1 0 0
    outer loop
      vertex -68 23.0099 14
      vertex -68 18.765 11.0093
      vertex -68 19.2378 10.5058
    endloop
  endfacet
  facet normal 1 0 0
    outer loop
      vertex -68 23.0099 14
      vertex -68 18.2328 11.4496
      vertex -68 18.765 11.0093
    endloop
  endfacet
  facet normal 1 0 0
    outer loop
      vertex -68 23.0099 14
      vertex -68 17.6496 11.8197
      vertex -68 18.2328 11.4496
    endloop
  endfacet
  facet normal 1 0 0
    outer loop
      vertex -68 23.0099 14
      vertex -68 17.0247 12.1138
      vertex -68 17.6496 11.8197
    endloop
  endfacet
  facet normal 1 0 0
    outer loop
      vertex -68 23.0099 14
      vertex -68 16.3678 12.3272
      vertex -68 17.0247 12.1138
    endloop
  endfacet
  facet normal 1 0 0
    outer loop
      vertex -68 23.0099 14
      vertex -68 15.6893 12.4566
      vertex -68 16.3678 12.3272
    endloop
  endfacet
  facet normal 1 0 0
    outer loop
      vertex -68 23.0099 14
      vertex -68 15 12.5
      vertex -68 15.6893 12.4566
    endloop
  endfacet
  facet normal 1 0 0
    outer loop
      vertex -68 23.0099 14
      vertex -68 14.3107 12.4566
      vertex -68 15 12.5
    endloop
  endfacet
  facet normal 1 0 0
    outer loop
      vertex -68 9.51085 7.34535
      vertex -68 -19.6714 14
      vertex -68 9.51085 6.65465
    endloop
  endfacet
  facet normal 1 0 0
    outer loop
      vertex -68 9.59742 8.0306
      vertex -68 -19.6714 14
      vertex -68 9.51085 7.34535
    endloop
  endfacet
  facet normal 1 0 0
    outer loop
      vertex -68 9.76919 8.69959
      vertex -68 -19.6714 14
      vertex -68 9.59742 8.0306
    endloop
  endfacet
  facet normal 1 0 0
    outer loop
      vertex -68 10.0235 9.34179
      vertex -68 -19.6714 14
      vertex -68 9.76919 8.69959
    endloop
  endfacet
  facet normal 1 0 0
    outer loop
      vertex -68 10.3562 9.94705
      vertex -68 -19.6714 14
      vertex -68 10.0235 9.34179
    endloop
  endfacet
  facet normal 1 0 0
    outer loop
      vertex -68 10.7622 10.5058
      vertex -68 -19.6714 14
      vertex -68 10.3562 9.94705
    endloop
  endfacet
  facet normal 1 0 0
    outer loop
      vertex -68 11.235 11.0093
      vertex -68 -19.6714 14
      vertex -68 10.7622 10.5058
    endloop
  endfacet
  facet normal 1 0 0
    outer loop
      vertex -68 11.7672 11.4496
      vertex -68 -19.6714 14
      vertex -68 11.235 11.0093
    endloop
  endfacet
  facet normal 1 0 0
    outer loop
      vertex -68 12.3504 11.8197
      vertex -68 -19.6714 14
      vertex -68 11.7672 11.4496
    endloop
  endfacet
  facet normal 1 0 0
    outer loop
      vertex -68 12.9753 12.1138
      vertex -68 -19.6714 14
      vertex -68 12.3504 11.8197
    endloop
  endfacet
  facet normal 1 0 0
    outer loop
      vertex -68 13.6322 12.3272
      vertex -68 -19.6714 14
      vertex -68 12.9753 12.1138
    endloop
  endfacet
  facet normal 1 0 0
    outer loop
      vertex -68 14.3107 12.4566
      vertex -68 -19.6714 14
      vertex -68 13.6322 12.3272
    endloop
  endfacet
  facet normal 1 -0 0
    outer loop
      vertex -68 -19.6714 14
      vertex -68 14.3107 12.4566
      vertex -68 23.0099 14
    endloop
  endfacet
  facet normal 1 -0 0
    outer loop
      vertex -68 20.4891 6.65465
      vertex -68 23.0099 0
      vertex -68 20.4891 7.34535
    endloop
  endfacet
  facet normal 1 -0 0
    outer loop
      vertex -68 20.4026 5.9694
      vertex -68 23.0099 0
      vertex -68 20.4891 6.65465
    endloop
  endfacet
  facet normal 1 -0 0
    outer loop
      vertex -68 20.2308 5.30041
      vertex -68 23.0099 0
      vertex -68 20.4026 5.9694
    endloop
  endfacet
  facet normal 1 -0 0
    outer loop
      vertex -68 19.9765 4.65821
      vertex -68 23.0099 0
      vertex -68 20.2308 5.30041
    endloop
  endfacet
  facet normal 1 -0 0
    outer loop
      vertex -68 19.6438 4.05295
      vertex -68 23.0099 0
      vertex -68 19.9765 4.65821
    endloop
  endfacet
  facet normal 1 -0 0
    outer loop
      vertex -68 19.2378 3.49417
      vertex -68 23.0099 0
      vertex -68 19.6438 4.05295
    endloop
  endfacet
  facet normal 1 -0 0
    outer loop
      vertex -68 18.765 2.99067
      vertex -68 23.0099 0
      vertex -68 19.2378 3.49417
    endloop
  endfacet
  facet normal 1 -0 0
    outer loop
      vertex -68 18.2328 2.55041
      vertex -68 23.0099 0
      vertex -68 18.765 2.99067
    endloop
  endfacet
  facet normal 1 -0 0
    outer loop
      vertex -68 17.6496 2.18031
      vertex -68 23.0099 0
      vertex -68 18.2328 2.55041
    endloop
  endfacet
  facet normal 1 -0 0
    outer loop
      vertex -68 17.0247 1.88623
      vertex -68 23.0099 0
      vertex -68 17.6496 2.18031
    endloop
  endfacet
  facet normal 1 -0 0
    outer loop
      vertex -68 16.3678 1.67279
      vertex -68 23.0099 0
      vertex -68 17.0247 1.88623
    endloop
  endfacet
  facet normal 1 -0 0
    outer loop
      vertex -68 15.6893 1.54337
      vertex -68 23.0099 0
      vertex -68 16.3678 1.67279
    endloop
  endfacet
  facet normal 1 -0 0
    outer loop
      vertex -68 15 1.5
      vertex -68 23.0099 0
      vertex -68 15.6893 1.54337
    endloop
  endfacet
  facet normal 1 0 0
    outer loop
      vertex -68 14.3107 1.54337
      vertex -68 23.0099 0
      vertex -68 15 1.5
    endloop
  endfacet
  facet normal 1 0 0
    outer loop
      vertex -68 -19.6714 0
      vertex -68 9.51085 6.65465
      vertex -68 -19.6714 14
    endloop
  endfacet
  facet normal 1 0 0
    outer loop
      vertex -68 9.51085 6.65465
      vertex -68 -19.6714 0
      vertex -68 9.59742 5.9694
    endloop
  endfacet
  facet normal 1 0 0
    outer loop
      vertex -68 9.59742 5.9694
      vertex -68 -19.6714 0
      vertex -68 9.76919 5.30041
    endloop
  endfacet
  facet normal 1 0 0
    outer loop
      vertex -68 9.76919 5.30041
      vertex -68 -19.6714 0
      vertex -68 10.0235 4.65821
    endloop
  endfacet
  facet normal 1 0 0
    outer loop
      vertex -68 10.0235 4.65821
      vertex -68 -19.6714 0
      vertex -68 10.3562 4.05295
    endloop
  endfacet
  facet normal 1 0 0
    outer loop
      vertex -68 10.3562 4.05295
      vertex -68 -19.6714 0
      vertex -68 10.7622 3.49417
    endloop
  endfacet
  facet normal 1 0 0
    outer loop
      vertex -68 10.7622 3.49417
      vertex -68 -19.6714 0
      vertex -68 11.235 2.99067
    endloop
  endfacet
  facet normal 1 0 0
    outer loop
      vertex -68 11.235 2.99067
      vertex -68 -19.6714 0
      vertex -68 11.7672 2.55041
    endloop
  endfacet
  facet normal 1 0 0
    outer loop
      vertex -68 11.7672 2.55041
      vertex -68 -19.6714 0
      vertex -68 12.3504 2.18031
    endloop
  endfacet
  facet normal 1 0 0
    outer loop
      vertex -68 14.3107 1.54337
      vertex -68 -19.6714 0
      vertex -68 23.0099 0
    endloop
  endfacet
  facet normal 1 0 0
    outer loop
      vertex -68 13.6322 1.67279
      vertex -68 -19.6714 0
      vertex -68 14.3107 1.54337
    endloop
  endfacet
  facet normal 1 0 0
    outer loop
      vertex -68 12.9753 1.88623
      vertex -68 -19.6714 0
      vertex -68 13.6322 1.67279
    endloop
  endfacet
  facet normal 1 0 0
    outer loop
      vertex -68 12.3504 2.18031
      vertex -68 -19.6714 0
      vertex -68 12.9753 1.88623
    endloop
  endfacet
  facet normal -0.99803 -0.0627451 0
    outer loop
      vertex -81.9606 -32.6267 0
      vertex -82 -32 5.12046
      vertex -82 -32 0
    endloop
  endfacet
  facet normal -0.998018 -0.0629291 2.26092e-05
    outer loop
      vertex -82 -32 5.12046
      vertex -81.9606 -32.6267 0
      vertex -81.9925 -32.1189 5.24708
    endloop
  endfacet
  facet normal -0.99802 -0.0629019 1.99598e-05
    outer loop
      vertex -81.9925 -32.1189 5.24708
      vertex -81.9606 -32.6267 0
      vertex -81.9797 -32.3219 5.52648
    endloop
  endfacet
  facet normal -0.998052 -0.0623932 -8.20656e-06
    outer loop
      vertex -81.9797 -32.3219 5.52648
      vertex -81.9606 -32.6267 0
      vertex -81.9693 -32.4883 5.82911
    endloop
  endfacet
  facet normal -0.998025 -0.0628137 1.81732e-06
    outer loop
      vertex -81.9693 -32.4883 5.82911
      vertex -81.9606 -32.6267 0
      vertex -81.9613 -32.6154 6.1502
    endloop
  endfacet
  facet normal -0.998087 -0.0618284 0
    outer loop
      vertex -81.9613 -32.6154 6.1502
      vertex -81.9606 -32.6267 0
      vertex -81.9606 -32.6267 6.19406
    endloop
  endfacet
  facet normal -0.998018 -0.0629291 -2.26092e-05
    outer loop
      vertex -81.9606 -32.6267 14
      vertex -82 -32 8.87954
      vertex -81.9925 -32.1189 8.75292
    endloop
  endfacet
  facet normal -0.99802 -0.0629019 -1.99598e-05
    outer loop
      vertex -81.9606 -32.6267 14
      vertex -81.9925 -32.1189 8.75292
      vertex -81.9797 -32.3219 8.47352
    endloop
  endfacet
  facet normal -0.998052 -0.0623932 8.20656e-06
    outer loop
      vertex -81.9606 -32.6267 14
      vertex -81.9797 -32.3219 8.47352
      vertex -81.9693 -32.4883 8.17089
    endloop
  endfacet
  facet normal -0.998025 -0.0628137 -1.81732e-06
    outer loop
      vertex -81.9606 -32.6267 14
      vertex -81.9693 -32.4883 8.17089
      vertex -81.9613 -32.6154 7.8498
    endloop
  endfacet
  facet normal -0.998087 -0.0618284 -0
    outer loop
      vertex -81.9606 -32.6267 14
      vertex -81.9613 -32.6154 7.8498
      vertex -81.9606 -32.6267 7.80594
    endloop
  endfacet
  facet normal -0.99803 -0.0627451 0
    outer loop
      vertex -82 -32 8.87954
      vertex -81.9606 -32.6267 14
      vertex -82 -32 14
    endloop
  endfacet
  facet normal 0.125328 -0.992115 0
    outer loop
      vertex -72.6861 -36.9901 0
      vertex -72.0631 -36.9114 14
      vertex -72.6861 -36.9901 14
    endloop
  endfacet
  facet normal 0.125328 -0.992115 0
    outer loop
      vertex -72.0631 -36.9114 14
      vertex -72.6861 -36.9901 0
      vertex -72.0631 -36.9114 0
    endloop
  endfacet
  facet normal -0.684624 -0.728896 0
    outer loop
      vertex -80.6448 -35.4227 0
      vertex -80.1871 -35.8526 14
      vertex -80.6448 -35.4227 14
    endloop
  endfacet
  facet normal -0.684624 -0.728896 -0
    outer loop
      vertex -80.1871 -35.8526 14
      vertex -80.6448 -35.4227 0
      vertex -80.1871 -35.8526 0
    endloop
  endfacet
  facet normal -0.125328 -0.992115 0
    outer loop
      vertex -77.9369 -36.9114 0
      vertex -77.3139 -36.9901 14
      vertex -77.9369 -36.9114 14
    endloop
  endfacet
  facet normal -0.125328 -0.992115 -0
    outer loop
      vertex -77.3139 -36.9901 14
      vertex -77.9369 -36.9114 0
      vertex -77.3139 -36.9901 0
    endloop
  endfacet
  facet normal -0.587698 -0.80908 0
    outer loop
      vertex -80.1871 -35.8526 0
      vertex -79.6791 -36.2216 14
      vertex -80.1871 -35.8526 14
    endloop
  endfacet
  facet normal -0.587698 -0.80908 -0
    outer loop
      vertex -79.6791 -36.2216 14
      vertex -80.1871 -35.8526 0
      vertex -79.6791 -36.2216 0
    endloop
  endfacet
  facet normal 0 -1 0
    outer loop
      vertex -77.3139 -36.9901 0
      vertex -72.6861 -36.9901 14
      vertex -77.3139 -36.9901 14
    endloop
  endfacet
  facet normal 0 -1 -0
    outer loop
      vertex -72.6861 -36.9901 14
      vertex -77.3139 -36.9901 0
      vertex -72.6861 -36.9901 0
    endloop
  endfacet
  facet normal -0.368203 -0.929745 0
    outer loop
      vertex -79.1289 -36.5241 0
      vertex -78.5451 -36.7553 14
      vertex -79.1289 -36.5241 14
    endloop
  endfacet
  facet normal -0.368203 -0.929745 -0
    outer loop
      vertex -78.5451 -36.7553 14
      vertex -79.1289 -36.5241 0
      vertex -78.5451 -36.7553 0
    endloop
  endfacet
  facet normal -0.982276 -0.187441 0
    outer loop
      vertex -81.8429 -33.2435 0
      vertex -81.9606 -32.6267 6.19406
      vertex -81.9606 -32.6267 0
    endloop
  endfacet
  facet normal -0.982163 -0.188032 6.09809e-05
    outer loop
      vertex -81.9606 -32.6267 6.19406
      vertex -81.8429 -33.2435 0
      vertex -81.9463 -32.7013 6.4847
    endloop
  endfacet
  facet normal -0.982276 -0.187438 0
    outer loop
      vertex -81.9381 -32.7446 6.82733
      vertex -81.8429 -33.2435 0
      vertex -81.9381 -32.7446 7.17267
    endloop
  endfacet
  facet normal -0.982442 -0.186571 -6.56559e-05
    outer loop
      vertex -81.9463 -32.7013 6.4847
      vertex -81.8429 -33.2435 0
      vertex -81.9381 -32.7446 6.82733
    endloop
  endfacet
  facet normal -0.982163 -0.188032 -6.09809e-05
    outer loop
      vertex -81.8429 -33.2435 14
      vertex -81.9606 -32.6267 7.80594
      vertex -81.9463 -32.7013 7.5153
    endloop
  endfacet
  facet normal -0.982442 -0.186571 6.56559e-05
    outer loop
      vertex -81.8429 -33.2435 14
      vertex -81.9463 -32.7013 7.5153
      vertex -81.9381 -32.7446 7.17267
    endloop
  endfacet
  facet normal -0.982276 -0.187438 -0
    outer loop
      vertex -81.8429 -33.2435 14
      vertex -81.9381 -32.7446 7.17267
      vertex -81.8429 -33.2435 0
    endloop
  endfacet
  facet normal -0.982276 -0.187441 0
    outer loop
      vertex -81.9606 -32.6267 7.80594
      vertex -81.8429 -33.2435 14
      vertex -81.9606 -32.6267 14
    endloop
  endfacet
  facet normal -0.904811 -0.425812 0
    outer loop
      vertex -81.3815 -34.4088 0
      vertex -81.6489 -33.8406 14
      vertex -81.6489 -33.8406 0
    endloop
  endfacet
  facet normal -0.904811 -0.425812 0
    outer loop
      vertex -81.6489 -33.8406 14
      vertex -81.3815 -34.4088 0
      vertex -81.3815 -34.4088 14
    endloop
  endfacet
  facet normal -0.770462 -0.637486 0
    outer loop
      vertex -80.6448 -35.4227 0
      vertex -81.0451 -34.9389 14
      vertex -81.0451 -34.9389 0
    endloop
  endfacet
  facet normal -0.770462 -0.637486 0
    outer loop
      vertex -81.0451 -34.9389 14
      vertex -80.6448 -35.4227 0
      vertex -80.6448 -35.4227 14
    endloop
  endfacet
  facet normal 0.248601 -0.968606 0
    outer loop
      vertex -72.0631 -36.9114 0
      vertex -71.4549 -36.7553 14
      vertex -72.0631 -36.9114 14
    endloop
  endfacet
  facet normal 0.248601 -0.968606 0
    outer loop
      vertex -71.4549 -36.7553 14
      vertex -72.0631 -36.9114 0
      vertex -71.4549 -36.7553 0
    endloop
  endfacet
  facet normal 0.368203 -0.929745 0
    outer loop
      vertex -71.4549 -36.7553 0
      vertex -70.8711 -36.5241 14
      vertex -71.4549 -36.7553 14
    endloop
  endfacet
  facet normal 0.368203 -0.929745 0
    outer loop
      vertex -70.8711 -36.5241 14
      vertex -71.4549 -36.7553 0
      vertex -70.8711 -36.5241 0
    endloop
  endfacet
  facet normal 0.684624 -0.728896 0
    outer loop
      vertex -69.8129 -35.8526 0
      vertex -69.3552 -35.4227 14
      vertex -69.8129 -35.8526 14
    endloop
  endfacet
  facet normal 0.684624 -0.728896 0
    outer loop
      vertex -69.3552 -35.4227 14
      vertex -69.8129 -35.8526 0
      vertex -69.3552 -35.4227 0
    endloop
  endfacet
  facet normal -0.248601 -0.968606 0
    outer loop
      vertex -78.5451 -36.7553 0
      vertex -77.9369 -36.9114 14
      vertex -78.5451 -36.7553 14
    endloop
  endfacet
  facet normal -0.248601 -0.968606 -0
    outer loop
      vertex -77.9369 -36.9114 14
      vertex -78.5451 -36.7553 0
      vertex -77.9369 -36.9114 0
    endloop
  endfacet
  facet normal -0.951061 -0.309003 0
    outer loop
      vertex -81.6489 -33.8406 0
      vertex -81.8429 -33.2435 14
      vertex -81.8429 -33.2435 0
    endloop
  endfacet
  facet normal -0.951061 -0.309003 0
    outer loop
      vertex -81.8429 -33.2435 14
      vertex -81.6489 -33.8406 0
      vertex -81.6489 -33.8406 14
    endloop
  endfacet
  facet normal -0.844336 -0.535814 0
    outer loop
      vertex -81.0451 -34.9389 0
      vertex -81.3815 -34.4088 14
      vertex -81.3815 -34.4088 0
    endloop
  endfacet
  facet normal -0.844336 -0.535814 0
    outer loop
      vertex -81.3815 -34.4088 14
      vertex -81.0451 -34.9389 0
      vertex -81.0451 -34.9389 14
    endloop
  endfacet
  facet normal 0.587698 -0.80908 0
    outer loop
      vertex -70.3209 -36.2216 0
      vertex -69.8129 -35.8526 14
      vertex -70.3209 -36.2216 14
    endloop
  endfacet
  facet normal 0.587698 -0.80908 0
    outer loop
      vertex -69.8129 -35.8526 14
      vertex -70.3209 -36.2216 0
      vertex -69.8129 -35.8526 0
    endloop
  endfacet
  facet normal 0.481784 -0.87629 0
    outer loop
      vertex -70.8711 -36.5241 0
      vertex -70.3209 -36.2216 14
      vertex -70.8711 -36.5241 14
    endloop
  endfacet
  facet normal 0.481784 -0.87629 0
    outer loop
      vertex -70.3209 -36.2216 14
      vertex -70.8711 -36.5241 0
      vertex -70.3209 -36.2216 0
    endloop
  endfacet
  facet normal 0.770274 -0.637713 0
    outer loop
      vertex -69.3552 -35.4227 14
      vertex -69.1671 -35.1955 0
      vertex -69.1671 -35.1955 14
    endloop
  endfacet
  facet normal 0.770274 -0.637713 0
    outer loop
      vertex -69.1671 -35.1955 0
      vertex -69.3552 -35.4227 14
      vertex -69.3552 -35.4227 0
    endloop
  endfacet
  facet normal -0.481784 -0.87629 0
    outer loop
      vertex -79.6791 -36.2216 0
      vertex -79.1289 -36.5241 14
      vertex -79.6791 -36.2216 14
    endloop
  endfacet
  facet normal -0.481784 -0.87629 -0
    outer loop
      vertex -79.1289 -36.5241 14
      vertex -79.6791 -36.2216 0
      vertex -79.1289 -36.5241 0
    endloop
  endfacet
  facet normal -0.371377 0.928482 -0.000205448
    outer loop
      vertex 16.9552 14.3107 12.4566
      vertex 38 22.7286 14
      vertex 18.6785 15 12.5
    endloop
  endfacet
  facet normal -0.371384 0.928479 -0.000104803
    outer loop
      vertex 38 22.7286 14
      vertex 20.4018 15.6893 12.4566
      vertex 18.6785 15 12.5
    endloop
  endfacet
  facet normal -0.371396 0.928475 6.03237e-05
    outer loop
      vertex 38 22.7286 14
      vertex 22.098 16.3678 12.3272
      vertex 20.4018 15.6893 12.4566
    endloop
  endfacet
  facet normal -0.371395 0.928475 4.80888e-05
    outer loop
      vertex 38 22.7286 14
      vertex 23.7402 17.0247 12.1138
      vertex 22.098 16.3678 12.3272
    endloop
  endfacet
  facet normal -0.371377 0.928482 -0.000107185
    outer loop
      vertex 38 22.7286 14
      vertex 25.3026 17.6496 11.8197
      vertex 23.7402 17.0247 12.1138
    endloop
  endfacet
  facet normal -0.371401 0.928473 5.29861e-05
    outer loop
      vertex 38 22.7286 14
      vertex 26.7605 18.2328 11.4496
      vertex 25.3026 17.6496 11.8197
    endloop
  endfacet
  facet normal -0.371391 0.928477 -7.90839e-16
    outer loop
      vertex 38 22.7286 14
      vertex 28.091 18.765 11.0093
      vertex 26.7605 18.2328 11.4496
    endloop
  endfacet
  facet normal -0.371391 0.928477 0
    outer loop
      vertex 38 22.7286 14
      vertex 29.273 19.2378 10.5058
      vertex 28.091 18.765 11.0093
    endloop
  endfacet
  facet normal -0.371391 0.928477 -1.56651e-15
    outer loop
      vertex 38 22.7286 14
      vertex 30.288 19.6438 9.94705
      vertex 29.273 19.2378 10.5058
    endloop
  endfacet
  facet normal -0.371366 0.928486 -5.34404e-05
    outer loop
      vertex 38 22.7286 14
      vertex 31.1199 19.9765 9.34179
      vertex 30.288 19.6438 9.94705
    endloop
  endfacet
  facet normal -0.371425 0.928463 4.71419e-05
    outer loop
      vertex 38 22.7286 14
      vertex 31.7555 20.2308 8.69959
      vertex 31.1199 19.9765 9.34179
    endloop
  endfacet
  facet normal -0.371417 0.928466 3.59359e-05
    outer loop
      vertex 38 22.7286 14
      vertex 32.1849 20.4026 8.0306
      vertex 31.7555 20.2308 8.69959
    endloop
  endfacet
  facet normal -0.371296 0.928515 -0.000100793
    outer loop
      vertex 38 22.7286 14
      vertex 32.4014 20.4891 7.34535
      vertex 32.1849 20.4026 8.0306
    endloop
  endfacet
  facet normal -0.371399 0.928473 0
    outer loop
      vertex 38 22.7286 14
      vertex 32.4014 20.4891 6.65465
      vertex 32.4014 20.4891 7.34535
    endloop
  endfacet
  facet normal -0.371399 0.928473 0
    outer loop
      vertex 38 22.7286 0
      vertex 32.4014 20.4891 6.65465
      vertex 38 22.7286 14
    endloop
  endfacet
  facet normal -0.371296 0.928515 0.000100793
    outer loop
      vertex 32.4014 20.4891 6.65465
      vertex 38 22.7286 0
      vertex 32.1849 20.4026 5.9694
    endloop
  endfacet
  facet normal -0.371384 0.928479 0.00010482
    outer loop
      vertex 20.4018 15.6893 1.54337
      vertex 38 22.7286 0
      vertex 18.6785 15 1.5
    endloop
  endfacet
  facet normal -0.371396 0.928475 -6.032e-05
    outer loop
      vertex 22.098 16.3678 1.67279
      vertex 38 22.7286 0
      vertex 20.4018 15.6893 1.54337
    endloop
  endfacet
  facet normal -0.371395 0.928475 -4.8084e-05
    outer loop
      vertex 23.7402 17.0247 1.88623
      vertex 38 22.7286 0
      vertex 22.098 16.3678 1.67279
    endloop
  endfacet
  facet normal -0.371377 0.928482 0.000107188
    outer loop
      vertex 25.3026 17.6496 2.18031
      vertex 38 22.7286 0
      vertex 23.7402 17.0247 1.88623
    endloop
  endfacet
  facet normal -0.371401 0.928473 -5.2986e-05
    outer loop
      vertex 26.7605 18.2328 2.55041
      vertex 38 22.7286 0
      vertex 25.3026 17.6496 2.18031
    endloop
  endfacet
  facet normal -0.371391 0.928477 7.9088e-16
    outer loop
      vertex 28.091 18.765 2.99067
      vertex 38 22.7286 0
      vertex 26.7605 18.2328 2.55041
    endloop
  endfacet
  facet normal -0.371391 0.928477 0
    outer loop
      vertex 29.273 19.2378 3.49417
      vertex 38 22.7286 0
      vertex 28.091 18.765 2.99067
    endloop
  endfacet
  facet normal -0.371391 0.928477 1.37066e-15
    outer loop
      vertex 30.288 19.6438 4.05295
      vertex 38 22.7286 0
      vertex 29.273 19.2378 3.49417
    endloop
  endfacet
  facet normal -0.371366 0.928486 5.34404e-05
    outer loop
      vertex 31.1199 19.9765 4.65821
      vertex 38 22.7286 0
      vertex 30.288 19.6438 4.05295
    endloop
  endfacet
  facet normal -0.371425 0.928463 -4.71419e-05
    outer loop
      vertex 31.7555 20.2308 5.30041
      vertex 38 22.7286 0
      vertex 31.1199 19.9765 4.65821
    endloop
  endfacet
  facet normal -0.371417 0.928466 -3.59359e-05
    outer loop
      vertex 32.1849 20.4026 5.9694
      vertex 38 22.7286 0
      vertex 31.7555 20.2308 5.30041
    endloop
  endfacet
  facet normal -0.371391 0.928477 1.20316e-05
    outer loop
      vertex 38 22.7286 14
      vertex 16.9552 14.3107 12.4566
      vertex -68 -19.6714 14
    endloop
  endfacet
  facet normal -0.371393 0.928476 -0.000113589
    outer loop
      vertex 15.259 13.6322 12.3272
      vertex -68 -19.6714 14
      vertex 16.9552 14.3107 12.4566
    endloop
  endfacet
  facet normal -0.371392 0.928476 -7.53651e-05
    outer loop
      vertex 13.6168 12.9753 12.1138
      vertex -68 -19.6714 14
      vertex 15.259 13.6322 12.3272
    endloop
  endfacet
  facet normal -0.371387 0.928478 0.000167631
    outer loop
      vertex 12.0544 12.3504 11.8197
      vertex -68 -19.6714 14
      vertex 13.6168 12.9753 12.1138
    endloop
  endfacet
  facet normal -0.371391 0.928477 1.65052e-06
    outer loop
      vertex 10.5964 11.7672 11.4496
      vertex -68 -19.6714 14
      vertex 12.0544 12.3504 11.8197
    endloop
  endfacet
  facet normal -0.371393 0.928476 -5.24719e-05
    outer loop
      vertex 9.26597 11.235 11.0093
      vertex -68 -19.6714 14
      vertex 10.5964 11.7672 11.4496
    endloop
  endfacet
  facet normal -0.37139 0.928477 2.73573e-05
    outer loop
      vertex 8.08393 10.7622 10.5058
      vertex -68 -19.6714 14
      vertex 9.26597 11.235 11.0093
    endloop
  endfacet
  facet normal -0.371392 0.928476 -3.01022e-05
    outer loop
      vertex 7.06898 10.3562 9.94705
      vertex -68 -19.6714 14
      vertex 8.08393 10.7622 10.5058
    endloop
  endfacet
  facet normal -0.371388 0.928478 6.29608e-05
    outer loop
      vertex 6.23712 10.0235 9.34179
      vertex -68 -19.6714 14
      vertex 7.06898 10.3562 9.94705
    endloop
  endfacet
  facet normal -0.371395 0.928475 -6.20104e-05
    outer loop
      vertex 5.60146 9.76919 8.69959
      vertex -68 -19.6714 14
      vertex 6.23712 10.0235 9.34179
    endloop
  endfacet
  facet normal -0.371391 0.928477 -2.60668e-06
    outer loop
      vertex 5.17204 9.59742 8.0306
      vertex -68 -19.6714 14
      vertex 5.60146 9.76919 8.69959
    endloop
  endfacet
  facet normal -0.371391 0.928477 -2.6262e-06
    outer loop
      vertex 4.95562 9.51085 7.34535
      vertex -68 -19.6714 14
      vertex 5.17204 9.59742 8.0306
    endloop
  endfacet
  facet normal -0.371391 0.928477 0
    outer loop
      vertex 4.95562 9.51085 6.65465
      vertex -68 -19.6714 14
      vertex 4.95562 9.51085 7.34535
    endloop
  endfacet
  facet normal -0.371391 0.928477 2.6262e-06
    outer loop
      vertex -68 -19.6714 0
      vertex 4.95562 9.51085 6.65465
      vertex 5.17204 9.59742 5.9694
    endloop
  endfacet
  facet normal -0.371391 0.928477 2.60668e-06
    outer loop
      vertex -68 -19.6714 0
      vertex 5.17204 9.59742 5.9694
      vertex 5.60146 9.76919 5.30041
    endloop
  endfacet
  facet normal -0.371395 0.928475 6.20104e-05
    outer loop
      vertex -68 -19.6714 0
      vertex 5.60146 9.76919 5.30041
      vertex 6.23712 10.0235 4.65821
    endloop
  endfacet
  facet normal -0.371388 0.928478 -6.29608e-05
    outer loop
      vertex -68 -19.6714 0
      vertex 6.23712 10.0235 4.65821
      vertex 7.06898 10.3562 4.05295
    endloop
  endfacet
  facet normal -0.371392 0.928476 3.01007e-05
    outer loop
      vertex -68 -19.6714 0
      vertex 7.06898 10.3562 4.05295
      vertex 8.08393 10.7622 3.49417
    endloop
  endfacet
  facet normal -0.37139 0.928477 -2.73573e-05
    outer loop
      vertex -68 -19.6714 0
      vertex 8.08393 10.7622 3.49417
      vertex 9.26597 11.235 2.99067
    endloop
  endfacet
  facet normal -0.371393 0.928476 5.24762e-05
    outer loop
      vertex -68 -19.6714 0
      vertex 9.26597 11.235 2.99067
      vertex 10.5964 11.7672 2.55041
    endloop
  endfacet
  facet normal -0.371391 0.928477 -1.65052e-06
    outer loop
      vertex -68 -19.6714 0
      vertex 10.5964 11.7672 2.55041
      vertex 12.0544 12.3504 2.18031
    endloop
  endfacet
  facet normal -0.371387 0.928478 -0.000167641
    outer loop
      vertex -68 -19.6714 0
      vertex 12.0544 12.3504 2.18031
      vertex 13.6168 12.9753 1.88623
    endloop
  endfacet
  facet normal -0.371377 0.928482 0.00020538
    outer loop
      vertex 38 22.7286 0
      vertex 16.9552 14.3107 1.54337
      vertex 18.6785 15 1.5
    endloop
  endfacet
  facet normal -0.371391 0.928477 0
    outer loop
      vertex 4.95562 9.51085 6.65465
      vertex -68 -19.6714 0
      vertex -68 -19.6714 14
    endloop
  endfacet
  facet normal -0.371392 0.928476 7.53529e-05
    outer loop
      vertex 15.259 13.6322 1.67279
      vertex -68 -19.6714 0
      vertex 13.6168 12.9753 1.88623
    endloop
  endfacet
  facet normal -0.371393 0.928476 0.000113576
    outer loop
      vertex 16.9552 14.3107 1.54337
      vertex -68 -19.6714 0
      vertex 15.259 13.6322 1.67279
    endloop
  endfacet
  facet normal -0.371391 0.928477 -1.20318e-05
    outer loop
      vertex -68 -19.6714 0
      vertex 16.9552 14.3107 1.54337
      vertex 38 22.7286 0
    endloop
  endfacet
  facet normal 0.371378 -0.928482 -0.000166826
    outer loop
      vertex -54.4552 -29.3107 12.4566
      vertex -69.1671 -35.1955 14
      vertex -56.1785 -30 12.5
    endloop
  endfacet
  facet normal 0.371384 -0.928479 -0.000107092
    outer loop
      vertex -69.1671 -35.1955 14
      vertex -57.9018 -30.6893 12.4566
      vertex -56.1785 -30 12.5
    endloop
  endfacet
  facet normal 0.371399 -0.928473 2.04141e-05
    outer loop
      vertex -69.1671 -35.1955 14
      vertex -59.598 -31.3678 12.3272
      vertex -57.9018 -30.6893 12.4566
    endloop
  endfacet
  facet normal 0.371398 -0.928474 1.8001e-05
    outer loop
      vertex -69.1671 -35.1955 14
      vertex -61.2402 -32.0247 12.1138
      vertex -59.598 -31.3678 12.3272
    endloop
  endfacet
  facet normal 0.371375 -0.928483 -9.46566e-05
    outer loop
      vertex -69.1671 -35.1955 14
      vertex -62.8026 -32.6496 11.8197
      vertex -61.2402 -32.0247 12.1138
    endloop
  endfacet
  facet normal 0.371409 -0.92847 1.82518e-05
    outer loop
      vertex -69.1671 -35.1955 14
      vertex -64.2605 -33.2328 11.4496
      vertex -62.8026 -32.6496 11.8197
    endloop
  endfacet
  facet normal 0.371394 -0.928475 -1.33461e-05
    outer loop
      vertex -69.1671 -35.1955 14
      vertex -65.591 -33.765 11.0093
      vertex -64.2605 -33.2328 11.4496
    endloop
  endfacet
  facet normal 0.371395 -0.928475 -1.23412e-05
    outer loop
      vertex -69.1671 -35.1955 14
      vertex -66.773 -34.2378 10.5058
      vertex -65.591 -33.765 11.0093
    endloop
  endfacet
  facet normal 0.371396 -0.928474 -1.15767e-05
    outer loop
      vertex -69.1671 -35.1955 14
      vertex -67.788 -34.6438 9.94705
      vertex -66.773 -34.2378 10.5058
    endloop
  endfacet
  facet normal 0.371398 -0.928474 -1.10173e-05
    outer loop
      vertex -69.1671 -35.1955 14
      vertex -68 -34.7286 9.79279
      vertex -67.788 -34.6438 9.94705
    endloop
  endfacet
  facet normal 0.371448 -0.928454 5.19849e-06
    outer loop
      vertex -69.1671 -35.1955 14
      vertex -68.2402 -34.8247 9.29212
      vertex -68 -34.7286 9.79279
    endloop
  endfacet
  facet normal 0.369031 -0.929417 -0.000546432
    outer loop
      vertex -69.1671 -35.1955 14
      vertex -68.2498 -34.8285 9.27214
      vertex -68.2402 -34.8247 9.29212
    endloop
  endfacet
  facet normal 0.374046 -0.92741 0.000582225
    outer loop
      vertex -69.1671 -35.1955 14
      vertex -68.2577 -34.8317 9.25024
      vertex -68.2498 -34.8285 9.27214
    endloop
  endfacet
  facet normal 0.371269 -0.928525 -3.49077e-05
    outer loop
      vertex -69.1671 -35.1955 14
      vertex -68.4911 -34.925 8.60024
      vertex -68.2577 -34.8317 9.25024
    endloop
  endfacet
  facet normal 0.371652 -0.928372 2.08059e-05
    outer loop
      vertex -69.1671 -35.1955 14
      vertex -68.6337 -34.9821 8.00332
      vertex -68.4911 -34.925 8.60024
    endloop
  endfacet
  facet normal 0.368581 -0.929596 -0.000295933
    outer loop
      vertex -69.1671 -35.1955 14
      vertex -68.6461 -34.987 7.95133
      vertex -68.6337 -34.9821 8.00332
    endloop
  endfacet
  facet normal 0.371945 -0.928255 4.00845e-05
    outer loop
      vertex -69.1671 -35.1955 14
      vertex -68.7219 -35.0174 7.31567
      vertex -68.6461 -34.987 7.95133
    endloop
  endfacet
  facet normal 0.371427 -0.928462 0
    outer loop
      vertex -69.1671 -35.1955 14
      vertex -68.7219 -35.0174 6.68433
      vertex -68.7219 -35.0174 7.31567
    endloop
  endfacet
  facet normal 0.371269 -0.928525 3.49077e-05
    outer loop
      vertex -69.1671 -35.1955 0
      vertex -68.2577 -34.8317 4.74976
      vertex -68.4911 -34.925 5.39976
    endloop
  endfacet
  facet normal 0.369031 -0.929417 0.000546432
    outer loop
      vertex -69.1671 -35.1955 0
      vertex -68.2402 -34.8247 4.70788
      vertex -68.2498 -34.8285 4.72786
    endloop
  endfacet
  facet normal 0.371384 -0.928479 0.000107105
    outer loop
      vertex -57.9018 -30.6893 1.54337
      vertex -69.1671 -35.1955 0
      vertex -56.1785 -30 1.5
    endloop
  endfacet
  facet normal 0.371399 -0.928473 -2.04132e-05
    outer loop
      vertex -59.598 -31.3678 1.67279
      vertex -69.1671 -35.1955 0
      vertex -57.9018 -30.6893 1.54337
    endloop
  endfacet
  facet normal 0.371398 -0.928474 -1.79996e-05
    outer loop
      vertex -61.2402 -32.0247 1.88623
      vertex -69.1671 -35.1955 0
      vertex -59.598 -31.3678 1.67279
    endloop
  endfacet
  facet normal 0.371375 -0.928483 9.46586e-05
    outer loop
      vertex -62.8026 -32.6496 2.18031
      vertex -69.1671 -35.1955 0
      vertex -61.2402 -32.0247 1.88623
    endloop
  endfacet
  facet normal 0.371409 -0.92847 -1.82517e-05
    outer loop
      vertex -64.2605 -33.2328 2.55041
      vertex -69.1671 -35.1955 0
      vertex -62.8026 -32.6496 2.18031
    endloop
  endfacet
  facet normal 0.371394 -0.928475 1.33466e-05
    outer loop
      vertex -65.591 -33.765 2.99067
      vertex -69.1671 -35.1955 0
      vertex -64.2605 -33.2328 2.55041
    endloop
  endfacet
  facet normal 0.371395 -0.928475 1.23413e-05
    outer loop
      vertex -66.773 -34.2378 3.49417
      vertex -69.1671 -35.1955 0
      vertex -65.591 -33.765 2.99067
    endloop
  endfacet
  facet normal 0.371396 -0.928474 1.15766e-05
    outer loop
      vertex -67.788 -34.6438 4.05295
      vertex -69.1671 -35.1955 0
      vertex -66.773 -34.2378 3.49417
    endloop
  endfacet
  facet normal 0.371398 -0.928474 1.10173e-05
    outer loop
      vertex -68 -34.7286 4.20721
      vertex -69.1671 -35.1955 0
      vertex -67.788 -34.6438 4.05295
    endloop
  endfacet
  facet normal 0.371448 -0.928454 -5.19849e-06
    outer loop
      vertex -68.2402 -34.8247 4.70788
      vertex -69.1671 -35.1955 0
      vertex -68 -34.7286 4.20721
    endloop
  endfacet
  facet normal 0.374046 -0.92741 -0.000582225
    outer loop
      vertex -68.2577 -34.8317 4.74976
      vertex -69.1671 -35.1955 0
      vertex -68.2498 -34.8285 4.72786
    endloop
  endfacet
  facet normal 0.371652 -0.928372 -2.08059e-05
    outer loop
      vertex -68.6337 -34.9821 5.99668
      vertex -69.1671 -35.1955 0
      vertex -68.4911 -34.925 5.39976
    endloop
  endfacet
  facet normal 0.368581 -0.929596 0.000295933
    outer loop
      vertex -68.6461 -34.987 6.04867
      vertex -69.1671 -35.1955 0
      vertex -68.6337 -34.9821 5.99668
    endloop
  endfacet
  facet normal 0.371945 -0.928255 -4.00845e-05
    outer loop
      vertex -68.7219 -35.0174 6.68433
      vertex -69.1671 -35.1955 0
      vertex -68.6461 -34.987 6.04867
    endloop
  endfacet
  facet normal 0.371427 -0.928462 0
    outer loop
      vertex -69.1671 -35.1955 0
      vertex -68.7219 -35.0174 6.68433
      vertex -69.1671 -35.1955 14
    endloop
  endfacet
  facet normal 0.371419 -0.928465 0.000294311
    outer loop
      vertex -52.759 -28.6322 12.3272
      vertex -69.1671 -35.1955 14
      vertex -54.4552 -29.3107 12.4566
    endloop
  endfacet
  facet normal 0.371391 -0.928476 -2.749e-05
    outer loop
      vertex -69.1671 -35.1955 14
      vertex -52.759 -28.6322 12.3272
      vertex 40.5089 8.67497 14
    endloop
  endfacet
  facet normal 0.371392 -0.928476 -7.57907e-05
    outer loop
      vertex -51.1168 -27.9753 12.1138
      vertex 40.5089 8.67497 14
      vertex -52.759 -28.6322 12.3272
    endloop
  endfacet
  facet normal 0.371388 -0.928478 0.000170262
    outer loop
      vertex -49.5544 -27.3504 11.8197
      vertex 40.5089 8.67497 14
      vertex -51.1168 -27.9753 12.1138
    endloop
  endfacet
  facet normal 0.371391 -0.928477 1.85384e-06
    outer loop
      vertex -48.0964 -26.7672 11.4496
      vertex 40.5089 8.67497 14
      vertex -49.5544 -27.3504 11.8197
    endloop
  endfacet
  facet normal 0.371393 -0.928476 -7.61438e-05
    outer loop
      vertex -46.766 -26.235 11.0093
      vertex 40.5089 8.67497 14
      vertex -48.0964 -26.7672 11.4496
    endloop
  endfacet
  facet normal 0.371389 -0.928477 6.85006e-05
    outer loop
      vertex -45.5839 -25.7622 10.5058
      vertex 40.5089 8.67497 14
      vertex -46.766 -26.235 11.0093
    endloop
  endfacet
  facet normal 0.371393 -0.928476 -6.09922e-05
    outer loop
      vertex -44.569 -25.3562 9.94705
      vertex 40.5089 8.67497 14
      vertex -45.5839 -25.7622 10.5058
    endloop
  endfacet
  facet normal 0.371387 -0.928478 8.65255e-05
    outer loop
      vertex -43.7371 -25.0235 9.34179
      vertex 40.5089 8.67497 14
      vertex -44.569 -25.3562 9.94705
    endloop
  endfacet
  facet normal 0.371395 -0.928475 -8.15215e-05
    outer loop
      vertex -43.1015 -24.7692 8.69959
      vertex 40.5089 8.67497 14
      vertex -43.7371 -25.0235 9.34179
    endloop
  endfacet
  facet normal 0.371391 -0.928477 6.8506e-08
    outer loop
      vertex -42.672 -24.5974 8.0306
      vertex 40.5089 8.67497 14
      vertex -43.1015 -24.7692 8.69959
    endloop
  endfacet
  facet normal 0.371386 -0.928479 7.95298e-05
    outer loop
      vertex -42.4556 -24.5109 7.34535
      vertex 40.5089 8.67497 14
      vertex -42.672 -24.5974 8.0306
    endloop
  endfacet
  facet normal 0.371391 -0.928476 0
    outer loop
      vertex -42.4556 -24.5109 6.65465
      vertex 40.5089 8.67497 14
      vertex -42.4556 -24.5109 7.34535
    endloop
  endfacet
  facet normal 0.371386 -0.928479 -7.95298e-05
    outer loop
      vertex 40.5089 8.67497 0
      vertex -42.4556 -24.5109 6.65465
      vertex -42.672 -24.5974 5.9694
    endloop
  endfacet
  facet normal 0.371391 -0.928477 -6.8506e-08
    outer loop
      vertex 40.5089 8.67497 0
      vertex -42.672 -24.5974 5.9694
      vertex -43.1015 -24.7692 5.30041
    endloop
  endfacet
  facet normal 0.371395 -0.928475 8.15215e-05
    outer loop
      vertex 40.5089 8.67497 0
      vertex -43.1015 -24.7692 5.30041
      vertex -43.7371 -25.0235 4.65821
    endloop
  endfacet
  facet normal 0.371387 -0.928478 -8.65255e-05
    outer loop
      vertex 40.5089 8.67497 0
      vertex -43.7371 -25.0235 4.65821
      vertex -44.569 -25.3562 4.05295
    endloop
  endfacet
  facet normal 0.371393 -0.928476 6.09892e-05
    outer loop
      vertex 40.5089 8.67497 0
      vertex -44.569 -25.3562 4.05295
      vertex -45.5839 -25.7622 3.49417
    endloop
  endfacet
  facet normal 0.371389 -0.928477 -6.85007e-05
    outer loop
      vertex 40.5089 8.67497 0
      vertex -45.5839 -25.7622 3.49417
      vertex -46.766 -26.235 2.99067
    endloop
  endfacet
  facet normal 0.371393 -0.928476 7.61502e-05
    outer loop
      vertex 40.5089 8.67497 0
      vertex -46.766 -26.235 2.99067
      vertex -48.0964 -26.7672 2.55041
    endloop
  endfacet
  facet normal 0.371391 -0.928477 -1.85383e-06
    outer loop
      vertex 40.5089 8.67497 0
      vertex -48.0964 -26.7672 2.55041
      vertex -49.5544 -27.3504 2.18031
    endloop
  endfacet
  facet normal 0.371388 -0.928478 -0.000170272
    outer loop
      vertex 40.5089 8.67497 0
      vertex -49.5544 -27.3504 2.18031
      vertex -51.1168 -27.9753 1.88623
    endloop
  endfacet
  facet normal 0.371378 -0.928482 0.000166794
    outer loop
      vertex -69.1671 -35.1955 0
      vertex -54.4552 -29.3107 1.54337
      vertex -56.1785 -30 1.5
    endloop
  endfacet
  facet normal 0.371419 -0.928465 -0.000294453
    outer loop
      vertex -69.1671 -35.1955 0
      vertex -52.759 -28.6322 1.67279
      vertex -54.4552 -29.3107 1.54337
    endloop
  endfacet
  facet normal 0.371391 -0.928476 0
    outer loop
      vertex -42.4556 -24.5109 6.65465
      vertex 40.5089 8.67497 0
      vertex 40.5089 8.67497 14
    endloop
  endfacet
  facet normal 0.371392 -0.928476 7.57783e-05
    outer loop
      vertex -52.759 -28.6322 1.67279
      vertex 40.5089 8.67497 0
      vertex -51.1168 -27.9753 1.88623
    endloop
  endfacet
  facet normal 0.371391 -0.928476 2.74901e-05
    outer loop
      vertex 40.5089 8.67497 0
      vertex -52.759 -28.6322 1.67279
      vertex -69.1671 -35.1955 0
    endloop
  endfacet
  facet normal -1 0 0
    outer loop
      vertex 38 22.7286 0
      vertex 38 23.0099 14
      vertex 38 23.0099 0
    endloop
  endfacet
  facet normal -1 -0 0
    outer loop
      vertex 38 23.0099 14
      vertex 38 22.7286 0
      vertex 38 22.7286 14
    endloop
  endfacet
  facet normal 0 -1 -0
    outer loop
      vertex 59.5927 8.00987 3.77563
      vertex 42.686 8.00987 0
      vertex 60 8.00987 3.75
    endloop
  endfacet
  facet normal 0 -1 0
    outer loop
      vertex 77.3139 8.00987 0
      vertex 60 8.00987 3.75
      vertex 42.686 8.00987 0
    endloop
  endfacet
  facet normal 0 -1 -0
    outer loop
      vertex 44.5927 8.00987 3.77563
      vertex 42.686 8.00987 0
      vertex 45 8.00987 3.75
    endloop
  endfacet
  facet normal 0 -1 -0
    outer loop
      vertex 44.1918 8.00987 3.8521
      vertex 42.686 8.00987 0
      vertex 44.5927 8.00987 3.77563
    endloop
  endfacet
  facet normal 0 -1 -0
    outer loop
      vertex 43.8036 8.00987 3.97823
      vertex 42.686 8.00987 0
      vertex 44.1918 8.00987 3.8521
    endloop
  endfacet
  facet normal 0 -1 -0
    outer loop
      vertex 43.4343 8.00987 4.152
      vertex 42.686 8.00987 0
      vertex 43.8036 8.00987 3.97823
    endloop
  endfacet
  facet normal 0 -1 -0
    outer loop
      vertex 43.0897 8.00987 4.37069
      vertex 42.686 8.00987 0
      vertex 43.4343 8.00987 4.152
    endloop
  endfacet
  facet normal 0 -1 -0
    outer loop
      vertex 42.7752 8.00987 4.63085
      vertex 42.686 8.00987 0
      vertex 43.0897 8.00987 4.37069
    endloop
  endfacet
  facet normal 0 -1 0
    outer loop
      vertex 42.686 8.00987 0
      vertex 42.7752 8.00987 4.63085
      vertex 42.686 8.00987 4.72581
    endloop
  endfacet
  facet normal 0 -1 0
    outer loop
      vertex 60.8082 8.00987 10.1479
      vertex 77.3139 8.00987 14
      vertex 60.4073 8.00987 10.2244
    endloop
  endfacet
  facet normal 0 -1 0
    outer loop
      vertex 77.3139 8.00987 14
      vertex 74.5927 8.00987 10.2244
      vertex 75 8.00987 10.25
    endloop
  endfacet
  facet normal 0 -1 0
    outer loop
      vertex 61.1964 8.00987 10.0218
      vertex 77.3139 8.00987 14
      vertex 60.8082 8.00987 10.1479
    endloop
  endfacet
  facet normal 0 -1 0
    outer loop
      vertex 77.3139 8.00987 14
      vertex 74.1918 8.00987 10.1479
      vertex 74.5927 8.00987 10.2244
    endloop
  endfacet
  facet normal 0 -1 0
    outer loop
      vertex 61.5657 8.00987 9.848
      vertex 77.3139 8.00987 14
      vertex 61.1964 8.00987 10.0218
    endloop
  endfacet
  facet normal 0 -1 0
    outer loop
      vertex 77.3139 8.00987 14
      vertex 73.8036 8.00987 10.0218
      vertex 74.1918 8.00987 10.1479
    endloop
  endfacet
  facet normal 0 -1 0
    outer loop
      vertex 73.4343 8.00987 9.848
      vertex 77.3139 8.00987 14
      vertex 61.5657 8.00987 9.848
    endloop
  endfacet
  facet normal 0 -1 0
    outer loop
      vertex 77.3139 8.00987 14
      vertex 73.4343 8.00987 9.848
      vertex 73.8036 8.00987 10.0218
    endloop
  endfacet
  facet normal 0 -1 0
    outer loop
      vertex 61.9103 8.00987 9.6293
      vertex 73.4343 8.00987 9.848
      vertex 61.5657 8.00987 9.848
    endloop
  endfacet
  facet normal 0 -1 0
    outer loop
      vertex 61.9103 8.00987 9.6293
      vertex 73.0897 8.00987 9.6293
      vertex 73.4343 8.00987 9.848
    endloop
  endfacet
  facet normal 0 -1 0
    outer loop
      vertex 62.2248 8.00987 9.36915
      vertex 73.0897 8.00987 9.6293
      vertex 61.9103 8.00987 9.6293
    endloop
  endfacet
  facet normal 0 -1 0
    outer loop
      vertex 62.2248 8.00987 9.36915
      vertex 72.7752 8.00987 9.36915
      vertex 73.0897 8.00987 9.6293
    endloop
  endfacet
  facet normal 0 -1 0
    outer loop
      vertex 62.5042 8.00987 9.07163
      vertex 72.7752 8.00987 9.36915
      vertex 62.2248 8.00987 9.36915
    endloop
  endfacet
  facet normal 0 -1 0
    outer loop
      vertex 62.5042 8.00987 9.07163
      vertex 72.4958 8.00987 9.07163
      vertex 72.7752 8.00987 9.36915
    endloop
  endfacet
  facet normal 0 -1 0
    outer loop
      vertex 62.7441 8.00987 8.74144
      vertex 72.4958 8.00987 9.07163
      vertex 62.5042 8.00987 9.07163
    endloop
  endfacet
  facet normal 0 -1 0
    outer loop
      vertex 62.7441 8.00987 8.74144
      vertex 72.2559 8.00987 8.74144
      vertex 72.4958 8.00987 9.07163
    endloop
  endfacet
  facet normal 0 -1 0
    outer loop
      vertex 62.9407 8.00987 8.38378
      vertex 72.2559 8.00987 8.74144
      vertex 62.7441 8.00987 8.74144
    endloop
  endfacet
  facet normal 0 -1 0
    outer loop
      vertex 62.9407 8.00987 8.38378
      vertex 72.0593 8.00987 8.38378
      vertex 72.2559 8.00987 8.74144
    endloop
  endfacet
  facet normal 0 -1 0
    outer loop
      vertex 63.0909 8.00987 8.0043
      vertex 72.0593 8.00987 8.38378
      vertex 62.9407 8.00987 8.38378
    endloop
  endfacet
  facet normal 0 -1 0
    outer loop
      vertex 63.0909 8.00987 8.0043
      vertex 71.9091 8.00987 8.0043
      vertex 72.0593 8.00987 8.38378
    endloop
  endfacet
  facet normal 0 -1 0
    outer loop
      vertex 63.1924 8.00987 7.60899
      vertex 71.9091 8.00987 8.0043
      vertex 63.0909 8.00987 8.0043
    endloop
  endfacet
  facet normal 0 -1 0
    outer loop
      vertex 63.1924 8.00987 7.60899
      vertex 71.8076 8.00987 7.60899
      vertex 71.9091 8.00987 8.0043
    endloop
  endfacet
  facet normal 0 -1 0
    outer loop
      vertex 63.2436 8.00987 7.20407
      vertex 71.8076 8.00987 7.60899
      vertex 63.1924 8.00987 7.60899
    endloop
  endfacet
  facet normal 0 -1 0
    outer loop
      vertex 63.2436 8.00987 7.20407
      vertex 71.7564 8.00987 7.20407
      vertex 71.8076 8.00987 7.60899
    endloop
  endfacet
  facet normal 0 -1 0
    outer loop
      vertex 63.2436 8.00987 6.79593
      vertex 71.7564 8.00987 7.20407
      vertex 63.2436 8.00987 7.20407
    endloop
  endfacet
  facet normal 0 -1 0
    outer loop
      vertex 63.2436 8.00987 6.79593
      vertex 71.7564 8.00987 6.79593
      vertex 71.7564 8.00987 7.20407
    endloop
  endfacet
  facet normal 0 -1 0
    outer loop
      vertex 63.1924 8.00987 6.39101
      vertex 71.7564 8.00987 6.79593
      vertex 63.2436 8.00987 6.79593
    endloop
  endfacet
  facet normal 0 -1 0
    outer loop
      vertex 63.1924 8.00987 6.39101
      vertex 71.8076 8.00987 6.39101
      vertex 71.7564 8.00987 6.79593
    endloop
  endfacet
  facet normal 0 -1 0
    outer loop
      vertex 63.0909 8.00987 5.99569
      vertex 71.8076 8.00987 6.39101
      vertex 63.1924 8.00987 6.39101
    endloop
  endfacet
  facet normal 0 -1 0
    outer loop
      vertex 63.0909 8.00987 5.99569
      vertex 71.9091 8.00987 5.99569
      vertex 71.8076 8.00987 6.39101
    endloop
  endfacet
  facet normal 0 -1 0
    outer loop
      vertex 62.9407 8.00987 5.61622
      vertex 71.9091 8.00987 5.99569
      vertex 63.0909 8.00987 5.99569
    endloop
  endfacet
  facet normal 0 -1 0
    outer loop
      vertex 62.9407 8.00987 5.61622
      vertex 72.0593 8.00987 5.61622
      vertex 71.9091 8.00987 5.99569
    endloop
  endfacet
  facet normal 0 -1 0
    outer loop
      vertex 62.7441 8.00987 5.25856
      vertex 72.0593 8.00987 5.61622
      vertex 62.9407 8.00987 5.61622
    endloop
  endfacet
  facet normal 0 -1 0
    outer loop
      vertex 62.7441 8.00987 5.25856
      vertex 72.2559 8.00987 5.25856
      vertex 72.0593 8.00987 5.61622
    endloop
  endfacet
  facet normal 0 -1 0
    outer loop
      vertex 62.5042 8.00987 4.92837
      vertex 72.2559 8.00987 5.25856
      vertex 62.7441 8.00987 5.25856
    endloop
  endfacet
  facet normal 0 -1 0
    outer loop
      vertex 62.5042 8.00987 4.92837
      vertex 72.4958 8.00987 4.92837
      vertex 72.2559 8.00987 5.25856
    endloop
  endfacet
  facet normal 0 -1 0
    outer loop
      vertex 62.2248 8.00987 4.63085
      vertex 72.4958 8.00987 4.92837
      vertex 62.5042 8.00987 4.92837
    endloop
  endfacet
  facet normal 0 -1 0
    outer loop
      vertex 62.2248 8.00987 4.63085
      vertex 72.7752 8.00987 4.63085
      vertex 72.4958 8.00987 4.92837
    endloop
  endfacet
  facet normal 0 -1 0
    outer loop
      vertex 61.9103 8.00987 4.37069
      vertex 72.7752 8.00987 4.63085
      vertex 62.2248 8.00987 4.63085
    endloop
  endfacet
  facet normal 0 -1 0
    outer loop
      vertex 61.9103 8.00987 4.37069
      vertex 73.0897 8.00987 4.37069
      vertex 72.7752 8.00987 4.63085
    endloop
  endfacet
  facet normal 0 -1 0
    outer loop
      vertex 61.5657 8.00987 4.152
      vertex 73.0897 8.00987 4.37069
      vertex 61.9103 8.00987 4.37069
    endloop
  endfacet
  facet normal 0 -1 0
    outer loop
      vertex 61.5657 8.00987 4.152
      vertex 73.4343 8.00987 4.152
      vertex 73.0897 8.00987 4.37069
    endloop
  endfacet
  facet normal 0 -1 0
    outer loop
      vertex 61.1964 8.00987 3.97823
      vertex 73.4343 8.00987 4.152
      vertex 61.5657 8.00987 4.152
    endloop
  endfacet
  facet normal 0 -1 0
    outer loop
      vertex 61.1964 8.00987 3.97823
      vertex 73.8036 8.00987 3.97823
      vertex 73.4343 8.00987 4.152
    endloop
  endfacet
  facet normal 0 -1 0
    outer loop
      vertex 60.8082 8.00987 3.8521
      vertex 73.8036 8.00987 3.97823
      vertex 61.1964 8.00987 3.97823
    endloop
  endfacet
  facet normal 0 -1 0
    outer loop
      vertex 60.8082 8.00987 3.8521
      vertex 74.1918 8.00987 3.8521
      vertex 73.8036 8.00987 3.97823
    endloop
  endfacet
  facet normal 0 -1 0
    outer loop
      vertex 60.4073 8.00987 3.77563
      vertex 74.1918 8.00987 3.8521
      vertex 60.8082 8.00987 3.8521
    endloop
  endfacet
  facet normal 0 -1 0
    outer loop
      vertex 60.4073 8.00987 3.77563
      vertex 74.5927 8.00987 3.77563
      vertex 74.1918 8.00987 3.8521
    endloop
  endfacet
  facet normal 0 -1 0
    outer loop
      vertex 60 8.00987 3.75
      vertex 74.5927 8.00987 3.77563
      vertex 60.4073 8.00987 3.77563
    endloop
  endfacet
  facet normal 0 -1 -0
    outer loop
      vertex 74.5927 8.00987 3.77563
      vertex 60 8.00987 3.75
      vertex 75 8.00987 3.75
    endloop
  endfacet
  facet normal 0 -1 0
    outer loop
      vertex 45.8082 8.00987 10.1479
      vertex 42.686 8.00987 14
      vertex 45.4073 8.00987 10.2244
    endloop
  endfacet
  facet normal 0 -1 0
    outer loop
      vertex 42.686 8.00987 14
      vertex 59.5927 8.00987 10.2244
      vertex 60 8.00987 10.25
    endloop
  endfacet
  facet normal 0 -1 0
    outer loop
      vertex 46.1964 8.00987 10.0218
      vertex 42.686 8.00987 14
      vertex 45.8082 8.00987 10.1479
    endloop
  endfacet
  facet normal 0 -1 0
    outer loop
      vertex 42.686 8.00987 14
      vertex 59.1918 8.00987 10.1479
      vertex 59.5927 8.00987 10.2244
    endloop
  endfacet
  facet normal 0 -1 0
    outer loop
      vertex 46.5657 8.00987 9.848
      vertex 42.686 8.00987 14
      vertex 46.1964 8.00987 10.0218
    endloop
  endfacet
  facet normal 0 -1 0
    outer loop
      vertex 42.686 8.00987 14
      vertex 58.8036 8.00987 10.0218
      vertex 59.1918 8.00987 10.1479
    endloop
  endfacet
  facet normal 0 -1 0
    outer loop
      vertex 58.4343 8.00987 9.848
      vertex 42.686 8.00987 14
      vertex 46.5657 8.00987 9.848
    endloop
  endfacet
  facet normal 0 -1 0
    outer loop
      vertex 42.686 8.00987 14
      vertex 58.4343 8.00987 9.848
      vertex 58.8036 8.00987 10.0218
    endloop
  endfacet
  facet normal 0 -1 0
    outer loop
      vertex 46.9103 8.00987 9.6293
      vertex 58.4343 8.00987 9.848
      vertex 46.5657 8.00987 9.848
    endloop
  endfacet
  facet normal 0 -1 0
    outer loop
      vertex 46.9103 8.00987 9.6293
      vertex 58.0897 8.00987 9.6293
      vertex 58.4343 8.00987 9.848
    endloop
  endfacet
  facet normal 0 -1 0
    outer loop
      vertex 47.2248 8.00987 9.36915
      vertex 58.0897 8.00987 9.6293
      vertex 46.9103 8.00987 9.6293
    endloop
  endfacet
  facet normal 0 -1 0
    outer loop
      vertex 47.2248 8.00987 9.36915
      vertex 57.7752 8.00987 9.36915
      vertex 58.0897 8.00987 9.6293
    endloop
  endfacet
  facet normal 0 -1 0
    outer loop
      vertex 47.5042 8.00987 9.07163
      vertex 57.7752 8.00987 9.36915
      vertex 47.2248 8.00987 9.36915
    endloop
  endfacet
  facet normal 0 -1 0
    outer loop
      vertex 47.5042 8.00987 9.07163
      vertex 57.4958 8.00987 9.07163
      vertex 57.7752 8.00987 9.36915
    endloop
  endfacet
  facet normal 0 -1 0
    outer loop
      vertex 47.7441 8.00987 8.74144
      vertex 57.4958 8.00987 9.07163
      vertex 47.5042 8.00987 9.07163
    endloop
  endfacet
  facet normal 0 -1 0
    outer loop
      vertex 47.7441 8.00987 8.74144
      vertex 57.2559 8.00987 8.74144
      vertex 57.4958 8.00987 9.07163
    endloop
  endfacet
  facet normal 0 -1 0
    outer loop
      vertex 47.9407 8.00987 8.38378
      vertex 57.2559 8.00987 8.74144
      vertex 47.7441 8.00987 8.74144
    endloop
  endfacet
  facet normal 0 -1 0
    outer loop
      vertex 47.9407 8.00987 8.38378
      vertex 57.0593 8.00987 8.38378
      vertex 57.2559 8.00987 8.74144
    endloop
  endfacet
  facet normal 0 -1 0
    outer loop
      vertex 48.0909 8.00987 8.0043
      vertex 57.0593 8.00987 8.38378
      vertex 47.9407 8.00987 8.38378
    endloop
  endfacet
  facet normal 0 -1 0
    outer loop
      vertex 48.0909 8.00987 8.0043
      vertex 56.9091 8.00987 8.0043
      vertex 57.0593 8.00987 8.38378
    endloop
  endfacet
  facet normal 0 -1 0
    outer loop
      vertex 48.1924 8.00987 7.60899
      vertex 56.9091 8.00987 8.0043
      vertex 48.0909 8.00987 8.0043
    endloop
  endfacet
  facet normal 0 -1 0
    outer loop
      vertex 48.1924 8.00987 7.60899
      vertex 56.8076 8.00987 7.60899
      vertex 56.9091 8.00987 8.0043
    endloop
  endfacet
  facet normal 0 -1 0
    outer loop
      vertex 48.2436 8.00987 7.20407
      vertex 56.8076 8.00987 7.60899
      vertex 48.1924 8.00987 7.60899
    endloop
  endfacet
  facet normal 0 -1 0
    outer loop
      vertex 48.2436 8.00987 7.20407
      vertex 56.7564 8.00987 7.20407
      vertex 56.8076 8.00987 7.60899
    endloop
  endfacet
  facet normal 0 -1 0
    outer loop
      vertex 48.2436 8.00987 6.79593
      vertex 56.7564 8.00987 7.20407
      vertex 48.2436 8.00987 7.20407
    endloop
  endfacet
  facet normal 0 -1 0
    outer loop
      vertex 48.2436 8.00987 6.79593
      vertex 56.7564 8.00987 6.79593
      vertex 56.7564 8.00987 7.20407
    endloop
  endfacet
  facet normal 0 -1 0
    outer loop
      vertex 48.1924 8.00987 6.39101
      vertex 56.7564 8.00987 6.79593
      vertex 48.2436 8.00987 6.79593
    endloop
  endfacet
  facet normal 0 -1 0
    outer loop
      vertex 48.1924 8.00987 6.39101
      vertex 56.8076 8.00987 6.39101
      vertex 56.7564 8.00987 6.79593
    endloop
  endfacet
  facet normal 0 -1 0
    outer loop
      vertex 48.0909 8.00987 5.99569
      vertex 56.8076 8.00987 6.39101
      vertex 48.1924 8.00987 6.39101
    endloop
  endfacet
  facet normal 0 -1 0
    outer loop
      vertex 48.0909 8.00987 5.99569
      vertex 56.9091 8.00987 5.99569
      vertex 56.8076 8.00987 6.39101
    endloop
  endfacet
  facet normal 0 -1 0
    outer loop
      vertex 47.9407 8.00987 5.61622
      vertex 56.9091 8.00987 5.99569
      vertex 48.0909 8.00987 5.99569
    endloop
  endfacet
  facet normal 0 -1 0
    outer loop
      vertex 47.9407 8.00987 5.61622
      vertex 57.0593 8.00987 5.61622
      vertex 56.9091 8.00987 5.99569
    endloop
  endfacet
  facet normal 0 -1 0
    outer loop
      vertex 47.7441 8.00987 5.25856
      vertex 57.0593 8.00987 5.61622
      vertex 47.9407 8.00987 5.61622
    endloop
  endfacet
  facet normal 0 -1 0
    outer loop
      vertex 47.7441 8.00987 5.25856
      vertex 57.2559 8.00987 5.25856
      vertex 57.0593 8.00987 5.61622
    endloop
  endfacet
  facet normal 0 -1 0
    outer loop
      vertex 47.5042 8.00987 4.92837
      vertex 57.2559 8.00987 5.25856
      vertex 47.7441 8.00987 5.25856
    endloop
  endfacet
  facet normal 0 -1 0
    outer loop
      vertex 47.5042 8.00987 4.92837
      vertex 57.4958 8.00987 4.92837
      vertex 57.2559 8.00987 5.25856
    endloop
  endfacet
  facet normal 0 -1 0
    outer loop
      vertex 47.2248 8.00987 4.63085
      vertex 57.4958 8.00987 4.92837
      vertex 47.5042 8.00987 4.92837
    endloop
  endfacet
  facet normal 0 -1 0
    outer loop
      vertex 47.2248 8.00987 4.63085
      vertex 57.7752 8.00987 4.63085
      vertex 57.4958 8.00987 4.92837
    endloop
  endfacet
  facet normal 0 -1 0
    outer loop
      vertex 46.9103 8.00987 4.37069
      vertex 57.7752 8.00987 4.63085
      vertex 47.2248 8.00987 4.63085
    endloop
  endfacet
  facet normal 0 -1 0
    outer loop
      vertex 46.9103 8.00987 4.37069
      vertex 58.0897 8.00987 4.37069
      vertex 57.7752 8.00987 4.63085
    endloop
  endfacet
  facet normal 0 -1 0
    outer loop
      vertex 46.5657 8.00987 4.152
      vertex 58.0897 8.00987 4.37069
      vertex 46.9103 8.00987 4.37069
    endloop
  endfacet
  facet normal 0 -1 0
    outer loop
      vertex 46.5657 8.00987 4.152
      vertex 58.4343 8.00987 4.152
      vertex 58.0897 8.00987 4.37069
    endloop
  endfacet
  facet normal 0 -1 0
    outer loop
      vertex 42.686 8.00987 0
      vertex 46.5657 8.00987 4.152
      vertex 46.1964 8.00987 3.97823
    endloop
  endfacet
  facet normal 0 -1 -0
    outer loop
      vertex 46.5657 8.00987 4.152
      vertex 42.686 8.00987 0
      vertex 58.4343 8.00987 4.152
    endloop
  endfacet
  facet normal 0 -1 0
    outer loop
      vertex 42.686 8.00987 0
      vertex 46.1964 8.00987 3.97823
      vertex 45.8082 8.00987 3.8521
    endloop
  endfacet
  facet normal 0 -1 -0
    outer loop
      vertex 58.4343 8.00987 4.152
      vertex 42.686 8.00987 0
      vertex 58.8036 8.00987 3.97823
    endloop
  endfacet
  facet normal 0 -1 0
    outer loop
      vertex 42.686 8.00987 0
      vertex 45.8082 8.00987 3.8521
      vertex 45.4073 8.00987 3.77563
    endloop
  endfacet
  facet normal 0 -1 -0
    outer loop
      vertex 58.8036 8.00987 3.97823
      vertex 42.686 8.00987 0
      vertex 59.1918 8.00987 3.8521
    endloop
  endfacet
  facet normal 0 -1 0
    outer loop
      vertex 42.686 8.00987 0
      vertex 45.4073 8.00987 3.77563
      vertex 45 8.00987 3.75
    endloop
  endfacet
  facet normal 0 -1 -0
    outer loop
      vertex 59.1918 8.00987 3.8521
      vertex 42.686 8.00987 0
      vertex 59.5927 8.00987 3.77563
    endloop
  endfacet
  facet normal 0 -1 0
    outer loop
      vertex 45.4073 8.00987 10.2244
      vertex 42.686 8.00987 14
      vertex 45 8.00987 10.25
    endloop
  endfacet
  facet normal 0 -1 0
    outer loop
      vertex 42.686 8.00987 14
      vertex 44.5927 8.00987 10.2244
      vertex 45 8.00987 10.25
    endloop
  endfacet
  facet normal 0 -1 0
    outer loop
      vertex 42.686 8.00987 14
      vertex 44.1918 8.00987 10.1479
      vertex 44.5927 8.00987 10.2244
    endloop
  endfacet
  facet normal 0 -1 0
    outer loop
      vertex 42.686 8.00987 14
      vertex 43.8036 8.00987 10.0218
      vertex 44.1918 8.00987 10.1479
    endloop
  endfacet
  facet normal 0 -1 0
    outer loop
      vertex 42.686 8.00987 14
      vertex 43.4343 8.00987 9.848
      vertex 43.8036 8.00987 10.0218
    endloop
  endfacet
  facet normal 0 -1 0
    outer loop
      vertex 42.686 8.00987 14
      vertex 43.0897 8.00987 9.6293
      vertex 43.4343 8.00987 9.848
    endloop
  endfacet
  facet normal 0 -1 0
    outer loop
      vertex 42.686 8.00987 14
      vertex 42.7752 8.00987 9.36915
      vertex 43.0897 8.00987 9.6293
    endloop
  endfacet
  facet normal -0 -1 0
    outer loop
      vertex 42.7752 8.00987 9.36915
      vertex 42.686 8.00987 14
      vertex 42.686 8.00987 9.27419
    endloop
  endfacet
  facet normal 0 -1 0
    outer loop
      vertex 42.686 8.00987 14
      vertex 60 8.00987 10.25
      vertex 77.3139 8.00987 14
    endloop
  endfacet
  facet normal 0 -1 0
    outer loop
      vertex 60.4073 8.00987 10.2244
      vertex 77.3139 8.00987 14
      vertex 60 8.00987 10.25
    endloop
  endfacet
  facet normal 0 -1 0
    outer loop
      vertex 75.4073 8.00987 10.2244
      vertex 77.3139 8.00987 14
      vertex 75 8.00987 10.25
    endloop
  endfacet
  facet normal 0 -1 0
    outer loop
      vertex 75.8082 8.00987 10.1479
      vertex 77.3139 8.00987 14
      vertex 75.4073 8.00987 10.2244
    endloop
  endfacet
  facet normal 0 -1 0
    outer loop
      vertex 76.1964 8.00987 10.0218
      vertex 77.3139 8.00987 14
      vertex 75.8082 8.00987 10.1479
    endloop
  endfacet
  facet normal 0 -1 0
    outer loop
      vertex 76.5657 8.00987 9.848
      vertex 77.3139 8.00987 14
      vertex 76.1964 8.00987 10.0218
    endloop
  endfacet
  facet normal 0 -1 0
    outer loop
      vertex 76.9103 8.00987 9.6293
      vertex 77.3139 8.00987 14
      vertex 76.5657 8.00987 9.848
    endloop
  endfacet
  facet normal 0 -1 0
    outer loop
      vertex 77.2248 8.00987 9.36915
      vertex 77.3139 8.00987 14
      vertex 76.9103 8.00987 9.6293
    endloop
  endfacet
  facet normal 0 -1 -0
    outer loop
      vertex 77.3139 8.00987 14
      vertex 77.2248 8.00987 9.36915
      vertex 77.3139 8.00987 9.27419
    endloop
  endfacet
  facet normal 0 -1 0
    outer loop
      vertex 60 8.00987 3.75
      vertex 77.3139 8.00987 0
      vertex 75 8.00987 3.75
    endloop
  endfacet
  facet normal 0 -1 0
    outer loop
      vertex 77.2248 8.00987 4.63085
      vertex 77.3139 8.00987 0
      vertex 77.3139 8.00987 4.72581
    endloop
  endfacet
  facet normal 0 -1 0
    outer loop
      vertex 76.9103 8.00987 4.37069
      vertex 77.3139 8.00987 0
      vertex 77.2248 8.00987 4.63085
    endloop
  endfacet
  facet normal 0 -1 0
    outer loop
      vertex 76.5657 8.00987 4.152
      vertex 77.3139 8.00987 0
      vertex 76.9103 8.00987 4.37069
    endloop
  endfacet
  facet normal 0 -1 0
    outer loop
      vertex 76.1964 8.00987 3.97823
      vertex 77.3139 8.00987 0
      vertex 76.5657 8.00987 4.152
    endloop
  endfacet
  facet normal 0 -1 0
    outer loop
      vertex 75.8082 8.00987 3.8521
      vertex 77.3139 8.00987 0
      vertex 76.1964 8.00987 3.97823
    endloop
  endfacet
  facet normal 0 -1 0
    outer loop
      vertex 75.4073 8.00987 3.77563
      vertex 77.3139 8.00987 0
      vertex 75.8082 8.00987 3.8521
    endloop
  endfacet
  facet normal 0 -1 0
    outer loop
      vertex 75 8.00987 3.75
      vertex 77.3139 8.00987 0
      vertex 75.4073 8.00987 3.77563
    endloop
  endfacet
  facet normal -0.125332 -0.992115 0
    outer loop
      vertex 42.0631 8.08856 14
      vertex 42.686 8.00987 9.27419
      vertex 42.686 8.00987 14
    endloop
  endfacet
  facet normal -0.125343 -0.992113 -1.40248e-06
    outer loop
      vertex 42.0631 8.08856 14
      vertex 42.4958 8.0339 9.07163
      vertex 42.686 8.00987 9.27419
    endloop
  endfacet
  facet normal -0.125309 -0.992118 1.59016e-06
    outer loop
      vertex 42.0631 8.08856 14
      vertex 42.2559 8.0642 8.74144
      vertex 42.4958 8.0339 9.07163
    endloop
  endfacet
  facet normal -0.125352 -0.992112 0
    outer loop
      vertex 42.2559 8.0642 8.74144
      vertex 42.0631 8.08856 14
      vertex 42.0631 8.08856 8.39066
    endloop
  endfacet
  facet normal -0.125352 -0.992112 0
    outer loop
      vertex 42.0631 8.08856 0
      vertex 42.2559 8.0642 5.25856
      vertex 42.0631 8.08856 5.60934
    endloop
  endfacet
  facet normal -0.125309 -0.992118 -1.59016e-06
    outer loop
      vertex 42.0631 8.08856 0
      vertex 42.4958 8.0339 4.92837
      vertex 42.2559 8.0642 5.25856
    endloop
  endfacet
  facet normal -0.125343 -0.992113 1.40248e-06
    outer loop
      vertex 42.0631 8.08856 0
      vertex 42.686 8.00987 4.72581
      vertex 42.4958 8.0339 4.92837
    endloop
  endfacet
  facet normal -0.125332 -0.992115 -0
    outer loop
      vertex 42.686 8.00987 4.72581
      vertex 42.0631 8.08856 0
      vertex 42.686 8.00987 0
    endloop
  endfacet
  facet normal 0.770555 -0.637374 -1.44457e-05
    outer loop
      vertex 80.6448 9.57726 0
      vertex 81.0451 10.0611 4.58978
      vertex 81.014 10.0235 4.65821
    endloop
  endfacet
  facet normal 0.770487 -0.637455 -1.23386e-06
    outer loop
      vertex 80.6448 9.57726 0
      vertex 81.014 10.0235 4.65821
      vertex 80.8036 9.76919 5.30041
    endloop
  endfacet
  facet normal 0.770509 -0.637429 -2.83549e-06
    outer loop
      vertex 80.6448 9.57726 0
      vertex 80.8036 9.76919 5.30041
      vertex 80.6615 9.59742 5.9694
    endloop
  endfacet
  facet normal 0.770097 -0.637927 0
    outer loop
      vertex 80.6448 9.57726 0
      vertex 80.6615 9.59742 5.9694
      vertex 80.6448 9.57726 6.12896
    endloop
  endfacet
  facet normal 0.770488 -0.637455 0
    outer loop
      vertex 81.0451 10.0611 4.58978
      vertex 80.6448 9.57726 0
      vertex 81.0451 10.0611 0
    endloop
  endfacet
  facet normal 0.770488 -0.637455 0
    outer loop
      vertex 80.6448 9.57726 14
      vertex 81.0451 10.0611 9.41022
      vertex 81.0451 10.0611 14
    endloop
  endfacet
  facet normal 0.770555 -0.637374 1.44457e-05
    outer loop
      vertex 81.0451 10.0611 9.41022
      vertex 80.6448 9.57726 14
      vertex 81.014 10.0235 9.34179
    endloop
  endfacet
  facet normal 0.770487 -0.637455 1.23386e-06
    outer loop
      vertex 81.014 10.0235 9.34179
      vertex 80.6448 9.57726 14
      vertex 80.8036 9.76919 8.69959
    endloop
  endfacet
  facet normal 0.770509 -0.637429 2.83549e-06
    outer loop
      vertex 80.8036 9.76919 8.69959
      vertex 80.6448 9.57726 14
      vertex 80.6615 9.59742 8.0306
    endloop
  endfacet
  facet normal 0.770097 -0.637927 0
    outer loop
      vertex 80.6615 9.59742 8.0306
      vertex 80.6448 9.57726 14
      vertex 80.6448 9.57726 7.87104
    endloop
  endfacet
  facet normal -0.248691 -0.968583 0
    outer loop
      vertex 41.4549 8.24472 14
      vertex 42.0631 8.08856 8.39066
      vertex 42.0631 8.08856 14
    endloop
  endfacet
  facet normal -0.247555 -0.968874 0.000131235
    outer loop
      vertex 41.4549 8.24472 14
      vertex 42.0593 8.08953 8.38378
      vertex 42.0631 8.08856 8.39066
    endloop
  endfacet
  facet normal -0.248764 -0.968564 -7.41512e-06
    outer loop
      vertex 41.4549 8.24472 14
      vertex 41.9091 8.12811 8.0043
      vertex 42.0593 8.08953 8.38378
    endloop
  endfacet
  facet normal -0.248681 -0.968586 -6.59969e-07
    outer loop
      vertex 41.4549 8.24472 14
      vertex 41.8076 8.15417 7.60899
      vertex 41.9091 8.12811 8.0043
    endloop
  endfacet
  facet normal -0.248487 -0.968635 1.07346e-05
    outer loop
      vertex 41.4549 8.24472 14
      vertex 41.7564 8.1673 7.20407
      vertex 41.8076 8.15417 7.60899
    endloop
  endfacet
  facet normal -0.248714 -0.968577 0
    outer loop
      vertex 41.4549 8.24472 14
      vertex 41.7564 8.1673 6.79593
      vertex 41.7564 8.1673 7.20407
    endloop
  endfacet
  facet normal -0.248714 -0.968577 0
    outer loop
      vertex 41.4549 8.24472 0
      vertex 41.7564 8.1673 6.79593
      vertex 41.4549 8.24472 14
    endloop
  endfacet
  facet normal -0.248487 -0.968635 -1.07346e-05
    outer loop
      vertex 41.4549 8.24472 0
      vertex 41.8076 8.15417 6.39101
      vertex 41.7564 8.1673 6.79593
    endloop
  endfacet
  facet normal -0.248681 -0.968586 6.59966e-07
    outer loop
      vertex 41.4549 8.24472 0
      vertex 41.9091 8.12811 5.99569
      vertex 41.8076 8.15417 6.39101
    endloop
  endfacet
  facet normal -0.248764 -0.968564 7.41516e-06
    outer loop
      vertex 41.4549 8.24472 0
      vertex 42.0593 8.08953 5.61622
      vertex 41.9091 8.12811 5.99569
    endloop
  endfacet
  facet normal -0.247555 -0.968874 -0.000131235
    outer loop
      vertex 41.4549 8.24472 0
      vertex 42.0631 8.08856 5.60934
      vertex 42.0593 8.08953 5.61622
    endloop
  endfacet
  facet normal -0.248691 -0.968583 -0
    outer loop
      vertex 42.0631 8.08856 5.60934
      vertex 41.4549 8.24472 0
      vertex 42.0631 8.08856 0
    endloop
  endfacet
  facet normal 0.368121 -0.929778 0
    outer loop
      vertex 78.5451 8.24472 0
      vertex 79.1289 8.47586 14
      vertex 78.5451 8.24472 14
    endloop
  endfacet
  facet normal 0.368121 -0.929778 0
    outer loop
      vertex 79.1289 8.47586 14
      vertex 78.5451 8.24472 0
      vertex 79.1289 8.47586 0
    endloop
  endfacet
  facet normal 0.951033 -0.30909 2.23684e-05
    outer loop
      vertex 81.6489 11.1594 0
      vertex 81.8429 11.7565 2.5592
      vertex 81.6734 11.235 2.99067
    endloop
  endfacet
  facet normal 0.951293 -0.308289 0
    outer loop
      vertex 81.6489 11.1594 0
      vertex 81.6734 11.235 2.99067
      vertex 81.6489 11.1594 3.07119
    endloop
  endfacet
  facet normal 0.951061 -0.309003 0
    outer loop
      vertex 81.8429 11.7565 2.5592
      vertex 81.6489 11.1594 0
      vertex 81.8429 11.7565 0
    endloop
  endfacet
  facet normal 0.951061 -0.309003 0
    outer loop
      vertex 81.6489 11.1594 14
      vertex 81.8429 11.7565 11.4408
      vertex 81.8429 11.7565 14
    endloop
  endfacet
  facet normal 0.951033 -0.30909 -2.23682e-05
    outer loop
      vertex 81.8429 11.7565 11.4408
      vertex 81.6489 11.1594 14
      vertex 81.6734 11.235 11.0093
    endloop
  endfacet
  facet normal 0.951293 -0.308289 0
    outer loop
      vertex 81.6734 11.235 11.0093
      vertex 81.6489 11.1594 14
      vertex 81.6489 11.1594 10.9288
    endloop
  endfacet
  facet normal 0.982065 -0.188541 0.000323991
    outer loop
      vertex 81.8429 11.7565 0
      vertex 81.9606 12.3733 2.1695
      vertex 81.9562 12.3504 2.18031
    endloop
  endfacet
  facet normal 0.982274 -0.18745 1.61434e-05
    outer loop
      vertex 81.8429 11.7565 0
      vertex 81.9562 12.3504 2.18031
      vertex 81.8449 11.7672 2.55041
    endloop
  endfacet
  facet normal 0.982976 -0.183734 0
    outer loop
      vertex 81.8429 11.7565 0
      vertex 81.8449 11.7672 2.55041
      vertex 81.8429 11.7565 2.5592
    endloop
  endfacet
  facet normal 0.982276 -0.187441 0
    outer loop
      vertex 81.9606 12.3733 2.1695
      vertex 81.8429 11.7565 0
      vertex 81.9606 12.3733 0
    endloop
  endfacet
  facet normal 0.982276 -0.187441 0
    outer loop
      vertex 81.8429 11.7565 14
      vertex 81.9606 12.3733 11.8305
      vertex 81.9606 12.3733 14
    endloop
  endfacet
  facet normal 0.982065 -0.188541 -0.000324026
    outer loop
      vertex 81.9606 12.3733 11.8305
      vertex 81.8429 11.7565 14
      vertex 81.9562 12.3504 11.8197
    endloop
  endfacet
  facet normal 0.982274 -0.18745 -1.61434e-05
    outer loop
      vertex 81.9562 12.3504 11.8197
      vertex 81.8429 11.7565 14
      vertex 81.8449 11.7672 11.4496
    endloop
  endfacet
  facet normal 0.982976 -0.183734 0
    outer loop
      vertex 81.8449 11.7672 11.4496
      vertex 81.8429 11.7565 14
      vertex 81.8429 11.7565 11.4408
    endloop
  endfacet
  facet normal 0.844378 -0.535748 -1.29649e-05
    outer loop
      vertex 81.0451 10.0611 0
      vertex 81.3815 10.5912 3.72946
      vertex 81.2324 10.3562 4.05295
    endloop
  endfacet
  facet normal 0.844297 -0.535875 0
    outer loop
      vertex 81.0451 10.0611 0
      vertex 81.2324 10.3562 4.05295
      vertex 81.0451 10.0611 4.58978
    endloop
  endfacet
  facet normal 0.844336 -0.535814 0
    outer loop
      vertex 81.3815 10.5912 3.72946
      vertex 81.0451 10.0611 0
      vertex 81.3815 10.5912 0
    endloop
  endfacet
  facet normal 0.844336 -0.535814 0
    outer loop
      vertex 81.0451 10.0611 14
      vertex 81.3815 10.5912 10.2705
      vertex 81.3815 10.5912 14
    endloop
  endfacet
  facet normal 0.844378 -0.535748 1.29651e-05
    outer loop
      vertex 81.3815 10.5912 10.2705
      vertex 81.0451 10.0611 14
      vertex 81.2324 10.3562 9.94705
    endloop
  endfacet
  facet normal 0.844297 -0.535875 0
    outer loop
      vertex 81.2324 10.3562 9.94705
      vertex 81.0451 10.0611 14
      vertex 81.0451 10.0611 9.41022
    endloop
  endfacet
  facet normal -0.368121 -0.929778 0
    outer loop
      vertex 40.8711 8.47586 0
      vertex 41.4549 8.24472 14
      vertex 40.8711 8.47586 14
    endloop
  endfacet
  facet normal -0.368121 -0.929778 -0
    outer loop
      vertex 41.4549 8.24472 14
      vertex 40.8711 8.47586 0
      vertex 41.4549 8.24472 0
    endloop
  endfacet
  facet normal 0.997909 -0.0646418 0
    outer loop
      vertex 81.9984 12.9753 1.88623
      vertex 82 13 0
      vertex 82 13 1.87821
    endloop
  endfacet
  facet normal 0.998034 -0.0626673 0
    outer loop
      vertex 81.9606 12.3733 0
      vertex 81.9984 12.9753 1.88623
      vertex 81.9606 12.3733 2.1695
    endloop
  endfacet
  facet normal 0.99803 -0.0627451 2.49402e-05
    outer loop
      vertex 81.9984 12.9753 1.88623
      vertex 81.9606 12.3733 0
      vertex 82 13 0
    endloop
  endfacet
  facet normal 0.997909 -0.0646418 0
    outer loop
      vertex 82 13 14
      vertex 81.9984 12.9753 12.1138
      vertex 82 13 12.1218
    endloop
  endfacet
  facet normal 0.99803 -0.0627451 -2.49406e-05
    outer loop
      vertex 81.9606 12.3733 14
      vertex 81.9984 12.9753 12.1138
      vertex 82 13 14
    endloop
  endfacet
  facet normal 0.998034 -0.0626673 0
    outer loop
      vertex 81.9984 12.9753 12.1138
      vertex 81.9606 12.3733 14
      vertex 81.9606 12.3733 11.8305
    endloop
  endfacet
  facet normal 0.90483 -0.425772 -9.10894e-06
    outer loop
      vertex 81.3815 10.5912 0
      vertex 81.6489 11.1594 3.07119
      vertex 81.462 10.7622 3.49417
    endloop
  endfacet
  facet normal 0.904759 -0.425924 0
    outer loop
      vertex 81.3815 10.5912 0
      vertex 81.462 10.7622 3.49417
      vertex 81.3815 10.5912 3.72946
    endloop
  endfacet
  facet normal 0.904811 -0.425812 0
    outer loop
      vertex 81.6489 11.1594 3.07119
      vertex 81.3815 10.5912 0
      vertex 81.6489 11.1594 0
    endloop
  endfacet
  facet normal 0.904811 -0.425812 0
    outer loop
      vertex 81.3815 10.5912 14
      vertex 81.6489 11.1594 10.9288
      vertex 81.6489 11.1594 14
    endloop
  endfacet
  facet normal 0.90483 -0.425772 9.10885e-06
    outer loop
      vertex 81.6489 11.1594 10.9288
      vertex 81.3815 10.5912 14
      vertex 81.462 10.7622 10.5058
    endloop
  endfacet
  facet normal 0.904759 -0.425924 0
    outer loop
      vertex 81.462 10.7622 10.5058
      vertex 81.3815 10.5912 14
      vertex 81.3815 10.5912 10.2705
    endloop
  endfacet
  facet normal 0.248691 -0.968583 0
    outer loop
      vertex 77.9369 8.08856 8.39066
      vertex 78.5451 8.24472 14
      vertex 77.9369 8.08856 14
    endloop
  endfacet
  facet normal 0.247555 -0.968874 0.000131235
    outer loop
      vertex 77.9407 8.08953 8.38378
      vertex 78.5451 8.24472 14
      vertex 77.9369 8.08856 8.39066
    endloop
  endfacet
  facet normal 0.248764 -0.968564 -7.41512e-06
    outer loop
      vertex 78.0909 8.12811 8.0043
      vertex 78.5451 8.24472 14
      vertex 77.9407 8.08953 8.38378
    endloop
  endfacet
  facet normal 0.248681 -0.968586 -6.59969e-07
    outer loop
      vertex 78.1924 8.15417 7.60899
      vertex 78.5451 8.24472 14
      vertex 78.0909 8.12811 8.0043
    endloop
  endfacet
  facet normal 0.248487 -0.968635 1.07346e-05
    outer loop
      vertex 78.2436 8.1673 7.20407
      vertex 78.5451 8.24472 14
      vertex 78.1924 8.15417 7.60899
    endloop
  endfacet
  facet normal 0.248714 -0.968577 0
    outer loop
      vertex 78.2436 8.1673 6.79593
      vertex 78.5451 8.24472 14
      vertex 78.2436 8.1673 7.20407
    endloop
  endfacet
  facet normal 0.248691 -0.968583 0
    outer loop
      vertex 78.5451 8.24472 0
      vertex 77.9369 8.08856 5.60934
      vertex 77.9369 8.08856 0
    endloop
  endfacet
  facet normal 0.247555 -0.968874 -0.000131235
    outer loop
      vertex 77.9369 8.08856 5.60934
      vertex 78.5451 8.24472 0
      vertex 77.9407 8.08953 5.61622
    endloop
  endfacet
  facet normal 0.248764 -0.968564 7.41516e-06
    outer loop
      vertex 77.9407 8.08953 5.61622
      vertex 78.5451 8.24472 0
      vertex 78.0909 8.12811 5.99569
    endloop
  endfacet
  facet normal 0.248681 -0.968586 6.59966e-07
    outer loop
      vertex 78.0909 8.12811 5.99569
      vertex 78.5451 8.24472 0
      vertex 78.1924 8.15417 6.39101
    endloop
  endfacet
  facet normal 0.248714 -0.968577 0
    outer loop
      vertex 78.2436 8.1673 6.79593
      vertex 78.5451 8.24472 0
      vertex 78.5451 8.24472 14
    endloop
  endfacet
  facet normal 0.248487 -0.968635 -1.07346e-05
    outer loop
      vertex 78.1924 8.15417 6.39101
      vertex 78.5451 8.24472 0
      vertex 78.2436 8.1673 6.79593
    endloop
  endfacet
  facet normal 0.481784 -0.87629 0
    outer loop
      vertex 79.1289 8.47586 0
      vertex 79.6791 8.77836 14
      vertex 79.1289 8.47586 14
    endloop
  endfacet
  facet normal 0.481784 -0.87629 0
    outer loop
      vertex 79.6791 8.77836 14
      vertex 79.1289 8.47586 0
      vertex 79.6791 8.77836 0
    endloop
  endfacet
  facet normal 0.587771 -0.809027 0
    outer loop
      vertex 79.6791 8.77836 0
      vertex 80.1871 9.14743 14
      vertex 79.6791 8.77836 14
    endloop
  endfacet
  facet normal 0.587771 -0.809027 0
    outer loop
      vertex 80.1871 9.14743 14
      vertex 79.6791 8.77836 0
      vertex 80.1871 9.14743 0
    endloop
  endfacet
  facet normal 0.125313 -0.992117 0
    outer loop
      vertex 77.3139 8.00987 9.27419
      vertex 77.9369 8.08856 14
      vertex 77.3139 8.00987 14
    endloop
  endfacet
  facet normal 0.125284 -0.992121 3.88619e-06
    outer loop
      vertex 77.5042 8.0339 9.07163
      vertex 77.9369 8.08856 14
      vertex 77.3139 8.00987 9.27419
    endloop
  endfacet
  facet normal 0.125309 -0.992118 1.59016e-06
    outer loop
      vertex 77.7441 8.0642 8.74144
      vertex 77.9369 8.08856 14
      vertex 77.5042 8.0339 9.07163
    endloop
  endfacet
  facet normal 0.125352 -0.992112 0
    outer loop
      vertex 77.9369 8.08856 14
      vertex 77.7441 8.0642 8.74144
      vertex 77.9369 8.08856 8.39066
    endloop
  endfacet
  facet normal 0.125313 -0.992117 0
    outer loop
      vertex 77.9369 8.08856 0
      vertex 77.3139 8.00987 4.72581
      vertex 77.3139 8.00987 0
    endloop
  endfacet
  facet normal 0.125284 -0.992121 -3.88619e-06
    outer loop
      vertex 77.3139 8.00987 4.72581
      vertex 77.9369 8.08856 0
      vertex 77.5042 8.0339 4.92837
    endloop
  endfacet
  facet normal 0.125309 -0.992118 -1.59016e-06
    outer loop
      vertex 77.5042 8.0339 4.92837
      vertex 77.9369 8.08856 0
      vertex 77.7441 8.0642 5.25856
    endloop
  endfacet
  facet normal 0.125352 -0.992112 0
    outer loop
      vertex 77.7441 8.0642 5.25856
      vertex 77.9369 8.08856 0
      vertex 77.9369 8.08856 5.60934
    endloop
  endfacet
  facet normal -0.481733 -0.876318 0
    outer loop
      vertex 40.5089 8.67497 0
      vertex 40.8711 8.47586 14
      vertex 40.5089 8.67497 14
    endloop
  endfacet
  facet normal -0.481733 -0.876318 -0
    outer loop
      vertex 40.8711 8.47586 14
      vertex 40.5089 8.67497 0
      vertex 40.8711 8.47586 0
    endloop
  endfacet
  facet normal 0.684565 -0.728952 0
    outer loop
      vertex 80.1871 9.14743 14
      vertex 80.6448 9.57726 7.87104
      vertex 80.6448 9.57726 14
    endloop
  endfacet
  facet normal 0.684618 -0.728902 7.43692e-06
    outer loop
      vertex 80.1871 9.14743 14
      vertex 80.5741 9.51085 7.34535
      vertex 80.6448 9.57726 7.87104
    endloop
  endfacet
  facet normal 0.68455 -0.728966 0
    outer loop
      vertex 80.1871 9.14743 14
      vertex 80.5741 9.51085 6.65465
      vertex 80.5741 9.51085 7.34535
    endloop
  endfacet
  facet normal 0.68455 -0.728966 0
    outer loop
      vertex 80.1871 9.14743 0
      vertex 80.5741 9.51085 6.65465
      vertex 80.1871 9.14743 14
    endloop
  endfacet
  facet normal 0.684618 -0.728902 -7.43692e-06
    outer loop
      vertex 80.1871 9.14743 0
      vertex 80.6448 9.57726 6.12896
      vertex 80.5741 9.51085 6.65465
    endloop
  endfacet
  facet normal 0.684565 -0.728952 0
    outer loop
      vertex 80.6448 9.57726 6.12896
      vertex 80.1871 9.14743 0
      vertex 80.6448 9.57726 0
    endloop
  endfacet
  facet normal 0.547027 0.533601 0.645005
    outer loop
      vertex -72.2 -31.8825 4.99534
      vertex -68 -33.2328 2.55041
      vertex -72.2 -31.6164 4.7752
    endloop
  endfacet
  facet normal 0.547029 0.533586 0.645016
    outer loop
      vertex -68 -33.2328 2.55041
      vertex -72.2 -31.8825 4.99534
      vertex -68 -33.765 2.99067
    endloop
  endfacet
  facet normal 0.547029 -0.0525663 0.835462
    outer loop
      vertex -68 -30 1.5
      vertex -68 -29.3107 1.54337
      vertex -72.2 -30 4.25
    endloop
  endfacet
  facet normal 0.547027 -0.0525467 0.835464
    outer loop
      vertex -68 -29.3107 1.54337
      vertex -72.2 -29.6553 4.27168
      vertex -72.2 -30 4.25
    endloop
  endfacet
  facet normal 0.547027 0.0525467 0.835464
    outer loop
      vertex -68 -30.6893 1.54337
      vertex -72.2 -30 4.25
      vertex -72.2 -30.3447 4.27168
    endloop
  endfacet
  facet normal 0.547023 0.156824 -0.822297
    outer loop
      vertex -68 -30.6893 12.4566
      vertex -68 -31.3678 12.3272
      vertex -72.2 -30.3447 9.72832
    endloop
  endfacet
  facet normal 0.547028 -0.830524 -0.104838
    outer loop
      vertex -72.2 -27.2987 7.5153
      vertex -68 -24.5109 7.34535
      vertex -68 -24.5974 8.0306
    endloop
  endfacet
  facet normal 0.547018 -0.830515 -0.104957
    outer loop
      vertex -68 -24.5109 7.34535
      vertex -72.2 -27.2987 7.5153
      vertex -72.2 -27.2554 7.17267
    endloop
  endfacet
  facet normal 0.547022 0.830512 0.104956
    outer loop
      vertex -68.7219 -35.0174 6.68433
      vertex -72.2 -32.7013 6.4847
      vertex -72.2 -32.7446 6.82733
    endloop
  endfacet
  facet normal 0.547023 0.830513 0.104949
    outer loop
      vertex -72.2 -32.7013 6.4847
      vertex -68.7219 -35.0174 6.68433
      vertex -68.6461 -34.987 6.04867
    endloop
  endfacet
  facet normal 0.547029 0.258718 0.796131
    outer loop
      vertex -72.2 -31.0123 4.44312
      vertex -68 -31.3678 1.67279
      vertex -72.2 -30.6839 4.3364
    endloop
  endfacet
  facet normal 0.547032 0.258682 0.796141
    outer loop
      vertex -68 -31.3678 1.67279
      vertex -72.2 -31.0123 4.44312
      vertex -68 -32.0247 1.88623
    endloop
  endfacet
  facet normal 0.547029 0.0525663 0.835462
    outer loop
      vertex -68 -30.6893 1.54337
      vertex -68 -30 1.5
      vertex -72.2 -30 4.25
    endloop
  endfacet
  facet normal 0.547025 0.677237 -0.492051
    outer loop
      vertex -72.2 -32.1189 8.75292
      vertex -68 -34.2378 10.5058
      vertex -72.2 -32.3219 8.47352
    endloop
  endfacet
  facet normal 0.547026 0.610242 -0.573034
    outer loop
      vertex -68 -33.765 11.0093
      vertex -68 -34.2378 10.5058
      vertex -72.2 -31.8825 9.00466
    endloop
  endfacet
  facet normal 0.547028 -0.533601 -0.645004
    outer loop
      vertex -72.2 -28.1175 9.00466
      vertex -68 -26.7672 11.4496
      vertex -72.2 -28.3836 9.2248
    endloop
  endfacet
  facet normal 0.547026 -0.533616 -0.644993
    outer loop
      vertex -68 -26.7672 11.4496
      vertex -72.2 -28.1175 9.00466
      vertex -68 -26.235 11.0093
    endloop
  endfacet
  facet normal 0.547027 0.44854 0.706805
    outer loop
      vertex -68 -33.2328 2.55041
      vertex -68 -32.6496 2.18031
      vertex -72.2 -31.6164 4.7752
    endloop
  endfacet
  facet normal 0.547027 0.778354 0.308103
    outer loop
      vertex -68.2577 -34.8317 4.74976
      vertex -72.2 -32.4883 5.82911
      vertex -72.2 -32.6154 6.1502
    endloop
  endfacet
  facet normal 0.547101 0.777182 0.310917
    outer loop
      vertex -72.2 -32.4883 5.82911
      vertex -68.2577 -34.8317 4.74976
      vertex -68.2498 -34.8285 4.72786
    endloop
  endfacet
  facet normal 0.547055 0.733564 0.403256
    outer loop
      vertex -68 -34.6438 4.05295
      vertex -68.2402 -34.8247 4.70788
      vertex -68 -34.7286 4.20721
    endloop
  endfacet
  facet normal 0.547028 0.733586 0.403252
    outer loop
      vertex -68.2402 -34.8247 4.70788
      vertex -68 -34.6438 4.05295
      vertex -72.2 -32.3219 5.52648
    endloop
  endfacet
  facet normal 0.547031 0.356469 -0.757421
    outer loop
      vertex -72.2 -31.3248 9.40984
      vertex -68 -32.0247 12.1138
      vertex -68 -32.6496 11.8197
    endloop
  endfacet
  facet normal 0.547037 0.356401 -0.757449
    outer loop
      vertex -68 -32.0247 12.1138
      vertex -72.2 -31.3248 9.40984
      vertex -72.2 -31.0123 9.55688
    endloop
  endfacet
  facet normal 0.547146 0.811053 -0.206939
    outer loop
      vertex -68.6461 -34.987 7.95133
      vertex -72.2 -32.6154 7.8498
      vertex -68.6337 -34.9821 8.00332
    endloop
  endfacet
  facet normal 0.547021 0.81081 -0.208217
    outer loop
      vertex -72.2 -32.6154 7.8498
      vertex -68.6461 -34.987 7.95133
      vertex -72.2 -32.7013 7.5153
    endloop
  endfacet
  facet normal 0.547018 -0.778359 -0.308105
    outer loop
      vertex -72.2 -27.3846 7.8498
      vertex -68 -25.0235 9.34179
      vertex -72.2 -27.5117 8.17089
    endloop
  endfacet
  facet normal 0.547029 -0.810805 -0.208219
    outer loop
      vertex -68 -24.5974 8.0306
      vertex -68 -24.7692 8.69959
      vertex -72.2 -27.3846 7.8498
    endloop
  endfacet
  facet normal 0.547029 -0.156893 -0.82228
    outer loop
      vertex -72.2 -29.3161 9.6636
      vertex -68 -28.6322 12.3272
      vertex -72.2 -29.6553 9.72832
    endloop
  endfacet
  facet normal 0.547027 0.156847 0.82229
    outer loop
      vertex -68 -31.3678 1.67279
      vertex -68 -30.6893 1.54337
      vertex -72.2 -30.3447 4.27168
    endloop
  endfacet
  facet normal 0.547033 0.356402 0.757451
    outer loop
      vertex -72.2 -31.3248 4.59016
      vertex -68 -32.0247 1.88623
      vertex -72.2 -31.0123 4.44312
    endloop
  endfacet
  facet normal 0.547029 0.35645 0.757432
    outer loop
      vertex -68 -32.0247 1.88623
      vertex -72.2 -31.3248 4.59016
      vertex -68 -32.6496 2.18031
    endloop
  endfacet
  facet normal 0.547027 0.61023 0.573045
    outer loop
      vertex -68 -34.2378 3.49417
      vertex -72.2 -31.8825 4.99534
      vertex -72.2 -32.1189 5.24708
    endloop
  endfacet
  facet normal 0.547028 0.610241 0.573032
    outer loop
      vertex -68 -34.2378 3.49417
      vertex -68 -33.765 2.99067
      vertex -72.2 -31.8825 4.99534
    endloop
  endfacet
  facet normal 0.547034 0.258638 -0.796153
    outer loop
      vertex -72.2 -31.0123 9.55688
      vertex -68 -31.3678 12.3272
      vertex -68 -32.0247 12.1138
    endloop
  endfacet
  facet normal 0.547027 0.258719 -0.796132
    outer loop
      vertex -68 -31.3678 12.3272
      vertex -72.2 -31.0123 9.55688
      vertex -72.2 -30.6839 9.6636
    endloop
  endfacet
  facet normal 0.547032 0.810797 -0.208241
    outer loop
      vertex -68.4911 -34.925 8.60024
      vertex -68.6337 -34.9821 8.00332
      vertex -72.2 -32.6154 7.8498
    endloop
  endfacet
  facet normal 0.547023 0.830513 -0.104949
    outer loop
      vertex -68.7219 -35.0174 7.31567
      vertex -72.2 -32.7013 7.5153
      vertex -68.6461 -34.987 7.95133
    endloop
  endfacet
  facet normal 0.547022 0.830512 -0.104956
    outer loop
      vertex -72.2 -32.7013 7.5153
      vertex -68.7219 -35.0174 7.31567
      vertex -72.2 -32.7446 7.17267
    endloop
  endfacet
  facet normal 0.547031 0.778333 -0.308147
    outer loop
      vertex -68.2577 -34.8317 9.25024
      vertex -68.4911 -34.925 8.60024
      vertex -72.2 -32.6154 7.8498
    endloop
  endfacet
  facet normal 0.547101 0.777182 -0.310917
    outer loop
      vertex -68.2577 -34.8317 9.25024
      vertex -72.2 -32.4883 8.17089
      vertex -68.2498 -34.8285 9.27214
    endloop
  endfacet
  facet normal 0.547027 0.778354 -0.308103
    outer loop
      vertex -72.2 -32.4883 8.17089
      vertex -68.2577 -34.8317 9.25024
      vertex -72.2 -32.6154 7.8498
    endloop
  endfacet
  facet normal 0.547027 -0.778316 0.308199
    outer loop
      vertex -68 -25.0235 4.65821
      vertex -68 -24.7692 5.30041
      vertex -72.2 -27.3846 6.1502
    endloop
  endfacet
  facet normal 0.547018 -0.837121 0
    outer loop
      vertex -72.2 -27.2554 6.82733
      vertex -68 -24.5109 7.34535
      vertex -72.2 -27.2554 7.17267
    endloop
  endfacet
  facet normal 0.547018 -0.837121 0
    outer loop
      vertex -68 -24.5109 7.34535
      vertex -72.2 -27.2554 6.82733
      vertex -68 -24.5109 6.65465
    endloop
  endfacet
  facet normal 0.547027 -0.61023 0.573045
    outer loop
      vertex -68 -25.7622 3.49417
      vertex -72.2 -27.8811 5.24708
      vertex -72.2 -28.1175 4.99534
    endloop
  endfacet
  facet normal 0.547029 -0.810805 -0.208216
    outer loop
      vertex -72.2 -27.2987 7.5153
      vertex -68 -24.5974 8.0306
      vertex -72.2 -27.3846 7.8498
    endloop
  endfacet
  facet normal 0.547025 -0.677237 -0.492051
    outer loop
      vertex -72.2 -27.6781 8.47352
      vertex -68 -25.7622 10.5058
      vertex -72.2 -27.8811 8.75292
    endloop
  endfacet
  facet normal 0.547028 0.0526026 -0.83546
    outer loop
      vertex -68 -30 12.5
      vertex -68 -30.6893 12.4566
      vertex -72.2 -30 9.75
    endloop
  endfacet
  facet normal 0.547026 -0.610242 -0.573034
    outer loop
      vertex -68 -25.7622 10.5058
      vertex -68 -26.235 11.0093
      vertex -72.2 -28.1175 9.00466
    endloop
  endfacet
  facet normal 0.547028 -0.677214 -0.492079
    outer loop
      vertex -68 -25.3562 9.94705
      vertex -68 -25.7622 10.5058
      vertex -72.2 -27.6781 8.47352
    endloop
  endfacet
  facet normal 0.547028 -0.733592 -0.403242
    outer loop
      vertex -68 -25.0235 9.34179
      vertex -68 -25.3562 9.94705
      vertex -72.2 -27.6781 8.47352
    endloop
  endfacet
  facet normal 0.547028 -0.44854 -0.706804
    outer loop
      vertex -68 -26.7672 11.4496
      vertex -68 -27.3504 11.8197
      vertex -72.2 -28.3836 9.2248
    endloop
  endfacet
  facet normal 0.547031 0.156892 0.822279
    outer loop
      vertex -68 -31.3678 1.67279
      vertex -72.2 -30.3447 4.27168
      vertex -72.2 -30.6839 4.3364
    endloop
  endfacet
  facet normal 0.547029 0.448522 0.706815
    outer loop
      vertex -68 -32.6496 2.18031
      vertex -72.2 -31.3248 4.59016
      vertex -72.2 -31.6164 4.7752
    endloop
  endfacet
  facet normal 0.547028 0.677227 0.492061
    outer loop
      vertex -68 -34.6438 4.05295
      vertex -68 -34.2378 3.49417
      vertex -72.2 -32.3219 5.52648
    endloop
  endfacet
  facet normal 0.547027 0.677236 0.49205
    outer loop
      vertex -68 -34.2378 3.49417
      vertex -72.2 -32.1189 5.24708
      vertex -72.2 -32.3219 5.52648
    endloop
  endfacet
  facet normal 0.547016 0.733547 0.403338
    outer loop
      vertex -68.2498 -34.8285 4.72786
      vertex -72.2 -32.3219 5.52648
      vertex -72.2 -32.4883 5.82911
    endloop
  endfacet
  facet normal 0.547103 0.733962 0.402465
    outer loop
      vertex -72.2 -32.3219 5.52648
      vertex -68.2498 -34.8285 4.72786
      vertex -68.2402 -34.8247 4.70788
    endloop
  endfacet
  facet normal 0.547032 0.810797 0.208241
    outer loop
      vertex -68.6337 -34.9821 5.99668
      vertex -68.4911 -34.925 5.39976
      vertex -72.2 -32.6154 6.1502
    endloop
  endfacet
  facet normal 0.547031 0.778333 0.308147
    outer loop
      vertex -68.4911 -34.925 5.39976
      vertex -68.2577 -34.8317 4.74976
      vertex -72.2 -32.6154 6.1502
    endloop
  endfacet
  facet normal 0.547021 0.81081 0.208217
    outer loop
      vertex -68.6461 -34.987 6.04867
      vertex -72.2 -32.6154 6.1502
      vertex -72.2 -32.7013 6.4847
    endloop
  endfacet
  facet normal 0.547146 0.811053 0.206939
    outer loop
      vertex -72.2 -32.6154 6.1502
      vertex -68.6461 -34.987 6.04867
      vertex -68.6337 -34.9821 5.99668
    endloop
  endfacet
  facet normal 0.547026 0.533616 -0.644993
    outer loop
      vertex -72.2 -31.8825 9.00466
      vertex -68 -33.2328 11.4496
      vertex -68 -33.765 11.0093
    endloop
  endfacet
  facet normal 0.547028 0.533601 -0.645004
    outer loop
      vertex -68 -33.2328 11.4496
      vertex -72.2 -31.8825 9.00466
      vertex -72.2 -31.6164 9.2248
    endloop
  endfacet
  facet normal 0.547029 0.156893 -0.82228
    outer loop
      vertex -72.2 -30.3447 9.72832
      vertex -68 -31.3678 12.3272
      vertex -72.2 -30.6839 9.6636
    endloop
  endfacet
  facet normal 0.547055 0.733564 -0.403256
    outer loop
      vertex -68.2402 -34.8247 9.29212
      vertex -68 -34.6438 9.94705
      vertex -68 -34.7286 9.79279
    endloop
  endfacet
  facet normal 0.547028 0.733586 -0.403252
    outer loop
      vertex -68 -34.6438 9.94705
      vertex -68.2402 -34.8247 9.29212
      vertex -72.2 -32.3219 8.47352
    endloop
  endfacet
  facet normal 0.547028 0.677214 -0.492079
    outer loop
      vertex -68 -34.2378 10.5058
      vertex -68 -34.6438 9.94705
      vertex -72.2 -32.3219 8.47352
    endloop
  endfacet
  facet normal 0.547023 0.837118 0
    outer loop
      vertex -68.7219 -35.0174 7.31567
      vertex -72.2 -32.7446 6.82733
      vertex -72.2 -32.7446 7.17267
    endloop
  endfacet
  facet normal 0.547023 0.837118 0
    outer loop
      vertex -72.2 -32.7446 6.82733
      vertex -68.7219 -35.0174 7.31567
      vertex -68.7219 -35.0174 6.68433
    endloop
  endfacet
  facet normal 0.547028 -0.733592 0.403242
    outer loop
      vertex -68 -25.3562 4.05295
      vertex -68 -25.0235 4.65821
      vertex -72.2 -27.6781 5.52648
    endloop
  endfacet
  facet normal 0.547028 -0.677227 0.492061
    outer loop
      vertex -68 -25.7622 3.49417
      vertex -68 -25.3562 4.05295
      vertex -72.2 -27.6781 5.52648
    endloop
  endfacet
  facet normal 0.547027 -0.677236 0.49205
    outer loop
      vertex -68 -25.7622 3.49417
      vertex -72.2 -27.6781 5.52648
      vertex -72.2 -27.8811 5.24708
    endloop
  endfacet
  facet normal 0.547028 -0.610241 0.573032
    outer loop
      vertex -68 -26.235 2.99067
      vertex -68 -25.7622 3.49417
      vertex -72.2 -28.1175 4.99534
    endloop
  endfacet
  facet normal 0.547029 -0.35645 0.757432
    outer loop
      vertex -72.2 -28.6752 4.59016
      vertex -68 -27.9753 1.88623
      vertex -68 -27.3504 2.18031
    endloop
  endfacet
  facet normal 0.547033 -0.356402 0.757451
    outer loop
      vertex -68 -27.9753 1.88623
      vertex -72.2 -28.6752 4.59016
      vertex -72.2 -28.9877 4.44312
    endloop
  endfacet
  facet normal 0.547027 -0.156847 0.82229
    outer loop
      vertex -68 -29.3107 1.54337
      vertex -68 -28.6322 1.67279
      vertex -72.2 -29.6553 4.27168
    endloop
  endfacet
  facet normal 0.547027 -0.778316 -0.308199
    outer loop
      vertex -68 -24.7692 8.69959
      vertex -68 -25.0235 9.34179
      vertex -72.2 -27.3846 7.8498
    endloop
  endfacet
  facet normal 0.547023 -0.156824 -0.822297
    outer loop
      vertex -68 -28.6322 12.3272
      vertex -68 -29.3107 12.4566
      vertex -72.2 -29.6553 9.72832
    endloop
  endfacet
  facet normal 0.547027 -0.258719 -0.796132
    outer loop
      vertex -72.2 -28.9877 9.55688
      vertex -68 -28.6322 12.3272
      vertex -72.2 -29.3161 9.6636
    endloop
  endfacet
  facet normal 0.547034 -0.258638 -0.796153
    outer loop
      vertex -68 -28.6322 12.3272
      vertex -72.2 -28.9877 9.55688
      vertex -68 -27.9753 12.1138
    endloop
  endfacet
  facet normal 0.547018 -0.733546 -0.403338
    outer loop
      vertex -72.2 -27.5117 8.17089
      vertex -68 -25.0235 9.34179
      vertex -72.2 -27.6781 8.47352
    endloop
  endfacet
  facet normal 0.547024 -0.610231 -0.573046
    outer loop
      vertex -72.2 -27.8811 8.75292
      vertex -68 -25.7622 10.5058
      vertex -72.2 -28.1175 9.00466
    endloop
  endfacet
  facet normal 0.547037 -0.356401 -0.757449
    outer loop
      vertex -72.2 -28.6752 9.40984
      vertex -68 -27.9753 12.1138
      vertex -72.2 -28.9877 9.55688
    endloop
  endfacet
  facet normal 0.547031 -0.356469 -0.757421
    outer loop
      vertex -68 -27.9753 12.1138
      vertex -72.2 -28.6752 9.40984
      vertex -68 -27.3504 11.8197
    endloop
  endfacet
  facet normal 0.547024 0.610231 -0.573046
    outer loop
      vertex -72.2 -31.8825 9.00466
      vertex -68 -34.2378 10.5058
      vertex -72.2 -32.1189 8.75292
    endloop
  endfacet
  facet normal 0.547028 0.44854 -0.706804
    outer loop
      vertex -68 -32.6496 11.8197
      vertex -68 -33.2328 11.4496
      vertex -72.2 -31.6164 9.2248
    endloop
  endfacet
  facet normal 0.54703 0.448522 -0.706814
    outer loop
      vertex -72.2 -31.3248 9.40984
      vertex -68 -32.6496 11.8197
      vertex -72.2 -31.6164 9.2248
    endloop
  endfacet
  facet normal 0.547103 0.733962 -0.402465
    outer loop
      vertex -68.2498 -34.8285 9.27214
      vertex -72.2 -32.3219 8.47352
      vertex -68.2402 -34.8247 9.29212
    endloop
  endfacet
  facet normal 0.547016 0.733547 -0.403338
    outer loop
      vertex -72.2 -32.3219 8.47352
      vertex -68.2498 -34.8285 9.27214
      vertex -72.2 -32.4883 8.17089
    endloop
  endfacet
  facet normal 0.547029 -0.810805 0.208219
    outer loop
      vertex -68 -24.7692 5.30041
      vertex -68 -24.5974 5.9694
      vertex -72.2 -27.3846 6.1502
    endloop
  endfacet
  facet normal 0.547018 -0.733546 0.403338
    outer loop
      vertex -68 -25.0235 4.65821
      vertex -72.2 -27.5117 5.82911
      vertex -72.2 -27.6781 5.52648
    endloop
  endfacet
  facet normal 0.547029 -0.810805 0.208216
    outer loop
      vertex -68 -24.5974 5.9694
      vertex -72.2 -27.2987 6.4847
      vertex -72.2 -27.3846 6.1502
    endloop
  endfacet
  facet normal 0.547032 -0.258682 0.796141
    outer loop
      vertex -72.2 -28.9877 4.44312
      vertex -68 -28.6322 1.67279
      vertex -68 -27.9753 1.88623
    endloop
  endfacet
  facet normal 0.547029 -0.258718 0.796131
    outer loop
      vertex -68 -28.6322 1.67279
      vertex -72.2 -28.9877 4.44312
      vertex -72.2 -29.3161 4.3364
    endloop
  endfacet
  facet normal 0.547031 -0.156892 0.822279
    outer loop
      vertex -68 -28.6322 1.67279
      vertex -72.2 -29.3161 4.3364
      vertex -72.2 -29.6553 4.27168
    endloop
  endfacet
  facet normal 0.547028 -0.0526026 -0.83546
    outer loop
      vertex -68 -29.3107 12.4566
      vertex -68 -30 12.5
      vertex -72.2 -30 9.75
    endloop
  endfacet
  facet normal 0.547023 -0.0525469 -0.835467
    outer loop
      vertex -72.2 -29.6553 9.72832
      vertex -68 -29.3107 12.4566
      vertex -72.2 -30 9.75
    endloop
  endfacet
  facet normal 0.54703 -0.448522 -0.706814
    outer loop
      vertex -72.2 -28.3836 9.2248
      vertex -68 -27.3504 11.8197
      vertex -72.2 -28.6752 9.40984
    endloop
  endfacet
  facet normal 0.547018 -0.778359 0.308105
    outer loop
      vertex -68 -25.0235 4.65821
      vertex -72.2 -27.3846 6.1502
      vertex -72.2 -27.5117 5.82911
    endloop
  endfacet
  facet normal 0.547018 -0.830515 0.104957
    outer loop
      vertex -72.2 -27.2987 6.4847
      vertex -68 -24.5109 6.65465
      vertex -72.2 -27.2554 6.82733
    endloop
  endfacet
  facet normal 0.547028 -0.830524 0.104838
    outer loop
      vertex -68 -24.5109 6.65465
      vertex -72.2 -27.2987 6.4847
      vertex -68 -24.5974 5.9694
    endloop
  endfacet
  facet normal 0.547029 -0.533586 0.645016
    outer loop
      vertex -72.2 -28.1175 4.99534
      vertex -68 -26.7672 2.55041
      vertex -68 -26.235 2.99067
    endloop
  endfacet
  facet normal 0.547027 -0.533601 0.645005
    outer loop
      vertex -68 -26.7672 2.55041
      vertex -72.2 -28.1175 4.99534
      vertex -72.2 -28.3836 4.7752
    endloop
  endfacet
  facet normal 0.547027 -0.44854 0.706805
    outer loop
      vertex -68 -27.3504 2.18031
      vertex -68 -26.7672 2.55041
      vertex -72.2 -28.3836 4.7752
    endloop
  endfacet
  facet normal 0.547023 0.0525469 -0.835467
    outer loop
      vertex -72.2 -30 9.75
      vertex -68 -30.6893 12.4566
      vertex -72.2 -30.3447 9.72832
    endloop
  endfacet
  facet normal 0.547029 -0.448522 0.706815
    outer loop
      vertex -68 -27.3504 2.18031
      vertex -72.2 -28.3836 4.7752
      vertex -72.2 -28.6752 4.59016
    endloop
  endfacet
  facet normal 0 -0.425808 0.904813
    outer loop
      vertex -68 -27.3504 2.18031
      vertex -51.1168 -27.9753 1.88623
      vertex -49.5544 -27.3504 2.18031
    endloop
  endfacet
  facet normal 0 -0.425808 0.904813
    outer loop
      vertex -51.1168 -27.9753 1.88623
      vertex -68 -27.3504 2.18031
      vertex -68 -27.9753 1.88623
    endloop
  endfacet
  facet normal 0 -0.535817 0.844334
    outer loop
      vertex -68 -26.7672 2.55041
      vertex -49.5544 -27.3504 2.18031
      vertex -48.0964 -26.7672 2.55041
    endloop
  endfacet
  facet normal 0 -0.535817 0.844334
    outer loop
      vertex -49.5544 -27.3504 2.18031
      vertex -68 -26.7672 2.55041
      vertex -68 -27.3504 2.18031
    endloop
  endfacet
  facet normal 0 -0.968572 0.248734
    outer loop
      vertex -43.1015 -24.7692 5.30041
      vertex -68 -24.5974 5.9694
      vertex -68 -24.7692 5.30041
    endloop
  endfacet
  facet normal 0 -0.968572 0.248734
    outer loop
      vertex -68 -24.5974 5.9694
      vertex -43.1015 -24.7692 5.30041
      vertex -42.672 -24.5974 5.9694
    endloop
  endfacet
  facet normal 0 -0.929759 0.368168
    outer loop
      vertex -43.7371 -25.0235 4.65821
      vertex -68 -24.7692 5.30041
      vertex -68 -25.0235 4.65821
    endloop
  endfacet
  facet normal 0 -0.929759 0.368168
    outer loop
      vertex -68 -24.7692 5.30041
      vertex -43.7371 -25.0235 4.65821
      vertex -43.1015 -24.7692 5.30041
    endloop
  endfacet
  facet normal 0 -0.929759 -0.368168
    outer loop
      vertex -68 -24.7692 8.69959
      vertex -43.7371 -25.0235 9.34179
      vertex -68 -25.0235 9.34179
    endloop
  endfacet
  facet normal 0 -0.929759 -0.368168
    outer loop
      vertex -43.7371 -25.0235 9.34179
      vertex -68 -24.7692 8.69959
      vertex -43.1015 -24.7692 8.69959
    endloop
  endfacet
  facet normal 0 -0.425832 -0.904802
    outer loop
      vertex -68 -27.3504 11.8197
      vertex -51.1168 -27.9753 12.1138
      vertex -68 -27.9753 12.1138
    endloop
  endfacet
  facet normal 0 -0.425832 -0.904802
    outer loop
      vertex -51.1168 -27.9753 12.1138
      vertex -68 -27.3504 11.8197
      vertex -49.5544 -27.3504 11.8197
    endloop
  endfacet
  facet normal -0 0.0627947 0.998026
    outer loop
      vertex -68 -30 1.5
      vertex -57.9018 -30.6893 1.54337
      vertex -56.1785 -30 1.5
    endloop
  endfacet
  facet normal 0 0.0627947 0.998026
    outer loop
      vertex -57.9018 -30.6893 1.54337
      vertex -68 -30 1.5
      vertex -68 -30.6893 1.54337
    endloop
  endfacet
  facet normal 0 -0.728982 0.684533
    outer loop
      vertex -46.766 -26.235 2.99067
      vertex -68 -25.7622 3.49417
      vertex -68 -26.235 2.99067
    endloop
  endfacet
  facet normal 0 -0.728982 0.684533
    outer loop
      vertex -68 -25.7622 3.49417
      vertex -46.766 -26.235 2.99067
      vertex -45.5839 -25.7622 3.49417
    endloop
  endfacet
  facet normal 0 -0.876334 0.481704
    outer loop
      vertex -44.569 -25.3562 4.05295
      vertex -68 -25.0235 4.65821
      vertex -68 -25.3562 4.05295
    endloop
  endfacet
  facet normal 0 -0.876334 0.481704
    outer loop
      vertex -68 -25.0235 4.65821
      vertex -44.569 -25.3562 4.05295
      vertex -43.7371 -25.0235 4.65821
    endloop
  endfacet
  facet normal 0 -0.062838 -0.998024
    outer loop
      vertex -68 -29.3107 12.4566
      vertex -56.1785 -30 12.5
      vertex -68 -30 12.5
    endloop
  endfacet
  facet normal 0 -0.062838 -0.998024
    outer loop
      vertex -56.1785 -30 12.5
      vertex -68 -29.3107 12.4566
      vertex -54.4552 -29.3107 12.4566
    endloop
  endfacet
  facet normal 0 -0.637446 -0.770495
    outer loop
      vertex -68 -26.235 11.0093
      vertex -48.0964 -26.7672 11.4496
      vertex -68 -26.7672 11.4496
    endloop
  endfacet
  facet normal 0 -0.637446 -0.770495
    outer loop
      vertex -48.0964 -26.7672 11.4496
      vertex -68 -26.235 11.0093
      vertex -46.766 -26.235 11.0093
    endloop
  endfacet
  facet normal 0 -0.992127 -0.125237
    outer loop
      vertex -68 -24.5109 7.34535
      vertex -42.672 -24.5974 8.0306
      vertex -68 -24.5974 8.0306
    endloop
  endfacet
  facet normal 0 -0.992127 -0.125237
    outer loop
      vertex -42.672 -24.5974 8.0306
      vertex -68 -24.5109 7.34535
      vertex -42.4556 -24.5109 7.34535
    endloop
  endfacet
  facet normal 0 -0.728982 -0.684533
    outer loop
      vertex -68 -25.7622 10.5058
      vertex -46.766 -26.235 11.0093
      vertex -68 -26.235 11.0093
    endloop
  endfacet
  facet normal 0 -0.728982 -0.684533
    outer loop
      vertex -46.766 -26.235 11.0093
      vertex -68 -25.7622 10.5058
      vertex -45.5839 -25.7622 10.5058
    endloop
  endfacet
  facet normal -0 0.425808 0.904813
    outer loop
      vertex -68 -32.0247 1.88623
      vertex -62.8026 -32.6496 2.18031
      vertex -61.2402 -32.0247 1.88623
    endloop
  endfacet
  facet normal 0 0.425808 0.904813
    outer loop
      vertex -62.8026 -32.6496 2.18031
      vertex -68 -32.0247 1.88623
      vertex -68 -32.6496 2.18031
    endloop
  endfacet
  facet normal 0 -0.187366 0.98229
    outer loop
      vertex -68 -28.6322 1.67279
      vertex -54.4552 -29.3107 1.54337
      vertex -52.759 -28.6322 1.67279
    endloop
  endfacet
  facet normal 0 -0.187366 0.98229
    outer loop
      vertex -54.4552 -29.3107 1.54337
      vertex -68 -28.6322 1.67279
      vertex -68 -29.3107 1.54337
    endloop
  endfacet
  facet normal 0 -0.309017 0.951056
    outer loop
      vertex -68 -27.9753 1.88623
      vertex -52.759 -28.6322 1.67279
      vertex -51.1168 -27.9753 1.88623
    endloop
  endfacet
  facet normal 0 -0.309017 0.951056
    outer loop
      vertex -52.759 -28.6322 1.67279
      vertex -68 -27.9753 1.88623
      vertex -68 -28.6322 1.67279
    endloop
  endfacet
  facet normal 0 -0.637412 0.770523
    outer loop
      vertex -68 -26.235 2.99067
      vertex -48.0964 -26.7672 2.55041
      vertex -46.766 -26.235 2.99067
    endloop
  endfacet
  facet normal 0 -0.637412 0.770523
    outer loop
      vertex -48.0964 -26.7672 2.55041
      vertex -68 -26.235 2.99067
      vertex -68 -26.7672 2.55041
    endloop
  endfacet
  facet normal 0 -1 0
    outer loop
      vertex -68 -24.5109 6.65465
      vertex -42.4556 -24.5109 7.34535
      vertex -68 -24.5109 7.34535
    endloop
  endfacet
  facet normal 0 -1 -0
    outer loop
      vertex -42.4556 -24.5109 7.34535
      vertex -68 -24.5109 6.65465
      vertex -42.4556 -24.5109 6.65465
    endloop
  endfacet
  facet normal 0 -0.809001 0.587807
    outer loop
      vertex -45.5839 -25.7622 3.49417
      vertex -68 -25.3562 4.05295
      vertex -68 -25.7622 3.49417
    endloop
  endfacet
  facet normal 0 -0.809001 0.587807
    outer loop
      vertex -68 -25.3562 4.05295
      vertex -45.5839 -25.7622 3.49417
      vertex -44.569 -25.3562 4.05295
    endloop
  endfacet
  facet normal 0 -0.308965 -0.951073
    outer loop
      vertex -68 -27.9753 12.1138
      vertex -52.759 -28.6322 12.3272
      vertex -68 -28.6322 12.3272
    endloop
  endfacet
  facet normal 0 -0.308965 -0.951073
    outer loop
      vertex -52.759 -28.6322 12.3272
      vertex -68 -27.9753 12.1138
      vertex -51.1168 -27.9753 12.1138
    endloop
  endfacet
  facet normal 0 -0.187338 -0.982295
    outer loop
      vertex -68 -28.6322 12.3272
      vertex -54.4552 -29.3107 12.4566
      vertex -68 -29.3107 12.4566
    endloop
  endfacet
  facet normal 0 -0.187338 -0.982295
    outer loop
      vertex -54.4552 -29.3107 12.4566
      vertex -68 -28.6322 12.3272
      vertex -52.759 -28.6322 12.3272
    endloop
  endfacet
  facet normal 0 -0.535817 -0.844334
    outer loop
      vertex -68 -26.7672 11.4496
      vertex -49.5544 -27.3504 11.8197
      vertex -68 -27.3504 11.8197
    endloop
  endfacet
  facet normal 0 -0.535817 -0.844334
    outer loop
      vertex -49.5544 -27.3504 11.8197
      vertex -68 -26.7672 11.4496
      vertex -48.0964 -26.7672 11.4496
    endloop
  endfacet
  facet normal 0 -0.968572 -0.248734
    outer loop
      vertex -68 -24.5974 8.0306
      vertex -43.1015 -24.7692 8.69959
      vertex -68 -24.7692 8.69959
    endloop
  endfacet
  facet normal 0 -0.968572 -0.248734
    outer loop
      vertex -43.1015 -24.7692 8.69959
      vertex -68 -24.5974 8.0306
      vertex -42.672 -24.5974 8.0306
    endloop
  endfacet
  facet normal 0 -0.808986 -0.587827
    outer loop
      vertex -68 -25.3562 9.94705
      vertex -45.5839 -25.7622 10.5058
      vertex -68 -25.7622 10.5058
    endloop
  endfacet
  facet normal 0 -0.808986 -0.587827
    outer loop
      vertex -45.5839 -25.7622 10.5058
      vertex -68 -25.3562 9.94705
      vertex -44.569 -25.3562 9.94705
    endloop
  endfacet
  facet normal 0 -0.876334 -0.481704
    outer loop
      vertex -68 -25.0235 9.34179
      vertex -44.569 -25.3562 9.94705
      vertex -68 -25.3562 9.94705
    endloop
  endfacet
  facet normal 0 -0.876334 -0.481704
    outer loop
      vertex -44.569 -25.3562 9.94705
      vertex -68 -25.0235 9.34179
      vertex -43.7371 -25.0235 9.34179
    endloop
  endfacet
  facet normal 0 -0.0627947 0.998026
    outer loop
      vertex -68 -29.3107 1.54337
      vertex -56.1785 -30 1.5
      vertex -54.4552 -29.3107 1.54337
    endloop
  endfacet
  facet normal 0 -0.0627947 0.998026
    outer loop
      vertex -56.1785 -30 1.5
      vertex -68 -29.3107 1.54337
      vertex -68 -30 1.5
    endloop
  endfacet
  facet normal -0 0.309017 0.951056
    outer loop
      vertex -68 -31.3678 1.67279
      vertex -61.2402 -32.0247 1.88623
      vertex -59.598 -31.3678 1.67279
    endloop
  endfacet
  facet normal 0 0.309017 0.951056
    outer loop
      vertex -61.2402 -32.0247 1.88623
      vertex -68 -31.3678 1.67279
      vertex -68 -32.0247 1.88623
    endloop
  endfacet
  facet normal 0 0.425832 -0.904802
    outer loop
      vertex -68 -32.0247 12.1138
      vertex -62.8026 -32.6496 11.8197
      vertex -68 -32.6496 11.8197
    endloop
  endfacet
  facet normal 0 0.425832 -0.904802
    outer loop
      vertex -62.8026 -32.6496 11.8197
      vertex -68 -32.0247 12.1138
      vertex -61.2402 -32.0247 12.1138
    endloop
  endfacet
  facet normal 0 -0.992127 0.125237
    outer loop
      vertex -42.672 -24.5974 5.9694
      vertex -68 -24.5109 6.65465
      vertex -68 -24.5974 5.9694
    endloop
  endfacet
  facet normal 0 -0.992127 0.125237
    outer loop
      vertex -68 -24.5109 6.65465
      vertex -42.672 -24.5974 5.9694
      vertex -42.4556 -24.5109 6.65465
    endloop
  endfacet
  facet normal -0 0.187366 0.98229
    outer loop
      vertex -68 -30.6893 1.54337
      vertex -59.598 -31.3678 1.67279
      vertex -57.9018 -30.6893 1.54337
    endloop
  endfacet
  facet normal 0 0.187366 0.98229
    outer loop
      vertex -59.598 -31.3678 1.67279
      vertex -68 -30.6893 1.54337
      vertex -68 -31.3678 1.67279
    endloop
  endfacet
  facet normal -0 0.728982 0.684533
    outer loop
      vertex -68 -33.765 2.99067
      vertex -66.773 -34.2378 3.49417
      vertex -65.591 -33.765 2.99067
    endloop
  endfacet
  facet normal 0 0.728982 0.684533
    outer loop
      vertex -66.773 -34.2378 3.49417
      vertex -68 -33.765 2.99067
      vertex -68 -34.2378 3.49417
    endloop
  endfacet
  facet normal -0 0.637412 0.770523
    outer loop
      vertex -68 -33.2328 2.55041
      vertex -65.591 -33.765 2.99067
      vertex -64.2605 -33.2328 2.55041
    endloop
  endfacet
  facet normal 0 0.637412 0.770523
    outer loop
      vertex -65.591 -33.765 2.99067
      vertex -68 -33.2328 2.55041
      vertex -68 -33.765 2.99067
    endloop
  endfacet
  facet normal 0 0.308965 -0.951073
    outer loop
      vertex -68 -31.3678 12.3272
      vertex -61.2402 -32.0247 12.1138
      vertex -68 -32.0247 12.1138
    endloop
  endfacet
  facet normal 0 0.308965 -0.951073
    outer loop
      vertex -61.2402 -32.0247 12.1138
      vertex -68 -31.3678 12.3272
      vertex -59.598 -31.3678 12.3272
    endloop
  endfacet
  facet normal 0 0.187338 -0.982295
    outer loop
      vertex -68 -30.6893 12.4566
      vertex -59.598 -31.3678 12.3272
      vertex -68 -31.3678 12.3272
    endloop
  endfacet
  facet normal 0 0.187338 -0.982295
    outer loop
      vertex -59.598 -31.3678 12.3272
      vertex -68 -30.6893 12.4566
      vertex -57.9018 -30.6893 12.4566
    endloop
  endfacet
  facet normal 0 0.062838 -0.998024
    outer loop
      vertex -68 -30 12.5
      vertex -57.9018 -30.6893 12.4566
      vertex -68 -30.6893 12.4566
    endloop
  endfacet
  facet normal 0 0.062838 -0.998024
    outer loop
      vertex -57.9018 -30.6893 12.4566
      vertex -68 -30 12.5
      vertex -56.1785 -30 12.5
    endloop
  endfacet
  facet normal -0 0.809001 0.587807
    outer loop
      vertex -68 -34.2378 3.49417
      vertex -67.788 -34.6438 4.05295
      vertex -66.773 -34.2378 3.49417
    endloop
  endfacet
  facet normal 0 0.809001 0.587807
    outer loop
      vertex -67.788 -34.6438 4.05295
      vertex -68 -34.2378 3.49417
      vertex -68 -34.6438 4.05295
    endloop
  endfacet
  facet normal 0 0.876319 0.481731
    outer loop
      vertex -67.788 -34.6438 4.05295
      vertex -68 -34.6438 4.05295
      vertex -68 -34.7286 4.20721
    endloop
  endfacet
  facet normal -0 0.535817 0.844334
    outer loop
      vertex -68 -32.6496 2.18031
      vertex -64.2605 -33.2328 2.55041
      vertex -62.8026 -32.6496 2.18031
    endloop
  endfacet
  facet normal 0 0.535817 0.844334
    outer loop
      vertex -64.2605 -33.2328 2.55041
      vertex -68 -32.6496 2.18031
      vertex -68 -33.2328 2.55041
    endloop
  endfacet
  facet normal 0 0.637446 -0.770495
    outer loop
      vertex -68 -33.2328 11.4496
      vertex -65.591 -33.765 11.0093
      vertex -68 -33.765 11.0093
    endloop
  endfacet
  facet normal 0 0.637446 -0.770495
    outer loop
      vertex -65.591 -33.765 11.0093
      vertex -68 -33.2328 11.4496
      vertex -64.2605 -33.2328 11.4496
    endloop
  endfacet
  facet normal 0 0.728982 -0.684533
    outer loop
      vertex -66.773 -34.2378 10.5058
      vertex -68 -33.765 11.0093
      vertex -65.591 -33.765 11.0093
    endloop
  endfacet
  facet normal 0 0.728982 -0.684533
    outer loop
      vertex -68 -33.765 11.0093
      vertex -66.773 -34.2378 10.5058
      vertex -68 -34.2378 10.5058
    endloop
  endfacet
  facet normal 0 0.535817 -0.844334
    outer loop
      vertex -68 -32.6496 11.8197
      vertex -64.2605 -33.2328 11.4496
      vertex -68 -33.2328 11.4496
    endloop
  endfacet
  facet normal 0 0.535817 -0.844334
    outer loop
      vertex -64.2605 -33.2328 11.4496
      vertex -68 -32.6496 11.8197
      vertex -62.8026 -32.6496 11.8197
    endloop
  endfacet
  facet normal 0 0.876319 -0.481731
    outer loop
      vertex -68 -34.6438 9.94705
      vertex -67.788 -34.6438 9.94705
      vertex -68 -34.7286 9.79279
    endloop
  endfacet
  facet normal 0 0.808986 -0.587827
    outer loop
      vertex -67.788 -34.6438 9.94705
      vertex -68 -34.2378 10.5058
      vertex -66.773 -34.2378 10.5058
    endloop
  endfacet
  facet normal 0 0.808986 -0.587827
    outer loop
      vertex -68 -34.2378 10.5058
      vertex -67.788 -34.6438 9.94705
      vertex -68 -34.6438 9.94705
    endloop
  endfacet
  facet normal 0 -0.425752 0.90484
    outer loop
      vertex -82 -28.6752 4.59016
      vertex -72.2 -28.9877 4.44312
      vertex -72.2 -28.6752 4.59016
    endloop
  endfacet
  facet normal 0 -0.425752 0.90484
    outer loop
      vertex -72.2 -28.9877 4.44312
      vertex -82 -28.6752 4.59016
      vertex -82 -28.9877 4.44312
    endloop
  endfacet
  facet normal 0 -0.535796 0.844348
    outer loop
      vertex -82 -28.3836 4.7752
      vertex -72.2 -28.6752 4.59016
      vertex -72.2 -28.3836 4.7752
    endloop
  endfacet
  facet normal 0 -0.535796 0.844348
    outer loop
      vertex -72.2 -28.6752 4.59016
      vertex -82 -28.3836 4.7752
      vertex -82 -28.6752 4.59016
    endloop
  endfacet
  facet normal 0 -0.929805 0.368053
    outer loop
      vertex -82 -27.5117 5.82911
      vertex -72.2 -27.3846 6.1502
      vertex -82 -27.3846 6.1502
    endloop
  endfacet
  facet normal 0 -0.929805 0.368053
    outer loop
      vertex -72.2 -27.3846 6.1502
      vertex -82 -27.5117 5.82911
      vertex -72.2 -27.5117 5.82911
    endloop
  endfacet
  facet normal 0 -0.929805 -0.368053
    outer loop
      vertex -82 -27.3846 7.8498
      vertex -72.2 -27.5117 8.17089
      vertex -82 -27.5117 8.17089
    endloop
  endfacet
  facet normal 0 -0.929805 -0.368053
    outer loop
      vertex -72.2 -27.5117 8.17089
      vertex -82 -27.3846 7.8498
      vertex -72.2 -27.3846 7.8498
    endloop
  endfacet
  facet normal 0 -0.425752 -0.90484
    outer loop
      vertex -82 -28.9877 9.55688
      vertex -72.2 -28.6752 9.40984
      vertex -72.2 -28.9877 9.55688
    endloop
  endfacet
  facet normal -0 -0.425752 -0.90484
    outer loop
      vertex -72.2 -28.6752 9.40984
      vertex -82 -28.9877 9.55688
      vertex -82 -28.6752 9.40984
    endloop
  endfacet
  facet normal -0 0.0627712 0.998028
    outer loop
      vertex -82 -30 4.25
      vertex -72.2 -30.3447 4.27168
      vertex -72.2 -30 4.25
    endloop
  endfacet
  facet normal 0 0.0627712 0.998028
    outer loop
      vertex -72.2 -30.3447 4.27168
      vertex -82 -30 4.25
      vertex -82 -30.3447 4.27168
    endloop
  endfacet
  facet normal 0 -0.728968 0.684548
    outer loop
      vertex -82 -28.1175 4.99534
      vertex -72.2 -27.8811 5.24708
      vertex -82 -27.8811 5.24708
    endloop
  endfacet
  facet normal 0 -0.728968 0.684548
    outer loop
      vertex -72.2 -27.8811 5.24708
      vertex -82 -28.1175 4.99534
      vertex -72.2 -28.1175 4.99534
    endloop
  endfacet
  facet normal 0 -1 0
    outer loop
      vertex -82 -27.2554 6.82733
      vertex -72.2 -27.2554 7.17267
      vertex -82 -27.2554 7.17267
    endloop
  endfacet
  facet normal 0 -1 -0
    outer loop
      vertex -72.2 -27.2554 7.17267
      vertex -82 -27.2554 6.82733
      vertex -72.2 -27.2554 6.82733
    endloop
  endfacet
  facet normal 0 -0.809011 0.587793
    outer loop
      vertex -82 -27.8811 5.24708
      vertex -72.2 -27.6781 5.52648
      vertex -82 -27.6781 5.52648
    endloop
  endfacet
  facet normal 0 -0.809011 0.587793
    outer loop
      vertex -72.2 -27.6781 5.52648
      vertex -82 -27.8811 5.24708
      vertex -72.2 -27.8811 5.24708
    endloop
  endfacet
  facet normal 0 -0.0627712 -0.998028
    outer loop
      vertex -82 -30 9.75
      vertex -72.2 -29.6553 9.72832
      vertex -72.2 -30 9.75
    endloop
  endfacet
  facet normal -0 -0.0627712 -0.998028
    outer loop
      vertex -72.2 -29.6553 9.72832
      vertex -82 -30 9.75
      vertex -82 -29.6553 9.72832
    endloop
  endfacet
  facet normal 0 -0.637429 -0.770509
    outer loop
      vertex -82 -28.3836 9.2248
      vertex -72.2 -28.1175 9.00466
      vertex -72.2 -28.3836 9.2248
    endloop
  endfacet
  facet normal -0 -0.637429 -0.770509
    outer loop
      vertex -72.2 -28.1175 9.00466
      vertex -82 -28.3836 9.2248
      vertex -82 -28.1175 9.00466
    endloop
  endfacet
  facet normal 0 -0.876273 -0.481815
    outer loop
      vertex -82 -27.5117 8.17089
      vertex -72.2 -27.6781 8.47352
      vertex -82 -27.6781 8.47352
    endloop
  endfacet
  facet normal 0 -0.876273 -0.481815
    outer loop
      vertex -72.2 -27.6781 8.47352
      vertex -82 -27.5117 8.17089
      vertex -72.2 -27.5117 8.17089
    endloop
  endfacet
  facet normal 0 -0.968573 -0.248731
    outer loop
      vertex -82 -27.2987 7.5153
      vertex -72.2 -27.3846 7.8498
      vertex -82 -27.3846 7.8498
    endloop
  endfacet
  facet normal 0 -0.968573 -0.248731
    outer loop
      vertex -72.2 -27.3846 7.8498
      vertex -82 -27.2987 7.5153
      vertex -72.2 -27.2987 7.5153
    endloop
  endfacet
  facet normal -0 0.425752 0.90484
    outer loop
      vertex -82 -31.0123 4.44312
      vertex -72.2 -31.3248 4.59016
      vertex -72.2 -31.0123 4.44312
    endloop
  endfacet
  facet normal 0 0.425752 0.90484
    outer loop
      vertex -72.2 -31.3248 4.59016
      vertex -82 -31.0123 4.44312
      vertex -82 -31.3248 4.59016
    endloop
  endfacet
  facet normal 0 0.728968 -0.684548
    outer loop
      vertex -81.9925 -32.1189 8.75292
      vertex -82 -31.8825 9.00466
      vertex -72.2 -31.8825 9.00466
    endloop
  endfacet
  facet normal 0 0.728968 -0.684548
    outer loop
      vertex -81.9925 -32.1189 8.75292
      vertex -72.2 -31.8825 9.00466
      vertex -72.2 -32.1189 8.75292
    endloop
  endfacet
  facet normal -0.000840505 0.728955 -0.684561
    outer loop
      vertex -82 -31.8825 9.00466
      vertex -81.9925 -32.1189 8.75292
      vertex -82 -32 8.87954
    endloop
  endfacet
  facet normal 0 0.425752 -0.90484
    outer loop
      vertex -82 -31.3248 9.40984
      vertex -72.2 -31.0123 9.55688
      vertex -72.2 -31.3248 9.40984
    endloop
  endfacet
  facet normal 0 0.425752 -0.90484
    outer loop
      vertex -72.2 -31.0123 9.55688
      vertex -82 -31.3248 9.40984
      vertex -82 -31.0123 9.55688
    endloop
  endfacet
  facet normal 0 0.876273 0.481815
    outer loop
      vertex -72.2 -32.3219 5.52648
      vertex -81.9693 -32.4883 5.82911
      vertex -72.2 -32.4883 5.82911
    endloop
  endfacet
  facet normal 0 0.876273 0.481815
    outer loop
      vertex -81.9693 -32.4883 5.82911
      vertex -72.2 -32.3219 5.52648
      vertex -81.9797 -32.3219 5.52648
    endloop
  endfacet
  facet normal 0 -0.30906 0.951043
    outer loop
      vertex -82 -28.9877 4.44312
      vertex -72.2 -29.3161 4.3364
      vertex -72.2 -28.9877 4.44312
    endloop
  endfacet
  facet normal 0 -0.30906 0.951043
    outer loop
      vertex -72.2 -29.3161 4.3364
      vertex -82 -28.9877 4.44312
      vertex -82 -29.3161 4.3364
    endloop
  endfacet
  facet normal 0 -0.637429 0.770509
    outer loop
      vertex -82 -28.1175 4.99534
      vertex -72.2 -28.3836 4.7752
      vertex -72.2 -28.1175 4.99534
    endloop
  endfacet
  facet normal 0 -0.637429 0.770509
    outer loop
      vertex -72.2 -28.3836 4.7752
      vertex -82 -28.1175 4.99534
      vertex -82 -28.3836 4.7752
    endloop
  endfacet
  facet normal 0 -0.968573 0.248731
    outer loop
      vertex -82 -27.3846 6.1502
      vertex -72.2 -27.2987 6.4847
      vertex -82 -27.2987 6.4847
    endloop
  endfacet
  facet normal 0 -0.968573 0.248731
    outer loop
      vertex -72.2 -27.2987 6.4847
      vertex -82 -27.3846 6.1502
      vertex -72.2 -27.3846 6.1502
    endloop
  endfacet
  facet normal 0 -0.992109 0.125378
    outer loop
      vertex -82 -27.2987 6.4847
      vertex -72.2 -27.2554 6.82733
      vertex -82 -27.2554 6.82733
    endloop
  endfacet
  facet normal 0 -0.992109 0.125378
    outer loop
      vertex -72.2 -27.2554 6.82733
      vertex -82 -27.2987 6.4847
      vertex -72.2 -27.2987 6.4847
    endloop
  endfacet
  facet normal 0 -0.876273 0.481815
    outer loop
      vertex -82 -27.6781 5.52648
      vertex -72.2 -27.5117 5.82911
      vertex -82 -27.5117 5.82911
    endloop
  endfacet
  facet normal 0 -0.876273 0.481815
    outer loop
      vertex -72.2 -27.5117 5.82911
      vertex -82 -27.6781 5.52648
      vertex -72.2 -27.6781 5.52648
    endloop
  endfacet
  facet normal 0 -0.30906 -0.951043
    outer loop
      vertex -82 -29.3161 9.6636
      vertex -72.2 -28.9877 9.55688
      vertex -72.2 -29.3161 9.6636
    endloop
  endfacet
  facet normal -0 -0.30906 -0.951043
    outer loop
      vertex -72.2 -28.9877 9.55688
      vertex -82 -29.3161 9.6636
      vertex -82 -28.9877 9.55688
    endloop
  endfacet
  facet normal 0 -0.187421 -0.98228
    outer loop
      vertex -82 -29.6553 9.72832
      vertex -72.2 -29.3161 9.6636
      vertex -72.2 -29.6553 9.72832
    endloop
  endfacet
  facet normal -0 -0.187421 -0.98228
    outer loop
      vertex -72.2 -29.3161 9.6636
      vertex -82 -29.6553 9.72832
      vertex -82 -29.3161 9.6636
    endloop
  endfacet
  facet normal 0 -0.535796 -0.844348
    outer loop
      vertex -82 -28.6752 9.40984
      vertex -72.2 -28.3836 9.2248
      vertex -72.2 -28.6752 9.40984
    endloop
  endfacet
  facet normal -0 -0.535796 -0.844348
    outer loop
      vertex -72.2 -28.3836 9.2248
      vertex -82 -28.6752 9.40984
      vertex -82 -28.3836 9.2248
    endloop
  endfacet
  facet normal 0 -0.992109 -0.125378
    outer loop
      vertex -82 -27.2554 7.17267
      vertex -72.2 -27.2987 7.5153
      vertex -82 -27.2987 7.5153
    endloop
  endfacet
  facet normal 0 -0.992109 -0.125378
    outer loop
      vertex -72.2 -27.2987 7.5153
      vertex -82 -27.2554 7.17267
      vertex -72.2 -27.2554 7.17267
    endloop
  endfacet
  facet normal 0 -0.809011 -0.587793
    outer loop
      vertex -82 -27.6781 8.47352
      vertex -72.2 -27.8811 8.75292
      vertex -82 -27.8811 8.75292
    endloop
  endfacet
  facet normal 0 -0.809011 -0.587793
    outer loop
      vertex -72.2 -27.8811 8.75292
      vertex -82 -27.6781 8.47352
      vertex -72.2 -27.6781 8.47352
    endloop
  endfacet
  facet normal 0 -0.728968 -0.684548
    outer loop
      vertex -82 -27.8811 8.75292
      vertex -72.2 -28.1175 9.00466
      vertex -82 -28.1175 9.00466
    endloop
  endfacet
  facet normal 0 -0.728968 -0.684548
    outer loop
      vertex -72.2 -28.1175 9.00466
      vertex -82 -27.8811 8.75292
      vertex -72.2 -27.8811 8.75292
    endloop
  endfacet
  facet normal 0 -0.0627712 0.998028
    outer loop
      vertex -82 -29.6553 4.27168
      vertex -72.2 -30 4.25
      vertex -72.2 -29.6553 4.27168
    endloop
  endfacet
  facet normal 0 -0.0627712 0.998028
    outer loop
      vertex -72.2 -30 4.25
      vertex -82 -29.6553 4.27168
      vertex -82 -30 4.25
    endloop
  endfacet
  facet normal -0 0.30906 0.951043
    outer loop
      vertex -82 -30.6839 4.3364
      vertex -72.2 -31.0123 4.44312
      vertex -72.2 -30.6839 4.3364
    endloop
  endfacet
  facet normal 0 0.30906 0.951043
    outer loop
      vertex -72.2 -31.0123 4.44312
      vertex -82 -30.6839 4.3364
      vertex -82 -31.0123 4.44312
    endloop
  endfacet
  facet normal -0 0.637429 0.770509
    outer loop
      vertex -82 -31.6164 4.7752
      vertex -72.2 -31.8825 4.99534
      vertex -72.2 -31.6164 4.7752
    endloop
  endfacet
  facet normal 0 0.637429 0.770509
    outer loop
      vertex -72.2 -31.8825 4.99534
      vertex -82 -31.6164 4.7752
      vertex -82 -31.8825 4.99534
    endloop
  endfacet
  facet normal 0 1 -0
    outer loop
      vertex -72.2 -32.7446 6.82733
      vertex -81.9381 -32.7446 7.17267
      vertex -72.2 -32.7446 7.17267
    endloop
  endfacet
  facet normal 0 1 0
    outer loop
      vertex -81.9381 -32.7446 7.17267
      vertex -72.2 -32.7446 6.82733
      vertex -81.9381 -32.7446 6.82733
    endloop
  endfacet
  facet normal 0 0.0627712 -0.998028
    outer loop
      vertex -82 -30.3447 9.72832
      vertex -72.2 -30 9.75
      vertex -72.2 -30.3447 9.72832
    endloop
  endfacet
  facet normal 0 0.0627712 -0.998028
    outer loop
      vertex -72.2 -30 9.75
      vertex -82 -30.3447 9.72832
      vertex -82 -30 9.75
    endloop
  endfacet
  facet normal 0 0.637429 -0.770509
    outer loop
      vertex -82 -31.8825 9.00466
      vertex -72.2 -31.6164 9.2248
      vertex -72.2 -31.8825 9.00466
    endloop
  endfacet
  facet normal 0 0.637429 -0.770509
    outer loop
      vertex -72.2 -31.6164 9.2248
      vertex -82 -31.8825 9.00466
      vertex -82 -31.6164 9.2248
    endloop
  endfacet
  facet normal 0 0.992109 0.125378
    outer loop
      vertex -72.2 -32.7013 6.4847
      vertex -81.9381 -32.7446 6.82733
      vertex -72.2 -32.7446 6.82733
    endloop
  endfacet
  facet normal 0 0.992109 0.125378
    outer loop
      vertex -81.9381 -32.7446 6.82733
      vertex -72.2 -32.7013 6.4847
      vertex -81.9463 -32.7013 6.4847
    endloop
  endfacet
  facet normal 0 0.728968 0.684548
    outer loop
      vertex -72.2 -31.8825 4.99534
      vertex -81.9925 -32.1189 5.24708
      vertex -72.2 -32.1189 5.24708
    endloop
  endfacet
  facet normal -0 0.728968 0.684548
    outer loop
      vertex -82 -31.8825 4.99534
      vertex -81.9925 -32.1189 5.24708
      vertex -72.2 -31.8825 4.99534
    endloop
  endfacet
  facet normal -0.000840505 0.728955 0.684561
    outer loop
      vertex -81.9925 -32.1189 5.24708
      vertex -82 -31.8825 4.99534
      vertex -82 -32 5.12046
    endloop
  endfacet
  facet normal 0 -0.187421 0.98228
    outer loop
      vertex -82 -29.3161 4.3364
      vertex -72.2 -29.6553 4.27168
      vertex -72.2 -29.3161 4.3364
    endloop
  endfacet
  facet normal 0 -0.187421 0.98228
    outer loop
      vertex -72.2 -29.6553 4.27168
      vertex -82 -29.3161 4.3364
      vertex -82 -29.6553 4.27168
    endloop
  endfacet
  facet normal -0 0.187421 0.98228
    outer loop
      vertex -82 -30.3447 4.27168
      vertex -72.2 -30.6839 4.3364
      vertex -72.2 -30.3447 4.27168
    endloop
  endfacet
  facet normal 0 0.187421 0.98228
    outer loop
      vertex -72.2 -30.6839 4.3364
      vertex -82 -30.3447 4.27168
      vertex -82 -30.6839 4.3364
    endloop
  endfacet
  facet normal -0 0.535796 0.844348
    outer loop
      vertex -82 -31.3248 4.59016
      vertex -72.2 -31.6164 4.7752
      vertex -72.2 -31.3248 4.59016
    endloop
  endfacet
  facet normal 0 0.535796 0.844348
    outer loop
      vertex -72.2 -31.6164 4.7752
      vertex -82 -31.3248 4.59016
      vertex -82 -31.6164 4.7752
    endloop
  endfacet
  facet normal 0 0.876273 -0.481815
    outer loop
      vertex -81.9693 -32.4883 8.17089
      vertex -72.2 -32.3219 8.47352
      vertex -72.2 -32.4883 8.17089
    endloop
  endfacet
  facet normal 0 0.876273 -0.481815
    outer loop
      vertex -72.2 -32.3219 8.47352
      vertex -81.9693 -32.4883 8.17089
      vertex -81.9797 -32.3219 8.47352
    endloop
  endfacet
  facet normal 0 0.992109 -0.125378
    outer loop
      vertex -81.9381 -32.7446 7.17267
      vertex -72.2 -32.7013 7.5153
      vertex -72.2 -32.7446 7.17267
    endloop
  endfacet
  facet normal 0 0.992109 -0.125378
    outer loop
      vertex -72.2 -32.7013 7.5153
      vertex -81.9381 -32.7446 7.17267
      vertex -81.9463 -32.7013 7.5153
    endloop
  endfacet
  facet normal 0 0.968377 -0.249491
    outer loop
      vertex -72.2 -32.6154 7.8498
      vertex -81.9606 -32.6267 7.80594
      vertex -81.9613 -32.6154 7.8498
    endloop
  endfacet
  facet normal 0 0.968573 -0.248731
    outer loop
      vertex -81.9463 -32.7013 7.5153
      vertex -72.2 -32.6154 7.8498
      vertex -72.2 -32.7013 7.5153
    endloop
  endfacet
  facet normal -4.19058e-06 0.968602 -0.248616
    outer loop
      vertex -72.2 -32.6154 7.8498
      vertex -81.9463 -32.7013 7.5153
      vertex -81.9606 -32.6267 7.80594
    endloop
  endfacet
  facet normal 0 0.30906 -0.951043
    outer loop
      vertex -82 -31.0123 9.55688
      vertex -72.2 -30.6839 9.6636
      vertex -72.2 -31.0123 9.55688
    endloop
  endfacet
  facet normal 0 0.30906 -0.951043
    outer loop
      vertex -72.2 -30.6839 9.6636
      vertex -82 -31.0123 9.55688
      vertex -82 -30.6839 9.6636
    endloop
  endfacet
  facet normal 0 0.187421 -0.98228
    outer loop
      vertex -82 -30.6839 9.6636
      vertex -72.2 -30.3447 9.72832
      vertex -72.2 -30.6839 9.6636
    endloop
  endfacet
  facet normal 0 0.187421 -0.98228
    outer loop
      vertex -72.2 -30.3447 9.72832
      vertex -82 -30.6839 9.6636
      vertex -82 -30.3447 9.72832
    endloop
  endfacet
  facet normal 0 0.929805 0.368053
    outer loop
      vertex -72.2 -32.4883 5.82911
      vertex -81.9613 -32.6154 6.1502
      vertex -72.2 -32.6154 6.1502
    endloop
  endfacet
  facet normal 0 0.929805 0.368053
    outer loop
      vertex -81.9613 -32.6154 6.1502
      vertex -72.2 -32.4883 5.82911
      vertex -81.9693 -32.4883 5.82911
    endloop
  endfacet
  facet normal 0 0.968573 0.248731
    outer loop
      vertex -72.2 -32.6154 6.1502
      vertex -81.9463 -32.7013 6.4847
      vertex -72.2 -32.7013 6.4847
    endloop
  endfacet
  facet normal -4.19058e-06 0.968602 0.248616
    outer loop
      vertex -81.9463 -32.7013 6.4847
      vertex -72.2 -32.6154 6.1502
      vertex -81.9606 -32.6267 6.19406
    endloop
  endfacet
  facet normal 0 0.968377 0.249491
    outer loop
      vertex -81.9606 -32.6267 6.19406
      vertex -72.2 -32.6154 6.1502
      vertex -81.9613 -32.6154 6.1502
    endloop
  endfacet
  facet normal 0 0.809011 0.587793
    outer loop
      vertex -72.2 -32.1189 5.24708
      vertex -81.9797 -32.3219 5.52648
      vertex -72.2 -32.3219 5.52648
    endloop
  endfacet
  facet normal 0 0.809011 0.587793
    outer loop
      vertex -81.9797 -32.3219 5.52648
      vertex -72.2 -32.1189 5.24708
      vertex -81.9925 -32.1189 5.24708
    endloop
  endfacet
  facet normal 0 0.535796 -0.844348
    outer loop
      vertex -82 -31.6164 9.2248
      vertex -72.2 -31.3248 9.40984
      vertex -72.2 -31.6164 9.2248
    endloop
  endfacet
  facet normal 0 0.535796 -0.844348
    outer loop
      vertex -72.2 -31.3248 9.40984
      vertex -82 -31.6164 9.2248
      vertex -82 -31.3248 9.40984
    endloop
  endfacet
  facet normal 0 0.809011 -0.587793
    outer loop
      vertex -81.9797 -32.3219 8.47352
      vertex -72.2 -32.1189 8.75292
      vertex -72.2 -32.3219 8.47352
    endloop
  endfacet
  facet normal 0 0.809011 -0.587793
    outer loop
      vertex -72.2 -32.1189 8.75292
      vertex -81.9797 -32.3219 8.47352
      vertex -81.9925 -32.1189 8.75292
    endloop
  endfacet
  facet normal 0 0.929805 -0.368053
    outer loop
      vertex -81.9613 -32.6154 7.8498
      vertex -72.2 -32.4883 8.17089
      vertex -72.2 -32.6154 7.8498
    endloop
  endfacet
  facet normal 0 0.929805 -0.368053
    outer loop
      vertex -72.2 -32.4883 8.17089
      vertex -81.9613 -32.6154 7.8498
      vertex -81.9693 -32.4883 8.17089
    endloop
  endfacet
  facet normal 0.547027 0.533601 0.645005
    outer loop
      vertex -72.2 13.1175 4.99534
      vertex -68 11.7672 2.55041
      vertex -72.2 13.3836 4.7752
    endloop
  endfacet
  facet normal 0.547029 0.533586 0.645016
    outer loop
      vertex -68 11.7672 2.55041
      vertex -72.2 13.1175 4.99534
      vertex -68 11.235 2.99067
    endloop
  endfacet
  facet normal 0.547029 -0.0525663 0.835462
    outer loop
      vertex -68 15 1.5
      vertex -68 15.6893 1.54337
      vertex -72.2 15 4.25
    endloop
  endfacet
  facet normal 0.547027 -0.0525467 0.835464
    outer loop
      vertex -68 15.6893 1.54337
      vertex -72.2 15.3447 4.27168
      vertex -72.2 15 4.25
    endloop
  endfacet
  facet normal 0.547027 0.0525467 0.835464
    outer loop
      vertex -68 14.3107 1.54337
      vertex -72.2 15 4.25
      vertex -72.2 14.6553 4.27168
    endloop
  endfacet
  facet normal 0.547023 0.156824 -0.822297
    outer loop
      vertex -68 14.3107 12.4566
      vertex -68 13.6322 12.3272
      vertex -72.2 14.6553 9.72832
    endloop
  endfacet
  facet normal 0.547028 -0.830524 -0.104838
    outer loop
      vertex -72.2 17.7013 7.5153
      vertex -68 20.4891 7.34535
      vertex -68 20.4026 8.0306
    endloop
  endfacet
  facet normal 0.547018 -0.830515 -0.104957
    outer loop
      vertex -68 20.4891 7.34535
      vertex -72.2 17.7013 7.5153
      vertex -72.2 17.7446 7.17267
    endloop
  endfacet
  facet normal 0.547024 0.830511 0.104956
    outer loop
      vertex -68 9.51085 6.65465
      vertex -72.2 12.2987 6.4847
      vertex -72.2 12.2554 6.82733
    endloop
  endfacet
  facet normal 0.547027 0.830513 0.104922
    outer loop
      vertex -72.2 12.2987 6.4847
      vertex -68 9.51085 6.65465
      vertex -68 9.59742 5.9694
    endloop
  endfacet
  facet normal 0.547029 0.258718 0.796131
    outer loop
      vertex -72.2 13.9877 4.44312
      vertex -68 13.6322 1.67279
      vertex -72.2 14.3161 4.3364
    endloop
  endfacet
  facet normal 0.547032 0.258682 0.796141
    outer loop
      vertex -68 13.6322 1.67279
      vertex -72.2 13.9877 4.44312
      vertex -68 12.9753 1.88623
    endloop
  endfacet
  facet normal 0.547029 0.0525663 0.835462
    outer loop
      vertex -68 14.3107 1.54337
      vertex -68 15 1.5
      vertex -72.2 15 4.25
    endloop
  endfacet
  facet normal 0.547025 0.677237 -0.492051
    outer loop
      vertex -72.2 12.8811 8.75292
      vertex -68 10.7622 10.5058
      vertex -72.2 12.6781 8.47352
    endloop
  endfacet
  facet normal 0.547026 0.610242 -0.573034
    outer loop
      vertex -68 11.235 11.0093
      vertex -68 10.7622 10.5058
      vertex -72.2 13.1175 9.00466
    endloop
  endfacet
  facet normal 0.547028 -0.533601 -0.645004
    outer loop
      vertex -72.2 16.8825 9.00466
      vertex -68 18.2328 11.4496
      vertex -72.2 16.6164 9.2248
    endloop
  endfacet
  facet normal 0.547026 -0.533616 -0.644993
    outer loop
      vertex -68 18.2328 11.4496
      vertex -72.2 16.8825 9.00466
      vertex -68 18.765 11.0093
    endloop
  endfacet
  facet normal 0.547027 0.44854 0.706805
    outer loop
      vertex -68 11.7672 2.55041
      vertex -68 12.3504 2.18031
      vertex -72.2 13.3836 4.7752
    endloop
  endfacet
  facet normal 0.547018 0.778359 0.308105
    outer loop
      vertex -68 10.0235 4.65821
      vertex -72.2 12.5117 5.82911
      vertex -72.2 12.3846 6.1502
    endloop
  endfacet
  facet normal 0.547028 0.733592 0.403242
    outer loop
      vertex -68 10.0235 4.65821
      vertex -68 10.3562 4.05295
      vertex -72.2 12.6781 5.52648
    endloop
  endfacet
  facet normal 0.547031 0.356469 -0.757421
    outer loop
      vertex -72.2 13.6752 9.40984
      vertex -68 12.9753 12.1138
      vertex -68 12.3504 11.8197
    endloop
  endfacet
  facet normal 0.547037 0.356401 -0.757449
    outer loop
      vertex -68 12.9753 12.1138
      vertex -72.2 13.6752 9.40984
      vertex -72.2 13.9877 9.55688
    endloop
  endfacet
  facet normal 0.547026 0.810807 -0.208216
    outer loop
      vertex -72.2 12.3846 7.8498
      vertex -68 9.59742 8.0306
      vertex -72.2 12.2987 7.5153
    endloop
  endfacet
  facet normal 0.547018 -0.778359 -0.308105
    outer loop
      vertex -72.2 17.6154 7.8498
      vertex -68 19.9765 9.34179
      vertex -72.2 17.4883 8.17089
    endloop
  endfacet
  facet normal 0.547029 -0.810805 -0.208219
    outer loop
      vertex -68 20.4026 8.0306
      vertex -68 20.2308 8.69959
      vertex -72.2 17.6154 7.8498
    endloop
  endfacet
  facet normal 0.547029 -0.156893 -0.82228
    outer loop
      vertex -72.2 15.6839 9.6636
      vertex -68 16.3678 12.3272
      vertex -72.2 15.3447 9.72832
    endloop
  endfacet
  facet normal 0.547027 0.156847 0.82229
    outer loop
      vertex -68 13.6322 1.67279
      vertex -68 14.3107 1.54337
      vertex -72.2 14.6553 4.27168
    endloop
  endfacet
  facet normal 0.547033 0.356402 0.757451
    outer loop
      vertex -72.2 13.6752 4.59016
      vertex -68 12.9753 1.88623
      vertex -72.2 13.9877 4.44312
    endloop
  endfacet
  facet normal 0.547029 0.35645 0.757432
    outer loop
      vertex -68 12.9753 1.88623
      vertex -72.2 13.6752 4.59016
      vertex -68 12.3504 2.18031
    endloop
  endfacet
  facet normal 0.547027 0.61023 0.573045
    outer loop
      vertex -68 10.7622 3.49417
      vertex -72.2 13.1175 4.99534
      vertex -72.2 12.8811 5.24708
    endloop
  endfacet
  facet normal 0.547028 0.610241 0.573032
    outer loop
      vertex -68 10.7622 3.49417
      vertex -68 11.235 2.99067
      vertex -72.2 13.1175 4.99534
    endloop
  endfacet
  facet normal 0.547034 0.258638 -0.796153
    outer loop
      vertex -72.2 13.9877 9.55688
      vertex -68 13.6322 12.3272
      vertex -68 12.9753 12.1138
    endloop
  endfacet
  facet normal 0.547027 0.258719 -0.796132
    outer loop
      vertex -68 13.6322 12.3272
      vertex -72.2 13.9877 9.55688
      vertex -72.2 14.3161 9.6636
    endloop
  endfacet
  facet normal 0.547029 0.810813 -0.208185
    outer loop
      vertex -68 9.76919 8.69959
      vertex -68 9.59742 8.0306
      vertex -72.2 12.3846 7.8498
    endloop
  endfacet
  facet normal 0.547027 0.830513 -0.104922
    outer loop
      vertex -68 9.51085 7.34535
      vertex -72.2 12.2987 7.5153
      vertex -68 9.59742 8.0306
    endloop
  endfacet
  facet normal 0.547024 0.830511 -0.104956
    outer loop
      vertex -72.2 12.2987 7.5153
      vertex -68 9.51085 7.34535
      vertex -72.2 12.2554 7.17267
    endloop
  endfacet
  facet normal 0.547027 0.778311 -0.30821
    outer loop
      vertex -68 10.0235 9.34179
      vertex -68 9.76919 8.69959
      vertex -72.2 12.3846 7.8498
    endloop
  endfacet
  facet normal 0.547018 0.778359 -0.308105
    outer loop
      vertex -72.2 12.5117 8.17089
      vertex -68 10.0235 9.34179
      vertex -72.2 12.3846 7.8498
    endloop
  endfacet
  facet normal 0.547027 -0.778316 0.308199
    outer loop
      vertex -68 19.9765 4.65821
      vertex -68 20.2308 5.30041
      vertex -72.2 17.6154 6.1502
    endloop
  endfacet
  facet normal 0.547018 -0.837121 0
    outer loop
      vertex -72.2 17.7446 6.82733
      vertex -68 20.4891 7.34535
      vertex -72.2 17.7446 7.17267
    endloop
  endfacet
  facet normal 0.547018 -0.837121 0
    outer loop
      vertex -68 20.4891 7.34535
      vertex -72.2 17.7446 6.82733
      vertex -68 20.4891 6.65465
    endloop
  endfacet
  facet normal 0.547027 -0.61023 0.573045
    outer loop
      vertex -68 19.2378 3.49417
      vertex -72.2 17.1189 5.24708
      vertex -72.2 16.8825 4.99534
    endloop
  endfacet
  facet normal 0.547029 -0.810805 -0.208216
    outer loop
      vertex -72.2 17.7013 7.5153
      vertex -68 20.4026 8.0306
      vertex -72.2 17.6154 7.8498
    endloop
  endfacet
  facet normal 0.547025 -0.677237 -0.492051
    outer loop
      vertex -72.2 17.3219 8.47352
      vertex -68 19.2378 10.5058
      vertex -72.2 17.1189 8.75292
    endloop
  endfacet
  facet normal 0.547028 0.0526026 -0.83546
    outer loop
      vertex -68 15 12.5
      vertex -68 14.3107 12.4566
      vertex -72.2 15 9.75
    endloop
  endfacet
  facet normal 0.547026 -0.610242 -0.573034
    outer loop
      vertex -68 19.2378 10.5058
      vertex -68 18.765 11.0093
      vertex -72.2 16.8825 9.00466
    endloop
  endfacet
  facet normal 0.547028 -0.677214 -0.492079
    outer loop
      vertex -68 19.6438 9.94705
      vertex -68 19.2378 10.5058
      vertex -72.2 17.3219 8.47352
    endloop
  endfacet
  facet normal 0.547028 -0.733592 -0.403242
    outer loop
      vertex -68 19.9765 9.34179
      vertex -68 19.6438 9.94705
      vertex -72.2 17.3219 8.47352
    endloop
  endfacet
  facet normal 0.547028 -0.44854 -0.706804
    outer loop
      vertex -68 18.2328 11.4496
      vertex -68 17.6496 11.8197
      vertex -72.2 16.6164 9.2248
    endloop
  endfacet
  facet normal 0.547031 0.156892 0.822279
    outer loop
      vertex -68 13.6322 1.67279
      vertex -72.2 14.6553 4.27168
      vertex -72.2 14.3161 4.3364
    endloop
  endfacet
  facet normal 0.547029 0.448522 0.706815
    outer loop
      vertex -68 12.3504 2.18031
      vertex -72.2 13.6752 4.59016
      vertex -72.2 13.3836 4.7752
    endloop
  endfacet
  facet normal 0.547028 0.677227 0.492061
    outer loop
      vertex -68 10.3562 4.05295
      vertex -68 10.7622 3.49417
      vertex -72.2 12.6781 5.52648
    endloop
  endfacet
  facet normal 0.547027 0.677236 0.49205
    outer loop
      vertex -68 10.7622 3.49417
      vertex -72.2 12.8811 5.24708
      vertex -72.2 12.6781 5.52648
    endloop
  endfacet
  facet normal 0.547018 0.733546 0.403338
    outer loop
      vertex -68 10.0235 4.65821
      vertex -72.2 12.6781 5.52648
      vertex -72.2 12.5117 5.82911
    endloop
  endfacet
  facet normal 0.547029 0.810813 0.208185
    outer loop
      vertex -68 9.59742 5.9694
      vertex -68 9.76919 5.30041
      vertex -72.2 12.3846 6.1502
    endloop
  endfacet
  facet normal 0.547027 0.778311 0.30821
    outer loop
      vertex -68 9.76919 5.30041
      vertex -68 10.0235 4.65821
      vertex -72.2 12.3846 6.1502
    endloop
  endfacet
  facet normal 0.547026 0.810807 0.208216
    outer loop
      vertex -68 9.59742 5.9694
      vertex -72.2 12.3846 6.1502
      vertex -72.2 12.2987 6.4847
    endloop
  endfacet
  facet normal 0.547026 0.533616 -0.644993
    outer loop
      vertex -72.2 13.1175 9.00466
      vertex -68 11.7672 11.4496
      vertex -68 11.235 11.0093
    endloop
  endfacet
  facet normal 0.547028 0.533601 -0.645004
    outer loop
      vertex -68 11.7672 11.4496
      vertex -72.2 13.1175 9.00466
      vertex -72.2 13.3836 9.2248
    endloop
  endfacet
  facet normal 0.547029 0.156893 -0.82228
    outer loop
      vertex -72.2 14.6553 9.72832
      vertex -68 13.6322 12.3272
      vertex -72.2 14.3161 9.6636
    endloop
  endfacet
  facet normal 0.547028 0.733592 -0.403242
    outer loop
      vertex -68 10.3562 9.94705
      vertex -68 10.0235 9.34179
      vertex -72.2 12.6781 8.47352
    endloop
  endfacet
  facet normal 0.547028 0.677214 -0.492079
    outer loop
      vertex -68 10.7622 10.5058
      vertex -68 10.3562 9.94705
      vertex -72.2 12.6781 8.47352
    endloop
  endfacet
  facet normal 0.547025 0.837116 0
    outer loop
      vertex -68 9.51085 7.34535
      vertex -72.2 12.2554 6.82733
      vertex -72.2 12.2554 7.17267
    endloop
  endfacet
  facet normal 0.547025 0.837116 0
    outer loop
      vertex -72.2 12.2554 6.82733
      vertex -68 9.51085 7.34535
      vertex -68 9.51085 6.65465
    endloop
  endfacet
  facet normal 0.547028 -0.733592 0.403242
    outer loop
      vertex -68 19.6438 4.05295
      vertex -68 19.9765 4.65821
      vertex -72.2 17.3219 5.52648
    endloop
  endfacet
  facet normal 0.547028 -0.677227 0.492061
    outer loop
      vertex -68 19.2378 3.49417
      vertex -68 19.6438 4.05295
      vertex -72.2 17.3219 5.52648
    endloop
  endfacet
  facet normal 0.547027 -0.677236 0.49205
    outer loop
      vertex -68 19.2378 3.49417
      vertex -72.2 17.3219 5.52648
      vertex -72.2 17.1189 5.24708
    endloop
  endfacet
  facet normal 0.547028 -0.610241 0.573032
    outer loop
      vertex -68 18.765 2.99067
      vertex -68 19.2378 3.49417
      vertex -72.2 16.8825 4.99534
    endloop
  endfacet
  facet normal 0.547029 -0.35645 0.757432
    outer loop
      vertex -72.2 16.3248 4.59016
      vertex -68 17.0247 1.88623
      vertex -68 17.6496 2.18031
    endloop
  endfacet
  facet normal 0.547033 -0.356402 0.757451
    outer loop
      vertex -68 17.0247 1.88623
      vertex -72.2 16.3248 4.59016
      vertex -72.2 16.0123 4.44312
    endloop
  endfacet
  facet normal 0.547027 -0.156847 0.82229
    outer loop
      vertex -68 15.6893 1.54337
      vertex -68 16.3678 1.67279
      vertex -72.2 15.3447 4.27168
    endloop
  endfacet
  facet normal 0.547027 -0.778316 -0.308199
    outer loop
      vertex -68 20.2308 8.69959
      vertex -68 19.9765 9.34179
      vertex -72.2 17.6154 7.8498
    endloop
  endfacet
  facet normal 0.547023 -0.156824 -0.822297
    outer loop
      vertex -68 16.3678 12.3272
      vertex -68 15.6893 12.4566
      vertex -72.2 15.3447 9.72832
    endloop
  endfacet
  facet normal 0.547027 -0.258719 -0.796132
    outer loop
      vertex -72.2 16.0123 9.55688
      vertex -68 16.3678 12.3272
      vertex -72.2 15.6839 9.6636
    endloop
  endfacet
  facet normal 0.547034 -0.258638 -0.796153
    outer loop
      vertex -68 16.3678 12.3272
      vertex -72.2 16.0123 9.55688
      vertex -68 17.0247 12.1138
    endloop
  endfacet
  facet normal 0.547018 -0.733546 -0.403338
    outer loop
      vertex -72.2 17.4883 8.17089
      vertex -68 19.9765 9.34179
      vertex -72.2 17.3219 8.47352
    endloop
  endfacet
  facet normal 0.547024 -0.610231 -0.573046
    outer loop
      vertex -72.2 17.1189 8.75292
      vertex -68 19.2378 10.5058
      vertex -72.2 16.8825 9.00466
    endloop
  endfacet
  facet normal 0.547037 -0.356401 -0.757449
    outer loop
      vertex -72.2 16.3248 9.40984
      vertex -68 17.0247 12.1138
      vertex -72.2 16.0123 9.55688
    endloop
  endfacet
  facet normal 0.547031 -0.356469 -0.757421
    outer loop
      vertex -68 17.0247 12.1138
      vertex -72.2 16.3248 9.40984
      vertex -68 17.6496 11.8197
    endloop
  endfacet
  facet normal 0.547024 0.610231 -0.573046
    outer loop
      vertex -72.2 13.1175 9.00466
      vertex -68 10.7622 10.5058
      vertex -72.2 12.8811 8.75292
    endloop
  endfacet
  facet normal 0.547028 0.44854 -0.706804
    outer loop
      vertex -68 12.3504 11.8197
      vertex -68 11.7672 11.4496
      vertex -72.2 13.3836 9.2248
    endloop
  endfacet
  facet normal 0.54703 0.448522 -0.706814
    outer loop
      vertex -72.2 13.6752 9.40984
      vertex -68 12.3504 11.8197
      vertex -72.2 13.3836 9.2248
    endloop
  endfacet
  facet normal 0.547018 0.733546 -0.403338
    outer loop
      vertex -72.2 12.6781 8.47352
      vertex -68 10.0235 9.34179
      vertex -72.2 12.5117 8.17089
    endloop
  endfacet
  facet normal 0.547029 -0.810805 0.208219
    outer loop
      vertex -68 20.2308 5.30041
      vertex -68 20.4026 5.9694
      vertex -72.2 17.6154 6.1502
    endloop
  endfacet
  facet normal 0.547018 -0.733546 0.403338
    outer loop
      vertex -68 19.9765 4.65821
      vertex -72.2 17.4883 5.82911
      vertex -72.2 17.3219 5.52648
    endloop
  endfacet
  facet normal 0.547029 -0.810805 0.208216
    outer loop
      vertex -68 20.4026 5.9694
      vertex -72.2 17.7013 6.4847
      vertex -72.2 17.6154 6.1502
    endloop
  endfacet
  facet normal 0.547032 -0.258682 0.796141
    outer loop
      vertex -72.2 16.0123 4.44312
      vertex -68 16.3678 1.67279
      vertex -68 17.0247 1.88623
    endloop
  endfacet
  facet normal 0.547029 -0.258718 0.796131
    outer loop
      vertex -68 16.3678 1.67279
      vertex -72.2 16.0123 4.44312
      vertex -72.2 15.6839 4.3364
    endloop
  endfacet
  facet normal 0.547031 -0.156892 0.822279
    outer loop
      vertex -68 16.3678 1.67279
      vertex -72.2 15.6839 4.3364
      vertex -72.2 15.3447 4.27168
    endloop
  endfacet
  facet normal 0.547028 -0.0526026 -0.83546
    outer loop
      vertex -68 15.6893 12.4566
      vertex -68 15 12.5
      vertex -72.2 15 9.75
    endloop
  endfacet
  facet normal 0.547023 -0.0525469 -0.835467
    outer loop
      vertex -72.2 15.3447 9.72832
      vertex -68 15.6893 12.4566
      vertex -72.2 15 9.75
    endloop
  endfacet
  facet normal 0.54703 -0.448522 -0.706814
    outer loop
      vertex -72.2 16.6164 9.2248
      vertex -68 17.6496 11.8197
      vertex -72.2 16.3248 9.40984
    endloop
  endfacet
  facet normal 0.547018 -0.778359 0.308105
    outer loop
      vertex -68 19.9765 4.65821
      vertex -72.2 17.6154 6.1502
      vertex -72.2 17.4883 5.82911
    endloop
  endfacet
  facet normal 0.547018 -0.830515 0.104957
    outer loop
      vertex -72.2 17.7013 6.4847
      vertex -68 20.4891 6.65465
      vertex -72.2 17.7446 6.82733
    endloop
  endfacet
  facet normal 0.547028 -0.830524 0.104838
    outer loop
      vertex -68 20.4891 6.65465
      vertex -72.2 17.7013 6.4847
      vertex -68 20.4026 5.9694
    endloop
  endfacet
  facet normal 0.547029 -0.533586 0.645016
    outer loop
      vertex -72.2 16.8825 4.99534
      vertex -68 18.2328 2.55041
      vertex -68 18.765 2.99067
    endloop
  endfacet
  facet normal 0.547027 -0.533601 0.645005
    outer loop
      vertex -68 18.2328 2.55041
      vertex -72.2 16.8825 4.99534
      vertex -72.2 16.6164 4.7752
    endloop
  endfacet
  facet normal 0.547027 -0.44854 0.706805
    outer loop
      vertex -68 17.6496 2.18031
      vertex -68 18.2328 2.55041
      vertex -72.2 16.6164 4.7752
    endloop
  endfacet
  facet normal 0.547023 0.0525469 -0.835467
    outer loop
      vertex -72.2 15 9.75
      vertex -68 14.3107 12.4566
      vertex -72.2 14.6553 9.72832
    endloop
  endfacet
  facet normal 0.547029 -0.448522 0.706815
    outer loop
      vertex -68 17.6496 2.18031
      vertex -72.2 16.6164 4.7752
      vertex -72.2 16.3248 4.59016
    endloop
  endfacet
  facet normal 0 -0.425808 0.904813
    outer loop
      vertex 25.3026 17.6496 2.18031
      vertex 82 17.0247 1.88623
      vertex 82 17.6496 2.18031
    endloop
  endfacet
  facet normal 0 -0.425808 0.904813
    outer loop
      vertex 82 17.0247 1.88623
      vertex 25.3026 17.6496 2.18031
      vertex 23.7402 17.0247 1.88623
    endloop
  endfacet
  facet normal 0 -0.535817 0.844334
    outer loop
      vertex 26.7605 18.2328 2.55041
      vertex 82 17.6496 2.18031
      vertex 82 18.2328 2.55041
    endloop
  endfacet
  facet normal 0 -0.535817 0.844334
    outer loop
      vertex 82 17.6496 2.18031
      vertex 26.7605 18.2328 2.55041
      vertex 25.3026 17.6496 2.18031
    endloop
  endfacet
  facet normal 0 -0.968571 0.248738
    outer loop
      vertex 32.1849 20.4026 5.9694
      vertex 42.0593 20.3119 5.61622
      vertex 41.9195 20.4026 5.9694
    endloop
  endfacet
  facet normal 0 -0.968572 0.248734
    outer loop
      vertex 42.2329 20.2308 5.30041
      vertex 32.1849 20.4026 5.9694
      vertex 31.7555 20.2308 5.30041
    endloop
  endfacet
  facet normal -3.38686e-07 -0.968573 0.248729
    outer loop
      vertex 32.1849 20.4026 5.9694
      vertex 42.2329 20.2308 5.30041
      vertex 42.0593 20.3119 5.61622
    endloop
  endfacet
  facet normal 0 -0.968571 0.248738
    outer loop
      vertex 47.9407 20.3119 5.61622
      vertex 56.9195 20.4026 5.9694
      vertex 48.0805 20.4026 5.9694
    endloop
  endfacet
  facet normal 0 -0.968571 0.248738
    outer loop
      vertex 47.9407 20.3119 5.61622
      vertex 57.0593 20.3119 5.61622
      vertex 56.9195 20.4026 5.9694
    endloop
  endfacet
  facet normal 0 -0.968573 0.24873
    outer loop
      vertex 47.7671 20.2308 5.30041
      vertex 57.0593 20.3119 5.61622
      vertex 47.9407 20.3119 5.61622
    endloop
  endfacet
  facet normal 0 -0.968573 0.24873
    outer loop
      vertex 57.0593 20.3119 5.61622
      vertex 47.7671 20.2308 5.30041
      vertex 57.2329 20.2308 5.30041
    endloop
  endfacet
  facet normal 0 -0.968571 0.248738
    outer loop
      vertex 62.9407 20.3119 5.61622
      vertex 71.9195 20.4026 5.9694
      vertex 63.0805 20.4026 5.9694
    endloop
  endfacet
  facet normal 0 -0.968571 0.248738
    outer loop
      vertex 62.9407 20.3119 5.61622
      vertex 72.0593 20.3119 5.61622
      vertex 71.9195 20.4026 5.9694
    endloop
  endfacet
  facet normal 0 -0.968573 0.24873
    outer loop
      vertex 62.7671 20.2308 5.30041
      vertex 72.0593 20.3119 5.61622
      vertex 62.9407 20.3119 5.61622
    endloop
  endfacet
  facet normal 0 -0.968573 0.24873
    outer loop
      vertex 72.0593 20.3119 5.61622
      vertex 62.7671 20.2308 5.30041
      vertex 72.2329 20.2308 5.30041
    endloop
  endfacet
  facet normal 7.00631e-07 -0.968571 0.248738
    outer loop
      vertex 82 20.2308 5.30041
      vertex 78.0805 20.4026 5.9694
      vertex 77.9407 20.3119 5.61622
    endloop
  endfacet
  facet normal 0 -0.968573 0.24873
    outer loop
      vertex 82 20.2308 5.30041
      vertex 77.9407 20.3119 5.61622
      vertex 77.7671 20.2308 5.30041
    endloop
  endfacet
  facet normal 0 -0.968572 0.248734
    outer loop
      vertex 78.0805 20.4026 5.9694
      vertex 82 20.2308 5.30041
      vertex 82 20.4026 5.9694
    endloop
  endfacet
  facet normal 0 -0.929545 0.368708
    outer loop
      vertex 31.7555 20.2308 5.30041
      vertex 42.2559 20.2142 5.25856
      vertex 42.2329 20.2308 5.30041
    endloop
  endfacet
  facet normal -3.05508e-06 -0.929808 0.368046
    outer loop
      vertex 31.7555 20.2308 5.30041
      vertex 42.4958 20.0835 4.92837
      vertex 42.2559 20.2142 5.25856
    endloop
  endfacet
  facet normal 1.78708e-06 -0.92976 0.368167
    outer loop
      vertex 31.1199 19.9765 4.65821
      vertex 42.4958 20.0835 4.92837
      vertex 31.7555 20.2308 5.30041
    endloop
  endfacet
  facet normal 0 -0.929734 0.368232
    outer loop
      vertex 42.4958 20.0835 4.92837
      vertex 31.1199 19.9765 4.65821
      vertex 42.7495 19.9765 4.65821
    endloop
  endfacet
  facet normal 0 -0.929545 0.368708
    outer loop
      vertex 47.7441 20.2142 5.25856
      vertex 57.2329 20.2308 5.30041
      vertex 47.7671 20.2308 5.30041
    endloop
  endfacet
  facet normal 0 -0.929545 0.368708
    outer loop
      vertex 47.7441 20.2142 5.25856
      vertex 57.2559 20.2142 5.25856
      vertex 57.2329 20.2308 5.30041
    endloop
  endfacet
  facet normal 0 -0.929807 0.368048
    outer loop
      vertex 47.5042 20.0835 4.92837
      vertex 57.2559 20.2142 5.25856
      vertex 47.7441 20.2142 5.25856
    endloop
  endfacet
  facet normal 0 -0.929807 0.368048
    outer loop
      vertex 47.5042 20.0835 4.92837
      vertex 57.4958 20.0835 4.92837
      vertex 57.2559 20.2142 5.25856
    endloop
  endfacet
  facet normal 0 -0.929734 0.368232
    outer loop
      vertex 47.2505 19.9765 4.65821
      vertex 57.4958 20.0835 4.92837
      vertex 47.5042 20.0835 4.92837
    endloop
  endfacet
  facet normal 0 -0.929734 0.368232
    outer loop
      vertex 57.4958 20.0835 4.92837
      vertex 47.2505 19.9765 4.65821
      vertex 57.7495 19.9765 4.65821
    endloop
  endfacet
  facet normal 0 -0.929545 0.368708
    outer loop
      vertex 62.7441 20.2142 5.25856
      vertex 72.2329 20.2308 5.30041
      vertex 62.7671 20.2308 5.30041
    endloop
  endfacet
  facet normal 0 -0.929545 0.368708
    outer loop
      vertex 62.7441 20.2142 5.25856
      vertex 72.2559 20.2142 5.25856
      vertex 72.2329 20.2308 5.30041
    endloop
  endfacet
  facet normal 0 -0.929807 0.368048
    outer loop
      vertex 62.5042 20.0835 4.92837
      vertex 72.2559 20.2142 5.25856
      vertex 62.7441 20.2142 5.25856
    endloop
  endfacet
  facet normal 0 -0.929807 0.368048
    outer loop
      vertex 62.5042 20.0835 4.92837
      vertex 72.4958 20.0835 4.92837
      vertex 72.2559 20.2142 5.25856
    endloop
  endfacet
  facet normal 0 -0.929734 0.368232
    outer loop
      vertex 62.2505 19.9765 4.65821
      vertex 72.4958 20.0835 4.92837
      vertex 62.5042 20.0835 4.92837
    endloop
  endfacet
  facet normal 0 -0.929734 0.368232
    outer loop
      vertex 72.4958 20.0835 4.92837
      vertex 62.2505 19.9765 4.65821
      vertex 72.7495 19.9765 4.65821
    endloop
  endfacet
  facet normal 8.74987e-05 -0.929562 0.368667
    outer loop
      vertex 82 19.9765 4.65821
      vertex 77.7671 20.2308 5.30041
      vertex 77.7441 20.2142 5.25856
    endloop
  endfacet
  facet normal -1.22539e-05 -0.929804 0.368056
    outer loop
      vertex 82 19.9765 4.65821
      vertex 77.7441 20.2142 5.25856
      vertex 77.5042 20.0835 4.92837
    endloop
  endfacet
  facet normal 0 -0.929734 0.368232
    outer loop
      vertex 82 19.9765 4.65821
      vertex 77.5042 20.0835 4.92837
      vertex 77.2505 19.9765 4.65821
    endloop
  endfacet
  facet normal 0 -0.929759 0.368168
    outer loop
      vertex 77.7671 20.2308 5.30041
      vertex 82 19.9765 4.65821
      vertex 82 20.2308 5.30041
    endloop
  endfacet
  facet normal 0 -0.929734 -0.368232
    outer loop
      vertex 31.1199 19.9765 9.34179
      vertex 42.4958 20.0835 9.07163
      vertex 42.7495 19.9765 9.34179
    endloop
  endfacet
  facet normal 1.78708e-06 -0.92976 -0.368167
    outer loop
      vertex 31.7555 20.2308 8.69959
      vertex 42.4958 20.0835 9.07163
      vertex 31.1199 19.9765 9.34179
    endloop
  endfacet
  facet normal -3.05508e-06 -0.929808 -0.368046
    outer loop
      vertex 42.4958 20.0835 9.07163
      vertex 31.7555 20.2308 8.69959
      vertex 42.2559 20.2142 8.74144
    endloop
  endfacet
  facet normal 0 -0.929545 -0.368708
    outer loop
      vertex 42.2559 20.2142 8.74144
      vertex 31.7555 20.2308 8.69959
      vertex 42.2329 20.2308 8.69959
    endloop
  endfacet
  facet normal 0 -0.929734 -0.368232
    outer loop
      vertex 47.5042 20.0835 9.07163
      vertex 57.7495 19.9765 9.34179
      vertex 47.2505 19.9765 9.34179
    endloop
  endfacet
  facet normal 0 -0.929734 -0.368232
    outer loop
      vertex 47.5042 20.0835 9.07163
      vertex 57.4958 20.0835 9.07163
      vertex 57.7495 19.9765 9.34179
    endloop
  endfacet
  facet normal 0 -0.929807 -0.368048
    outer loop
      vertex 47.7441 20.2142 8.74144
      vertex 57.4958 20.0835 9.07163
      vertex 47.5042 20.0835 9.07163
    endloop
  endfacet
  facet normal 0 -0.929807 -0.368048
    outer loop
      vertex 47.7441 20.2142 8.74144
      vertex 57.2559 20.2142 8.74144
      vertex 57.4958 20.0835 9.07163
    endloop
  endfacet
  facet normal 0 -0.929545 -0.368708
    outer loop
      vertex 47.7671 20.2308 8.69959
      vertex 57.2559 20.2142 8.74144
      vertex 47.7441 20.2142 8.74144
    endloop
  endfacet
  facet normal 0 -0.929545 -0.368708
    outer loop
      vertex 57.2559 20.2142 8.74144
      vertex 47.7671 20.2308 8.69959
      vertex 57.2329 20.2308 8.69959
    endloop
  endfacet
  facet normal 0 -0.929734 -0.368232
    outer loop
      vertex 62.5042 20.0835 9.07163
      vertex 72.7495 19.9765 9.34179
      vertex 62.2505 19.9765 9.34179
    endloop
  endfacet
  facet normal 0 -0.929734 -0.368232
    outer loop
      vertex 62.5042 20.0835 9.07163
      vertex 72.4958 20.0835 9.07163
      vertex 72.7495 19.9765 9.34179
    endloop
  endfacet
  facet normal 0 -0.929807 -0.368048
    outer loop
      vertex 62.7441 20.2142 8.74144
      vertex 72.4958 20.0835 9.07163
      vertex 62.5042 20.0835 9.07163
    endloop
  endfacet
  facet normal 0 -0.929807 -0.368048
    outer loop
      vertex 62.7441 20.2142 8.74144
      vertex 72.2559 20.2142 8.74144
      vertex 72.4958 20.0835 9.07163
    endloop
  endfacet
  facet normal 0 -0.929545 -0.368708
    outer loop
      vertex 62.7671 20.2308 8.69959
      vertex 72.2559 20.2142 8.74144
      vertex 62.7441 20.2142 8.74144
    endloop
  endfacet
  facet normal 0 -0.929545 -0.368708
    outer loop
      vertex 72.2559 20.2142 8.74144
      vertex 62.7671 20.2308 8.69959
      vertex 72.2329 20.2308 8.69959
    endloop
  endfacet
  facet normal 0 -0.929734 -0.368232
    outer loop
      vertex 77.5042 20.0835 9.07163
      vertex 82 19.9765 9.34179
      vertex 77.2505 19.9765 9.34179
    endloop
  endfacet
  facet normal -1.22539e-05 -0.929804 -0.368056
    outer loop
      vertex 77.7441 20.2142 8.74144
      vertex 82 19.9765 9.34179
      vertex 77.5042 20.0835 9.07163
    endloop
  endfacet
  facet normal 8.74987e-05 -0.929562 -0.368667
    outer loop
      vertex 77.7671 20.2308 8.69959
      vertex 82 19.9765 9.34179
      vertex 77.7441 20.2142 8.74144
    endloop
  endfacet
  facet normal 0 -0.929759 -0.368168
    outer loop
      vertex 82 19.9765 9.34179
      vertex 77.7671 20.2308 8.69959
      vertex 82 20.2308 8.69959
    endloop
  endfacet
  facet normal 0 -0.425832 -0.904802
    outer loop
      vertex 82 17.0247 12.1138
      vertex 25.3026 17.6496 11.8197
      vertex 82 17.6496 11.8197
    endloop
  endfacet
  facet normal 0 -0.425832 -0.904802
    outer loop
      vertex 25.3026 17.6496 11.8197
      vertex 82 17.0247 12.1138
      vertex 23.7402 17.0247 12.1138
    endloop
  endfacet
  facet normal -0 0.0627947 0.998026
    outer loop
      vertex 18.6785 15 1.5
      vertex 82 14.3107 1.54337
      vertex 82 15 1.5
    endloop
  endfacet
  facet normal 0 0.0627947 0.998026
    outer loop
      vertex 82 14.3107 1.54337
      vertex 18.6785 15 1.5
      vertex 16.9552 14.3107 1.54337
    endloop
  endfacet
  facet normal 0 -0.728982 0.684533
    outer loop
      vertex 82 18.765 2.99067
      vertex 29.273 19.2378 3.49417
      vertex 28.091 18.765 2.99067
    endloop
  endfacet
  facet normal 0 -0.728982 0.684533
    outer loop
      vertex 29.273 19.2378 3.49417
      vertex 82 18.765 2.99067
      vertex 82 19.2378 3.49417
    endloop
  endfacet
  facet normal 0 -0.876865 0.480737
    outer loop
      vertex 31.1199 19.9765 4.65821
      vertex 42.7752 19.9615 4.63085
      vertex 42.7495 19.9765 4.65821
    endloop
  endfacet
  facet normal 2.92148e-06 -0.87634 0.481694
    outer loop
      vertex 31.1199 19.9765 4.65821
      vertex 43.0897 19.8185 4.37069
      vertex 42.7752 19.9615 4.63085
    endloop
  endfacet
  facet normal 3.14093e-06 -0.876336 0.481701
    outer loop
      vertex 30.288 19.6438 4.05295
      vertex 43.0897 19.8185 4.37069
      vertex 31.1199 19.9765 4.65821
    endloop
  endfacet
  facet normal 3.85442e-06 -0.876348 0.481679
    outer loop
      vertex 43.0897 19.8185 4.37069
      vertex 30.288 19.6438 4.05295
      vertex 43.4343 19.6983 4.152
    endloop
  endfacet
  facet normal 0 -0.876132 0.482072
    outer loop
      vertex 43.4343 19.6983 4.152
      vertex 30.288 19.6438 4.05295
      vertex 43.6448 19.6438 4.05295
    endloop
  endfacet
  facet normal 0 -0.876865 0.480737
    outer loop
      vertex 47.2248 19.9615 4.63085
      vertex 57.7495 19.9765 4.65821
      vertex 47.2505 19.9765 4.65821
    endloop
  endfacet
  facet normal 0 -0.876865 0.480737
    outer loop
      vertex 47.2248 19.9615 4.63085
      vertex 57.7752 19.9615 4.63085
      vertex 57.7495 19.9765 4.65821
    endloop
  endfacet
  facet normal 0 -0.876341 0.481691
    outer loop
      vertex 46.9103 19.8185 4.37069
      vertex 57.7752 19.9615 4.63085
      vertex 47.2248 19.9615 4.63085
    endloop
  endfacet
  facet normal 0 -0.876341 0.481691
    outer loop
      vertex 46.9103 19.8185 4.37069
      vertex 58.0897 19.8185 4.37069
      vertex 57.7752 19.9615 4.63085
    endloop
  endfacet
  facet normal 0 -0.87635 0.481674
    outer loop
      vertex 46.5657 19.6983 4.152
      vertex 58.0897 19.8185 4.37069
      vertex 46.9103 19.8185 4.37069
    endloop
  endfacet
  facet normal 0 -0.87635 0.481674
    outer loop
      vertex 46.5657 19.6983 4.152
      vertex 58.4343 19.6983 4.152
      vertex 58.0897 19.8185 4.37069
    endloop
  endfacet
  facet normal 0 -0.876132 0.482072
    outer loop
      vertex 46.3552 19.6438 4.05295
      vertex 58.4343 19.6983 4.152
      vertex 46.5657 19.6983 4.152
    endloop
  endfacet
  facet normal 0 -0.876132 0.482072
    outer loop
      vertex 58.4343 19.6983 4.152
      vertex 46.3552 19.6438 4.05295
      vertex 58.6448 19.6438 4.05295
    endloop
  endfacet
  facet normal 0 -0.876865 0.480737
    outer loop
      vertex 62.2248 19.9615 4.63085
      vertex 72.7495 19.9765 4.65821
      vertex 62.2505 19.9765 4.65821
    endloop
  endfacet
  facet normal 0 -0.876865 0.480737
    outer loop
      vertex 62.2248 19.9615 4.63085
      vertex 72.7752 19.9615 4.63085
      vertex 72.7495 19.9765 4.65821
    endloop
  endfacet
  facet normal 0 -0.876341 0.481691
    outer loop
      vertex 61.9103 19.8185 4.37069
      vertex 72.7752 19.9615 4.63085
      vertex 62.2248 19.9615 4.63085
    endloop
  endfacet
  facet normal 0 -0.876341 0.481691
    outer loop
      vertex 61.9103 19.8185 4.37069
      vertex 73.0897 19.8185 4.37069
      vertex 72.7752 19.9615 4.63085
    endloop
  endfacet
  facet normal 0 -0.87635 0.481674
    outer loop
      vertex 61.5657 19.6983 4.152
      vertex 73.0897 19.8185 4.37069
      vertex 61.9103 19.8185 4.37069
    endloop
  endfacet
  facet normal 0 -0.87635 0.481674
    outer loop
      vertex 61.5657 19.6983 4.152
      vertex 73.4343 19.6983 4.152
      vertex 73.0897 19.8185 4.37069
    endloop
  endfacet
  facet normal 0 -0.876132 0.482072
    outer loop
      vertex 61.3552 19.6438 4.05295
      vertex 73.4343 19.6983 4.152
      vertex 61.5657 19.6983 4.152
    endloop
  endfacet
  facet normal 0 -0.876132 0.482072
    outer loop
      vertex 73.4343 19.6983 4.152
      vertex 61.3552 19.6438 4.05295
      vertex 73.6448 19.6438 4.05295
    endloop
  endfacet
  facet normal -0.000143253 -0.876808 0.480841
    outer loop
      vertex 82 19.6438 4.05295
      vertex 77.2505 19.9765 4.65821
      vertex 77.2248 19.9615 4.63085
    endloop
  endfacet
  facet normal -8.08113e-06 -0.876337 0.481699
    outer loop
      vertex 82 19.6438 4.05295
      vertex 77.2248 19.9615 4.63085
      vertex 76.9103 19.8185 4.37069
    endloop
  endfacet
  facet normal -9.1716e-06 -0.876344 0.481685
    outer loop
      vertex 82 19.6438 4.05295
      vertex 76.9103 19.8185 4.37069
      vertex 76.5657 19.6983 4.152
    endloop
  endfacet
  facet normal 0 -0.876132 0.482072
    outer loop
      vertex 82 19.6438 4.05295
      vertex 76.5657 19.6983 4.152
      vertex 76.3552 19.6438 4.05295
    endloop
  endfacet
  facet normal 0 -0.876334 0.481704
    outer loop
      vertex 77.2505 19.9765 4.65821
      vertex 82 19.6438 4.05295
      vertex 82 19.9765 4.65821
    endloop
  endfacet
  facet normal 0 -0.062838 -0.998024
    outer loop
      vertex 82 15 12.5
      vertex 20.4018 15.6893 12.4566
      vertex 82 15.6893 12.4566
    endloop
  endfacet
  facet normal 0 -0.062838 -0.998024
    outer loop
      vertex 20.4018 15.6893 12.4566
      vertex 82 15 12.5
      vertex 18.6785 15 12.5
    endloop
  endfacet
  facet normal 0 -0.637446 -0.770495
    outer loop
      vertex 82 18.2328 11.4496
      vertex 28.091 18.765 11.0093
      vertex 82 18.765 11.0093
    endloop
  endfacet
  facet normal 0 -0.637446 -0.770495
    outer loop
      vertex 28.091 18.765 11.0093
      vertex 82 18.2328 11.4496
      vertex 26.7605 18.2328 11.4496
    endloop
  endfacet
  facet normal 0 -0.99222 -0.124499
    outer loop
      vertex 32.1849 20.4026 8.0306
      vertex 41.9091 20.4059 8.0043
      vertex 41.9195 20.4026 8.0306
    endloop
  endfacet
  facet normal -2.03036e-06 -0.992127 -0.125238
    outer loop
      vertex 32.4014 20.4891 7.34535
      vertex 41.9091 20.4059 8.0043
      vertex 32.1849 20.4026 8.0306
    endloop
  endfacet
  facet normal -2.20027e-06 -0.992127 -0.125236
    outer loop
      vertex 41.9091 20.4059 8.0043
      vertex 32.4014 20.4891 7.34535
      vertex 41.8076 20.4558 7.60899
    endloop
  endfacet
  facet normal 0 -0.992117 -0.125313
    outer loop
      vertex 41.8076 20.4558 7.60899
      vertex 32.4014 20.4891 7.34535
      vertex 41.7743 20.4891 7.34535
    endloop
  endfacet
  facet normal 0 -0.99222 -0.124499
    outer loop
      vertex 48.0909 20.4059 8.0043
      vertex 56.9195 20.4026 8.0306
      vertex 48.0805 20.4026 8.0306
    endloop
  endfacet
  facet normal 0 -0.99222 -0.124499
    outer loop
      vertex 48.0909 20.4059 8.0043
      vertex 56.9091 20.4059 8.0043
      vertex 56.9195 20.4026 8.0306
    endloop
  endfacet
  facet normal 0 -0.992127 -0.125236
    outer loop
      vertex 48.1924 20.4558 7.60899
      vertex 56.9091 20.4059 8.0043
      vertex 48.0909 20.4059 8.0043
    endloop
  endfacet
  facet normal 0 -0.992127 -0.125236
    outer loop
      vertex 48.1924 20.4558 7.60899
      vertex 56.8076 20.4558 7.60899
      vertex 56.9091 20.4059 8.0043
    endloop
  endfacet
  facet normal 0 -0.992117 -0.125313
    outer loop
      vertex 48.2257 20.4891 7.34535
      vertex 56.8076 20.4558 7.60899
      vertex 48.1924 20.4558 7.60899
    endloop
  endfacet
  facet normal 0 -0.992117 -0.125313
    outer loop
      vertex 56.8076 20.4558 7.60899
      vertex 48.2257 20.4891 7.34535
      vertex 56.7743 20.4891 7.34535
    endloop
  endfacet
  facet normal 0 -0.99222 -0.124499
    outer loop
      vertex 63.0909 20.4059 8.0043
      vertex 71.9195 20.4026 8.0306
      vertex 63.0805 20.4026 8.0306
    endloop
  endfacet
  facet normal 0 -0.99222 -0.124499
    outer loop
      vertex 63.0909 20.4059 8.0043
      vertex 71.9091 20.4059 8.0043
      vertex 71.9195 20.4026 8.0306
    endloop
  endfacet
  facet normal 0 -0.992127 -0.125236
    outer loop
      vertex 63.1924 20.4558 7.60899
      vertex 71.9091 20.4059 8.0043
      vertex 63.0909 20.4059 8.0043
    endloop
  endfacet
  facet normal 0 -0.992127 -0.125236
    outer loop
      vertex 63.1924 20.4558 7.60899
      vertex 71.8076 20.4558 7.60899
      vertex 71.9091 20.4059 8.0043
    endloop
  endfacet
  facet normal 0 -0.992117 -0.125313
    outer loop
      vertex 63.2257 20.4891 7.34535
      vertex 71.8076 20.4558 7.60899
      vertex 63.1924 20.4558 7.60899
    endloop
  endfacet
  facet normal 0 -0.992117 -0.125313
    outer loop
      vertex 71.8076 20.4558 7.60899
      vertex 63.2257 20.4891 7.34535
      vertex 71.7743 20.4891 7.34535
    endloop
  endfacet
  facet normal 0 -0.99222 -0.124499
    outer loop
      vertex 78.0909 20.4059 8.0043
      vertex 82 20.4026 8.0306
      vertex 78.0805 20.4026 8.0306
    endloop
  endfacet
  facet normal 5.02929e-06 -0.992127 -0.125235
    outer loop
      vertex 78.1924 20.4558 7.60899
      vertex 82 20.4026 8.0306
      vertex 78.0909 20.4059 8.0043
    endloop
  endfacet
  facet normal 1.36116e-05 -0.992117 -0.125311
    outer loop
      vertex 78.2257 20.4891 7.34535
      vertex 82 20.4026 8.0306
      vertex 78.1924 20.4558 7.60899
    endloop
  endfacet
  facet normal 0 -0.992127 -0.125237
    outer loop
      vertex 82 20.4026 8.0306
      vertex 78.2257 20.4891 7.34535
      vertex 82 20.4891 7.34535
    endloop
  endfacet
  facet normal 0 -0.728982 -0.684533
    outer loop
      vertex 29.273 19.2378 10.5058
      vertex 82 18.765 11.0093
      vertex 28.091 18.765 11.0093
    endloop
  endfacet
  facet normal 0 -0.728982 -0.684533
    outer loop
      vertex 82 18.765 11.0093
      vertex 29.273 19.2378 10.5058
      vertex 82 19.2378 10.5058
    endloop
  endfacet
  facet normal 0.0105249 0.425203 0.905037
    outer loop
      vertex 81.9984 12.9753 1.88623
      vertex 81.9562 12.3504 2.18031
      vertex 81.9606 12.3733 2.1695
    endloop
  endfacet
  facet normal -0 0.425808 0.904813
    outer loop
      vertex 13.6168 12.9753 1.88623
      vertex 81.9562 12.3504 2.18031
      vertex 81.9984 12.9753 1.88623
    endloop
  endfacet
  facet normal 0 0.425808 0.904813
    outer loop
      vertex 81.9562 12.3504 2.18031
      vertex 13.6168 12.9753 1.88623
      vertex 12.0544 12.3504 2.18031
    endloop
  endfacet
  facet normal 0 -0.187366 0.98229
    outer loop
      vertex 22.098 16.3678 1.67279
      vertex 82 15.6893 1.54337
      vertex 82 16.3678 1.67279
    endloop
  endfacet
  facet normal 0 -0.187366 0.98229
    outer loop
      vertex 82 15.6893 1.54337
      vertex 22.098 16.3678 1.67279
      vertex 20.4018 15.6893 1.54337
    endloop
  endfacet
  facet normal 0 -0.309017 0.951056
    outer loop
      vertex 23.7402 17.0247 1.88623
      vertex 82 16.3678 1.67279
      vertex 82 17.0247 1.88623
    endloop
  endfacet
  facet normal 0 -0.309017 0.951056
    outer loop
      vertex 82 16.3678 1.67279
      vertex 23.7402 17.0247 1.88623
      vertex 22.098 16.3678 1.67279
    endloop
  endfacet
  facet normal 0 -0.637412 0.770523
    outer loop
      vertex 28.091 18.765 2.99067
      vertex 82 18.2328 2.55041
      vertex 82 18.765 2.99067
    endloop
  endfacet
  facet normal 0 -0.637412 0.770523
    outer loop
      vertex 82 18.2328 2.55041
      vertex 28.091 18.765 2.99067
      vertex 26.7605 18.2328 2.55041
    endloop
  endfacet
  facet normal 0 -1 0
    outer loop
      vertex 32.4014 20.4891 7.34535
      vertex 41.7564 20.4891 7.20407
      vertex 41.7743 20.4891 7.34535
    endloop
  endfacet
  facet normal 0 -1 0
    outer loop
      vertex 32.4014 20.4891 7.34535
      vertex 41.7564 20.4891 6.79593
      vertex 41.7564 20.4891 7.20407
    endloop
  endfacet
  facet normal 0 -1 0
    outer loop
      vertex 32.4014 20.4891 6.65465
      vertex 41.7564 20.4891 6.79593
      vertex 32.4014 20.4891 7.34535
    endloop
  endfacet
  facet normal 0 -1 -0
    outer loop
      vertex 41.7564 20.4891 6.79593
      vertex 32.4014 20.4891 6.65465
      vertex 41.7743 20.4891 6.65465
    endloop
  endfacet
  facet normal 0 -1 0
    outer loop
      vertex 48.2436 20.4891 7.20407
      vertex 56.7743 20.4891 7.34535
      vertex 48.2257 20.4891 7.34535
    endloop
  endfacet
  facet normal 0 -1 0
    outer loop
      vertex 48.2436 20.4891 7.20407
      vertex 56.7564 20.4891 7.20407
      vertex 56.7743 20.4891 7.34535
    endloop
  endfacet
  facet normal 0 -1 0
    outer loop
      vertex 48.2436 20.4891 6.79593
      vertex 56.7564 20.4891 7.20407
      vertex 48.2436 20.4891 7.20407
    endloop
  endfacet
  facet normal 0 -1 0
    outer loop
      vertex 48.2436 20.4891 6.79593
      vertex 56.7564 20.4891 6.79593
      vertex 56.7564 20.4891 7.20407
    endloop
  endfacet
  facet normal 0 -1 0
    outer loop
      vertex 48.2257 20.4891 6.65465
      vertex 56.7564 20.4891 6.79593
      vertex 48.2436 20.4891 6.79593
    endloop
  endfacet
  facet normal 0 -1 -0
    outer loop
      vertex 56.7564 20.4891 6.79593
      vertex 48.2257 20.4891 6.65465
      vertex 56.7743 20.4891 6.65465
    endloop
  endfacet
  facet normal 0 -1 0
    outer loop
      vertex 63.2436 20.4891 7.20407
      vertex 71.7743 20.4891 7.34535
      vertex 63.2257 20.4891 7.34535
    endloop
  endfacet
  facet normal 0 -1 0
    outer loop
      vertex 63.2436 20.4891 7.20407
      vertex 71.7564 20.4891 7.20407
      vertex 71.7743 20.4891 7.34535
    endloop
  endfacet
  facet normal 0 -1 0
    outer loop
      vertex 63.2436 20.4891 6.79593
      vertex 71.7564 20.4891 7.20407
      vertex 63.2436 20.4891 7.20407
    endloop
  endfacet
  facet normal 0 -1 0
    outer loop
      vertex 63.2436 20.4891 6.79593
      vertex 71.7564 20.4891 6.79593
      vertex 71.7564 20.4891 7.20407
    endloop
  endfacet
  facet normal 0 -1 0
    outer loop
      vertex 63.2257 20.4891 6.65465
      vertex 71.7564 20.4891 6.79593
      vertex 63.2436 20.4891 6.79593
    endloop
  endfacet
  facet normal 0 -1 -0
    outer loop
      vertex 71.7564 20.4891 6.79593
      vertex 63.2257 20.4891 6.65465
      vertex 71.7743 20.4891 6.65465
    endloop
  endfacet
  facet normal 0 -1 0
    outer loop
      vertex 78.2436 20.4891 7.20407
      vertex 82 20.4891 7.34535
      vertex 78.2257 20.4891 7.34535
    endloop
  endfacet
  facet normal 0 -1 0
    outer loop
      vertex 78.2436 20.4891 6.79593
      vertex 82 20.4891 7.34535
      vertex 78.2436 20.4891 7.20407
    endloop
  endfacet
  facet normal 0 -1 0
    outer loop
      vertex 82 20.4891 6.65465
      vertex 78.2436 20.4891 6.79593
      vertex 78.2257 20.4891 6.65465
    endloop
  endfacet
  facet normal 0 -1 0
    outer loop
      vertex 78.2436 20.4891 6.79593
      vertex 82 20.4891 6.65465
      vertex 82 20.4891 7.34535
    endloop
  endfacet
  facet normal 0 -0.809001 0.587807
    outer loop
      vertex 29.273 19.2378 3.49417
      vertex 43.6448 19.6438 4.05295
      vertex 30.288 19.6438 4.05295
    endloop
  endfacet
  facet normal -3.78108e-06 -0.808955 0.58787
    outer loop
      vertex 43.6448 19.6438 4.05295
      vertex 29.273 19.2378 3.49417
      vertex 43.8036 19.5895 3.97823
    endloop
  endfacet
  facet normal 8.01853e-06 -0.809124 0.587638
    outer loop
      vertex 43.8036 19.5895 3.97823
      vertex 29.273 19.2378 3.49417
      vertex 44.1918 19.4979 3.8521
    endloop
  endfacet
  facet normal -6.96581e-06 -0.808827 0.588047
    outer loop
      vertex 44.1918 19.4979 3.8521
      vertex 29.273 19.2378 3.49417
      vertex 44.5927 19.4423 3.77563
    endloop
  endfacet
  facet normal 0 -0.808974 0.587844
    outer loop
      vertex 82 19.2378 3.49417
      vertex 60 19.4237 3.75
      vertex 45 19.4237 3.75
    endloop
  endfacet
  facet normal 0 -0.808974 0.587844
    outer loop
      vertex 82 19.2378 3.49417
      vertex 45 19.4237 3.75
      vertex 29.273 19.2378 3.49417
    endloop
  endfacet
  facet normal 9.85729e-06 -0.809262 0.587448
    outer loop
      vertex 44.5927 19.4423 3.77563
      vertex 29.273 19.2378 3.49417
      vertex 45 19.4237 3.75
    endloop
  endfacet
  facet normal 0 -0.808951 0.587876
    outer loop
      vertex 46.1964 19.5895 3.97823
      vertex 58.6448 19.6438 4.05295
      vertex 46.3552 19.6438 4.05295
    endloop
  endfacet
  facet normal 0 -0.808951 0.587876
    outer loop
      vertex 46.1964 19.5895 3.97823
      vertex 58.8036 19.5895 3.97823
      vertex 58.6448 19.6438 4.05295
    endloop
  endfacet
  facet normal 0 -0.809135 0.587622
    outer loop
      vertex 45.8082 19.4979 3.8521
      vertex 58.8036 19.5895 3.97823
      vertex 46.1964 19.5895 3.97823
    endloop
  endfacet
  facet normal 0 -0.809135 0.587622
    outer loop
      vertex 45.8082 19.4979 3.8521
      vertex 59.1918 19.4979 3.8521
      vertex 58.8036 19.5895 3.97823
    endloop
  endfacet
  facet normal 0 -0.808809 0.588071
    outer loop
      vertex 45.4073 19.4423 3.77563
      vertex 59.1918 19.4979 3.8521
      vertex 45.8082 19.4979 3.8521
    endloop
  endfacet
  facet normal 0 -0.808809 0.588071
    outer loop
      vertex 45.4073 19.4423 3.77563
      vertex 59.5927 19.4423 3.77563
      vertex 59.1918 19.4979 3.8521
    endloop
  endfacet
  facet normal 0 -0.809336 0.587345
    outer loop
      vertex 45 19.4237 3.75
      vertex 59.5927 19.4423 3.77563
      vertex 45.4073 19.4423 3.77563
    endloop
  endfacet
  facet normal 0 -0.809336 0.587345
    outer loop
      vertex 59.5927 19.4423 3.77563
      vertex 45 19.4237 3.75
      vertex 60 19.4237 3.75
    endloop
  endfacet
  facet normal 0 -0.808951 0.587876
    outer loop
      vertex 61.1964 19.5895 3.97823
      vertex 73.6448 19.6438 4.05295
      vertex 61.3552 19.6438 4.05295
    endloop
  endfacet
  facet normal 0 -0.808951 0.587876
    outer loop
      vertex 61.1964 19.5895 3.97823
      vertex 73.8036 19.5895 3.97823
      vertex 73.6448 19.6438 4.05295
    endloop
  endfacet
  facet normal 0 -0.809135 0.587622
    outer loop
      vertex 60.8082 19.4979 3.8521
      vertex 73.8036 19.5895 3.97823
      vertex 61.1964 19.5895 3.97823
    endloop
  endfacet
  facet normal 0 -0.809135 0.587622
    outer loop
      vertex 60.8082 19.4979 3.8521
      vertex 74.1918 19.4979 3.8521
      vertex 73.8036 19.5895 3.97823
    endloop
  endfacet
  facet normal 0 -0.808809 0.588071
    outer loop
      vertex 60.4073 19.4423 3.77563
      vertex 74.1918 19.4979 3.8521
      vertex 60.8082 19.4979 3.8521
    endloop
  endfacet
  facet normal 0 -0.808809 0.588071
    outer loop
      vertex 60.4073 19.4423 3.77563
      vertex 74.5927 19.4423 3.77563
      vertex 74.1918 19.4979 3.8521
    endloop
  endfacet
  facet normal 0 -0.809336 0.587345
    outer loop
      vertex 60 19.4237 3.75
      vertex 74.5927 19.4423 3.77563
      vertex 60.4073 19.4423 3.77563
    endloop
  endfacet
  facet normal 0 -0.809336 0.587345
    outer loop
      vertex 74.5927 19.4423 3.77563
      vertex 60 19.4237 3.75
      vertex 75 19.4237 3.75
    endloop
  endfacet
  facet normal 8.61072e-06 -0.80896 0.587864
    outer loop
      vertex 82 19.2378 3.49417
      vertex 76.3552 19.6438 4.05295
      vertex 76.1964 19.5895 3.97823
    endloop
  endfacet
  facet normal -1.76129e-05 -0.80911 0.587658
    outer loop
      vertex 82 19.2378 3.49417
      vertex 76.1964 19.5895 3.97823
      vertex 75.8082 19.4979 3.8521
    endloop
  endfacet
  facet normal 1.45007e-05 -0.808845 0.588021
    outer loop
      vertex 82 19.2378 3.49417
      vertex 75.8082 19.4979 3.8521
      vertex 75.4073 19.4423 3.77563
    endloop
  endfacet
  facet normal -1.76301e-05 -0.809203 0.587529
    outer loop
      vertex 82 19.2378 3.49417
      vertex 75.4073 19.4423 3.77563
      vertex 75 19.4237 3.75
    endloop
  endfacet
  facet normal 0 -0.809001 0.587807
    outer loop
      vertex 76.3552 19.6438 4.05295
      vertex 82 19.2378 3.49417
      vertex 82 19.6438 4.05295
    endloop
  endfacet
  facet normal 0 -0.808974 0.587844
    outer loop
      vertex 60 19.4237 3.75
      vertex 82 19.2378 3.49417
      vertex 75 19.4237 3.75
    endloop
  endfacet
  facet normal 0 -0.308965 -0.951073
    outer loop
      vertex 82 16.3678 12.3272
      vertex 23.7402 17.0247 12.1138
      vertex 82 17.0247 12.1138
    endloop
  endfacet
  facet normal 0 -0.308965 -0.951073
    outer loop
      vertex 23.7402 17.0247 12.1138
      vertex 82 16.3678 12.3272
      vertex 22.098 16.3678 12.3272
    endloop
  endfacet
  facet normal 0 -0.187338 -0.982295
    outer loop
      vertex 82 15.6893 12.4566
      vertex 22.098 16.3678 12.3272
      vertex 82 16.3678 12.3272
    endloop
  endfacet
  facet normal 0 -0.187338 -0.982295
    outer loop
      vertex 22.098 16.3678 12.3272
      vertex 82 15.6893 12.4566
      vertex 20.4018 15.6893 12.4566
    endloop
  endfacet
  facet normal 0 -0.535817 -0.844334
    outer loop
      vertex 82 17.6496 11.8197
      vertex 26.7605 18.2328 11.4496
      vertex 82 18.2328 11.4496
    endloop
  endfacet
  facet normal 0 -0.535817 -0.844334
    outer loop
      vertex 26.7605 18.2328 11.4496
      vertex 82 17.6496 11.8197
      vertex 25.3026 17.6496 11.8197
    endloop
  endfacet
  facet normal 0 -0.968572 -0.248734
    outer loop
      vertex 32.1849 20.4026 8.0306
      vertex 42.2329 20.2308 8.69959
      vertex 31.7555 20.2308 8.69959
    endloop
  endfacet
  facet normal -3.38686e-07 -0.968573 -0.248729
    outer loop
      vertex 42.2329 20.2308 8.69959
      vertex 32.1849 20.4026 8.0306
      vertex 42.0593 20.3119 8.38378
    endloop
  endfacet
  facet normal 0 -0.968571 -0.248738
    outer loop
      vertex 42.0593 20.3119 8.38378
      vertex 32.1849 20.4026 8.0306
      vertex 41.9195 20.4026 8.0306
    endloop
  endfacet
  facet normal 0 -0.968573 -0.24873
    outer loop
      vertex 47.9407 20.3119 8.38378
      vertex 57.2329 20.2308 8.69959
      vertex 47.7671 20.2308 8.69959
    endloop
  endfacet
  facet normal 0 -0.968573 -0.24873
    outer loop
      vertex 47.9407 20.3119 8.38378
      vertex 57.0593 20.3119 8.38378
      vertex 57.2329 20.2308 8.69959
    endloop
  endfacet
  facet normal 0 -0.968571 -0.248738
    outer loop
      vertex 48.0805 20.4026 8.0306
      vertex 57.0593 20.3119 8.38378
      vertex 47.9407 20.3119 8.38378
    endloop
  endfacet
  facet normal 0 -0.968571 -0.248738
    outer loop
      vertex 57.0593 20.3119 8.38378
      vertex 48.0805 20.4026 8.0306
      vertex 56.9195 20.4026 8.0306
    endloop
  endfacet
  facet normal 0 -0.968573 -0.24873
    outer loop
      vertex 62.9407 20.3119 8.38378
      vertex 72.2329 20.2308 8.69959
      vertex 62.7671 20.2308 8.69959
    endloop
  endfacet
  facet normal 0 -0.968573 -0.24873
    outer loop
      vertex 62.9407 20.3119 8.38378
      vertex 72.0593 20.3119 8.38378
      vertex 72.2329 20.2308 8.69959
    endloop
  endfacet
  facet normal 0 -0.968571 -0.248738
    outer loop
      vertex 63.0805 20.4026 8.0306
      vertex 72.0593 20.3119 8.38378
      vertex 62.9407 20.3119 8.38378
    endloop
  endfacet
  facet normal 0 -0.968571 -0.248738
    outer loop
      vertex 72.0593 20.3119 8.38378
      vertex 63.0805 20.4026 8.0306
      vertex 71.9195 20.4026 8.0306
    endloop
  endfacet
  facet normal 0 -0.968573 -0.24873
    outer loop
      vertex 77.9407 20.3119 8.38378
      vertex 82 20.2308 8.69959
      vertex 77.7671 20.2308 8.69959
    endloop
  endfacet
  facet normal 7.00631e-07 -0.968571 -0.248738
    outer loop
      vertex 78.0805 20.4026 8.0306
      vertex 82 20.2308 8.69959
      vertex 77.9407 20.3119 8.38378
    endloop
  endfacet
  facet normal 0 -0.968572 -0.248734
    outer loop
      vertex 82 20.2308 8.69959
      vertex 78.0805 20.4026 8.0306
      vertex 82 20.4026 8.0306
    endloop
  endfacet
  facet normal 0 -0.809009 -0.587796
    outer loop
      vertex 60.4073 19.4423 10.2244
      vertex 75 19.4237 10.25
      vertex 60 19.4237 10.25
    endloop
  endfacet
  facet normal 0 -0.809009 -0.587796
    outer loop
      vertex 60.4073 19.4423 10.2244
      vertex 74.5927 19.4423 10.2244
      vertex 75 19.4237 10.25
    endloop
  endfacet
  facet normal 0 -0.808919 -0.58792
    outer loop
      vertex 60.8082 19.4979 10.1479
      vertex 74.5927 19.4423 10.2244
      vertex 60.4073 19.4423 10.2244
    endloop
  endfacet
  facet normal 0 -0.808919 -0.58792
    outer loop
      vertex 60.8082 19.4979 10.1479
      vertex 74.1918 19.4979 10.1479
      vertex 74.5927 19.4423 10.2244
    endloop
  endfacet
  facet normal 0 -0.809069 -0.587714
    outer loop
      vertex 61.1964 19.5895 10.0218
      vertex 74.1918 19.4979 10.1479
      vertex 60.8082 19.4979 10.1479
    endloop
  endfacet
  facet normal 0 -0.809069 -0.587714
    outer loop
      vertex 61.1964 19.5895 10.0218
      vertex 73.8036 19.5895 10.0218
      vertex 74.1918 19.4979 10.1479
    endloop
  endfacet
  facet normal 0 -0.809064 -0.587721
    outer loop
      vertex 61.3552 19.6438 9.94705
      vertex 73.8036 19.5895 10.0218
      vertex 61.1964 19.5895 10.0218
    endloop
  endfacet
  facet normal 0 -0.809064 -0.587721
    outer loop
      vertex 73.8036 19.5895 10.0218
      vertex 61.3552 19.6438 9.94705
      vertex 73.6448 19.6438 9.94705
    endloop
  endfacet
  facet normal 0 -0.809009 -0.587796
    outer loop
      vertex 45.4073 19.4423 10.2244
      vertex 60 19.4237 10.25
      vertex 45 19.4237 10.25
    endloop
  endfacet
  facet normal 0 -0.809009 -0.587796
    outer loop
      vertex 45.4073 19.4423 10.2244
      vertex 59.5927 19.4423 10.2244
      vertex 60 19.4237 10.25
    endloop
  endfacet
  facet normal 0 -0.808919 -0.58792
    outer loop
      vertex 45.8082 19.4979 10.1479
      vertex 59.5927 19.4423 10.2244
      vertex 45.4073 19.4423 10.2244
    endloop
  endfacet
  facet normal 0 -0.808919 -0.58792
    outer loop
      vertex 45.8082 19.4979 10.1479
      vertex 59.1918 19.4979 10.1479
      vertex 59.5927 19.4423 10.2244
    endloop
  endfacet
  facet normal 0 -0.809069 -0.587714
    outer loop
      vertex 46.1964 19.5895 10.0218
      vertex 59.1918 19.4979 10.1479
      vertex 45.8082 19.4979 10.1479
    endloop
  endfacet
  facet normal 0 -0.809069 -0.587714
    outer loop
      vertex 46.1964 19.5895 10.0218
      vertex 58.8036 19.5895 10.0218
      vertex 59.1918 19.4979 10.1479
    endloop
  endfacet
  facet normal 0 -0.809064 -0.587721
    outer loop
      vertex 46.3552 19.6438 9.94705
      vertex 58.8036 19.5895 10.0218
      vertex 46.1964 19.5895 10.0218
    endloop
  endfacet
  facet normal 0 -0.809064 -0.587721
    outer loop
      vertex 58.8036 19.5895 10.0218
      vertex 46.3552 19.6438 9.94705
      vertex 58.6448 19.6438 9.94705
    endloop
  endfacet
  facet normal 0 -0.808941 -0.58789
    outer loop
      vertex 29.273 19.2378 10.5058
      vertex 45 19.4237 10.25
      vertex 82 19.2378 10.5058
    endloop
  endfacet
  facet normal 1.85169e-06 -0.808995 -0.587815
    outer loop
      vertex 29.273 19.2378 10.5058
      vertex 44.5927 19.4423 10.2244
      vertex 45 19.4237 10.25
    endloop
  endfacet
  facet normal -1.0011e-06 -0.808921 -0.587917
    outer loop
      vertex 29.273 19.2378 10.5058
      vertex 44.1918 19.4979 10.1479
      vertex 44.5927 19.4423 10.2244
    endloop
  endfacet
  facet normal 5.99527e-06 -0.80906 -0.587726
    outer loop
      vertex 29.273 19.2378 10.5058
      vertex 43.8036 19.5895 10.0218
      vertex 44.1918 19.4979 10.1479
    endloop
  endfacet
  facet normal -0 -0.808986 -0.587827
    outer loop
      vertex 43.6448 19.6438 9.94705
      vertex 29.273 19.2378 10.5058
      vertex 30.288 19.6438 9.94705
    endloop
  endfacet
  facet normal 5.82608e-06 -0.809058 -0.587729
    outer loop
      vertex 29.273 19.2378 10.5058
      vertex 43.6448 19.6438 9.94705
      vertex 43.8036 19.5895 10.0218
    endloop
  endfacet
  facet normal -0 -0.808941 -0.58789
    outer loop
      vertex 60 19.4237 10.25
      vertex 82 19.2378 10.5058
      vertex 45 19.4237 10.25
    endloop
  endfacet
  facet normal -0 -0.808941 -0.58789
    outer loop
      vertex 75 19.4237 10.25
      vertex 82 19.2378 10.5058
      vertex 60 19.4237 10.25
    endloop
  endfacet
  facet normal -3.31145e-06 -0.808984 -0.58783
    outer loop
      vertex 75.4073 19.4423 10.2244
      vertex 82 19.2378 10.5058
      vertex 75 19.4237 10.25
    endloop
  endfacet
  facet normal 2.08406e-06 -0.808924 -0.587913
    outer loop
      vertex 75.8082 19.4979 10.1479
      vertex 82 19.2378 10.5058
      vertex 75.4073 19.4423 10.2244
    endloop
  endfacet
  facet normal -1.31686e-05 -0.80905 -0.58774
    outer loop
      vertex 76.1964 19.5895 10.0218
      vertex 82 19.2378 10.5058
      vertex 75.8082 19.4979 10.1479
    endloop
  endfacet
  facet normal -1.32682e-05 -0.80905 -0.58774
    outer loop
      vertex 76.3552 19.6438 9.94705
      vertex 82 19.2378 10.5058
      vertex 76.1964 19.5895 10.0218
    endloop
  endfacet
  facet normal 0 -0.808986 -0.587827
    outer loop
      vertex 82 19.2378 10.5058
      vertex 76.3552 19.6438 9.94705
      vertex 82 19.6438 9.94705
    endloop
  endfacet
  facet normal 0 -0.876132 -0.482072
    outer loop
      vertex 30.288 19.6438 9.94705
      vertex 43.4343 19.6983 9.848
      vertex 43.6448 19.6438 9.94705
    endloop
  endfacet
  facet normal 4.01845e-06 -0.876357 -0.481662
    outer loop
      vertex 30.288 19.6438 9.94705
      vertex 43.0897 19.8185 9.6293
      vertex 43.4343 19.6983 9.848
    endloop
  endfacet
  facet normal 2.75136e-06 -0.876335 -0.481701
    outer loop
      vertex 31.1199 19.9765 9.34179
      vertex 43.0897 19.8185 9.6293
      vertex 30.288 19.6438 9.94705
    endloop
  endfacet
  facet normal 2.96504e-06 -0.876332 -0.481708
    outer loop
      vertex 43.0897 19.8185 9.6293
      vertex 31.1199 19.9765 9.34179
      vertex 42.7752 19.9615 9.36915
    endloop
  endfacet
  facet normal 0 -0.876865 -0.480737
    outer loop
      vertex 42.7752 19.9615 9.36915
      vertex 31.1199 19.9765 9.34179
      vertex 42.7495 19.9765 9.34179
    endloop
  endfacet
  facet normal 0 -0.876132 -0.482072
    outer loop
      vertex 46.5657 19.6983 9.848
      vertex 58.6448 19.6438 9.94705
      vertex 46.3552 19.6438 9.94705
    endloop
  endfacet
  facet normal 0 -0.876132 -0.482072
    outer loop
      vertex 46.5657 19.6983 9.848
      vertex 58.4343 19.6983 9.848
      vertex 58.6448 19.6438 9.94705
    endloop
  endfacet
  facet normal 0 -0.87636 -0.481657
    outer loop
      vertex 46.9103 19.8185 9.6293
      vertex 58.4343 19.6983 9.848
      vertex 46.5657 19.6983 9.848
    endloop
  endfacet
  facet normal 0 -0.87636 -0.481657
    outer loop
      vertex 46.9103 19.8185 9.6293
      vertex 58.0897 19.8185 9.6293
      vertex 58.4343 19.6983 9.848
    endloop
  endfacet
  facet normal 0 -0.876333 -0.481705
    outer loop
      vertex 47.2248 19.9615 9.36915
      vertex 58.0897 19.8185 9.6293
      vertex 46.9103 19.8185 9.6293
    endloop
  endfacet
  facet normal 0 -0.876333 -0.481705
    outer loop
      vertex 47.2248 19.9615 9.36915
      vertex 57.7752 19.9615 9.36915
      vertex 58.0897 19.8185 9.6293
    endloop
  endfacet
  facet normal 0 -0.876865 -0.480737
    outer loop
      vertex 47.2505 19.9765 9.34179
      vertex 57.7752 19.9615 9.36915
      vertex 47.2248 19.9615 9.36915
    endloop
  endfacet
  facet normal 0 -0.876865 -0.480737
    outer loop
      vertex 57.7752 19.9615 9.36915
      vertex 47.2505 19.9765 9.34179
      vertex 57.7495 19.9765 9.34179
    endloop
  endfacet
  facet normal 0 -0.876132 -0.482072
    outer loop
      vertex 61.5657 19.6983 9.848
      vertex 73.6448 19.6438 9.94705
      vertex 61.3552 19.6438 9.94705
    endloop
  endfacet
  facet normal 0 -0.876132 -0.482072
    outer loop
      vertex 61.5657 19.6983 9.848
      vertex 73.4343 19.6983 9.848
      vertex 73.6448 19.6438 9.94705
    endloop
  endfacet
  facet normal 0 -0.87636 -0.481657
    outer loop
      vertex 61.9103 19.8185 9.6293
      vertex 73.4343 19.6983 9.848
      vertex 61.5657 19.6983 9.848
    endloop
  endfacet
  facet normal 0 -0.87636 -0.481657
    outer loop
      vertex 61.9103 19.8185 9.6293
      vertex 73.0897 19.8185 9.6293
      vertex 73.4343 19.6983 9.848
    endloop
  endfacet
  facet normal 0 -0.876333 -0.481705
    outer loop
      vertex 62.2248 19.9615 9.36915
      vertex 73.0897 19.8185 9.6293
      vertex 61.9103 19.8185 9.6293
    endloop
  endfacet
  facet normal 0 -0.876333 -0.481705
    outer loop
      vertex 62.2248 19.9615 9.36915
      vertex 72.7752 19.9615 9.36915
      vertex 73.0897 19.8185 9.6293
    endloop
  endfacet
  facet normal 0 -0.876865 -0.480737
    outer loop
      vertex 62.2505 19.9765 9.34179
      vertex 72.7752 19.9615 9.36915
      vertex 62.2248 19.9615 9.36915
    endloop
  endfacet
  facet normal 0 -0.876865 -0.480737
    outer loop
      vertex 72.7752 19.9615 9.36915
      vertex 62.2505 19.9765 9.34179
      vertex 72.7495 19.9765 9.34179
    endloop
  endfacet
  facet normal 0 -0.876132 -0.482072
    outer loop
      vertex 76.5657 19.6983 9.848
      vertex 82 19.6438 9.94705
      vertex 76.3552 19.6438 9.94705
    endloop
  endfacet
  facet normal -9.56193e-06 -0.876353 -0.481669
    outer loop
      vertex 76.9103 19.8185 9.6293
      vertex 82 19.6438 9.94705
      vertex 76.5657 19.6983 9.848
    endloop
  endfacet
  facet normal -6.12623e-06 -0.87633 -0.481711
    outer loop
      vertex 77.2248 19.9615 9.36915
      vertex 82 19.6438 9.94705
      vertex 76.9103 19.8185 9.6293
    endloop
  endfacet
  facet normal -0.000143253 -0.876808 -0.480841
    outer loop
      vertex 77.2505 19.9765 9.34179
      vertex 82 19.6438 9.94705
      vertex 77.2248 19.9615 9.36915
    endloop
  endfacet
  facet normal 0 -0.876334 -0.481704
    outer loop
      vertex 82 19.6438 9.94705
      vertex 77.2505 19.9765 9.34179
      vertex 82 19.9765 9.34179
    endloop
  endfacet
  facet normal 0 -0.0627947 0.998026
    outer loop
      vertex 20.4018 15.6893 1.54337
      vertex 82 15 1.5
      vertex 82 15.6893 1.54337
    endloop
  endfacet
  facet normal 0 -0.0627947 0.998026
    outer loop
      vertex 82 15 1.5
      vertex 20.4018 15.6893 1.54337
      vertex 18.6785 15 1.5
    endloop
  endfacet
  facet normal -0.00341299 0.309023 0.951048
    outer loop
      vertex 82 13.6322 1.67279
      vertex 81.9984 12.9753 1.88623
      vertex 82 13 1.87821
    endloop
  endfacet
  facet normal -0 0.309017 0.951056
    outer loop
      vertex 15.259 13.6322 1.67279
      vertex 81.9984 12.9753 1.88623
      vertex 82 13.6322 1.67279
    endloop
  endfacet
  facet normal 0 0.309017 0.951056
    outer loop
      vertex 81.9984 12.9753 1.88623
      vertex 15.259 13.6322 1.67279
      vertex 13.6168 12.9753 1.88623
    endloop
  endfacet
  facet normal 0 1 -0
    outer loop
      vertex 41.7564 9.51085 7.20407
      vertex 4.95562 9.51085 7.34535
      vertex 41.7743 9.51085 7.34535
    endloop
  endfacet
  facet normal 0 1 -0
    outer loop
      vertex 41.7564 9.51085 6.79593
      vertex 4.95562 9.51085 7.34535
      vertex 41.7564 9.51085 7.20407
    endloop
  endfacet
  facet normal 0 1 0
    outer loop
      vertex 4.95562 9.51085 6.65465
      vertex 41.7564 9.51085 6.79593
      vertex 41.7743 9.51085 6.65465
    endloop
  endfacet
  facet normal 0 1 0
    outer loop
      vertex 41.7564 9.51085 6.79593
      vertex 4.95562 9.51085 6.65465
      vertex 4.95562 9.51085 7.34535
    endloop
  endfacet
  facet normal 0 1 -0
    outer loop
      vertex 56.7564 9.51085 7.20407
      vertex 48.2257 9.51085 7.34535
      vertex 56.7743 9.51085 7.34535
    endloop
  endfacet
  facet normal 0 1 0
    outer loop
      vertex 56.7564 9.51085 7.20407
      vertex 48.2436 9.51085 7.20407
      vertex 48.2257 9.51085 7.34535
    endloop
  endfacet
  facet normal 0 1 -0
    outer loop
      vertex 56.7564 9.51085 6.79593
      vertex 48.2436 9.51085 7.20407
      vertex 56.7564 9.51085 7.20407
    endloop
  endfacet
  facet normal 0 1 0
    outer loop
      vertex 56.7564 9.51085 6.79593
      vertex 48.2436 9.51085 6.79593
      vertex 48.2436 9.51085 7.20407
    endloop
  endfacet
  facet normal 0 1 0
    outer loop
      vertex 56.7743 9.51085 6.65465
      vertex 48.2436 9.51085 6.79593
      vertex 56.7564 9.51085 6.79593
    endloop
  endfacet
  facet normal 0 1 0
    outer loop
      vertex 48.2436 9.51085 6.79593
      vertex 56.7743 9.51085 6.65465
      vertex 48.2257 9.51085 6.65465
    endloop
  endfacet
  facet normal 0 1 -0
    outer loop
      vertex 71.7564 9.51085 7.20407
      vertex 63.2257 9.51085 7.34535
      vertex 71.7743 9.51085 7.34535
    endloop
  endfacet
  facet normal 0 1 0
    outer loop
      vertex 71.7564 9.51085 7.20407
      vertex 63.2436 9.51085 7.20407
      vertex 63.2257 9.51085 7.34535
    endloop
  endfacet
  facet normal 0 1 -0
    outer loop
      vertex 71.7564 9.51085 6.79593
      vertex 63.2436 9.51085 7.20407
      vertex 71.7564 9.51085 7.20407
    endloop
  endfacet
  facet normal 0 1 0
    outer loop
      vertex 71.7564 9.51085 6.79593
      vertex 63.2436 9.51085 6.79593
      vertex 63.2436 9.51085 7.20407
    endloop
  endfacet
  facet normal 0 1 0
    outer loop
      vertex 71.7743 9.51085 6.65465
      vertex 63.2436 9.51085 6.79593
      vertex 71.7564 9.51085 6.79593
    endloop
  endfacet
  facet normal 0 1 0
    outer loop
      vertex 63.2436 9.51085 6.79593
      vertex 71.7743 9.51085 6.65465
      vertex 63.2257 9.51085 6.65465
    endloop
  endfacet
  facet normal 0 1 0
    outer loop
      vertex 80.5741 9.51085 7.34535
      vertex 78.2436 9.51085 7.20407
      vertex 78.2257 9.51085 7.34535
    endloop
  endfacet
  facet normal 0 1 0
    outer loop
      vertex 80.5741 9.51085 7.34535
      vertex 78.2436 9.51085 6.79593
      vertex 78.2436 9.51085 7.20407
    endloop
  endfacet
  facet normal 0 1 -0
    outer loop
      vertex 80.5741 9.51085 6.65465
      vertex 78.2436 9.51085 6.79593
      vertex 80.5741 9.51085 7.34535
    endloop
  endfacet
  facet normal 0 1 0
    outer loop
      vertex 78.2436 9.51085 6.79593
      vertex 80.5741 9.51085 6.65465
      vertex 78.2257 9.51085 6.65465
    endloop
  endfacet
  facet normal 0.00712023 0.425427 -0.904965
    outer loop
      vertex 81.9562 12.3504 11.8197
      vertex 81.9984 12.9753 12.1138
      vertex 81.9606 12.3733 11.8305
    endloop
  endfacet
  facet normal 0 0.425832 -0.904802
    outer loop
      vertex 81.9562 12.3504 11.8197
      vertex 13.6168 12.9753 12.1138
      vertex 81.9984 12.9753 12.1138
    endloop
  endfacet
  facet normal 0 0.425832 -0.904802
    outer loop
      vertex 13.6168 12.9753 12.1138
      vertex 81.9562 12.3504 11.8197
      vertex 12.0544 12.3504 11.8197
    endloop
  endfacet
  facet normal -2.4234e-07 0.992113 0.12535
    outer loop
      vertex 5.17204 9.59742 5.9694
      vertex 41.7743 9.51085 6.65465
      vertex 41.8076 9.54416 6.39101
    endloop
  endfacet
  facet normal -3.14323e-08 0.992115 0.125332
    outer loop
      vertex 5.17204 9.59742 5.9694
      vertex 41.8076 9.54416 6.39101
      vertex 41.9091 9.5941 5.99569
    endloop
  endfacet
  facet normal -0 0.99212 0.125289
    outer loop
      vertex 5.17204 9.59742 5.9694
      vertex 41.9091 9.5941 5.99569
      vertex 41.9195 9.59742 5.9694
    endloop
  endfacet
  facet normal 0 0.992114 0.125337
    outer loop
      vertex 41.7743 9.51085 6.65465
      vertex 5.17204 9.59742 5.9694
      vertex 4.95562 9.51085 6.65465
    endloop
  endfacet
  facet normal 0 0.992113 0.12535
    outer loop
      vertex 56.8076 9.54416 6.39101
      vertex 48.2257 9.51085 6.65465
      vertex 56.7743 9.51085 6.65465
    endloop
  endfacet
  facet normal 0 0.992113 0.12535
    outer loop
      vertex 56.8076 9.54416 6.39101
      vertex 48.1924 9.54416 6.39101
      vertex 48.2257 9.51085 6.65465
    endloop
  endfacet
  facet normal 0 0.992115 0.125332
    outer loop
      vertex 56.9091 9.5941 5.99569
      vertex 48.1924 9.54416 6.39101
      vertex 56.8076 9.54416 6.39101
    endloop
  endfacet
  facet normal 0 0.992115 0.125332
    outer loop
      vertex 56.9091 9.5941 5.99569
      vertex 48.0909 9.5941 5.99569
      vertex 48.1924 9.54416 6.39101
    endloop
  endfacet
  facet normal 0 0.99212 0.125289
    outer loop
      vertex 56.9195 9.59742 5.9694
      vertex 48.0909 9.5941 5.99569
      vertex 56.9091 9.5941 5.99569
    endloop
  endfacet
  facet normal 0 0.99212 0.125289
    outer loop
      vertex 48.0909 9.5941 5.99569
      vertex 56.9195 9.59742 5.9694
      vertex 48.0805 9.59742 5.9694
    endloop
  endfacet
  facet normal 0 0.992113 0.12535
    outer loop
      vertex 71.8076 9.54416 6.39101
      vertex 63.2257 9.51085 6.65465
      vertex 71.7743 9.51085 6.65465
    endloop
  endfacet
  facet normal 0 0.992113 0.12535
    outer loop
      vertex 71.8076 9.54416 6.39101
      vertex 63.1924 9.54416 6.39101
      vertex 63.2257 9.51085 6.65465
    endloop
  endfacet
  facet normal 0 0.992115 0.125332
    outer loop
      vertex 71.9091 9.5941 5.99569
      vertex 63.1924 9.54416 6.39101
      vertex 71.8076 9.54416 6.39101
    endloop
  endfacet
  facet normal 0 0.992115 0.125332
    outer loop
      vertex 71.9091 9.5941 5.99569
      vertex 63.0909 9.5941 5.99569
      vertex 63.1924 9.54416 6.39101
    endloop
  endfacet
  facet normal 0 0.99212 0.125289
    outer loop
      vertex 71.9195 9.59742 5.9694
      vertex 63.0909 9.5941 5.99569
      vertex 71.9091 9.5941 5.99569
    endloop
  endfacet
  facet normal 0 0.99212 0.125289
    outer loop
      vertex 63.0909 9.5941 5.99569
      vertex 71.9195 9.59742 5.9694
      vertex 63.0805 9.59742 5.9694
    endloop
  endfacet
  facet normal 0 0.992113 0.12535
    outer loop
      vertex 80.5741 9.51085 6.65465
      vertex 78.1924 9.54416 6.39101
      vertex 78.2257 9.51085 6.65465
    endloop
  endfacet
  facet normal 1.87504e-06 0.992115 0.125333
    outer loop
      vertex 80.6448 9.57726 6.12896
      vertex 78.1924 9.54416 6.39101
      vertex 80.5741 9.51085 6.65465
    endloop
  endfacet
  facet normal 3.82559e-06 0.992112 0.125351
    outer loop
      vertex 80.6615 9.59742 5.9694
      vertex 78.1924 9.54416 6.39101
      vertex 80.6448 9.57726 6.12896
    endloop
  endfacet
  facet normal 4.48112e-07 0.992115 0.125332
    outer loop
      vertex 78.1924 9.54416 6.39101
      vertex 80.6615 9.59742 5.9694
      vertex 78.0909 9.5941 5.99569
    endloop
  endfacet
  facet normal 0 0.99212 0.125289
    outer loop
      vertex 78.0909 9.5941 5.99569
      vertex 80.6615 9.59742 5.9694
      vertex 78.0805 9.59742 5.9694
    endloop
  endfacet
  facet normal 0 -0.992117 0.125313
    outer loop
      vertex 32.4014 20.4891 6.65465
      vertex 41.8076 20.4558 6.39101
      vertex 41.7743 20.4891 6.65465
    endloop
  endfacet
  facet normal -2.28971e-06 -0.992127 0.125233
    outer loop
      vertex 32.4014 20.4891 6.65465
      vertex 41.9091 20.4059 5.99569
      vertex 41.8076 20.4558 6.39101
    endloop
  endfacet
  facet normal -1.90145e-06 -0.992127 0.125238
    outer loop
      vertex 32.1849 20.4026 5.9694
      vertex 41.9091 20.4059 5.99569
      vertex 32.4014 20.4891 6.65465
    endloop
  endfacet
  facet normal 0 -0.992214 0.124546
    outer loop
      vertex 41.9091 20.4059 5.99569
      vertex 32.1849 20.4026 5.9694
      vertex 41.9195 20.4026 5.9694
    endloop
  endfacet
  facet normal 0 -0.992117 0.125313
    outer loop
      vertex 48.1924 20.4558 6.39101
      vertex 56.7743 20.4891 6.65465
      vertex 48.2257 20.4891 6.65465
    endloop
  endfacet
  facet normal 0 -0.992117 0.125313
    outer loop
      vertex 48.1924 20.4558 6.39101
      vertex 56.8076 20.4558 6.39101
      vertex 56.7743 20.4891 6.65465
    endloop
  endfacet
  facet normal 0 -0.992127 0.125233
    outer loop
      vertex 48.0909 20.4059 5.99569
      vertex 56.8076 20.4558 6.39101
      vertex 48.1924 20.4558 6.39101
    endloop
  endfacet
  facet normal 0 -0.992127 0.125233
    outer loop
      vertex 48.0909 20.4059 5.99569
      vertex 56.9091 20.4059 5.99569
      vertex 56.8076 20.4558 6.39101
    endloop
  endfacet
  facet normal 0 -0.992214 0.124546
    outer loop
      vertex 48.0805 20.4026 5.9694
      vertex 56.9091 20.4059 5.99569
      vertex 48.0909 20.4059 5.99569
    endloop
  endfacet
  facet normal 0 -0.992214 0.124546
    outer loop
      vertex 56.9091 20.4059 5.99569
      vertex 48.0805 20.4026 5.9694
      vertex 56.9195 20.4026 5.9694
    endloop
  endfacet
  facet normal 0 -0.992117 0.125313
    outer loop
      vertex 63.1924 20.4558 6.39101
      vertex 71.7743 20.4891 6.65465
      vertex 63.2257 20.4891 6.65465
    endloop
  endfacet
  facet normal 0 -0.992117 0.125313
    outer loop
      vertex 63.1924 20.4558 6.39101
      vertex 71.8076 20.4558 6.39101
      vertex 71.7743 20.4891 6.65465
    endloop
  endfacet
  facet normal 0 -0.992127 0.125233
    outer loop
      vertex 63.0909 20.4059 5.99569
      vertex 71.8076 20.4558 6.39101
      vertex 63.1924 20.4558 6.39101
    endloop
  endfacet
  facet normal 0 -0.992127 0.125233
    outer loop
      vertex 63.0909 20.4059 5.99569
      vertex 71.9091 20.4059 5.99569
      vertex 71.8076 20.4558 6.39101
    endloop
  endfacet
  facet normal 0 -0.992214 0.124546
    outer loop
      vertex 63.0805 20.4026 5.9694
      vertex 71.9091 20.4059 5.99569
      vertex 63.0909 20.4059 5.99569
    endloop
  endfacet
  facet normal 0 -0.992214 0.124546
    outer loop
      vertex 71.9091 20.4059 5.99569
      vertex 63.0805 20.4026 5.9694
      vertex 71.9195 20.4026 5.9694
    endloop
  endfacet
  facet normal 1.36116e-05 -0.992117 0.125311
    outer loop
      vertex 82 20.4026 5.9694
      vertex 78.2257 20.4891 6.65465
      vertex 78.1924 20.4558 6.39101
    endloop
  endfacet
  facet normal 4.68821e-06 -0.992127 0.125232
    outer loop
      vertex 82 20.4026 5.9694
      vertex 78.1924 20.4558 6.39101
      vertex 78.0909 20.4059 5.99569
    endloop
  endfacet
  facet normal 0 -0.992214 0.124546
    outer loop
      vertex 82 20.4026 5.9694
      vertex 78.0909 20.4059 5.99569
      vertex 78.0805 20.4026 5.9694
    endloop
  endfacet
  facet normal 0 -0.992127 0.125237
    outer loop
      vertex 78.2257 20.4891 6.65465
      vertex 82 20.4026 5.9694
      vertex 82 20.4891 6.65465
    endloop
  endfacet
  facet normal -0 0.187366 0.98229
    outer loop
      vertex 16.9552 14.3107 1.54337
      vertex 82 13.6322 1.67279
      vertex 82 14.3107 1.54337
    endloop
  endfacet
  facet normal 0 0.187366 0.98229
    outer loop
      vertex 82 13.6322 1.67279
      vertex 16.9552 14.3107 1.54337
      vertex 15.259 13.6322 1.67279
    endloop
  endfacet
  facet normal -0.000817815 0.729153 0.684351
    outer loop
      vertex 81.6734 11.235 2.99067
      vertex 81.462 10.7622 3.49417
      vertex 81.6489 11.1594 3.07119
    endloop
  endfacet
  facet normal 0 0.728982 0.684533
    outer loop
      vertex 81.462 10.7622 3.49417
      vertex 81.6734 11.235 2.99067
      vertex 9.26597 11.235 2.99067
    endloop
  endfacet
  facet normal 0 0.728982 0.684533
    outer loop
      vertex 81.462 10.7622 3.49417
      vertex 9.26597 11.235 2.99067
      vertex 8.08393 10.7622 3.49417
    endloop
  endfacet
  facet normal 0.0329413 0.630742 0.775293
    outer loop
      vertex 81.8449 11.7672 2.55041
      vertex 81.6734 11.235 2.99067
      vertex 81.8429 11.7565 2.5592
    endloop
  endfacet
  facet normal -0 0.637412 0.770523
    outer loop
      vertex 10.5964 11.7672 2.55041
      vertex 81.6734 11.235 2.99067
      vertex 81.8449 11.7672 2.55041
    endloop
  endfacet
  facet normal 0 0.637412 0.770523
    outer loop
      vertex 81.6734 11.235 2.99067
      vertex 10.5964 11.7672 2.55041
      vertex 9.26597 11.235 2.99067
    endloop
  endfacet
  facet normal -0.0148352 0.308964 -0.950958
    outer loop
      vertex 81.9984 12.9753 12.1138
      vertex 82 13.6322 12.3272
      vertex 82 13 12.1218
    endloop
  endfacet
  facet normal 0 0.308965 -0.951073
    outer loop
      vertex 81.9984 12.9753 12.1138
      vertex 15.259 13.6322 12.3272
      vertex 82 13.6322 12.3272
    endloop
  endfacet
  facet normal 0 0.308965 -0.951073
    outer loop
      vertex 15.259 13.6322 12.3272
      vertex 81.9984 12.9753 12.1138
      vertex 13.6168 12.9753 12.1138
    endloop
  endfacet
  facet normal 0 0.187338 -0.982295
    outer loop
      vertex 82 13.6322 12.3272
      vertex 16.9552 14.3107 12.4566
      vertex 82 14.3107 12.4566
    endloop
  endfacet
  facet normal 0 0.187338 -0.982295
    outer loop
      vertex 16.9552 14.3107 12.4566
      vertex 82 13.6322 12.3272
      vertex 15.259 13.6322 12.3272
    endloop
  endfacet
  facet normal 0 0.062838 -0.998024
    outer loop
      vertex 82 14.3107 12.4566
      vertex 18.6785 15 12.5
      vertex 82 15 12.5
    endloop
  endfacet
  facet normal 0 0.062838 -0.998024
    outer loop
      vertex 18.6785 15 12.5
      vertex 82 14.3107 12.4566
      vertex 16.9552 14.3107 12.4566
    endloop
  endfacet
  facet normal 9.89859e-07 0.929773 0.368133
    outer loop
      vertex 6.23712 10.0235 4.65821
      vertex 42.2329 9.76919 5.30041
      vertex 42.2559 9.78576 5.25856
    endloop
  endfacet
  facet normal 1.20616e-06 0.929778 0.368122
    outer loop
      vertex 6.23712 10.0235 4.65821
      vertex 42.2559 9.78576 5.25856
      vertex 42.4958 9.91649 4.92837
    endloop
  endfacet
  facet normal -0 0.929722 0.368262
    outer loop
      vertex 6.23712 10.0235 4.65821
      vertex 42.4958 9.91649 4.92837
      vertex 42.7495 10.0235 4.65821
    endloop
  endfacet
  facet normal 0 0.929754 0.368181
    outer loop
      vertex 42.2329 9.76919 5.30041
      vertex 6.23712 10.0235 4.65821
      vertex 5.60146 9.76919 5.30041
    endloop
  endfacet
  facet normal 0 0.929773 0.368132
    outer loop
      vertex 57.2559 9.78576 5.25856
      vertex 47.7671 9.76919 5.30041
      vertex 57.2329 9.76919 5.30041
    endloop
  endfacet
  facet normal 0 0.929773 0.368132
    outer loop
      vertex 57.2559 9.78576 5.25856
      vertex 47.7441 9.78576 5.25856
      vertex 47.7671 9.76919 5.30041
    endloop
  endfacet
  facet normal 0 0.929778 0.368121
    outer loop
      vertex 57.4958 9.91649 4.92837
      vertex 47.7441 9.78576 5.25856
      vertex 57.2559 9.78576 5.25856
    endloop
  endfacet
  facet normal 0 0.929778 0.368121
    outer loop
      vertex 57.4958 9.91649 4.92837
      vertex 47.5042 9.91649 4.92837
      vertex 47.7441 9.78576 5.25856
    endloop
  endfacet
  facet normal 0 0.929722 0.368262
    outer loop
      vertex 57.7495 10.0235 4.65821
      vertex 47.5042 9.91649 4.92837
      vertex 57.4958 9.91649 4.92837
    endloop
  endfacet
  facet normal 0 0.929722 0.368262
    outer loop
      vertex 47.5042 9.91649 4.92837
      vertex 57.7495 10.0235 4.65821
      vertex 47.2505 10.0235 4.65821
    endloop
  endfacet
  facet normal 0 0.929773 0.368132
    outer loop
      vertex 72.2559 9.78576 5.25856
      vertex 62.7671 9.76919 5.30041
      vertex 72.2329 9.76919 5.30041
    endloop
  endfacet
  facet normal 0 0.929773 0.368132
    outer loop
      vertex 72.2559 9.78576 5.25856
      vertex 62.7441 9.78576 5.25856
      vertex 62.7671 9.76919 5.30041
    endloop
  endfacet
  facet normal 0 0.929778 0.368121
    outer loop
      vertex 72.4958 9.91649 4.92837
      vertex 62.7441 9.78576 5.25856
      vertex 72.2559 9.78576 5.25856
    endloop
  endfacet
  facet normal 0 0.929778 0.368121
    outer loop
      vertex 72.4958 9.91649 4.92837
      vertex 62.5042 9.91649 4.92837
      vertex 62.7441 9.78576 5.25856
    endloop
  endfacet
  facet normal 0 0.929722 0.368262
    outer loop
      vertex 72.7495 10.0235 4.65821
      vertex 62.5042 9.91649 4.92837
      vertex 72.4958 9.91649 4.92837
    endloop
  endfacet
  facet normal 0 0.929722 0.368262
    outer loop
      vertex 62.5042 9.91649 4.92837
      vertex 72.7495 10.0235 4.65821
      vertex 62.2505 10.0235 4.65821
    endloop
  endfacet
  facet normal 0 0.929773 0.368132
    outer loop
      vertex 80.8036 9.76919 5.30041
      vertex 77.7441 9.78576 5.25856
      vertex 77.7671 9.76919 5.30041
    endloop
  endfacet
  facet normal -7.62933e-07 0.929754 0.368181
    outer loop
      vertex 81.014 10.0235 4.65821
      vertex 77.7441 9.78576 5.25856
      vertex 80.8036 9.76919 5.30041
    endloop
  endfacet
  facet normal -1.18643e-05 0.929775 0.368128
    outer loop
      vertex 77.7441 9.78576 5.25856
      vertex 81.014 10.0235 4.65821
      vertex 77.5042 9.91649 4.92837
    endloop
  endfacet
  facet normal 0 0.929722 0.368262
    outer loop
      vertex 77.5042 9.91649 4.92837
      vertex 81.014 10.0235 4.65821
      vertex 77.2505 10.0235 4.65821
    endloop
  endfacet
  facet normal 1.28596e-07 0.968584 0.248687
    outer loop
      vertex 5.60146 9.76919 5.30041
      vertex 41.9195 9.59742 5.9694
      vertex 42.0593 9.6881 5.61622
    endloop
  endfacet
  facet normal -0 0.96858 0.248701
    outer loop
      vertex 5.60146 9.76919 5.30041
      vertex 42.0593 9.6881 5.61622
      vertex 42.2329 9.76919 5.30041
    endloop
  endfacet
  facet normal 0 0.968582 0.248693
    outer loop
      vertex 41.9195 9.59742 5.9694
      vertex 5.60146 9.76919 5.30041
      vertex 5.17204 9.59742 5.9694
    endloop
  endfacet
  facet normal 0 0.968584 0.248687
    outer loop
      vertex 57.0593 9.6881 5.61622
      vertex 48.0805 9.59742 5.9694
      vertex 56.9195 9.59742 5.9694
    endloop
  endfacet
  facet normal 0 0.968584 0.248687
    outer loop
      vertex 57.0593 9.6881 5.61622
      vertex 47.9407 9.6881 5.61622
      vertex 48.0805 9.59742 5.9694
    endloop
  endfacet
  facet normal 0 0.96858 0.248701
    outer loop
      vertex 57.2329 9.76919 5.30041
      vertex 47.9407 9.6881 5.61622
      vertex 57.0593 9.6881 5.61622
    endloop
  endfacet
  facet normal 0 0.96858 0.248701
    outer loop
      vertex 47.9407 9.6881 5.61622
      vertex 57.2329 9.76919 5.30041
      vertex 47.7671 9.76919 5.30041
    endloop
  endfacet
  facet normal 0 0.968584 0.248687
    outer loop
      vertex 72.0593 9.6881 5.61622
      vertex 63.0805 9.59742 5.9694
      vertex 71.9195 9.59742 5.9694
    endloop
  endfacet
  facet normal 0 0.968584 0.248687
    outer loop
      vertex 72.0593 9.6881 5.61622
      vertex 62.9407 9.6881 5.61622
      vertex 63.0805 9.59742 5.9694
    endloop
  endfacet
  facet normal 0 0.96858 0.248701
    outer loop
      vertex 72.2329 9.76919 5.30041
      vertex 62.9407 9.6881 5.61622
      vertex 72.0593 9.6881 5.61622
    endloop
  endfacet
  facet normal 0 0.96858 0.248701
    outer loop
      vertex 62.9407 9.6881 5.61622
      vertex 72.2329 9.76919 5.30041
      vertex 62.7671 9.76919 5.30041
    endloop
  endfacet
  facet normal 0 0.968582 0.248693
    outer loop
      vertex 80.8036 9.76919 5.30041
      vertex 78.0805 9.59742 5.9694
      vertex 80.6615 9.59742 5.9694
    endloop
  endfacet
  facet normal -1.57449e-06 0.968584 0.248687
    outer loop
      vertex 78.0805 9.59742 5.9694
      vertex 80.8036 9.76919 5.30041
      vertex 77.9407 9.6881 5.61622
    endloop
  endfacet
  facet normal 0 0.96858 0.248701
    outer loop
      vertex 77.9407 9.6881 5.61622
      vertex 80.8036 9.76919 5.30041
      vertex 77.7671 9.76919 5.30041
    endloop
  endfacet
  facet normal 0 0.809001 0.587807
    outer loop
      vertex 81.462 10.7622 3.49417
      vertex 76.3552 10.3562 4.05295
      vertex 81.2324 10.3562 4.05295
    endloop
  endfacet
  facet normal 9.34671e-06 0.808961 0.587863
    outer loop
      vertex 76.3552 10.3562 4.05295
      vertex 81.462 10.7622 3.49417
      vertex 76.1964 10.4105 3.97823
    endloop
  endfacet
  facet normal -1.90155e-05 0.809108 0.587661
    outer loop
      vertex 76.1964 10.4105 3.97823
      vertex 81.462 10.7622 3.49417
      vertex 75.8082 10.5021 3.8521
    endloop
  endfacet
  facet normal 1.55367e-05 0.808848 0.588018
    outer loop
      vertex 75.8082 10.5021 3.8521
      vertex 81.462 10.7622 3.49417
      vertex 75.4073 10.5577 3.77563
    endloop
  endfacet
  facet normal 0 0.808974 0.587844
    outer loop
      vertex 81.462 10.7622 3.49417
      vertex 60 10.5763 3.75
      vertex 75 10.5763 3.75
    endloop
  endfacet
  facet normal -1.85309e-05 0.809196 0.587538
    outer loop
      vertex 75.4073 10.5577 3.77563
      vertex 81.462 10.7622 3.49417
      vertex 75 10.5763 3.75
    endloop
  endfacet
  facet normal 0.0021143 0.808586 0.588374
    outer loop
      vertex 81.462 10.7622 3.49417
      vertex 81.2324 10.3562 4.05295
      vertex 81.3815 10.5912 3.72946
    endloop
  endfacet
  facet normal 0 0.808951 0.587876
    outer loop
      vertex 73.8036 10.4105 3.97823
      vertex 61.3552 10.3562 4.05295
      vertex 73.6448 10.3562 4.05295
    endloop
  endfacet
  facet normal 0 0.808951 0.587876
    outer loop
      vertex 73.8036 10.4105 3.97823
      vertex 61.1964 10.4105 3.97823
      vertex 61.3552 10.3562 4.05295
    endloop
  endfacet
  facet normal 0 0.809135 0.587622
    outer loop
      vertex 74.1918 10.5021 3.8521
      vertex 61.1964 10.4105 3.97823
      vertex 73.8036 10.4105 3.97823
    endloop
  endfacet
  facet normal 0 0.809135 0.587622
    outer loop
      vertex 74.1918 10.5021 3.8521
      vertex 60.8082 10.5021 3.8521
      vertex 61.1964 10.4105 3.97823
    endloop
  endfacet
  facet normal 0 0.808809 0.588071
    outer loop
      vertex 74.5927 10.5577 3.77563
      vertex 60.8082 10.5021 3.8521
      vertex 74.1918 10.5021 3.8521
    endloop
  endfacet
  facet normal 0 0.808809 0.588071
    outer loop
      vertex 74.5927 10.5577 3.77563
      vertex 60.4073 10.5577 3.77563
      vertex 60.8082 10.5021 3.8521
    endloop
  endfacet
  facet normal 0 0.809336 0.587345
    outer loop
      vertex 75 10.5763 3.75
      vertex 60.4073 10.5577 3.77563
      vertex 74.5927 10.5577 3.77563
    endloop
  endfacet
  facet normal 0 0.809336 0.587345
    outer loop
      vertex 60.4073 10.5577 3.77563
      vertex 75 10.5763 3.75
      vertex 60 10.5763 3.75
    endloop
  endfacet
  facet normal 0 0.808951 0.587876
    outer loop
      vertex 58.8036 10.4105 3.97823
      vertex 46.3552 10.3562 4.05295
      vertex 58.6448 10.3562 4.05295
    endloop
  endfacet
  facet normal 0 0.808951 0.587876
    outer loop
      vertex 58.8036 10.4105 3.97823
      vertex 46.1964 10.4105 3.97823
      vertex 46.3552 10.3562 4.05295
    endloop
  endfacet
  facet normal 0 0.809135 0.587622
    outer loop
      vertex 59.1918 10.5021 3.8521
      vertex 46.1964 10.4105 3.97823
      vertex 58.8036 10.4105 3.97823
    endloop
  endfacet
  facet normal 0 0.809135 0.587622
    outer loop
      vertex 59.1918 10.5021 3.8521
      vertex 45.8082 10.5021 3.8521
      vertex 46.1964 10.4105 3.97823
    endloop
  endfacet
  facet normal 0 0.808809 0.588071
    outer loop
      vertex 59.5927 10.5577 3.77563
      vertex 45.8082 10.5021 3.8521
      vertex 59.1918 10.5021 3.8521
    endloop
  endfacet
  facet normal 0 0.808809 0.588071
    outer loop
      vertex 59.5927 10.5577 3.77563
      vertex 45.4073 10.5577 3.77563
      vertex 45.8082 10.5021 3.8521
    endloop
  endfacet
  facet normal 0 0.809336 0.587345
    outer loop
      vertex 60 10.5763 3.75
      vertex 45.4073 10.5577 3.77563
      vertex 59.5927 10.5577 3.77563
    endloop
  endfacet
  facet normal 0 0.809336 0.587345
    outer loop
      vertex 45.4073 10.5577 3.77563
      vertex 60 10.5763 3.75
      vertex 45 10.5763 3.75
    endloop
  endfacet
  facet normal -1.60091e-06 0.808953 0.587873
    outer loop
      vertex 8.08393 10.7622 3.49417
      vertex 43.6448 10.3562 4.05295
      vertex 43.8036 10.4105 3.97823
    endloop
  endfacet
  facet normal 3.45238e-06 0.80913 0.587629
    outer loop
      vertex 8.08393 10.7622 3.49417
      vertex 43.8036 10.4105 3.97823
      vertex 44.1918 10.5021 3.8521
    endloop
  endfacet
  facet normal -3.07999e-06 0.808817 0.588061
    outer loop
      vertex 8.08393 10.7622 3.49417
      vertex 44.1918 10.5021 3.8521
      vertex 44.5927 10.5577 3.77563
    endloop
  endfacet
  facet normal 4.76092e-06 0.809301 0.587395
    outer loop
      vertex 8.08393 10.7622 3.49417
      vertex 44.5927 10.5577 3.77563
      vertex 45 10.5763 3.75
    endloop
  endfacet
  facet normal 0 0.808974 0.587844
    outer loop
      vertex 60 10.5763 3.75
      vertex 81.462 10.7622 3.49417
      vertex 45 10.5763 3.75
    endloop
  endfacet
  facet normal 0 0.809001 0.587807
    outer loop
      vertex 43.6448 10.3562 4.05295
      vertex 8.08393 10.7622 3.49417
      vertex 7.06898 10.3562 4.05295
    endloop
  endfacet
  facet normal -0 0.808974 0.587844
    outer loop
      vertex 8.08393 10.7622 3.49417
      vertex 45 10.5763 3.75
      vertex 81.462 10.7622 3.49417
    endloop
  endfacet
  facet normal 2.10175e-05 0.876856 0.480752
    outer loop
      vertex 7.06898 10.3562 4.05295
      vertex 42.7495 10.0235 4.65821
      vertex 42.7752 10.0385 4.63085
    endloop
  endfacet
  facet normal 1.21508e-06 0.87634 0.481692
    outer loop
      vertex 7.06898 10.3562 4.05295
      vertex 42.7752 10.0385 4.63085
      vertex 43.0897 10.1815 4.37069
    endloop
  endfacet
  facet normal 1.40392e-06 0.876349 0.481676
    outer loop
      vertex 7.06898 10.3562 4.05295
      vertex 43.0897 10.1815 4.37069
      vertex 43.4343 10.3017 4.152
    endloop
  endfacet
  facet normal -0 0.876132 0.482072
    outer loop
      vertex 7.06898 10.3562 4.05295
      vertex 43.4343 10.3017 4.152
      vertex 43.6448 10.3562 4.05295
    endloop
  endfacet
  facet normal 0 0.876334 0.481704
    outer loop
      vertex 42.7495 10.0235 4.65821
      vertex 7.06898 10.3562 4.05295
      vertex 6.23712 10.0235 4.65821
    endloop
  endfacet
  facet normal 0 0.876865 0.480737
    outer loop
      vertex 57.7752 10.0385 4.63085
      vertex 47.2505 10.0235 4.65821
      vertex 57.7495 10.0235 4.65821
    endloop
  endfacet
  facet normal 0 0.876865 0.480737
    outer loop
      vertex 57.7752 10.0385 4.63085
      vertex 47.2248 10.0385 4.63085
      vertex 47.2505 10.0235 4.65821
    endloop
  endfacet
  facet normal 0 0.876341 0.481691
    outer loop
      vertex 58.0897 10.1815 4.37069
      vertex 47.2248 10.0385 4.63085
      vertex 57.7752 10.0385 4.63085
    endloop
  endfacet
  facet normal 0 0.876341 0.481691
    outer loop
      vertex 58.0897 10.1815 4.37069
      vertex 46.9103 10.1815 4.37069
      vertex 47.2248 10.0385 4.63085
    endloop
  endfacet
  facet normal 0 0.87635 0.481674
    outer loop
      vertex 58.4343 10.3017 4.152
      vertex 46.9103 10.1815 4.37069
      vertex 58.0897 10.1815 4.37069
    endloop
  endfacet
  facet normal 0 0.87635 0.481674
    outer loop
      vertex 58.4343 10.3017 4.152
      vertex 46.5657 10.3017 4.152
      vertex 46.9103 10.1815 4.37069
    endloop
  endfacet
  facet normal 0 0.876132 0.482072
    outer loop
      vertex 58.6448 10.3562 4.05295
      vertex 46.5657 10.3017 4.152
      vertex 58.4343 10.3017 4.152
    endloop
  endfacet
  facet normal 0 0.876132 0.482072
    outer loop
      vertex 46.5657 10.3017 4.152
      vertex 58.6448 10.3562 4.05295
      vertex 46.3552 10.3562 4.05295
    endloop
  endfacet
  facet normal 0 0.876865 0.480737
    outer loop
      vertex 72.7752 10.0385 4.63085
      vertex 62.2505 10.0235 4.65821
      vertex 72.7495 10.0235 4.65821
    endloop
  endfacet
  facet normal 0 0.876865 0.480737
    outer loop
      vertex 72.7752 10.0385 4.63085
      vertex 62.2248 10.0385 4.63085
      vertex 62.2505 10.0235 4.65821
    endloop
  endfacet
  facet normal 0 0.876341 0.481691
    outer loop
      vertex 73.0897 10.1815 4.37069
      vertex 62.2248 10.0385 4.63085
      vertex 72.7752 10.0385 4.63085
    endloop
  endfacet
  facet normal 0 0.876341 0.481691
    outer loop
      vertex 73.0897 10.1815 4.37069
      vertex 61.9103 10.1815 4.37069
      vertex 62.2248 10.0385 4.63085
    endloop
  endfacet
  facet normal 0 0.87635 0.481674
    outer loop
      vertex 73.4343 10.3017 4.152
      vertex 61.9103 10.1815 4.37069
      vertex 73.0897 10.1815 4.37069
    endloop
  endfacet
  facet normal 0 0.87635 0.481674
    outer loop
      vertex 73.4343 10.3017 4.152
      vertex 61.5657 10.3017 4.152
      vertex 61.9103 10.1815 4.37069
    endloop
  endfacet
  facet normal 0 0.876132 0.482072
    outer loop
      vertex 73.6448 10.3562 4.05295
      vertex 61.5657 10.3017 4.152
      vertex 73.4343 10.3017 4.152
    endloop
  endfacet
  facet normal 0 0.876132 0.482072
    outer loop
      vertex 61.5657 10.3017 4.152
      vertex 73.6448 10.3562 4.05295
      vertex 61.3552 10.3562 4.05295
    endloop
  endfacet
  facet normal 0 0.876413 0.48156
    outer loop
      vertex 81.0451 10.0611 4.58978
      vertex 77.2505 10.0235 4.65821
      vertex 81.014 10.0235 4.65821
    endloop
  endfacet
  facet normal 3.84645e-06 0.876323 0.481724
    outer loop
      vertex 81.2324 10.3562 4.05295
      vertex 77.2505 10.0235 4.65821
      vertex 81.0451 10.0611 4.58978
    endloop
  endfacet
  facet normal -0.000167416 0.876798 0.480858
    outer loop
      vertex 77.2505 10.0235 4.65821
      vertex 81.2324 10.3562 4.05295
      vertex 77.2248 10.0385 4.63085
    endloop
  endfacet
  facet normal -9.39918e-06 0.876336 0.4817
    outer loop
      vertex 77.2248 10.0385 4.63085
      vertex 81.2324 10.3562 4.05295
      vertex 76.9103 10.1815 4.37069
    endloop
  endfacet
  facet normal -1.06313e-05 0.876343 0.481687
    outer loop
      vertex 76.9103 10.1815 4.37069
      vertex 81.2324 10.3562 4.05295
      vertex 76.5657 10.3017 4.152
    endloop
  endfacet
  facet normal 0 0.876132 0.482072
    outer loop
      vertex 76.5657 10.3017 4.152
      vertex 81.2324 10.3562 4.05295
      vertex 76.3552 10.3562 4.05295
    endloop
  endfacet
  facet normal -0 0.535817 0.844334
    outer loop
      vertex 12.0544 12.3504 2.18031
      vertex 81.8449 11.7672 2.55041
      vertex 81.9562 12.3504 2.18031
    endloop
  endfacet
  facet normal 0 0.535817 0.844334
    outer loop
      vertex 81.8449 11.7672 2.55041
      vertex 12.0544 12.3504 2.18031
      vertex 10.5964 11.7672 2.55041
    endloop
  endfacet
  facet normal 0 0.929722 -0.368262
    outer loop
      vertex 42.4958 9.91649 9.07163
      vertex 6.23712 10.0235 9.34179
      vertex 42.7495 10.0235 9.34179
    endloop
  endfacet
  facet normal 1.20616e-06 0.929778 -0.368122
    outer loop
      vertex 42.2559 9.78576 8.74144
      vertex 6.23712 10.0235 9.34179
      vertex 42.4958 9.91649 9.07163
    endloop
  endfacet
  facet normal 9.89859e-07 0.929773 -0.368133
    outer loop
      vertex 42.2329 9.76919 8.69959
      vertex 6.23712 10.0235 9.34179
      vertex 42.2559 9.78576 8.74144
    endloop
  endfacet
  facet normal 0 0.929754 -0.368181
    outer loop
      vertex 6.23712 10.0235 9.34179
      vertex 42.2329 9.76919 8.69959
      vertex 5.60146 9.76919 8.69959
    endloop
  endfacet
  facet normal 0 0.929722 -0.368262
    outer loop
      vertex 57.4958 9.91649 9.07163
      vertex 47.2505 10.0235 9.34179
      vertex 57.7495 10.0235 9.34179
    endloop
  endfacet
  facet normal 0 0.929722 -0.368262
    outer loop
      vertex 57.4958 9.91649 9.07163
      vertex 47.5042 9.91649 9.07163
      vertex 47.2505 10.0235 9.34179
    endloop
  endfacet
  facet normal 0 0.929778 -0.368121
    outer loop
      vertex 57.2559 9.78576 8.74144
      vertex 47.5042 9.91649 9.07163
      vertex 57.4958 9.91649 9.07163
    endloop
  endfacet
  facet normal 0 0.929778 -0.368121
    outer loop
      vertex 57.2559 9.78576 8.74144
      vertex 47.7441 9.78576 8.74144
      vertex 47.5042 9.91649 9.07163
    endloop
  endfacet
  facet normal 0 0.929773 -0.368132
    outer loop
      vertex 57.2329 9.76919 8.69959
      vertex 47.7441 9.78576 8.74144
      vertex 57.2559 9.78576 8.74144
    endloop
  endfacet
  facet normal 0 0.929773 -0.368132
    outer loop
      vertex 47.7441 9.78576 8.74144
      vertex 57.2329 9.76919 8.69959
      vertex 47.7671 9.76919 8.69959
    endloop
  endfacet
  facet normal 0 0.929722 -0.368262
    outer loop
      vertex 72.4958 9.91649 9.07163
      vertex 62.2505 10.0235 9.34179
      vertex 72.7495 10.0235 9.34179
    endloop
  endfacet
  facet normal 0 0.929722 -0.368262
    outer loop
      vertex 72.4958 9.91649 9.07163
      vertex 62.5042 9.91649 9.07163
      vertex 62.2505 10.0235 9.34179
    endloop
  endfacet
  facet normal 0 0.929778 -0.368121
    outer loop
      vertex 72.2559 9.78576 8.74144
      vertex 62.5042 9.91649 9.07163
      vertex 72.4958 9.91649 9.07163
    endloop
  endfacet
  facet normal 0 0.929778 -0.368121
    outer loop
      vertex 72.2559 9.78576 8.74144
      vertex 62.7441 9.78576 8.74144
      vertex 62.5042 9.91649 9.07163
    endloop
  endfacet
  facet normal 0 0.929773 -0.368132
    outer loop
      vertex 72.2329 9.76919 8.69959
      vertex 62.7441 9.78576 8.74144
      vertex 72.2559 9.78576 8.74144
    endloop
  endfacet
  facet normal 0 0.929773 -0.368132
    outer loop
      vertex 62.7441 9.78576 8.74144
      vertex 72.2329 9.76919 8.69959
      vertex 62.7671 9.76919 8.69959
    endloop
  endfacet
  facet normal 0 0.929722 -0.368262
    outer loop
      vertex 81.014 10.0235 9.34179
      vertex 77.5042 9.91649 9.07163
      vertex 77.2505 10.0235 9.34179
    endloop
  endfacet
  facet normal -1.18643e-05 0.929775 -0.368128
    outer loop
      vertex 81.014 10.0235 9.34179
      vertex 77.7441 9.78576 8.74144
      vertex 77.5042 9.91649 9.07163
    endloop
  endfacet
  facet normal -7.62933e-07 0.929754 -0.368181
    outer loop
      vertex 80.8036 9.76919 8.69959
      vertex 77.7441 9.78576 8.74144
      vertex 81.014 10.0235 9.34179
    endloop
  endfacet
  facet normal 0 0.929773 -0.368132
    outer loop
      vertex 77.7441 9.78576 8.74144
      vertex 80.8036 9.76919 8.69959
      vertex 77.7671 9.76919 8.69959
    endloop
  endfacet
  facet normal 0 0.992126 -0.125242
    outer loop
      vertex 41.9091 9.5941 8.0043
      vertex 5.17204 9.59742 8.0306
      vertex 41.9195 9.59742 8.0306
    endloop
  endfacet
  facet normal -6.78112e-08 0.992114 -0.125335
    outer loop
      vertex 41.8076 9.54416 7.60899
      vertex 5.17204 9.59742 8.0306
      vertex 41.9091 9.5941 8.0043
    endloop
  endfacet
  facet normal -2.4234e-07 0.992113 -0.12535
    outer loop
      vertex 41.7743 9.51085 7.34535
      vertex 5.17204 9.59742 8.0306
      vertex 41.8076 9.54416 7.60899
    endloop
  endfacet
  facet normal 0 0.992114 -0.125337
    outer loop
      vertex 5.17204 9.59742 8.0306
      vertex 41.7743 9.51085 7.34535
      vertex 4.95562 9.51085 7.34535
    endloop
  endfacet
  facet normal 0 0.992126 -0.125242
    outer loop
      vertex 56.9091 9.5941 8.0043
      vertex 48.0805 9.59742 8.0306
      vertex 56.9195 9.59742 8.0306
    endloop
  endfacet
  facet normal 0 0.992126 -0.125242
    outer loop
      vertex 56.9091 9.5941 8.0043
      vertex 48.0909 9.5941 8.0043
      vertex 48.0805 9.59742 8.0306
    endloop
  endfacet
  facet normal 0 0.992114 -0.125335
    outer loop
      vertex 56.8076 9.54416 7.60899
      vertex 48.0909 9.5941 8.0043
      vertex 56.9091 9.5941 8.0043
    endloop
  endfacet
  facet normal 0 0.992114 -0.125335
    outer loop
      vertex 56.8076 9.54416 7.60899
      vertex 48.1924 9.54416 7.60899
      vertex 48.0909 9.5941 8.0043
    endloop
  endfacet
  facet normal 0 0.992113 -0.12535
    outer loop
      vertex 56.7743 9.51085 7.34535
      vertex 48.1924 9.54416 7.60899
      vertex 56.8076 9.54416 7.60899
    endloop
  endfacet
  facet normal 0 0.992113 -0.12535
    outer loop
      vertex 48.1924 9.54416 7.60899
      vertex 56.7743 9.51085 7.34535
      vertex 48.2257 9.51085 7.34535
    endloop
  endfacet
  facet normal 0 0.992126 -0.125242
    outer loop
      vertex 71.9091 9.5941 8.0043
      vertex 63.0805 9.59742 8.0306
      vertex 71.9195 9.59742 8.0306
    endloop
  endfacet
  facet normal 0 0.992126 -0.125242
    outer loop
      vertex 71.9091 9.5941 8.0043
      vertex 63.0909 9.5941 8.0043
      vertex 63.0805 9.59742 8.0306
    endloop
  endfacet
  facet normal 0 0.992114 -0.125335
    outer loop
      vertex 71.8076 9.54416 7.60899
      vertex 63.0909 9.5941 8.0043
      vertex 71.9091 9.5941 8.0043
    endloop
  endfacet
  facet normal 0 0.992114 -0.125335
    outer loop
      vertex 71.8076 9.54416 7.60899
      vertex 63.1924 9.54416 7.60899
      vertex 63.0909 9.5941 8.0043
    endloop
  endfacet
  facet normal 0 0.992113 -0.12535
    outer loop
      vertex 71.7743 9.51085 7.34535
      vertex 63.1924 9.54416 7.60899
      vertex 71.8076 9.54416 7.60899
    endloop
  endfacet
  facet normal 0 0.992113 -0.12535
    outer loop
      vertex 63.1924 9.54416 7.60899
      vertex 71.7743 9.51085 7.34535
      vertex 63.2257 9.51085 7.34535
    endloop
  endfacet
  facet normal 0 0.992126 -0.125242
    outer loop
      vertex 80.6615 9.59742 8.0306
      vertex 78.0909 9.5941 8.0043
      vertex 78.0805 9.59742 8.0306
    endloop
  endfacet
  facet normal 3.82559e-06 0.992112 -0.125351
    outer loop
      vertex 78.1924 9.54416 7.60899
      vertex 80.6615 9.59742 8.0306
      vertex 80.6448 9.57726 7.87104
    endloop
  endfacet
  facet normal 9.66745e-07 0.992115 -0.125335
    outer loop
      vertex 80.6615 9.59742 8.0306
      vertex 78.1924 9.54416 7.60899
      vertex 78.0909 9.5941 8.0043
    endloop
  endfacet
  facet normal 1.87504e-06 0.992115 -0.125333
    outer loop
      vertex 80.5741 9.51085 7.34535
      vertex 78.1924 9.54416 7.60899
      vertex 80.6448 9.57726 7.87104
    endloop
  endfacet
  facet normal 0 0.992113 -0.12535
    outer loop
      vertex 78.1924 9.54416 7.60899
      vertex 80.5741 9.51085 7.34535
      vertex 78.2257 9.51085 7.34535
    endloop
  endfacet
  facet normal 0 0.96858 -0.248701
    outer loop
      vertex 42.0593 9.6881 8.38378
      vertex 5.60146 9.76919 8.69959
      vertex 42.2329 9.76919 8.69959
    endloop
  endfacet
  facet normal 1.28596e-07 0.968584 -0.248687
    outer loop
      vertex 41.9195 9.59742 8.0306
      vertex 5.60146 9.76919 8.69959
      vertex 42.0593 9.6881 8.38378
    endloop
  endfacet
  facet normal 0 0.968582 -0.248693
    outer loop
      vertex 5.60146 9.76919 8.69959
      vertex 41.9195 9.59742 8.0306
      vertex 5.17204 9.59742 8.0306
    endloop
  endfacet
  facet normal 0 0.96858 -0.248701
    outer loop
      vertex 57.0593 9.6881 8.38378
      vertex 47.7671 9.76919 8.69959
      vertex 57.2329 9.76919 8.69959
    endloop
  endfacet
  facet normal 0 0.96858 -0.248701
    outer loop
      vertex 57.0593 9.6881 8.38378
      vertex 47.9407 9.6881 8.38378
      vertex 47.7671 9.76919 8.69959
    endloop
  endfacet
  facet normal 0 0.968584 -0.248687
    outer loop
      vertex 56.9195 9.59742 8.0306
      vertex 47.9407 9.6881 8.38378
      vertex 57.0593 9.6881 8.38378
    endloop
  endfacet
  facet normal 0 0.968584 -0.248687
    outer loop
      vertex 47.9407 9.6881 8.38378
      vertex 56.9195 9.59742 8.0306
      vertex 48.0805 9.59742 8.0306
    endloop
  endfacet
  facet normal 0 0.96858 -0.248701
    outer loop
      vertex 72.0593 9.6881 8.38378
      vertex 62.7671 9.76919 8.69959
      vertex 72.2329 9.76919 8.69959
    endloop
  endfacet
  facet normal 0 0.96858 -0.248701
    outer loop
      vertex 72.0593 9.6881 8.38378
      vertex 62.9407 9.6881 8.38378
      vertex 62.7671 9.76919 8.69959
    endloop
  endfacet
  facet normal 0 0.968584 -0.248687
    outer loop
      vertex 71.9195 9.59742 8.0306
      vertex 62.9407 9.6881 8.38378
      vertex 72.0593 9.6881 8.38378
    endloop
  endfacet
  facet normal 0 0.968584 -0.248687
    outer loop
      vertex 62.9407 9.6881 8.38378
      vertex 71.9195 9.59742 8.0306
      vertex 63.0805 9.59742 8.0306
    endloop
  endfacet
  facet normal 0 0.96858 -0.248701
    outer loop
      vertex 80.8036 9.76919 8.69959
      vertex 77.9407 9.6881 8.38378
      vertex 77.7671 9.76919 8.69959
    endloop
  endfacet
  facet normal 0 0.968582 -0.248693
    outer loop
      vertex 78.0805 9.59742 8.0306
      vertex 80.8036 9.76919 8.69959
      vertex 80.6615 9.59742 8.0306
    endloop
  endfacet
  facet normal -1.57449e-06 0.968584 -0.248687
    outer loop
      vertex 80.8036 9.76919 8.69959
      vertex 78.0805 9.59742 8.0306
      vertex 77.9407 9.6881 8.38378
    endloop
  endfacet
  facet normal 0.0279929 0.631826 -0.774605
    outer loop
      vertex 81.6734 11.235 11.0093
      vertex 81.8449 11.7672 11.4496
      vertex 81.8429 11.7565 11.4408
    endloop
  endfacet
  facet normal 0 0.637446 -0.770495
    outer loop
      vertex 81.6734 11.235 11.0093
      vertex 10.5964 11.7672 11.4496
      vertex 81.8449 11.7672 11.4496
    endloop
  endfacet
  facet normal 0 0.637446 -0.770495
    outer loop
      vertex 10.5964 11.7672 11.4496
      vertex 81.6734 11.235 11.0093
      vertex 9.26597 11.235 11.0093
    endloop
  endfacet
  facet normal 0.000653819 0.728844 -0.684679
    outer loop
      vertex 81.462 10.7622 10.5058
      vertex 81.6734 11.235 11.0093
      vertex 81.6489 11.1594 10.9288
    endloop
  endfacet
  facet normal 0 0.728982 -0.684533
    outer loop
      vertex 81.6734 11.235 11.0093
      vertex 81.462 10.7622 10.5058
      vertex 9.26597 11.235 11.0093
    endloop
  endfacet
  facet normal 0 0.728982 -0.684533
    outer loop
      vertex 9.26597 11.235 11.0093
      vertex 81.462 10.7622 10.5058
      vertex 8.08393 10.7622 10.5058
    endloop
  endfacet
  facet normal 0 0.535817 -0.844334
    outer loop
      vertex 81.8449 11.7672 11.4496
      vertex 12.0544 12.3504 11.8197
      vertex 81.9562 12.3504 11.8197
    endloop
  endfacet
  facet normal 0 0.535817 -0.844334
    outer loop
      vertex 12.0544 12.3504 11.8197
      vertex 81.8449 11.7672 11.4496
      vertex 10.5964 11.7672 11.4496
    endloop
  endfacet
  facet normal 0 0.876132 -0.482072
    outer loop
      vertex 43.4343 10.3017 9.848
      vertex 7.06898 10.3562 9.94705
      vertex 43.6448 10.3562 9.94705
    endloop
  endfacet
  facet normal 1.46366e-06 0.876359 -0.481659
    outer loop
      vertex 43.0897 10.1815 9.6293
      vertex 7.06898 10.3562 9.94705
      vertex 43.4343 10.3017 9.848
    endloop
  endfacet
  facet normal 9.21143e-07 0.876333 -0.481706
    outer loop
      vertex 42.7752 10.0385 9.36915
      vertex 7.06898 10.3562 9.94705
      vertex 43.0897 10.1815 9.6293
    endloop
  endfacet
  facet normal 2.10175e-05 0.876856 -0.480752
    outer loop
      vertex 42.7495 10.0235 9.34179
      vertex 7.06898 10.3562 9.94705
      vertex 42.7752 10.0385 9.36915
    endloop
  endfacet
  facet normal 0 0.876334 -0.481704
    outer loop
      vertex 7.06898 10.3562 9.94705
      vertex 42.7495 10.0235 9.34179
      vertex 6.23712 10.0235 9.34179
    endloop
  endfacet
  facet normal 0 0.876132 -0.482072
    outer loop
      vertex 58.4343 10.3017 9.848
      vertex 46.3552 10.3562 9.94705
      vertex 58.6448 10.3562 9.94705
    endloop
  endfacet
  facet normal 0 0.876132 -0.482072
    outer loop
      vertex 58.4343 10.3017 9.848
      vertex 46.5657 10.3017 9.848
      vertex 46.3552 10.3562 9.94705
    endloop
  endfacet
  facet normal 0 0.87636 -0.481657
    outer loop
      vertex 58.0897 10.1815 9.6293
      vertex 46.5657 10.3017 9.848
      vertex 58.4343 10.3017 9.848
    endloop
  endfacet
  facet normal 0 0.87636 -0.481657
    outer loop
      vertex 58.0897 10.1815 9.6293
      vertex 46.9103 10.1815 9.6293
      vertex 46.5657 10.3017 9.848
    endloop
  endfacet
  facet normal 0 0.876333 -0.481705
    outer loop
      vertex 57.7752 10.0385 9.36915
      vertex 46.9103 10.1815 9.6293
      vertex 58.0897 10.1815 9.6293
    endloop
  endfacet
  facet normal 0 0.876333 -0.481705
    outer loop
      vertex 57.7752 10.0385 9.36915
      vertex 47.2248 10.0385 9.36915
      vertex 46.9103 10.1815 9.6293
    endloop
  endfacet
  facet normal 0 0.876865 -0.480737
    outer loop
      vertex 57.7495 10.0235 9.34179
      vertex 47.2248 10.0385 9.36915
      vertex 57.7752 10.0385 9.36915
    endloop
  endfacet
  facet normal 0 0.876865 -0.480737
    outer loop
      vertex 47.2248 10.0385 9.36915
      vertex 57.7495 10.0235 9.34179
      vertex 47.2505 10.0235 9.34179
    endloop
  endfacet
  facet normal 0 0.876132 -0.482072
    outer loop
      vertex 73.4343 10.3017 9.848
      vertex 61.3552 10.3562 9.94705
      vertex 73.6448 10.3562 9.94705
    endloop
  endfacet
  facet normal 0 0.876132 -0.482072
    outer loop
      vertex 73.4343 10.3017 9.848
      vertex 61.5657 10.3017 9.848
      vertex 61.3552 10.3562 9.94705
    endloop
  endfacet
  facet normal 0 0.87636 -0.481657
    outer loop
      vertex 73.0897 10.1815 9.6293
      vertex 61.5657 10.3017 9.848
      vertex 73.4343 10.3017 9.848
    endloop
  endfacet
  facet normal 0 0.87636 -0.481657
    outer loop
      vertex 73.0897 10.1815 9.6293
      vertex 61.9103 10.1815 9.6293
      vertex 61.5657 10.3017 9.848
    endloop
  endfacet
  facet normal 0 0.876333 -0.481705
    outer loop
      vertex 72.7752 10.0385 9.36915
      vertex 61.9103 10.1815 9.6293
      vertex 73.0897 10.1815 9.6293
    endloop
  endfacet
  facet normal 0 0.876333 -0.481705
    outer loop
      vertex 72.7752 10.0385 9.36915
      vertex 62.2248 10.0385 9.36915
      vertex 61.9103 10.1815 9.6293
    endloop
  endfacet
  facet normal 0 0.876865 -0.480737
    outer loop
      vertex 72.7495 10.0235 9.34179
      vertex 62.2248 10.0385 9.36915
      vertex 72.7752 10.0385 9.36915
    endloop
  endfacet
  facet normal 0 0.876865 -0.480737
    outer loop
      vertex 62.2248 10.0385 9.36915
      vertex 72.7495 10.0235 9.34179
      vertex 62.2505 10.0235 9.34179
    endloop
  endfacet
  facet normal 0 0.876132 -0.482072
    outer loop
      vertex 81.2324 10.3562 9.94705
      vertex 76.5657 10.3017 9.848
      vertex 76.3552 10.3562 9.94705
    endloop
  endfacet
  facet normal -1.10838e-05 0.876352 -0.481671
    outer loop
      vertex 81.2324 10.3562 9.94705
      vertex 76.9103 10.1815 9.6293
      vertex 76.5657 10.3017 9.848
    endloop
  endfacet
  facet normal 3.84645e-06 0.876323 -0.481724
    outer loop
      vertex 77.2505 10.0235 9.34179
      vertex 81.2324 10.3562 9.94705
      vertex 81.0451 10.0611 9.41022
    endloop
  endfacet
  facet normal -7.12544e-06 0.87633 -0.481712
    outer loop
      vertex 81.2324 10.3562 9.94705
      vertex 77.2248 10.0385 9.36915
      vertex 76.9103 10.1815 9.6293
    endloop
  endfacet
  facet normal 0 0.876413 -0.48156
    outer loop
      vertex 77.2505 10.0235 9.34179
      vertex 81.0451 10.0611 9.41022
      vertex 81.014 10.0235 9.34179
    endloop
  endfacet
  facet normal -0.000167416 0.876798 -0.480858
    outer loop
      vertex 81.2324 10.3562 9.94705
      vertex 77.2505 10.0235 9.34179
      vertex 77.2248 10.0385 9.36915
    endloop
  endfacet
  facet normal 0 0.809009 -0.587796
    outer loop
      vertex 59.5927 10.5577 10.2244
      vertex 45 10.5763 10.25
      vertex 60 10.5763 10.25
    endloop
  endfacet
  facet normal 0 0.809009 -0.587796
    outer loop
      vertex 59.5927 10.5577 10.2244
      vertex 45.4073 10.5577 10.2244
      vertex 45 10.5763 10.25
    endloop
  endfacet
  facet normal 0 0.808919 -0.58792
    outer loop
      vertex 59.1918 10.5021 10.1479
      vertex 45.4073 10.5577 10.2244
      vertex 59.5927 10.5577 10.2244
    endloop
  endfacet
  facet normal 0 0.808919 -0.58792
    outer loop
      vertex 59.1918 10.5021 10.1479
      vertex 45.8082 10.5021 10.1479
      vertex 45.4073 10.5577 10.2244
    endloop
  endfacet
  facet normal 0 0.809069 -0.587714
    outer loop
      vertex 58.8036 10.4105 10.0218
      vertex 45.8082 10.5021 10.1479
      vertex 59.1918 10.5021 10.1479
    endloop
  endfacet
  facet normal 0 0.809069 -0.587714
    outer loop
      vertex 58.8036 10.4105 10.0218
      vertex 46.1964 10.4105 10.0218
      vertex 45.8082 10.5021 10.1479
    endloop
  endfacet
  facet normal 0 0.809064 -0.587721
    outer loop
      vertex 58.6448 10.3562 9.94705
      vertex 46.1964 10.4105 10.0218
      vertex 58.8036 10.4105 10.0218
    endloop
  endfacet
  facet normal 0 0.809064 -0.587721
    outer loop
      vertex 46.1964 10.4105 10.0218
      vertex 58.6448 10.3562 9.94705
      vertex 46.3552 10.3562 9.94705
    endloop
  endfacet
  facet normal 0 0.809009 -0.587796
    outer loop
      vertex 74.5927 10.5577 10.2244
      vertex 60 10.5763 10.25
      vertex 75 10.5763 10.25
    endloop
  endfacet
  facet normal 0 0.809009 -0.587796
    outer loop
      vertex 74.5927 10.5577 10.2244
      vertex 60.4073 10.5577 10.2244
      vertex 60 10.5763 10.25
    endloop
  endfacet
  facet normal 0 0.808919 -0.58792
    outer loop
      vertex 74.1918 10.5021 10.1479
      vertex 60.4073 10.5577 10.2244
      vertex 74.5927 10.5577 10.2244
    endloop
  endfacet
  facet normal 0 0.808919 -0.58792
    outer loop
      vertex 74.1918 10.5021 10.1479
      vertex 60.8082 10.5021 10.1479
      vertex 60.4073 10.5577 10.2244
    endloop
  endfacet
  facet normal 0 0.809069 -0.587714
    outer loop
      vertex 73.8036 10.4105 10.0218
      vertex 60.8082 10.5021 10.1479
      vertex 74.1918 10.5021 10.1479
    endloop
  endfacet
  facet normal 0 0.809069 -0.587714
    outer loop
      vertex 73.8036 10.4105 10.0218
      vertex 61.1964 10.4105 10.0218
      vertex 60.8082 10.5021 10.1479
    endloop
  endfacet
  facet normal 0 0.809064 -0.587721
    outer loop
      vertex 73.6448 10.3562 9.94705
      vertex 61.1964 10.4105 10.0218
      vertex 73.8036 10.4105 10.0218
    endloop
  endfacet
  facet normal 0 0.809064 -0.587721
    outer loop
      vertex 61.1964 10.4105 10.0218
      vertex 73.6448 10.3562 9.94705
      vertex 61.3552 10.3562 9.94705
    endloop
  endfacet
  facet normal -3.4806e-06 0.808983 -0.587832
    outer loop
      vertex 81.462 10.7622 10.5058
      vertex 75.4073 10.5577 10.2244
      vertex 75 10.5763 10.25
    endloop
  endfacet
  facet normal 2.23298e-06 0.808925 -0.587913
    outer loop
      vertex 81.462 10.7622 10.5058
      vertex 75.8082 10.5021 10.1479
      vertex 75.4073 10.5577 10.2244
    endloop
  endfacet
  facet normal -1.42173e-05 0.809048 -0.587742
    outer loop
      vertex 81.462 10.7622 10.5058
      vertex 76.1964 10.4105 10.0218
      vertex 75.8082 10.5021 10.1479
    endloop
  endfacet
  facet normal 0 0.809017 -0.587785
    outer loop
      vertex 76.3552 10.3562 9.94705
      vertex 81.3815 10.5912 10.2705
      vertex 81.2324 10.3562 9.94705
    endloop
  endfacet
  facet normal -1.44024e-05 0.809049 -0.587741
    outer loop
      vertex 81.462 10.7622 10.5058
      vertex 76.3552 10.3562 9.94705
      vertex 76.1964 10.4105 10.0218
    endloop
  endfacet
  facet normal 1.01061e-05 0.808943 -0.587888
    outer loop
      vertex 76.3552 10.3562 9.94705
      vertex 81.462 10.7622 10.5058
      vertex 81.3815 10.5912 10.2705
    endloop
  endfacet
  facet normal 0 0.808941 -0.58789
    outer loop
      vertex 60 10.5763 10.25
      vertex 81.462 10.7622 10.5058
      vertex 75 10.5763 10.25
    endloop
  endfacet
  facet normal 0 0.808941 -0.58789
    outer loop
      vertex 81.462 10.7622 10.5058
      vertex 60 10.5763 10.25
      vertex 8.08393 10.7622 10.5058
    endloop
  endfacet
  facet normal 0 0.808941 -0.58789
    outer loop
      vertex 45 10.5763 10.25
      vertex 8.08393 10.7622 10.5058
      vertex 60 10.5763 10.25
    endloop
  endfacet
  facet normal 8.94404e-07 0.809003 -0.587805
    outer loop
      vertex 44.5927 10.5577 10.2244
      vertex 8.08393 10.7622 10.5058
      vertex 45 10.5763 10.25
    endloop
  endfacet
  facet normal -4.42636e-07 0.80892 -0.587919
    outer loop
      vertex 44.1918 10.5021 10.1479
      vertex 8.08393 10.7622 10.5058
      vertex 44.5927 10.5577 10.2244
    endloop
  endfacet
  facet normal 2.58128e-06 0.809065 -0.587719
    outer loop
      vertex 43.8036 10.4105 10.0218
      vertex 8.08393 10.7622 10.5058
      vertex 44.1918 10.5021 10.1479
    endloop
  endfacet
  facet normal 2.46674e-06 0.809061 -0.587725
    outer loop
      vertex 43.6448 10.3562 9.94705
      vertex 8.08393 10.7622 10.5058
      vertex 43.8036 10.4105 10.0218
    endloop
  endfacet
  facet normal 0 0.808986 -0.587827
    outer loop
      vertex 8.08393 10.7622 10.5058
      vertex 43.6448 10.3562 9.94705
      vertex 7.06898 10.3562 9.94705
    endloop
  endfacet
  facet normal 0 -0.425752 0.90484
    outer loop
      vertex -82 16.3248 4.59016
      vertex -72.2 16.0123 4.44312
      vertex -72.2 16.3248 4.59016
    endloop
  endfacet
  facet normal 0 -0.425752 0.90484
    outer loop
      vertex -72.2 16.0123 4.44312
      vertex -82 16.3248 4.59016
      vertex -82 16.0123 4.44312
    endloop
  endfacet
  facet normal 0 -0.535796 0.844348
    outer loop
      vertex -82 16.6164 4.7752
      vertex -72.2 16.3248 4.59016
      vertex -72.2 16.6164 4.7752
    endloop
  endfacet
  facet normal 0 -0.535796 0.844348
    outer loop
      vertex -72.2 16.3248 4.59016
      vertex -82 16.6164 4.7752
      vertex -82 16.3248 4.59016
    endloop
  endfacet
  facet normal 0 -0.929805 0.368053
    outer loop
      vertex -82 17.4883 5.82911
      vertex -72.2 17.6154 6.1502
      vertex -82 17.6154 6.1502
    endloop
  endfacet
  facet normal 0 -0.929805 0.368053
    outer loop
      vertex -72.2 17.6154 6.1502
      vertex -82 17.4883 5.82911
      vertex -72.2 17.4883 5.82911
    endloop
  endfacet
  facet normal 0 -0.929805 -0.368053
    outer loop
      vertex -82 17.6154 7.8498
      vertex -72.2 17.4883 8.17089
      vertex -82 17.4883 8.17089
    endloop
  endfacet
  facet normal 0 -0.929805 -0.368053
    outer loop
      vertex -72.2 17.4883 8.17089
      vertex -82 17.6154 7.8498
      vertex -72.2 17.6154 7.8498
    endloop
  endfacet
  facet normal 0 -0.425752 -0.90484
    outer loop
      vertex -82 16.0123 9.55688
      vertex -72.2 16.3248 9.40984
      vertex -72.2 16.0123 9.55688
    endloop
  endfacet
  facet normal -0 -0.425752 -0.90484
    outer loop
      vertex -72.2 16.3248 9.40984
      vertex -82 16.0123 9.55688
      vertex -82 16.3248 9.40984
    endloop
  endfacet
  facet normal -0 0.0627712 0.998028
    outer loop
      vertex -82 15 4.25
      vertex -72.2 14.6553 4.27168
      vertex -72.2 15 4.25
    endloop
  endfacet
  facet normal 0 0.0627712 0.998028
    outer loop
      vertex -72.2 14.6553 4.27168
      vertex -82 15 4.25
      vertex -82 14.6553 4.27168
    endloop
  endfacet
  facet normal 0 -0.728968 0.684548
    outer loop
      vertex -82 16.8825 4.99534
      vertex -72.2 17.1189 5.24708
      vertex -82 17.1189 5.24708
    endloop
  endfacet
  facet normal 0 -0.728968 0.684548
    outer loop
      vertex -72.2 17.1189 5.24708
      vertex -82 16.8825 4.99534
      vertex -72.2 16.8825 4.99534
    endloop
  endfacet
  facet normal 0 -1 0
    outer loop
      vertex -82 17.7446 6.82733
      vertex -72.2 17.7446 7.17267
      vertex -82 17.7446 7.17267
    endloop
  endfacet
  facet normal 0 -1 -0
    outer loop
      vertex -72.2 17.7446 7.17267
      vertex -82 17.7446 6.82733
      vertex -72.2 17.7446 6.82733
    endloop
  endfacet
  facet normal 0 -0.809011 0.587793
    outer loop
      vertex -82 17.1189 5.24708
      vertex -72.2 17.3219 5.52648
      vertex -82 17.3219 5.52648
    endloop
  endfacet
  facet normal 0 -0.809011 0.587793
    outer loop
      vertex -72.2 17.3219 5.52648
      vertex -82 17.1189 5.24708
      vertex -72.2 17.1189 5.24708
    endloop
  endfacet
  facet normal 0 -0.0627712 -0.998028
    outer loop
      vertex -82 15 9.75
      vertex -72.2 15.3447 9.72832
      vertex -72.2 15 9.75
    endloop
  endfacet
  facet normal -0 -0.0627712 -0.998028
    outer loop
      vertex -72.2 15.3447 9.72832
      vertex -82 15 9.75
      vertex -82 15.3447 9.72832
    endloop
  endfacet
  facet normal 0 -0.637429 -0.770509
    outer loop
      vertex -82 16.6164 9.2248
      vertex -72.2 16.8825 9.00466
      vertex -72.2 16.6164 9.2248
    endloop
  endfacet
  facet normal -0 -0.637429 -0.770509
    outer loop
      vertex -72.2 16.8825 9.00466
      vertex -82 16.6164 9.2248
      vertex -82 16.8825 9.00466
    endloop
  endfacet
  facet normal 0 -0.876273 -0.481815
    outer loop
      vertex -82 17.4883 8.17089
      vertex -72.2 17.3219 8.47352
      vertex -82 17.3219 8.47352
    endloop
  endfacet
  facet normal 0 -0.876273 -0.481815
    outer loop
      vertex -72.2 17.3219 8.47352
      vertex -82 17.4883 8.17089
      vertex -72.2 17.4883 8.17089
    endloop
  endfacet
  facet normal 0 -0.968573 -0.248731
    outer loop
      vertex -82 17.7013 7.5153
      vertex -72.2 17.6154 7.8498
      vertex -82 17.6154 7.8498
    endloop
  endfacet
  facet normal 0 -0.968573 -0.248731
    outer loop
      vertex -72.2 17.6154 7.8498
      vertex -82 17.7013 7.5153
      vertex -72.2 17.7013 7.5153
    endloop
  endfacet
  facet normal -0 0.425752 0.90484
    outer loop
      vertex -82 13.9877 4.44312
      vertex -72.2 13.6752 4.59016
      vertex -72.2 13.9877 4.44312
    endloop
  endfacet
  facet normal 0 0.425752 0.90484
    outer loop
      vertex -72.2 13.6752 4.59016
      vertex -82 13.9877 4.44312
      vertex -82 13.6752 4.59016
    endloop
  endfacet
  facet normal 0 0.728968 -0.684548
    outer loop
      vertex -72.2 12.8811 8.75292
      vertex -82 13.1175 9.00466
      vertex -72.2 13.1175 9.00466
    endloop
  endfacet
  facet normal 0 0.728968 -0.684548
    outer loop
      vertex -82 13.1175 9.00466
      vertex -72.2 12.8811 8.75292
      vertex -82 12.8811 8.75292
    endloop
  endfacet
  facet normal 0 0.425752 -0.90484
    outer loop
      vertex -82 13.6752 9.40984
      vertex -72.2 13.9877 9.55688
      vertex -72.2 13.6752 9.40984
    endloop
  endfacet
  facet normal 0 0.425752 -0.90484
    outer loop
      vertex -72.2 13.9877 9.55688
      vertex -82 13.6752 9.40984
      vertex -82 13.9877 9.55688
    endloop
  endfacet
  facet normal 0 0.876273 0.481815
    outer loop
      vertex -72.2 12.6781 5.52648
      vertex -82 12.5117 5.82911
      vertex -72.2 12.5117 5.82911
    endloop
  endfacet
  facet normal 0 0.876273 0.481815
    outer loop
      vertex -82 12.5117 5.82911
      vertex -72.2 12.6781 5.52648
      vertex -82 12.6781 5.52648
    endloop
  endfacet
  facet normal 0 -0.30906 0.951043
    outer loop
      vertex -82 16.0123 4.44312
      vertex -72.2 15.6839 4.3364
      vertex -72.2 16.0123 4.44312
    endloop
  endfacet
  facet normal 0 -0.30906 0.951043
    outer loop
      vertex -72.2 15.6839 4.3364
      vertex -82 16.0123 4.44312
      vertex -82 15.6839 4.3364
    endloop
  endfacet
  facet normal 0 -0.637429 0.770509
    outer loop
      vertex -82 16.8825 4.99534
      vertex -72.2 16.6164 4.7752
      vertex -72.2 16.8825 4.99534
    endloop
  endfacet
  facet normal 0 -0.637429 0.770509
    outer loop
      vertex -72.2 16.6164 4.7752
      vertex -82 16.8825 4.99534
      vertex -82 16.6164 4.7752
    endloop
  endfacet
  facet normal 0 -0.968573 0.248731
    outer loop
      vertex -82 17.6154 6.1502
      vertex -72.2 17.7013 6.4847
      vertex -82 17.7013 6.4847
    endloop
  endfacet
  facet normal 0 -0.968573 0.248731
    outer loop
      vertex -72.2 17.7013 6.4847
      vertex -82 17.6154 6.1502
      vertex -72.2 17.6154 6.1502
    endloop
  endfacet
  facet normal 0 -0.992109 0.125378
    outer loop
      vertex -82 17.7013 6.4847
      vertex -72.2 17.7446 6.82733
      vertex -82 17.7446 6.82733
    endloop
  endfacet
  facet normal 0 -0.992109 0.125378
    outer loop
      vertex -72.2 17.7446 6.82733
      vertex -82 17.7013 6.4847
      vertex -72.2 17.7013 6.4847
    endloop
  endfacet
  facet normal 0 -0.876273 0.481815
    outer loop
      vertex -82 17.3219 5.52648
      vertex -72.2 17.4883 5.82911
      vertex -82 17.4883 5.82911
    endloop
  endfacet
  facet normal 0 -0.876273 0.481815
    outer loop
      vertex -72.2 17.4883 5.82911
      vertex -82 17.3219 5.52648
      vertex -72.2 17.3219 5.52648
    endloop
  endfacet
  facet normal 0 -0.30906 -0.951043
    outer loop
      vertex -82 15.6839 9.6636
      vertex -72.2 16.0123 9.55688
      vertex -72.2 15.6839 9.6636
    endloop
  endfacet
  facet normal -0 -0.30906 -0.951043
    outer loop
      vertex -72.2 16.0123 9.55688
      vertex -82 15.6839 9.6636
      vertex -82 16.0123 9.55688
    endloop
  endfacet
  facet normal 0 -0.187421 -0.98228
    outer loop
      vertex -82 15.3447 9.72832
      vertex -72.2 15.6839 9.6636
      vertex -72.2 15.3447 9.72832
    endloop
  endfacet
  facet normal -0 -0.187421 -0.98228
    outer loop
      vertex -72.2 15.6839 9.6636
      vertex -82 15.3447 9.72832
      vertex -82 15.6839 9.6636
    endloop
  endfacet
  facet normal 0 -0.535796 -0.844348
    outer loop
      vertex -82 16.3248 9.40984
      vertex -72.2 16.6164 9.2248
      vertex -72.2 16.3248 9.40984
    endloop
  endfacet
  facet normal -0 -0.535796 -0.844348
    outer loop
      vertex -72.2 16.6164 9.2248
      vertex -82 16.3248 9.40984
      vertex -82 16.6164 9.2248
    endloop
  endfacet
  facet normal 0 -0.992109 -0.125378
    outer loop
      vertex -82 17.7446 7.17267
      vertex -72.2 17.7013 7.5153
      vertex -82 17.7013 7.5153
    endloop
  endfacet
  facet normal 0 -0.992109 -0.125378
    outer loop
      vertex -72.2 17.7013 7.5153
      vertex -82 17.7446 7.17267
      vertex -72.2 17.7446 7.17267
    endloop
  endfacet
  facet normal 0 -0.809011 -0.587793
    outer loop
      vertex -82 17.3219 8.47352
      vertex -72.2 17.1189 8.75292
      vertex -82 17.1189 8.75292
    endloop
  endfacet
  facet normal 0 -0.809011 -0.587793
    outer loop
      vertex -72.2 17.1189 8.75292
      vertex -82 17.3219 8.47352
      vertex -72.2 17.3219 8.47352
    endloop
  endfacet
  facet normal 0 -0.728968 -0.684548
    outer loop
      vertex -82 17.1189 8.75292
      vertex -72.2 16.8825 9.00466
      vertex -82 16.8825 9.00466
    endloop
  endfacet
  facet normal 0 -0.728968 -0.684548
    outer loop
      vertex -72.2 16.8825 9.00466
      vertex -82 17.1189 8.75292
      vertex -72.2 17.1189 8.75292
    endloop
  endfacet
  facet normal 0 -0.0627712 0.998028
    outer loop
      vertex -82 15.3447 4.27168
      vertex -72.2 15 4.25
      vertex -72.2 15.3447 4.27168
    endloop
  endfacet
  facet normal 0 -0.0627712 0.998028
    outer loop
      vertex -72.2 15 4.25
      vertex -82 15.3447 4.27168
      vertex -82 15 4.25
    endloop
  endfacet
  facet normal -0 0.30906 0.951043
    outer loop
      vertex -82 14.3161 4.3364
      vertex -72.2 13.9877 4.44312
      vertex -72.2 14.3161 4.3364
    endloop
  endfacet
  facet normal 0 0.30906 0.951043
    outer loop
      vertex -72.2 13.9877 4.44312
      vertex -82 14.3161 4.3364
      vertex -82 13.9877 4.44312
    endloop
  endfacet
  facet normal -0 0.637429 0.770509
    outer loop
      vertex -82 13.3836 4.7752
      vertex -72.2 13.1175 4.99534
      vertex -72.2 13.3836 4.7752
    endloop
  endfacet
  facet normal 0 0.637429 0.770509
    outer loop
      vertex -72.2 13.1175 4.99534
      vertex -82 13.3836 4.7752
      vertex -82 13.1175 4.99534
    endloop
  endfacet
  facet normal 0 1 -0
    outer loop
      vertex -72.2 12.2554 6.82733
      vertex -82 12.2554 7.17267
      vertex -72.2 12.2554 7.17267
    endloop
  endfacet
  facet normal 0 1 0
    outer loop
      vertex -82 12.2554 7.17267
      vertex -72.2 12.2554 6.82733
      vertex -82 12.2554 6.82733
    endloop
  endfacet
  facet normal 0 0.0627712 -0.998028
    outer loop
      vertex -82 14.6553 9.72832
      vertex -72.2 15 9.75
      vertex -72.2 14.6553 9.72832
    endloop
  endfacet
  facet normal 0 0.0627712 -0.998028
    outer loop
      vertex -72.2 15 9.75
      vertex -82 14.6553 9.72832
      vertex -82 15 9.75
    endloop
  endfacet
  facet normal 0 0.637429 -0.770509
    outer loop
      vertex -82 13.1175 9.00466
      vertex -72.2 13.3836 9.2248
      vertex -72.2 13.1175 9.00466
    endloop
  endfacet
  facet normal 0 0.637429 -0.770509
    outer loop
      vertex -72.2 13.3836 9.2248
      vertex -82 13.1175 9.00466
      vertex -82 13.3836 9.2248
    endloop
  endfacet
  facet normal 0 0.992109 0.125378
    outer loop
      vertex -72.2 12.2987 6.4847
      vertex -82 12.2554 6.82733
      vertex -72.2 12.2554 6.82733
    endloop
  endfacet
  facet normal 0 0.992109 0.125378
    outer loop
      vertex -82 12.2554 6.82733
      vertex -72.2 12.2987 6.4847
      vertex -82 12.2987 6.4847
    endloop
  endfacet
  facet normal 0 0.728968 0.684548
    outer loop
      vertex -72.2 13.1175 4.99534
      vertex -82 12.8811 5.24708
      vertex -72.2 12.8811 5.24708
    endloop
  endfacet
  facet normal 0 0.728968 0.684548
    outer loop
      vertex -82 12.8811 5.24708
      vertex -72.2 13.1175 4.99534
      vertex -82 13.1175 4.99534
    endloop
  endfacet
  facet normal 0 -0.187421 0.98228
    outer loop
      vertex -82 15.6839 4.3364
      vertex -72.2 15.3447 4.27168
      vertex -72.2 15.6839 4.3364
    endloop
  endfacet
  facet normal 0 -0.187421 0.98228
    outer loop
      vertex -72.2 15.3447 4.27168
      vertex -82 15.6839 4.3364
      vertex -82 15.3447 4.27168
    endloop
  endfacet
  facet normal -0 0.187421 0.98228
    outer loop
      vertex -82 14.6553 4.27168
      vertex -72.2 14.3161 4.3364
      vertex -72.2 14.6553 4.27168
    endloop
  endfacet
  facet normal 0 0.187421 0.98228
    outer loop
      vertex -72.2 14.3161 4.3364
      vertex -82 14.6553 4.27168
      vertex -82 14.3161 4.3364
    endloop
  endfacet
  facet normal -0 0.535796 0.844348
    outer loop
      vertex -82 13.6752 4.59016
      vertex -72.2 13.3836 4.7752
      vertex -72.2 13.6752 4.59016
    endloop
  endfacet
  facet normal 0 0.535796 0.844348
    outer loop
      vertex -72.2 13.3836 4.7752
      vertex -82 13.6752 4.59016
      vertex -82 13.3836 4.7752
    endloop
  endfacet
  facet normal 0 0.876273 -0.481815
    outer loop
      vertex -72.2 12.5117 8.17089
      vertex -82 12.6781 8.47352
      vertex -72.2 12.6781 8.47352
    endloop
  endfacet
  facet normal 0 0.876273 -0.481815
    outer loop
      vertex -82 12.6781 8.47352
      vertex -72.2 12.5117 8.17089
      vertex -82 12.5117 8.17089
    endloop
  endfacet
  facet normal 0 0.992109 -0.125378
    outer loop
      vertex -72.2 12.2554 7.17267
      vertex -82 12.2987 7.5153
      vertex -72.2 12.2987 7.5153
    endloop
  endfacet
  facet normal 0 0.992109 -0.125378
    outer loop
      vertex -82 12.2987 7.5153
      vertex -72.2 12.2554 7.17267
      vertex -82 12.2554 7.17267
    endloop
  endfacet
  facet normal 0 0.968573 -0.248731
    outer loop
      vertex -72.2 12.2987 7.5153
      vertex -82 12.3846 7.8498
      vertex -72.2 12.3846 7.8498
    endloop
  endfacet
  facet normal 0 0.968573 -0.248731
    outer loop
      vertex -82 12.3846 7.8498
      vertex -72.2 12.2987 7.5153
      vertex -82 12.2987 7.5153
    endloop
  endfacet
  facet normal 0 0.30906 -0.951043
    outer loop
      vertex -82 13.9877 9.55688
      vertex -72.2 14.3161 9.6636
      vertex -72.2 13.9877 9.55688
    endloop
  endfacet
  facet normal 0 0.30906 -0.951043
    outer loop
      vertex -72.2 14.3161 9.6636
      vertex -82 13.9877 9.55688
      vertex -82 14.3161 9.6636
    endloop
  endfacet
  facet normal 0 0.187421 -0.98228
    outer loop
      vertex -82 14.3161 9.6636
      vertex -72.2 14.6553 9.72832
      vertex -72.2 14.3161 9.6636
    endloop
  endfacet
  facet normal 0 0.187421 -0.98228
    outer loop
      vertex -72.2 14.6553 9.72832
      vertex -82 14.3161 9.6636
      vertex -82 14.6553 9.72832
    endloop
  endfacet
  facet normal 0 0.929805 0.368053
    outer loop
      vertex -72.2 12.5117 5.82911
      vertex -82 12.3846 6.1502
      vertex -72.2 12.3846 6.1502
    endloop
  endfacet
  facet normal 0 0.929805 0.368053
    outer loop
      vertex -82 12.3846 6.1502
      vertex -72.2 12.5117 5.82911
      vertex -82 12.5117 5.82911
    endloop
  endfacet
  facet normal 0 0.968573 0.248731
    outer loop
      vertex -72.2 12.3846 6.1502
      vertex -82 12.2987 6.4847
      vertex -72.2 12.2987 6.4847
    endloop
  endfacet
  facet normal 0 0.968573 0.248731
    outer loop
      vertex -82 12.2987 6.4847
      vertex -72.2 12.3846 6.1502
      vertex -82 12.3846 6.1502
    endloop
  endfacet
  facet normal 0 0.809011 0.587793
    outer loop
      vertex -72.2 12.8811 5.24708
      vertex -82 12.6781 5.52648
      vertex -72.2 12.6781 5.52648
    endloop
  endfacet
  facet normal 0 0.809011 0.587793
    outer loop
      vertex -82 12.6781 5.52648
      vertex -72.2 12.8811 5.24708
      vertex -82 12.8811 5.24708
    endloop
  endfacet
  facet normal 0 0.535796 -0.844348
    outer loop
      vertex -82 13.3836 9.2248
      vertex -72.2 13.6752 9.40984
      vertex -72.2 13.3836 9.2248
    endloop
  endfacet
  facet normal 0 0.535796 -0.844348
    outer loop
      vertex -72.2 13.6752 9.40984
      vertex -82 13.3836 9.2248
      vertex -82 13.6752 9.40984
    endloop
  endfacet
  facet normal 0 0.809011 -0.587793
    outer loop
      vertex -72.2 12.6781 8.47352
      vertex -82 12.8811 8.75292
      vertex -72.2 12.8811 8.75292
    endloop
  endfacet
  facet normal 0 0.809011 -0.587793
    outer loop
      vertex -82 12.8811 8.75292
      vertex -72.2 12.6781 8.47352
      vertex -82 12.6781 8.47352
    endloop
  endfacet
  facet normal 0 0.929805 -0.368053
    outer loop
      vertex -72.2 12.3846 7.8498
      vertex -82 12.5117 8.17089
      vertex -72.2 12.5117 8.17089
    endloop
  endfacet
  facet normal 0 0.929805 -0.368053
    outer loop
      vertex -82 12.5117 8.17089
      vertex -72.2 12.3846 7.8498
      vertex -82 12.3846 7.8498
    endloop
  endfacet
  facet normal -0.0627975 0 0.998026
    outer loop
      vertex 0 36.9901 3.75
      vertex 0.407332 23.0099 3.77563
      vertex 0.407332 36.9901 3.77563
    endloop
  endfacet
  facet normal -0.0627975 0 0.998026
    outer loop
      vertex 0.407332 23.0099 3.77563
      vertex 0 36.9901 3.75
      vertex 0 23.0099 3.75
    endloop
  endfacet
  facet normal -0.187363 0 0.982291
    outer loop
      vertex 0.407332 36.9901 3.77563
      vertex 0.808242 23.0099 3.8521
      vertex 0.808242 36.9901 3.8521
    endloop
  endfacet
  facet normal -0.187363 0 0.982291
    outer loop
      vertex 0.808242 23.0099 3.8521
      vertex 0.407332 36.9901 3.77563
      vertex 0.407332 23.0099 3.77563
    endloop
  endfacet
  facet normal -0.0627242 0 -0.998031
    outer loop
      vertex 0 23.0099 10.25
      vertex 0.407332 36.9901 10.2244
      vertex 0.407332 23.0099 10.2244
    endloop
  endfacet
  facet normal -0.0627242 0 -0.998031
    outer loop
      vertex 0.407332 36.9901 10.2244
      vertex 0 23.0099 10.25
      vertex 0 36.9901 10.25
    endloop
  endfacet
  facet normal -0.728968 0 -0.684547
    outer loop
      vertex 2.50417 23.0099 9.07163
      vertex 2.22478 36.9901 9.36915
      vertex 2.50417 36.9901 9.07163
    endloop
  endfacet
  facet normal -0.728968 -0 -0.684547
    outer loop
      vertex 2.22478 36.9901 9.36915
      vertex 2.50417 23.0099 9.07163
      vertex 2.22478 23.0099 9.36915
    endloop
  endfacet
  facet normal -0.929782 0 -0.36811
    outer loop
      vertex 3.09093 23.0099 8.0043
      vertex 2.94069 36.9901 8.38378
      vertex 3.09093 36.9901 8.0043
    endloop
  endfacet
  facet normal -0.929782 -0 -0.36811
    outer loop
      vertex 2.94069 36.9901 8.38378
      vertex 3.09093 23.0099 8.0043
      vertex 2.94069 23.0099 8.38378
    endloop
  endfacet
  facet normal -0.809014 0 0.58779
    outer loop
      vertex 2.50417 23.0099 4.92837
      vertex 2.74407 36.9901 5.25856
      vertex 2.50417 36.9901 4.92837
    endloop
  endfacet
  facet normal -0.809014 0 0.58779
    outer loop
      vertex 2.74407 36.9901 5.25856
      vertex 2.50417 23.0099 4.92837
      vertex 2.74407 23.0099 5.25856
    endloop
  endfacet
  facet normal -0.425821 0 -0.904808
    outer loop
      vertex 1.1964 23.0099 10.0218
      vertex 1.5657 36.9901 9.848
      vertex 1.5657 23.0099 9.848
    endloop
  endfacet
  facet normal -0.425821 0 -0.904808
    outer loop
      vertex 1.5657 36.9901 9.848
      vertex 1.1964 23.0099 10.0218
      vertex 1.1964 36.9901 10.0218
    endloop
  endfacet
  facet normal -0.637409 0 -0.770526
    outer loop
      vertex 1.9103 23.0099 9.6293
      vertex 2.22478 36.9901 9.36915
      vertex 2.22478 23.0099 9.36915
    endloop
  endfacet
  facet normal -0.637409 0 -0.770526
    outer loop
      vertex 2.22478 36.9901 9.36915
      vertex 1.9103 23.0099 9.6293
      vertex 1.9103 36.9901 9.6293
    endloop
  endfacet
  facet normal -0.992113 0 -0.125349
    outer loop
      vertex 3.24359 23.0099 7.20407
      vertex 3.19243 36.9901 7.60899
      vertex 3.24359 36.9901 7.20407
    endloop
  endfacet
  facet normal -0.992113 -0 -0.125349
    outer loop
      vertex 3.19243 36.9901 7.60899
      vertex 3.24359 23.0099 7.20407
      vertex 3.19243 23.0099 7.60899
    endloop
  endfacet
  facet normal 0.309039 0 0.951049
    outer loop
      vertex -1.1964 36.9901 3.97823
      vertex -0.808242 23.0099 3.8521
      vertex -0.808242 36.9901 3.8521
    endloop
  endfacet
  facet normal 0.309039 0 0.951049
    outer loop
      vertex -0.808242 23.0099 3.8521
      vertex -1.1964 36.9901 3.97823
      vertex -1.1964 23.0099 3.97823
    endloop
  endfacet
  facet normal 0.992113 -0 0.125349
    outer loop
      vertex -3.24359 23.0099 6.79593
      vertex -3.19243 36.9901 6.39101
      vertex -3.24359 36.9901 6.79593
    endloop
  endfacet
  facet normal 0.992113 0 0.125349
    outer loop
      vertex -3.19243 36.9901 6.39101
      vertex -3.24359 23.0099 6.79593
      vertex -3.19243 23.0099 6.39101
    endloop
  endfacet
  facet normal -0.42576 0 0.904836
    outer loop
      vertex 1.1964 36.9901 3.97823
      vertex 1.5657 23.0099 4.152
      vertex 1.5657 36.9901 4.152
    endloop
  endfacet
  facet normal -0.42576 0 0.904836
    outer loop
      vertex 1.5657 23.0099 4.152
      vertex 1.1964 36.9901 3.97823
      vertex 1.1964 23.0099 3.97823
    endloop
  endfacet
  facet normal -0.535827 0 0.844328
    outer loop
      vertex 1.5657 36.9901 4.152
      vertex 1.9103 23.0099 4.37069
      vertex 1.9103 36.9901 4.37069
    endloop
  endfacet
  facet normal -0.535827 0 0.844328
    outer loop
      vertex 1.9103 23.0099 4.37069
      vertex 1.5657 36.9901 4.152
      vertex 1.5657 23.0099 4.152
    endloop
  endfacet
  facet normal -0.968584 0 0.248688
    outer loop
      vertex 3.09093 23.0099 5.99569
      vertex 3.19243 36.9901 6.39101
      vertex 3.09093 36.9901 5.99569
    endloop
  endfacet
  facet normal -0.968584 0 0.248688
    outer loop
      vertex 3.19243 36.9901 6.39101
      vertex 3.09093 23.0099 5.99569
      vertex 3.19243 23.0099 6.39101
    endloop
  endfacet
  facet normal -0.308972 0 -0.951071
    outer loop
      vertex 0.808242 23.0099 10.1479
      vertex 1.1964 36.9901 10.0218
      vertex 1.1964 23.0099 10.0218
    endloop
  endfacet
  facet normal -0.308972 0 -0.951071
    outer loop
      vertex 1.1964 36.9901 10.0218
      vertex 0.808242 23.0099 10.1479
      vertex 0.808242 36.9901 10.1479
    endloop
  endfacet
  facet normal -0.876312 0 -0.481744
    outer loop
      vertex 2.94069 23.0099 8.38378
      vertex 2.74407 36.9901 8.74144
      vertex 2.94069 36.9901 8.38378
    endloop
  endfacet
  facet normal -0.876312 -0 -0.481744
    outer loop
      vertex 2.74407 36.9901 8.74144
      vertex 2.94069 23.0099 8.38378
      vertex 2.74407 23.0099 8.74144
    endloop
  endfacet
  facet normal 0.809014 -0 0.58779
    outer loop
      vertex -2.74407 23.0099 5.25856
      vertex -2.50417 36.9901 4.92837
      vertex -2.74407 36.9901 5.25856
    endloop
  endfacet
  facet normal 0.809014 0 0.58779
    outer loop
      vertex -2.50417 36.9901 4.92837
      vertex -2.74407 23.0099 5.25856
      vertex -2.50417 23.0099 4.92837
    endloop
  endfacet
  facet normal 0.42576 0 0.904836
    outer loop
      vertex -1.5657 36.9901 4.152
      vertex -1.1964 23.0099 3.97823
      vertex -1.1964 36.9901 3.97823
    endloop
  endfacet
  facet normal 0.42576 0 0.904836
    outer loop
      vertex -1.1964 23.0099 3.97823
      vertex -1.5657 36.9901 4.152
      vertex -1.5657 23.0099 4.152
    endloop
  endfacet
  facet normal 0.728968 0 -0.684547
    outer loop
      vertex -2.22478 23.0099 9.36915
      vertex -2.50417 36.9901 9.07163
      vertex -2.22478 36.9901 9.36915
    endloop
  endfacet
  facet normal 0.728968 0 -0.684547
    outer loop
      vertex -2.50417 36.9901 9.07163
      vertex -2.22478 23.0099 9.36915
      vertex -2.50417 23.0099 9.07163
    endloop
  endfacet
  facet normal 0.308972 0 -0.951071
    outer loop
      vertex -1.1964 23.0099 10.0218
      vertex -0.808242 36.9901 10.1479
      vertex -0.808242 23.0099 10.1479
    endloop
  endfacet
  facet normal 0.308972 0 -0.951071
    outer loop
      vertex -0.808242 36.9901 10.1479
      vertex -1.1964 23.0099 10.0218
      vertex -1.1964 36.9901 10.0218
    endloop
  endfacet
  facet normal 1 -0 0
    outer loop
      vertex -3.24359 23.0099 7.20407
      vertex -3.24359 36.9901 6.79593
      vertex -3.24359 36.9901 7.20407
    endloop
  endfacet
  facet normal 1 0 0
    outer loop
      vertex -3.24359 36.9901 6.79593
      vertex -3.24359 23.0099 7.20407
      vertex -3.24359 23.0099 6.79593
    endloop
  endfacet
  facet normal -0.309039 0 0.951049
    outer loop
      vertex 0.808242 36.9901 3.8521
      vertex 1.1964 23.0099 3.97823
      vertex 1.1964 36.9901 3.97823
    endloop
  endfacet
  facet normal -0.309039 0 0.951049
    outer loop
      vertex 1.1964 23.0099 3.97823
      vertex 0.808242 36.9901 3.8521
      vertex 0.808242 23.0099 3.8521
    endloop
  endfacet
  facet normal -0.637423 0 0.770514
    outer loop
      vertex 1.9103 36.9901 4.37069
      vertex 2.22478 23.0099 4.63085
      vertex 2.22478 36.9901 4.63085
    endloop
  endfacet
  facet normal -0.637423 0 0.770514
    outer loop
      vertex 2.22478 23.0099 4.63085
      vertex 1.9103 36.9901 4.37069
      vertex 1.9103 23.0099 4.37069
    endloop
  endfacet
  facet normal -0.728968 0 0.684547
    outer loop
      vertex 2.22478 23.0099 4.63085
      vertex 2.50417 36.9901 4.92837
      vertex 2.22478 36.9901 4.63085
    endloop
  endfacet
  facet normal -0.728968 0 0.684547
    outer loop
      vertex 2.50417 36.9901 4.92837
      vertex 2.22478 23.0099 4.63085
      vertex 2.50417 23.0099 4.92837
    endloop
  endfacet
  facet normal -0.992113 0 0.125349
    outer loop
      vertex 3.19243 23.0099 6.39101
      vertex 3.24359 36.9901 6.79593
      vertex 3.19243 36.9901 6.39101
    endloop
  endfacet
  facet normal -0.992113 0 0.125349
    outer loop
      vertex 3.24359 36.9901 6.79593
      vertex 3.19243 23.0099 6.39101
      vertex 3.24359 23.0099 6.79593
    endloop
  endfacet
  facet normal -1 0 0
    outer loop
      vertex 3.24359 23.0099 6.79593
      vertex 3.24359 36.9901 7.20407
      vertex 3.24359 36.9901 6.79593
    endloop
  endfacet
  facet normal -1 -0 0
    outer loop
      vertex 3.24359 36.9901 7.20407
      vertex 3.24359 23.0099 6.79593
      vertex 3.24359 23.0099 7.20407
    endloop
  endfacet
  facet normal -0.876312 0 0.481744
    outer loop
      vertex 2.74407 23.0099 5.25856
      vertex 2.94069 36.9901 5.61622
      vertex 2.74407 36.9901 5.25856
    endloop
  endfacet
  facet normal -0.876312 0 0.481744
    outer loop
      vertex 2.94069 36.9901 5.61622
      vertex 2.74407 23.0099 5.25856
      vertex 2.94069 23.0099 5.61622
    endloop
  endfacet
  facet normal -0.929779 0 0.368119
    outer loop
      vertex 2.94069 23.0099 5.61622
      vertex 3.09093 36.9901 5.99569
      vertex 2.94069 36.9901 5.61622
    endloop
  endfacet
  facet normal -0.929779 0 0.368119
    outer loop
      vertex 3.09093 36.9901 5.99569
      vertex 2.94069 23.0099 5.61622
      vertex 3.09093 23.0099 5.99569
    endloop
  endfacet
  facet normal -0.535845 0 -0.844317
    outer loop
      vertex 1.5657 23.0099 9.848
      vertex 1.9103 36.9901 9.6293
      vertex 1.9103 23.0099 9.6293
    endloop
  endfacet
  facet normal -0.535845 0 -0.844317
    outer loop
      vertex 1.9103 36.9901 9.6293
      vertex 1.5657 23.0099 9.848
      vertex 1.5657 36.9901 9.848
    endloop
  endfacet
  facet normal -0.187434 0 -0.982277
    outer loop
      vertex 0.407332 23.0099 10.2244
      vertex 0.808242 36.9901 10.1479
      vertex 0.808242 23.0099 10.1479
    endloop
  endfacet
  facet normal -0.187434 0 -0.982277
    outer loop
      vertex 0.808242 36.9901 10.1479
      vertex 0.407332 23.0099 10.2244
      vertex 0.407332 36.9901 10.2244
    endloop
  endfacet
  facet normal -0.809014 0 -0.58779
    outer loop
      vertex 2.74407 23.0099 8.74144
      vertex 2.50417 36.9901 9.07163
      vertex 2.74407 36.9901 8.74144
    endloop
  endfacet
  facet normal -0.809014 -0 -0.58779
    outer loop
      vertex 2.50417 36.9901 9.07163
      vertex 2.74407 23.0099 8.74144
      vertex 2.50417 23.0099 9.07163
    endloop
  endfacet
  facet normal -0.968582 0 -0.248694
    outer loop
      vertex 3.19243 23.0099 7.60899
      vertex 3.09093 36.9901 8.0043
      vertex 3.19243 36.9901 7.60899
    endloop
  endfacet
  facet normal -0.968582 -0 -0.248694
    outer loop
      vertex 3.09093 36.9901 8.0043
      vertex 3.19243 23.0099 7.60899
      vertex 3.09093 23.0099 8.0043
    endloop
  endfacet
  facet normal 0.535827 0 0.844328
    outer loop
      vertex -1.9103 36.9901 4.37069
      vertex -1.5657 23.0099 4.152
      vertex -1.5657 36.9901 4.152
    endloop
  endfacet
  facet normal 0.535827 0 0.844328
    outer loop
      vertex -1.5657 23.0099 4.152
      vertex -1.9103 36.9901 4.37069
      vertex -1.9103 23.0099 4.37069
    endloop
  endfacet
  facet normal 0.187363 0 0.982291
    outer loop
      vertex -0.808242 36.9901 3.8521
      vertex -0.407332 23.0099 3.77563
      vertex -0.407332 36.9901 3.77563
    endloop
  endfacet
  facet normal 0.187363 0 0.982291
    outer loop
      vertex -0.407332 23.0099 3.77563
      vertex -0.808242 36.9901 3.8521
      vertex -0.808242 23.0099 3.8521
    endloop
  endfacet
  facet normal 0.0627975 0 0.998026
    outer loop
      vertex -0.407332 36.9901 3.77563
      vertex 0 23.0099 3.75
      vertex 0 36.9901 3.75
    endloop
  endfacet
  facet normal 0.0627975 0 0.998026
    outer loop
      vertex 0 23.0099 3.75
      vertex -0.407332 36.9901 3.77563
      vertex -0.407332 23.0099 3.77563
    endloop
  endfacet
  facet normal 0.929782 0 -0.36811
    outer loop
      vertex -2.94069 23.0099 8.38378
      vertex -3.09093 36.9901 8.0043
      vertex -2.94069 36.9901 8.38378
    endloop
  endfacet
  facet normal 0.929782 0 -0.36811
    outer loop
      vertex -3.09093 36.9901 8.0043
      vertex -2.94069 23.0099 8.38378
      vertex -3.09093 23.0099 8.0043
    endloop
  endfacet
  facet normal 0.637409 0 -0.770526
    outer loop
      vertex -2.22478 23.0099 9.36915
      vertex -1.9103 36.9901 9.6293
      vertex -1.9103 23.0099 9.6293
    endloop
  endfacet
  facet normal 0.637409 0 -0.770526
    outer loop
      vertex -1.9103 36.9901 9.6293
      vertex -2.22478 23.0099 9.36915
      vertex -2.22478 36.9901 9.36915
    endloop
  endfacet
  facet normal 0.187434 0 -0.982277
    outer loop
      vertex -0.808242 23.0099 10.1479
      vertex -0.407332 36.9901 10.2244
      vertex -0.407332 23.0099 10.2244
    endloop
  endfacet
  facet normal 0.187434 0 -0.982277
    outer loop
      vertex -0.407332 36.9901 10.2244
      vertex -0.808242 23.0099 10.1479
      vertex -0.808242 36.9901 10.1479
    endloop
  endfacet
  facet normal 0.968584 -0 0.248688
    outer loop
      vertex -3.19243 23.0099 6.39101
      vertex -3.09093 36.9901 5.99569
      vertex -3.19243 36.9901 6.39101
    endloop
  endfacet
  facet normal 0.968584 0 0.248688
    outer loop
      vertex -3.09093 36.9901 5.99569
      vertex -3.19243 23.0099 6.39101
      vertex -3.09093 23.0099 5.99569
    endloop
  endfacet
  facet normal 0.876312 -0 0.481744
    outer loop
      vertex -2.94069 23.0099 5.61622
      vertex -2.74407 36.9901 5.25856
      vertex -2.94069 36.9901 5.61622
    endloop
  endfacet
  facet normal 0.876312 0 0.481744
    outer loop
      vertex -2.74407 36.9901 5.25856
      vertex -2.94069 23.0099 5.61622
      vertex -2.74407 23.0099 5.25856
    endloop
  endfacet
  facet normal 0.992113 0 -0.125349
    outer loop
      vertex -3.19243 23.0099 7.60899
      vertex -3.24359 36.9901 7.20407
      vertex -3.19243 36.9901 7.60899
    endloop
  endfacet
  facet normal 0.992113 0 -0.125349
    outer loop
      vertex -3.24359 36.9901 7.20407
      vertex -3.19243 23.0099 7.60899
      vertex -3.24359 23.0099 7.20407
    endloop
  endfacet
  facet normal 0.535845 0 -0.844317
    outer loop
      vertex -1.9103 23.0099 9.6293
      vertex -1.5657 36.9901 9.848
      vertex -1.5657 23.0099 9.848
    endloop
  endfacet
  facet normal 0.535845 0 -0.844317
    outer loop
      vertex -1.5657 36.9901 9.848
      vertex -1.9103 23.0099 9.6293
      vertex -1.9103 36.9901 9.6293
    endloop
  endfacet
  facet normal 0.425821 0 -0.904808
    outer loop
      vertex -1.5657 23.0099 9.848
      vertex -1.1964 36.9901 10.0218
      vertex -1.1964 23.0099 10.0218
    endloop
  endfacet
  facet normal 0.425821 0 -0.904808
    outer loop
      vertex -1.1964 36.9901 10.0218
      vertex -1.5657 23.0099 9.848
      vertex -1.5657 36.9901 9.848
    endloop
  endfacet
  facet normal 0.0627242 0 -0.998031
    outer loop
      vertex -0.407332 23.0099 10.2244
      vertex 0 36.9901 10.25
      vertex 0 23.0099 10.25
    endloop
  endfacet
  facet normal 0.0627242 0 -0.998031
    outer loop
      vertex 0 36.9901 10.25
      vertex -0.407332 23.0099 10.2244
      vertex -0.407332 36.9901 10.2244
    endloop
  endfacet
  facet normal 0.728968 -0 0.684547
    outer loop
      vertex -2.50417 23.0099 4.92837
      vertex -2.22478 36.9901 4.63085
      vertex -2.50417 36.9901 4.92837
    endloop
  endfacet
  facet normal 0.728968 0 0.684547
    outer loop
      vertex -2.22478 36.9901 4.63085
      vertex -2.50417 23.0099 4.92837
      vertex -2.22478 23.0099 4.63085
    endloop
  endfacet
  facet normal 0.637423 0 0.770514
    outer loop
      vertex -2.22478 36.9901 4.63085
      vertex -1.9103 23.0099 4.37069
      vertex -1.9103 36.9901 4.37069
    endloop
  endfacet
  facet normal 0.637423 0 0.770514
    outer loop
      vertex -1.9103 23.0099 4.37069
      vertex -2.22478 36.9901 4.63085
      vertex -2.22478 23.0099 4.63085
    endloop
  endfacet
  facet normal 0.809014 0 -0.58779
    outer loop
      vertex -2.50417 23.0099 9.07163
      vertex -2.74407 36.9901 8.74144
      vertex -2.50417 36.9901 9.07163
    endloop
  endfacet
  facet normal 0.809014 0 -0.58779
    outer loop
      vertex -2.74407 36.9901 8.74144
      vertex -2.50417 23.0099 9.07163
      vertex -2.74407 23.0099 8.74144
    endloop
  endfacet
  facet normal 0.968582 0 -0.248694
    outer loop
      vertex -3.09093 23.0099 8.0043
      vertex -3.19243 36.9901 7.60899
      vertex -3.09093 36.9901 8.0043
    endloop
  endfacet
  facet normal 0.968582 0 -0.248694
    outer loop
      vertex -3.19243 36.9901 7.60899
      vertex -3.09093 23.0099 8.0043
      vertex -3.19243 23.0099 7.60899
    endloop
  endfacet
  facet normal 0.929779 -0 0.368119
    outer loop
      vertex -3.09093 23.0099 5.99569
      vertex -2.94069 36.9901 5.61622
      vertex -3.09093 36.9901 5.99569
    endloop
  endfacet
  facet normal 0.929779 0 0.368119
    outer loop
      vertex -2.94069 36.9901 5.61622
      vertex -3.09093 23.0099 5.99569
      vertex -2.94069 23.0099 5.61622
    endloop
  endfacet
  facet normal 0.876312 0 -0.481744
    outer loop
      vertex -2.74407 23.0099 8.74144
      vertex -2.94069 36.9901 8.38378
      vertex -2.74407 36.9901 8.74144
    endloop
  endfacet
  facet normal 0.876312 0 -0.481744
    outer loop
      vertex -2.94069 36.9901 8.38378
      vertex -2.74407 23.0099 8.74144
      vertex -2.94069 23.0099 8.38378
    endloop
  endfacet
  facet normal -0.0628024 0 0.998026
    outer loop
      vertex 15 36.9901 3.75
      vertex 15.4073 23.0099 3.77563
      vertex 15.4073 36.9901 3.77563
    endloop
  endfacet
  facet normal -0.0628024 0 0.998026
    outer loop
      vertex 15.4073 23.0099 3.77563
      vertex 15 36.9901 3.75
      vertex 15 23.0099 3.75
    endloop
  endfacet
  facet normal -0.187368 0 0.98229
    outer loop
      vertex 15.4073 36.9901 3.77563
      vertex 15.8082 23.0099 3.8521
      vertex 15.8082 36.9901 3.8521
    endloop
  endfacet
  facet normal -0.187368 0 0.98229
    outer loop
      vertex 15.8082 23.0099 3.8521
      vertex 15.4073 36.9901 3.77563
      vertex 15.4073 23.0099 3.77563
    endloop
  endfacet
  facet normal -0.0627292 0 -0.998031
    outer loop
      vertex 15 23.0099 10.25
      vertex 15.4073 36.9901 10.2244
      vertex 15.4073 23.0099 10.2244
    endloop
  endfacet
  facet normal -0.0627292 0 -0.998031
    outer loop
      vertex 15.4073 36.9901 10.2244
      vertex 15 23.0099 10.25
      vertex 15 36.9901 10.25
    endloop
  endfacet
  facet normal -0.728956 0 -0.68456
    outer loop
      vertex 17.5042 23.0099 9.07163
      vertex 17.2248 36.9901 9.36915
      vertex 17.5042 36.9901 9.07163
    endloop
  endfacet
  facet normal -0.728956 -0 -0.68456
    outer loop
      vertex 17.2248 36.9901 9.36915
      vertex 17.5042 23.0099 9.07163
      vertex 17.2248 23.0099 9.36915
    endloop
  endfacet
  facet normal -0.809014 0 0.58779
    outer loop
      vertex 17.5042 23.0099 4.92837
      vertex 17.7441 36.9901 5.25856
      vertex 17.5042 36.9901 4.92837
    endloop
  endfacet
  facet normal -0.809014 0 0.58779
    outer loop
      vertex 17.7441 36.9901 5.25856
      vertex 17.5042 23.0099 4.92837
      vertex 17.7441 23.0099 5.25856
    endloop
  endfacet
  facet normal -0.637385 0 -0.770546
    outer loop
      vertex 16.9103 23.0099 9.6293
      vertex 17.2248 36.9901 9.36915
      vertex 17.2248 23.0099 9.36915
    endloop
  endfacet
  facet normal -0.637385 0 -0.770546
    outer loop
      vertex 17.2248 36.9901 9.36915
      vertex 16.9103 23.0099 9.6293
      vertex 16.9103 36.9901 9.6293
    endloop
  endfacet
  facet normal -0.9921 0 -0.125446
    outer loop
      vertex 18.2436 23.0099 7.20407
      vertex 18.1924 36.9901 7.60899
      vertex 18.2436 36.9901 7.20407
    endloop
  endfacet
  facet normal -0.9921 -0 -0.125446
    outer loop
      vertex 18.1924 36.9901 7.60899
      vertex 18.2436 23.0099 7.20407
      vertex 18.1924 23.0099 7.60899
    endloop
  endfacet
  facet normal 0.309009 0 0.951059
    outer loop
      vertex 13.8036 36.9901 3.97823
      vertex 14.1918 23.0099 3.8521
      vertex 14.1918 36.9901 3.8521
    endloop
  endfacet
  facet normal 0.309009 0 0.951059
    outer loop
      vertex 14.1918 23.0099 3.8521
      vertex 13.8036 36.9901 3.97823
      vertex 13.8036 23.0099 3.97823
    endloop
  endfacet
  facet normal 0.9921 -0 0.125446
    outer loop
      vertex 11.7564 23.0099 6.79593
      vertex 11.8076 36.9901 6.39101
      vertex 11.7564 36.9901 6.79593
    endloop
  endfacet
  facet normal 0.9921 0 0.125446
    outer loop
      vertex 11.8076 36.9901 6.39101
      vertex 11.7564 23.0099 6.79593
      vertex 11.8076 23.0099 6.39101
    endloop
  endfacet
  facet normal -0.42576 0 0.904836
    outer loop
      vertex 16.1964 36.9901 3.97823
      vertex 16.5657 23.0099 4.152
      vertex 16.5657 36.9901 4.152
    endloop
  endfacet
  facet normal -0.42576 0 0.904836
    outer loop
      vertex 16.5657 23.0099 4.152
      vertex 16.1964 36.9901 3.97823
      vertex 16.1964 23.0099 3.97823
    endloop
  endfacet
  facet normal -0.535827 0 0.844328
    outer loop
      vertex 16.5657 36.9901 4.152
      vertex 16.9103 23.0099 4.37069
      vertex 16.9103 36.9901 4.37069
    endloop
  endfacet
  facet normal -0.535827 0 0.844328
    outer loop
      vertex 16.9103 23.0099 4.37069
      vertex 16.5657 36.9901 4.152
      vertex 16.5657 23.0099 4.152
    endloop
  endfacet
  facet normal -0.968584 0 0.248688
    outer loop
      vertex 18.0909 23.0099 5.99569
      vertex 18.1924 36.9901 6.39101
      vertex 18.0909 36.9901 5.99569
    endloop
  endfacet
  facet normal -0.968584 0 0.248688
    outer loop
      vertex 18.1924 36.9901 6.39101
      vertex 18.0909 23.0099 5.99569
      vertex 18.1924 23.0099 6.39101
    endloop
  endfacet
  facet normal -0.308942 0 -0.951081
    outer loop
      vertex 15.8082 23.0099 10.1479
      vertex 16.1964 36.9901 10.0218
      vertex 16.1964 23.0099 10.0218
    endloop
  endfacet
  facet normal -0.308942 0 -0.951081
    outer loop
      vertex 16.1964 36.9901 10.0218
      vertex 15.8082 23.0099 10.1479
      vertex 15.8082 36.9901 10.1479
    endloop
  endfacet
  facet normal -0.876333 0 -0.481706
    outer loop
      vertex 17.9407 23.0099 8.38378
      vertex 17.7441 36.9901 8.74144
      vertex 17.9407 36.9901 8.38378
    endloop
  endfacet
  facet normal -0.876333 -0 -0.481706
    outer loop
      vertex 17.7441 36.9901 8.74144
      vertex 17.9407 23.0099 8.38378
      vertex 17.7441 23.0099 8.74144
    endloop
  endfacet
  facet normal 0.809014 -0 0.58779
    outer loop
      vertex 12.2559 23.0099 5.25856
      vertex 12.4958 36.9901 4.92837
      vertex 12.2559 36.9901 5.25856
    endloop
  endfacet
  facet normal 0.809014 0 0.58779
    outer loop
      vertex 12.4958 36.9901 4.92837
      vertex 12.2559 23.0099 5.25856
      vertex 12.4958 23.0099 4.92837
    endloop
  endfacet
  facet normal 0.42576 0 0.904836
    outer loop
      vertex 13.4343 36.9901 4.152
      vertex 13.8036 23.0099 3.97823
      vertex 13.8036 36.9901 3.97823
    endloop
  endfacet
  facet normal 0.42576 0 0.904836
    outer loop
      vertex 13.8036 23.0099 3.97823
      vertex 13.4343 36.9901 4.152
      vertex 13.4343 23.0099 4.152
    endloop
  endfacet
  facet normal 0.728956 0 -0.68456
    outer loop
      vertex 12.7752 23.0099 9.36915
      vertex 12.4958 36.9901 9.07163
      vertex 12.7752 36.9901 9.36915
    endloop
  endfacet
  facet normal 0.728956 0 -0.68456
    outer loop
      vertex 12.4958 36.9901 9.07163
      vertex 12.7752 23.0099 9.36915
      vertex 12.4958 23.0099 9.07163
    endloop
  endfacet
  facet normal 0.308942 0 -0.951081
    outer loop
      vertex 13.8036 23.0099 10.0218
      vertex 14.1918 36.9901 10.1479
      vertex 14.1918 23.0099 10.1479
    endloop
  endfacet
  facet normal 0.308942 0 -0.951081
    outer loop
      vertex 14.1918 36.9901 10.1479
      vertex 13.8036 23.0099 10.0218
      vertex 13.8036 36.9901 10.0218
    endloop
  endfacet
  facet normal 1 -0 0
    outer loop
      vertex 11.7564 23.0099 7.20407
      vertex 11.7564 36.9901 6.79593
      vertex 11.7564 36.9901 7.20407
    endloop
  endfacet
  facet normal 1 0 0
    outer loop
      vertex 11.7564 36.9901 6.79593
      vertex 11.7564 23.0099 7.20407
      vertex 11.7564 23.0099 6.79593
    endloop
  endfacet
  facet normal -0.309009 0 0.951059
    outer loop
      vertex 15.8082 36.9901 3.8521
      vertex 16.1964 23.0099 3.97823
      vertex 16.1964 36.9901 3.97823
    endloop
  endfacet
  facet normal -0.309009 0 0.951059
    outer loop
      vertex 16.1964 23.0099 3.97823
      vertex 15.8082 36.9901 3.8521
      vertex 15.8082 23.0099 3.8521
    endloop
  endfacet
  facet normal -0.637399 0 0.770534
    outer loop
      vertex 16.9103 36.9901 4.37069
      vertex 17.2248 23.0099 4.63085
      vertex 17.2248 36.9901 4.63085
    endloop
  endfacet
  facet normal -0.637399 0 0.770534
    outer loop
      vertex 17.2248 23.0099 4.63085
      vertex 16.9103 36.9901 4.37069
      vertex 16.9103 23.0099 4.37069
    endloop
  endfacet
  facet normal -0.728956 0 0.68456
    outer loop
      vertex 17.2248 23.0099 4.63085
      vertex 17.5042 36.9901 4.92837
      vertex 17.2248 36.9901 4.63085
    endloop
  endfacet
  facet normal -0.728956 0 0.68456
    outer loop
      vertex 17.5042 36.9901 4.92837
      vertex 17.2248 23.0099 4.63085
      vertex 17.5042 23.0099 4.92837
    endloop
  endfacet
  facet normal -0.9921 0 0.125446
    outer loop
      vertex 18.1924 23.0099 6.39101
      vertex 18.2436 36.9901 6.79593
      vertex 18.1924 36.9901 6.39101
    endloop
  endfacet
  facet normal -0.9921 0 0.125446
    outer loop
      vertex 18.2436 36.9901 6.79593
      vertex 18.1924 23.0099 6.39101
      vertex 18.2436 23.0099 6.79593
    endloop
  endfacet
  facet normal -1 0 0
    outer loop
      vertex 18.2436 23.0099 6.79593
      vertex 18.2436 36.9901 7.20407
      vertex 18.2436 36.9901 6.79593
    endloop
  endfacet
  facet normal -1 -0 0
    outer loop
      vertex 18.2436 36.9901 7.20407
      vertex 18.2436 23.0099 6.79593
      vertex 18.2436 23.0099 7.20407
    endloop
  endfacet
  facet normal -0.876333 0 0.481706
    outer loop
      vertex 17.7441 23.0099 5.25856
      vertex 17.9407 36.9901 5.61622
      vertex 17.7441 36.9901 5.25856
    endloop
  endfacet
  facet normal -0.876333 0 0.481706
    outer loop
      vertex 17.9407 36.9901 5.61622
      vertex 17.7441 23.0099 5.25856
      vertex 17.9407 23.0099 5.61622
    endloop
  endfacet
  facet normal -0.929812 0 0.368034
    outer loop
      vertex 17.9407 23.0099 5.61622
      vertex 18.0909 36.9901 5.99569
      vertex 17.9407 36.9901 5.61622
    endloop
  endfacet
  facet normal -0.929812 0 0.368034
    outer loop
      vertex 18.0909 36.9901 5.99569
      vertex 17.9407 23.0099 5.61622
      vertex 18.0909 23.0099 5.99569
    endloop
  endfacet
  facet normal -0.535845 0 -0.844317
    outer loop
      vertex 16.5657 23.0099 9.848
      vertex 16.9103 36.9901 9.6293
      vertex 16.9103 23.0099 9.6293
    endloop
  endfacet
  facet normal -0.535845 0 -0.844317
    outer loop
      vertex 16.9103 36.9901 9.6293
      vertex 16.5657 23.0099 9.848
      vertex 16.5657 36.9901 9.848
    endloop
  endfacet
  facet normal -0.425821 0 -0.904808
    outer loop
      vertex 16.1964 23.0099 10.0218
      vertex 16.5657 36.9901 9.848
      vertex 16.5657 23.0099 9.848
    endloop
  endfacet
  facet normal -0.425821 0 -0.904808
    outer loop
      vertex 16.5657 36.9901 9.848
      vertex 16.1964 23.0099 10.0218
      vertex 16.1964 36.9901 10.0218
    endloop
  endfacet
  facet normal -0.187439 0 -0.982276
    outer loop
      vertex 15.4073 23.0099 10.2244
      vertex 15.8082 36.9901 10.1479
      vertex 15.8082 23.0099 10.1479
    endloop
  endfacet
  facet normal -0.187439 0 -0.982276
    outer loop
      vertex 15.8082 36.9901 10.1479
      vertex 15.4073 23.0099 10.2244
      vertex 15.4073 36.9901 10.2244
    endloop
  endfacet
  facet normal -0.809014 0 -0.58779
    outer loop
      vertex 17.7441 23.0099 8.74144
      vertex 17.5042 36.9901 9.07163
      vertex 17.7441 36.9901 8.74144
    endloop
  endfacet
  facet normal -0.809014 -0 -0.58779
    outer loop
      vertex 17.5042 36.9901 9.07163
      vertex 17.7441 23.0099 8.74144
      vertex 17.5042 23.0099 9.07163
    endloop
  endfacet
  facet normal -0.968582 0 -0.248694
    outer loop
      vertex 18.1924 23.0099 7.60899
      vertex 18.0909 36.9901 8.0043
      vertex 18.1924 36.9901 7.60899
    endloop
  endfacet
  facet normal -0.968582 -0 -0.248694
    outer loop
      vertex 18.0909 36.9901 8.0043
      vertex 18.1924 23.0099 7.60899
      vertex 18.0909 23.0099 8.0043
    endloop
  endfacet
  facet normal -0.929816 0 -0.368026
    outer loop
      vertex 18.0909 23.0099 8.0043
      vertex 17.9407 36.9901 8.38378
      vertex 18.0909 36.9901 8.0043
    endloop
  endfacet
  facet normal -0.929816 -0 -0.368026
    outer loop
      vertex 17.9407 36.9901 8.38378
      vertex 18.0909 23.0099 8.0043
      vertex 17.9407 23.0099 8.38378
    endloop
  endfacet
  facet normal 0.535827 0 0.844328
    outer loop
      vertex 13.0897 36.9901 4.37069
      vertex 13.4343 23.0099 4.152
      vertex 13.4343 36.9901 4.152
    endloop
  endfacet
  facet normal 0.535827 0 0.844328
    outer loop
      vertex 13.4343 23.0099 4.152
      vertex 13.0897 36.9901 4.37069
      vertex 13.0897 23.0099 4.37069
    endloop
  endfacet
  facet normal 0.187368 0 0.98229
    outer loop
      vertex 14.1918 36.9901 3.8521
      vertex 14.5927 23.0099 3.77563
      vertex 14.5927 36.9901 3.77563
    endloop
  endfacet
  facet normal 0.187368 0 0.98229
    outer loop
      vertex 14.5927 23.0099 3.77563
      vertex 14.1918 36.9901 3.8521
      vertex 14.1918 23.0099 3.8521
    endloop
  endfacet
  facet normal 0.0628024 0 0.998026
    outer loop
      vertex 14.5927 36.9901 3.77563
      vertex 15 23.0099 3.75
      vertex 15 36.9901 3.75
    endloop
  endfacet
  facet normal 0.0628024 0 0.998026
    outer loop
      vertex 15 23.0099 3.75
      vertex 14.5927 36.9901 3.77563
      vertex 14.5927 23.0099 3.77563
    endloop
  endfacet
  facet normal 0.929816 0 -0.368026
    outer loop
      vertex 12.0593 23.0099 8.38378
      vertex 11.9091 36.9901 8.0043
      vertex 12.0593 36.9901 8.38378
    endloop
  endfacet
  facet normal 0.929816 0 -0.368026
    outer loop
      vertex 11.9091 36.9901 8.0043
      vertex 12.0593 23.0099 8.38378
      vertex 11.9091 23.0099 8.0043
    endloop
  endfacet
  facet normal 0.637385 0 -0.770546
    outer loop
      vertex 12.7752 23.0099 9.36915
      vertex 13.0897 36.9901 9.6293
      vertex 13.0897 23.0099 9.6293
    endloop
  endfacet
  facet normal 0.637385 0 -0.770546
    outer loop
      vertex 13.0897 36.9901 9.6293
      vertex 12.7752 23.0099 9.36915
      vertex 12.7752 36.9901 9.36915
    endloop
  endfacet
  facet normal 0.187439 0 -0.982276
    outer loop
      vertex 14.1918 23.0099 10.1479
      vertex 14.5927 36.9901 10.2244
      vertex 14.5927 23.0099 10.2244
    endloop
  endfacet
  facet normal 0.187439 0 -0.982276
    outer loop
      vertex 14.5927 36.9901 10.2244
      vertex 14.1918 23.0099 10.1479
      vertex 14.1918 36.9901 10.1479
    endloop
  endfacet
  facet normal 0.968584 -0 0.248688
    outer loop
      vertex 11.8076 23.0099 6.39101
      vertex 11.9091 36.9901 5.99569
      vertex 11.8076 36.9901 6.39101
    endloop
  endfacet
  facet normal 0.968584 0 0.248688
    outer loop
      vertex 11.9091 36.9901 5.99569
      vertex 11.8076 23.0099 6.39101
      vertex 11.9091 23.0099 5.99569
    endloop
  endfacet
  facet normal 0.876333 -0 0.481706
    outer loop
      vertex 12.0593 23.0099 5.61622
      vertex 12.2559 36.9901 5.25856
      vertex 12.0593 36.9901 5.61622
    endloop
  endfacet
  facet normal 0.876333 0 0.481706
    outer loop
      vertex 12.2559 36.9901 5.25856
      vertex 12.0593 23.0099 5.61622
      vertex 12.2559 23.0099 5.25856
    endloop
  endfacet
  facet normal 0.535845 0 -0.844317
    outer loop
      vertex 13.0897 23.0099 9.6293
      vertex 13.4343 36.9901 9.848
      vertex 13.4343 23.0099 9.848
    endloop
  endfacet
  facet normal 0.535845 0 -0.844317
    outer loop
      vertex 13.4343 36.9901 9.848
      vertex 13.0897 23.0099 9.6293
      vertex 13.0897 36.9901 9.6293
    endloop
  endfacet
  facet normal 0.425821 0 -0.904808
    outer loop
      vertex 13.4343 23.0099 9.848
      vertex 13.8036 36.9901 10.0218
      vertex 13.8036 23.0099 10.0218
    endloop
  endfacet
  facet normal 0.425821 0 -0.904808
    outer loop
      vertex 13.8036 36.9901 10.0218
      vertex 13.4343 23.0099 9.848
      vertex 13.4343 36.9901 9.848
    endloop
  endfacet
  facet normal 0.0627292 0 -0.998031
    outer loop
      vertex 14.5927 23.0099 10.2244
      vertex 15 36.9901 10.25
      vertex 15 23.0099 10.25
    endloop
  endfacet
  facet normal 0.0627292 0 -0.998031
    outer loop
      vertex 15 36.9901 10.25
      vertex 14.5927 23.0099 10.2244
      vertex 14.5927 36.9901 10.2244
    endloop
  endfacet
  facet normal 0.728956 -0 0.68456
    outer loop
      vertex 12.4958 23.0099 4.92837
      vertex 12.7752 36.9901 4.63085
      vertex 12.4958 36.9901 4.92837
    endloop
  endfacet
  facet normal 0.728956 0 0.68456
    outer loop
      vertex 12.7752 36.9901 4.63085
      vertex 12.4958 23.0099 4.92837
      vertex 12.7752 23.0099 4.63085
    endloop
  endfacet
  facet normal 0.637399 0 0.770534
    outer loop
      vertex 12.7752 36.9901 4.63085
      vertex 13.0897 23.0099 4.37069
      vertex 13.0897 36.9901 4.37069
    endloop
  endfacet
  facet normal 0.637399 0 0.770534
    outer loop
      vertex 13.0897 23.0099 4.37069
      vertex 12.7752 36.9901 4.63085
      vertex 12.7752 23.0099 4.63085
    endloop
  endfacet
  facet normal 0.809014 0 -0.58779
    outer loop
      vertex 12.4958 23.0099 9.07163
      vertex 12.2559 36.9901 8.74144
      vertex 12.4958 36.9901 9.07163
    endloop
  endfacet
  facet normal 0.809014 0 -0.58779
    outer loop
      vertex 12.2559 36.9901 8.74144
      vertex 12.4958 23.0099 9.07163
      vertex 12.2559 23.0099 8.74144
    endloop
  endfacet
  facet normal 0.876333 0 -0.481706
    outer loop
      vertex 12.2559 23.0099 8.74144
      vertex 12.0593 36.9901 8.38378
      vertex 12.2559 36.9901 8.74144
    endloop
  endfacet
  facet normal 0.876333 0 -0.481706
    outer loop
      vertex 12.0593 36.9901 8.38378
      vertex 12.2559 23.0099 8.74144
      vertex 12.0593 23.0099 8.38378
    endloop
  endfacet
  facet normal 0.968582 0 -0.248694
    outer loop
      vertex 11.9091 23.0099 8.0043
      vertex 11.8076 36.9901 7.60899
      vertex 11.9091 36.9901 8.0043
    endloop
  endfacet
  facet normal 0.968582 0 -0.248694
    outer loop
      vertex 11.8076 36.9901 7.60899
      vertex 11.9091 23.0099 8.0043
      vertex 11.8076 23.0099 7.60899
    endloop
  endfacet
  facet normal 0.9921 0 -0.125446
    outer loop
      vertex 11.8076 23.0099 7.60899
      vertex 11.7564 36.9901 7.20407
      vertex 11.8076 36.9901 7.60899
    endloop
  endfacet
  facet normal 0.9921 0 -0.125446
    outer loop
      vertex 11.7564 36.9901 7.20407
      vertex 11.8076 23.0099 7.60899
      vertex 11.7564 23.0099 7.20407
    endloop
  endfacet
  facet normal 0.929812 -0 0.368034
    outer loop
      vertex 11.9091 23.0099 5.99569
      vertex 12.0593 36.9901 5.61622
      vertex 11.9091 36.9901 5.99569
    endloop
  endfacet
  facet normal 0.929812 0 0.368034
    outer loop
      vertex 12.0593 36.9901 5.61622
      vertex 11.9091 23.0099 5.99569
      vertex 12.0593 23.0099 5.61622
    endloop
  endfacet
  facet normal -0.0628024 0 0.998026
    outer loop
      vertex -15 36.9901 3.75
      vertex -14.5927 23.0099 3.77563
      vertex -14.5927 36.9901 3.77563
    endloop
  endfacet
  facet normal -0.0628024 0 0.998026
    outer loop
      vertex -14.5927 23.0099 3.77563
      vertex -15 36.9901 3.75
      vertex -15 23.0099 3.75
    endloop
  endfacet
  facet normal -0.968584 0 0.248688
    outer loop
      vertex -11.9091 23.0099 5.99569
      vertex -11.8076 36.9901 6.39101
      vertex -11.9091 36.9901 5.99569
    endloop
  endfacet
  facet normal -0.968584 0 0.248688
    outer loop
      vertex -11.8076 36.9901 6.39101
      vertex -11.9091 23.0099 5.99569
      vertex -11.8076 23.0099 6.39101
    endloop
  endfacet
  facet normal -0.929816 0 -0.368026
    outer loop
      vertex -11.9091 23.0099 8.0043
      vertex -12.0593 36.9901 8.38378
      vertex -11.9091 36.9901 8.0043
    endloop
  endfacet
  facet normal -0.929816 -0 -0.368026
    outer loop
      vertex -12.0593 36.9901 8.38378
      vertex -11.9091 23.0099 8.0043
      vertex -12.0593 23.0099 8.38378
    endloop
  endfacet
  facet normal -0.425821 0 -0.904808
    outer loop
      vertex -13.8036 23.0099 10.0218
      vertex -13.4343 36.9901 9.848
      vertex -13.4343 23.0099 9.848
    endloop
  endfacet
  facet normal -0.425821 0 -0.904808
    outer loop
      vertex -13.4343 36.9901 9.848
      vertex -13.8036 23.0099 10.0218
      vertex -13.8036 36.9901 10.0218
    endloop
  endfacet
  facet normal -0.42576 0 0.904836
    outer loop
      vertex -13.8036 36.9901 3.97823
      vertex -13.4343 23.0099 4.152
      vertex -13.4343 36.9901 4.152
    endloop
  endfacet
  facet normal -0.42576 0 0.904836
    outer loop
      vertex -13.4343 23.0099 4.152
      vertex -13.8036 36.9901 3.97823
      vertex -13.8036 23.0099 3.97823
    endloop
  endfacet
  facet normal -0.535827 0 0.844328
    outer loop
      vertex -13.4343 36.9901 4.152
      vertex -13.0897 23.0099 4.37069
      vertex -13.0897 36.9901 4.37069
    endloop
  endfacet
  facet normal -0.535827 0 0.844328
    outer loop
      vertex -13.0897 23.0099 4.37069
      vertex -13.4343 36.9901 4.152
      vertex -13.4343 23.0099 4.152
    endloop
  endfacet
  facet normal -0.637385 0 -0.770546
    outer loop
      vertex -13.0897 23.0099 9.6293
      vertex -12.7752 36.9901 9.36915
      vertex -12.7752 23.0099 9.36915
    endloop
  endfacet
  facet normal -0.637385 0 -0.770546
    outer loop
      vertex -12.7752 36.9901 9.36915
      vertex -13.0897 23.0099 9.6293
      vertex -13.0897 36.9901 9.6293
    endloop
  endfacet
  facet normal 0.728956 0 -0.68456
    outer loop
      vertex -17.2248 23.0099 9.36915
      vertex -17.5042 36.9901 9.07163
      vertex -17.2248 36.9901 9.36915
    endloop
  endfacet
  facet normal 0.728956 0 -0.68456
    outer loop
      vertex -17.5042 36.9901 9.07163
      vertex -17.2248 23.0099 9.36915
      vertex -17.5042 23.0099 9.07163
    endloop
  endfacet
  facet normal 0.308942 0 -0.951081
    outer loop
      vertex -16.1964 23.0099 10.0218
      vertex -15.8082 36.9901 10.1479
      vertex -15.8082 23.0099 10.1479
    endloop
  endfacet
  facet normal 0.308942 0 -0.951081
    outer loop
      vertex -15.8082 36.9901 10.1479
      vertex -16.1964 23.0099 10.0218
      vertex -16.1964 36.9901 10.0218
    endloop
  endfacet
  facet normal -0.309009 0 0.951059
    outer loop
      vertex -14.1918 36.9901 3.8521
      vertex -13.8036 23.0099 3.97823
      vertex -13.8036 36.9901 3.97823
    endloop
  endfacet
  facet normal -0.309009 0 0.951059
    outer loop
      vertex -13.8036 23.0099 3.97823
      vertex -14.1918 36.9901 3.8521
      vertex -14.1918 23.0099 3.8521
    endloop
  endfacet
  facet normal -0.637399 0 0.770534
    outer loop
      vertex -13.0897 36.9901 4.37069
      vertex -12.7752 23.0099 4.63085
      vertex -12.7752 36.9901 4.63085
    endloop
  endfacet
  facet normal -0.637399 0 0.770534
    outer loop
      vertex -12.7752 23.0099 4.63085
      vertex -13.0897 36.9901 4.37069
      vertex -13.0897 23.0099 4.37069
    endloop
  endfacet
  facet normal -0.728956 0 0.68456
    outer loop
      vertex -12.7752 23.0099 4.63085
      vertex -12.4958 36.9901 4.92837
      vertex -12.7752 36.9901 4.63085
    endloop
  endfacet
  facet normal -0.728956 0 0.68456
    outer loop
      vertex -12.4958 36.9901 4.92837
      vertex -12.7752 23.0099 4.63085
      vertex -12.4958 23.0099 4.92837
    endloop
  endfacet
  facet normal -1 0 0
    outer loop
      vertex -11.7564 23.0099 6.79593
      vertex -11.7564 36.9901 7.20407
      vertex -11.7564 36.9901 6.79593
    endloop
  endfacet
  facet normal -1 -0 0
    outer loop
      vertex -11.7564 36.9901 7.20407
      vertex -11.7564 23.0099 6.79593
      vertex -11.7564 23.0099 7.20407
    endloop
  endfacet
  facet normal -0.809014 0 0.58779
    outer loop
      vertex -12.4958 23.0099 4.92837
      vertex -12.2559 36.9901 5.25856
      vertex -12.4958 36.9901 4.92837
    endloop
  endfacet
  facet normal -0.809014 0 0.58779
    outer loop
      vertex -12.2559 36.9901 5.25856
      vertex -12.4958 23.0099 4.92837
      vertex -12.2559 23.0099 5.25856
    endloop
  endfacet
  facet normal -0.0627292 0 -0.998031
    outer loop
      vertex -15 23.0099 10.25
      vertex -14.5927 36.9901 10.2244
      vertex -14.5927 23.0099 10.2244
    endloop
  endfacet
  facet normal -0.0627292 0 -0.998031
    outer loop
      vertex -14.5927 36.9901 10.2244
      vertex -15 23.0099 10.25
      vertex -15 36.9901 10.25
    endloop
  endfacet
  facet normal -0.308942 0 -0.951081
    outer loop
      vertex -14.1918 23.0099 10.1479
      vertex -13.8036 36.9901 10.0218
      vertex -13.8036 23.0099 10.0218
    endloop
  endfacet
  facet normal -0.308942 0 -0.951081
    outer loop
      vertex -13.8036 36.9901 10.0218
      vertex -14.1918 23.0099 10.1479
      vertex -14.1918 36.9901 10.1479
    endloop
  endfacet
  facet normal -0.9921 0 -0.125446
    outer loop
      vertex -11.7564 23.0099 7.20407
      vertex -11.8076 36.9901 7.60899
      vertex -11.7564 36.9901 7.20407
    endloop
  endfacet
  facet normal -0.9921 -0 -0.125446
    outer loop
      vertex -11.8076 36.9901 7.60899
      vertex -11.7564 23.0099 7.20407
      vertex -11.8076 23.0099 7.60899
    endloop
  endfacet
  facet normal -0.876333 0 -0.481706
    outer loop
      vertex -12.0593 23.0099 8.38378
      vertex -12.2559 36.9901 8.74144
      vertex -12.0593 36.9901 8.38378
    endloop
  endfacet
  facet normal -0.876333 -0 -0.481706
    outer loop
      vertex -12.2559 36.9901 8.74144
      vertex -12.0593 23.0099 8.38378
      vertex -12.2559 23.0099 8.74144
    endloop
  endfacet
  facet normal 0.0628024 0 0.998026
    outer loop
      vertex -15.4073 36.9901 3.77563
      vertex -15 23.0099 3.75
      vertex -15 36.9901 3.75
    endloop
  endfacet
  facet normal 0.0628024 0 0.998026
    outer loop
      vertex -15 23.0099 3.75
      vertex -15.4073 36.9901 3.77563
      vertex -15.4073 23.0099 3.77563
    endloop
  endfacet
  facet normal 0.309009 0 0.951059
    outer loop
      vertex -16.1964 36.9901 3.97823
      vertex -15.8082 23.0099 3.8521
      vertex -15.8082 36.9901 3.8521
    endloop
  endfacet
  facet normal 0.309009 0 0.951059
    outer loop
      vertex -15.8082 23.0099 3.8521
      vertex -16.1964 36.9901 3.97823
      vertex -16.1964 23.0099 3.97823
    endloop
  endfacet
  facet normal 0.535827 0 0.844328
    outer loop
      vertex -16.9103 36.9901 4.37069
      vertex -16.5657 23.0099 4.152
      vertex -16.5657 36.9901 4.152
    endloop
  endfacet
  facet normal 0.535827 0 0.844328
    outer loop
      vertex -16.5657 23.0099 4.152
      vertex -16.9103 36.9901 4.37069
      vertex -16.9103 23.0099 4.37069
    endloop
  endfacet
  facet normal 0.187439 0 -0.982276
    outer loop
      vertex -15.8082 23.0099 10.1479
      vertex -15.4073 36.9901 10.2244
      vertex -15.4073 23.0099 10.2244
    endloop
  endfacet
  facet normal 0.187439 0 -0.982276
    outer loop
      vertex -15.4073 36.9901 10.2244
      vertex -15.8082 23.0099 10.1479
      vertex -15.8082 36.9901 10.1479
    endloop
  endfacet
  facet normal 1 -0 0
    outer loop
      vertex -18.2436 23.0099 7.20407
      vertex -18.2436 36.9901 6.79593
      vertex -18.2436 36.9901 7.20407
    endloop
  endfacet
  facet normal 1 0 0
    outer loop
      vertex -18.2436 36.9901 6.79593
      vertex -18.2436 23.0099 7.20407
      vertex -18.2436 23.0099 6.79593
    endloop
  endfacet
  facet normal 0.9921 -0 0.125446
    outer loop
      vertex -18.2436 23.0099 6.79593
      vertex -18.1924 36.9901 6.39101
      vertex -18.2436 36.9901 6.79593
    endloop
  endfacet
  facet normal 0.9921 0 0.125446
    outer loop
      vertex -18.1924 36.9901 6.39101
      vertex -18.2436 23.0099 6.79593
      vertex -18.1924 23.0099 6.39101
    endloop
  endfacet
  facet normal 0.809014 -0 0.58779
    outer loop
      vertex -17.7441 23.0099 5.25856
      vertex -17.5042 36.9901 4.92837
      vertex -17.7441 36.9901 5.25856
    endloop
  endfacet
  facet normal 0.809014 0 0.58779
    outer loop
      vertex -17.5042 36.9901 4.92837
      vertex -17.7441 23.0099 5.25856
      vertex -17.5042 23.0099 4.92837
    endloop
  endfacet
  facet normal -0.187368 0 0.98229
    outer loop
      vertex -14.5927 36.9901 3.77563
      vertex -14.1918 23.0099 3.8521
      vertex -14.1918 36.9901 3.8521
    endloop
  endfacet
  facet normal -0.187368 0 0.98229
    outer loop
      vertex -14.1918 23.0099 3.8521
      vertex -14.5927 36.9901 3.77563
      vertex -14.5927 23.0099 3.77563
    endloop
  endfacet
  facet normal -0.9921 0 0.125446
    outer loop
      vertex -11.8076 23.0099 6.39101
      vertex -11.7564 36.9901 6.79593
      vertex -11.8076 36.9901 6.39101
    endloop
  endfacet
  facet normal -0.9921 0 0.125446
    outer loop
      vertex -11.7564 36.9901 6.79593
      vertex -11.8076 23.0099 6.39101
      vertex -11.7564 23.0099 6.79593
    endloop
  endfacet
  facet normal -0.876333 0 0.481706
    outer loop
      vertex -12.2559 23.0099 5.25856
      vertex -12.0593 36.9901 5.61622
      vertex -12.2559 36.9901 5.25856
    endloop
  endfacet
  facet normal -0.876333 0 0.481706
    outer loop
      vertex -12.0593 36.9901 5.61622
      vertex -12.2559 23.0099 5.25856
      vertex -12.0593 23.0099 5.61622
    endloop
  endfacet
  facet normal -0.929812 0 0.368034
    outer loop
      vertex -12.0593 23.0099 5.61622
      vertex -11.9091 36.9901 5.99569
      vertex -12.0593 36.9901 5.61622
    endloop
  endfacet
  facet normal -0.929812 0 0.368034
    outer loop
      vertex -11.9091 36.9901 5.99569
      vertex -12.0593 23.0099 5.61622
      vertex -11.9091 23.0099 5.99569
    endloop
  endfacet
  facet normal -0.187439 0 -0.982276
    outer loop
      vertex -14.5927 23.0099 10.2244
      vertex -14.1918 36.9901 10.1479
      vertex -14.1918 23.0099 10.1479
    endloop
  endfacet
  facet normal -0.187439 0 -0.982276
    outer loop
      vertex -14.1918 36.9901 10.1479
      vertex -14.5927 23.0099 10.2244
      vertex -14.5927 36.9901 10.2244
    endloop
  endfacet
  facet normal -0.535845 0 -0.844317
    outer loop
      vertex -13.4343 23.0099 9.848
      vertex -13.0897 36.9901 9.6293
      vertex -13.0897 23.0099 9.6293
    endloop
  endfacet
  facet normal -0.535845 0 -0.844317
    outer loop
      vertex -13.0897 36.9901 9.6293
      vertex -13.4343 23.0099 9.848
      vertex -13.4343 36.9901 9.848
    endloop
  endfacet
  facet normal -0.968582 0 -0.248694
    outer loop
      vertex -11.8076 23.0099 7.60899
      vertex -11.9091 36.9901 8.0043
      vertex -11.8076 36.9901 7.60899
    endloop
  endfacet
  facet normal -0.968582 -0 -0.248694
    outer loop
      vertex -11.9091 36.9901 8.0043
      vertex -11.8076 23.0099 7.60899
      vertex -11.9091 23.0099 8.0043
    endloop
  endfacet
  facet normal -0.809014 0 -0.58779
    outer loop
      vertex -12.2559 23.0099 8.74144
      vertex -12.4958 36.9901 9.07163
      vertex -12.2559 36.9901 8.74144
    endloop
  endfacet
  facet normal -0.809014 -0 -0.58779
    outer loop
      vertex -12.4958 36.9901 9.07163
      vertex -12.2559 23.0099 8.74144
      vertex -12.4958 23.0099 9.07163
    endloop
  endfacet
  facet normal -0.728956 0 -0.68456
    outer loop
      vertex -12.4958 23.0099 9.07163
      vertex -12.7752 36.9901 9.36915
      vertex -12.4958 36.9901 9.07163
    endloop
  endfacet
  facet normal -0.728956 -0 -0.68456
    outer loop
      vertex -12.7752 36.9901 9.36915
      vertex -12.4958 23.0099 9.07163
      vertex -12.7752 23.0099 9.36915
    endloop
  endfacet
  facet normal 0.187368 0 0.98229
    outer loop
      vertex -15.8082 36.9901 3.8521
      vertex -15.4073 23.0099 3.77563
      vertex -15.4073 36.9901 3.77563
    endloop
  endfacet
  facet normal 0.187368 0 0.98229
    outer loop
      vertex -15.4073 23.0099 3.77563
      vertex -15.8082 36.9901 3.8521
      vertex -15.8082 23.0099 3.8521
    endloop
  endfacet
  facet normal 0.42576 0 0.904836
    outer loop
      vertex -16.5657 36.9901 4.152
      vertex -16.1964 23.0099 3.97823
      vertex -16.1964 36.9901 3.97823
    endloop
  endfacet
  facet normal 0.42576 0 0.904836
    outer loop
      vertex -16.1964 23.0099 3.97823
      vertex -16.5657 36.9901 4.152
      vertex -16.5657 23.0099 4.152
    endloop
  endfacet
  facet normal 0.0627292 0 -0.998031
    outer loop
      vertex -15.4073 23.0099 10.2244
      vertex -15 36.9901 10.25
      vertex -15 23.0099 10.25
    endloop
  endfacet
  facet normal 0.0627292 0 -0.998031
    outer loop
      vertex -15 36.9901 10.25
      vertex -15.4073 23.0099 10.2244
      vertex -15.4073 36.9901 10.2244
    endloop
  endfacet
  facet normal 0.637385 0 -0.770546
    outer loop
      vertex -17.2248 23.0099 9.36915
      vertex -16.9103 36.9901 9.6293
      vertex -16.9103 23.0099 9.6293
    endloop
  endfacet
  facet normal 0.637385 0 -0.770546
    outer loop
      vertex -16.9103 36.9901 9.6293
      vertex -17.2248 23.0099 9.36915
      vertex -17.2248 36.9901 9.36915
    endloop
  endfacet
  facet normal 0.968584 -0 0.248688
    outer loop
      vertex -18.1924 23.0099 6.39101
      vertex -18.0909 36.9901 5.99569
      vertex -18.1924 36.9901 6.39101
    endloop
  endfacet
  facet normal 0.968584 0 0.248688
    outer loop
      vertex -18.0909 36.9901 5.99569
      vertex -18.1924 23.0099 6.39101
      vertex -18.0909 23.0099 5.99569
    endloop
  endfacet
  facet normal 0.876333 -0 0.481706
    outer loop
      vertex -17.9407 23.0099 5.61622
      vertex -17.7441 36.9901 5.25856
      vertex -17.9407 36.9901 5.61622
    endloop
  endfacet
  facet normal 0.876333 0 0.481706
    outer loop
      vertex -17.7441 36.9901 5.25856
      vertex -17.9407 23.0099 5.61622
      vertex -17.7441 23.0099 5.25856
    endloop
  endfacet
  facet normal 0.929816 0 -0.368026
    outer loop
      vertex -17.9407 23.0099 8.38378
      vertex -18.0909 36.9901 8.0043
      vertex -17.9407 36.9901 8.38378
    endloop
  endfacet
  facet normal 0.929816 0 -0.368026
    outer loop
      vertex -18.0909 36.9901 8.0043
      vertex -17.9407 23.0099 8.38378
      vertex -18.0909 23.0099 8.0043
    endloop
  endfacet
  facet normal 0.809014 0 -0.58779
    outer loop
      vertex -17.5042 23.0099 9.07163
      vertex -17.7441 36.9901 8.74144
      vertex -17.5042 36.9901 9.07163
    endloop
  endfacet
  facet normal 0.809014 0 -0.58779
    outer loop
      vertex -17.7441 36.9901 8.74144
      vertex -17.5042 23.0099 9.07163
      vertex -17.7441 23.0099 8.74144
    endloop
  endfacet
  facet normal 0.876333 0 -0.481706
    outer loop
      vertex -17.7441 23.0099 8.74144
      vertex -17.9407 36.9901 8.38378
      vertex -17.7441 36.9901 8.74144
    endloop
  endfacet
  facet normal 0.876333 0 -0.481706
    outer loop
      vertex -17.9407 36.9901 8.38378
      vertex -17.7441 23.0099 8.74144
      vertex -17.9407 23.0099 8.38378
    endloop
  endfacet
  facet normal 0.9921 0 -0.125446
    outer loop
      vertex -18.1924 23.0099 7.60899
      vertex -18.2436 36.9901 7.20407
      vertex -18.1924 36.9901 7.60899
    endloop
  endfacet
  facet normal 0.9921 0 -0.125446
    outer loop
      vertex -18.2436 36.9901 7.20407
      vertex -18.1924 23.0099 7.60899
      vertex -18.2436 23.0099 7.20407
    endloop
  endfacet
  facet normal 0.535845 0 -0.844317
    outer loop
      vertex -16.9103 23.0099 9.6293
      vertex -16.5657 36.9901 9.848
      vertex -16.5657 23.0099 9.848
    endloop
  endfacet
  facet normal 0.535845 0 -0.844317
    outer loop
      vertex -16.5657 36.9901 9.848
      vertex -16.9103 23.0099 9.6293
      vertex -16.9103 36.9901 9.6293
    endloop
  endfacet
  facet normal 0.425821 0 -0.904808
    outer loop
      vertex -16.5657 23.0099 9.848
      vertex -16.1964 36.9901 10.0218
      vertex -16.1964 23.0099 10.0218
    endloop
  endfacet
  facet normal 0.425821 0 -0.904808
    outer loop
      vertex -16.1964 36.9901 10.0218
      vertex -16.5657 23.0099 9.848
      vertex -16.5657 36.9901 9.848
    endloop
  endfacet
  facet normal 0.929812 -0 0.368034
    outer loop
      vertex -18.0909 23.0099 5.99569
      vertex -17.9407 36.9901 5.61622
      vertex -18.0909 36.9901 5.99569
    endloop
  endfacet
  facet normal 0.929812 0 0.368034
    outer loop
      vertex -17.9407 36.9901 5.61622
      vertex -18.0909 23.0099 5.99569
      vertex -17.9407 23.0099 5.61622
    endloop
  endfacet
  facet normal 0.728956 -0 0.68456
    outer loop
      vertex -17.5042 23.0099 4.92837
      vertex -17.2248 36.9901 4.63085
      vertex -17.5042 36.9901 4.92837
    endloop
  endfacet
  facet normal 0.728956 0 0.68456
    outer loop
      vertex -17.2248 36.9901 4.63085
      vertex -17.5042 23.0099 4.92837
      vertex -17.2248 23.0099 4.63085
    endloop
  endfacet
  facet normal 0.637399 0 0.770534
    outer loop
      vertex -17.2248 36.9901 4.63085
      vertex -16.9103 23.0099 4.37069
      vertex -16.9103 36.9901 4.37069
    endloop
  endfacet
  facet normal 0.637399 0 0.770534
    outer loop
      vertex -16.9103 23.0099 4.37069
      vertex -17.2248 36.9901 4.63085
      vertex -17.2248 23.0099 4.63085
    endloop
  endfacet
  facet normal 0.968582 0 -0.248694
    outer loop
      vertex -18.0909 23.0099 8.0043
      vertex -18.1924 36.9901 7.60899
      vertex -18.0909 36.9901 8.0043
    endloop
  endfacet
  facet normal 0.968582 0 -0.248694
    outer loop
      vertex -18.1924 36.9901 7.60899
      vertex -18.0909 23.0099 8.0043
      vertex -18.1924 23.0099 7.60899
    endloop
  endfacet
  facet normal -0.0628024 0 0.998026
    outer loop
      vertex -30 36.9901 3.75
      vertex -29.5927 23.0099 3.77563
      vertex -29.5927 36.9901 3.77563
    endloop
  endfacet
  facet normal -0.0628024 0 0.998026
    outer loop
      vertex -29.5927 23.0099 3.77563
      vertex -30 36.9901 3.75
      vertex -30 23.0099 3.75
    endloop
  endfacet
  facet normal -0.187368 0 0.98229
    outer loop
      vertex -29.5927 36.9901 3.77563
      vertex -29.1918 23.0099 3.8521
      vertex -29.1918 36.9901 3.8521
    endloop
  endfacet
  facet normal -0.187368 0 0.98229
    outer loop
      vertex -29.1918 23.0099 3.8521
      vertex -29.5927 36.9901 3.77563
      vertex -29.5927 23.0099 3.77563
    endloop
  endfacet
  facet normal -0.0627292 0 -0.998031
    outer loop
      vertex -30 23.0099 10.25
      vertex -29.5927 36.9901 10.2244
      vertex -29.5927 23.0099 10.2244
    endloop
  endfacet
  facet normal -0.0627292 0 -0.998031
    outer loop
      vertex -29.5927 36.9901 10.2244
      vertex -30 23.0099 10.25
      vertex -30 36.9901 10.25
    endloop
  endfacet
  facet normal -0.809014 0 0.58779
    outer loop
      vertex -27.4958 23.0099 4.92837
      vertex -27.2559 36.9901 5.25856
      vertex -27.4958 36.9901 4.92837
    endloop
  endfacet
  facet normal -0.809014 0 0.58779
    outer loop
      vertex -27.2559 36.9901 5.25856
      vertex -27.4958 23.0099 4.92837
      vertex -27.2559 23.0099 5.25856
    endloop
  endfacet
  facet normal -0.637385 0 -0.770546
    outer loop
      vertex -28.0897 23.0099 9.6293
      vertex -27.7752 36.9901 9.36915
      vertex -27.7752 23.0099 9.36915
    endloop
  endfacet
  facet normal -0.637385 0 -0.770546
    outer loop
      vertex -27.7752 36.9901 9.36915
      vertex -28.0897 23.0099 9.6293
      vertex -28.0897 36.9901 9.6293
    endloop
  endfacet
  facet normal -0.9921 0 -0.125446
    outer loop
      vertex -26.7564 23.0099 7.20407
      vertex -26.8076 36.9901 7.60899
      vertex -26.7564 36.9901 7.20407
    endloop
  endfacet
  facet normal -0.9921 -0 -0.125446
    outer loop
      vertex -26.8076 36.9901 7.60899
      vertex -26.7564 23.0099 7.20407
      vertex -26.8076 23.0099 7.60899
    endloop
  endfacet
  facet normal 0.309009 0 0.951059
    outer loop
      vertex -31.1964 36.9901 3.97823
      vertex -30.8082 23.0099 3.8521
      vertex -30.8082 36.9901 3.8521
    endloop
  endfacet
  facet normal 0.309009 0 0.951059
    outer loop
      vertex -30.8082 23.0099 3.8521
      vertex -31.1964 36.9901 3.97823
      vertex -31.1964 23.0099 3.97823
    endloop
  endfacet
  facet normal 0.9921 -0 0.125446
    outer loop
      vertex -33.2436 23.0099 6.79593
      vertex -33.1924 36.9901 6.39101
      vertex -33.2436 36.9901 6.79593
    endloop
  endfacet
  facet normal 0.9921 0 0.125446
    outer loop
      vertex -33.1924 36.9901 6.39101
      vertex -33.2436 23.0099 6.79593
      vertex -33.1924 23.0099 6.39101
    endloop
  endfacet
  facet normal -0.42576 0 0.904836
    outer loop
      vertex -28.8036 36.9901 3.97823
      vertex -28.4343 23.0099 4.152
      vertex -28.4343 36.9901 4.152
    endloop
  endfacet
  facet normal -0.42576 0 0.904836
    outer loop
      vertex -28.4343 23.0099 4.152
      vertex -28.8036 36.9901 3.97823
      vertex -28.8036 23.0099 3.97823
    endloop
  endfacet
  facet normal -0.535827 0 0.844328
    outer loop
      vertex -28.4343 36.9901 4.152
      vertex -28.0897 23.0099 4.37069
      vertex -28.0897 36.9901 4.37069
    endloop
  endfacet
  facet normal -0.535827 0 0.844328
    outer loop
      vertex -28.0897 23.0099 4.37069
      vertex -28.4343 36.9901 4.152
      vertex -28.4343 23.0099 4.152
    endloop
  endfacet
  facet normal -0.968584 0 0.248688
    outer loop
      vertex -26.9091 23.0099 5.99569
      vertex -26.8076 36.9901 6.39101
      vertex -26.9091 36.9901 5.99569
    endloop
  endfacet
  facet normal -0.968584 0 0.248688
    outer loop
      vertex -26.8076 36.9901 6.39101
      vertex -26.9091 23.0099 5.99569
      vertex -26.8076 23.0099 6.39101
    endloop
  endfacet
  facet normal -0.308942 0 -0.951081
    outer loop
      vertex -29.1918 23.0099 10.1479
      vertex -28.8036 36.9901 10.0218
      vertex -28.8036 23.0099 10.0218
    endloop
  endfacet
  facet normal -0.308942 0 -0.951081
    outer loop
      vertex -28.8036 36.9901 10.0218
      vertex -29.1918 23.0099 10.1479
      vertex -29.1918 36.9901 10.1479
    endloop
  endfacet
  facet normal -0.876333 0 -0.481706
    outer loop
      vertex -27.0593 23.0099 8.38378
      vertex -27.2559 36.9901 8.74144
      vertex -27.0593 36.9901 8.38378
    endloop
  endfacet
  facet normal -0.876333 -0 -0.481706
    outer loop
      vertex -27.2559 36.9901 8.74144
      vertex -27.0593 23.0099 8.38378
      vertex -27.2559 23.0099 8.74144
    endloop
  endfacet
  facet normal 0.809014 -0 0.58779
    outer loop
      vertex -32.7441 23.0099 5.25856
      vertex -32.5042 36.9901 4.92837
      vertex -32.7441 36.9901 5.25856
    endloop
  endfacet
  facet normal 0.809014 0 0.58779
    outer loop
      vertex -32.5042 36.9901 4.92837
      vertex -32.7441 23.0099 5.25856
      vertex -32.5042 23.0099 4.92837
    endloop
  endfacet
  facet normal 0.42576 0 0.904836
    outer loop
      vertex -31.5657 36.9901 4.152
      vertex -31.1964 23.0099 3.97823
      vertex -31.1964 36.9901 3.97823
    endloop
  endfacet
  facet normal 0.42576 0 0.904836
    outer loop
      vertex -31.1964 23.0099 3.97823
      vertex -31.5657 36.9901 4.152
      vertex -31.5657 23.0099 4.152
    endloop
  endfacet
  facet normal 0.728956 0 -0.68456
    outer loop
      vertex -32.2248 23.0099 9.36915
      vertex -32.5042 36.9901 9.07163
      vertex -32.2248 36.9901 9.36915
    endloop
  endfacet
  facet normal 0.728956 0 -0.68456
    outer loop
      vertex -32.5042 36.9901 9.07163
      vertex -32.2248 23.0099 9.36915
      vertex -32.5042 23.0099 9.07163
    endloop
  endfacet
  facet normal 0.308942 0 -0.951081
    outer loop
      vertex -31.1964 23.0099 10.0218
      vertex -30.8082 36.9901 10.1479
      vertex -30.8082 23.0099 10.1479
    endloop
  endfacet
  facet normal 0.308942 0 -0.951081
    outer loop
      vertex -30.8082 36.9901 10.1479
      vertex -31.1964 23.0099 10.0218
      vertex -31.1964 36.9901 10.0218
    endloop
  endfacet
  facet normal 1 -0 0
    outer loop
      vertex -33.2436 23.0099 7.20407
      vertex -33.2436 36.9901 6.79593
      vertex -33.2436 36.9901 7.20407
    endloop
  endfacet
  facet normal 1 0 0
    outer loop
      vertex -33.2436 36.9901 6.79593
      vertex -33.2436 23.0099 7.20407
      vertex -33.2436 23.0099 6.79593
    endloop
  endfacet
  facet normal -0.309009 0 0.951059
    outer loop
      vertex -29.1918 36.9901 3.8521
      vertex -28.8036 23.0099 3.97823
      vertex -28.8036 36.9901 3.97823
    endloop
  endfacet
  facet normal -0.309009 0 0.951059
    outer loop
      vertex -28.8036 23.0099 3.97823
      vertex -29.1918 36.9901 3.8521
      vertex -29.1918 23.0099 3.8521
    endloop
  endfacet
  facet normal -0.637399 0 0.770534
    outer loop
      vertex -28.0897 36.9901 4.37069
      vertex -27.7752 23.0099 4.63085
      vertex -27.7752 36.9901 4.63085
    endloop
  endfacet
  facet normal -0.637399 0 0.770534
    outer loop
      vertex -27.7752 23.0099 4.63085
      vertex -28.0897 36.9901 4.37069
      vertex -28.0897 23.0099 4.37069
    endloop
  endfacet
  facet normal -0.728956 0 0.68456
    outer loop
      vertex -27.7752 23.0099 4.63085
      vertex -27.4958 36.9901 4.92837
      vertex -27.7752 36.9901 4.63085
    endloop
  endfacet
  facet normal -0.728956 0 0.68456
    outer loop
      vertex -27.4958 36.9901 4.92837
      vertex -27.7752 23.0099 4.63085
      vertex -27.4958 23.0099 4.92837
    endloop
  endfacet
  facet normal -0.9921 0 0.125446
    outer loop
      vertex -26.8076 23.0099 6.39101
      vertex -26.7564 36.9901 6.79593
      vertex -26.8076 36.9901 6.39101
    endloop
  endfacet
  facet normal -0.9921 0 0.125446
    outer loop
      vertex -26.7564 36.9901 6.79593
      vertex -26.8076 23.0099 6.39101
      vertex -26.7564 23.0099 6.79593
    endloop
  endfacet
  facet normal -1 0 0
    outer loop
      vertex -26.7564 23.0099 6.79593
      vertex -26.7564 36.9901 7.20407
      vertex -26.7564 36.9901 6.79593
    endloop
  endfacet
  facet normal -1 -0 0
    outer loop
      vertex -26.7564 36.9901 7.20407
      vertex -26.7564 23.0099 6.79593
      vertex -26.7564 23.0099 7.20407
    endloop
  endfacet
  facet normal -0.876333 0 0.481706
    outer loop
      vertex -27.2559 23.0099 5.25856
      vertex -27.0593 36.9901 5.61622
      vertex -27.2559 36.9901 5.25856
    endloop
  endfacet
  facet normal -0.876333 0 0.481706
    outer loop
      vertex -27.0593 36.9901 5.61622
      vertex -27.2559 23.0099 5.25856
      vertex -27.0593 23.0099 5.61622
    endloop
  endfacet
  facet normal -0.929812 0 0.368034
    outer loop
      vertex -27.0593 23.0099 5.61622
      vertex -26.9091 36.9901 5.99569
      vertex -27.0593 36.9901 5.61622
    endloop
  endfacet
  facet normal -0.929812 0 0.368034
    outer loop
      vertex -26.9091 36.9901 5.99569
      vertex -27.0593 23.0099 5.61622
      vertex -26.9091 23.0099 5.99569
    endloop
  endfacet
  facet normal -0.535845 0 -0.844317
    outer loop
      vertex -28.4343 23.0099 9.848
      vertex -28.0897 36.9901 9.6293
      vertex -28.0897 23.0099 9.6293
    endloop
  endfacet
  facet normal -0.535845 0 -0.844317
    outer loop
      vertex -28.0897 36.9901 9.6293
      vertex -28.4343 23.0099 9.848
      vertex -28.4343 36.9901 9.848
    endloop
  endfacet
  facet normal -0.425821 0 -0.904808
    outer loop
      vertex -28.8036 23.0099 10.0218
      vertex -28.4343 36.9901 9.848
      vertex -28.4343 23.0099 9.848
    endloop
  endfacet
  facet normal -0.425821 0 -0.904808
    outer loop
      vertex -28.4343 36.9901 9.848
      vertex -28.8036 23.0099 10.0218
      vertex -28.8036 36.9901 10.0218
    endloop
  endfacet
  facet normal -0.187439 0 -0.982276
    outer loop
      vertex -29.5927 23.0099 10.2244
      vertex -29.1918 36.9901 10.1479
      vertex -29.1918 23.0099 10.1479
    endloop
  endfacet
  facet normal -0.187439 0 -0.982276
    outer loop
      vertex -29.1918 36.9901 10.1479
      vertex -29.5927 23.0099 10.2244
      vertex -29.5927 36.9901 10.2244
    endloop
  endfacet
  facet normal -0.809014 0 -0.58779
    outer loop
      vertex -27.2559 23.0099 8.74144
      vertex -27.4958 36.9901 9.07163
      vertex -27.2559 36.9901 8.74144
    endloop
  endfacet
  facet normal -0.809014 -0 -0.58779
    outer loop
      vertex -27.4958 36.9901 9.07163
      vertex -27.2559 23.0099 8.74144
      vertex -27.4958 23.0099 9.07163
    endloop
  endfacet
  facet normal -0.728956 0 -0.68456
    outer loop
      vertex -27.4958 23.0099 9.07163
      vertex -27.7752 36.9901 9.36915
      vertex -27.4958 36.9901 9.07163
    endloop
  endfacet
  facet normal -0.728956 -0 -0.68456
    outer loop
      vertex -27.7752 36.9901 9.36915
      vertex -27.4958 23.0099 9.07163
      vertex -27.7752 23.0099 9.36915
    endloop
  endfacet
  facet normal -0.968582 0 -0.248694
    outer loop
      vertex -26.8076 23.0099 7.60899
      vertex -26.9091 36.9901 8.0043
      vertex -26.8076 36.9901 7.60899
    endloop
  endfacet
  facet normal -0.968582 -0 -0.248694
    outer loop
      vertex -26.9091 36.9901 8.0043
      vertex -26.8076 23.0099 7.60899
      vertex -26.9091 23.0099 8.0043
    endloop
  endfacet
  facet normal -0.929816 0 -0.368026
    outer loop
      vertex -26.9091 23.0099 8.0043
      vertex -27.0593 36.9901 8.38378
      vertex -26.9091 36.9901 8.0043
    endloop
  endfacet
  facet normal -0.929816 -0 -0.368026
    outer loop
      vertex -27.0593 36.9901 8.38378
      vertex -26.9091 23.0099 8.0043
      vertex -27.0593 23.0099 8.38378
    endloop
  endfacet
  facet normal 0.535827 0 0.844328
    outer loop
      vertex -31.9103 36.9901 4.37069
      vertex -31.5657 23.0099 4.152
      vertex -31.5657 36.9901 4.152
    endloop
  endfacet
  facet normal 0.535827 0 0.844328
    outer loop
      vertex -31.5657 23.0099 4.152
      vertex -31.9103 36.9901 4.37069
      vertex -31.9103 23.0099 4.37069
    endloop
  endfacet
  facet normal 0.187368 0 0.98229
    outer loop
      vertex -30.8082 36.9901 3.8521
      vertex -30.4073 23.0099 3.77563
      vertex -30.4073 36.9901 3.77563
    endloop
  endfacet
  facet normal 0.187368 0 0.98229
    outer loop
      vertex -30.4073 23.0099 3.77563
      vertex -30.8082 36.9901 3.8521
      vertex -30.8082 23.0099 3.8521
    endloop
  endfacet
  facet normal 0.0628024 0 0.998026
    outer loop
      vertex -30.4073 36.9901 3.77563
      vertex -30 23.0099 3.75
      vertex -30 36.9901 3.75
    endloop
  endfacet
  facet normal 0.0628024 0 0.998026
    outer loop
      vertex -30 23.0099 3.75
      vertex -30.4073 36.9901 3.77563
      vertex -30.4073 23.0099 3.77563
    endloop
  endfacet
  facet normal 0.929816 0 -0.368026
    outer loop
      vertex -32.9407 23.0099 8.38378
      vertex -33.0909 36.9901 8.0043
      vertex -32.9407 36.9901 8.38378
    endloop
  endfacet
  facet normal 0.929816 0 -0.368026
    outer loop
      vertex -33.0909 36.9901 8.0043
      vertex -32.9407 23.0099 8.38378
      vertex -33.0909 23.0099 8.0043
    endloop
  endfacet
  facet normal 0.637385 0 -0.770546
    outer loop
      vertex -32.2248 23.0099 9.36915
      vertex -31.9103 36.9901 9.6293
      vertex -31.9103 23.0099 9.6293
    endloop
  endfacet
  facet normal 0.637385 0 -0.770546
    outer loop
      vertex -31.9103 36.9901 9.6293
      vertex -32.2248 23.0099 9.36915
      vertex -32.2248 36.9901 9.36915
    endloop
  endfacet
  facet normal 0.187439 0 -0.982276
    outer loop
      vertex -30.8082 23.0099 10.1479
      vertex -30.4073 36.9901 10.2244
      vertex -30.4073 23.0099 10.2244
    endloop
  endfacet
  facet normal 0.187439 0 -0.982276
    outer loop
      vertex -30.4073 36.9901 10.2244
      vertex -30.8082 23.0099 10.1479
      vertex -30.8082 36.9901 10.1479
    endloop
  endfacet
  facet normal 0.968584 -0 0.248688
    outer loop
      vertex -33.1924 23.0099 6.39101
      vertex -33.0909 36.9901 5.99569
      vertex -33.1924 36.9901 6.39101
    endloop
  endfacet
  facet normal 0.968584 0 0.248688
    outer loop
      vertex -33.0909 36.9901 5.99569
      vertex -33.1924 23.0099 6.39101
      vertex -33.0909 23.0099 5.99569
    endloop
  endfacet
  facet normal 0.876333 -0 0.481706
    outer loop
      vertex -32.9407 23.0099 5.61622
      vertex -32.7441 36.9901 5.25856
      vertex -32.9407 36.9901 5.61622
    endloop
  endfacet
  facet normal 0.876333 0 0.481706
    outer loop
      vertex -32.7441 36.9901 5.25856
      vertex -32.9407 23.0099 5.61622
      vertex -32.7441 23.0099 5.25856
    endloop
  endfacet
  facet normal 0.9921 0 -0.125446
    outer loop
      vertex -33.1924 23.0099 7.60899
      vertex -33.2436 36.9901 7.20407
      vertex -33.1924 36.9901 7.60899
    endloop
  endfacet
  facet normal 0.9921 0 -0.125446
    outer loop
      vertex -33.2436 36.9901 7.20407
      vertex -33.1924 23.0099 7.60899
      vertex -33.2436 23.0099 7.20407
    endloop
  endfacet
  facet normal 0.535845 0 -0.844317
    outer loop
      vertex -31.9103 23.0099 9.6293
      vertex -31.5657 36.9901 9.848
      vertex -31.5657 23.0099 9.848
    endloop
  endfacet
  facet normal 0.535845 0 -0.844317
    outer loop
      vertex -31.5657 36.9901 9.848
      vertex -31.9103 23.0099 9.6293
      vertex -31.9103 36.9901 9.6293
    endloop
  endfacet
  facet normal 0.425821 0 -0.904808
    outer loop
      vertex -31.5657 23.0099 9.848
      vertex -31.1964 36.9901 10.0218
      vertex -31.1964 23.0099 10.0218
    endloop
  endfacet
  facet normal 0.425821 0 -0.904808
    outer loop
      vertex -31.1964 36.9901 10.0218
      vertex -31.5657 23.0099 9.848
      vertex -31.5657 36.9901 9.848
    endloop
  endfacet
  facet normal 0.0627292 0 -0.998031
    outer loop
      vertex -30.4073 23.0099 10.2244
      vertex -30 36.9901 10.25
      vertex -30 23.0099 10.25
    endloop
  endfacet
  facet normal 0.0627292 0 -0.998031
    outer loop
      vertex -30 36.9901 10.25
      vertex -30.4073 23.0099 10.2244
      vertex -30.4073 36.9901 10.2244
    endloop
  endfacet
  facet normal 0.728956 -0 0.68456
    outer loop
      vertex -32.5042 23.0099 4.92837
      vertex -32.2248 36.9901 4.63085
      vertex -32.5042 36.9901 4.92837
    endloop
  endfacet
  facet normal 0.728956 0 0.68456
    outer loop
      vertex -32.2248 36.9901 4.63085
      vertex -32.5042 23.0099 4.92837
      vertex -32.2248 23.0099 4.63085
    endloop
  endfacet
  facet normal 0.637399 0 0.770534
    outer loop
      vertex -32.2248 36.9901 4.63085
      vertex -31.9103 23.0099 4.37069
      vertex -31.9103 36.9901 4.37069
    endloop
  endfacet
  facet normal 0.637399 0 0.770534
    outer loop
      vertex -31.9103 23.0099 4.37069
      vertex -32.2248 36.9901 4.63085
      vertex -32.2248 23.0099 4.63085
    endloop
  endfacet
  facet normal 0.929812 -0 0.368034
    outer loop
      vertex -33.0909 23.0099 5.99569
      vertex -32.9407 36.9901 5.61622
      vertex -33.0909 36.9901 5.99569
    endloop
  endfacet
  facet normal 0.929812 0 0.368034
    outer loop
      vertex -32.9407 36.9901 5.61622
      vertex -33.0909 23.0099 5.99569
      vertex -32.9407 23.0099 5.61622
    endloop
  endfacet
  facet normal 0.809014 0 -0.58779
    outer loop
      vertex -32.5042 23.0099 9.07163
      vertex -32.7441 36.9901 8.74144
      vertex -32.5042 36.9901 9.07163
    endloop
  endfacet
  facet normal 0.809014 0 -0.58779
    outer loop
      vertex -32.7441 36.9901 8.74144
      vertex -32.5042 23.0099 9.07163
      vertex -32.7441 23.0099 8.74144
    endloop
  endfacet
  facet normal 0.968582 0 -0.248694
    outer loop
      vertex -33.0909 23.0099 8.0043
      vertex -33.1924 36.9901 7.60899
      vertex -33.0909 36.9901 8.0043
    endloop
  endfacet
  facet normal 0.968582 0 -0.248694
    outer loop
      vertex -33.1924 36.9901 7.60899
      vertex -33.0909 23.0099 8.0043
      vertex -33.1924 23.0099 7.60899
    endloop
  endfacet
  facet normal 0.876333 0 -0.481706
    outer loop
      vertex -32.7441 23.0099 8.74144
      vertex -32.9407 36.9901 8.38378
      vertex -32.7441 36.9901 8.74144
    endloop
  endfacet
  facet normal 0.876333 0 -0.481706
    outer loop
      vertex -32.9407 36.9901 8.38378
      vertex -32.7441 23.0099 8.74144
      vertex -32.9407 23.0099 8.38378
    endloop
  endfacet
  facet normal -0.0628024 0 0.998026
    outer loop
      vertex -45 36.9901 3.75
      vertex -44.5927 23.0099 3.77563
      vertex -44.5927 36.9901 3.77563
    endloop
  endfacet
  facet normal -0.0628024 0 0.998026
    outer loop
      vertex -44.5927 23.0099 3.77563
      vertex -45 36.9901 3.75
      vertex -45 23.0099 3.75
    endloop
  endfacet
  facet normal -0.187368 0 0.98229
    outer loop
      vertex -44.5927 36.9901 3.77563
      vertex -44.1918 23.0099 3.8521
      vertex -44.1918 36.9901 3.8521
    endloop
  endfacet
  facet normal -0.187368 0 0.98229
    outer loop
      vertex -44.1918 23.0099 3.8521
      vertex -44.5927 36.9901 3.77563
      vertex -44.5927 23.0099 3.77563
    endloop
  endfacet
  facet normal -0.0627292 0 -0.998031
    outer loop
      vertex -45 23.0099 10.25
      vertex -44.5927 36.9901 10.2244
      vertex -44.5927 23.0099 10.2244
    endloop
  endfacet
  facet normal -0.0627292 0 -0.998031
    outer loop
      vertex -44.5927 36.9901 10.2244
      vertex -45 23.0099 10.25
      vertex -45 36.9901 10.25
    endloop
  endfacet
  facet normal -0.728956 0 -0.68456
    outer loop
      vertex -42.4958 23.0099 9.07163
      vertex -42.7752 36.9901 9.36915
      vertex -42.4958 36.9901 9.07163
    endloop
  endfacet
  facet normal -0.728956 -0 -0.68456
    outer loop
      vertex -42.7752 36.9901 9.36915
      vertex -42.4958 23.0099 9.07163
      vertex -42.7752 23.0099 9.36915
    endloop
  endfacet
  facet normal -0.929816 0 -0.368026
    outer loop
      vertex -41.9091 23.0099 8.0043
      vertex -42.0593 36.9901 8.38378
      vertex -41.9091 36.9901 8.0043
    endloop
  endfacet
  facet normal -0.929816 -0 -0.368026
    outer loop
      vertex -42.0593 36.9901 8.38378
      vertex -41.9091 23.0099 8.0043
      vertex -42.0593 23.0099 8.38378
    endloop
  endfacet
  facet normal -0.809014 0 0.58779
    outer loop
      vertex -42.4958 23.0099 4.92837
      vertex -42.2559 36.9901 5.25856
      vertex -42.4958 36.9901 4.92837
    endloop
  endfacet
  facet normal -0.809014 0 0.58779
    outer loop
      vertex -42.2559 36.9901 5.25856
      vertex -42.4958 23.0099 4.92837
      vertex -42.2559 23.0099 5.25856
    endloop
  endfacet
  facet normal -0.425821 0 -0.904808
    outer loop
      vertex -43.8036 23.0099 10.0218
      vertex -43.4343 36.9901 9.848
      vertex -43.4343 23.0099 9.848
    endloop
  endfacet
  facet normal -0.425821 0 -0.904808
    outer loop
      vertex -43.4343 36.9901 9.848
      vertex -43.8036 23.0099 10.0218
      vertex -43.8036 36.9901 10.0218
    endloop
  endfacet
  facet normal -0.637385 0 -0.770546
    outer loop
      vertex -43.0897 23.0099 9.6293
      vertex -42.7752 36.9901 9.36915
      vertex -42.7752 23.0099 9.36915
    endloop
  endfacet
  facet normal -0.637385 0 -0.770546
    outer loop
      vertex -42.7752 36.9901 9.36915
      vertex -43.0897 23.0099 9.6293
      vertex -43.0897 36.9901 9.6293
    endloop
  endfacet
  facet normal -0.9921 0 -0.125446
    outer loop
      vertex -41.7564 23.0099 7.20407
      vertex -41.8076 36.9901 7.60899
      vertex -41.7564 36.9901 7.20407
    endloop
  endfacet
  facet normal -0.9921 -0 -0.125446
    outer loop
      vertex -41.8076 36.9901 7.60899
      vertex -41.7564 23.0099 7.20407
      vertex -41.8076 23.0099 7.60899
    endloop
  endfacet
  facet normal 0.309009 0 0.951059
    outer loop
      vertex -46.1964 36.9901 3.97823
      vertex -45.8082 23.0099 3.8521
      vertex -45.8082 36.9901 3.8521
    endloop
  endfacet
  facet normal 0.309009 0 0.951059
    outer loop
      vertex -45.8082 23.0099 3.8521
      vertex -46.1964 36.9901 3.97823
      vertex -46.1964 23.0099 3.97823
    endloop
  endfacet
  facet normal 0.9921 -0 0.125446
    outer loop
      vertex -48.2436 23.0099 6.79593
      vertex -48.1924 36.9901 6.39101
      vertex -48.2436 36.9901 6.79593
    endloop
  endfacet
  facet normal 0.9921 0 0.125446
    outer loop
      vertex -48.1924 36.9901 6.39101
      vertex -48.2436 23.0099 6.79593
      vertex -48.1924 23.0099 6.39101
    endloop
  endfacet
  facet normal -0.42576 0 0.904836
    outer loop
      vertex -43.8036 36.9901 3.97823
      vertex -43.4343 23.0099 4.152
      vertex -43.4343 36.9901 4.152
    endloop
  endfacet
  facet normal -0.42576 0 0.904836
    outer loop
      vertex -43.4343 23.0099 4.152
      vertex -43.8036 36.9901 3.97823
      vertex -43.8036 23.0099 3.97823
    endloop
  endfacet
  facet normal -0.535827 0 0.844328
    outer loop
      vertex -43.4343 36.9901 4.152
      vertex -43.0897 23.0099 4.37069
      vertex -43.0897 36.9901 4.37069
    endloop
  endfacet
  facet normal -0.535827 0 0.844328
    outer loop
      vertex -43.0897 23.0099 4.37069
      vertex -43.4343 36.9901 4.152
      vertex -43.4343 23.0099 4.152
    endloop
  endfacet
  facet normal -0.968584 0 0.248688
    outer loop
      vertex -41.9091 23.0099 5.99569
      vertex -41.8076 36.9901 6.39101
      vertex -41.9091 36.9901 5.99569
    endloop
  endfacet
  facet normal -0.968584 0 0.248688
    outer loop
      vertex -41.8076 36.9901 6.39101
      vertex -41.9091 23.0099 5.99569
      vertex -41.8076 23.0099 6.39101
    endloop
  endfacet
  facet normal -0.308942 0 -0.951081
    outer loop
      vertex -44.1918 23.0099 10.1479
      vertex -43.8036 36.9901 10.0218
      vertex -43.8036 23.0099 10.0218
    endloop
  endfacet
  facet normal -0.308942 0 -0.951081
    outer loop
      vertex -43.8036 36.9901 10.0218
      vertex -44.1918 23.0099 10.1479
      vertex -44.1918 36.9901 10.1479
    endloop
  endfacet
  facet normal -0.876333 0 -0.481706
    outer loop
      vertex -42.0593 23.0099 8.38378
      vertex -42.2559 36.9901 8.74144
      vertex -42.0593 36.9901 8.38378
    endloop
  endfacet
  facet normal -0.876333 -0 -0.481706
    outer loop
      vertex -42.2559 36.9901 8.74144
      vertex -42.0593 23.0099 8.38378
      vertex -42.2559 23.0099 8.74144
    endloop
  endfacet
  facet normal 0.809014 -0 0.58779
    outer loop
      vertex -47.7441 23.0099 5.25856
      vertex -47.5042 36.9901 4.92837
      vertex -47.7441 36.9901 5.25856
    endloop
  endfacet
  facet normal 0.809014 0 0.58779
    outer loop
      vertex -47.5042 36.9901 4.92837
      vertex -47.7441 23.0099 5.25856
      vertex -47.5042 23.0099 4.92837
    endloop
  endfacet
  facet normal 0.42576 0 0.904836
    outer loop
      vertex -46.5657 36.9901 4.152
      vertex -46.1964 23.0099 3.97823
      vertex -46.1964 36.9901 3.97823
    endloop
  endfacet
  facet normal 0.42576 0 0.904836
    outer loop
      vertex -46.1964 23.0099 3.97823
      vertex -46.5657 36.9901 4.152
      vertex -46.5657 23.0099 4.152
    endloop
  endfacet
  facet normal 0.728956 0 -0.68456
    outer loop
      vertex -47.2248 23.0099 9.36915
      vertex -47.5042 36.9901 9.07163
      vertex -47.2248 36.9901 9.36915
    endloop
  endfacet
  facet normal 0.728956 0 -0.68456
    outer loop
      vertex -47.5042 36.9901 9.07163
      vertex -47.2248 23.0099 9.36915
      vertex -47.5042 23.0099 9.07163
    endloop
  endfacet
  facet normal 0.308942 0 -0.951081
    outer loop
      vertex -46.1964 23.0099 10.0218
      vertex -45.8082 36.9901 10.1479
      vertex -45.8082 23.0099 10.1479
    endloop
  endfacet
  facet normal 0.308942 0 -0.951081
    outer loop
      vertex -45.8082 36.9901 10.1479
      vertex -46.1964 23.0099 10.0218
      vertex -46.1964 36.9901 10.0218
    endloop
  endfacet
  facet normal 1 -0 0
    outer loop
      vertex -48.2436 23.0099 7.20407
      vertex -48.2436 36.9901 6.79593
      vertex -48.2436 36.9901 7.20407
    endloop
  endfacet
  facet normal 1 0 0
    outer loop
      vertex -48.2436 36.9901 6.79593
      vertex -48.2436 23.0099 7.20407
      vertex -48.2436 23.0099 6.79593
    endloop
  endfacet
  facet normal -0.309009 0 0.951059
    outer loop
      vertex -44.1918 36.9901 3.8521
      vertex -43.8036 23.0099 3.97823
      vertex -43.8036 36.9901 3.97823
    endloop
  endfacet
  facet normal -0.309009 0 0.951059
    outer loop
      vertex -43.8036 23.0099 3.97823
      vertex -44.1918 36.9901 3.8521
      vertex -44.1918 23.0099 3.8521
    endloop
  endfacet
  facet normal -0.637399 0 0.770534
    outer loop
      vertex -43.0897 36.9901 4.37069
      vertex -42.7752 23.0099 4.63085
      vertex -42.7752 36.9901 4.63085
    endloop
  endfacet
  facet normal -0.637399 0 0.770534
    outer loop
      vertex -42.7752 23.0099 4.63085
      vertex -43.0897 36.9901 4.37069
      vertex -43.0897 23.0099 4.37069
    endloop
  endfacet
  facet normal -0.728956 0 0.68456
    outer loop
      vertex -42.7752 23.0099 4.63085
      vertex -42.4958 36.9901 4.92837
      vertex -42.7752 36.9901 4.63085
    endloop
  endfacet
  facet normal -0.728956 0 0.68456
    outer loop
      vertex -42.4958 36.9901 4.92837
      vertex -42.7752 23.0099 4.63085
      vertex -42.4958 23.0099 4.92837
    endloop
  endfacet
  facet normal -0.9921 0 0.125446
    outer loop
      vertex -41.8076 23.0099 6.39101
      vertex -41.7564 36.9901 6.79593
      vertex -41.8076 36.9901 6.39101
    endloop
  endfacet
  facet normal -0.9921 0 0.125446
    outer loop
      vertex -41.7564 36.9901 6.79593
      vertex -41.8076 23.0099 6.39101
      vertex -41.7564 23.0099 6.79593
    endloop
  endfacet
  facet normal -1 0 0
    outer loop
      vertex -41.7564 23.0099 6.79593
      vertex -41.7564 36.9901 7.20407
      vertex -41.7564 36.9901 6.79593
    endloop
  endfacet
  facet normal -1 -0 0
    outer loop
      vertex -41.7564 36.9901 7.20407
      vertex -41.7564 23.0099 6.79593
      vertex -41.7564 23.0099 7.20407
    endloop
  endfacet
  facet normal -0.876333 0 0.481706
    outer loop
      vertex -42.2559 23.0099 5.25856
      vertex -42.0593 36.9901 5.61622
      vertex -42.2559 36.9901 5.25856
    endloop
  endfacet
  facet normal -0.876333 0 0.481706
    outer loop
      vertex -42.0593 36.9901 5.61622
      vertex -42.2559 23.0099 5.25856
      vertex -42.0593 23.0099 5.61622
    endloop
  endfacet
  facet normal -0.929812 0 0.368034
    outer loop
      vertex -42.0593 23.0099 5.61622
      vertex -41.9091 36.9901 5.99569
      vertex -42.0593 36.9901 5.61622
    endloop
  endfacet
  facet normal -0.929812 0 0.368034
    outer loop
      vertex -41.9091 36.9901 5.99569
      vertex -42.0593 23.0099 5.61622
      vertex -41.9091 23.0099 5.99569
    endloop
  endfacet
  facet normal -0.535845 0 -0.844317
    outer loop
      vertex -43.4343 23.0099 9.848
      vertex -43.0897 36.9901 9.6293
      vertex -43.0897 23.0099 9.6293
    endloop
  endfacet
  facet normal -0.535845 0 -0.844317
    outer loop
      vertex -43.0897 36.9901 9.6293
      vertex -43.4343 23.0099 9.848
      vertex -43.4343 36.9901 9.848
    endloop
  endfacet
  facet normal -0.187439 0 -0.982276
    outer loop
      vertex -44.5927 23.0099 10.2244
      vertex -44.1918 36.9901 10.1479
      vertex -44.1918 23.0099 10.1479
    endloop
  endfacet
  facet normal -0.187439 0 -0.982276
    outer loop
      vertex -44.1918 36.9901 10.1479
      vertex -44.5927 23.0099 10.2244
      vertex -44.5927 36.9901 10.2244
    endloop
  endfacet
  facet normal -0.809014 0 -0.58779
    outer loop
      vertex -42.2559 23.0099 8.74144
      vertex -42.4958 36.9901 9.07163
      vertex -42.2559 36.9901 8.74144
    endloop
  endfacet
  facet normal -0.809014 -0 -0.58779
    outer loop
      vertex -42.4958 36.9901 9.07163
      vertex -42.2559 23.0099 8.74144
      vertex -42.4958 23.0099 9.07163
    endloop
  endfacet
  facet normal -0.968582 0 -0.248694
    outer loop
      vertex -41.8076 23.0099 7.60899
      vertex -41.9091 36.9901 8.0043
      vertex -41.8076 36.9901 7.60899
    endloop
  endfacet
  facet normal -0.968582 -0 -0.248694
    outer loop
      vertex -41.9091 36.9901 8.0043
      vertex -41.8076 23.0099 7.60899
      vertex -41.9091 23.0099 8.0043
    endloop
  endfacet
  facet normal 0.535827 0 0.844328
    outer loop
      vertex -46.9103 36.9901 4.37069
      vertex -46.5657 23.0099 4.152
      vertex -46.5657 36.9901 4.152
    endloop
  endfacet
  facet normal 0.535827 0 0.844328
    outer loop
      vertex -46.5657 23.0099 4.152
      vertex -46.9103 36.9901 4.37069
      vertex -46.9103 23.0099 4.37069
    endloop
  endfacet
  facet normal 0.187368 0 0.98229
    outer loop
      vertex -45.8082 36.9901 3.8521
      vertex -45.4073 23.0099 3.77563
      vertex -45.4073 36.9901 3.77563
    endloop
  endfacet
  facet normal 0.187368 0 0.98229
    outer loop
      vertex -45.4073 23.0099 3.77563
      vertex -45.8082 36.9901 3.8521
      vertex -45.8082 23.0099 3.8521
    endloop
  endfacet
  facet normal 0.0628024 0 0.998026
    outer loop
      vertex -45.4073 36.9901 3.77563
      vertex -45 23.0099 3.75
      vertex -45 36.9901 3.75
    endloop
  endfacet
  facet normal 0.0628024 0 0.998026
    outer loop
      vertex -45 23.0099 3.75
      vertex -45.4073 36.9901 3.77563
      vertex -45.4073 23.0099 3.77563
    endloop
  endfacet
  facet normal 0.929816 0 -0.368026
    outer loop
      vertex -47.9407 23.0099 8.38378
      vertex -48.0909 36.9901 8.0043
      vertex -47.9407 36.9901 8.38378
    endloop
  endfacet
  facet normal 0.929816 0 -0.368026
    outer loop
      vertex -48.0909 36.9901 8.0043
      vertex -47.9407 23.0099 8.38378
      vertex -48.0909 23.0099 8.0043
    endloop
  endfacet
  facet normal 0.637385 0 -0.770546
    outer loop
      vertex -47.2248 23.0099 9.36915
      vertex -46.9103 36.9901 9.6293
      vertex -46.9103 23.0099 9.6293
    endloop
  endfacet
  facet normal 0.637385 0 -0.770546
    outer loop
      vertex -46.9103 36.9901 9.6293
      vertex -47.2248 23.0099 9.36915
      vertex -47.2248 36.9901 9.36915
    endloop
  endfacet
  facet normal 0.187439 0 -0.982276
    outer loop
      vertex -45.8082 23.0099 10.1479
      vertex -45.4073 36.9901 10.2244
      vertex -45.4073 23.0099 10.2244
    endloop
  endfacet
  facet normal 0.187439 0 -0.982276
    outer loop
      vertex -45.4073 36.9901 10.2244
      vertex -45.8082 23.0099 10.1479
      vertex -45.8082 36.9901 10.1479
    endloop
  endfacet
  facet normal 0.0627292 0 -0.998031
    outer loop
      vertex -45.4073 23.0099 10.2244
      vertex -45 36.9901 10.25
      vertex -45 23.0099 10.25
    endloop
  endfacet
  facet normal 0.0627292 0 -0.998031
    outer loop
      vertex -45 36.9901 10.25
      vertex -45.4073 23.0099 10.2244
      vertex -45.4073 36.9901 10.2244
    endloop
  endfacet
  facet normal 0.968584 -0 0.248688
    outer loop
      vertex -48.1924 23.0099 6.39101
      vertex -48.0909 36.9901 5.99569
      vertex -48.1924 36.9901 6.39101
    endloop
  endfacet
  facet normal 0.968584 0 0.248688
    outer loop
      vertex -48.0909 36.9901 5.99569
      vertex -48.1924 23.0099 6.39101
      vertex -48.0909 23.0099 5.99569
    endloop
  endfacet
  facet normal 0.876333 -0 0.481706
    outer loop
      vertex -47.9407 23.0099 5.61622
      vertex -47.7441 36.9901 5.25856
      vertex -47.9407 36.9901 5.61622
    endloop
  endfacet
  facet normal 0.876333 0 0.481706
    outer loop
      vertex -47.7441 36.9901 5.25856
      vertex -47.9407 23.0099 5.61622
      vertex -47.7441 23.0099 5.25856
    endloop
  endfacet
  facet normal 0.535845 0 -0.844317
    outer loop
      vertex -46.9103 23.0099 9.6293
      vertex -46.5657 36.9901 9.848
      vertex -46.5657 23.0099 9.848
    endloop
  endfacet
  facet normal 0.535845 0 -0.844317
    outer loop
      vertex -46.5657 36.9901 9.848
      vertex -46.9103 23.0099 9.6293
      vertex -46.9103 36.9901 9.6293
    endloop
  endfacet
  facet normal 0.425821 0 -0.904808
    outer loop
      vertex -46.5657 23.0099 9.848
      vertex -46.1964 36.9901 10.0218
      vertex -46.1964 23.0099 10.0218
    endloop
  endfacet
  facet normal 0.425821 0 -0.904808
    outer loop
      vertex -46.1964 36.9901 10.0218
      vertex -46.5657 23.0099 9.848
      vertex -46.5657 36.9901 9.848
    endloop
  endfacet
  facet normal 0.728956 -0 0.68456
    outer loop
      vertex -47.5042 23.0099 4.92837
      vertex -47.2248 36.9901 4.63085
      vertex -47.5042 36.9901 4.92837
    endloop
  endfacet
  facet normal 0.728956 0 0.68456
    outer loop
      vertex -47.2248 36.9901 4.63085
      vertex -47.5042 23.0099 4.92837
      vertex -47.2248 23.0099 4.63085
    endloop
  endfacet
  facet normal 0.637399 0 0.770534
    outer loop
      vertex -47.2248 36.9901 4.63085
      vertex -46.9103 23.0099 4.37069
      vertex -46.9103 36.9901 4.37069
    endloop
  endfacet
  facet normal 0.637399 0 0.770534
    outer loop
      vertex -46.9103 23.0099 4.37069
      vertex -47.2248 36.9901 4.63085
      vertex -47.2248 23.0099 4.63085
    endloop
  endfacet
  facet normal 0.809014 0 -0.58779
    outer loop
      vertex -47.5042 23.0099 9.07163
      vertex -47.7441 36.9901 8.74144
      vertex -47.5042 36.9901 9.07163
    endloop
  endfacet
  facet normal 0.809014 0 -0.58779
    outer loop
      vertex -47.7441 36.9901 8.74144
      vertex -47.5042 23.0099 9.07163
      vertex -47.7441 23.0099 8.74144
    endloop
  endfacet
  facet normal 0.876333 0 -0.481706
    outer loop
      vertex -47.7441 23.0099 8.74144
      vertex -47.9407 36.9901 8.38378
      vertex -47.7441 36.9901 8.74144
    endloop
  endfacet
  facet normal 0.876333 0 -0.481706
    outer loop
      vertex -47.9407 36.9901 8.38378
      vertex -47.7441 23.0099 8.74144
      vertex -47.9407 23.0099 8.38378
    endloop
  endfacet
  facet normal 0.968582 0 -0.248694
    outer loop
      vertex -48.0909 23.0099 8.0043
      vertex -48.1924 36.9901 7.60899
      vertex -48.0909 36.9901 8.0043
    endloop
  endfacet
  facet normal 0.968582 0 -0.248694
    outer loop
      vertex -48.1924 36.9901 7.60899
      vertex -48.0909 23.0099 8.0043
      vertex -48.1924 23.0099 7.60899
    endloop
  endfacet
  facet normal 0.9921 0 -0.125446
    outer loop
      vertex -48.1924 23.0099 7.60899
      vertex -48.2436 36.9901 7.20407
      vertex -48.1924 36.9901 7.60899
    endloop
  endfacet
  facet normal 0.9921 0 -0.125446
    outer loop
      vertex -48.2436 36.9901 7.20407
      vertex -48.1924 23.0099 7.60899
      vertex -48.2436 23.0099 7.20407
    endloop
  endfacet
  facet normal 0.929812 -0 0.368034
    outer loop
      vertex -48.0909 23.0099 5.99569
      vertex -47.9407 36.9901 5.61622
      vertex -48.0909 36.9901 5.99569
    endloop
  endfacet
  facet normal 0.929812 0 0.368034
    outer loop
      vertex -47.9407 36.9901 5.61622
      vertex -48.0909 23.0099 5.99569
      vertex -47.9407 23.0099 5.61622
    endloop
  endfacet
  facet normal -0.0628024 0 0.998026
    outer loop
      vertex 75 36.9901 3.75
      vertex 75.4073 19.4423 3.77563
      vertex 75.4073 36.9901 3.77563
    endloop
  endfacet
  facet normal -0.0628024 0 0.998026
    outer loop
      vertex 75.4073 19.4423 3.77563
      vertex 75 36.9901 3.75
      vertex 75 19.4237 3.75
    endloop
  endfacet
  facet normal -0.0628024 0 0.998026
    outer loop
      vertex 75 8.00987 3.75
      vertex 75.4073 10.5577 3.77563
      vertex 75 10.5763 3.75
    endloop
  endfacet
  facet normal -0.0628024 0 0.998026
    outer loop
      vertex 75.4073 10.5577 3.77563
      vertex 75 8.00987 3.75
      vertex 75.4073 8.00987 3.77563
    endloop
  endfacet
  facet normal -0.187368 0 0.98229
    outer loop
      vertex 75.4073 36.9901 3.77563
      vertex 75.8082 19.4979 3.8521
      vertex 75.8082 36.9901 3.8521
    endloop
  endfacet
  facet normal -0.187368 0 0.98229
    outer loop
      vertex 75.8082 19.4979 3.8521
      vertex 75.4073 36.9901 3.77563
      vertex 75.4073 19.4423 3.77563
    endloop
  endfacet
  facet normal -0.187368 0 0.98229
    outer loop
      vertex 75.4073 8.00987 3.77563
      vertex 75.8082 10.5021 3.8521
      vertex 75.4073 10.5577 3.77563
    endloop
  endfacet
  facet normal -0.187368 0 0.98229
    outer loop
      vertex 75.8082 10.5021 3.8521
      vertex 75.4073 8.00987 3.77563
      vertex 75.8082 8.00987 3.8521
    endloop
  endfacet
  facet normal -0.0627292 -0 -0.998031
    outer loop
      vertex 75 36.9901 10.25
      vertex 75.4073 19.4423 10.2244
      vertex 75 19.4237 10.25
    endloop
  endfacet
  facet normal -0.0627292 0 -0.998031
    outer loop
      vertex 75.4073 19.4423 10.2244
      vertex 75 36.9901 10.25
      vertex 75.4073 36.9901 10.2244
    endloop
  endfacet
  facet normal -0.0627292 0 -0.998031
    outer loop
      vertex 75 8.00987 10.25
      vertex 75.4073 10.5577 10.2244
      vertex 75.4073 8.00987 10.2244
    endloop
  endfacet
  facet normal -0.0627292 0 -0.998031
    outer loop
      vertex 75.4073 10.5577 10.2244
      vertex 75 8.00987 10.25
      vertex 75 10.5763 10.25
    endloop
  endfacet
  facet normal -0.72923 -0.00729282 -0.684229
    outer loop
      vertex 77.5042 36.9661 9.07163
      vertex 77.2248 36.9901 9.36915
      vertex 77.3139 36.9901 9.27419
    endloop
  endfacet
  facet normal -0.728956 0 -0.68456
    outer loop
      vertex 77.5042 20.0835 9.07163
      vertex 77.2248 36.9901 9.36915
      vertex 77.5042 36.9661 9.07163
    endloop
  endfacet
  facet normal -0.728965 -2.97969e-07 -0.684551
    outer loop
      vertex 77.2505 19.9765 9.34179
      vertex 77.2248 36.9901 9.36915
      vertex 77.5042 20.0835 9.07163
    endloop
  endfacet
  facet normal -0.728872 -0 -0.68465
    outer loop
      vertex 77.2248 36.9901 9.36915
      vertex 77.2505 19.9765 9.34179
      vertex 77.2248 19.9615 9.36915
    endloop
  endfacet
  facet normal -0.728819 0 -0.684707
    outer loop
      vertex 77.3139 8.00987 9.27419
      vertex 77.5042 9.91649 9.07163
      vertex 77.5042 8.0339 9.07163
    endloop
  endfacet
  facet normal -0.72925 9.18024e-05 -0.684248
    outer loop
      vertex 77.2248 8.00987 9.36915
      vertex 77.5042 9.91649 9.07163
      vertex 77.3139 8.00987 9.27419
    endloop
  endfacet
  facet normal -0.728964 2.50572e-06 -0.684552
    outer loop
      vertex 77.5042 9.91649 9.07163
      vertex 77.2248 8.00987 9.36915
      vertex 77.2505 10.0235 9.34179
    endloop
  endfacet
  facet normal -0.728872 0 -0.68465
    outer loop
      vertex 77.2505 10.0235 9.34179
      vertex 77.2248 8.00987 9.36915
      vertex 77.2248 10.0385 9.36915
    endloop
  endfacet
  facet normal -0.929816 0 -0.368026
    outer loop
      vertex 78.0909 20.4059 8.0043
      vertex 77.9407 36.9105 8.38378
      vertex 78.0909 36.8719 8.0043
    endloop
  endfacet
  facet normal -0.929932 -7.83554e-06 -0.367731
    outer loop
      vertex 78.0805 20.4026 8.0306
      vertex 77.9407 36.9105 8.38378
      vertex 78.0909 20.4059 8.0043
    endloop
  endfacet
  facet normal -0.929807 -0 -0.368048
    outer loop
      vertex 77.9407 36.9105 8.38378
      vertex 78.0805 20.4026 8.0306
      vertex 77.9407 20.3119 8.38378
    endloop
  endfacet
  facet normal -0.929933 0 -0.36773
    outer loop
      vertex 78.0909 8.12811 8.0043
      vertex 78.0805 9.59742 8.0306
      vertex 78.0909 9.5941 8.0043
    endloop
  endfacet
  facet normal -0.929816 6.10568e-06 -0.368025
    outer loop
      vertex 77.9407 8.08953 8.38378
      vertex 78.0805 9.59742 8.0306
      vertex 78.0909 8.12811 8.0043
    endloop
  endfacet
  facet normal -0.929807 0 -0.368048
    outer loop
      vertex 78.0805 9.59742 8.0306
      vertex 77.9407 8.08953 8.38378
      vertex 77.9407 9.6881 8.38378
    endloop
  endfacet
  facet normal -0.809014 0 0.58779
    outer loop
      vertex 77.5042 36.9661 4.92837
      vertex 77.7441 20.2142 5.25856
      vertex 77.7441 36.9358 5.25856
    endloop
  endfacet
  facet normal -0.809014 0 0.58779
    outer loop
      vertex 77.7441 20.2142 5.25856
      vertex 77.5042 36.9661 4.92837
      vertex 77.5042 20.0835 4.92837
    endloop
  endfacet
  facet normal -0.809014 0 0.58779
    outer loop
      vertex 77.5042 8.0339 4.92837
      vertex 77.7441 9.78576 5.25856
      vertex 77.5042 9.91649 4.92837
    endloop
  endfacet
  facet normal -0.809014 0 0.58779
    outer loop
      vertex 77.7441 9.78576 5.25856
      vertex 77.5042 8.0339 4.92837
      vertex 77.7441 8.0642 5.25856
    endloop
  endfacet
  facet normal -0.425766 1.4178e-06 -0.904833
    outer loop
      vertex 76.1964 36.9901 10.0218
      vertex 76.5657 19.6983 9.848
      vertex 76.3552 19.6438 9.94705
    endloop
  endfacet
  facet normal -0.425893 -0 -0.904774
    outer loop
      vertex 76.1964 36.9901 10.0218
      vertex 76.3552 19.6438 9.94705
      vertex 76.1964 19.5895 10.0218
    endloop
  endfacet
  facet normal -0.425821 0 -0.904808
    outer loop
      vertex 76.5657 19.6983 9.848
      vertex 76.1964 36.9901 10.0218
      vertex 76.5657 36.9901 9.848
    endloop
  endfacet
  facet normal -0.425821 0 -0.904808
    outer loop
      vertex 76.1964 8.00987 10.0218
      vertex 76.5657 10.3017 9.848
      vertex 76.5657 8.00987 9.848
    endloop
  endfacet
  facet normal -0.425768 -1.03256e-05 -0.904832
    outer loop
      vertex 76.5657 10.3017 9.848
      vertex 76.1964 8.00987 10.0218
      vertex 76.3552 10.3562 9.94705
    endloop
  endfacet
  facet normal -0.425893 0 -0.904774
    outer loop
      vertex 76.3552 10.3562 9.94705
      vertex 76.1964 8.00987 10.0218
      vertex 76.1964 10.4105 10.0218
    endloop
  endfacet
  facet normal -0.637385 -0 -0.770546
    outer loop
      vertex 76.9103 36.9901 9.6293
      vertex 77.2248 19.9615 9.36915
      vertex 76.9103 19.8185 9.6293
    endloop
  endfacet
  facet normal -0.637385 0 -0.770546
    outer loop
      vertex 77.2248 19.9615 9.36915
      vertex 76.9103 36.9901 9.6293
      vertex 77.2248 36.9901 9.36915
    endloop
  endfacet
  facet normal -0.637385 0 -0.770546
    outer loop
      vertex 76.9103 8.00987 9.6293
      vertex 77.2248 10.0385 9.36915
      vertex 77.2248 8.00987 9.36915
    endloop
  endfacet
  facet normal -0.637385 0 -0.770546
    outer loop
      vertex 77.2248 10.0385 9.36915
      vertex 76.9103 8.00987 9.6293
      vertex 76.9103 10.1815 9.6293
    endloop
  endfacet
  facet normal -0.992069 0 -0.125694
    outer loop
      vertex 78.2257 20.4891 7.34535
      vertex 78.2436 36.8327 7.20407
      vertex 78.2436 20.4891 7.20407
    endloop
  endfacet
  facet normal -0.9921 2.17792e-06 -0.125446
    outer loop
      vertex 78.2436 36.8327 7.20407
      vertex 78.2257 20.4891 7.34535
      vertex 78.1924 36.8458 7.60899
    endloop
  endfacet
  facet normal -0.992117 -0 -0.125313
    outer loop
      vertex 78.1924 36.8458 7.60899
      vertex 78.2257 20.4891 7.34535
      vertex 78.1924 20.4558 7.60899
    endloop
  endfacet
  facet normal -0.992069 -0 -0.125694
    outer loop
      vertex 78.2436 9.51085 7.20407
      vertex 78.2436 8.1673 7.20407
      vertex 78.2257 9.51085 7.34535
    endloop
  endfacet
  facet normal -0.9921 -2.64107e-05 -0.125447
    outer loop
      vertex 78.1924 8.15417 7.60899
      vertex 78.2257 9.51085 7.34535
      vertex 78.2436 8.1673 7.20407
    endloop
  endfacet
  facet normal -0.992117 0 -0.125313
    outer loop
      vertex 78.2257 9.51085 7.34535
      vertex 78.1924 8.15417 7.60899
      vertex 78.1924 9.54416 7.60899
    endloop
  endfacet
  facet normal 0.309009 -0 0.951059
    outer loop
      vertex 73.8036 19.5895 3.97823
      vertex 74.1918 36.9901 3.8521
      vertex 73.8036 36.9901 3.97823
    endloop
  endfacet
  facet normal 0.309009 0 0.951059
    outer loop
      vertex 74.1918 36.9901 3.8521
      vertex 73.8036 19.5895 3.97823
      vertex 74.1918 19.4979 3.8521
    endloop
  endfacet
  facet normal 0.309009 0 0.951059
    outer loop
      vertex 73.8036 10.4105 3.97823
      vertex 74.1918 8.00987 3.8521
      vertex 74.1918 10.5021 3.8521
    endloop
  endfacet
  facet normal 0.309009 0 0.951059
    outer loop
      vertex 74.1918 8.00987 3.8521
      vertex 73.8036 10.4105 3.97823
      vertex 73.8036 8.00987 3.97823
    endloop
  endfacet
  facet normal 0.992069 0 0.125694
    outer loop
      vertex 71.7743 20.4891 6.65465
      vertex 71.7564 36.9901 6.79593
      vertex 71.7564 20.4891 6.79593
    endloop
  endfacet
  facet normal 0.9921 2.15775e-06 0.125446
    outer loop
      vertex 71.7564 36.9901 6.79593
      vertex 71.7743 20.4891 6.65465
      vertex 71.8076 36.9901 6.39101
    endloop
  endfacet
  facet normal 0.992117 0 0.125313
    outer loop
      vertex 71.8076 36.9901 6.39101
      vertex 71.7743 20.4891 6.65465
      vertex 71.8076 20.4558 6.39101
    endloop
  endfacet
  facet normal 0.992069 0 0.125694
    outer loop
      vertex 71.7564 9.51085 6.79593
      vertex 71.7564 8.00987 6.79593
      vertex 71.7743 9.51085 6.65465
    endloop
  endfacet
  facet normal 0.9921 -2.37212e-05 0.125446
    outer loop
      vertex 71.8076 8.00987 6.39101
      vertex 71.7743 9.51085 6.65465
      vertex 71.7564 8.00987 6.79593
    endloop
  endfacet
  facet normal 0.992117 0 0.125313
    outer loop
      vertex 71.7743 9.51085 6.65465
      vertex 71.8076 8.00987 6.39101
      vertex 71.8076 9.54416 6.39101
    endloop
  endfacet
  facet normal -0.42576 0 0.904836
    outer loop
      vertex 76.1964 36.9901 3.97823
      vertex 76.5657 19.6983 4.152
      vertex 76.5657 36.9901 4.152
    endloop
  endfacet
  facet normal -0.425766 -1.43387e-07 0.904833
    outer loop
      vertex 76.5657 19.6983 4.152
      vertex 76.1964 36.9901 3.97823
      vertex 76.3552 19.6438 4.05295
    endloop
  endfacet
  facet normal -0.425753 0 0.904839
    outer loop
      vertex 76.3552 19.6438 4.05295
      vertex 76.1964 36.9901 3.97823
      vertex 76.1964 19.5895 3.97823
    endloop
  endfacet
  facet normal -0.425766 1.04427e-06 0.904833
    outer loop
      vertex 76.1964 8.00987 3.97823
      vertex 76.5657 10.3017 4.152
      vertex 76.3552 10.3562 4.05295
    endloop
  endfacet
  facet normal -0.425753 0 0.904839
    outer loop
      vertex 76.1964 8.00987 3.97823
      vertex 76.3552 10.3562 4.05295
      vertex 76.1964 10.4105 3.97823
    endloop
  endfacet
  facet normal -0.42576 0 0.904836
    outer loop
      vertex 76.5657 10.3017 4.152
      vertex 76.1964 8.00987 3.97823
      vertex 76.5657 8.00987 4.152
    endloop
  endfacet
  facet normal -0.535827 0 0.844328
    outer loop
      vertex 76.5657 36.9901 4.152
      vertex 76.9103 19.8185 4.37069
      vertex 76.9103 36.9901 4.37069
    endloop
  endfacet
  facet normal -0.535827 0 0.844328
    outer loop
      vertex 76.9103 19.8185 4.37069
      vertex 76.5657 36.9901 4.152
      vertex 76.5657 19.6983 4.152
    endloop
  endfacet
  facet normal -0.535827 0 0.844328
    outer loop
      vertex 76.5657 8.00987 4.152
      vertex 76.9103 10.1815 4.37069
      vertex 76.5657 10.3017 4.152
    endloop
  endfacet
  facet normal -0.535827 0 0.844328
    outer loop
      vertex 76.9103 10.1815 4.37069
      vertex 76.5657 8.00987 4.152
      vertex 76.9103 8.00987 4.37069
    endloop
  endfacet
  facet normal -0.968584 0 0.248688
    outer loop
      vertex 78.0909 8.12811 5.99569
      vertex 78.1924 9.54416 6.39101
      vertex 78.0909 9.5941 5.99569
    endloop
  endfacet
  facet normal -0.968584 0 0.248688
    outer loop
      vertex 78.1924 9.54416 6.39101
      vertex 78.0909 8.12811 5.99569
      vertex 78.1924 8.15417 6.39101
    endloop
  endfacet
  facet normal -0.968584 0 0.248688
    outer loop
      vertex 78.0909 36.8719 5.99569
      vertex 78.1924 20.4558 6.39101
      vertex 78.1924 36.8458 6.39101
    endloop
  endfacet
  facet normal -0.968584 0 0.248688
    outer loop
      vertex 78.1924 20.4558 6.39101
      vertex 78.0909 36.8719 5.99569
      vertex 78.0909 20.4059 5.99569
    endloop
  endfacet
  facet normal -0.308942 0 -0.951081
    outer loop
      vertex 75.8082 8.00987 10.1479
      vertex 76.1964 10.4105 10.0218
      vertex 76.1964 8.00987 10.0218
    endloop
  endfacet
  facet normal -0.308942 0 -0.951081
    outer loop
      vertex 76.1964 10.4105 10.0218
      vertex 75.8082 8.00987 10.1479
      vertex 75.8082 10.5021 10.1479
    endloop
  endfacet
  facet normal -0.308942 -0 -0.951081
    outer loop
      vertex 75.8082 36.9901 10.1479
      vertex 76.1964 19.5895 10.0218
      vertex 75.8082 19.4979 10.1479
    endloop
  endfacet
  facet normal -0.308942 0 -0.951081
    outer loop
      vertex 76.1964 19.5895 10.0218
      vertex 75.8082 36.9901 10.1479
      vertex 76.1964 36.9901 10.0218
    endloop
  endfacet
  facet normal -0.87683 -0.0385537 -0.479252
    outer loop
      vertex 77.9407 36.9105 8.38378
      vertex 77.7441 36.9358 8.74144
      vertex 77.9369 36.9114 8.39066
    endloop
  endfacet
  facet normal -0.876333 0 -0.481706
    outer loop
      vertex 77.9407 20.3119 8.38378
      vertex 77.7441 36.9358 8.74144
      vertex 77.9407 36.9105 8.38378
    endloop
  endfacet
  facet normal -0.876328 2.53984e-07 -0.481715
    outer loop
      vertex 77.7671 20.2308 8.69959
      vertex 77.7441 36.9358 8.74144
      vertex 77.9407 20.3119 8.38378
    endloop
  endfacet
  facet normal -0.876371 -0 -0.481637
    outer loop
      vertex 77.7441 36.9358 8.74144
      vertex 77.7671 20.2308 8.69959
      vertex 77.7441 20.2142 8.74144
    endloop
  endfacet
  facet normal -0.875355 0 -0.483481
    outer loop
      vertex 77.9369 8.08856 8.39066
      vertex 77.9407 9.6881 8.38378
      vertex 77.9407 8.08953 8.38378
    endloop
  endfacet
  facet normal -0.876352 1.01553e-05 -0.481671
    outer loop
      vertex 77.7441 8.0642 8.74144
      vertex 77.9407 9.6881 8.38378
      vertex 77.9369 8.08856 8.39066
    endloop
  endfacet
  facet normal -0.876328 -2.47447e-06 -0.481715
    outer loop
      vertex 77.9407 9.6881 8.38378
      vertex 77.7441 8.0642 8.74144
      vertex 77.7671 9.76919 8.69959
    endloop
  endfacet
  facet normal -0.876371 0 -0.481637
    outer loop
      vertex 77.7671 9.76919 8.69959
      vertex 77.7441 8.0642 8.74144
      vertex 77.7441 9.78576 8.74144
    endloop
  endfacet
  facet normal 0.809014 -0 0.58779
    outer loop
      vertex 72.2559 20.2142 5.25856
      vertex 72.4958 36.9901 4.92837
      vertex 72.2559 36.9901 5.25856
    endloop
  endfacet
  facet normal 0.809014 0 0.58779
    outer loop
      vertex 72.4958 36.9901 4.92837
      vertex 72.2559 20.2142 5.25856
      vertex 72.4958 20.0835 4.92837
    endloop
  endfacet
  facet normal 0.809014 0 0.58779
    outer loop
      vertex 72.4958 8.00987 4.92837
      vertex 72.2559 9.78576 5.25856
      vertex 72.2559 8.00987 5.25856
    endloop
  endfacet
  facet normal 0.809014 0 0.58779
    outer loop
      vertex 72.2559 9.78576 5.25856
      vertex 72.4958 8.00987 4.92837
      vertex 72.4958 9.91649 4.92837
    endloop
  endfacet
  facet normal 0.425753 0 0.904839
    outer loop
      vertex 73.8036 36.9901 3.97823
      vertex 73.6448 19.6438 4.05295
      vertex 73.8036 19.5895 3.97823
    endloop
  endfacet
  facet normal 0.42576 -0 0.904836
    outer loop
      vertex 73.4343 19.6983 4.152
      vertex 73.8036 36.9901 3.97823
      vertex 73.4343 36.9901 4.152
    endloop
  endfacet
  facet normal 0.425766 -1.43387e-07 0.904833
    outer loop
      vertex 73.8036 36.9901 3.97823
      vertex 73.4343 19.6983 4.152
      vertex 73.6448 19.6438 4.05295
    endloop
  endfacet
  facet normal 0.425753 0 0.904839
    outer loop
      vertex 73.6448 10.3562 4.05295
      vertex 73.8036 8.00987 3.97823
      vertex 73.8036 10.4105 3.97823
    endloop
  endfacet
  facet normal 0.425766 1.04427e-06 0.904833
    outer loop
      vertex 73.4343 10.3017 4.152
      vertex 73.8036 8.00987 3.97823
      vertex 73.6448 10.3562 4.05295
    endloop
  endfacet
  facet normal 0.42576 0 0.904836
    outer loop
      vertex 73.8036 8.00987 3.97823
      vertex 73.4343 10.3017 4.152
      vertex 73.4343 8.00987 4.152
    endloop
  endfacet
  facet normal 0.728956 0 -0.68456
    outer loop
      vertex 72.7752 36.9901 9.36915
      vertex 72.4958 20.0835 9.07163
      vertex 72.4958 36.9901 9.07163
    endloop
  endfacet
  facet normal 0.728965 -2.97969e-07 -0.684551
    outer loop
      vertex 72.7752 36.9901 9.36915
      vertex 72.7495 19.9765 9.34179
      vertex 72.4958 20.0835 9.07163
    endloop
  endfacet
  facet normal 0.728872 0 -0.68465
    outer loop
      vertex 72.7495 19.9765 9.34179
      vertex 72.7752 36.9901 9.36915
      vertex 72.7752 19.9615 9.36915
    endloop
  endfacet
  facet normal 0.728872 0 -0.68465
    outer loop
      vertex 72.7752 8.00987 9.36915
      vertex 72.7495 10.0235 9.34179
      vertex 72.7752 10.0385 9.36915
    endloop
  endfacet
  facet normal 0.728964 2.50572e-06 -0.684552
    outer loop
      vertex 72.7752 8.00987 9.36915
      vertex 72.4958 9.91649 9.07163
      vertex 72.7495 10.0235 9.34179
    endloop
  endfacet
  facet normal 0.728956 0 -0.68456
    outer loop
      vertex 72.4958 9.91649 9.07163
      vertex 72.7752 8.00987 9.36915
      vertex 72.4958 8.00987 9.07163
    endloop
  endfacet
  facet normal 0.308942 0 -0.951081
    outer loop
      vertex 73.8036 10.4105 10.0218
      vertex 74.1918 8.00987 10.1479
      vertex 73.8036 8.00987 10.0218
    endloop
  endfacet
  facet normal 0.308942 0 -0.951081
    outer loop
      vertex 74.1918 8.00987 10.1479
      vertex 73.8036 10.4105 10.0218
      vertex 74.1918 10.5021 10.1479
    endloop
  endfacet
  facet normal 0.308942 0 -0.951081
    outer loop
      vertex 73.8036 19.5895 10.0218
      vertex 74.1918 36.9901 10.1479
      vertex 74.1918 19.4979 10.1479
    endloop
  endfacet
  facet normal 0.308942 0 -0.951081
    outer loop
      vertex 74.1918 36.9901 10.1479
      vertex 73.8036 19.5895 10.0218
      vertex 73.8036 36.9901 10.0218
    endloop
  endfacet
  facet normal 1 -0 0
    outer loop
      vertex 71.7564 20.4891 7.20407
      vertex 71.7564 36.9901 6.79593
      vertex 71.7564 36.9901 7.20407
    endloop
  endfacet
  facet normal 1 0 0
    outer loop
      vertex 71.7564 36.9901 6.79593
      vertex 71.7564 20.4891 7.20407
      vertex 71.7564 20.4891 6.79593
    endloop
  endfacet
  facet normal 1 -0 0
    outer loop
      vertex 71.7564 8.00987 7.20407
      vertex 71.7564 9.51085 6.79593
      vertex 71.7564 9.51085 7.20407
    endloop
  endfacet
  facet normal 1 0 0
    outer loop
      vertex 71.7564 9.51085 6.79593
      vertex 71.7564 8.00987 7.20407
      vertex 71.7564 8.00987 6.79593
    endloop
  endfacet
  facet normal -0.309009 0 0.951059
    outer loop
      vertex 75.8082 36.9901 3.8521
      vertex 76.1964 19.5895 3.97823
      vertex 76.1964 36.9901 3.97823
    endloop
  endfacet
  facet normal -0.309009 0 0.951059
    outer loop
      vertex 76.1964 19.5895 3.97823
      vertex 75.8082 36.9901 3.8521
      vertex 75.8082 19.4979 3.8521
    endloop
  endfacet
  facet normal -0.309009 0 0.951059
    outer loop
      vertex 75.8082 8.00987 3.8521
      vertex 76.1964 10.4105 3.97823
      vertex 75.8082 10.5021 3.8521
    endloop
  endfacet
  facet normal -0.309009 0 0.951059
    outer loop
      vertex 76.1964 10.4105 3.97823
      vertex 75.8082 8.00987 3.8521
      vertex 76.1964 8.00987 3.97823
    endloop
  endfacet
  facet normal -0.637399 0 0.770534
    outer loop
      vertex 76.9103 36.9901 4.37069
      vertex 77.2248 19.9615 4.63085
      vertex 77.2248 36.9901 4.63085
    endloop
  endfacet
  facet normal -0.637399 0 0.770534
    outer loop
      vertex 77.2248 19.9615 4.63085
      vertex 76.9103 36.9901 4.37069
      vertex 76.9103 19.8185 4.37069
    endloop
  endfacet
  facet normal -0.637399 0 0.770534
    outer loop
      vertex 76.9103 8.00987 4.37069
      vertex 77.2248 10.0385 4.63085
      vertex 76.9103 10.1815 4.37069
    endloop
  endfacet
  facet normal -0.637399 0 0.770534
    outer loop
      vertex 77.2248 10.0385 4.63085
      vertex 76.9103 8.00987 4.37069
      vertex 77.2248 8.00987 4.63085
    endloop
  endfacet
  facet normal -0.728964 2.50572e-06 0.684552
    outer loop
      vertex 77.2248 8.00987 4.63085
      vertex 77.5042 9.91649 4.92837
      vertex 77.2505 10.0235 4.65821
    endloop
  endfacet
  facet normal -0.728872 0 0.68465
    outer loop
      vertex 77.2248 8.00987 4.63085
      vertex 77.2505 10.0235 4.65821
      vertex 77.2248 10.0385 4.63085
    endloop
  endfacet
  facet normal -0.72925 9.18024e-05 0.684248
    outer loop
      vertex 77.5042 9.91649 4.92837
      vertex 77.2248 8.00987 4.63085
      vertex 77.3139 8.00987 4.72581
    endloop
  endfacet
  facet normal -0.728819 0 0.684707
    outer loop
      vertex 77.5042 9.91649 4.92837
      vertex 77.3139 8.00987 4.72581
      vertex 77.5042 8.0339 4.92837
    endloop
  endfacet
  facet normal -0.72923 -0.00729282 0.684229
    outer loop
      vertex 77.2248 36.9901 4.63085
      vertex 77.5042 36.9661 4.92837
      vertex 77.3139 36.9901 4.72581
    endloop
  endfacet
  facet normal -0.728956 0 0.68456
    outer loop
      vertex 77.2248 36.9901 4.63085
      vertex 77.5042 20.0835 4.92837
      vertex 77.5042 36.9661 4.92837
    endloop
  endfacet
  facet normal -0.728965 -2.97969e-07 0.684551
    outer loop
      vertex 77.2248 36.9901 4.63085
      vertex 77.2505 19.9765 4.65821
      vertex 77.5042 20.0835 4.92837
    endloop
  endfacet
  facet normal -0.728872 0 0.68465
    outer loop
      vertex 77.2505 19.9765 4.65821
      vertex 77.2248 36.9901 4.63085
      vertex 77.2248 19.9615 4.63085
    endloop
  endfacet
  facet normal -0.9921 2.17792e-06 0.125446
    outer loop
      vertex 78.1924 36.8458 6.39101
      vertex 78.2257 20.4891 6.65465
      vertex 78.2436 36.8327 6.79593
    endloop
  endfacet
  facet normal -0.992117 0 0.125313
    outer loop
      vertex 78.2257 20.4891 6.65465
      vertex 78.1924 36.8458 6.39101
      vertex 78.1924 20.4558 6.39101
    endloop
  endfacet
  facet normal -0.992069 0 0.125694
    outer loop
      vertex 78.2436 36.8327 6.79593
      vertex 78.2257 20.4891 6.65465
      vertex 78.2436 20.4891 6.79593
    endloop
  endfacet
  facet normal -0.992069 0 0.125694
    outer loop
      vertex 78.2257 9.51085 6.65465
      vertex 78.2436 8.1673 6.79593
      vertex 78.2436 9.51085 6.79593
    endloop
  endfacet
  facet normal -0.992117 0 0.125313
    outer loop
      vertex 78.1924 8.15417 6.39101
      vertex 78.2257 9.51085 6.65465
      vertex 78.1924 9.54416 6.39101
    endloop
  endfacet
  facet normal -0.9921 -2.64107e-05 0.125447
    outer loop
      vertex 78.2257 9.51085 6.65465
      vertex 78.1924 8.15417 6.39101
      vertex 78.2436 8.1673 6.79593
    endloop
  endfacet
  facet normal -1 0 0
    outer loop
      vertex 78.2436 20.4891 6.79593
      vertex 78.2436 36.8327 7.20407
      vertex 78.2436 36.8327 6.79593
    endloop
  endfacet
  facet normal -1 -0 0
    outer loop
      vertex 78.2436 36.8327 7.20407
      vertex 78.2436 20.4891 6.79593
      vertex 78.2436 20.4891 7.20407
    endloop
  endfacet
  facet normal -1 0 0
    outer loop
      vertex 78.2436 8.1673 6.79593
      vertex 78.2436 9.51085 7.20407
      vertex 78.2436 9.51085 6.79593
    endloop
  endfacet
  facet normal -1 -0 0
    outer loop
      vertex 78.2436 9.51085 7.20407
      vertex 78.2436 8.1673 6.79593
      vertex 78.2436 8.1673 7.20407
    endloop
  endfacet
  facet normal -0.87683 -0.0385537 0.479252
    outer loop
      vertex 77.7441 36.9358 5.25856
      vertex 77.9407 36.9105 5.61622
      vertex 77.9369 36.9114 5.60934
    endloop
  endfacet
  facet normal -0.876333 0 0.481706
    outer loop
      vertex 77.7441 36.9358 5.25856
      vertex 77.9407 20.3119 5.61622
      vertex 77.9407 36.9105 5.61622
    endloop
  endfacet
  facet normal -0.876328 2.53984e-07 0.481715
    outer loop
      vertex 77.7441 36.9358 5.25856
      vertex 77.7671 20.2308 5.30041
      vertex 77.9407 20.3119 5.61622
    endloop
  endfacet
  facet normal -0.876371 0 0.481637
    outer loop
      vertex 77.7671 20.2308 5.30041
      vertex 77.7441 36.9358 5.25856
      vertex 77.7441 20.2142 5.25856
    endloop
  endfacet
  facet normal -0.876328 -2.47447e-06 0.481715
    outer loop
      vertex 77.7441 8.0642 5.25856
      vertex 77.9407 9.6881 5.61622
      vertex 77.7671 9.76919 5.30041
    endloop
  endfacet
  facet normal -0.876371 0 0.481637
    outer loop
      vertex 77.7441 8.0642 5.25856
      vertex 77.7671 9.76919 5.30041
      vertex 77.7441 9.78576 5.25856
    endloop
  endfacet
  facet normal -0.875355 0 0.483481
    outer loop
      vertex 77.9407 9.6881 5.61622
      vertex 77.9369 8.08856 5.60934
      vertex 77.9407 8.08953 5.61622
    endloop
  endfacet
  facet normal -0.876352 1.01553e-05 0.481671
    outer loop
      vertex 77.9407 9.6881 5.61622
      vertex 77.7441 8.0642 5.25856
      vertex 77.9369 8.08856 5.60934
    endloop
  endfacet
  facet normal -0.929812 0 0.368034
    outer loop
      vertex 77.9407 36.9105 5.61622
      vertex 78.0909 20.4059 5.99569
      vertex 78.0909 36.8719 5.99569
    endloop
  endfacet
  facet normal -0.929885 -4.85074e-06 0.367851
    outer loop
      vertex 77.9407 36.9105 5.61622
      vertex 78.0805 20.4026 5.9694
      vertex 78.0909 20.4059 5.99569
    endloop
  endfacet
  facet normal -0.929807 0 0.368048
    outer loop
      vertex 78.0805 20.4026 5.9694
      vertex 77.9407 36.9105 5.61622
      vertex 77.9407 20.3119 5.61622
    endloop
  endfacet
  facet normal -0.929885 0 0.367851
    outer loop
      vertex 78.0805 9.59742 5.9694
      vertex 78.0909 8.12811 5.99569
      vertex 78.0909 9.5941 5.99569
    endloop
  endfacet
  facet normal -0.929807 0 0.368048
    outer loop
      vertex 77.9407 8.08953 5.61622
      vertex 78.0805 9.59742 5.9694
      vertex 77.9407 9.6881 5.61622
    endloop
  endfacet
  facet normal -0.929813 3.77869e-06 0.368034
    outer loop
      vertex 78.0805 9.59742 5.9694
      vertex 77.9407 8.08953 5.61622
      vertex 78.0909 8.12811 5.99569
    endloop
  endfacet
  facet normal -0.535845 -0 -0.844317
    outer loop
      vertex 76.5657 36.9901 9.848
      vertex 76.9103 19.8185 9.6293
      vertex 76.5657 19.6983 9.848
    endloop
  endfacet
  facet normal -0.535845 0 -0.844317
    outer loop
      vertex 76.9103 19.8185 9.6293
      vertex 76.5657 36.9901 9.848
      vertex 76.9103 36.9901 9.6293
    endloop
  endfacet
  facet normal -0.535845 0 -0.844317
    outer loop
      vertex 76.5657 8.00987 9.848
      vertex 76.9103 10.1815 9.6293
      vertex 76.9103 8.00987 9.6293
    endloop
  endfacet
  facet normal -0.535845 0 -0.844317
    outer loop
      vertex 76.9103 10.1815 9.6293
      vertex 76.5657 8.00987 9.848
      vertex 76.5657 10.3017 9.848
    endloop
  endfacet
  facet normal -0.187439 -0 -0.982276
    outer loop
      vertex 75.4073 36.9901 10.2244
      vertex 75.8082 19.4979 10.1479
      vertex 75.4073 19.4423 10.2244
    endloop
  endfacet
  facet normal -0.187439 0 -0.982276
    outer loop
      vertex 75.8082 19.4979 10.1479
      vertex 75.4073 36.9901 10.2244
      vertex 75.8082 36.9901 10.1479
    endloop
  endfacet
  facet normal -0.187439 0 -0.982276
    outer loop
      vertex 75.4073 8.00987 10.2244
      vertex 75.8082 10.5021 10.1479
      vertex 75.8082 8.00987 10.1479
    endloop
  endfacet
  facet normal -0.187439 0 -0.982276
    outer loop
      vertex 75.8082 10.5021 10.1479
      vertex 75.4073 8.00987 10.2244
      vertex 75.4073 10.5577 10.2244
    endloop
  endfacet
  facet normal -0.809014 0 -0.58779
    outer loop
      vertex 77.7441 20.2142 8.74144
      vertex 77.5042 36.9661 9.07163
      vertex 77.7441 36.9358 8.74144
    endloop
  endfacet
  facet normal -0.809014 -0 -0.58779
    outer loop
      vertex 77.5042 36.9661 9.07163
      vertex 77.7441 20.2142 8.74144
      vertex 77.5042 20.0835 9.07163
    endloop
  endfacet
  facet normal -0.809014 0 -0.58779
    outer loop
      vertex 77.5042 8.0339 9.07163
      vertex 77.7441 9.78576 8.74144
      vertex 77.7441 8.0642 8.74144
    endloop
  endfacet
  facet normal -0.809014 0 -0.58779
    outer loop
      vertex 77.7441 9.78576 8.74144
      vertex 77.5042 8.0339 9.07163
      vertex 77.5042 9.91649 9.07163
    endloop
  endfacet
  facet normal -0.968582 0 -0.248694
    outer loop
      vertex 78.1924 20.4558 7.60899
      vertex 78.0909 36.8719 8.0043
      vertex 78.1924 36.8458 7.60899
    endloop
  endfacet
  facet normal -0.968582 -0 -0.248694
    outer loop
      vertex 78.0909 36.8719 8.0043
      vertex 78.1924 20.4558 7.60899
      vertex 78.0909 20.4059 8.0043
    endloop
  endfacet
  facet normal -0.968582 0 -0.248694
    outer loop
      vertex 78.0909 8.12811 8.0043
      vertex 78.1924 9.54416 7.60899
      vertex 78.1924 8.15417 7.60899
    endloop
  endfacet
  facet normal -0.968582 0 -0.248694
    outer loop
      vertex 78.1924 9.54416 7.60899
      vertex 78.0909 8.12811 8.0043
      vertex 78.0909 9.5941 8.0043
    endloop
  endfacet
  facet normal 0.535827 -0 0.844328
    outer loop
      vertex 73.0897 19.8185 4.37069
      vertex 73.4343 36.9901 4.152
      vertex 73.0897 36.9901 4.37069
    endloop
  endfacet
  facet normal 0.535827 0 0.844328
    outer loop
      vertex 73.4343 36.9901 4.152
      vertex 73.0897 19.8185 4.37069
      vertex 73.4343 19.6983 4.152
    endloop
  endfacet
  facet normal 0.535827 0 0.844328
    outer loop
      vertex 73.0897 10.1815 4.37069
      vertex 73.4343 8.00987 4.152
      vertex 73.4343 10.3017 4.152
    endloop
  endfacet
  facet normal 0.535827 0 0.844328
    outer loop
      vertex 73.4343 8.00987 4.152
      vertex 73.0897 10.1815 4.37069
      vertex 73.0897 8.00987 4.37069
    endloop
  endfacet
  facet normal 0.187368 -0 0.98229
    outer loop
      vertex 74.1918 19.4979 3.8521
      vertex 74.5927 36.9901 3.77563
      vertex 74.1918 36.9901 3.8521
    endloop
  endfacet
  facet normal 0.187368 0 0.98229
    outer loop
      vertex 74.5927 36.9901 3.77563
      vertex 74.1918 19.4979 3.8521
      vertex 74.5927 19.4423 3.77563
    endloop
  endfacet
  facet normal 0.187368 0 0.98229
    outer loop
      vertex 74.1918 10.5021 3.8521
      vertex 74.5927 8.00987 3.77563
      vertex 74.5927 10.5577 3.77563
    endloop
  endfacet
  facet normal 0.187368 0 0.98229
    outer loop
      vertex 74.5927 8.00987 3.77563
      vertex 74.1918 10.5021 3.8521
      vertex 74.1918 8.00987 3.8521
    endloop
  endfacet
  facet normal 0.0628024 -0 0.998026
    outer loop
      vertex 74.5927 19.4423 3.77563
      vertex 75 36.9901 3.75
      vertex 74.5927 36.9901 3.77563
    endloop
  endfacet
  facet normal 0.0628024 0 0.998026
    outer loop
      vertex 75 36.9901 3.75
      vertex 74.5927 19.4423 3.77563
      vertex 75 19.4237 3.75
    endloop
  endfacet
  facet normal 0.0628024 0 0.998026
    outer loop
      vertex 74.5927 10.5577 3.77563
      vertex 75 8.00987 3.75
      vertex 75 10.5763 3.75
    endloop
  endfacet
  facet normal 0.0628024 0 0.998026
    outer loop
      vertex 75 8.00987 3.75
      vertex 74.5927 10.5577 3.77563
      vertex 74.5927 8.00987 3.77563
    endloop
  endfacet
  facet normal 0.929816 0 -0.368026
    outer loop
      vertex 72.0593 36.9901 8.38378
      vertex 71.9091 20.4059 8.0043
      vertex 71.9091 36.9901 8.0043
    endloop
  endfacet
  facet normal 0.929932 -7.79804e-06 -0.367731
    outer loop
      vertex 72.0593 36.9901 8.38378
      vertex 71.9195 20.4026 8.0306
      vertex 71.9091 20.4059 8.0043
    endloop
  endfacet
  facet normal 0.929807 0 -0.368048
    outer loop
      vertex 71.9195 20.4026 8.0306
      vertex 72.0593 36.9901 8.38378
      vertex 72.0593 20.3119 8.38378
    endloop
  endfacet
  facet normal 0.929807 0 -0.368048
    outer loop
      vertex 72.0593 8.00987 8.38378
      vertex 71.9195 9.59742 8.0306
      vertex 72.0593 9.6881 8.38378
    endloop
  endfacet
  facet normal 0.929816 5.66122e-06 -0.368026
    outer loop
      vertex 71.9091 8.00987 8.0043
      vertex 71.9195 9.59742 8.0306
      vertex 72.0593 8.00987 8.38378
    endloop
  endfacet
  facet normal 0.929933 0 -0.36773
    outer loop
      vertex 71.9195 9.59742 8.0306
      vertex 71.9091 8.00987 8.0043
      vertex 71.9091 9.5941 8.0043
    endloop
  endfacet
  facet normal 0.637385 0 -0.770546
    outer loop
      vertex 72.7752 19.9615 9.36915
      vertex 73.0897 36.9901 9.6293
      vertex 73.0897 19.8185 9.6293
    endloop
  endfacet
  facet normal 0.637385 0 -0.770546
    outer loop
      vertex 73.0897 36.9901 9.6293
      vertex 72.7752 19.9615 9.36915
      vertex 72.7752 36.9901 9.36915
    endloop
  endfacet
  facet normal 0.637385 0 -0.770546
    outer loop
      vertex 72.7752 10.0385 9.36915
      vertex 73.0897 8.00987 9.6293
      vertex 72.7752 8.00987 9.36915
    endloop
  endfacet
  facet normal 0.637385 0 -0.770546
    outer loop
      vertex 73.0897 8.00987 9.6293
      vertex 72.7752 10.0385 9.36915
      vertex 73.0897 10.1815 9.6293
    endloop
  endfacet
  facet normal 0.187439 0 -0.982276
    outer loop
      vertex 74.1918 19.4979 10.1479
      vertex 74.5927 36.9901 10.2244
      vertex 74.5927 19.4423 10.2244
    endloop
  endfacet
  facet normal 0.187439 0 -0.982276
    outer loop
      vertex 74.5927 36.9901 10.2244
      vertex 74.1918 19.4979 10.1479
      vertex 74.1918 36.9901 10.1479
    endloop
  endfacet
  facet normal 0.187439 0 -0.982276
    outer loop
      vertex 74.1918 10.5021 10.1479
      vertex 74.5927 8.00987 10.2244
      vertex 74.1918 8.00987 10.1479
    endloop
  endfacet
  facet normal 0.187439 0 -0.982276
    outer loop
      vertex 74.5927 8.00987 10.2244
      vertex 74.1918 10.5021 10.1479
      vertex 74.5927 10.5577 10.2244
    endloop
  endfacet
  facet normal 0.0627292 0 -0.998031
    outer loop
      vertex 74.5927 19.4423 10.2244
      vertex 75 36.9901 10.25
      vertex 75 19.4237 10.25
    endloop
  endfacet
  facet normal 0.0627292 0 -0.998031
    outer loop
      vertex 75 36.9901 10.25
      vertex 74.5927 19.4423 10.2244
      vertex 74.5927 36.9901 10.2244
    endloop
  endfacet
  facet normal 0.0627292 0 -0.998031
    outer loop
      vertex 74.5927 10.5577 10.2244
      vertex 75 8.00987 10.25
      vertex 74.5927 8.00987 10.2244
    endloop
  endfacet
  facet normal 0.0627292 0 -0.998031
    outer loop
      vertex 75 8.00987 10.25
      vertex 74.5927 10.5577 10.2244
      vertex 75 10.5763 10.25
    endloop
  endfacet
  facet normal 0.968584 0 0.248688
    outer loop
      vertex 71.9091 8.00987 5.99569
      vertex 71.8076 9.54416 6.39101
      vertex 71.8076 8.00987 6.39101
    endloop
  endfacet
  facet normal 0.968584 0 0.248688
    outer loop
      vertex 71.8076 9.54416 6.39101
      vertex 71.9091 8.00987 5.99569
      vertex 71.9091 9.5941 5.99569
    endloop
  endfacet
  facet normal 0.968584 -0 0.248688
    outer loop
      vertex 71.8076 20.4558 6.39101
      vertex 71.9091 36.9901 5.99569
      vertex 71.8076 36.9901 6.39101
    endloop
  endfacet
  facet normal 0.968584 0 0.248688
    outer loop
      vertex 71.9091 36.9901 5.99569
      vertex 71.8076 20.4558 6.39101
      vertex 71.9091 20.4059 5.99569
    endloop
  endfacet
  facet normal 0.876333 -0 0.481706
    outer loop
      vertex 72.0593 20.3119 5.61622
      vertex 72.2559 36.9901 5.25856
      vertex 72.0593 36.9901 5.61622
    endloop
  endfacet
  facet normal 0.876328 2.53162e-07 0.481715
    outer loop
      vertex 72.2329 20.2308 5.30041
      vertex 72.2559 36.9901 5.25856
      vertex 72.0593 20.3119 5.61622
    endloop
  endfacet
  facet normal 0.876371 0 0.481637
    outer loop
      vertex 72.2559 36.9901 5.25856
      vertex 72.2329 20.2308 5.30041
      vertex 72.2559 20.2142 5.25856
    endloop
  endfacet
  facet normal 0.876333 0 0.481706
    outer loop
      vertex 72.2559 8.00987 5.25856
      vertex 72.0593 9.6881 5.61622
      vertex 72.0593 8.00987 5.61622
    endloop
  endfacet
  facet normal 0.876328 -2.39852e-06 0.481715
    outer loop
      vertex 72.0593 9.6881 5.61622
      vertex 72.2559 8.00987 5.25856
      vertex 72.2329 9.76919 5.30041
    endloop
  endfacet
  facet normal 0.876371 0 0.481637
    outer loop
      vertex 72.2329 9.76919 5.30041
      vertex 72.2559 8.00987 5.25856
      vertex 72.2559 9.78576 5.25856
    endloop
  endfacet
  facet normal 0.9921 2.15775e-06 -0.125446
    outer loop
      vertex 71.8076 36.9901 7.60899
      vertex 71.7743 20.4891 7.34535
      vertex 71.7564 36.9901 7.20407
    endloop
  endfacet
  facet normal 0.992117 0 -0.125313
    outer loop
      vertex 71.7743 20.4891 7.34535
      vertex 71.8076 36.9901 7.60899
      vertex 71.8076 20.4558 7.60899
    endloop
  endfacet
  facet normal 0.992069 0 -0.125694
    outer loop
      vertex 71.7564 36.9901 7.20407
      vertex 71.7743 20.4891 7.34535
      vertex 71.7564 20.4891 7.20407
    endloop
  endfacet
  facet normal 0.992117 0 -0.125313
    outer loop
      vertex 71.8076 8.00987 7.60899
      vertex 71.7743 9.51085 7.34535
      vertex 71.8076 9.54416 7.60899
    endloop
  endfacet
  facet normal 0.9921 -2.37212e-05 -0.125446
    outer loop
      vertex 71.7564 8.00987 7.20407
      vertex 71.7743 9.51085 7.34535
      vertex 71.8076 8.00987 7.60899
    endloop
  endfacet
  facet normal 0.992069 0 -0.125694
    outer loop
      vertex 71.7743 9.51085 7.34535
      vertex 71.7564 8.00987 7.20407
      vertex 71.7564 9.51085 7.20407
    endloop
  endfacet
  facet normal 0.535845 0 -0.844317
    outer loop
      vertex 73.0897 19.8185 9.6293
      vertex 73.4343 36.9901 9.848
      vertex 73.4343 19.6983 9.848
    endloop
  endfacet
  facet normal 0.535845 0 -0.844317
    outer loop
      vertex 73.4343 36.9901 9.848
      vertex 73.0897 19.8185 9.6293
      vertex 73.0897 36.9901 9.6293
    endloop
  endfacet
  facet normal 0.535845 0 -0.844317
    outer loop
      vertex 73.0897 10.1815 9.6293
      vertex 73.4343 8.00987 9.848
      vertex 73.0897 8.00987 9.6293
    endloop
  endfacet
  facet normal 0.535845 0 -0.844317
    outer loop
      vertex 73.4343 8.00987 9.848
      vertex 73.0897 10.1815 9.6293
      vertex 73.4343 10.3017 9.848
    endloop
  endfacet
  facet normal 0.425893 0 -0.904774
    outer loop
      vertex 73.6448 19.6438 9.94705
      vertex 73.8036 36.9901 10.0218
      vertex 73.8036 19.5895 10.0218
    endloop
  endfacet
  facet normal 0.425766 1.4178e-06 -0.904833
    outer loop
      vertex 73.4343 19.6983 9.848
      vertex 73.8036 36.9901 10.0218
      vertex 73.6448 19.6438 9.94705
    endloop
  endfacet
  facet normal 0.425821 0 -0.904808
    outer loop
      vertex 73.8036 36.9901 10.0218
      vertex 73.4343 19.6983 9.848
      vertex 73.4343 36.9901 9.848
    endloop
  endfacet
  facet normal 0.425893 0 -0.904774
    outer loop
      vertex 73.8036 8.00987 10.0218
      vertex 73.6448 10.3562 9.94705
      vertex 73.8036 10.4105 10.0218
    endloop
  endfacet
  facet normal 0.425821 0 -0.904808
    outer loop
      vertex 73.4343 10.3017 9.848
      vertex 73.8036 8.00987 10.0218
      vertex 73.4343 8.00987 9.848
    endloop
  endfacet
  facet normal 0.425768 -1.03256e-05 -0.904832
    outer loop
      vertex 73.8036 8.00987 10.0218
      vertex 73.4343 10.3017 9.848
      vertex 73.6448 10.3562 9.94705
    endloop
  endfacet
  facet normal 0.728956 0 0.68456
    outer loop
      vertex 72.7752 8.00987 4.63085
      vertex 72.4958 9.91649 4.92837
      vertex 72.4958 8.00987 4.92837
    endloop
  endfacet
  facet normal 0.728964 2.50572e-06 0.684552
    outer loop
      vertex 72.4958 9.91649 4.92837
      vertex 72.7752 8.00987 4.63085
      vertex 72.7495 10.0235 4.65821
    endloop
  endfacet
  facet normal 0.728872 0 0.68465
    outer loop
      vertex 72.7495 10.0235 4.65821
      vertex 72.7752 8.00987 4.63085
      vertex 72.7752 10.0385 4.63085
    endloop
  endfacet
  facet normal 0.728956 -0 0.68456
    outer loop
      vertex 72.4958 20.0835 4.92837
      vertex 72.7752 36.9901 4.63085
      vertex 72.4958 36.9901 4.92837
    endloop
  endfacet
  facet normal 0.728965 -2.97969e-07 0.684551
    outer loop
      vertex 72.7495 19.9765 4.65821
      vertex 72.7752 36.9901 4.63085
      vertex 72.4958 20.0835 4.92837
    endloop
  endfacet
  facet normal 0.728872 0 0.68465
    outer loop
      vertex 72.7752 36.9901 4.63085
      vertex 72.7495 19.9765 4.65821
      vertex 72.7752 19.9615 4.63085
    endloop
  endfacet
  facet normal 0.637399 -0 0.770534
    outer loop
      vertex 72.7752 19.9615 4.63085
      vertex 73.0897 36.9901 4.37069
      vertex 72.7752 36.9901 4.63085
    endloop
  endfacet
  facet normal 0.637399 0 0.770534
    outer loop
      vertex 73.0897 36.9901 4.37069
      vertex 72.7752 19.9615 4.63085
      vertex 73.0897 19.8185 4.37069
    endloop
  endfacet
  facet normal 0.637399 0 0.770534
    outer loop
      vertex 72.7752 10.0385 4.63085
      vertex 73.0897 8.00987 4.37069
      vertex 73.0897 10.1815 4.37069
    endloop
  endfacet
  facet normal 0.637399 0 0.770534
    outer loop
      vertex 73.0897 8.00987 4.37069
      vertex 72.7752 10.0385 4.63085
      vertex 72.7752 8.00987 4.63085
    endloop
  endfacet
  facet normal 0.809014 0 -0.58779
    outer loop
      vertex 72.4958 36.9901 9.07163
      vertex 72.2559 20.2142 8.74144
      vertex 72.2559 36.9901 8.74144
    endloop
  endfacet
  facet normal 0.809014 0 -0.58779
    outer loop
      vertex 72.2559 20.2142 8.74144
      vertex 72.4958 36.9901 9.07163
      vertex 72.4958 20.0835 9.07163
    endloop
  endfacet
  facet normal 0.809014 0 -0.58779
    outer loop
      vertex 72.4958 8.00987 9.07163
      vertex 72.2559 9.78576 8.74144
      vertex 72.4958 9.91649 9.07163
    endloop
  endfacet
  facet normal 0.809014 0 -0.58779
    outer loop
      vertex 72.2559 9.78576 8.74144
      vertex 72.4958 8.00987 9.07163
      vertex 72.2559 8.00987 8.74144
    endloop
  endfacet
  facet normal 0.968582 0 -0.248694
    outer loop
      vertex 71.9091 36.9901 8.0043
      vertex 71.8076 20.4558 7.60899
      vertex 71.8076 36.9901 7.60899
    endloop
  endfacet
  facet normal 0.968582 0 -0.248694
    outer loop
      vertex 71.8076 20.4558 7.60899
      vertex 71.9091 36.9901 8.0043
      vertex 71.9091 20.4059 8.0043
    endloop
  endfacet
  facet normal 0.968582 0 -0.248694
    outer loop
      vertex 71.9091 8.00987 8.0043
      vertex 71.8076 9.54416 7.60899
      vertex 71.9091 9.5941 8.0043
    endloop
  endfacet
  facet normal 0.968582 0 -0.248694
    outer loop
      vertex 71.8076 9.54416 7.60899
      vertex 71.9091 8.00987 8.0043
      vertex 71.8076 8.00987 7.60899
    endloop
  endfacet
  facet normal 0.929812 -0 0.368034
    outer loop
      vertex 71.9091 20.4059 5.99569
      vertex 72.0593 36.9901 5.61622
      vertex 71.9091 36.9901 5.99569
    endloop
  endfacet
  facet normal 0.929885 -4.82752e-06 0.367851
    outer loop
      vertex 71.9195 20.4026 5.9694
      vertex 72.0593 36.9901 5.61622
      vertex 71.9091 20.4059 5.99569
    endloop
  endfacet
  facet normal 0.929807 0 0.368048
    outer loop
      vertex 72.0593 36.9901 5.61622
      vertex 71.9195 20.4026 5.9694
      vertex 72.0593 20.3119 5.61622
    endloop
  endfacet
  facet normal 0.929885 -0 0.367851
    outer loop
      vertex 71.9091 8.00987 5.99569
      vertex 71.9195 9.59742 5.9694
      vertex 71.9091 9.5941 5.99569
    endloop
  endfacet
  facet normal 0.929812 3.50361e-06 0.368034
    outer loop
      vertex 72.0593 8.00987 5.61622
      vertex 71.9195 9.59742 5.9694
      vertex 71.9091 8.00987 5.99569
    endloop
  endfacet
  facet normal 0.929807 0 0.368048
    outer loop
      vertex 71.9195 9.59742 5.9694
      vertex 72.0593 8.00987 5.61622
      vertex 72.0593 9.6881 5.61622
    endloop
  endfacet
  facet normal 0.876333 0 -0.481706
    outer loop
      vertex 72.2559 36.9901 8.74144
      vertex 72.0593 20.3119 8.38378
      vertex 72.0593 36.9901 8.38378
    endloop
  endfacet
  facet normal 0.876328 2.53162e-07 -0.481715
    outer loop
      vertex 72.2559 36.9901 8.74144
      vertex 72.2329 20.2308 8.69959
      vertex 72.0593 20.3119 8.38378
    endloop
  endfacet
  facet normal 0.876371 0 -0.481637
    outer loop
      vertex 72.2329 20.2308 8.69959
      vertex 72.2559 36.9901 8.74144
      vertex 72.2559 20.2142 8.74144
    endloop
  endfacet
  facet normal 0.876371 0 -0.481637
    outer loop
      vertex 72.2559 8.00987 8.74144
      vertex 72.2329 9.76919 8.69959
      vertex 72.2559 9.78576 8.74144
    endloop
  endfacet
  facet normal 0.876328 -2.39852e-06 -0.481715
    outer loop
      vertex 72.2559 8.00987 8.74144
      vertex 72.0593 9.6881 8.38378
      vertex 72.2329 9.76919 8.69959
    endloop
  endfacet
  facet normal 0.876333 0 -0.481706
    outer loop
      vertex 72.0593 9.6881 8.38378
      vertex 72.2559 8.00987 8.74144
      vertex 72.0593 8.00987 8.38378
    endloop
  endfacet
  facet normal -0.0628024 0 0.998026
    outer loop
      vertex 60 36.9901 3.75
      vertex 60.4073 19.4423 3.77563
      vertex 60.4073 36.9901 3.77563
    endloop
  endfacet
  facet normal -0.0628024 0 0.998026
    outer loop
      vertex 60.4073 19.4423 3.77563
      vertex 60 36.9901 3.75
      vertex 60 19.4237 3.75
    endloop
  endfacet
  facet normal -0.0628024 0 0.998026
    outer loop
      vertex 60 8.00987 3.75
      vertex 60.4073 10.5577 3.77563
      vertex 60 10.5763 3.75
    endloop
  endfacet
  facet normal -0.0628024 0 0.998026
    outer loop
      vertex 60.4073 10.5577 3.77563
      vertex 60 8.00987 3.75
      vertex 60.4073 8.00987 3.77563
    endloop
  endfacet
  facet normal -0.187368 0 0.98229
    outer loop
      vertex 60.4073 36.9901 3.77563
      vertex 60.8082 19.4979 3.8521
      vertex 60.8082 36.9901 3.8521
    endloop
  endfacet
  facet normal -0.187368 0 0.98229
    outer loop
      vertex 60.8082 19.4979 3.8521
      vertex 60.4073 36.9901 3.77563
      vertex 60.4073 19.4423 3.77563
    endloop
  endfacet
  facet normal -0.187368 0 0.98229
    outer loop
      vertex 60.4073 8.00987 3.77563
      vertex 60.8082 10.5021 3.8521
      vertex 60.4073 10.5577 3.77563
    endloop
  endfacet
  facet normal -0.187368 0 0.98229
    outer loop
      vertex 60.8082 10.5021 3.8521
      vertex 60.4073 8.00987 3.77563
      vertex 60.8082 8.00987 3.8521
    endloop
  endfacet
  facet normal -0.0627292 -0 -0.998031
    outer loop
      vertex 60 36.9901 10.25
      vertex 60.4073 19.4423 10.2244
      vertex 60 19.4237 10.25
    endloop
  endfacet
  facet normal -0.0627292 0 -0.998031
    outer loop
      vertex 60.4073 19.4423 10.2244
      vertex 60 36.9901 10.25
      vertex 60.4073 36.9901 10.2244
    endloop
  endfacet
  facet normal -0.0627292 0 -0.998031
    outer loop
      vertex 60 8.00987 10.25
      vertex 60.4073 10.5577 10.2244
      vertex 60.4073 8.00987 10.2244
    endloop
  endfacet
  facet normal -0.0627292 0 -0.998031
    outer loop
      vertex 60.4073 10.5577 10.2244
      vertex 60 8.00987 10.25
      vertex 60 10.5763 10.25
    endloop
  endfacet
  facet normal -0.728956 0 -0.68456
    outer loop
      vertex 62.5042 20.0835 9.07163
      vertex 62.2248 36.9901 9.36915
      vertex 62.5042 36.9901 9.07163
    endloop
  endfacet
  facet normal -0.728965 -2.97969e-07 -0.684551
    outer loop
      vertex 62.2505 19.9765 9.34179
      vertex 62.2248 36.9901 9.36915
      vertex 62.5042 20.0835 9.07163
    endloop
  endfacet
  facet normal -0.728872 -0 -0.68465
    outer loop
      vertex 62.2248 36.9901 9.36915
      vertex 62.2505 19.9765 9.34179
      vertex 62.2248 19.9615 9.36915
    endloop
  endfacet
  facet normal -0.728956 0 -0.68456
    outer loop
      vertex 62.2248 8.00987 9.36915
      vertex 62.5042 9.91649 9.07163
      vertex 62.5042 8.00987 9.07163
    endloop
  endfacet
  facet normal -0.728964 2.50572e-06 -0.684552
    outer loop
      vertex 62.5042 9.91649 9.07163
      vertex 62.2248 8.00987 9.36915
      vertex 62.2505 10.0235 9.34179
    endloop
  endfacet
  facet normal -0.728872 0 -0.68465
    outer loop
      vertex 62.2505 10.0235 9.34179
      vertex 62.2248 8.00987 9.36915
      vertex 62.2248 10.0385 9.36915
    endloop
  endfacet
  facet normal -0.929816 0 -0.368026
    outer loop
      vertex 63.0909 20.4059 8.0043
      vertex 62.9407 36.9901 8.38378
      vertex 63.0909 36.9901 8.0043
    endloop
  endfacet
  facet normal -0.929932 -7.79804e-06 -0.367731
    outer loop
      vertex 63.0805 20.4026 8.0306
      vertex 62.9407 36.9901 8.38378
      vertex 63.0909 20.4059 8.0043
    endloop
  endfacet
  facet normal -0.929807 -0 -0.368048
    outer loop
      vertex 62.9407 36.9901 8.38378
      vertex 63.0805 20.4026 8.0306
      vertex 62.9407 20.3119 8.38378
    endloop
  endfacet
  facet normal -0.929933 0 -0.36773
    outer loop
      vertex 63.0909 8.00987 8.0043
      vertex 63.0805 9.59742 8.0306
      vertex 63.0909 9.5941 8.0043
    endloop
  endfacet
  facet normal -0.929816 5.66122e-06 -0.368026
    outer loop
      vertex 62.9407 8.00987 8.38378
      vertex 63.0805 9.59742 8.0306
      vertex 63.0909 8.00987 8.0043
    endloop
  endfacet
  facet normal -0.929807 0 -0.368048
    outer loop
      vertex 63.0805 9.59742 8.0306
      vertex 62.9407 8.00987 8.38378
      vertex 62.9407 9.6881 8.38378
    endloop
  endfacet
  facet normal -0.809014 0 0.58779
    outer loop
      vertex 62.5042 36.9901 4.92837
      vertex 62.7441 20.2142 5.25856
      vertex 62.7441 36.9901 5.25856
    endloop
  endfacet
  facet normal -0.809014 0 0.58779
    outer loop
      vertex 62.7441 20.2142 5.25856
      vertex 62.5042 36.9901 4.92837
      vertex 62.5042 20.0835 4.92837
    endloop
  endfacet
  facet normal -0.809014 0 0.58779
    outer loop
      vertex 62.5042 8.00987 4.92837
      vertex 62.7441 9.78576 5.25856
      vertex 62.5042 9.91649 4.92837
    endloop
  endfacet
  facet normal -0.809014 0 0.58779
    outer loop
      vertex 62.7441 9.78576 5.25856
      vertex 62.5042 8.00987 4.92837
      vertex 62.7441 8.00987 5.25856
    endloop
  endfacet
  facet normal -0.425766 1.4178e-06 -0.904833
    outer loop
      vertex 61.1964 36.9901 10.0218
      vertex 61.5657 19.6983 9.848
      vertex 61.3552 19.6438 9.94705
    endloop
  endfacet
  facet normal -0.425893 -0 -0.904774
    outer loop
      vertex 61.1964 36.9901 10.0218
      vertex 61.3552 19.6438 9.94705
      vertex 61.1964 19.5895 10.0218
    endloop
  endfacet
  facet normal -0.425821 0 -0.904808
    outer loop
      vertex 61.5657 19.6983 9.848
      vertex 61.1964 36.9901 10.0218
      vertex 61.5657 36.9901 9.848
    endloop
  endfacet
  facet normal -0.425821 0 -0.904808
    outer loop
      vertex 61.1964 8.00987 10.0218
      vertex 61.5657 10.3017 9.848
      vertex 61.5657 8.00987 9.848
    endloop
  endfacet
  facet normal -0.425768 -1.03256e-05 -0.904832
    outer loop
      vertex 61.5657 10.3017 9.848
      vertex 61.1964 8.00987 10.0218
      vertex 61.3552 10.3562 9.94705
    endloop
  endfacet
  facet normal -0.425893 0 -0.904774
    outer loop
      vertex 61.3552 10.3562 9.94705
      vertex 61.1964 8.00987 10.0218
      vertex 61.1964 10.4105 10.0218
    endloop
  endfacet
  facet normal -0.637385 -0 -0.770546
    outer loop
      vertex 61.9103 36.9901 9.6293
      vertex 62.2248 19.9615 9.36915
      vertex 61.9103 19.8185 9.6293
    endloop
  endfacet
  facet normal -0.637385 0 -0.770546
    outer loop
      vertex 62.2248 19.9615 9.36915
      vertex 61.9103 36.9901 9.6293
      vertex 62.2248 36.9901 9.36915
    endloop
  endfacet
  facet normal -0.637385 0 -0.770546
    outer loop
      vertex 61.9103 8.00987 9.6293
      vertex 62.2248 10.0385 9.36915
      vertex 62.2248 8.00987 9.36915
    endloop
  endfacet
  facet normal -0.637385 0 -0.770546
    outer loop
      vertex 62.2248 10.0385 9.36915
      vertex 61.9103 8.00987 9.6293
      vertex 61.9103 10.1815 9.6293
    endloop
  endfacet
  facet normal -0.992069 0 -0.125694
    outer loop
      vertex 63.2257 20.4891 7.34535
      vertex 63.2436 36.9901 7.20407
      vertex 63.2436 20.4891 7.20407
    endloop
  endfacet
  facet normal -0.9921 2.15775e-06 -0.125446
    outer loop
      vertex 63.2436 36.9901 7.20407
      vertex 63.2257 20.4891 7.34535
      vertex 63.1924 36.9901 7.60899
    endloop
  endfacet
  facet normal -0.992117 -0 -0.125313
    outer loop
      vertex 63.1924 36.9901 7.60899
      vertex 63.2257 20.4891 7.34535
      vertex 63.1924 20.4558 7.60899
    endloop
  endfacet
  facet normal -0.992069 -0 -0.125694
    outer loop
      vertex 63.2436 9.51085 7.20407
      vertex 63.2436 8.00987 7.20407
      vertex 63.2257 9.51085 7.34535
    endloop
  endfacet
  facet normal -0.9921 -2.37212e-05 -0.125446
    outer loop
      vertex 63.1924 8.00987 7.60899
      vertex 63.2257 9.51085 7.34535
      vertex 63.2436 8.00987 7.20407
    endloop
  endfacet
  facet normal -0.992117 0 -0.125313
    outer loop
      vertex 63.2257 9.51085 7.34535
      vertex 63.1924 8.00987 7.60899
      vertex 63.1924 9.54416 7.60899
    endloop
  endfacet
  facet normal 0.309009 -0 0.951059
    outer loop
      vertex 58.8036 19.5895 3.97823
      vertex 59.1918 36.9901 3.8521
      vertex 58.8036 36.9901 3.97823
    endloop
  endfacet
  facet normal 0.309009 0 0.951059
    outer loop
      vertex 59.1918 36.9901 3.8521
      vertex 58.8036 19.5895 3.97823
      vertex 59.1918 19.4979 3.8521
    endloop
  endfacet
  facet normal 0.309009 0 0.951059
    outer loop
      vertex 58.8036 10.4105 3.97823
      vertex 59.1918 8.00987 3.8521
      vertex 59.1918 10.5021 3.8521
    endloop
  endfacet
  facet normal 0.309009 0 0.951059
    outer loop
      vertex 59.1918 8.00987 3.8521
      vertex 58.8036 10.4105 3.97823
      vertex 58.8036 8.00987 3.97823
    endloop
  endfacet
  facet normal 0.992069 0 0.125694
    outer loop
      vertex 56.7743 20.4891 6.65465
      vertex 56.7564 36.9901 6.79593
      vertex 56.7564 20.4891 6.79593
    endloop
  endfacet
  facet normal 0.9921 2.15775e-06 0.125446
    outer loop
      vertex 56.7564 36.9901 6.79593
      vertex 56.7743 20.4891 6.65465
      vertex 56.8076 36.9901 6.39101
    endloop
  endfacet
  facet normal 0.992117 0 0.125313
    outer loop
      vertex 56.8076 36.9901 6.39101
      vertex 56.7743 20.4891 6.65465
      vertex 56.8076 20.4558 6.39101
    endloop
  endfacet
  facet normal 0.992069 0 0.125694
    outer loop
      vertex 56.7564 9.51085 6.79593
      vertex 56.7564 8.00987 6.79593
      vertex 56.7743 9.51085 6.65465
    endloop
  endfacet
  facet normal 0.9921 -2.37212e-05 0.125446
    outer loop
      vertex 56.8076 8.00987 6.39101
      vertex 56.7743 9.51085 6.65465
      vertex 56.7564 8.00987 6.79593
    endloop
  endfacet
  facet normal 0.992117 0 0.125313
    outer loop
      vertex 56.7743 9.51085 6.65465
      vertex 56.8076 8.00987 6.39101
      vertex 56.8076 9.54416 6.39101
    endloop
  endfacet
  facet normal -0.42576 0 0.904836
    outer loop
      vertex 61.1964 36.9901 3.97823
      vertex 61.5657 19.6983 4.152
      vertex 61.5657 36.9901 4.152
    endloop
  endfacet
  facet normal -0.425766 -1.43387e-07 0.904833
    outer loop
      vertex 61.5657 19.6983 4.152
      vertex 61.1964 36.9901 3.97823
      vertex 61.3552 19.6438 4.05295
    endloop
  endfacet
  facet normal -0.425753 0 0.904839
    outer loop
      vertex 61.3552 19.6438 4.05295
      vertex 61.1964 36.9901 3.97823
      vertex 61.1964 19.5895 3.97823
    endloop
  endfacet
  facet normal -0.425766 1.04427e-06 0.904833
    outer loop
      vertex 61.1964 8.00987 3.97823
      vertex 61.5657 10.3017 4.152
      vertex 61.3552 10.3562 4.05295
    endloop
  endfacet
  facet normal -0.425753 0 0.904839
    outer loop
      vertex 61.1964 8.00987 3.97823
      vertex 61.3552 10.3562 4.05295
      vertex 61.1964 10.4105 3.97823
    endloop
  endfacet
  facet normal -0.42576 0 0.904836
    outer loop
      vertex 61.5657 10.3017 4.152
      vertex 61.1964 8.00987 3.97823
      vertex 61.5657 8.00987 4.152
    endloop
  endfacet
  facet normal -0.535827 0 0.844328
    outer loop
      vertex 61.5657 36.9901 4.152
      vertex 61.9103 19.8185 4.37069
      vertex 61.9103 36.9901 4.37069
    endloop
  endfacet
  facet normal -0.535827 0 0.844328
    outer loop
      vertex 61.9103 19.8185 4.37069
      vertex 61.5657 36.9901 4.152
      vertex 61.5657 19.6983 4.152
    endloop
  endfacet
  facet normal -0.535827 0 0.844328
    outer loop
      vertex 61.5657 8.00987 4.152
      vertex 61.9103 10.1815 4.37069
      vertex 61.5657 10.3017 4.152
    endloop
  endfacet
  facet normal -0.535827 0 0.844328
    outer loop
      vertex 61.9103 10.1815 4.37069
      vertex 61.5657 8.00987 4.152
      vertex 61.9103 8.00987 4.37069
    endloop
  endfacet
  facet normal -0.968584 0 0.248688
    outer loop
      vertex 63.0909 8.00987 5.99569
      vertex 63.1924 9.54416 6.39101
      vertex 63.0909 9.5941 5.99569
    endloop
  endfacet
  facet normal -0.968584 0 0.248688
    outer loop
      vertex 63.1924 9.54416 6.39101
      vertex 63.0909 8.00987 5.99569
      vertex 63.1924 8.00987 6.39101
    endloop
  endfacet
  facet normal -0.968584 0 0.248688
    outer loop
      vertex 63.0909 36.9901 5.99569
      vertex 63.1924 20.4558 6.39101
      vertex 63.1924 36.9901 6.39101
    endloop
  endfacet
  facet normal -0.968584 0 0.248688
    outer loop
      vertex 63.1924 20.4558 6.39101
      vertex 63.0909 36.9901 5.99569
      vertex 63.0909 20.4059 5.99569
    endloop
  endfacet
  facet normal -0.308942 0 -0.951081
    outer loop
      vertex 60.8082 8.00987 10.1479
      vertex 61.1964 10.4105 10.0218
      vertex 61.1964 8.00987 10.0218
    endloop
  endfacet
  facet normal -0.308942 0 -0.951081
    outer loop
      vertex 61.1964 10.4105 10.0218
      vertex 60.8082 8.00987 10.1479
      vertex 60.8082 10.5021 10.1479
    endloop
  endfacet
  facet normal -0.308942 -0 -0.951081
    outer loop
      vertex 60.8082 36.9901 10.1479
      vertex 61.1964 19.5895 10.0218
      vertex 60.8082 19.4979 10.1479
    endloop
  endfacet
  facet normal -0.308942 0 -0.951081
    outer loop
      vertex 61.1964 19.5895 10.0218
      vertex 60.8082 36.9901 10.1479
      vertex 61.1964 36.9901 10.0218
    endloop
  endfacet
  facet normal -0.876333 0 -0.481706
    outer loop
      vertex 62.9407 20.3119 8.38378
      vertex 62.7441 36.9901 8.74144
      vertex 62.9407 36.9901 8.38378
    endloop
  endfacet
  facet normal -0.876328 2.53162e-07 -0.481715
    outer loop
      vertex 62.7671 20.2308 8.69959
      vertex 62.7441 36.9901 8.74144
      vertex 62.9407 20.3119 8.38378
    endloop
  endfacet
  facet normal -0.876371 -0 -0.481637
    outer loop
      vertex 62.7441 36.9901 8.74144
      vertex 62.7671 20.2308 8.69959
      vertex 62.7441 20.2142 8.74144
    endloop
  endfacet
  facet normal -0.876333 0 -0.481706
    outer loop
      vertex 62.7441 8.00987 8.74144
      vertex 62.9407 9.6881 8.38378
      vertex 62.9407 8.00987 8.38378
    endloop
  endfacet
  facet normal -0.876328 -2.39852e-06 -0.481715
    outer loop
      vertex 62.9407 9.6881 8.38378
      vertex 62.7441 8.00987 8.74144
      vertex 62.7671 9.76919 8.69959
    endloop
  endfacet
  facet normal -0.876371 0 -0.481637
    outer loop
      vertex 62.7671 9.76919 8.69959
      vertex 62.7441 8.00987 8.74144
      vertex 62.7441 9.78576 8.74144
    endloop
  endfacet
  facet normal 0.809014 -0 0.58779
    outer loop
      vertex 57.2559 20.2142 5.25856
      vertex 57.4958 36.9901 4.92837
      vertex 57.2559 36.9901 5.25856
    endloop
  endfacet
  facet normal 0.809014 0 0.58779
    outer loop
      vertex 57.4958 36.9901 4.92837
      vertex 57.2559 20.2142 5.25856
      vertex 57.4958 20.0835 4.92837
    endloop
  endfacet
  facet normal 0.809014 0 0.58779
    outer loop
      vertex 57.4958 8.00987 4.92837
      vertex 57.2559 9.78576 5.25856
      vertex 57.2559 8.00987 5.25856
    endloop
  endfacet
  facet normal 0.809014 0 0.58779
    outer loop
      vertex 57.2559 9.78576 5.25856
      vertex 57.4958 8.00987 4.92837
      vertex 57.4958 9.91649 4.92837
    endloop
  endfacet
  facet normal 0.425753 0 0.904839
    outer loop
      vertex 58.8036 36.9901 3.97823
      vertex 58.6448 19.6438 4.05295
      vertex 58.8036 19.5895 3.97823
    endloop
  endfacet
  facet normal 0.42576 -0 0.904836
    outer loop
      vertex 58.4343 19.6983 4.152
      vertex 58.8036 36.9901 3.97823
      vertex 58.4343 36.9901 4.152
    endloop
  endfacet
  facet normal 0.425766 -1.43387e-07 0.904833
    outer loop
      vertex 58.8036 36.9901 3.97823
      vertex 58.4343 19.6983 4.152
      vertex 58.6448 19.6438 4.05295
    endloop
  endfacet
  facet normal 0.425753 0 0.904839
    outer loop
      vertex 58.6448 10.3562 4.05295
      vertex 58.8036 8.00987 3.97823
      vertex 58.8036 10.4105 3.97823
    endloop
  endfacet
  facet normal 0.425766 1.04427e-06 0.904833
    outer loop
      vertex 58.4343 10.3017 4.152
      vertex 58.8036 8.00987 3.97823
      vertex 58.6448 10.3562 4.05295
    endloop
  endfacet
  facet normal 0.42576 0 0.904836
    outer loop
      vertex 58.8036 8.00987 3.97823
      vertex 58.4343 10.3017 4.152
      vertex 58.4343 8.00987 4.152
    endloop
  endfacet
  facet normal 0.728956 0 -0.68456
    outer loop
      vertex 57.7752 36.9901 9.36915
      vertex 57.4958 20.0835 9.07163
      vertex 57.4958 36.9901 9.07163
    endloop
  endfacet
  facet normal 0.728965 -2.97969e-07 -0.684551
    outer loop
      vertex 57.7752 36.9901 9.36915
      vertex 57.7495 19.9765 9.34179
      vertex 57.4958 20.0835 9.07163
    endloop
  endfacet
  facet normal 0.728872 0 -0.68465
    outer loop
      vertex 57.7495 19.9765 9.34179
      vertex 57.7752 36.9901 9.36915
      vertex 57.7752 19.9615 9.36915
    endloop
  endfacet
  facet normal 0.728872 0 -0.68465
    outer loop
      vertex 57.7752 8.00987 9.36915
      vertex 57.7495 10.0235 9.34179
      vertex 57.7752 10.0385 9.36915
    endloop
  endfacet
  facet normal 0.728964 2.50572e-06 -0.684552
    outer loop
      vertex 57.7752 8.00987 9.36915
      vertex 57.4958 9.91649 9.07163
      vertex 57.7495 10.0235 9.34179
    endloop
  endfacet
  facet normal 0.728956 0 -0.68456
    outer loop
      vertex 57.4958 9.91649 9.07163
      vertex 57.7752 8.00987 9.36915
      vertex 57.4958 8.00987 9.07163
    endloop
  endfacet
  facet normal 0.308942 0 -0.951081
    outer loop
      vertex 58.8036 10.4105 10.0218
      vertex 59.1918 8.00987 10.1479
      vertex 58.8036 8.00987 10.0218
    endloop
  endfacet
  facet normal 0.308942 0 -0.951081
    outer loop
      vertex 59.1918 8.00987 10.1479
      vertex 58.8036 10.4105 10.0218
      vertex 59.1918 10.5021 10.1479
    endloop
  endfacet
  facet normal 0.308942 0 -0.951081
    outer loop
      vertex 58.8036 19.5895 10.0218
      vertex 59.1918 36.9901 10.1479
      vertex 59.1918 19.4979 10.1479
    endloop
  endfacet
  facet normal 0.308942 0 -0.951081
    outer loop
      vertex 59.1918 36.9901 10.1479
      vertex 58.8036 19.5895 10.0218
      vertex 58.8036 36.9901 10.0218
    endloop
  endfacet
  facet normal 1 -0 0
    outer loop
      vertex 56.7564 20.4891 7.20407
      vertex 56.7564 36.9901 6.79593
      vertex 56.7564 36.9901 7.20407
    endloop
  endfacet
  facet normal 1 0 0
    outer loop
      vertex 56.7564 36.9901 6.79593
      vertex 56.7564 20.4891 7.20407
      vertex 56.7564 20.4891 6.79593
    endloop
  endfacet
  facet normal 1 -0 0
    outer loop
      vertex 56.7564 8.00987 7.20407
      vertex 56.7564 9.51085 6.79593
      vertex 56.7564 9.51085 7.20407
    endloop
  endfacet
  facet normal 1 0 0
    outer loop
      vertex 56.7564 9.51085 6.79593
      vertex 56.7564 8.00987 7.20407
      vertex 56.7564 8.00987 6.79593
    endloop
  endfacet
  facet normal -0.309009 0 0.951059
    outer loop
      vertex 60.8082 36.9901 3.8521
      vertex 61.1964 19.5895 3.97823
      vertex 61.1964 36.9901 3.97823
    endloop
  endfacet
  facet normal -0.309009 0 0.951059
    outer loop
      vertex 61.1964 19.5895 3.97823
      vertex 60.8082 36.9901 3.8521
      vertex 60.8082 19.4979 3.8521
    endloop
  endfacet
  facet normal -0.309009 0 0.951059
    outer loop
      vertex 60.8082 8.00987 3.8521
      vertex 61.1964 10.4105 3.97823
      vertex 60.8082 10.5021 3.8521
    endloop
  endfacet
  facet normal -0.309009 0 0.951059
    outer loop
      vertex 61.1964 10.4105 3.97823
      vertex 60.8082 8.00987 3.8521
      vertex 61.1964 8.00987 3.97823
    endloop
  endfacet
  facet normal -0.637399 0 0.770534
    outer loop
      vertex 61.9103 36.9901 4.37069
      vertex 62.2248 19.9615 4.63085
      vertex 62.2248 36.9901 4.63085
    endloop
  endfacet
  facet normal -0.637399 0 0.770534
    outer loop
      vertex 62.2248 19.9615 4.63085
      vertex 61.9103 36.9901 4.37069
      vertex 61.9103 19.8185 4.37069
    endloop
  endfacet
  facet normal -0.637399 0 0.770534
    outer loop
      vertex 61.9103 8.00987 4.37069
      vertex 62.2248 10.0385 4.63085
      vertex 61.9103 10.1815 4.37069
    endloop
  endfacet
  facet normal -0.637399 0 0.770534
    outer loop
      vertex 62.2248 10.0385 4.63085
      vertex 61.9103 8.00987 4.37069
      vertex 62.2248 8.00987 4.63085
    endloop
  endfacet
  facet normal -0.728872 0 0.68465
    outer loop
      vertex 62.2248 8.00987 4.63085
      vertex 62.2505 10.0235 4.65821
      vertex 62.2248 10.0385 4.63085
    endloop
  endfacet
  facet normal -0.728964 2.50572e-06 0.684552
    outer loop
      vertex 62.2248 8.00987 4.63085
      vertex 62.5042 9.91649 4.92837
      vertex 62.2505 10.0235 4.65821
    endloop
  endfacet
  facet normal -0.728956 0 0.68456
    outer loop
      vertex 62.5042 9.91649 4.92837
      vertex 62.2248 8.00987 4.63085
      vertex 62.5042 8.00987 4.92837
    endloop
  endfacet
  facet normal -0.728956 0 0.68456
    outer loop
      vertex 62.2248 36.9901 4.63085
      vertex 62.5042 20.0835 4.92837
      vertex 62.5042 36.9901 4.92837
    endloop
  endfacet
  facet normal -0.728965 -2.97969e-07 0.684551
    outer loop
      vertex 62.2248 36.9901 4.63085
      vertex 62.2505 19.9765 4.65821
      vertex 62.5042 20.0835 4.92837
    endloop
  endfacet
  facet normal -0.728872 0 0.68465
    outer loop
      vertex 62.2505 19.9765 4.65821
      vertex 62.2248 36.9901 4.63085
      vertex 62.2248 19.9615 4.63085
    endloop
  endfacet
  facet normal -0.9921 2.15775e-06 0.125446
    outer loop
      vertex 63.1924 36.9901 6.39101
      vertex 63.2257 20.4891 6.65465
      vertex 63.2436 36.9901 6.79593
    endloop
  endfacet
  facet normal -0.992117 0 0.125313
    outer loop
      vertex 63.2257 20.4891 6.65465
      vertex 63.1924 36.9901 6.39101
      vertex 63.1924 20.4558 6.39101
    endloop
  endfacet
  facet normal -0.992069 0 0.125694
    outer loop
      vertex 63.2436 36.9901 6.79593
      vertex 63.2257 20.4891 6.65465
      vertex 63.2436 20.4891 6.79593
    endloop
  endfacet
  facet normal -0.992117 0 0.125313
    outer loop
      vertex 63.1924 8.00987 6.39101
      vertex 63.2257 9.51085 6.65465
      vertex 63.1924 9.54416 6.39101
    endloop
  endfacet
  facet normal -0.9921 -2.37212e-05 0.125446
    outer loop
      vertex 63.2436 8.00987 6.79593
      vertex 63.2257 9.51085 6.65465
      vertex 63.1924 8.00987 6.39101
    endloop
  endfacet
  facet normal -0.992069 0 0.125694
    outer loop
      vertex 63.2257 9.51085 6.65465
      vertex 63.2436 8.00987 6.79593
      vertex 63.2436 9.51085 6.79593
    endloop
  endfacet
  facet normal -1 0 0
    outer loop
      vertex 63.2436 20.4891 6.79593
      vertex 63.2436 36.9901 7.20407
      vertex 63.2436 36.9901 6.79593
    endloop
  endfacet
  facet normal -1 -0 0
    outer loop
      vertex 63.2436 36.9901 7.20407
      vertex 63.2436 20.4891 6.79593
      vertex 63.2436 20.4891 7.20407
    endloop
  endfacet
  facet normal -1 0 0
    outer loop
      vertex 63.2436 8.00987 6.79593
      vertex 63.2436 9.51085 7.20407
      vertex 63.2436 9.51085 6.79593
    endloop
  endfacet
  facet normal -1 -0 0
    outer loop
      vertex 63.2436 9.51085 7.20407
      vertex 63.2436 8.00987 6.79593
      vertex 63.2436 8.00987 7.20407
    endloop
  endfacet
  facet normal -0.876333 0 0.481706
    outer loop
      vertex 62.7441 36.9901 5.25856
      vertex 62.9407 20.3119 5.61622
      vertex 62.9407 36.9901 5.61622
    endloop
  endfacet
  facet normal -0.876328 2.53162e-07 0.481715
    outer loop
      vertex 62.7441 36.9901 5.25856
      vertex 62.7671 20.2308 5.30041
      vertex 62.9407 20.3119 5.61622
    endloop
  endfacet
  facet normal -0.876371 0 0.481637
    outer loop
      vertex 62.7671 20.2308 5.30041
      vertex 62.7441 36.9901 5.25856
      vertex 62.7441 20.2142 5.25856
    endloop
  endfacet
  facet normal -0.876371 0 0.481637
    outer loop
      vertex 62.7441 8.00987 5.25856
      vertex 62.7671 9.76919 5.30041
      vertex 62.7441 9.78576 5.25856
    endloop
  endfacet
  facet normal -0.876328 -2.39852e-06 0.481715
    outer loop
      vertex 62.7441 8.00987 5.25856
      vertex 62.9407 9.6881 5.61622
      vertex 62.7671 9.76919 5.30041
    endloop
  endfacet
  facet normal -0.876333 0 0.481706
    outer loop
      vertex 62.9407 9.6881 5.61622
      vertex 62.7441 8.00987 5.25856
      vertex 62.9407 8.00987 5.61622
    endloop
  endfacet
  facet normal -0.929812 0 0.368034
    outer loop
      vertex 62.9407 36.9901 5.61622
      vertex 63.0909 20.4059 5.99569
      vertex 63.0909 36.9901 5.99569
    endloop
  endfacet
  facet normal -0.929885 -4.82752e-06 0.367851
    outer loop
      vertex 62.9407 36.9901 5.61622
      vertex 63.0805 20.4026 5.9694
      vertex 63.0909 20.4059 5.99569
    endloop
  endfacet
  facet normal -0.929807 0 0.368048
    outer loop
      vertex 63.0805 20.4026 5.9694
      vertex 62.9407 36.9901 5.61622
      vertex 62.9407 20.3119 5.61622
    endloop
  endfacet
  facet normal -0.929807 0 0.368048
    outer loop
      vertex 62.9407 8.00987 5.61622
      vertex 63.0805 9.59742 5.9694
      vertex 62.9407 9.6881 5.61622
    endloop
  endfacet
  facet normal -0.929812 3.50361e-06 0.368034
    outer loop
      vertex 63.0909 8.00987 5.99569
      vertex 63.0805 9.59742 5.9694
      vertex 62.9407 8.00987 5.61622
    endloop
  endfacet
  facet normal -0.929885 0 0.367851
    outer loop
      vertex 63.0805 9.59742 5.9694
      vertex 63.0909 8.00987 5.99569
      vertex 63.0909 9.5941 5.99569
    endloop
  endfacet
  facet normal -0.535845 -0 -0.844317
    outer loop
      vertex 61.5657 36.9901 9.848
      vertex 61.9103 19.8185 9.6293
      vertex 61.5657 19.6983 9.848
    endloop
  endfacet
  facet normal -0.535845 0 -0.844317
    outer loop
      vertex 61.9103 19.8185 9.6293
      vertex 61.5657 36.9901 9.848
      vertex 61.9103 36.9901 9.6293
    endloop
  endfacet
  facet normal -0.535845 0 -0.844317
    outer loop
      vertex 61.5657 8.00987 9.848
      vertex 61.9103 10.1815 9.6293
      vertex 61.9103 8.00987 9.6293
    endloop
  endfacet
  facet normal -0.535845 0 -0.844317
    outer loop
      vertex 61.9103 10.1815 9.6293
      vertex 61.5657 8.00987 9.848
      vertex 61.5657 10.3017 9.848
    endloop
  endfacet
  facet normal -0.187439 -0 -0.982276
    outer loop
      vertex 60.4073 36.9901 10.2244
      vertex 60.8082 19.4979 10.1479
      vertex 60.4073 19.4423 10.2244
    endloop
  endfacet
  facet normal -0.187439 0 -0.982276
    outer loop
      vertex 60.8082 19.4979 10.1479
      vertex 60.4073 36.9901 10.2244
      vertex 60.8082 36.9901 10.1479
    endloop
  endfacet
  facet normal -0.187439 0 -0.982276
    outer loop
      vertex 60.4073 8.00987 10.2244
      vertex 60.8082 10.5021 10.1479
      vertex 60.8082 8.00987 10.1479
    endloop
  endfacet
  facet normal -0.187439 0 -0.982276
    outer loop
      vertex 60.8082 10.5021 10.1479
      vertex 60.4073 8.00987 10.2244
      vertex 60.4073 10.5577 10.2244
    endloop
  endfacet
  facet normal -0.809014 0 -0.58779
    outer loop
      vertex 62.7441 20.2142 8.74144
      vertex 62.5042 36.9901 9.07163
      vertex 62.7441 36.9901 8.74144
    endloop
  endfacet
  facet normal -0.809014 -0 -0.58779
    outer loop
      vertex 62.5042 36.9901 9.07163
      vertex 62.7441 20.2142 8.74144
      vertex 62.5042 20.0835 9.07163
    endloop
  endfacet
  facet normal -0.809014 0 -0.58779
    outer loop
      vertex 62.5042 8.00987 9.07163
      vertex 62.7441 9.78576 8.74144
      vertex 62.7441 8.00987 8.74144
    endloop
  endfacet
  facet normal -0.809014 0 -0.58779
    outer loop
      vertex 62.7441 9.78576 8.74144
      vertex 62.5042 8.00987 9.07163
      vertex 62.5042 9.91649 9.07163
    endloop
  endfacet
  facet normal -0.968582 0 -0.248694
    outer loop
      vertex 63.1924 20.4558 7.60899
      vertex 63.0909 36.9901 8.0043
      vertex 63.1924 36.9901 7.60899
    endloop
  endfacet
  facet normal -0.968582 -0 -0.248694
    outer loop
      vertex 63.0909 36.9901 8.0043
      vertex 63.1924 20.4558 7.60899
      vertex 63.0909 20.4059 8.0043
    endloop
  endfacet
  facet normal -0.968582 0 -0.248694
    outer loop
      vertex 63.0909 8.00987 8.0043
      vertex 63.1924 9.54416 7.60899
      vertex 63.1924 8.00987 7.60899
    endloop
  endfacet
  facet normal -0.968582 0 -0.248694
    outer loop
      vertex 63.1924 9.54416 7.60899
      vertex 63.0909 8.00987 8.0043
      vertex 63.0909 9.5941 8.0043
    endloop
  endfacet
  facet normal 0.535827 -0 0.844328
    outer loop
      vertex 58.0897 19.8185 4.37069
      vertex 58.4343 36.9901 4.152
      vertex 58.0897 36.9901 4.37069
    endloop
  endfacet
  facet normal 0.535827 0 0.844328
    outer loop
      vertex 58.4343 36.9901 4.152
      vertex 58.0897 19.8185 4.37069
      vertex 58.4343 19.6983 4.152
    endloop
  endfacet
  facet normal 0.535827 0 0.844328
    outer loop
      vertex 58.0897 10.1815 4.37069
      vertex 58.4343 8.00987 4.152
      vertex 58.4343 10.3017 4.152
    endloop
  endfacet
  facet normal 0.535827 0 0.844328
    outer loop
      vertex 58.4343 8.00987 4.152
      vertex 58.0897 10.1815 4.37069
      vertex 58.0897 8.00987 4.37069
    endloop
  endfacet
  facet normal 0.187368 -0 0.98229
    outer loop
      vertex 59.1918 19.4979 3.8521
      vertex 59.5927 36.9901 3.77563
      vertex 59.1918 36.9901 3.8521
    endloop
  endfacet
  facet normal 0.187368 0 0.98229
    outer loop
      vertex 59.5927 36.9901 3.77563
      vertex 59.1918 19.4979 3.8521
      vertex 59.5927 19.4423 3.77563
    endloop
  endfacet
  facet normal 0.187368 0 0.98229
    outer loop
      vertex 59.1918 10.5021 3.8521
      vertex 59.5927 8.00987 3.77563
      vertex 59.5927 10.5577 3.77563
    endloop
  endfacet
  facet normal 0.187368 0 0.98229
    outer loop
      vertex 59.5927 8.00987 3.77563
      vertex 59.1918 10.5021 3.8521
      vertex 59.1918 8.00987 3.8521
    endloop
  endfacet
  facet normal 0.0628024 -0 0.998026
    outer loop
      vertex 59.5927 19.4423 3.77563
      vertex 60 36.9901 3.75
      vertex 59.5927 36.9901 3.77563
    endloop
  endfacet
  facet normal 0.0628024 0 0.998026
    outer loop
      vertex 60 36.9901 3.75
      vertex 59.5927 19.4423 3.77563
      vertex 60 19.4237 3.75
    endloop
  endfacet
  facet normal 0.0628024 0 0.998026
    outer loop
      vertex 59.5927 10.5577 3.77563
      vertex 60 8.00987 3.75
      vertex 60 10.5763 3.75
    endloop
  endfacet
  facet normal 0.0628024 0 0.998026
    outer loop
      vertex 60 8.00987 3.75
      vertex 59.5927 10.5577 3.77563
      vertex 59.5927 8.00987 3.77563
    endloop
  endfacet
  facet normal 0.929816 0 -0.368026
    outer loop
      vertex 57.0593 36.9901 8.38378
      vertex 56.9091 20.4059 8.0043
      vertex 56.9091 36.9901 8.0043
    endloop
  endfacet
  facet normal 0.929932 -7.79804e-06 -0.367731
    outer loop
      vertex 57.0593 36.9901 8.38378
      vertex 56.9195 20.4026 8.0306
      vertex 56.9091 20.4059 8.0043
    endloop
  endfacet
  facet normal 0.929807 0 -0.368048
    outer loop
      vertex 56.9195 20.4026 8.0306
      vertex 57.0593 36.9901 8.38378
      vertex 57.0593 20.3119 8.38378
    endloop
  endfacet
  facet normal 0.929807 0 -0.368048
    outer loop
      vertex 57.0593 8.00987 8.38378
      vertex 56.9195 9.59742 8.0306
      vertex 57.0593 9.6881 8.38378
    endloop
  endfacet
  facet normal 0.929816 5.66122e-06 -0.368026
    outer loop
      vertex 56.9091 8.00987 8.0043
      vertex 56.9195 9.59742 8.0306
      vertex 57.0593 8.00987 8.38378
    endloop
  endfacet
  facet normal 0.929933 0 -0.36773
    outer loop
      vertex 56.9195 9.59742 8.0306
      vertex 56.9091 8.00987 8.0043
      vertex 56.9091 9.5941 8.0043
    endloop
  endfacet
  facet normal 0.637385 0 -0.770546
    outer loop
      vertex 57.7752 19.9615 9.36915
      vertex 58.0897 36.9901 9.6293
      vertex 58.0897 19.8185 9.6293
    endloop
  endfacet
  facet normal 0.637385 0 -0.770546
    outer loop
      vertex 58.0897 36.9901 9.6293
      vertex 57.7752 19.9615 9.36915
      vertex 57.7752 36.9901 9.36915
    endloop
  endfacet
  facet normal 0.637385 0 -0.770546
    outer loop
      vertex 57.7752 10.0385 9.36915
      vertex 58.0897 8.00987 9.6293
      vertex 57.7752 8.00987 9.36915
    endloop
  endfacet
  facet normal 0.637385 0 -0.770546
    outer loop
      vertex 58.0897 8.00987 9.6293
      vertex 57.7752 10.0385 9.36915
      vertex 58.0897 10.1815 9.6293
    endloop
  endfacet
  facet normal 0.187439 0 -0.982276
    outer loop
      vertex 59.1918 19.4979 10.1479
      vertex 59.5927 36.9901 10.2244
      vertex 59.5927 19.4423 10.2244
    endloop
  endfacet
  facet normal 0.187439 0 -0.982276
    outer loop
      vertex 59.5927 36.9901 10.2244
      vertex 59.1918 19.4979 10.1479
      vertex 59.1918 36.9901 10.1479
    endloop
  endfacet
  facet normal 0.187439 0 -0.982276
    outer loop
      vertex 59.1918 10.5021 10.1479
      vertex 59.5927 8.00987 10.2244
      vertex 59.1918 8.00987 10.1479
    endloop
  endfacet
  facet normal 0.187439 0 -0.982276
    outer loop
      vertex 59.5927 8.00987 10.2244
      vertex 59.1918 10.5021 10.1479
      vertex 59.5927 10.5577 10.2244
    endloop
  endfacet
  facet normal 0.968584 0 0.248688
    outer loop
      vertex 56.9091 8.00987 5.99569
      vertex 56.8076 9.54416 6.39101
      vertex 56.8076 8.00987 6.39101
    endloop
  endfacet
  facet normal 0.968584 0 0.248688
    outer loop
      vertex 56.8076 9.54416 6.39101
      vertex 56.9091 8.00987 5.99569
      vertex 56.9091 9.5941 5.99569
    endloop
  endfacet
  facet normal 0.968584 -0 0.248688
    outer loop
      vertex 56.8076 20.4558 6.39101
      vertex 56.9091 36.9901 5.99569
      vertex 56.8076 36.9901 6.39101
    endloop
  endfacet
  facet normal 0.968584 0 0.248688
    outer loop
      vertex 56.9091 36.9901 5.99569
      vertex 56.8076 20.4558 6.39101
      vertex 56.9091 20.4059 5.99569
    endloop
  endfacet
  facet normal 0.876333 -0 0.481706
    outer loop
      vertex 57.0593 20.3119 5.61622
      vertex 57.2559 36.9901 5.25856
      vertex 57.0593 36.9901 5.61622
    endloop
  endfacet
  facet normal 0.876328 2.53162e-07 0.481715
    outer loop
      vertex 57.2329 20.2308 5.30041
      vertex 57.2559 36.9901 5.25856
      vertex 57.0593 20.3119 5.61622
    endloop
  endfacet
  facet normal 0.876371 0 0.481637
    outer loop
      vertex 57.2559 36.9901 5.25856
      vertex 57.2329 20.2308 5.30041
      vertex 57.2559 20.2142 5.25856
    endloop
  endfacet
  facet normal 0.876333 0 0.481706
    outer loop
      vertex 57.2559 8.00987 5.25856
      vertex 57.0593 9.6881 5.61622
      vertex 57.0593 8.00987 5.61622
    endloop
  endfacet
  facet normal 0.876328 -2.39852e-06 0.481715
    outer loop
      vertex 57.0593 9.6881 5.61622
      vertex 57.2559 8.00987 5.25856
      vertex 57.2329 9.76919 5.30041
    endloop
  endfacet
  facet normal 0.876371 0 0.481637
    outer loop
      vertex 57.2329 9.76919 5.30041
      vertex 57.2559 8.00987 5.25856
      vertex 57.2559 9.78576 5.25856
    endloop
  endfacet
  facet normal 0.9921 2.15775e-06 -0.125446
    outer loop
      vertex 56.8076 36.9901 7.60899
      vertex 56.7743 20.4891 7.34535
      vertex 56.7564 36.9901 7.20407
    endloop
  endfacet
  facet normal 0.992117 0 -0.125313
    outer loop
      vertex 56.7743 20.4891 7.34535
      vertex 56.8076 36.9901 7.60899
      vertex 56.8076 20.4558 7.60899
    endloop
  endfacet
  facet normal 0.992069 0 -0.125694
    outer loop
      vertex 56.7564 36.9901 7.20407
      vertex 56.7743 20.4891 7.34535
      vertex 56.7564 20.4891 7.20407
    endloop
  endfacet
  facet normal 0.992117 0 -0.125313
    outer loop
      vertex 56.8076 8.00987 7.60899
      vertex 56.7743 9.51085 7.34535
      vertex 56.8076 9.54416 7.60899
    endloop
  endfacet
  facet normal 0.9921 -2.37212e-05 -0.125446
    outer loop
      vertex 56.7564 8.00987 7.20407
      vertex 56.7743 9.51085 7.34535
      vertex 56.8076 8.00987 7.60899
    endloop
  endfacet
  facet normal 0.992069 0 -0.125694
    outer loop
      vertex 56.7743 9.51085 7.34535
      vertex 56.7564 8.00987 7.20407
      vertex 56.7564 9.51085 7.20407
    endloop
  endfacet
  facet normal 0.535845 0 -0.844317
    outer loop
      vertex 58.0897 19.8185 9.6293
      vertex 58.4343 36.9901 9.848
      vertex 58.4343 19.6983 9.848
    endloop
  endfacet
  facet normal 0.535845 0 -0.844317
    outer loop
      vertex 58.4343 36.9901 9.848
      vertex 58.0897 19.8185 9.6293
      vertex 58.0897 36.9901 9.6293
    endloop
  endfacet
  facet normal 0.535845 0 -0.844317
    outer loop
      vertex 58.0897 10.1815 9.6293
      vertex 58.4343 8.00987 9.848
      vertex 58.0897 8.00987 9.6293
    endloop
  endfacet
  facet normal 0.535845 0 -0.844317
    outer loop
      vertex 58.4343 8.00987 9.848
      vertex 58.0897 10.1815 9.6293
      vertex 58.4343 10.3017 9.848
    endloop
  endfacet
  facet normal 0.425893 0 -0.904774
    outer loop
      vertex 58.6448 19.6438 9.94705
      vertex 58.8036 36.9901 10.0218
      vertex 58.8036 19.5895 10.0218
    endloop
  endfacet
  facet normal 0.425766 1.4178e-06 -0.904833
    outer loop
      vertex 58.4343 19.6983 9.848
      vertex 58.8036 36.9901 10.0218
      vertex 58.6448 19.6438 9.94705
    endloop
  endfacet
  facet normal 0.425821 0 -0.904808
    outer loop
      vertex 58.8036 36.9901 10.0218
      vertex 58.4343 19.6983 9.848
      vertex 58.4343 36.9901 9.848
    endloop
  endfacet
  facet normal 0.425893 0 -0.904774
    outer loop
      vertex 58.8036 8.00987 10.0218
      vertex 58.6448 10.3562 9.94705
      vertex 58.8036 10.4105 10.0218
    endloop
  endfacet
  facet normal 0.425821 0 -0.904808
    outer loop
      vertex 58.4343 10.3017 9.848
      vertex 58.8036 8.00987 10.0218
      vertex 58.4343 8.00987 9.848
    endloop
  endfacet
  facet normal 0.425768 -1.03256e-05 -0.904832
    outer loop
      vertex 58.8036 8.00987 10.0218
      vertex 58.4343 10.3017 9.848
      vertex 58.6448 10.3562 9.94705
    endloop
  endfacet
  facet normal 0.0627292 0 -0.998031
    outer loop
      vertex 59.5927 19.4423 10.2244
      vertex 60 36.9901 10.25
      vertex 60 19.4237 10.25
    endloop
  endfacet
  facet normal 0.0627292 0 -0.998031
    outer loop
      vertex 60 36.9901 10.25
      vertex 59.5927 19.4423 10.2244
      vertex 59.5927 36.9901 10.2244
    endloop
  endfacet
  facet normal 0.0627292 0 -0.998031
    outer loop
      vertex 59.5927 10.5577 10.2244
      vertex 60 8.00987 10.25
      vertex 59.5927 8.00987 10.2244
    endloop
  endfacet
  facet normal 0.0627292 0 -0.998031
    outer loop
      vertex 60 8.00987 10.25
      vertex 59.5927 10.5577 10.2244
      vertex 60 10.5763 10.25
    endloop
  endfacet
  facet normal 0.728956 0 0.68456
    outer loop
      vertex 57.7752 8.00987 4.63085
      vertex 57.4958 9.91649 4.92837
      vertex 57.4958 8.00987 4.92837
    endloop
  endfacet
  facet normal 0.728964 2.50572e-06 0.684552
    outer loop
      vertex 57.4958 9.91649 4.92837
      vertex 57.7752 8.00987 4.63085
      vertex 57.7495 10.0235 4.65821
    endloop
  endfacet
  facet normal 0.728872 0 0.68465
    outer loop
      vertex 57.7495 10.0235 4.65821
      vertex 57.7752 8.00987 4.63085
      vertex 57.7752 10.0385 4.63085
    endloop
  endfacet
  facet normal 0.728956 -0 0.68456
    outer loop
      vertex 57.4958 20.0835 4.92837
      vertex 57.7752 36.9901 4.63085
      vertex 57.4958 36.9901 4.92837
    endloop
  endfacet
  facet normal 0.728965 -2.97969e-07 0.684551
    outer loop
      vertex 57.7495 19.9765 4.65821
      vertex 57.7752 36.9901 4.63085
      vertex 57.4958 20.0835 4.92837
    endloop
  endfacet
  facet normal 0.728872 0 0.68465
    outer loop
      vertex 57.7752 36.9901 4.63085
      vertex 57.7495 19.9765 4.65821
      vertex 57.7752 19.9615 4.63085
    endloop
  endfacet
  facet normal 0.637399 -0 0.770534
    outer loop
      vertex 57.7752 19.9615 4.63085
      vertex 58.0897 36.9901 4.37069
      vertex 57.7752 36.9901 4.63085
    endloop
  endfacet
  facet normal 0.637399 0 0.770534
    outer loop
      vertex 58.0897 36.9901 4.37069
      vertex 57.7752 19.9615 4.63085
      vertex 58.0897 19.8185 4.37069
    endloop
  endfacet
  facet normal 0.637399 0 0.770534
    outer loop
      vertex 57.7752 10.0385 4.63085
      vertex 58.0897 8.00987 4.37069
      vertex 58.0897 10.1815 4.37069
    endloop
  endfacet
  facet normal 0.637399 0 0.770534
    outer loop
      vertex 58.0897 8.00987 4.37069
      vertex 57.7752 10.0385 4.63085
      vertex 57.7752 8.00987 4.63085
    endloop
  endfacet
  facet normal 0.929812 -0 0.368034
    outer loop
      vertex 56.9091 20.4059 5.99569
      vertex 57.0593 36.9901 5.61622
      vertex 56.9091 36.9901 5.99569
    endloop
  endfacet
  facet normal 0.929885 -4.82752e-06 0.367851
    outer loop
      vertex 56.9195 20.4026 5.9694
      vertex 57.0593 36.9901 5.61622
      vertex 56.9091 20.4059 5.99569
    endloop
  endfacet
  facet normal 0.929807 0 0.368048
    outer loop
      vertex 57.0593 36.9901 5.61622
      vertex 56.9195 20.4026 5.9694
      vertex 57.0593 20.3119 5.61622
    endloop
  endfacet
  facet normal 0.929885 -0 0.367851
    outer loop
      vertex 56.9091 8.00987 5.99569
      vertex 56.9195 9.59742 5.9694
      vertex 56.9091 9.5941 5.99569
    endloop
  endfacet
  facet normal 0.929812 3.50361e-06 0.368034
    outer loop
      vertex 57.0593 8.00987 5.61622
      vertex 56.9195 9.59742 5.9694
      vertex 56.9091 8.00987 5.99569
    endloop
  endfacet
  facet normal 0.929807 0 0.368048
    outer loop
      vertex 56.9195 9.59742 5.9694
      vertex 57.0593 8.00987 5.61622
      vertex 57.0593 9.6881 5.61622
    endloop
  endfacet
  facet normal 0.809014 0 -0.58779
    outer loop
      vertex 57.4958 36.9901 9.07163
      vertex 57.2559 20.2142 8.74144
      vertex 57.2559 36.9901 8.74144
    endloop
  endfacet
  facet normal 0.809014 0 -0.58779
    outer loop
      vertex 57.2559 20.2142 8.74144
      vertex 57.4958 36.9901 9.07163
      vertex 57.4958 20.0835 9.07163
    endloop
  endfacet
  facet normal 0.809014 0 -0.58779
    outer loop
      vertex 57.4958 8.00987 9.07163
      vertex 57.2559 9.78576 8.74144
      vertex 57.4958 9.91649 9.07163
    endloop
  endfacet
  facet normal 0.809014 0 -0.58779
    outer loop
      vertex 57.2559 9.78576 8.74144
      vertex 57.4958 8.00987 9.07163
      vertex 57.2559 8.00987 8.74144
    endloop
  endfacet
  facet normal 0.968582 0 -0.248694
    outer loop
      vertex 56.9091 36.9901 8.0043
      vertex 56.8076 20.4558 7.60899
      vertex 56.8076 36.9901 7.60899
    endloop
  endfacet
  facet normal 0.968582 0 -0.248694
    outer loop
      vertex 56.8076 20.4558 7.60899
      vertex 56.9091 36.9901 8.0043
      vertex 56.9091 20.4059 8.0043
    endloop
  endfacet
  facet normal 0.968582 0 -0.248694
    outer loop
      vertex 56.9091 8.00987 8.0043
      vertex 56.8076 9.54416 7.60899
      vertex 56.9091 9.5941 8.0043
    endloop
  endfacet
  facet normal 0.968582 0 -0.248694
    outer loop
      vertex 56.8076 9.54416 7.60899
      vertex 56.9091 8.00987 8.0043
      vertex 56.8076 8.00987 7.60899
    endloop
  endfacet
  facet normal 0.876333 0 -0.481706
    outer loop
      vertex 57.2559 36.9901 8.74144
      vertex 57.0593 20.3119 8.38378
      vertex 57.0593 36.9901 8.38378
    endloop
  endfacet
  facet normal 0.876328 2.53162e-07 -0.481715
    outer loop
      vertex 57.2559 36.9901 8.74144
      vertex 57.2329 20.2308 8.69959
      vertex 57.0593 20.3119 8.38378
    endloop
  endfacet
  facet normal 0.876371 0 -0.481637
    outer loop
      vertex 57.2329 20.2308 8.69959
      vertex 57.2559 36.9901 8.74144
      vertex 57.2559 20.2142 8.74144
    endloop
  endfacet
  facet normal 0.876371 0 -0.481637
    outer loop
      vertex 57.2559 8.00987 8.74144
      vertex 57.2329 9.76919 8.69959
      vertex 57.2559 9.78576 8.74144
    endloop
  endfacet
  facet normal 0.876328 -2.39852e-06 -0.481715
    outer loop
      vertex 57.2559 8.00987 8.74144
      vertex 57.0593 9.6881 8.38378
      vertex 57.2329 9.76919 8.69959
    endloop
  endfacet
  facet normal 0.876333 0 -0.481706
    outer loop
      vertex 57.0593 9.6881 8.38378
      vertex 57.2559 8.00987 8.74144
      vertex 57.0593 8.00987 8.38378
    endloop
  endfacet
  facet normal -0.0628024 0 0.998026
    outer loop
      vertex 45 36.9901 3.75
      vertex 45.4073 19.4423 3.77563
      vertex 45.4073 36.9901 3.77563
    endloop
  endfacet
  facet normal -0.0628024 0 0.998026
    outer loop
      vertex 45.4073 19.4423 3.77563
      vertex 45 36.9901 3.75
      vertex 45 19.4237 3.75
    endloop
  endfacet
  facet normal -0.0628024 0 0.998026
    outer loop
      vertex 45 8.00987 3.75
      vertex 45.4073 10.5577 3.77563
      vertex 45 10.5763 3.75
    endloop
  endfacet
  facet normal -0.0628024 0 0.998026
    outer loop
      vertex 45.4073 10.5577 3.77563
      vertex 45 8.00987 3.75
      vertex 45.4073 8.00987 3.77563
    endloop
  endfacet
  facet normal -0.187368 0 0.98229
    outer loop
      vertex 45.4073 36.9901 3.77563
      vertex 45.8082 19.4979 3.8521
      vertex 45.8082 36.9901 3.8521
    endloop
  endfacet
  facet normal -0.187368 0 0.98229
    outer loop
      vertex 45.8082 19.4979 3.8521
      vertex 45.4073 36.9901 3.77563
      vertex 45.4073 19.4423 3.77563
    endloop
  endfacet
  facet normal -0.187368 0 0.98229
    outer loop
      vertex 45.4073 8.00987 3.77563
      vertex 45.8082 10.5021 3.8521
      vertex 45.4073 10.5577 3.77563
    endloop
  endfacet
  facet normal -0.187368 0 0.98229
    outer loop
      vertex 45.8082 10.5021 3.8521
      vertex 45.4073 8.00987 3.77563
      vertex 45.8082 8.00987 3.8521
    endloop
  endfacet
  facet normal -0.0627292 -0 -0.998031
    outer loop
      vertex 45 36.9901 10.25
      vertex 45.4073 19.4423 10.2244
      vertex 45 19.4237 10.25
    endloop
  endfacet
  facet normal -0.0627292 0 -0.998031
    outer loop
      vertex 45.4073 19.4423 10.2244
      vertex 45 36.9901 10.25
      vertex 45.4073 36.9901 10.2244
    endloop
  endfacet
  facet normal -0.0627292 0 -0.998031
    outer loop
      vertex 45 8.00987 10.25
      vertex 45.4073 10.5577 10.2244
      vertex 45.4073 8.00987 10.2244
    endloop
  endfacet
  facet normal -0.0627292 0 -0.998031
    outer loop
      vertex 45.4073 10.5577 10.2244
      vertex 45 8.00987 10.25
      vertex 45 10.5763 10.25
    endloop
  endfacet
  facet normal -0.728956 0 -0.68456
    outer loop
      vertex 47.5042 20.0835 9.07163
      vertex 47.2248 36.9901 9.36915
      vertex 47.5042 36.9901 9.07163
    endloop
  endfacet
  facet normal -0.728965 -2.97969e-07 -0.684551
    outer loop
      vertex 47.2505 19.9765 9.34179
      vertex 47.2248 36.9901 9.36915
      vertex 47.5042 20.0835 9.07163
    endloop
  endfacet
  facet normal -0.728872 -0 -0.68465
    outer loop
      vertex 47.2248 36.9901 9.36915
      vertex 47.2505 19.9765 9.34179
      vertex 47.2248 19.9615 9.36915
    endloop
  endfacet
  facet normal -0.728956 0 -0.68456
    outer loop
      vertex 47.2248 8.00987 9.36915
      vertex 47.5042 9.91649 9.07163
      vertex 47.5042 8.00987 9.07163
    endloop
  endfacet
  facet normal -0.728964 2.50572e-06 -0.684552
    outer loop
      vertex 47.5042 9.91649 9.07163
      vertex 47.2248 8.00987 9.36915
      vertex 47.2505 10.0235 9.34179
    endloop
  endfacet
  facet normal -0.728872 0 -0.68465
    outer loop
      vertex 47.2505 10.0235 9.34179
      vertex 47.2248 8.00987 9.36915
      vertex 47.2248 10.0385 9.36915
    endloop
  endfacet
  facet normal -0.929816 0 -0.368026
    outer loop
      vertex 48.0909 20.4059 8.0043
      vertex 47.9407 36.9901 8.38378
      vertex 48.0909 36.9901 8.0043
    endloop
  endfacet
  facet normal -0.929932 -7.79804e-06 -0.367731
    outer loop
      vertex 48.0805 20.4026 8.0306
      vertex 47.9407 36.9901 8.38378
      vertex 48.0909 20.4059 8.0043
    endloop
  endfacet
  facet normal -0.929807 -0 -0.368048
    outer loop
      vertex 47.9407 36.9901 8.38378
      vertex 48.0805 20.4026 8.0306
      vertex 47.9407 20.3119 8.38378
    endloop
  endfacet
  facet normal -0.929933 0 -0.36773
    outer loop
      vertex 48.0909 8.00987 8.0043
      vertex 48.0805 9.59742 8.0306
      vertex 48.0909 9.5941 8.0043
    endloop
  endfacet
  facet normal -0.929816 5.66122e-06 -0.368026
    outer loop
      vertex 47.9407 8.00987 8.38378
      vertex 48.0805 9.59742 8.0306
      vertex 48.0909 8.00987 8.0043
    endloop
  endfacet
  facet normal -0.929807 0 -0.368048
    outer loop
      vertex 48.0805 9.59742 8.0306
      vertex 47.9407 8.00987 8.38378
      vertex 47.9407 9.6881 8.38378
    endloop
  endfacet
  facet normal -0.809014 0 0.58779
    outer loop
      vertex 47.5042 36.9901 4.92837
      vertex 47.7441 20.2142 5.25856
      vertex 47.7441 36.9901 5.25856
    endloop
  endfacet
  facet normal -0.809014 0 0.58779
    outer loop
      vertex 47.7441 20.2142 5.25856
      vertex 47.5042 36.9901 4.92837
      vertex 47.5042 20.0835 4.92837
    endloop
  endfacet
  facet normal -0.809014 0 0.58779
    outer loop
      vertex 47.5042 8.00987 4.92837
      vertex 47.7441 9.78576 5.25856
      vertex 47.5042 9.91649 4.92837
    endloop
  endfacet
  facet normal -0.809014 0 0.58779
    outer loop
      vertex 47.7441 9.78576 5.25856
      vertex 47.5042 8.00987 4.92837
      vertex 47.7441 8.00987 5.25856
    endloop
  endfacet
  facet normal -0.425766 1.4178e-06 -0.904833
    outer loop
      vertex 46.1964 36.9901 10.0218
      vertex 46.5657 19.6983 9.848
      vertex 46.3552 19.6438 9.94705
    endloop
  endfacet
  facet normal -0.425893 -0 -0.904774
    outer loop
      vertex 46.1964 36.9901 10.0218
      vertex 46.3552 19.6438 9.94705
      vertex 46.1964 19.5895 10.0218
    endloop
  endfacet
  facet normal -0.425821 0 -0.904808
    outer loop
      vertex 46.5657 19.6983 9.848
      vertex 46.1964 36.9901 10.0218
      vertex 46.5657 36.9901 9.848
    endloop
  endfacet
  facet normal -0.425821 0 -0.904808
    outer loop
      vertex 46.1964 8.00987 10.0218
      vertex 46.5657 10.3017 9.848
      vertex 46.5657 8.00987 9.848
    endloop
  endfacet
  facet normal -0.425768 -1.03256e-05 -0.904832
    outer loop
      vertex 46.5657 10.3017 9.848
      vertex 46.1964 8.00987 10.0218
      vertex 46.3552 10.3562 9.94705
    endloop
  endfacet
  facet normal -0.425893 0 -0.904774
    outer loop
      vertex 46.3552 10.3562 9.94705
      vertex 46.1964 8.00987 10.0218
      vertex 46.1964 10.4105 10.0218
    endloop
  endfacet
  facet normal -0.637385 -0 -0.770546
    outer loop
      vertex 46.9103 36.9901 9.6293
      vertex 47.2248 19.9615 9.36915
      vertex 46.9103 19.8185 9.6293
    endloop
  endfacet
  facet normal -0.637385 0 -0.770546
    outer loop
      vertex 47.2248 19.9615 9.36915
      vertex 46.9103 36.9901 9.6293
      vertex 47.2248 36.9901 9.36915
    endloop
  endfacet
  facet normal -0.637385 0 -0.770546
    outer loop
      vertex 46.9103 8.00987 9.6293
      vertex 47.2248 10.0385 9.36915
      vertex 47.2248 8.00987 9.36915
    endloop
  endfacet
  facet normal -0.637385 0 -0.770546
    outer loop
      vertex 47.2248 10.0385 9.36915
      vertex 46.9103 8.00987 9.6293
      vertex 46.9103 10.1815 9.6293
    endloop
  endfacet
  facet normal -0.992069 0 -0.125694
    outer loop
      vertex 48.2257 20.4891 7.34535
      vertex 48.2436 36.9901 7.20407
      vertex 48.2436 20.4891 7.20407
    endloop
  endfacet
  facet normal -0.9921 2.15775e-06 -0.125446
    outer loop
      vertex 48.2436 36.9901 7.20407
      vertex 48.2257 20.4891 7.34535
      vertex 48.1924 36.9901 7.60899
    endloop
  endfacet
  facet normal -0.992117 -0 -0.125313
    outer loop
      vertex 48.1924 36.9901 7.60899
      vertex 48.2257 20.4891 7.34535
      vertex 48.1924 20.4558 7.60899
    endloop
  endfacet
  facet normal -0.992069 -0 -0.125694
    outer loop
      vertex 48.2436 9.51085 7.20407
      vertex 48.2436 8.00987 7.20407
      vertex 48.2257 9.51085 7.34535
    endloop
  endfacet
  facet normal -0.9921 -2.37212e-05 -0.125446
    outer loop
      vertex 48.1924 8.00987 7.60899
      vertex 48.2257 9.51085 7.34535
      vertex 48.2436 8.00987 7.20407
    endloop
  endfacet
  facet normal -0.992117 0 -0.125313
    outer loop
      vertex 48.2257 9.51085 7.34535
      vertex 48.1924 8.00987 7.60899
      vertex 48.1924 9.54416 7.60899
    endloop
  endfacet
  facet normal 0.309009 -0 0.951059
    outer loop
      vertex 43.8036 19.5895 3.97823
      vertex 44.1918 36.9901 3.8521
      vertex 43.8036 36.9901 3.97823
    endloop
  endfacet
  facet normal 0.309009 0 0.951059
    outer loop
      vertex 44.1918 36.9901 3.8521
      vertex 43.8036 19.5895 3.97823
      vertex 44.1918 19.4979 3.8521
    endloop
  endfacet
  facet normal 0.309009 0 0.951059
    outer loop
      vertex 43.8036 10.4105 3.97823
      vertex 44.1918 8.00987 3.8521
      vertex 44.1918 10.5021 3.8521
    endloop
  endfacet
  facet normal 0.309009 0 0.951059
    outer loop
      vertex 44.1918 8.00987 3.8521
      vertex 43.8036 10.4105 3.97823
      vertex 43.8036 8.00987 3.97823
    endloop
  endfacet
  facet normal 0.992069 0 0.125694
    outer loop
      vertex 41.7743 20.4891 6.65465
      vertex 41.7564 36.9901 6.79593
      vertex 41.7564 20.4891 6.79593
    endloop
  endfacet
  facet normal 0.9921 2.15775e-06 0.125446
    outer loop
      vertex 41.7564 36.9901 6.79593
      vertex 41.7743 20.4891 6.65465
      vertex 41.8076 36.9901 6.39101
    endloop
  endfacet
  facet normal 0.992117 0 0.125313
    outer loop
      vertex 41.8076 36.9901 6.39101
      vertex 41.7743 20.4891 6.65465
      vertex 41.8076 20.4558 6.39101
    endloop
  endfacet
  facet normal 0.992069 0 0.125694
    outer loop
      vertex 41.7564 9.51085 6.79593
      vertex 41.7564 8.1673 6.79593
      vertex 41.7743 9.51085 6.65465
    endloop
  endfacet
  facet normal 0.9921 -2.64107e-05 0.125447
    outer loop
      vertex 41.8076 8.15417 6.39101
      vertex 41.7743 9.51085 6.65465
      vertex 41.7564 8.1673 6.79593
    endloop
  endfacet
  facet normal 0.992117 0 0.125313
    outer loop
      vertex 41.7743 9.51085 6.65465
      vertex 41.8076 8.15417 6.39101
      vertex 41.8076 9.54416 6.39101
    endloop
  endfacet
  facet normal -0.42576 0 0.904836
    outer loop
      vertex 46.1964 36.9901 3.97823
      vertex 46.5657 19.6983 4.152
      vertex 46.5657 36.9901 4.152
    endloop
  endfacet
  facet normal -0.425766 -1.43387e-07 0.904833
    outer loop
      vertex 46.5657 19.6983 4.152
      vertex 46.1964 36.9901 3.97823
      vertex 46.3552 19.6438 4.05295
    endloop
  endfacet
  facet normal -0.425753 0 0.904839
    outer loop
      vertex 46.3552 19.6438 4.05295
      vertex 46.1964 36.9901 3.97823
      vertex 46.1964 19.5895 3.97823
    endloop
  endfacet
  facet normal -0.425766 1.04427e-06 0.904833
    outer loop
      vertex 46.1964 8.00987 3.97823
      vertex 46.5657 10.3017 4.152
      vertex 46.3552 10.3562 4.05295
    endloop
  endfacet
  facet normal -0.425753 0 0.904839
    outer loop
      vertex 46.1964 8.00987 3.97823
      vertex 46.3552 10.3562 4.05295
      vertex 46.1964 10.4105 3.97823
    endloop
  endfacet
  facet normal -0.42576 0 0.904836
    outer loop
      vertex 46.5657 10.3017 4.152
      vertex 46.1964 8.00987 3.97823
      vertex 46.5657 8.00987 4.152
    endloop
  endfacet
  facet normal -0.535827 0 0.844328
    outer loop
      vertex 46.5657 36.9901 4.152
      vertex 46.9103 19.8185 4.37069
      vertex 46.9103 36.9901 4.37069
    endloop
  endfacet
  facet normal -0.535827 0 0.844328
    outer loop
      vertex 46.9103 19.8185 4.37069
      vertex 46.5657 36.9901 4.152
      vertex 46.5657 19.6983 4.152
    endloop
  endfacet
  facet normal -0.535827 0 0.844328
    outer loop
      vertex 46.5657 8.00987 4.152
      vertex 46.9103 10.1815 4.37069
      vertex 46.5657 10.3017 4.152
    endloop
  endfacet
  facet normal -0.535827 0 0.844328
    outer loop
      vertex 46.9103 10.1815 4.37069
      vertex 46.5657 8.00987 4.152
      vertex 46.9103 8.00987 4.37069
    endloop
  endfacet
  facet normal -0.968584 0 0.248688
    outer loop
      vertex 48.0909 8.00987 5.99569
      vertex 48.1924 9.54416 6.39101
      vertex 48.0909 9.5941 5.99569
    endloop
  endfacet
  facet normal -0.968584 0 0.248688
    outer loop
      vertex 48.1924 9.54416 6.39101
      vertex 48.0909 8.00987 5.99569
      vertex 48.1924 8.00987 6.39101
    endloop
  endfacet
  facet normal -0.968584 0 0.248688
    outer loop
      vertex 48.0909 36.9901 5.99569
      vertex 48.1924 20.4558 6.39101
      vertex 48.1924 36.9901 6.39101
    endloop
  endfacet
  facet normal -0.968584 0 0.248688
    outer loop
      vertex 48.1924 20.4558 6.39101
      vertex 48.0909 36.9901 5.99569
      vertex 48.0909 20.4059 5.99569
    endloop
  endfacet
  facet normal -0.308942 0 -0.951081
    outer loop
      vertex 45.8082 8.00987 10.1479
      vertex 46.1964 10.4105 10.0218
      vertex 46.1964 8.00987 10.0218
    endloop
  endfacet
  facet normal -0.308942 0 -0.951081
    outer loop
      vertex 46.1964 10.4105 10.0218
      vertex 45.8082 8.00987 10.1479
      vertex 45.8082 10.5021 10.1479
    endloop
  endfacet
  facet normal -0.308942 -0 -0.951081
    outer loop
      vertex 45.8082 36.9901 10.1479
      vertex 46.1964 19.5895 10.0218
      vertex 45.8082 19.4979 10.1479
    endloop
  endfacet
  facet normal -0.308942 0 -0.951081
    outer loop
      vertex 46.1964 19.5895 10.0218
      vertex 45.8082 36.9901 10.1479
      vertex 46.1964 36.9901 10.0218
    endloop
  endfacet
  facet normal -0.876333 0 -0.481706
    outer loop
      vertex 47.9407 20.3119 8.38378
      vertex 47.7441 36.9901 8.74144
      vertex 47.9407 36.9901 8.38378
    endloop
  endfacet
  facet normal -0.876328 2.53162e-07 -0.481715
    outer loop
      vertex 47.7671 20.2308 8.69959
      vertex 47.7441 36.9901 8.74144
      vertex 47.9407 20.3119 8.38378
    endloop
  endfacet
  facet normal -0.876371 -0 -0.481637
    outer loop
      vertex 47.7441 36.9901 8.74144
      vertex 47.7671 20.2308 8.69959
      vertex 47.7441 20.2142 8.74144
    endloop
  endfacet
  facet normal -0.876333 0 -0.481706
    outer loop
      vertex 47.7441 8.00987 8.74144
      vertex 47.9407 9.6881 8.38378
      vertex 47.9407 8.00987 8.38378
    endloop
  endfacet
  facet normal -0.876328 -2.39852e-06 -0.481715
    outer loop
      vertex 47.9407 9.6881 8.38378
      vertex 47.7441 8.00987 8.74144
      vertex 47.7671 9.76919 8.69959
    endloop
  endfacet
  facet normal -0.876371 0 -0.481637
    outer loop
      vertex 47.7671 9.76919 8.69959
      vertex 47.7441 8.00987 8.74144
      vertex 47.7441 9.78576 8.74144
    endloop
  endfacet
  facet normal 0.809014 -0 0.58779
    outer loop
      vertex 42.2559 20.2142 5.25856
      vertex 42.4958 36.9901 4.92837
      vertex 42.2559 36.9901 5.25856
    endloop
  endfacet
  facet normal 0.809014 0 0.58779
    outer loop
      vertex 42.4958 36.9901 4.92837
      vertex 42.2559 20.2142 5.25856
      vertex 42.4958 20.0835 4.92837
    endloop
  endfacet
  facet normal 0.809014 0 0.58779
    outer loop
      vertex 42.4958 8.0339 4.92837
      vertex 42.2559 9.78576 5.25856
      vertex 42.2559 8.0642 5.25856
    endloop
  endfacet
  facet normal 0.809014 0 0.58779
    outer loop
      vertex 42.2559 9.78576 5.25856
      vertex 42.4958 8.0339 4.92837
      vertex 42.4958 9.91649 4.92837
    endloop
  endfacet
  facet normal 0.425753 0 0.904839
    outer loop
      vertex 43.8036 36.9901 3.97823
      vertex 43.6448 19.6438 4.05295
      vertex 43.8036 19.5895 3.97823
    endloop
  endfacet
  facet normal 0.42576 -0 0.904836
    outer loop
      vertex 43.4343 19.6983 4.152
      vertex 43.8036 36.9901 3.97823
      vertex 43.4343 36.9901 4.152
    endloop
  endfacet
  facet normal 0.425766 -1.43387e-07 0.904833
    outer loop
      vertex 43.8036 36.9901 3.97823
      vertex 43.4343 19.6983 4.152
      vertex 43.6448 19.6438 4.05295
    endloop
  endfacet
  facet normal 0.425753 0 0.904839
    outer loop
      vertex 43.6448 10.3562 4.05295
      vertex 43.8036 8.00987 3.97823
      vertex 43.8036 10.4105 3.97823
    endloop
  endfacet
  facet normal 0.425766 1.04427e-06 0.904833
    outer loop
      vertex 43.4343 10.3017 4.152
      vertex 43.8036 8.00987 3.97823
      vertex 43.6448 10.3562 4.05295
    endloop
  endfacet
  facet normal 0.42576 0 0.904836
    outer loop
      vertex 43.8036 8.00987 3.97823
      vertex 43.4343 10.3017 4.152
      vertex 43.4343 8.00987 4.152
    endloop
  endfacet
  facet normal 0.728956 0 -0.68456
    outer loop
      vertex 42.7752 36.9901 9.36915
      vertex 42.4958 20.0835 9.07163
      vertex 42.4958 36.9901 9.07163
    endloop
  endfacet
  facet normal 0.728965 -2.97969e-07 -0.684551
    outer loop
      vertex 42.7752 36.9901 9.36915
      vertex 42.7495 19.9765 9.34179
      vertex 42.4958 20.0835 9.07163
    endloop
  endfacet
  facet normal 0.728872 0 -0.68465
    outer loop
      vertex 42.7495 19.9765 9.34179
      vertex 42.7752 36.9901 9.36915
      vertex 42.7752 19.9615 9.36915
    endloop
  endfacet
  facet normal 0.728964 2.50572e-06 -0.684552
    outer loop
      vertex 42.7752 8.00987 9.36915
      vertex 42.4958 9.91649 9.07163
      vertex 42.7495 10.0235 9.34179
    endloop
  endfacet
  facet normal 0.728872 0 -0.68465
    outer loop
      vertex 42.7752 8.00987 9.36915
      vertex 42.7495 10.0235 9.34179
      vertex 42.7752 10.0385 9.36915
    endloop
  endfacet
  facet normal 0.728867 -2.8019e-05 -0.684656
    outer loop
      vertex 42.4958 9.91649 9.07163
      vertex 42.7752 8.00987 9.36915
      vertex 42.686 8.00987 9.27419
    endloop
  endfacet
  facet normal 0.728998 0 -0.684516
    outer loop
      vertex 42.4958 9.91649 9.07163
      vertex 42.686 8.00987 9.27419
      vertex 42.4958 8.0339 9.07163
    endloop
  endfacet
  facet normal 0.308942 0 -0.951081
    outer loop
      vertex 43.8036 10.4105 10.0218
      vertex 44.1918 8.00987 10.1479
      vertex 43.8036 8.00987 10.0218
    endloop
  endfacet
  facet normal 0.308942 0 -0.951081
    outer loop
      vertex 44.1918 8.00987 10.1479
      vertex 43.8036 10.4105 10.0218
      vertex 44.1918 10.5021 10.1479
    endloop
  endfacet
  facet normal 0.308942 0 -0.951081
    outer loop
      vertex 43.8036 19.5895 10.0218
      vertex 44.1918 36.9901 10.1479
      vertex 44.1918 19.4979 10.1479
    endloop
  endfacet
  facet normal 0.308942 0 -0.951081
    outer loop
      vertex 44.1918 36.9901 10.1479
      vertex 43.8036 19.5895 10.0218
      vertex 43.8036 36.9901 10.0218
    endloop
  endfacet
  facet normal 1 -0 0
    outer loop
      vertex 41.7564 20.4891 7.20407
      vertex 41.7564 36.9901 6.79593
      vertex 41.7564 36.9901 7.20407
    endloop
  endfacet
  facet normal 1 0 0
    outer loop
      vertex 41.7564 36.9901 6.79593
      vertex 41.7564 20.4891 7.20407
      vertex 41.7564 20.4891 6.79593
    endloop
  endfacet
  facet normal 1 -0 0
    outer loop
      vertex 41.7564 8.1673 7.20407
      vertex 41.7564 9.51085 6.79593
      vertex 41.7564 9.51085 7.20407
    endloop
  endfacet
  facet normal 1 0 0
    outer loop
      vertex 41.7564 9.51085 6.79593
      vertex 41.7564 8.1673 7.20407
      vertex 41.7564 8.1673 6.79593
    endloop
  endfacet
  facet normal -0.309009 0 0.951059
    outer loop
      vertex 45.8082 36.9901 3.8521
      vertex 46.1964 19.5895 3.97823
      vertex 46.1964 36.9901 3.97823
    endloop
  endfacet
  facet normal -0.309009 0 0.951059
    outer loop
      vertex 46.1964 19.5895 3.97823
      vertex 45.8082 36.9901 3.8521
      vertex 45.8082 19.4979 3.8521
    endloop
  endfacet
  facet normal -0.309009 0 0.951059
    outer loop
      vertex 45.8082 8.00987 3.8521
      vertex 46.1964 10.4105 3.97823
      vertex 45.8082 10.5021 3.8521
    endloop
  endfacet
  facet normal -0.309009 0 0.951059
    outer loop
      vertex 46.1964 10.4105 3.97823
      vertex 45.8082 8.00987 3.8521
      vertex 46.1964 8.00987 3.97823
    endloop
  endfacet
  facet normal -0.637399 0 0.770534
    outer loop
      vertex 46.9103 36.9901 4.37069
      vertex 47.2248 19.9615 4.63085
      vertex 47.2248 36.9901 4.63085
    endloop
  endfacet
  facet normal -0.637399 0 0.770534
    outer loop
      vertex 47.2248 19.9615 4.63085
      vertex 46.9103 36.9901 4.37069
      vertex 46.9103 19.8185 4.37069
    endloop
  endfacet
  facet normal -0.637399 0 0.770534
    outer loop
      vertex 46.9103 8.00987 4.37069
      vertex 47.2248 10.0385 4.63085
      vertex 46.9103 10.1815 4.37069
    endloop
  endfacet
  facet normal -0.637399 0 0.770534
    outer loop
      vertex 47.2248 10.0385 4.63085
      vertex 46.9103 8.00987 4.37069
      vertex 47.2248 8.00987 4.63085
    endloop
  endfacet
  facet normal -0.728872 0 0.68465
    outer loop
      vertex 47.2248 8.00987 4.63085
      vertex 47.2505 10.0235 4.65821
      vertex 47.2248 10.0385 4.63085
    endloop
  endfacet
  facet normal -0.728964 2.50572e-06 0.684552
    outer loop
      vertex 47.2248 8.00987 4.63085
      vertex 47.5042 9.91649 4.92837
      vertex 47.2505 10.0235 4.65821
    endloop
  endfacet
  facet normal -0.728956 0 0.68456
    outer loop
      vertex 47.5042 9.91649 4.92837
      vertex 47.2248 8.00987 4.63085
      vertex 47.5042 8.00987 4.92837
    endloop
  endfacet
  facet normal -0.728956 0 0.68456
    outer loop
      vertex 47.2248 36.9901 4.63085
      vertex 47.5042 20.0835 4.92837
      vertex 47.5042 36.9901 4.92837
    endloop
  endfacet
  facet normal -0.728965 -2.97969e-07 0.684551
    outer loop
      vertex 47.2248 36.9901 4.63085
      vertex 47.2505 19.9765 4.65821
      vertex 47.5042 20.0835 4.92837
    endloop
  endfacet
  facet normal -0.728872 0 0.68465
    outer loop
      vertex 47.2505 19.9765 4.65821
      vertex 47.2248 36.9901 4.63085
      vertex 47.2248 19.9615 4.63085
    endloop
  endfacet
  facet normal -0.9921 2.15775e-06 0.125446
    outer loop
      vertex 48.1924 36.9901 6.39101
      vertex 48.2257 20.4891 6.65465
      vertex 48.2436 36.9901 6.79593
    endloop
  endfacet
  facet normal -0.992117 0 0.125313
    outer loop
      vertex 48.2257 20.4891 6.65465
      vertex 48.1924 36.9901 6.39101
      vertex 48.1924 20.4558 6.39101
    endloop
  endfacet
  facet normal -0.992069 0 0.125694
    outer loop
      vertex 48.2436 36.9901 6.79593
      vertex 48.2257 20.4891 6.65465
      vertex 48.2436 20.4891 6.79593
    endloop
  endfacet
  facet normal -0.992117 0 0.125313
    outer loop
      vertex 48.1924 8.00987 6.39101
      vertex 48.2257 9.51085 6.65465
      vertex 48.1924 9.54416 6.39101
    endloop
  endfacet
  facet normal -0.9921 -2.37212e-05 0.125446
    outer loop
      vertex 48.2436 8.00987 6.79593
      vertex 48.2257 9.51085 6.65465
      vertex 48.1924 8.00987 6.39101
    endloop
  endfacet
  facet normal -0.992069 0 0.125694
    outer loop
      vertex 48.2257 9.51085 6.65465
      vertex 48.2436 8.00987 6.79593
      vertex 48.2436 9.51085 6.79593
    endloop
  endfacet
  facet normal -1 0 0
    outer loop
      vertex 48.2436 20.4891 6.79593
      vertex 48.2436 36.9901 7.20407
      vertex 48.2436 36.9901 6.79593
    endloop
  endfacet
  facet normal -1 -0 0
    outer loop
      vertex 48.2436 36.9901 7.20407
      vertex 48.2436 20.4891 6.79593
      vertex 48.2436 20.4891 7.20407
    endloop
  endfacet
  facet normal -1 0 0
    outer loop
      vertex 48.2436 8.00987 6.79593
      vertex 48.2436 9.51085 7.20407
      vertex 48.2436 9.51085 6.79593
    endloop
  endfacet
  facet normal -1 -0 0
    outer loop
      vertex 48.2436 9.51085 7.20407
      vertex 48.2436 8.00987 6.79593
      vertex 48.2436 8.00987 7.20407
    endloop
  endfacet
  facet normal -0.876333 0 0.481706
    outer loop
      vertex 47.7441 36.9901 5.25856
      vertex 47.9407 20.3119 5.61622
      vertex 47.9407 36.9901 5.61622
    endloop
  endfacet
  facet normal -0.876328 2.53162e-07 0.481715
    outer loop
      vertex 47.7441 36.9901 5.25856
      vertex 47.7671 20.2308 5.30041
      vertex 47.9407 20.3119 5.61622
    endloop
  endfacet
  facet normal -0.876371 0 0.481637
    outer loop
      vertex 47.7671 20.2308 5.30041
      vertex 47.7441 36.9901 5.25856
      vertex 47.7441 20.2142 5.25856
    endloop
  endfacet
  facet normal -0.876371 0 0.481637
    outer loop
      vertex 47.7441 8.00987 5.25856
      vertex 47.7671 9.76919 5.30041
      vertex 47.7441 9.78576 5.25856
    endloop
  endfacet
  facet normal -0.876328 -2.39852e-06 0.481715
    outer loop
      vertex 47.7441 8.00987 5.25856
      vertex 47.9407 9.6881 5.61622
      vertex 47.7671 9.76919 5.30041
    endloop
  endfacet
  facet normal -0.876333 0 0.481706
    outer loop
      vertex 47.9407 9.6881 5.61622
      vertex 47.7441 8.00987 5.25856
      vertex 47.9407 8.00987 5.61622
    endloop
  endfacet
  facet normal -0.929812 0 0.368034
    outer loop
      vertex 47.9407 36.9901 5.61622
      vertex 48.0909 20.4059 5.99569
      vertex 48.0909 36.9901 5.99569
    endloop
  endfacet
  facet normal -0.929885 -4.82752e-06 0.367851
    outer loop
      vertex 47.9407 36.9901 5.61622
      vertex 48.0805 20.4026 5.9694
      vertex 48.0909 20.4059 5.99569
    endloop
  endfacet
  facet normal -0.929807 0 0.368048
    outer loop
      vertex 48.0805 20.4026 5.9694
      vertex 47.9407 36.9901 5.61622
      vertex 47.9407 20.3119 5.61622
    endloop
  endfacet
  facet normal -0.929807 0 0.368048
    outer loop
      vertex 47.9407 8.00987 5.61622
      vertex 48.0805 9.59742 5.9694
      vertex 47.9407 9.6881 5.61622
    endloop
  endfacet
  facet normal -0.929812 3.50361e-06 0.368034
    outer loop
      vertex 48.0909 8.00987 5.99569
      vertex 48.0805 9.59742 5.9694
      vertex 47.9407 8.00987 5.61622
    endloop
  endfacet
  facet normal -0.929885 0 0.367851
    outer loop
      vertex 48.0805 9.59742 5.9694
      vertex 48.0909 8.00987 5.99569
      vertex 48.0909 9.5941 5.99569
    endloop
  endfacet
  facet normal -0.535845 -0 -0.844317
    outer loop
      vertex 46.5657 36.9901 9.848
      vertex 46.9103 19.8185 9.6293
      vertex 46.5657 19.6983 9.848
    endloop
  endfacet
  facet normal -0.535845 0 -0.844317
    outer loop
      vertex 46.9103 19.8185 9.6293
      vertex 46.5657 36.9901 9.848
      vertex 46.9103 36.9901 9.6293
    endloop
  endfacet
  facet normal -0.535845 0 -0.844317
    outer loop
      vertex 46.5657 8.00987 9.848
      vertex 46.9103 10.1815 9.6293
      vertex 46.9103 8.00987 9.6293
    endloop
  endfacet
  facet normal -0.535845 0 -0.844317
    outer loop
      vertex 46.9103 10.1815 9.6293
      vertex 46.5657 8.00987 9.848
      vertex 46.5657 10.3017 9.848
    endloop
  endfacet
  facet normal -0.187439 -0 -0.982276
    outer loop
      vertex 45.4073 36.9901 10.2244
      vertex 45.8082 19.4979 10.1479
      vertex 45.4073 19.4423 10.2244
    endloop
  endfacet
  facet normal -0.187439 0 -0.982276
    outer loop
      vertex 45.8082 19.4979 10.1479
      vertex 45.4073 36.9901 10.2244
      vertex 45.8082 36.9901 10.1479
    endloop
  endfacet
  facet normal -0.187439 0 -0.982276
    outer loop
      vertex 45.4073 8.00987 10.2244
      vertex 45.8082 10.5021 10.1479
      vertex 45.8082 8.00987 10.1479
    endloop
  endfacet
  facet normal -0.187439 0 -0.982276
    outer loop
      vertex 45.8082 10.5021 10.1479
      vertex 45.4073 8.00987 10.2244
      vertex 45.4073 10.5577 10.2244
    endloop
  endfacet
  facet normal -0.809014 0 -0.58779
    outer loop
      vertex 47.7441 20.2142 8.74144
      vertex 47.5042 36.9901 9.07163
      vertex 47.7441 36.9901 8.74144
    endloop
  endfacet
  facet normal -0.809014 -0 -0.58779
    outer loop
      vertex 47.5042 36.9901 9.07163
      vertex 47.7441 20.2142 8.74144
      vertex 47.5042 20.0835 9.07163
    endloop
  endfacet
  facet normal -0.809014 0 -0.58779
    outer loop
      vertex 47.5042 8.00987 9.07163
      vertex 47.7441 9.78576 8.74144
      vertex 47.7441 8.00987 8.74144
    endloop
  endfacet
  facet normal -0.809014 0 -0.58779
    outer loop
      vertex 47.7441 9.78576 8.74144
      vertex 47.5042 8.00987 9.07163
      vertex 47.5042 9.91649 9.07163
    endloop
  endfacet
  facet normal -0.968582 0 -0.248694
    outer loop
      vertex 48.1924 20.4558 7.60899
      vertex 48.0909 36.9901 8.0043
      vertex 48.1924 36.9901 7.60899
    endloop
  endfacet
  facet normal -0.968582 -0 -0.248694
    outer loop
      vertex 48.0909 36.9901 8.0043
      vertex 48.1924 20.4558 7.60899
      vertex 48.0909 20.4059 8.0043
    endloop
  endfacet
  facet normal -0.968582 0 -0.248694
    outer loop
      vertex 48.0909 8.00987 8.0043
      vertex 48.1924 9.54416 7.60899
      vertex 48.1924 8.00987 7.60899
    endloop
  endfacet
  facet normal -0.968582 0 -0.248694
    outer loop
      vertex 48.1924 9.54416 7.60899
      vertex 48.0909 8.00987 8.0043
      vertex 48.0909 9.5941 8.0043
    endloop
  endfacet
  facet normal 0.535827 -0 0.844328
    outer loop
      vertex 43.0897 19.8185 4.37069
      vertex 43.4343 36.9901 4.152
      vertex 43.0897 36.9901 4.37069
    endloop
  endfacet
  facet normal 0.535827 0 0.844328
    outer loop
      vertex 43.4343 36.9901 4.152
      vertex 43.0897 19.8185 4.37069
      vertex 43.4343 19.6983 4.152
    endloop
  endfacet
  facet normal 0.535827 0 0.844328
    outer loop
      vertex 43.0897 10.1815 4.37069
      vertex 43.4343 8.00987 4.152
      vertex 43.4343 10.3017 4.152
    endloop
  endfacet
  facet normal 0.535827 0 0.844328
    outer loop
      vertex 43.4343 8.00987 4.152
      vertex 43.0897 10.1815 4.37069
      vertex 43.0897 8.00987 4.37069
    endloop
  endfacet
  facet normal 0.187368 -0 0.98229
    outer loop
      vertex 44.1918 19.4979 3.8521
      vertex 44.5927 36.9901 3.77563
      vertex 44.1918 36.9901 3.8521
    endloop
  endfacet
  facet normal 0.187368 0 0.98229
    outer loop
      vertex 44.5927 36.9901 3.77563
      vertex 44.1918 19.4979 3.8521
      vertex 44.5927 19.4423 3.77563
    endloop
  endfacet
  facet normal 0.187368 0 0.98229
    outer loop
      vertex 44.1918 10.5021 3.8521
      vertex 44.5927 8.00987 3.77563
      vertex 44.5927 10.5577 3.77563
    endloop
  endfacet
  facet normal 0.187368 0 0.98229
    outer loop
      vertex 44.5927 8.00987 3.77563
      vertex 44.1918 10.5021 3.8521
      vertex 44.1918 8.00987 3.8521
    endloop
  endfacet
  facet normal 0.0628024 -0 0.998026
    outer loop
      vertex 44.5927 19.4423 3.77563
      vertex 45 36.9901 3.75
      vertex 44.5927 36.9901 3.77563
    endloop
  endfacet
  facet normal 0.0628024 0 0.998026
    outer loop
      vertex 45 36.9901 3.75
      vertex 44.5927 19.4423 3.77563
      vertex 45 19.4237 3.75
    endloop
  endfacet
  facet normal 0.0628024 0 0.998026
    outer loop
      vertex 44.5927 10.5577 3.77563
      vertex 45 8.00987 3.75
      vertex 45 10.5763 3.75
    endloop
  endfacet
  facet normal 0.0628024 0 0.998026
    outer loop
      vertex 45 8.00987 3.75
      vertex 44.5927 10.5577 3.77563
      vertex 44.5927 8.00987 3.77563
    endloop
  endfacet
  facet normal 0.929816 0 -0.368026
    outer loop
      vertex 42.0593 36.9901 8.38378
      vertex 41.9091 20.4059 8.0043
      vertex 41.9091 36.9901 8.0043
    endloop
  endfacet
  facet normal 0.929932 -7.79804e-06 -0.367731
    outer loop
      vertex 42.0593 36.9901 8.38378
      vertex 41.9195 20.4026 8.0306
      vertex 41.9091 20.4059 8.0043
    endloop
  endfacet
  facet normal 0.929807 0 -0.368048
    outer loop
      vertex 41.9195 20.4026 8.0306
      vertex 42.0593 36.9901 8.38378
      vertex 42.0593 20.3119 8.38378
    endloop
  endfacet
  facet normal 0.929933 0 -0.36773
    outer loop
      vertex 41.9195 9.59742 8.0306
      vertex 41.9091 8.12811 8.0043
      vertex 41.9091 9.5941 8.0043
    endloop
  endfacet
  facet normal 0.929807 0 -0.368048
    outer loop
      vertex 42.0593 8.08953 8.38378
      vertex 41.9195 9.59742 8.0306
      vertex 42.0593 9.6881 8.38378
    endloop
  endfacet
  facet normal 0.929816 6.10568e-06 -0.368025
    outer loop
      vertex 41.9195 9.59742 8.0306
      vertex 42.0593 8.08953 8.38378
      vertex 41.9091 8.12811 8.0043
    endloop
  endfacet
  facet normal 0.637385 0 -0.770546
    outer loop
      vertex 42.7752 19.9615 9.36915
      vertex 43.0897 36.9901 9.6293
      vertex 43.0897 19.8185 9.6293
    endloop
  endfacet
  facet normal 0.637385 0 -0.770546
    outer loop
      vertex 43.0897 36.9901 9.6293
      vertex 42.7752 19.9615 9.36915
      vertex 42.7752 36.9901 9.36915
    endloop
  endfacet
  facet normal 0.637385 0 -0.770546
    outer loop
      vertex 42.7752 10.0385 9.36915
      vertex 43.0897 8.00987 9.6293
      vertex 42.7752 8.00987 9.36915
    endloop
  endfacet
  facet normal 0.637385 0 -0.770546
    outer loop
      vertex 43.0897 8.00987 9.6293
      vertex 42.7752 10.0385 9.36915
      vertex 43.0897 10.1815 9.6293
    endloop
  endfacet
  facet normal 0.187439 0 -0.982276
    outer loop
      vertex 44.1918 19.4979 10.1479
      vertex 44.5927 36.9901 10.2244
      vertex 44.5927 19.4423 10.2244
    endloop
  endfacet
  facet normal 0.187439 0 -0.982276
    outer loop
      vertex 44.5927 36.9901 10.2244
      vertex 44.1918 19.4979 10.1479
      vertex 44.1918 36.9901 10.1479
    endloop
  endfacet
  facet normal 0.187439 0 -0.982276
    outer loop
      vertex 44.1918 10.5021 10.1479
      vertex 44.5927 8.00987 10.2244
      vertex 44.1918 8.00987 10.1479
    endloop
  endfacet
  facet normal 0.187439 0 -0.982276
    outer loop
      vertex 44.5927 8.00987 10.2244
      vertex 44.1918 10.5021 10.1479
      vertex 44.5927 10.5577 10.2244
    endloop
  endfacet
  facet normal 0.0627292 0 -0.998031
    outer loop
      vertex 44.5927 19.4423 10.2244
      vertex 45 36.9901 10.25
      vertex 45 19.4237 10.25
    endloop
  endfacet
  facet normal 0.0627292 0 -0.998031
    outer loop
      vertex 45 36.9901 10.25
      vertex 44.5927 19.4423 10.2244
      vertex 44.5927 36.9901 10.2244
    endloop
  endfacet
  facet normal 0.0627292 0 -0.998031
    outer loop
      vertex 44.5927 10.5577 10.2244
      vertex 45 8.00987 10.25
      vertex 44.5927 8.00987 10.2244
    endloop
  endfacet
  facet normal 0.0627292 0 -0.998031
    outer loop
      vertex 45 8.00987 10.25
      vertex 44.5927 10.5577 10.2244
      vertex 45 10.5763 10.25
    endloop
  endfacet
  facet normal 0.968584 0 0.248688
    outer loop
      vertex 41.9091 8.12811 5.99569
      vertex 41.8076 9.54416 6.39101
      vertex 41.8076 8.15417 6.39101
    endloop
  endfacet
  facet normal 0.968584 0 0.248688
    outer loop
      vertex 41.8076 9.54416 6.39101
      vertex 41.9091 8.12811 5.99569
      vertex 41.9091 9.5941 5.99569
    endloop
  endfacet
  facet normal 0.968584 -0 0.248688
    outer loop
      vertex 41.8076 20.4558 6.39101
      vertex 41.9091 36.9901 5.99569
      vertex 41.8076 36.9901 6.39101
    endloop
  endfacet
  facet normal 0.968584 0 0.248688
    outer loop
      vertex 41.9091 36.9901 5.99569
      vertex 41.8076 20.4558 6.39101
      vertex 41.9091 20.4059 5.99569
    endloop
  endfacet
  facet normal 0.876333 -0 0.481706
    outer loop
      vertex 42.0593 20.3119 5.61622
      vertex 42.2559 36.9901 5.25856
      vertex 42.0593 36.9901 5.61622
    endloop
  endfacet
  facet normal 0.876328 2.53162e-07 0.481715
    outer loop
      vertex 42.2329 20.2308 5.30041
      vertex 42.2559 36.9901 5.25856
      vertex 42.0593 20.3119 5.61622
    endloop
  endfacet
  facet normal 0.876371 0 0.481637
    outer loop
      vertex 42.2559 36.9901 5.25856
      vertex 42.2329 20.2308 5.30041
      vertex 42.2559 20.2142 5.25856
    endloop
  endfacet
  facet normal 0.875355 0 0.483481
    outer loop
      vertex 42.0631 8.08856 5.60934
      vertex 42.0593 9.6881 5.61622
      vertex 42.0593 8.08953 5.61622
    endloop
  endfacet
  facet normal 0.876352 1.01553e-05 0.481671
    outer loop
      vertex 42.2559 8.0642 5.25856
      vertex 42.0593 9.6881 5.61622
      vertex 42.0631 8.08856 5.60934
    endloop
  endfacet
  facet normal 0.876328 -2.47447e-06 0.481715
    outer loop
      vertex 42.0593 9.6881 5.61622
      vertex 42.2559 8.0642 5.25856
      vertex 42.2329 9.76919 5.30041
    endloop
  endfacet
  facet normal 0.876371 0 0.481637
    outer loop
      vertex 42.2329 9.76919 5.30041
      vertex 42.2559 8.0642 5.25856
      vertex 42.2559 9.78576 5.25856
    endloop
  endfacet
  facet normal 0.535845 0 -0.844317
    outer loop
      vertex 43.0897 19.8185 9.6293
      vertex 43.4343 36.9901 9.848
      vertex 43.4343 19.6983 9.848
    endloop
  endfacet
  facet normal 0.535845 0 -0.844317
    outer loop
      vertex 43.4343 36.9901 9.848
      vertex 43.0897 19.8185 9.6293
      vertex 43.0897 36.9901 9.6293
    endloop
  endfacet
  facet normal 0.535845 0 -0.844317
    outer loop
      vertex 43.0897 10.1815 9.6293
      vertex 43.4343 8.00987 9.848
      vertex 43.0897 8.00987 9.6293
    endloop
  endfacet
  facet normal 0.535845 0 -0.844317
    outer loop
      vertex 43.4343 8.00987 9.848
      vertex 43.0897 10.1815 9.6293
      vertex 43.4343 10.3017 9.848
    endloop
  endfacet
  facet normal 0.425893 0 -0.904774
    outer loop
      vertex 43.6448 19.6438 9.94705
      vertex 43.8036 36.9901 10.0218
      vertex 43.8036 19.5895 10.0218
    endloop
  endfacet
  facet normal 0.425766 1.4178e-06 -0.904833
    outer loop
      vertex 43.4343 19.6983 9.848
      vertex 43.8036 36.9901 10.0218
      vertex 43.6448 19.6438 9.94705
    endloop
  endfacet
  facet normal 0.425821 0 -0.904808
    outer loop
      vertex 43.8036 36.9901 10.0218
      vertex 43.4343 19.6983 9.848
      vertex 43.4343 36.9901 9.848
    endloop
  endfacet
  facet normal 0.425893 0 -0.904774
    outer loop
      vertex 43.8036 8.00987 10.0218
      vertex 43.6448 10.3562 9.94705
      vertex 43.8036 10.4105 10.0218
    endloop
  endfacet
  facet normal 0.425821 0 -0.904808
    outer loop
      vertex 43.4343 10.3017 9.848
      vertex 43.8036 8.00987 10.0218
      vertex 43.4343 8.00987 9.848
    endloop
  endfacet
  facet normal 0.425768 -1.03256e-05 -0.904832
    outer loop
      vertex 43.8036 8.00987 10.0218
      vertex 43.4343 10.3017 9.848
      vertex 43.6448 10.3562 9.94705
    endloop
  endfacet
  facet normal 0.728998 0 0.684516
    outer loop
      vertex 42.686 8.00987 4.72581
      vertex 42.4958 9.91649 4.92837
      vertex 42.4958 8.0339 4.92837
    endloop
  endfacet
  facet normal 0.728867 -2.8019e-05 0.684656
    outer loop
      vertex 42.7752 8.00987 4.63085
      vertex 42.4958 9.91649 4.92837
      vertex 42.686 8.00987 4.72581
    endloop
  endfacet
  facet normal 0.728964 2.50572e-06 0.684552
    outer loop
      vertex 42.4958 9.91649 4.92837
      vertex 42.7752 8.00987 4.63085
      vertex 42.7495 10.0235 4.65821
    endloop
  endfacet
  facet normal 0.728872 0 0.68465
    outer loop
      vertex 42.7495 10.0235 4.65821
      vertex 42.7752 8.00987 4.63085
      vertex 42.7752 10.0385 4.63085
    endloop
  endfacet
  facet normal 0.728956 -0 0.68456
    outer loop
      vertex 42.4958 20.0835 4.92837
      vertex 42.7752 36.9901 4.63085
      vertex 42.4958 36.9901 4.92837
    endloop
  endfacet
  facet normal 0.728965 -2.97969e-07 0.684551
    outer loop
      vertex 42.7495 19.9765 4.65821
      vertex 42.7752 36.9901 4.63085
      vertex 42.4958 20.0835 4.92837
    endloop
  endfacet
  facet normal 0.728872 0 0.68465
    outer loop
      vertex 42.7752 36.9901 4.63085
      vertex 42.7495 19.9765 4.65821
      vertex 42.7752 19.9615 4.63085
    endloop
  endfacet
  facet normal 0.637399 -0 0.770534
    outer loop
      vertex 42.7752 19.9615 4.63085
      vertex 43.0897 36.9901 4.37069
      vertex 42.7752 36.9901 4.63085
    endloop
  endfacet
  facet normal 0.637399 0 0.770534
    outer loop
      vertex 43.0897 36.9901 4.37069
      vertex 42.7752 19.9615 4.63085
      vertex 43.0897 19.8185 4.37069
    endloop
  endfacet
  facet normal 0.637399 0 0.770534
    outer loop
      vertex 42.7752 10.0385 4.63085
      vertex 43.0897 8.00987 4.37069
      vertex 43.0897 10.1815 4.37069
    endloop
  endfacet
  facet normal 0.637399 0 0.770534
    outer loop
      vertex 43.0897 8.00987 4.37069
      vertex 42.7752 10.0385 4.63085
      vertex 42.7752 8.00987 4.63085
    endloop
  endfacet
  facet normal 0.809014 0 -0.58779
    outer loop
      vertex 42.4958 36.9901 9.07163
      vertex 42.2559 20.2142 8.74144
      vertex 42.2559 36.9901 8.74144
    endloop
  endfacet
  facet normal 0.809014 0 -0.58779
    outer loop
      vertex 42.2559 20.2142 8.74144
      vertex 42.4958 36.9901 9.07163
      vertex 42.4958 20.0835 9.07163
    endloop
  endfacet
  facet normal 0.809014 0 -0.58779
    outer loop
      vertex 42.4958 8.0339 9.07163
      vertex 42.2559 9.78576 8.74144
      vertex 42.4958 9.91649 9.07163
    endloop
  endfacet
  facet normal 0.809014 0 -0.58779
    outer loop
      vertex 42.2559 9.78576 8.74144
      vertex 42.4958 8.0339 9.07163
      vertex 42.2559 8.0642 8.74144
    endloop
  endfacet
  facet normal 0.876333 0 -0.481706
    outer loop
      vertex 42.2559 36.9901 8.74144
      vertex 42.0593 20.3119 8.38378
      vertex 42.0593 36.9901 8.38378
    endloop
  endfacet
  facet normal 0.876328 2.53162e-07 -0.481715
    outer loop
      vertex 42.2559 36.9901 8.74144
      vertex 42.2329 20.2308 8.69959
      vertex 42.0593 20.3119 8.38378
    endloop
  endfacet
  facet normal 0.876371 0 -0.481637
    outer loop
      vertex 42.2329 20.2308 8.69959
      vertex 42.2559 36.9901 8.74144
      vertex 42.2559 20.2142 8.74144
    endloop
  endfacet
  facet normal 0.876328 -2.47447e-06 -0.481715
    outer loop
      vertex 42.2559 8.0642 8.74144
      vertex 42.0593 9.6881 8.38378
      vertex 42.2329 9.76919 8.69959
    endloop
  endfacet
  facet normal 0.876371 0 -0.481637
    outer loop
      vertex 42.2559 8.0642 8.74144
      vertex 42.2329 9.76919 8.69959
      vertex 42.2559 9.78576 8.74144
    endloop
  endfacet
  facet normal 0.875355 0 -0.483481
    outer loop
      vertex 42.0593 9.6881 8.38378
      vertex 42.0631 8.08856 8.39066
      vertex 42.0593 8.08953 8.38378
    endloop
  endfacet
  facet normal 0.876352 1.01553e-05 -0.481671
    outer loop
      vertex 42.0593 9.6881 8.38378
      vertex 42.2559 8.0642 8.74144
      vertex 42.0631 8.08856 8.39066
    endloop
  endfacet
  facet normal 0.968582 0 -0.248694
    outer loop
      vertex 41.9091 36.9901 8.0043
      vertex 41.8076 20.4558 7.60899
      vertex 41.8076 36.9901 7.60899
    endloop
  endfacet
  facet normal 0.968582 0 -0.248694
    outer loop
      vertex 41.8076 20.4558 7.60899
      vertex 41.9091 36.9901 8.0043
      vertex 41.9091 20.4059 8.0043
    endloop
  endfacet
  facet normal 0.968582 0 -0.248694
    outer loop
      vertex 41.9091 8.12811 8.0043
      vertex 41.8076 9.54416 7.60899
      vertex 41.9091 9.5941 8.0043
    endloop
  endfacet
  facet normal 0.968582 0 -0.248694
    outer loop
      vertex 41.8076 9.54416 7.60899
      vertex 41.9091 8.12811 8.0043
      vertex 41.8076 8.15417 7.60899
    endloop
  endfacet
  facet normal 0.9921 2.15775e-06 -0.125446
    outer loop
      vertex 41.8076 36.9901 7.60899
      vertex 41.7743 20.4891 7.34535
      vertex 41.7564 36.9901 7.20407
    endloop
  endfacet
  facet normal 0.992117 0 -0.125313
    outer loop
      vertex 41.7743 20.4891 7.34535
      vertex 41.8076 36.9901 7.60899
      vertex 41.8076 20.4558 7.60899
    endloop
  endfacet
  facet normal 0.992069 0 -0.125694
    outer loop
      vertex 41.7564 36.9901 7.20407
      vertex 41.7743 20.4891 7.34535
      vertex 41.7564 20.4891 7.20407
    endloop
  endfacet
  facet normal 0.992069 0 -0.125694
    outer loop
      vertex 41.7743 9.51085 7.34535
      vertex 41.7564 8.1673 7.20407
      vertex 41.7564 9.51085 7.20407
    endloop
  endfacet
  facet normal 0.992117 0 -0.125313
    outer loop
      vertex 41.8076 8.15417 7.60899
      vertex 41.7743 9.51085 7.34535
      vertex 41.8076 9.54416 7.60899
    endloop
  endfacet
  facet normal 0.9921 -2.64107e-05 -0.125447
    outer loop
      vertex 41.7743 9.51085 7.34535
      vertex 41.8076 8.15417 7.60899
      vertex 41.7564 8.1673 7.20407
    endloop
  endfacet
  facet normal 0.929812 -0 0.368034
    outer loop
      vertex 41.9091 20.4059 5.99569
      vertex 42.0593 36.9901 5.61622
      vertex 41.9091 36.9901 5.99569
    endloop
  endfacet
  facet normal 0.929885 -4.82752e-06 0.367851
    outer loop
      vertex 41.9195 20.4026 5.9694
      vertex 42.0593 36.9901 5.61622
      vertex 41.9091 20.4059 5.99569
    endloop
  endfacet
  facet normal 0.929807 0 0.368048
    outer loop
      vertex 42.0593 36.9901 5.61622
      vertex 41.9195 20.4026 5.9694
      vertex 42.0593 20.3119 5.61622
    endloop
  endfacet
  facet normal 0.929885 -0 0.367851
    outer loop
      vertex 41.9091 8.12811 5.99569
      vertex 41.9195 9.59742 5.9694
      vertex 41.9091 9.5941 5.99569
    endloop
  endfacet
  facet normal 0.929813 3.77869e-06 0.368034
    outer loop
      vertex 42.0593 8.08953 5.61622
      vertex 41.9195 9.59742 5.9694
      vertex 41.9091 8.12811 5.99569
    endloop
  endfacet
  facet normal 0.929807 0 0.368048
    outer loop
      vertex 41.9195 9.59742 5.9694
      vertex 42.0593 8.08953 5.61622
      vertex 42.0593 9.6881 5.61622
    endloop
  endfacet
  facet normal -0.0628024 0 0.998026
    outer loop
      vertex 30 36.9901 3.75
      vertex 30.4073 23.0099 3.77563
      vertex 30.4073 36.9901 3.77563
    endloop
  endfacet
  facet normal -0.0628024 0 0.998026
    outer loop
      vertex 30.4073 23.0099 3.77563
      vertex 30 36.9901 3.75
      vertex 30 23.0099 3.75
    endloop
  endfacet
  facet normal -0.187368 0 0.98229
    outer loop
      vertex 30.4073 36.9901 3.77563
      vertex 30.8082 23.0099 3.8521
      vertex 30.8082 36.9901 3.8521
    endloop
  endfacet
  facet normal -0.187368 0 0.98229
    outer loop
      vertex 30.8082 23.0099 3.8521
      vertex 30.4073 36.9901 3.77563
      vertex 30.4073 23.0099 3.77563
    endloop
  endfacet
  facet normal -0.0627292 0 -0.998031
    outer loop
      vertex 30 23.0099 10.25
      vertex 30.4073 36.9901 10.2244
      vertex 30.4073 23.0099 10.2244
    endloop
  endfacet
  facet normal -0.0627292 0 -0.998031
    outer loop
      vertex 30.4073 36.9901 10.2244
      vertex 30 23.0099 10.25
      vertex 30 36.9901 10.25
    endloop
  endfacet
  facet normal -0.728956 0 -0.68456
    outer loop
      vertex 32.5042 23.0099 9.07163
      vertex 32.2248 36.9901 9.36915
      vertex 32.5042 36.9901 9.07163
    endloop
  endfacet
  facet normal -0.728956 -0 -0.68456
    outer loop
      vertex 32.2248 36.9901 9.36915
      vertex 32.5042 23.0099 9.07163
      vertex 32.2248 23.0099 9.36915
    endloop
  endfacet
  facet normal -0.929816 0 -0.368026
    outer loop
      vertex 33.0909 23.0099 8.0043
      vertex 32.9407 36.9901 8.38378
      vertex 33.0909 36.9901 8.0043
    endloop
  endfacet
  facet normal -0.929816 -0 -0.368026
    outer loop
      vertex 32.9407 36.9901 8.38378
      vertex 33.0909 23.0099 8.0043
      vertex 32.9407 23.0099 8.38378
    endloop
  endfacet
  facet normal -0.809014 0 0.58779
    outer loop
      vertex 32.5042 23.0099 4.92837
      vertex 32.7441 36.9901 5.25856
      vertex 32.5042 36.9901 4.92837
    endloop
  endfacet
  facet normal -0.809014 0 0.58779
    outer loop
      vertex 32.7441 36.9901 5.25856
      vertex 32.5042 23.0099 4.92837
      vertex 32.7441 23.0099 5.25856
    endloop
  endfacet
  facet normal -0.425821 0 -0.904808
    outer loop
      vertex 31.1964 23.0099 10.0218
      vertex 31.5657 36.9901 9.848
      vertex 31.5657 23.0099 9.848
    endloop
  endfacet
  facet normal -0.425821 0 -0.904808
    outer loop
      vertex 31.5657 36.9901 9.848
      vertex 31.1964 23.0099 10.0218
      vertex 31.1964 36.9901 10.0218
    endloop
  endfacet
  facet normal -0.637385 0 -0.770546
    outer loop
      vertex 31.9103 23.0099 9.6293
      vertex 32.2248 36.9901 9.36915
      vertex 32.2248 23.0099 9.36915
    endloop
  endfacet
  facet normal -0.637385 0 -0.770546
    outer loop
      vertex 32.2248 36.9901 9.36915
      vertex 31.9103 23.0099 9.6293
      vertex 31.9103 36.9901 9.6293
    endloop
  endfacet
  facet normal -0.9921 0 -0.125446
    outer loop
      vertex 33.2436 23.0099 7.20407
      vertex 33.1924 36.9901 7.60899
      vertex 33.2436 36.9901 7.20407
    endloop
  endfacet
  facet normal -0.9921 -0 -0.125446
    outer loop
      vertex 33.1924 36.9901 7.60899
      vertex 33.2436 23.0099 7.20407
      vertex 33.1924 23.0099 7.60899
    endloop
  endfacet
  facet normal 0.309009 0 0.951059
    outer loop
      vertex 28.8036 36.9901 3.97823
      vertex 29.1918 23.0099 3.8521
      vertex 29.1918 36.9901 3.8521
    endloop
  endfacet
  facet normal 0.309009 0 0.951059
    outer loop
      vertex 29.1918 23.0099 3.8521
      vertex 28.8036 36.9901 3.97823
      vertex 28.8036 23.0099 3.97823
    endloop
  endfacet
  facet normal 0.9921 -0 0.125446
    outer loop
      vertex 26.7564 23.0099 6.79593
      vertex 26.8076 36.9901 6.39101
      vertex 26.7564 36.9901 6.79593
    endloop
  endfacet
  facet normal 0.9921 0 0.125446
    outer loop
      vertex 26.8076 36.9901 6.39101
      vertex 26.7564 23.0099 6.79593
      vertex 26.8076 23.0099 6.39101
    endloop
  endfacet
  facet normal -0.42576 0 0.904836
    outer loop
      vertex 31.1964 36.9901 3.97823
      vertex 31.5657 23.0099 4.152
      vertex 31.5657 36.9901 4.152
    endloop
  endfacet
  facet normal -0.42576 0 0.904836
    outer loop
      vertex 31.5657 23.0099 4.152
      vertex 31.1964 36.9901 3.97823
      vertex 31.1964 23.0099 3.97823
    endloop
  endfacet
  facet normal -0.535827 0 0.844328
    outer loop
      vertex 31.5657 36.9901 4.152
      vertex 31.9103 23.0099 4.37069
      vertex 31.9103 36.9901 4.37069
    endloop
  endfacet
  facet normal -0.535827 0 0.844328
    outer loop
      vertex 31.9103 23.0099 4.37069
      vertex 31.5657 36.9901 4.152
      vertex 31.5657 23.0099 4.152
    endloop
  endfacet
  facet normal -0.968584 0 0.248688
    outer loop
      vertex 33.0909 23.0099 5.99569
      vertex 33.1924 36.9901 6.39101
      vertex 33.0909 36.9901 5.99569
    endloop
  endfacet
  facet normal -0.968584 0 0.248688
    outer loop
      vertex 33.1924 36.9901 6.39101
      vertex 33.0909 23.0099 5.99569
      vertex 33.1924 23.0099 6.39101
    endloop
  endfacet
  facet normal -0.308942 0 -0.951081
    outer loop
      vertex 30.8082 23.0099 10.1479
      vertex 31.1964 36.9901 10.0218
      vertex 31.1964 23.0099 10.0218
    endloop
  endfacet
  facet normal -0.308942 0 -0.951081
    outer loop
      vertex 31.1964 36.9901 10.0218
      vertex 30.8082 23.0099 10.1479
      vertex 30.8082 36.9901 10.1479
    endloop
  endfacet
  facet normal -0.876333 0 -0.481706
    outer loop
      vertex 32.9407 23.0099 8.38378
      vertex 32.7441 36.9901 8.74144
      vertex 32.9407 36.9901 8.38378
    endloop
  endfacet
  facet normal -0.876333 -0 -0.481706
    outer loop
      vertex 32.7441 36.9901 8.74144
      vertex 32.9407 23.0099 8.38378
      vertex 32.7441 23.0099 8.74144
    endloop
  endfacet
  facet normal 0.809014 -0 0.58779
    outer loop
      vertex 27.2559 23.0099 5.25856
      vertex 27.4958 36.9901 4.92837
      vertex 27.2559 36.9901 5.25856
    endloop
  endfacet
  facet normal 0.809014 0 0.58779
    outer loop
      vertex 27.4958 36.9901 4.92837
      vertex 27.2559 23.0099 5.25856
      vertex 27.4958 23.0099 4.92837
    endloop
  endfacet
  facet normal 0.42576 0 0.904836
    outer loop
      vertex 28.4343 36.9901 4.152
      vertex 28.8036 23.0099 3.97823
      vertex 28.8036 36.9901 3.97823
    endloop
  endfacet
  facet normal 0.42576 0 0.904836
    outer loop
      vertex 28.8036 23.0099 3.97823
      vertex 28.4343 36.9901 4.152
      vertex 28.4343 23.0099 4.152
    endloop
  endfacet
  facet normal 0.728956 0 -0.68456
    outer loop
      vertex 27.7752 23.0099 9.36915
      vertex 27.4958 36.9901 9.07163
      vertex 27.7752 36.9901 9.36915
    endloop
  endfacet
  facet normal 0.728956 0 -0.68456
    outer loop
      vertex 27.4958 36.9901 9.07163
      vertex 27.7752 23.0099 9.36915
      vertex 27.4958 23.0099 9.07163
    endloop
  endfacet
  facet normal 0.308942 0 -0.951081
    outer loop
      vertex 28.8036 23.0099 10.0218
      vertex 29.1918 36.9901 10.1479
      vertex 29.1918 23.0099 10.1479
    endloop
  endfacet
  facet normal 0.308942 0 -0.951081
    outer loop
      vertex 29.1918 36.9901 10.1479
      vertex 28.8036 23.0099 10.0218
      vertex 28.8036 36.9901 10.0218
    endloop
  endfacet
  facet normal 1 -0 0
    outer loop
      vertex 26.7564 23.0099 7.20407
      vertex 26.7564 36.9901 6.79593
      vertex 26.7564 36.9901 7.20407
    endloop
  endfacet
  facet normal 1 0 0
    outer loop
      vertex 26.7564 36.9901 6.79593
      vertex 26.7564 23.0099 7.20407
      vertex 26.7564 23.0099 6.79593
    endloop
  endfacet
  facet normal -0.309009 0 0.951059
    outer loop
      vertex 30.8082 36.9901 3.8521
      vertex 31.1964 23.0099 3.97823
      vertex 31.1964 36.9901 3.97823
    endloop
  endfacet
  facet normal -0.309009 0 0.951059
    outer loop
      vertex 31.1964 23.0099 3.97823
      vertex 30.8082 36.9901 3.8521
      vertex 30.8082 23.0099 3.8521
    endloop
  endfacet
  facet normal -0.637399 0 0.770534
    outer loop
      vertex 31.9103 36.9901 4.37069
      vertex 32.2248 23.0099 4.63085
      vertex 32.2248 36.9901 4.63085
    endloop
  endfacet
  facet normal -0.637399 0 0.770534
    outer loop
      vertex 32.2248 23.0099 4.63085
      vertex 31.9103 36.9901 4.37069
      vertex 31.9103 23.0099 4.37069
    endloop
  endfacet
  facet normal -0.728956 0 0.68456
    outer loop
      vertex 32.2248 23.0099 4.63085
      vertex 32.5042 36.9901 4.92837
      vertex 32.2248 36.9901 4.63085
    endloop
  endfacet
  facet normal -0.728956 0 0.68456
    outer loop
      vertex 32.5042 36.9901 4.92837
      vertex 32.2248 23.0099 4.63085
      vertex 32.5042 23.0099 4.92837
    endloop
  endfacet
  facet normal -0.9921 0 0.125446
    outer loop
      vertex 33.1924 23.0099 6.39101
      vertex 33.2436 36.9901 6.79593
      vertex 33.1924 36.9901 6.39101
    endloop
  endfacet
  facet normal -0.9921 0 0.125446
    outer loop
      vertex 33.2436 36.9901 6.79593
      vertex 33.1924 23.0099 6.39101
      vertex 33.2436 23.0099 6.79593
    endloop
  endfacet
  facet normal -1 0 0
    outer loop
      vertex 33.2436 23.0099 6.79593
      vertex 33.2436 36.9901 7.20407
      vertex 33.2436 36.9901 6.79593
    endloop
  endfacet
  facet normal -1 -0 0
    outer loop
      vertex 33.2436 36.9901 7.20407
      vertex 33.2436 23.0099 6.79593
      vertex 33.2436 23.0099 7.20407
    endloop
  endfacet
  facet normal -0.876333 0 0.481706
    outer loop
      vertex 32.7441 23.0099 5.25856
      vertex 32.9407 36.9901 5.61622
      vertex 32.7441 36.9901 5.25856
    endloop
  endfacet
  facet normal -0.876333 0 0.481706
    outer loop
      vertex 32.9407 36.9901 5.61622
      vertex 32.7441 23.0099 5.25856
      vertex 32.9407 23.0099 5.61622
    endloop
  endfacet
  facet normal -0.929812 0 0.368034
    outer loop
      vertex 32.9407 23.0099 5.61622
      vertex 33.0909 36.9901 5.99569
      vertex 32.9407 36.9901 5.61622
    endloop
  endfacet
  facet normal -0.929812 0 0.368034
    outer loop
      vertex 33.0909 36.9901 5.99569
      vertex 32.9407 23.0099 5.61622
      vertex 33.0909 23.0099 5.99569
    endloop
  endfacet
  facet normal -0.535845 0 -0.844317
    outer loop
      vertex 31.5657 23.0099 9.848
      vertex 31.9103 36.9901 9.6293
      vertex 31.9103 23.0099 9.6293
    endloop
  endfacet
  facet normal -0.535845 0 -0.844317
    outer loop
      vertex 31.9103 36.9901 9.6293
      vertex 31.5657 23.0099 9.848
      vertex 31.5657 36.9901 9.848
    endloop
  endfacet
  facet normal -0.187439 0 -0.982276
    outer loop
      vertex 30.4073 23.0099 10.2244
      vertex 30.8082 36.9901 10.1479
      vertex 30.8082 23.0099 10.1479
    endloop
  endfacet
  facet normal -0.187439 0 -0.982276
    outer loop
      vertex 30.8082 36.9901 10.1479
      vertex 30.4073 23.0099 10.2244
      vertex 30.4073 36.9901 10.2244
    endloop
  endfacet
  facet normal -0.809014 0 -0.58779
    outer loop
      vertex 32.7441 23.0099 8.74144
      vertex 32.5042 36.9901 9.07163
      vertex 32.7441 36.9901 8.74144
    endloop
  endfacet
  facet normal -0.809014 -0 -0.58779
    outer loop
      vertex 32.5042 36.9901 9.07163
      vertex 32.7441 23.0099 8.74144
      vertex 32.5042 23.0099 9.07163
    endloop
  endfacet
  facet normal -0.968582 0 -0.248694
    outer loop
      vertex 33.1924 23.0099 7.60899
      vertex 33.0909 36.9901 8.0043
      vertex 33.1924 36.9901 7.60899
    endloop
  endfacet
  facet normal -0.968582 -0 -0.248694
    outer loop
      vertex 33.0909 36.9901 8.0043
      vertex 33.1924 23.0099 7.60899
      vertex 33.0909 23.0099 8.0043
    endloop
  endfacet
  facet normal 0.535827 0 0.844328
    outer loop
      vertex 28.0897 36.9901 4.37069
      vertex 28.4343 23.0099 4.152
      vertex 28.4343 36.9901 4.152
    endloop
  endfacet
  facet normal 0.535827 0 0.844328
    outer loop
      vertex 28.4343 23.0099 4.152
      vertex 28.0897 36.9901 4.37069
      vertex 28.0897 23.0099 4.37069
    endloop
  endfacet
  facet normal 0.187368 0 0.98229
    outer loop
      vertex 29.1918 36.9901 3.8521
      vertex 29.5927 23.0099 3.77563
      vertex 29.5927 36.9901 3.77563
    endloop
  endfacet
  facet normal 0.187368 0 0.98229
    outer loop
      vertex 29.5927 23.0099 3.77563
      vertex 29.1918 36.9901 3.8521
      vertex 29.1918 23.0099 3.8521
    endloop
  endfacet
  facet normal 0.0628024 0 0.998026
    outer loop
      vertex 29.5927 36.9901 3.77563
      vertex 30 23.0099 3.75
      vertex 30 36.9901 3.75
    endloop
  endfacet
  facet normal 0.0628024 0 0.998026
    outer loop
      vertex 30 23.0099 3.75
      vertex 29.5927 36.9901 3.77563
      vertex 29.5927 23.0099 3.77563
    endloop
  endfacet
  facet normal 0.929816 0 -0.368026
    outer loop
      vertex 27.0593 23.0099 8.38378
      vertex 26.9091 36.9901 8.0043
      vertex 27.0593 36.9901 8.38378
    endloop
  endfacet
  facet normal 0.929816 0 -0.368026
    outer loop
      vertex 26.9091 36.9901 8.0043
      vertex 27.0593 23.0099 8.38378
      vertex 26.9091 23.0099 8.0043
    endloop
  endfacet
  facet normal 0.637385 0 -0.770546
    outer loop
      vertex 27.7752 23.0099 9.36915
      vertex 28.0897 36.9901 9.6293
      vertex 28.0897 23.0099 9.6293
    endloop
  endfacet
  facet normal 0.637385 0 -0.770546
    outer loop
      vertex 28.0897 36.9901 9.6293
      vertex 27.7752 23.0099 9.36915
      vertex 27.7752 36.9901 9.36915
    endloop
  endfacet
  facet normal 0.187439 0 -0.982276
    outer loop
      vertex 29.1918 23.0099 10.1479
      vertex 29.5927 36.9901 10.2244
      vertex 29.5927 23.0099 10.2244
    endloop
  endfacet
  facet normal 0.187439 0 -0.982276
    outer loop
      vertex 29.5927 36.9901 10.2244
      vertex 29.1918 23.0099 10.1479
      vertex 29.1918 36.9901 10.1479
    endloop
  endfacet
  facet normal 0.0627292 0 -0.998031
    outer loop
      vertex 29.5927 23.0099 10.2244
      vertex 30 36.9901 10.25
      vertex 30 23.0099 10.25
    endloop
  endfacet
  facet normal 0.0627292 0 -0.998031
    outer loop
      vertex 30 36.9901 10.25
      vertex 29.5927 23.0099 10.2244
      vertex 29.5927 36.9901 10.2244
    endloop
  endfacet
  facet normal 0.968584 -0 0.248688
    outer loop
      vertex 26.8076 23.0099 6.39101
      vertex 26.9091 36.9901 5.99569
      vertex 26.8076 36.9901 6.39101
    endloop
  endfacet
  facet normal 0.968584 0 0.248688
    outer loop
      vertex 26.9091 36.9901 5.99569
      vertex 26.8076 23.0099 6.39101
      vertex 26.9091 23.0099 5.99569
    endloop
  endfacet
  facet normal 0.876333 -0 0.481706
    outer loop
      vertex 27.0593 23.0099 5.61622
      vertex 27.2559 36.9901 5.25856
      vertex 27.0593 36.9901 5.61622
    endloop
  endfacet
  facet normal 0.876333 0 0.481706
    outer loop
      vertex 27.2559 36.9901 5.25856
      vertex 27.0593 23.0099 5.61622
      vertex 27.2559 23.0099 5.25856
    endloop
  endfacet
  facet normal 0.535845 0 -0.844317
    outer loop
      vertex 28.0897 23.0099 9.6293
      vertex 28.4343 36.9901 9.848
      vertex 28.4343 23.0099 9.848
    endloop
  endfacet
  facet normal 0.535845 0 -0.844317
    outer loop
      vertex 28.4343 36.9901 9.848
      vertex 28.0897 23.0099 9.6293
      vertex 28.0897 36.9901 9.6293
    endloop
  endfacet
  facet normal 0.425821 0 -0.904808
    outer loop
      vertex 28.4343 23.0099 9.848
      vertex 28.8036 36.9901 10.0218
      vertex 28.8036 23.0099 10.0218
    endloop
  endfacet
  facet normal 0.425821 0 -0.904808
    outer loop
      vertex 28.8036 36.9901 10.0218
      vertex 28.4343 23.0099 9.848
      vertex 28.4343 36.9901 9.848
    endloop
  endfacet
  facet normal 0.728956 -0 0.68456
    outer loop
      vertex 27.4958 23.0099 4.92837
      vertex 27.7752 36.9901 4.63085
      vertex 27.4958 36.9901 4.92837
    endloop
  endfacet
  facet normal 0.728956 0 0.68456
    outer loop
      vertex 27.7752 36.9901 4.63085
      vertex 27.4958 23.0099 4.92837
      vertex 27.7752 23.0099 4.63085
    endloop
  endfacet
  facet normal 0.637399 0 0.770534
    outer loop
      vertex 27.7752 36.9901 4.63085
      vertex 28.0897 23.0099 4.37069
      vertex 28.0897 36.9901 4.37069
    endloop
  endfacet
  facet normal 0.637399 0 0.770534
    outer loop
      vertex 28.0897 23.0099 4.37069
      vertex 27.7752 36.9901 4.63085
      vertex 27.7752 23.0099 4.63085
    endloop
  endfacet
  facet normal 0.809014 0 -0.58779
    outer loop
      vertex 27.4958 23.0099 9.07163
      vertex 27.2559 36.9901 8.74144
      vertex 27.4958 36.9901 9.07163
    endloop
  endfacet
  facet normal 0.809014 0 -0.58779
    outer loop
      vertex 27.2559 36.9901 8.74144
      vertex 27.4958 23.0099 9.07163
      vertex 27.2559 23.0099 8.74144
    endloop
  endfacet
  facet normal 0.876333 0 -0.481706
    outer loop
      vertex 27.2559 23.0099 8.74144
      vertex 27.0593 36.9901 8.38378
      vertex 27.2559 36.9901 8.74144
    endloop
  endfacet
  facet normal 0.876333 0 -0.481706
    outer loop
      vertex 27.0593 36.9901 8.38378
      vertex 27.2559 23.0099 8.74144
      vertex 27.0593 23.0099 8.38378
    endloop
  endfacet
  facet normal 0.968582 0 -0.248694
    outer loop
      vertex 26.9091 23.0099 8.0043
      vertex 26.8076 36.9901 7.60899
      vertex 26.9091 36.9901 8.0043
    endloop
  endfacet
  facet normal 0.968582 0 -0.248694
    outer loop
      vertex 26.8076 36.9901 7.60899
      vertex 26.9091 23.0099 8.0043
      vertex 26.8076 23.0099 7.60899
    endloop
  endfacet
  facet normal 0.9921 0 -0.125446
    outer loop
      vertex 26.8076 23.0099 7.60899
      vertex 26.7564 36.9901 7.20407
      vertex 26.8076 36.9901 7.60899
    endloop
  endfacet
  facet normal 0.9921 0 -0.125446
    outer loop
      vertex 26.7564 36.9901 7.20407
      vertex 26.8076 23.0099 7.60899
      vertex 26.7564 23.0099 7.20407
    endloop
  endfacet
  facet normal 0.929812 -0 0.368034
    outer loop
      vertex 26.9091 23.0099 5.99569
      vertex 27.0593 36.9901 5.61622
      vertex 26.9091 36.9901 5.99569
    endloop
  endfacet
  facet normal 0.929812 0 0.368034
    outer loop
      vertex 27.0593 36.9901 5.61622
      vertex 26.9091 23.0099 5.99569
      vertex 27.0593 23.0099 5.61622
    endloop
  endfacet
  facet normal -0.0628024 0 0.998026
    outer loop
      vertex -60 36.9901 3.75
      vertex -59.5927 23.0099 3.77563
      vertex -59.5927 36.9901 3.77563
    endloop
  endfacet
  facet normal -0.0628024 0 0.998026
    outer loop
      vertex -59.5927 23.0099 3.77563
      vertex -60 36.9901 3.75
      vertex -60 23.0099 3.75
    endloop
  endfacet
  facet normal -0.187368 0 0.98229
    outer loop
      vertex -59.5927 36.9901 3.77563
      vertex -59.1918 23.0099 3.8521
      vertex -59.1918 36.9901 3.8521
    endloop
  endfacet
  facet normal -0.187368 0 0.98229
    outer loop
      vertex -59.1918 23.0099 3.8521
      vertex -59.5927 36.9901 3.77563
      vertex -59.5927 23.0099 3.77563
    endloop
  endfacet
  facet normal -0.0627292 0 -0.998031
    outer loop
      vertex -60 23.0099 10.25
      vertex -59.5927 36.9901 10.2244
      vertex -59.5927 23.0099 10.2244
    endloop
  endfacet
  facet normal -0.0627292 0 -0.998031
    outer loop
      vertex -59.5927 36.9901 10.2244
      vertex -60 23.0099 10.25
      vertex -60 36.9901 10.25
    endloop
  endfacet
  facet normal -0.728956 0 -0.68456
    outer loop
      vertex -57.4958 23.0099 9.07163
      vertex -57.7752 36.9901 9.36915
      vertex -57.4958 36.9901 9.07163
    endloop
  endfacet
  facet normal -0.728956 -0 -0.68456
    outer loop
      vertex -57.7752 36.9901 9.36915
      vertex -57.4958 23.0099 9.07163
      vertex -57.7752 23.0099 9.36915
    endloop
  endfacet
  facet normal -0.929816 0 -0.368026
    outer loop
      vertex -56.9091 23.0099 8.0043
      vertex -57.0593 36.9901 8.38378
      vertex -56.9091 36.9901 8.0043
    endloop
  endfacet
  facet normal -0.929816 -0 -0.368026
    outer loop
      vertex -57.0593 36.9901 8.38378
      vertex -56.9091 23.0099 8.0043
      vertex -57.0593 23.0099 8.38378
    endloop
  endfacet
  facet normal -0.809014 0 0.58779
    outer loop
      vertex -57.4958 23.0099 4.92837
      vertex -57.2559 36.9901 5.25856
      vertex -57.4958 36.9901 4.92837
    endloop
  endfacet
  facet normal -0.809014 0 0.58779
    outer loop
      vertex -57.2559 36.9901 5.25856
      vertex -57.4958 23.0099 4.92837
      vertex -57.2559 23.0099 5.25856
    endloop
  endfacet
  facet normal -0.425821 0 -0.904808
    outer loop
      vertex -58.8036 23.0099 10.0218
      vertex -58.4343 36.9901 9.848
      vertex -58.4343 23.0099 9.848
    endloop
  endfacet
  facet normal -0.425821 0 -0.904808
    outer loop
      vertex -58.4343 36.9901 9.848
      vertex -58.8036 23.0099 10.0218
      vertex -58.8036 36.9901 10.0218
    endloop
  endfacet
  facet normal -0.637385 0 -0.770546
    outer loop
      vertex -58.0897 23.0099 9.6293
      vertex -57.7752 36.9901 9.36915
      vertex -57.7752 23.0099 9.36915
    endloop
  endfacet
  facet normal -0.637385 0 -0.770546
    outer loop
      vertex -57.7752 36.9901 9.36915
      vertex -58.0897 23.0099 9.6293
      vertex -58.0897 36.9901 9.6293
    endloop
  endfacet
  facet normal -0.9921 0 -0.125446
    outer loop
      vertex -56.7564 23.0099 7.20407
      vertex -56.8076 36.9901 7.60899
      vertex -56.7564 36.9901 7.20407
    endloop
  endfacet
  facet normal -0.9921 -0 -0.125446
    outer loop
      vertex -56.8076 36.9901 7.60899
      vertex -56.7564 23.0099 7.20407
      vertex -56.8076 23.0099 7.60899
    endloop
  endfacet
  facet normal 0.309009 0 0.951059
    outer loop
      vertex -61.1964 36.9901 3.97823
      vertex -60.8082 23.0099 3.8521
      vertex -60.8082 36.9901 3.8521
    endloop
  endfacet
  facet normal 0.309009 0 0.951059
    outer loop
      vertex -60.8082 23.0099 3.8521
      vertex -61.1964 36.9901 3.97823
      vertex -61.1964 23.0099 3.97823
    endloop
  endfacet
  facet normal 0.9921 -0 0.125446
    outer loop
      vertex -63.2436 23.0099 6.79593
      vertex -63.1924 36.9901 6.39101
      vertex -63.2436 36.9901 6.79593
    endloop
  endfacet
  facet normal 0.9921 0 0.125446
    outer loop
      vertex -63.1924 36.9901 6.39101
      vertex -63.2436 23.0099 6.79593
      vertex -63.1924 23.0099 6.39101
    endloop
  endfacet
  facet normal -0.42576 0 0.904836
    outer loop
      vertex -58.8036 36.9901 3.97823
      vertex -58.4343 23.0099 4.152
      vertex -58.4343 36.9901 4.152
    endloop
  endfacet
  facet normal -0.42576 0 0.904836
    outer loop
      vertex -58.4343 23.0099 4.152
      vertex -58.8036 36.9901 3.97823
      vertex -58.8036 23.0099 3.97823
    endloop
  endfacet
  facet normal -0.535827 0 0.844328
    outer loop
      vertex -58.4343 36.9901 4.152
      vertex -58.0897 23.0099 4.37069
      vertex -58.0897 36.9901 4.37069
    endloop
  endfacet
  facet normal -0.535827 0 0.844328
    outer loop
      vertex -58.0897 23.0099 4.37069
      vertex -58.4343 36.9901 4.152
      vertex -58.4343 23.0099 4.152
    endloop
  endfacet
  facet normal -0.968584 0 0.248688
    outer loop
      vertex -56.9091 23.0099 5.99569
      vertex -56.8076 36.9901 6.39101
      vertex -56.9091 36.9901 5.99569
    endloop
  endfacet
  facet normal -0.968584 0 0.248688
    outer loop
      vertex -56.8076 36.9901 6.39101
      vertex -56.9091 23.0099 5.99569
      vertex -56.8076 23.0099 6.39101
    endloop
  endfacet
  facet normal -0.308942 0 -0.951081
    outer loop
      vertex -59.1918 23.0099 10.1479
      vertex -58.8036 36.9901 10.0218
      vertex -58.8036 23.0099 10.0218
    endloop
  endfacet
  facet normal -0.308942 0 -0.951081
    outer loop
      vertex -58.8036 36.9901 10.0218
      vertex -59.1918 23.0099 10.1479
      vertex -59.1918 36.9901 10.1479
    endloop
  endfacet
  facet normal -0.876333 0 -0.481706
    outer loop
      vertex -57.0593 23.0099 8.38378
      vertex -57.2559 36.9901 8.74144
      vertex -57.0593 36.9901 8.38378
    endloop
  endfacet
  facet normal -0.876333 -0 -0.481706
    outer loop
      vertex -57.2559 36.9901 8.74144
      vertex -57.0593 23.0099 8.38378
      vertex -57.2559 23.0099 8.74144
    endloop
  endfacet
  facet normal 0.809014 -0 0.58779
    outer loop
      vertex -62.7441 23.0099 5.25856
      vertex -62.5042 36.9901 4.92837
      vertex -62.7441 36.9901 5.25856
    endloop
  endfacet
  facet normal 0.809014 0 0.58779
    outer loop
      vertex -62.5042 36.9901 4.92837
      vertex -62.7441 23.0099 5.25856
      vertex -62.5042 23.0099 4.92837
    endloop
  endfacet
  facet normal 0.42576 0 0.904836
    outer loop
      vertex -61.5657 36.9901 4.152
      vertex -61.1964 23.0099 3.97823
      vertex -61.1964 36.9901 3.97823
    endloop
  endfacet
  facet normal 0.42576 0 0.904836
    outer loop
      vertex -61.1964 23.0099 3.97823
      vertex -61.5657 36.9901 4.152
      vertex -61.5657 23.0099 4.152
    endloop
  endfacet
  facet normal 0.728956 0 -0.68456
    outer loop
      vertex -62.2248 23.0099 9.36915
      vertex -62.5042 36.9901 9.07163
      vertex -62.2248 36.9901 9.36915
    endloop
  endfacet
  facet normal 0.728956 0 -0.68456
    outer loop
      vertex -62.5042 36.9901 9.07163
      vertex -62.2248 23.0099 9.36915
      vertex -62.5042 23.0099 9.07163
    endloop
  endfacet
  facet normal 0.308942 0 -0.951081
    outer loop
      vertex -61.1964 23.0099 10.0218
      vertex -60.8082 36.9901 10.1479
      vertex -60.8082 23.0099 10.1479
    endloop
  endfacet
  facet normal 0.308942 0 -0.951081
    outer loop
      vertex -60.8082 36.9901 10.1479
      vertex -61.1964 23.0099 10.0218
      vertex -61.1964 36.9901 10.0218
    endloop
  endfacet
  facet normal 1 -0 0
    outer loop
      vertex -63.2436 23.0099 7.20407
      vertex -63.2436 36.9901 6.79593
      vertex -63.2436 36.9901 7.20407
    endloop
  endfacet
  facet normal 1 0 0
    outer loop
      vertex -63.2436 36.9901 6.79593
      vertex -63.2436 23.0099 7.20407
      vertex -63.2436 23.0099 6.79593
    endloop
  endfacet
  facet normal -0.309009 0 0.951059
    outer loop
      vertex -59.1918 36.9901 3.8521
      vertex -58.8036 23.0099 3.97823
      vertex -58.8036 36.9901 3.97823
    endloop
  endfacet
  facet normal -0.309009 0 0.951059
    outer loop
      vertex -58.8036 23.0099 3.97823
      vertex -59.1918 36.9901 3.8521
      vertex -59.1918 23.0099 3.8521
    endloop
  endfacet
  facet normal -0.637399 0 0.770534
    outer loop
      vertex -58.0897 36.9901 4.37069
      vertex -57.7752 23.0099 4.63085
      vertex -57.7752 36.9901 4.63085
    endloop
  endfacet
  facet normal -0.637399 0 0.770534
    outer loop
      vertex -57.7752 23.0099 4.63085
      vertex -58.0897 36.9901 4.37069
      vertex -58.0897 23.0099 4.37069
    endloop
  endfacet
  facet normal -0.728956 0 0.68456
    outer loop
      vertex -57.7752 23.0099 4.63085
      vertex -57.4958 36.9901 4.92837
      vertex -57.7752 36.9901 4.63085
    endloop
  endfacet
  facet normal -0.728956 0 0.68456
    outer loop
      vertex -57.4958 36.9901 4.92837
      vertex -57.7752 23.0099 4.63085
      vertex -57.4958 23.0099 4.92837
    endloop
  endfacet
  facet normal -0.9921 0 0.125446
    outer loop
      vertex -56.8076 23.0099 6.39101
      vertex -56.7564 36.9901 6.79593
      vertex -56.8076 36.9901 6.39101
    endloop
  endfacet
  facet normal -0.9921 0 0.125446
    outer loop
      vertex -56.7564 36.9901 6.79593
      vertex -56.8076 23.0099 6.39101
      vertex -56.7564 23.0099 6.79593
    endloop
  endfacet
  facet normal -1 0 0
    outer loop
      vertex -56.7564 23.0099 6.79593
      vertex -56.7564 36.9901 7.20407
      vertex -56.7564 36.9901 6.79593
    endloop
  endfacet
  facet normal -1 -0 0
    outer loop
      vertex -56.7564 36.9901 7.20407
      vertex -56.7564 23.0099 6.79593
      vertex -56.7564 23.0099 7.20407
    endloop
  endfacet
  facet normal -0.876333 0 0.481706
    outer loop
      vertex -57.2559 23.0099 5.25856
      vertex -57.0593 36.9901 5.61622
      vertex -57.2559 36.9901 5.25856
    endloop
  endfacet
  facet normal -0.876333 0 0.481706
    outer loop
      vertex -57.0593 36.9901 5.61622
      vertex -57.2559 23.0099 5.25856
      vertex -57.0593 23.0099 5.61622
    endloop
  endfacet
  facet normal -0.929812 0 0.368034
    outer loop
      vertex -57.0593 23.0099 5.61622
      vertex -56.9091 36.9901 5.99569
      vertex -57.0593 36.9901 5.61622
    endloop
  endfacet
  facet normal -0.929812 0 0.368034
    outer loop
      vertex -56.9091 36.9901 5.99569
      vertex -57.0593 23.0099 5.61622
      vertex -56.9091 23.0099 5.99569
    endloop
  endfacet
  facet normal -0.535845 0 -0.844317
    outer loop
      vertex -58.4343 23.0099 9.848
      vertex -58.0897 36.9901 9.6293
      vertex -58.0897 23.0099 9.6293
    endloop
  endfacet
  facet normal -0.535845 0 -0.844317
    outer loop
      vertex -58.0897 36.9901 9.6293
      vertex -58.4343 23.0099 9.848
      vertex -58.4343 36.9901 9.848
    endloop
  endfacet
  facet normal -0.187439 0 -0.982276
    outer loop
      vertex -59.5927 23.0099 10.2244
      vertex -59.1918 36.9901 10.1479
      vertex -59.1918 23.0099 10.1479
    endloop
  endfacet
  facet normal -0.187439 0 -0.982276
    outer loop
      vertex -59.1918 36.9901 10.1479
      vertex -59.5927 23.0099 10.2244
      vertex -59.5927 36.9901 10.2244
    endloop
  endfacet
  facet normal -0.809014 0 -0.58779
    outer loop
      vertex -57.2559 23.0099 8.74144
      vertex -57.4958 36.9901 9.07163
      vertex -57.2559 36.9901 8.74144
    endloop
  endfacet
  facet normal -0.809014 -0 -0.58779
    outer loop
      vertex -57.4958 36.9901 9.07163
      vertex -57.2559 23.0099 8.74144
      vertex -57.4958 23.0099 9.07163
    endloop
  endfacet
  facet normal -0.968582 0 -0.248694
    outer loop
      vertex -56.8076 23.0099 7.60899
      vertex -56.9091 36.9901 8.0043
      vertex -56.8076 36.9901 7.60899
    endloop
  endfacet
  facet normal -0.968582 -0 -0.248694
    outer loop
      vertex -56.9091 36.9901 8.0043
      vertex -56.8076 23.0099 7.60899
      vertex -56.9091 23.0099 8.0043
    endloop
  endfacet
  facet normal 0.535827 0 0.844328
    outer loop
      vertex -61.9103 36.9901 4.37069
      vertex -61.5657 23.0099 4.152
      vertex -61.5657 36.9901 4.152
    endloop
  endfacet
  facet normal 0.535827 0 0.844328
    outer loop
      vertex -61.5657 23.0099 4.152
      vertex -61.9103 36.9901 4.37069
      vertex -61.9103 23.0099 4.37069
    endloop
  endfacet
  facet normal 0.187368 0 0.98229
    outer loop
      vertex -60.8082 36.9901 3.8521
      vertex -60.4073 23.0099 3.77563
      vertex -60.4073 36.9901 3.77563
    endloop
  endfacet
  facet normal 0.187368 0 0.98229
    outer loop
      vertex -60.4073 23.0099 3.77563
      vertex -60.8082 36.9901 3.8521
      vertex -60.8082 23.0099 3.8521
    endloop
  endfacet
  facet normal 0.0628024 0 0.998026
    outer loop
      vertex -60.4073 36.9901 3.77563
      vertex -60 23.0099 3.75
      vertex -60 36.9901 3.75
    endloop
  endfacet
  facet normal 0.0628024 0 0.998026
    outer loop
      vertex -60 23.0099 3.75
      vertex -60.4073 36.9901 3.77563
      vertex -60.4073 23.0099 3.77563
    endloop
  endfacet
  facet normal 0.929816 0 -0.368026
    outer loop
      vertex -62.9407 23.0099 8.38378
      vertex -63.0909 36.9901 8.0043
      vertex -62.9407 36.9901 8.38378
    endloop
  endfacet
  facet normal 0.929816 0 -0.368026
    outer loop
      vertex -63.0909 36.9901 8.0043
      vertex -62.9407 23.0099 8.38378
      vertex -63.0909 23.0099 8.0043
    endloop
  endfacet
  facet normal 0.637385 0 -0.770546
    outer loop
      vertex -62.2248 23.0099 9.36915
      vertex -61.9103 36.9901 9.6293
      vertex -61.9103 23.0099 9.6293
    endloop
  endfacet
  facet normal 0.637385 0 -0.770546
    outer loop
      vertex -61.9103 36.9901 9.6293
      vertex -62.2248 23.0099 9.36915
      vertex -62.2248 36.9901 9.36915
    endloop
  endfacet
  facet normal 0.187439 0 -0.982276
    outer loop
      vertex -60.8082 23.0099 10.1479
      vertex -60.4073 36.9901 10.2244
      vertex -60.4073 23.0099 10.2244
    endloop
  endfacet
  facet normal 0.187439 0 -0.982276
    outer loop
      vertex -60.4073 36.9901 10.2244
      vertex -60.8082 23.0099 10.1479
      vertex -60.8082 36.9901 10.1479
    endloop
  endfacet
  facet normal 0.0627292 0 -0.998031
    outer loop
      vertex -60.4073 23.0099 10.2244
      vertex -60 36.9901 10.25
      vertex -60 23.0099 10.25
    endloop
  endfacet
  facet normal 0.0627292 0 -0.998031
    outer loop
      vertex -60 36.9901 10.25
      vertex -60.4073 23.0099 10.2244
      vertex -60.4073 36.9901 10.2244
    endloop
  endfacet
  facet normal 0.968584 -0 0.248688
    outer loop
      vertex -63.1924 23.0099 6.39101
      vertex -63.0909 36.9901 5.99569
      vertex -63.1924 36.9901 6.39101
    endloop
  endfacet
  facet normal 0.968584 0 0.248688
    outer loop
      vertex -63.0909 36.9901 5.99569
      vertex -63.1924 23.0099 6.39101
      vertex -63.0909 23.0099 5.99569
    endloop
  endfacet
  facet normal 0.876333 -0 0.481706
    outer loop
      vertex -62.9407 23.0099 5.61622
      vertex -62.7441 36.9901 5.25856
      vertex -62.9407 36.9901 5.61622
    endloop
  endfacet
  facet normal 0.876333 0 0.481706
    outer loop
      vertex -62.7441 36.9901 5.25856
      vertex -62.9407 23.0099 5.61622
      vertex -62.7441 23.0099 5.25856
    endloop
  endfacet
  facet normal 0.535845 0 -0.844317
    outer loop
      vertex -61.9103 23.0099 9.6293
      vertex -61.5657 36.9901 9.848
      vertex -61.5657 23.0099 9.848
    endloop
  endfacet
  facet normal 0.535845 0 -0.844317
    outer loop
      vertex -61.5657 36.9901 9.848
      vertex -61.9103 23.0099 9.6293
      vertex -61.9103 36.9901 9.6293
    endloop
  endfacet
  facet normal 0.425821 0 -0.904808
    outer loop
      vertex -61.5657 23.0099 9.848
      vertex -61.1964 36.9901 10.0218
      vertex -61.1964 23.0099 10.0218
    endloop
  endfacet
  facet normal 0.425821 0 -0.904808
    outer loop
      vertex -61.1964 36.9901 10.0218
      vertex -61.5657 23.0099 9.848
      vertex -61.5657 36.9901 9.848
    endloop
  endfacet
  facet normal 0.728956 -0 0.68456
    outer loop
      vertex -62.5042 23.0099 4.92837
      vertex -62.2248 36.9901 4.63085
      vertex -62.5042 36.9901 4.92837
    endloop
  endfacet
  facet normal 0.728956 0 0.68456
    outer loop
      vertex -62.2248 36.9901 4.63085
      vertex -62.5042 23.0099 4.92837
      vertex -62.2248 23.0099 4.63085
    endloop
  endfacet
  facet normal 0.637399 0 0.770534
    outer loop
      vertex -62.2248 36.9901 4.63085
      vertex -61.9103 23.0099 4.37069
      vertex -61.9103 36.9901 4.37069
    endloop
  endfacet
  facet normal 0.637399 0 0.770534
    outer loop
      vertex -61.9103 23.0099 4.37069
      vertex -62.2248 36.9901 4.63085
      vertex -62.2248 23.0099 4.63085
    endloop
  endfacet
  facet normal 0.929812 -0 0.368034
    outer loop
      vertex -63.0909 23.0099 5.99569
      vertex -62.9407 36.9901 5.61622
      vertex -63.0909 36.9901 5.99569
    endloop
  endfacet
  facet normal 0.929812 0 0.368034
    outer loop
      vertex -62.9407 36.9901 5.61622
      vertex -63.0909 23.0099 5.99569
      vertex -62.9407 23.0099 5.61622
    endloop
  endfacet
  facet normal 0.809014 0 -0.58779
    outer loop
      vertex -62.5042 23.0099 9.07163
      vertex -62.7441 36.9901 8.74144
      vertex -62.5042 36.9901 9.07163
    endloop
  endfacet
  facet normal 0.809014 0 -0.58779
    outer loop
      vertex -62.7441 36.9901 8.74144
      vertex -62.5042 23.0099 9.07163
      vertex -62.7441 23.0099 8.74144
    endloop
  endfacet
  facet normal 0.968582 0 -0.248694
    outer loop
      vertex -63.0909 23.0099 8.0043
      vertex -63.1924 36.9901 7.60899
      vertex -63.0909 36.9901 8.0043
    endloop
  endfacet
  facet normal 0.968582 0 -0.248694
    outer loop
      vertex -63.1924 36.9901 7.60899
      vertex -63.0909 23.0099 8.0043
      vertex -63.1924 23.0099 7.60899
    endloop
  endfacet
  facet normal 0.9921 0 -0.125446
    outer loop
      vertex -63.1924 23.0099 7.60899
      vertex -63.2436 36.9901 7.20407
      vertex -63.1924 36.9901 7.60899
    endloop
  endfacet
  facet normal 0.9921 0 -0.125446
    outer loop
      vertex -63.2436 36.9901 7.20407
      vertex -63.1924 23.0099 7.60899
      vertex -63.2436 23.0099 7.20407
    endloop
  endfacet
  facet normal 0.876333 0 -0.481706
    outer loop
      vertex -62.7441 23.0099 8.74144
      vertex -62.9407 36.9901 8.38378
      vertex -62.7441 36.9901 8.74144
    endloop
  endfacet
  facet normal 0.876333 0 -0.481706
    outer loop
      vertex -62.9407 36.9901 8.38378
      vertex -62.7441 23.0099 8.74144
      vertex -62.9407 23.0099 8.38378
    endloop
  endfacet
endsolid OpenSCAD_Model
