solid OpenSCAD_Model
  facet normal -1 0 0
    outer loop
      vertex -37 17 0
      vertex -37 2.74457 10.3273
      vertex -37 17 21
    endloop
  endfacet
  facet normal -1 0 0
    outer loop
      vertex -37 17 0
      vertex -37 2.70129 9.9847
      vertex -37 2.74457 10.3273
    endloop
  endfacet
  facet normal -1 0 0
    outer loop
      vertex -37 17 0
      vertex -37 2.61541 9.6502
      vertex -37 2.70129 9.9847
    endloop
  endfacet
  facet normal -1 0 0
    outer loop
      vertex -37 17 0
      vertex -37 2.48827 9.32911
      vertex -37 2.61541 9.6502
    endloop
  endfacet
  facet normal -1 0 0
    outer loop
      vertex -37 17 0
      vertex -37 2.3219 9.02648
      vertex -37 2.48827 9.32911
    endloop
  endfacet
  facet normal -1 0 0
    outer loop
      vertex -37 17 0
      vertex -37 2.11891 8.74708
      vertex -37 2.3219 9.02648
    endloop
  endfacet
  facet normal -1 0 0
    outer loop
      vertex -37 17 0
      vertex -37 1.8825 8.49534
      vertex -37 2.11891 8.74708
    endloop
  endfacet
  facet normal -1 0 0
    outer loop
      vertex -37 17 0
      vertex -37 1.61641 8.2752
      vertex -37 1.8825 8.49534
    endloop
  endfacet
  facet normal -1 0 0
    outer loop
      vertex -37 17 0
      vertex -37 1.32482 8.09016
      vertex -37 1.61641 8.2752
    endloop
  endfacet
  facet normal -1 0 0
    outer loop
      vertex -37 17 0
      vertex -37 1.01234 7.94312
      vertex -37 1.32482 8.09016
    endloop
  endfacet
  facet normal -1 0 0
    outer loop
      vertex -37 17 0
      vertex -37 0.683897 7.8364
      vertex -37 1.01234 7.94312
    endloop
  endfacet
  facet normal -1 0 0
    outer loop
      vertex -37 17 0
      vertex -37 0.344666 7.77168
      vertex -37 0.683897 7.8364
    endloop
  endfacet
  facet normal -1 0 0
    outer loop
      vertex -37 17 0
      vertex -37 0 7.75
      vertex -37 0.344666 7.77168
    endloop
  endfacet
  facet normal -1 0 0
    outer loop
      vertex -37 -17 0
      vertex -37 0 7.75
      vertex -37 17 0
    endloop
  endfacet
  facet normal -1 -0 0
    outer loop
      vertex -37 0 7.75
      vertex -37 -17 0
      vertex -37 -0.344666 7.77168
    endloop
  endfacet
  facet normal -1 -0 0
    outer loop
      vertex -37 -0.344666 7.77168
      vertex -37 -17 0
      vertex -37 -0.683897 7.8364
    endloop
  endfacet
  facet normal -1 0 0
    outer loop
      vertex -37 -2.74457 10.3273
      vertex -37 -12.2554 10.3273
      vertex -37 -2.74457 10.6727
    endloop
  endfacet
  facet normal -1 0 0
    outer loop
      vertex -37 -2.70129 9.9847
      vertex -37 -12.2554 10.3273
      vertex -37 -2.74457 10.3273
    endloop
  endfacet
  facet normal -1 0 0
    outer loop
      vertex -37 -12.2987 9.9847
      vertex -37 -2.70129 9.9847
      vertex -37 -2.61541 9.6502
    endloop
  endfacet
  facet normal -1 0 0
    outer loop
      vertex -37 -12.3846 9.6502
      vertex -37 -2.61541 9.6502
      vertex -37 -2.48827 9.32911
    endloop
  endfacet
  facet normal -1 0 0
    outer loop
      vertex -37 -12.5117 9.32911
      vertex -37 -2.48827 9.32911
      vertex -37 -2.3219 9.02648
    endloop
  endfacet
  facet normal -1 0 0
    outer loop
      vertex -37 -12.6781 9.02648
      vertex -37 -2.3219 9.02648
      vertex -37 -2.11891 8.74708
    endloop
  endfacet
  facet normal -1 0 0
    outer loop
      vertex -37 -12.8811 8.74708
      vertex -37 -2.11891 8.74708
      vertex -37 -1.8825 8.49534
    endloop
  endfacet
  facet normal -1 0 0
    outer loop
      vertex -37 -13.1175 8.49534
      vertex -37 -1.8825 8.49534
      vertex -37 -1.61641 8.2752
    endloop
  endfacet
  facet normal -1 0 0
    outer loop
      vertex -37 -17 0
      vertex -37 -1.61641 8.2752
      vertex -37 -1.32482 8.09016
    endloop
  endfacet
  facet normal -1 0 0
    outer loop
      vertex -37 -17 0
      vertex -37 -1.32482 8.09016
      vertex -37 -1.01234 7.94312
    endloop
  endfacet
  facet normal -1 -0 0
    outer loop
      vertex -37 -0.683897 7.8364
      vertex -37 -17 0
      vertex -37 -1.01234 7.94312
    endloop
  endfacet
  facet normal -1 0 0
    outer loop
      vertex -37 -2.70129 9.9847
      vertex -37 -12.2987 9.9847
      vertex -37 -12.2554 10.3273
    endloop
  endfacet
  facet normal -1 0 0
    outer loop
      vertex -37 -2.61541 9.6502
      vertex -37 -12.3846 9.6502
      vertex -37 -12.2987 9.9847
    endloop
  endfacet
  facet normal -1 0 0
    outer loop
      vertex -37 -2.48827 9.32911
      vertex -37 -12.5117 9.32911
      vertex -37 -12.3846 9.6502
    endloop
  endfacet
  facet normal -1 0 0
    outer loop
      vertex -37 -2.3219 9.02648
      vertex -37 -12.6781 9.02648
      vertex -37 -12.5117 9.32911
    endloop
  endfacet
  facet normal -1 0 0
    outer loop
      vertex -37 -2.11891 8.74708
      vertex -37 -12.8811 8.74708
      vertex -37 -12.6781 9.02648
    endloop
  endfacet
  facet normal -1 -0 0
    outer loop
      vertex -37 -1.61641 8.2752
      vertex -37 -17 0
      vertex -37 -13.3836 8.2752
    endloop
  endfacet
  facet normal -1 0 0
    outer loop
      vertex -37 -1.8825 8.49534
      vertex -37 -13.1175 8.49534
      vertex -37 -12.8811 8.74708
    endloop
  endfacet
  facet normal -1 0 0
    outer loop
      vertex -37 -1.61641 8.2752
      vertex -37 -13.3836 8.2752
      vertex -37 -13.1175 8.49534
    endloop
  endfacet
  facet normal -1 0 0
    outer loop
      vertex -37 -13.3836 8.2752
      vertex -37 -17 0
      vertex -37 -13.6752 8.09016
    endloop
  endfacet
  facet normal -1 0 0
    outer loop
      vertex -37 -13.6752 8.09016
      vertex -37 -17 0
      vertex -37 -13.9877 7.94312
    endloop
  endfacet
  facet normal -1 0 0
    outer loop
      vertex -37 -13.9877 7.94312
      vertex -37 -17 0
      vertex -37 -14.3161 7.8364
    endloop
  endfacet
  facet normal -1 0 0
    outer loop
      vertex -37 -14.3161 7.8364
      vertex -37 -17 0
      vertex -37 -14.6553 7.77168
    endloop
  endfacet
  facet normal -1 0 0
    outer loop
      vertex -37 -14.6553 7.77168
      vertex -37 -17 0
      vertex -37 -15 7.75
    endloop
  endfacet
  facet normal -1 -0 0
    outer loop
      vertex -37 -15 7.75
      vertex -37 -17 0
      vertex -37 -15.3447 7.77168
    endloop
  endfacet
  facet normal -1 -0 0
    outer loop
      vertex -37 -15.3447 7.77168
      vertex -37 -17 0
      vertex -37 -15.6839 7.8364
    endloop
  endfacet
  facet normal -1 0 0
    outer loop
      vertex -37 -17 0
      vertex -37 -16.0123 7.94312
      vertex -37 -15.6839 7.8364
    endloop
  endfacet
  facet normal -1 0 0
    outer loop
      vertex -37 -17 0
      vertex -37 -16.3248 8.09016
      vertex -37 -16.0123 7.94312
    endloop
  endfacet
  facet normal -1 0 0
    outer loop
      vertex -37 -17 0
      vertex -37 -16.6164 8.2752
      vertex -37 -16.3248 8.09016
    endloop
  endfacet
  facet normal -1 0 0
    outer loop
      vertex -37 -17 0
      vertex -37 -16.8825 8.49534
      vertex -37 -16.6164 8.2752
    endloop
  endfacet
  facet normal -1 -0 0
    outer loop
      vertex -37 -16.8825 8.49534
      vertex -37 -17 0
      vertex -37 -17 8.62046
    endloop
  endfacet
  facet normal -1 0 0
    outer loop
      vertex -37 2.74457 10.6727
      vertex -37 17 21
      vertex -37 2.74457 10.3273
    endloop
  endfacet
  facet normal -1 0 0
    outer loop
      vertex -37 2.70129 11.0153
      vertex -37 17 21
      vertex -37 2.74457 10.6727
    endloop
  endfacet
  facet normal -1 0 0
    outer loop
      vertex -37 2.61541 11.3498
      vertex -37 17 21
      vertex -37 2.70129 11.0153
    endloop
  endfacet
  facet normal -1 0 0
    outer loop
      vertex -37 2.48827 11.6709
      vertex -37 17 21
      vertex -37 2.61541 11.3498
    endloop
  endfacet
  facet normal -1 0 0
    outer loop
      vertex -37 2.3219 11.9735
      vertex -37 17 21
      vertex -37 2.48827 11.6709
    endloop
  endfacet
  facet normal -1 0 0
    outer loop
      vertex -37 2.11891 12.2529
      vertex -37 17 21
      vertex -37 2.3219 11.9735
    endloop
  endfacet
  facet normal -1 0 0
    outer loop
      vertex -37 1.8825 12.5047
      vertex -37 17 21
      vertex -37 2.11891 12.2529
    endloop
  endfacet
  facet normal -1 0 0
    outer loop
      vertex -37 1.61641 12.7248
      vertex -37 17 21
      vertex -37 1.8825 12.5047
    endloop
  endfacet
  facet normal -1 0 0
    outer loop
      vertex -37 1.32482 12.9098
      vertex -37 17 21
      vertex -37 1.61641 12.7248
    endloop
  endfacet
  facet normal -1 0 0
    outer loop
      vertex -37 1.01234 13.0569
      vertex -37 17 21
      vertex -37 1.32482 12.9098
    endloop
  endfacet
  facet normal -1 0 0
    outer loop
      vertex -37 0.683897 13.1636
      vertex -37 17 21
      vertex -37 1.01234 13.0569
    endloop
  endfacet
  facet normal -1 0 0
    outer loop
      vertex -37 0.344666 13.2283
      vertex -37 17 21
      vertex -37 0.683897 13.1636
    endloop
  endfacet
  facet normal -1 0 0
    outer loop
      vertex -37 0 13.25
      vertex -37 17 21
      vertex -37 0.344666 13.2283
    endloop
  endfacet
  facet normal -1 0 0
    outer loop
      vertex -37 -17 21
      vertex -37 0 13.25
      vertex -37 -0.344666 13.2283
    endloop
  endfacet
  facet normal -1 0 0
    outer loop
      vertex -37 -17 21
      vertex -37 -0.344666 13.2283
      vertex -37 -0.683897 13.1636
    endloop
  endfacet
  facet normal -1 0 0
    outer loop
      vertex -37 -17 21
      vertex -37 -0.683897 13.1636
      vertex -37 -1.01234 13.0569
    endloop
  endfacet
  facet normal -1 0 0
    outer loop
      vertex -37 -12.2554 10.6727
      vertex -37 -2.74457 10.6727
      vertex -37 -12.2554 10.3273
    endloop
  endfacet
  facet normal -1 0 0
    outer loop
      vertex -37 -2.74457 10.6727
      vertex -37 -12.2554 10.6727
      vertex -37 -2.70129 11.0153
    endloop
  endfacet
  facet normal -1 0 0
    outer loop
      vertex -37 -12.2987 11.0153
      vertex -37 -2.70129 11.0153
      vertex -37 -12.2554 10.6727
    endloop
  endfacet
  facet normal -1 0 0
    outer loop
      vertex -37 -2.70129 11.0153
      vertex -37 -12.2987 11.0153
      vertex -37 -2.61541 11.3498
    endloop
  endfacet
  facet normal -1 0 0
    outer loop
      vertex -37 -12.3846 11.3498
      vertex -37 -2.61541 11.3498
      vertex -37 -12.2987 11.0153
    endloop
  endfacet
  facet normal -1 0 0
    outer loop
      vertex -37 -2.61541 11.3498
      vertex -37 -12.3846 11.3498
      vertex -37 -2.48827 11.6709
    endloop
  endfacet
  facet normal -1 0 0
    outer loop
      vertex -37 -12.5117 11.6709
      vertex -37 -2.48827 11.6709
      vertex -37 -12.3846 11.3498
    endloop
  endfacet
  facet normal -1 0 0
    outer loop
      vertex -37 -2.48827 11.6709
      vertex -37 -12.5117 11.6709
      vertex -37 -2.3219 11.9735
    endloop
  endfacet
  facet normal -1 0 0
    outer loop
      vertex -37 -12.6781 11.9735
      vertex -37 -2.3219 11.9735
      vertex -37 -12.5117 11.6709
    endloop
  endfacet
  facet normal -1 0 0
    outer loop
      vertex -37 -2.3219 11.9735
      vertex -37 -12.6781 11.9735
      vertex -37 -2.11891 12.2529
    endloop
  endfacet
  facet normal -1 0 0
    outer loop
      vertex -37 -12.8811 12.2529
      vertex -37 -2.11891 12.2529
      vertex -37 -12.6781 11.9735
    endloop
  endfacet
  facet normal -1 0 0
    outer loop
      vertex -37 -2.11891 12.2529
      vertex -37 -12.8811 12.2529
      vertex -37 -1.8825 12.5047
    endloop
  endfacet
  facet normal -1 0 0
    outer loop
      vertex -37 -13.1175 12.5047
      vertex -37 -1.8825 12.5047
      vertex -37 -12.8811 12.2529
    endloop
  endfacet
  facet normal -1 0 0
    outer loop
      vertex -37 -1.8825 12.5047
      vertex -37 -13.1175 12.5047
      vertex -37 -1.61641 12.7248
    endloop
  endfacet
  facet normal -1 0 0
    outer loop
      vertex -37 -13.3836 12.7248
      vertex -37 -1.61641 12.7248
      vertex -37 -13.1175 12.5047
    endloop
  endfacet
  facet normal -1 0 0
    outer loop
      vertex -37 -17 21
      vertex -37 -1.61641 12.7248
      vertex -37 -13.3836 12.7248
    endloop
  endfacet
  facet normal -1 0 0
    outer loop
      vertex -37 -1.61641 12.7248
      vertex -37 -17 21
      vertex -37 -1.32482 12.9098
    endloop
  endfacet
  facet normal -1 0 0
    outer loop
      vertex -37 -1.32482 12.9098
      vertex -37 -17 21
      vertex -37 -1.01234 13.0569
    endloop
  endfacet
  facet normal -1 0 0
    outer loop
      vertex -37 -17 21
      vertex -37 -13.3836 12.7248
      vertex -37 -13.6752 12.9098
    endloop
  endfacet
  facet normal -1 0 0
    outer loop
      vertex -37 -17 21
      vertex -37 -13.6752 12.9098
      vertex -37 -13.9877 13.0569
    endloop
  endfacet
  facet normal -1 0 0
    outer loop
      vertex -37 -17 21
      vertex -37 -13.9877 13.0569
      vertex -37 -14.3161 13.1636
    endloop
  endfacet
  facet normal -1 0 0
    outer loop
      vertex -37 -17 21
      vertex -37 -14.3161 13.1636
      vertex -37 -14.6553 13.2283
    endloop
  endfacet
  facet normal -1 0 0
    outer loop
      vertex -37 -17 21
      vertex -37 -14.6553 13.2283
      vertex -37 -15 13.25
    endloop
  endfacet
  facet normal -1 0 0
    outer loop
      vertex -37 -17 21
      vertex -37 -15 13.25
      vertex -37 -15.3447 13.2283
    endloop
  endfacet
  facet normal -1 0 0
    outer loop
      vertex -37 -17 21
      vertex -37 -15.3447 13.2283
      vertex -37 -15.6839 13.1636
    endloop
  endfacet
  facet normal -1 0 0
    outer loop
      vertex -37 0 13.25
      vertex -37 -17 21
      vertex -37 17 21
    endloop
  endfacet
  facet normal -1 0 0
    outer loop
      vertex -37 -16.0123 13.0569
      vertex -37 -17 21
      vertex -37 -15.6839 13.1636
    endloop
  endfacet
  facet normal -1 0 0
    outer loop
      vertex -37 -16.3248 12.9098
      vertex -37 -17 21
      vertex -37 -16.0123 13.0569
    endloop
  endfacet
  facet normal -1 0 0
    outer loop
      vertex -37 -16.6164 12.7248
      vertex -37 -17 21
      vertex -37 -16.3248 12.9098
    endloop
  endfacet
  facet normal -1 0 0
    outer loop
      vertex -37 -16.8825 12.5047
      vertex -37 -17 21
      vertex -37 -16.6164 12.7248
    endloop
  endfacet
  facet normal -1 0 0
    outer loop
      vertex -37 -17 21
      vertex -37 -16.8825 12.5047
      vertex -37 -17 12.3795
    endloop
  endfacet
  facet normal -0.99803 0.0627451 0
    outer loop
      vertex -37 17 0
      vertex -36.9606 17.6267 21
      vertex -36.9606 17.6267 0
    endloop
  endfacet
  facet normal -0.99803 0.0627451 0
    outer loop
      vertex -36.9606 17.6267 21
      vertex -37 17 0
      vertex -37 17 21
    endloop
  endfacet
  facet normal 0 0 1
    outer loop
      vertex 32.314 21.9901 21
      vertex 37 17 21
      vertex 36.9606 17.6267 21
    endloop
  endfacet
  facet normal 0 0 1
    outer loop
      vertex 31.6501 8.00987 21
      vertex 37 17 21
      vertex 32.314 21.9901 21
    endloop
  endfacet
  facet normal 0 0 1
    outer loop
      vertex 32.314 21.9901 21
      vertex 36.9606 17.6267 21
      vertex 36.8429 18.2435 21
    endloop
  endfacet
  facet normal 0 0 1
    outer loop
      vertex 37 17 21
      vertex 31.6501 8.00987 21
      vertex 37 13 21
    endloop
  endfacet
  facet normal 0 0 1
    outer loop
      vertex 32.314 21.9901 21
      vertex 36.8429 18.2435 21
      vertex 36.6489 18.8406 21
    endloop
  endfacet
  facet normal 0 0 1
    outer loop
      vertex 37 13 21
      vertex 31.6501 8.00987 21
      vertex 36.9606 12.3733 21
    endloop
  endfacet
  facet normal 0 0 1
    outer loop
      vertex 32.314 21.9901 21
      vertex 36.6489 18.8406 21
      vertex 36.3815 19.4088 21
    endloop
  endfacet
  facet normal 0 0 1
    outer loop
      vertex 36.9606 12.3733 21
      vertex 31.6501 8.00987 21
      vertex 36.8429 11.7565 21
    endloop
  endfacet
  facet normal 0 0 1
    outer loop
      vertex 32.314 21.9901 21
      vertex 36.3815 19.4088 21
      vertex 36.0451 19.9389 21
    endloop
  endfacet
  facet normal 0 0 1
    outer loop
      vertex 36.6489 11.1594 21
      vertex 31.6501 8.00987 21
      vertex 36.3815 10.5912 21
    endloop
  endfacet
  facet normal 0 0 1
    outer loop
      vertex 32.314 21.9901 21
      vertex 36.0451 19.9389 21
      vertex 35.6448 20.4227 21
    endloop
  endfacet
  facet normal 0 0 1
    outer loop
      vertex 36.3815 10.5912 21
      vertex 31.6501 8.00987 21
      vertex 36.0451 10.0611 21
    endloop
  endfacet
  facet normal 0 0 1
    outer loop
      vertex 32.314 21.9901 21
      vertex 35.6448 20.4227 21
      vertex 35.1871 20.8526 21
    endloop
  endfacet
  facet normal 0 0 1
    outer loop
      vertex 36.0451 10.0611 21
      vertex 31.6501 8.00987 21
      vertex 35.6448 9.57726 21
    endloop
  endfacet
  facet normal 0 0 1
    outer loop
      vertex 32.314 21.9901 21
      vertex 35.1871 20.8526 21
      vertex 34.6791 21.2216 21
    endloop
  endfacet
  facet normal 0 0 1
    outer loop
      vertex 35.6448 9.57726 21
      vertex 31.6501 8.00987 21
      vertex 35.1871 9.14743 21
    endloop
  endfacet
  facet normal 0 0 1
    outer loop
      vertex 32.314 21.9901 21
      vertex 34.6791 21.2216 21
      vertex 34.1289 21.5241 21
    endloop
  endfacet
  facet normal 0 0 1
    outer loop
      vertex 35.1871 9.14743 21
      vertex 31.6501 8.00987 21
      vertex 34.6791 8.77836 21
    endloop
  endfacet
  facet normal 0 0 1
    outer loop
      vertex 32.314 21.9901 21
      vertex 34.1289 21.5241 21
      vertex 33.5451 21.7553 21
    endloop
  endfacet
  facet normal 0 0 1
    outer loop
      vertex 34.6791 8.77836 21
      vertex 31.6501 8.00987 21
      vertex 34.1289 8.47586 21
    endloop
  endfacet
  facet normal 0 0 1
    outer loop
      vertex 32.314 21.9901 21
      vertex 33.5451 21.7553 21
      vertex 32.9369 21.9114 21
    endloop
  endfacet
  facet normal 0 0 1
    outer loop
      vertex 34.1289 8.47586 21
      vertex 31.6501 8.00987 21
      vertex 33.5451 8.24472 21
    endloop
  endfacet
  facet normal 0 0 1
    outer loop
      vertex 36.8429 11.7565 21
      vertex 31.6501 8.00987 21
      vertex 36.6489 11.1594 21
    endloop
  endfacet
  facet normal 0 0 1
    outer loop
      vertex 33.5451 8.24472 21
      vertex 31.6501 8.00987 21
      vertex 32.9369 8.08856 21
    endloop
  endfacet
  facet normal 0 0 1
    outer loop
      vertex 32.9369 8.08856 21
      vertex 31.6501 8.00987 21
      vertex 32.314 8.00987 21
    endloop
  endfacet
  facet normal 0 0 1
    outer loop
      vertex 32.314 21.9901 21
      vertex 0.389317 8.00987 21
      vertex 31.6501 8.00987 21
    endloop
  endfacet
  facet normal -0 0 1
    outer loop
      vertex -32.314 21.9901 21
      vertex 0.389317 8.00987 21
      vertex 32.314 21.9901 21
    endloop
  endfacet
  facet normal 0 0 1
    outer loop
      vertex -37 17 21
      vertex -23 -3.68479 21
      vertex -23 8.00987 21
    endloop
  endfacet
  facet normal 0 0 1
    outer loop
      vertex -23 -3.68479 21
      vertex -37 -17 21
      vertex -23.819 -19.7247 21
    endloop
  endfacet
  facet normal 0 -0 1
    outer loop
      vertex -27.686 -21.9901 21
      vertex -23.819 -19.7247 21
      vertex -37 -17 21
    endloop
  endfacet
  facet normal 0 -0 1
    outer loop
      vertex -24.3552 -20.4227 21
      vertex -23.819 -19.7247 21
      vertex -27.686 -21.9901 21
    endloop
  endfacet
  facet normal 0 0 1
    outer loop
      vertex -23.819 -19.7247 21
      vertex -24.3552 -20.4227 21
      vertex -23.9549 -19.9389 21
    endloop
  endfacet
  facet normal 0 0 1
    outer loop
      vertex -24.3552 -20.4227 21
      vertex -27.686 -21.9901 21
      vertex -24.8129 -20.8526 21
    endloop
  endfacet
  facet normal 0 0 1
    outer loop
      vertex -24.8129 -20.8526 21
      vertex -27.686 -21.9901 21
      vertex -25.3209 -21.2216 21
    endloop
  endfacet
  facet normal 0 0 1
    outer loop
      vertex -25.3209 -21.2216 21
      vertex -27.686 -21.9901 21
      vertex -25.8711 -21.5241 21
    endloop
  endfacet
  facet normal 0 0 1
    outer loop
      vertex -25.8711 -21.5241 21
      vertex -27.686 -21.9901 21
      vertex -26.4549 -21.7553 21
    endloop
  endfacet
  facet normal 0 0 1
    outer loop
      vertex 0.389317 8.00987 21
      vertex -32.314 21.9901 21
      vertex -23 8.00987 21
    endloop
  endfacet
  facet normal -0 0 1
    outer loop
      vertex -37 17 21
      vertex -23 8.00987 21
      vertex -32.314 21.9901 21
    endloop
  endfacet
  facet normal 0 0 1
    outer loop
      vertex -23 -3.68479 21
      vertex -37 17 21
      vertex -37 -17 21
    endloop
  endfacet
  facet normal 0 0 1
    outer loop
      vertex -37 17 21
      vertex -32.314 21.9901 21
      vertex -32.9369 21.9114 21
    endloop
  endfacet
  facet normal 0 0 1
    outer loop
      vertex -26.4549 -21.7553 21
      vertex -27.686 -21.9901 21
      vertex -27.0631 -21.9114 21
    endloop
  endfacet
  facet normal 0 0 1
    outer loop
      vertex -37 17 21
      vertex -32.9369 21.9114 21
      vertex -33.5451 21.7553 21
    endloop
  endfacet
  facet normal 0 0 1
    outer loop
      vertex -27.686 -21.9901 21
      vertex -37 -17 21
      vertex -32.314 -21.9901 21
    endloop
  endfacet
  facet normal 0 0 1
    outer loop
      vertex -37 17 21
      vertex -33.5451 21.7553 21
      vertex -34.1289 21.5241 21
    endloop
  endfacet
  facet normal 0 0 1
    outer loop
      vertex -32.314 -21.9901 21
      vertex -37 -17 21
      vertex -32.9369 -21.9114 21
    endloop
  endfacet
  facet normal 0 0 1
    outer loop
      vertex -37 17 21
      vertex -34.1289 21.5241 21
      vertex -34.6791 21.2216 21
    endloop
  endfacet
  facet normal 0 0 1
    outer loop
      vertex -32.9369 -21.9114 21
      vertex -37 -17 21
      vertex -33.5451 -21.7553 21
    endloop
  endfacet
  facet normal 0 0 1
    outer loop
      vertex -37 17 21
      vertex -34.6791 21.2216 21
      vertex -35.1871 20.8526 21
    endloop
  endfacet
  facet normal 0 0 1
    outer loop
      vertex -33.5451 -21.7553 21
      vertex -37 -17 21
      vertex -34.1289 -21.5241 21
    endloop
  endfacet
  facet normal 0 0 1
    outer loop
      vertex -37 17 21
      vertex -35.1871 20.8526 21
      vertex -35.6448 20.4227 21
    endloop
  endfacet
  facet normal 0 0 1
    outer loop
      vertex -34.1289 -21.5241 21
      vertex -37 -17 21
      vertex -34.6791 -21.2216 21
    endloop
  endfacet
  facet normal 0 0 1
    outer loop
      vertex -37 17 21
      vertex -35.6448 20.4227 21
      vertex -36.0451 19.9389 21
    endloop
  endfacet
  facet normal 0 0 1
    outer loop
      vertex -34.6791 -21.2216 21
      vertex -37 -17 21
      vertex -35.1871 -20.8526 21
    endloop
  endfacet
  facet normal 0 0 1
    outer loop
      vertex -37 17 21
      vertex -36.0451 19.9389 21
      vertex -36.3815 19.4088 21
    endloop
  endfacet
  facet normal 0 0 1
    outer loop
      vertex -35.1871 -20.8526 21
      vertex -37 -17 21
      vertex -35.6448 -20.4227 21
    endloop
  endfacet
  facet normal 0 0 1
    outer loop
      vertex -37 17 21
      vertex -36.3815 19.4088 21
      vertex -36.6489 18.8406 21
    endloop
  endfacet
  facet normal 0 0 1
    outer loop
      vertex -35.6448 -20.4227 21
      vertex -37 -17 21
      vertex -36.0451 -19.9389 21
    endloop
  endfacet
  facet normal 0 0 1
    outer loop
      vertex -37 17 21
      vertex -36.6489 18.8406 21
      vertex -36.8429 18.2435 21
    endloop
  endfacet
  facet normal 0 0 1
    outer loop
      vertex -36.0451 -19.9389 21
      vertex -37 -17 21
      vertex -36.3815 -19.4088 21
    endloop
  endfacet
  facet normal 0 0 1
    outer loop
      vertex -37 17 21
      vertex -36.8429 18.2435 21
      vertex -36.9606 17.6267 21
    endloop
  endfacet
  facet normal 0 0 1
    outer loop
      vertex -36.3815 -19.4088 21
      vertex -37 -17 21
      vertex -36.6489 -18.8406 21
    endloop
  endfacet
  facet normal 0 0 1
    outer loop
      vertex -36.6489 -18.8406 21
      vertex -37 -17 21
      vertex -36.8429 -18.2435 21
    endloop
  endfacet
  facet normal 0 0 1
    outer loop
      vertex -36.8429 -18.2435 21
      vertex -37 -17 21
      vertex -36.9606 -17.6267 21
    endloop
  endfacet
  facet normal 0 0 1
    outer loop
      vertex -23.819 -19.7247 21
      vertex 0.389317 8.00987 21
      vertex -23 -3.68479 21
    endloop
  endfacet
  facet normal -0 0 1
    outer loop
      vertex 0.389317 8.00987 21
      vertex -23.819 -19.7247 21
      vertex 31.6501 8.00987 21
    endloop
  endfacet
  facet normal 0 -1 0
    outer loop
      vertex 31.6501 8.00987 0
      vertex 32.314 8.00987 21
      vertex 31.6501 8.00987 21
    endloop
  endfacet
  facet normal 0 -1 -0
    outer loop
      vertex 32.314 8.00987 21
      vertex 31.6501 8.00987 0
      vertex 32.314 8.00987 0
    endloop
  endfacet
  facet normal 0 -1 0
    outer loop
      vertex -14.5927 8.00987 13.7244
      vertex -23 8.00987 21
      vertex -15 8.00987 13.75
    endloop
  endfacet
  facet normal 0 -1 0
    outer loop
      vertex -23 8.00987 21
      vertex -15.4073 8.00987 13.7244
      vertex -15 8.00987 13.75
    endloop
  endfacet
  facet normal 0 -1 0
    outer loop
      vertex -23 8.00987 21
      vertex -15.8082 8.00987 13.6479
      vertex -15.4073 8.00987 13.7244
    endloop
  endfacet
  facet normal 0 -1 0
    outer loop
      vertex -23 8.00987 21
      vertex -16.1964 8.00987 13.5218
      vertex -15.8082 8.00987 13.6479
    endloop
  endfacet
  facet normal 0 -1 0
    outer loop
      vertex -23 8.00987 21
      vertex -16.5657 8.00987 13.348
      vertex -16.1964 8.00987 13.5218
    endloop
  endfacet
  facet normal 0 -1 0
    outer loop
      vertex -23 8.00987 21
      vertex -16.9103 8.00987 13.1293
      vertex -16.5657 8.00987 13.348
    endloop
  endfacet
  facet normal 0 -1 0
    outer loop
      vertex -23 8.00987 21
      vertex -17.2248 8.00987 12.8691
      vertex -16.9103 8.00987 13.1293
    endloop
  endfacet
  facet normal 0 -1 0
    outer loop
      vertex -23 8.00987 21
      vertex -17.5042 8.00987 12.5716
      vertex -17.2248 8.00987 12.8691
    endloop
  endfacet
  facet normal 0 -1 0
    outer loop
      vertex -23 8.00987 21
      vertex -17.7441 8.00987 12.2414
      vertex -17.5042 8.00987 12.5716
    endloop
  endfacet
  facet normal 0 -1 0
    outer loop
      vertex -23 8.00987 21
      vertex -17.9407 8.00987 11.8838
      vertex -17.7441 8.00987 12.2414
    endloop
  endfacet
  facet normal 0 -1 0
    outer loop
      vertex -23 8.00987 21
      vertex -18.0909 8.00987 11.5043
      vertex -17.9407 8.00987 11.8838
    endloop
  endfacet
  facet normal 0 -1 0
    outer loop
      vertex -23 8.00987 21
      vertex -18.1924 8.00987 11.109
      vertex -18.0909 8.00987 11.5043
    endloop
  endfacet
  facet normal 0 -1 0
    outer loop
      vertex -23 8.00987 21
      vertex -18.2436 8.00987 10.7041
      vertex -18.1924 8.00987 11.109
    endloop
  endfacet
  facet normal 0 -1 0
    outer loop
      vertex -23 8.00987 21
      vertex -18.2436 8.00987 10.2959
      vertex -18.2436 8.00987 10.7041
    endloop
  endfacet
  facet normal 0 -1 0
    outer loop
      vertex -23 8.00987 0
      vertex -18.2436 8.00987 10.2959
      vertex -23 8.00987 21
    endloop
  endfacet
  facet normal 0 -1 -0
    outer loop
      vertex -18.2436 8.00987 10.2959
      vertex -23 8.00987 0
      vertex -18.1924 8.00987 9.89101
    endloop
  endfacet
  facet normal 0 -1 -0
    outer loop
      vertex -18.1924 8.00987 9.89101
      vertex -23 8.00987 0
      vertex -18.0909 8.00987 9.49569
    endloop
  endfacet
  facet normal 0 -1 -0
    outer loop
      vertex -15.4073 8.00987 7.27563
      vertex -23 8.00987 0
      vertex -15 8.00987 7.25
    endloop
  endfacet
  facet normal 0 -1 -0
    outer loop
      vertex -15.8082 8.00987 7.3521
      vertex -23 8.00987 0
      vertex -15.4073 8.00987 7.27563
    endloop
  endfacet
  facet normal 0 -1 -0
    outer loop
      vertex -16.1964 8.00987 7.47823
      vertex -23 8.00987 0
      vertex -15.8082 8.00987 7.3521
    endloop
  endfacet
  facet normal 0 -1 -0
    outer loop
      vertex -16.5657 8.00987 7.652
      vertex -23 8.00987 0
      vertex -16.1964 8.00987 7.47823
    endloop
  endfacet
  facet normal 0 -1 -0
    outer loop
      vertex -16.9103 8.00987 7.87069
      vertex -23 8.00987 0
      vertex -16.5657 8.00987 7.652
    endloop
  endfacet
  facet normal 0 -1 -0
    outer loop
      vertex -17.2248 8.00987 8.13085
      vertex -23 8.00987 0
      vertex -16.9103 8.00987 7.87069
    endloop
  endfacet
  facet normal 0 -1 -0
    outer loop
      vertex -17.5042 8.00987 8.42837
      vertex -23 8.00987 0
      vertex -17.2248 8.00987 8.13085
    endloop
  endfacet
  facet normal 0 -1 -0
    outer loop
      vertex -17.7441 8.00987 8.75856
      vertex -23 8.00987 0
      vertex -17.5042 8.00987 8.42837
    endloop
  endfacet
  facet normal 0 -1 -0
    outer loop
      vertex -17.9407 8.00987 9.11622
      vertex -23 8.00987 0
      vertex -17.7441 8.00987 8.75856
    endloop
  endfacet
  facet normal 0 -1 -0
    outer loop
      vertex -18.0909 8.00987 9.49569
      vertex -23 8.00987 0
      vertex -17.9407 8.00987 9.11622
    endloop
  endfacet
  facet normal 0 -1 0
    outer loop
      vertex -14.1918 8.00987 13.6479
      vertex -23 8.00987 21
      vertex -14.5927 8.00987 13.7244
    endloop
  endfacet
  facet normal 0 -1 0
    outer loop
      vertex -23 8.00987 21
      vertex -14.1918 8.00987 13.6479
      vertex 0.389317 8.00987 21
    endloop
  endfacet
  facet normal 0 -1 0
    outer loop
      vertex -13.8036 8.00987 13.5218
      vertex 0.389317 8.00987 21
      vertex -14.1918 8.00987 13.6479
    endloop
  endfacet
  facet normal 0 -1 0
    outer loop
      vertex -13.4343 8.00987 13.348
      vertex 0.389317 8.00987 21
      vertex -13.8036 8.00987 13.5218
    endloop
  endfacet
  facet normal 0 -1 0
    outer loop
      vertex -13.0897 8.00987 13.1293
      vertex 0.389317 8.00987 21
      vertex -13.4343 8.00987 13.348
    endloop
  endfacet
  facet normal 0 -1 0
    outer loop
      vertex -12.7752 8.00987 12.8691
      vertex 0.389317 8.00987 21
      vertex -13.0897 8.00987 13.1293
    endloop
  endfacet
  facet normal 0 -1 0
    outer loop
      vertex -12.4958 8.00987 12.5716
      vertex 0.389317 8.00987 21
      vertex -12.7752 8.00987 12.8691
    endloop
  endfacet
  facet normal 0 -1 0
    outer loop
      vertex -12.2559 8.00987 12.2414
      vertex 0.389317 8.00987 21
      vertex -12.4958 8.00987 12.5716
    endloop
  endfacet
  facet normal 0 -1 0
    outer loop
      vertex -12.0593 8.00987 11.8838
      vertex 0.389317 8.00987 21
      vertex -12.2559 8.00987 12.2414
    endloop
  endfacet
  facet normal 0 -1 0
    outer loop
      vertex -11.9091 8.00987 11.5043
      vertex 0.389317 8.00987 21
      vertex -12.0593 8.00987 11.8838
    endloop
  endfacet
  facet normal 0 -1 0
    outer loop
      vertex -11.8076 8.00987 11.109
      vertex 0.389317 8.00987 21
      vertex -11.9091 8.00987 11.5043
    endloop
  endfacet
  facet normal 0 -1 0
    outer loop
      vertex -11.7564 8.00987 10.7041
      vertex 0.389317 8.00987 21
      vertex -11.8076 8.00987 11.109
    endloop
  endfacet
  facet normal 0 -1 0
    outer loop
      vertex -11.7564 8.00987 10.2959
      vertex 0.389317 8.00987 21
      vertex -11.7564 8.00987 10.7041
    endloop
  endfacet
  facet normal 0 -1 0
    outer loop
      vertex 0.389317 8.00987 0
      vertex -11.7564 8.00987 10.2959
      vertex -11.8076 8.00987 9.89101
    endloop
  endfacet
  facet normal 0 -1 0
    outer loop
      vertex 0.389317 8.00987 0
      vertex -11.8076 8.00987 9.89101
      vertex -11.9091 8.00987 9.49569
    endloop
  endfacet
  facet normal 0 -1 0
    outer loop
      vertex 0.389317 8.00987 0
      vertex -11.9091 8.00987 9.49569
      vertex -12.0593 8.00987 9.11622
    endloop
  endfacet
  facet normal 0 -1 0
    outer loop
      vertex 0.389317 8.00987 0
      vertex -12.0593 8.00987 9.11622
      vertex -12.2559 8.00987 8.75856
    endloop
  endfacet
  facet normal 0 -1 0
    outer loop
      vertex 0.389317 8.00987 0
      vertex -12.2559 8.00987 8.75856
      vertex -12.4958 8.00987 8.42837
    endloop
  endfacet
  facet normal 0 -1 0
    outer loop
      vertex 0.389317 8.00987 0
      vertex -12.4958 8.00987 8.42837
      vertex -12.7752 8.00987 8.13085
    endloop
  endfacet
  facet normal 0 -1 0
    outer loop
      vertex -23 8.00987 0
      vertex -14.5927 8.00987 7.27563
      vertex -15 8.00987 7.25
    endloop
  endfacet
  facet normal 0 -1 0
    outer loop
      vertex -23 8.00987 0
      vertex -14.1918 8.00987 7.3521
      vertex -14.5927 8.00987 7.27563
    endloop
  endfacet
  facet normal 0 -1 0
    outer loop
      vertex 0.389317 8.00987 0
      vertex -14.1918 8.00987 7.3521
      vertex -23 8.00987 0
    endloop
  endfacet
  facet normal 0 -1 0
    outer loop
      vertex -14.1918 8.00987 7.3521
      vertex 0.389317 8.00987 0
      vertex -13.8036 8.00987 7.47823
    endloop
  endfacet
  facet normal 0 -1 0
    outer loop
      vertex -13.8036 8.00987 7.47823
      vertex 0.389317 8.00987 0
      vertex -13.4343 8.00987 7.652
    endloop
  endfacet
  facet normal 0 -1 0
    outer loop
      vertex -11.7564 8.00987 10.2959
      vertex 0.389317 8.00987 0
      vertex 0.389317 8.00987 21
    endloop
  endfacet
  facet normal 0 -1 0
    outer loop
      vertex -13.0897 8.00987 7.87069
      vertex 0.389317 8.00987 0
      vertex -12.7752 8.00987 8.13085
    endloop
  endfacet
  facet normal 0 -1 0
    outer loop
      vertex -13.4343 8.00987 7.652
      vertex 0.389317 8.00987 0
      vertex -13.0897 8.00987 7.87069
    endloop
  endfacet
  facet normal 0 1 -0
    outer loop
      vertex -15.8082 21.9901 13.6479
      vertex -32.314 21.9901 21
      vertex -15.4073 21.9901 13.7244
    endloop
  endfacet
  facet normal 0 1 0
    outer loop
      vertex -32.314 21.9901 21
      vertex -29.5927 21.9901 13.7244
      vertex -30 21.9901 13.75
    endloop
  endfacet
  facet normal 0 1 -0
    outer loop
      vertex -16.1964 21.9901 13.5218
      vertex -32.314 21.9901 21
      vertex -15.8082 21.9901 13.6479
    endloop
  endfacet
  facet normal 0 1 0
    outer loop
      vertex -32.314 21.9901 21
      vertex -29.1918 21.9901 13.6479
      vertex -29.5927 21.9901 13.7244
    endloop
  endfacet
  facet normal 0 1 -0
    outer loop
      vertex -16.5657 21.9901 13.348
      vertex -32.314 21.9901 21
      vertex -16.1964 21.9901 13.5218
    endloop
  endfacet
  facet normal 0 1 0
    outer loop
      vertex -32.314 21.9901 21
      vertex -28.8036 21.9901 13.5218
      vertex -29.1918 21.9901 13.6479
    endloop
  endfacet
  facet normal 0 1 -0
    outer loop
      vertex -16.9103 21.9901 13.1293
      vertex -32.314 21.9901 21
      vertex -16.5657 21.9901 13.348
    endloop
  endfacet
  facet normal 0 1 0
    outer loop
      vertex -32.314 21.9901 21
      vertex -28.4343 21.9901 13.348
      vertex -28.8036 21.9901 13.5218
    endloop
  endfacet
  facet normal 0 1 -0
    outer loop
      vertex -28.0897 21.9901 13.1293
      vertex -32.314 21.9901 21
      vertex -16.9103 21.9901 13.1293
    endloop
  endfacet
  facet normal 0 1 0
    outer loop
      vertex -32.314 21.9901 21
      vertex -28.0897 21.9901 13.1293
      vertex -28.4343 21.9901 13.348
    endloop
  endfacet
  facet normal 0 1 -0
    outer loop
      vertex -17.2248 21.9901 12.8691
      vertex -28.0897 21.9901 13.1293
      vertex -16.9103 21.9901 13.1293
    endloop
  endfacet
  facet normal 0 1 0
    outer loop
      vertex -17.2248 21.9901 12.8691
      vertex -27.7752 21.9901 12.8691
      vertex -28.0897 21.9901 13.1293
    endloop
  endfacet
  facet normal 0 1 -0
    outer loop
      vertex -17.5042 21.9901 12.5716
      vertex -27.7752 21.9901 12.8691
      vertex -17.2248 21.9901 12.8691
    endloop
  endfacet
  facet normal 0 1 0
    outer loop
      vertex -17.5042 21.9901 12.5716
      vertex -27.4958 21.9901 12.5716
      vertex -27.7752 21.9901 12.8691
    endloop
  endfacet
  facet normal 0 1 -0
    outer loop
      vertex -17.7441 21.9901 12.2414
      vertex -27.4958 21.9901 12.5716
      vertex -17.5042 21.9901 12.5716
    endloop
  endfacet
  facet normal 0 1 0
    outer loop
      vertex -17.7441 21.9901 12.2414
      vertex -27.2559 21.9901 12.2414
      vertex -27.4958 21.9901 12.5716
    endloop
  endfacet
  facet normal 0 1 -0
    outer loop
      vertex -17.9407 21.9901 11.8838
      vertex -27.2559 21.9901 12.2414
      vertex -17.7441 21.9901 12.2414
    endloop
  endfacet
  facet normal 0 1 0
    outer loop
      vertex -17.9407 21.9901 11.8838
      vertex -27.0593 21.9901 11.8838
      vertex -27.2559 21.9901 12.2414
    endloop
  endfacet
  facet normal 0 1 -0
    outer loop
      vertex -18.0909 21.9901 11.5043
      vertex -27.0593 21.9901 11.8838
      vertex -17.9407 21.9901 11.8838
    endloop
  endfacet
  facet normal 0 1 0
    outer loop
      vertex -18.0909 21.9901 11.5043
      vertex -26.9091 21.9901 11.5043
      vertex -27.0593 21.9901 11.8838
    endloop
  endfacet
  facet normal 0 1 -0
    outer loop
      vertex -18.1924 21.9901 11.109
      vertex -26.9091 21.9901 11.5043
      vertex -18.0909 21.9901 11.5043
    endloop
  endfacet
  facet normal 0 1 0
    outer loop
      vertex -18.1924 21.9901 11.109
      vertex -26.8076 21.9901 11.109
      vertex -26.9091 21.9901 11.5043
    endloop
  endfacet
  facet normal 0 1 -0
    outer loop
      vertex -18.2436 21.9901 10.7041
      vertex -26.8076 21.9901 11.109
      vertex -18.1924 21.9901 11.109
    endloop
  endfacet
  facet normal 0 1 0
    outer loop
      vertex -18.2436 21.9901 10.7041
      vertex -26.7564 21.9901 10.7041
      vertex -26.8076 21.9901 11.109
    endloop
  endfacet
  facet normal 0 1 -0
    outer loop
      vertex -18.2436 21.9901 10.2959
      vertex -26.7564 21.9901 10.7041
      vertex -18.2436 21.9901 10.7041
    endloop
  endfacet
  facet normal 0 1 0
    outer loop
      vertex -18.2436 21.9901 10.2959
      vertex -26.7564 21.9901 10.2959
      vertex -26.7564 21.9901 10.7041
    endloop
  endfacet
  facet normal 0 1 0
    outer loop
      vertex -18.1924 21.9901 9.89101
      vertex -26.7564 21.9901 10.2959
      vertex -18.2436 21.9901 10.2959
    endloop
  endfacet
  facet normal 0 1 0
    outer loop
      vertex -18.1924 21.9901 9.89101
      vertex -26.8076 21.9901 9.89101
      vertex -26.7564 21.9901 10.2959
    endloop
  endfacet
  facet normal 0 1 0
    outer loop
      vertex -18.0909 21.9901 9.49569
      vertex -26.8076 21.9901 9.89101
      vertex -18.1924 21.9901 9.89101
    endloop
  endfacet
  facet normal 0 1 0
    outer loop
      vertex -18.0909 21.9901 9.49569
      vertex -26.9091 21.9901 9.49569
      vertex -26.8076 21.9901 9.89101
    endloop
  endfacet
  facet normal 0 1 0
    outer loop
      vertex -17.9407 21.9901 9.11622
      vertex -26.9091 21.9901 9.49569
      vertex -18.0909 21.9901 9.49569
    endloop
  endfacet
  facet normal 0 1 0
    outer loop
      vertex -17.9407 21.9901 9.11622
      vertex -27.0593 21.9901 9.11622
      vertex -26.9091 21.9901 9.49569
    endloop
  endfacet
  facet normal 0 1 0
    outer loop
      vertex -17.7441 21.9901 8.75856
      vertex -27.0593 21.9901 9.11622
      vertex -17.9407 21.9901 9.11622
    endloop
  endfacet
  facet normal 0 1 0
    outer loop
      vertex -17.7441 21.9901 8.75856
      vertex -27.2559 21.9901 8.75856
      vertex -27.0593 21.9901 9.11622
    endloop
  endfacet
  facet normal 0 1 0
    outer loop
      vertex -17.5042 21.9901 8.42837
      vertex -27.2559 21.9901 8.75856
      vertex -17.7441 21.9901 8.75856
    endloop
  endfacet
  facet normal 0 1 0
    outer loop
      vertex -17.5042 21.9901 8.42837
      vertex -27.4958 21.9901 8.42837
      vertex -27.2559 21.9901 8.75856
    endloop
  endfacet
  facet normal 0 1 0
    outer loop
      vertex -17.2248 21.9901 8.13085
      vertex -27.4958 21.9901 8.42837
      vertex -17.5042 21.9901 8.42837
    endloop
  endfacet
  facet normal 0 1 0
    outer loop
      vertex -17.2248 21.9901 8.13085
      vertex -27.7752 21.9901 8.13085
      vertex -27.4958 21.9901 8.42837
    endloop
  endfacet
  facet normal 0 1 0
    outer loop
      vertex -16.9103 21.9901 7.87069
      vertex -27.7752 21.9901 8.13085
      vertex -17.2248 21.9901 8.13085
    endloop
  endfacet
  facet normal 0 1 0
    outer loop
      vertex -16.9103 21.9901 7.87069
      vertex -28.0897 21.9901 7.87069
      vertex -27.7752 21.9901 8.13085
    endloop
  endfacet
  facet normal 0 1 0
    outer loop
      vertex -32.314 21.9901 0
      vertex -16.9103 21.9901 7.87069
      vertex -16.5657 21.9901 7.652
    endloop
  endfacet
  facet normal 0 1 0
    outer loop
      vertex -16.9103 21.9901 7.87069
      vertex -32.314 21.9901 0
      vertex -28.0897 21.9901 7.87069
    endloop
  endfacet
  facet normal 0 1 0
    outer loop
      vertex -32.314 21.9901 0
      vertex -16.5657 21.9901 7.652
      vertex -16.1964 21.9901 7.47823
    endloop
  endfacet
  facet normal 0 1 0
    outer loop
      vertex -28.0897 21.9901 7.87069
      vertex -32.314 21.9901 0
      vertex -28.4343 21.9901 7.652
    endloop
  endfacet
  facet normal 0 1 0
    outer loop
      vertex -32.314 21.9901 0
      vertex -16.1964 21.9901 7.47823
      vertex -15.8082 21.9901 7.3521
    endloop
  endfacet
  facet normal 0 1 0
    outer loop
      vertex -28.4343 21.9901 7.652
      vertex -32.314 21.9901 0
      vertex -28.8036 21.9901 7.47823
    endloop
  endfacet
  facet normal 0 1 0
    outer loop
      vertex -32.314 21.9901 0
      vertex -15.8082 21.9901 7.3521
      vertex -15.4073 21.9901 7.27563
    endloop
  endfacet
  facet normal 0 1 0
    outer loop
      vertex -28.8036 21.9901 7.47823
      vertex -32.314 21.9901 0
      vertex -29.1918 21.9901 7.3521
    endloop
  endfacet
  facet normal 0 1 0
    outer loop
      vertex -32.314 21.9901 0
      vertex -15.4073 21.9901 7.27563
      vertex -15 21.9901 7.25
    endloop
  endfacet
  facet normal 0 1 0
    outer loop
      vertex -29.1918 21.9901 7.3521
      vertex -32.314 21.9901 0
      vertex -29.5927 21.9901 7.27563
    endloop
  endfacet
  facet normal 0 1 -0
    outer loop
      vertex -14.1918 21.9901 13.6479
      vertex -32.314 21.9901 21
      vertex 32.314 21.9901 21
    endloop
  endfacet
  facet normal 0 1 0
    outer loop
      vertex -32.314 21.9901 21
      vertex -14.5927 21.9901 13.7244
      vertex -15 21.9901 13.75
    endloop
  endfacet
  facet normal 0 1 0
    outer loop
      vertex -32.314 21.9901 21
      vertex -14.1918 21.9901 13.6479
      vertex -14.5927 21.9901 13.7244
    endloop
  endfacet
  facet normal 0 1 0
    outer loop
      vertex 32.314 21.9901 21
      vertex -13.8036 21.9901 13.5218
      vertex -14.1918 21.9901 13.6479
    endloop
  endfacet
  facet normal 0 1 0
    outer loop
      vertex 32.314 21.9901 21
      vertex -13.4343 21.9901 13.348
      vertex -13.8036 21.9901 13.5218
    endloop
  endfacet
  facet normal 0 1 0
    outer loop
      vertex 32.314 21.9901 21
      vertex -13.0897 21.9901 13.1293
      vertex -13.4343 21.9901 13.348
    endloop
  endfacet
  facet normal 0 1 0
    outer loop
      vertex 32.314 21.9901 21
      vertex -12.7752 21.9901 12.8691
      vertex -13.0897 21.9901 13.1293
    endloop
  endfacet
  facet normal 0 1 0
    outer loop
      vertex 32.314 21.9901 21
      vertex -12.4958 21.9901 12.5716
      vertex -12.7752 21.9901 12.8691
    endloop
  endfacet
  facet normal 0 1 0
    outer loop
      vertex 32.314 21.9901 21
      vertex -12.2559 21.9901 12.2414
      vertex -12.4958 21.9901 12.5716
    endloop
  endfacet
  facet normal 0 1 0
    outer loop
      vertex 32.314 21.9901 21
      vertex -12.0593 21.9901 11.8838
      vertex -12.2559 21.9901 12.2414
    endloop
  endfacet
  facet normal 0 1 0
    outer loop
      vertex 32.314 21.9901 21
      vertex -11.9091 21.9901 11.5043
      vertex -12.0593 21.9901 11.8838
    endloop
  endfacet
  facet normal 0 1 0
    outer loop
      vertex 32.314 21.9901 21
      vertex -11.8076 21.9901 11.109
      vertex -11.9091 21.9901 11.5043
    endloop
  endfacet
  facet normal 0 1 0
    outer loop
      vertex 32.314 21.9901 21
      vertex -11.7564 21.9901 10.7041
      vertex -11.8076 21.9901 11.109
    endloop
  endfacet
  facet normal 0 1 0
    outer loop
      vertex 32.314 21.9901 21
      vertex -11.7564 21.9901 10.2959
      vertex -11.7564 21.9901 10.7041
    endloop
  endfacet
  facet normal 0 1 -0
    outer loop
      vertex 32.314 21.9901 0
      vertex -11.7564 21.9901 10.2959
      vertex 32.314 21.9901 21
    endloop
  endfacet
  facet normal 0 1 0
    outer loop
      vertex -11.7564 21.9901 10.2959
      vertex 32.314 21.9901 0
      vertex -11.8076 21.9901 9.89101
    endloop
  endfacet
  facet normal 0 1 0
    outer loop
      vertex -11.8076 21.9901 9.89101
      vertex 32.314 21.9901 0
      vertex -11.9091 21.9901 9.49569
    endloop
  endfacet
  facet normal 0 1 0
    outer loop
      vertex -11.9091 21.9901 9.49569
      vertex 32.314 21.9901 0
      vertex -12.0593 21.9901 9.11622
    endloop
  endfacet
  facet normal 0 1 0
    outer loop
      vertex -12.0593 21.9901 9.11622
      vertex 32.314 21.9901 0
      vertex -12.2559 21.9901 8.75856
    endloop
  endfacet
  facet normal 0 1 0
    outer loop
      vertex -12.2559 21.9901 8.75856
      vertex 32.314 21.9901 0
      vertex -12.4958 21.9901 8.42837
    endloop
  endfacet
  facet normal 0 1 0
    outer loop
      vertex -12.4958 21.9901 8.42837
      vertex 32.314 21.9901 0
      vertex -12.7752 21.9901 8.13085
    endloop
  endfacet
  facet normal 0 1 0
    outer loop
      vertex -12.7752 21.9901 8.13085
      vertex 32.314 21.9901 0
      vertex -13.0897 21.9901 7.87069
    endloop
  endfacet
  facet normal 0 1 0
    outer loop
      vertex -13.0897 21.9901 7.87069
      vertex 32.314 21.9901 0
      vertex -13.4343 21.9901 7.652
    endloop
  endfacet
  facet normal 0 1 0
    outer loop
      vertex -13.4343 21.9901 7.652
      vertex 32.314 21.9901 0
      vertex -13.8036 21.9901 7.47823
    endloop
  endfacet
  facet normal 0 1 0
    outer loop
      vertex -14.5927 21.9901 7.27563
      vertex -32.314 21.9901 0
      vertex -15 21.9901 7.25
    endloop
  endfacet
  facet normal 0 1 0
    outer loop
      vertex -14.1918 21.9901 7.3521
      vertex -32.314 21.9901 0
      vertex -14.5927 21.9901 7.27563
    endloop
  endfacet
  facet normal 0 1 0
    outer loop
      vertex -32.314 21.9901 0
      vertex -14.1918 21.9901 7.3521
      vertex 32.314 21.9901 0
    endloop
  endfacet
  facet normal 0 1 0
    outer loop
      vertex -13.8036 21.9901 7.47823
      vertex 32.314 21.9901 0
      vertex -14.1918 21.9901 7.3521
    endloop
  endfacet
  facet normal 0 1 -0
    outer loop
      vertex -15.4073 21.9901 13.7244
      vertex -32.314 21.9901 21
      vertex -15 21.9901 13.75
    endloop
  endfacet
  facet normal 0 1 -0
    outer loop
      vertex -30.4073 21.9901 13.7244
      vertex -32.314 21.9901 21
      vertex -30 21.9901 13.75
    endloop
  endfacet
  facet normal 0 1 -0
    outer loop
      vertex -30.8082 21.9901 13.6479
      vertex -32.314 21.9901 21
      vertex -30.4073 21.9901 13.7244
    endloop
  endfacet
  facet normal 0 1 -0
    outer loop
      vertex -31.1964 21.9901 13.5218
      vertex -32.314 21.9901 21
      vertex -30.8082 21.9901 13.6479
    endloop
  endfacet
  facet normal 0 1 -0
    outer loop
      vertex -31.5657 21.9901 13.348
      vertex -32.314 21.9901 21
      vertex -31.1964 21.9901 13.5218
    endloop
  endfacet
  facet normal 0 1 -0
    outer loop
      vertex -31.9103 21.9901 13.1293
      vertex -32.314 21.9901 21
      vertex -31.5657 21.9901 13.348
    endloop
  endfacet
  facet normal 0 1 -0
    outer loop
      vertex -32.2248 21.9901 12.8691
      vertex -32.314 21.9901 21
      vertex -31.9103 21.9901 13.1293
    endloop
  endfacet
  facet normal 0 1 0
    outer loop
      vertex -32.314 21.9901 21
      vertex -32.2248 21.9901 12.8691
      vertex -32.314 21.9901 12.7742
    endloop
  endfacet
  facet normal 0 1 0
    outer loop
      vertex -29.5927 21.9901 7.27563
      vertex -32.314 21.9901 0
      vertex -30 21.9901 7.25
    endloop
  endfacet
  facet normal 0 1 0
    outer loop
      vertex -32.2248 21.9901 8.13085
      vertex -32.314 21.9901 0
      vertex -32.314 21.9901 8.22581
    endloop
  endfacet
  facet normal 0 1 0
    outer loop
      vertex -31.9103 21.9901 7.87069
      vertex -32.314 21.9901 0
      vertex -32.2248 21.9901 8.13085
    endloop
  endfacet
  facet normal 0 1 0
    outer loop
      vertex -31.5657 21.9901 7.652
      vertex -32.314 21.9901 0
      vertex -31.9103 21.9901 7.87069
    endloop
  endfacet
  facet normal 0 1 0
    outer loop
      vertex -31.1964 21.9901 7.47823
      vertex -32.314 21.9901 0
      vertex -31.5657 21.9901 7.652
    endloop
  endfacet
  facet normal 0 1 0
    outer loop
      vertex -30.8082 21.9901 7.3521
      vertex -32.314 21.9901 0
      vertex -31.1964 21.9901 7.47823
    endloop
  endfacet
  facet normal 0 1 0
    outer loop
      vertex -30.4073 21.9901 7.27563
      vertex -32.314 21.9901 0
      vertex -30.8082 21.9901 7.3521
    endloop
  endfacet
  facet normal 0 1 0
    outer loop
      vertex -30 21.9901 7.25
      vertex -32.314 21.9901 0
      vertex -30.4073 21.9901 7.27563
    endloop
  endfacet
  facet normal 0.904811 -0.425812 0
    outer loop
      vertex 36.3815 10.5912 21
      vertex 36.6489 11.1594 0
      vertex 36.6489 11.1594 21
    endloop
  endfacet
  facet normal 0.904811 -0.425812 0
    outer loop
      vertex 36.6489 11.1594 0
      vertex 36.3815 10.5912 21
      vertex 36.3815 10.5912 0
    endloop
  endfacet
  facet normal -0.125348 0.992113 0
    outer loop
      vertex -32.314 21.9901 12.7742
      vertex -32.9369 21.9114 21
      vertex -32.314 21.9901 21
    endloop
  endfacet
  facet normal -0.125202 0.992131 1.12314e-05
    outer loop
      vertex -32.5042 21.9661 12.5716
      vertex -32.9369 21.9114 21
      vertex -32.314 21.9901 12.7742
    endloop
  endfacet
  facet normal -0.125314 0.992117 5.37109e-06
    outer loop
      vertex -32.7441 21.9358 12.2414
      vertex -32.9369 21.9114 21
      vertex -32.5042 21.9661 12.5716
    endloop
  endfacet
  facet normal -0.125555 0.992087 0
    outer loop
      vertex -32.9369 21.9114 21
      vertex -32.7441 21.9358 12.2414
      vertex -32.9369 21.9114 11.8907
    endloop
  endfacet
  facet normal -0.125348 0.992113 0
    outer loop
      vertex -32.9369 21.9114 0
      vertex -32.314 21.9901 8.22581
      vertex -32.314 21.9901 0
    endloop
  endfacet
  facet normal -0.125202 0.992131 -1.12315e-05
    outer loop
      vertex -32.314 21.9901 8.22581
      vertex -32.9369 21.9114 0
      vertex -32.5042 21.9661 8.42837
    endloop
  endfacet
  facet normal -0.125314 0.992117 -5.37112e-06
    outer loop
      vertex -32.5042 21.9661 8.42837
      vertex -32.9369 21.9114 0
      vertex -32.7441 21.9358 8.75856
    endloop
  endfacet
  facet normal -0.125555 0.992087 0
    outer loop
      vertex -32.7441 21.9358 8.75856
      vertex -32.9369 21.9114 0
      vertex -32.9369 21.9114 9.10934
    endloop
  endfacet
  facet normal 1 -0 0
    outer loop
      vertex 37 13 21
      vertex 37 17 0
      vertex 37 17 21
    endloop
  endfacet
  facet normal 1 0 0
    outer loop
      vertex 37 17 0
      vertex 37 13 21
      vertex 37 13 0
    endloop
  endfacet
  facet normal 0.951061 -0.309003 0
    outer loop
      vertex 36.6489 11.1594 21
      vertex 36.8429 11.7565 0
      vertex 36.8429 11.7565 21
    endloop
  endfacet
  facet normal 0.951061 -0.309003 0
    outer loop
      vertex 36.8429 11.7565 0
      vertex 36.6489 11.1594 21
      vertex 36.6489 11.1594 0
    endloop
  endfacet
  facet normal 0.904811 0.425812 0
    outer loop
      vertex 36.6489 18.8406 21
      vertex 36.3815 19.4088 0
      vertex 36.3815 19.4088 21
    endloop
  endfacet
  facet normal 0.904811 0.425812 0
    outer loop
      vertex 36.3815 19.4088 0
      vertex 36.6489 18.8406 21
      vertex 36.6489 18.8406 0
    endloop
  endfacet
  facet normal 0.951061 0.309003 0
    outer loop
      vertex 36.8429 18.2435 21
      vertex 36.6489 18.8406 0
      vertex 36.6489 18.8406 21
    endloop
  endfacet
  facet normal 0.951061 0.309003 0
    outer loop
      vertex 36.6489 18.8406 0
      vertex 36.8429 18.2435 21
      vertex 36.8429 18.2435 0
    endloop
  endfacet
  facet normal 0.684624 0.728896 -0
    outer loop
      vertex 35.6448 20.4227 0
      vertex 35.1871 20.8526 21
      vertex 35.6448 20.4227 21
    endloop
  endfacet
  facet normal 0.684624 0.728896 0
    outer loop
      vertex 35.1871 20.8526 21
      vertex 35.6448 20.4227 0
      vertex 35.1871 20.8526 0
    endloop
  endfacet
  facet normal 0.368203 0.929745 -0
    outer loop
      vertex 34.1289 21.5241 0
      vertex 33.5451 21.7553 21
      vertex 34.1289 21.5241 21
    endloop
  endfacet
  facet normal 0.368203 0.929745 0
    outer loop
      vertex 33.5451 21.7553 21
      vertex 34.1289 21.5241 0
      vertex 33.5451 21.7553 0
    endloop
  endfacet
  facet normal 0.248601 0.968606 -0
    outer loop
      vertex 33.5451 21.7553 0
      vertex 32.9369 21.9114 21
      vertex 33.5451 21.7553 21
    endloop
  endfacet
  facet normal 0.248601 0.968606 0
    outer loop
      vertex 32.9369 21.9114 21
      vertex 33.5451 21.7553 0
      vertex 32.9369 21.9114 0
    endloop
  endfacet
  facet normal 0.125348 0.992113 -0
    outer loop
      vertex 32.9369 21.9114 0
      vertex 32.314 21.9901 21
      vertex 32.9369 21.9114 21
    endloop
  endfacet
  facet normal 0.125348 0.992113 0
    outer loop
      vertex 32.314 21.9901 21
      vertex 32.9369 21.9114 0
      vertex 32.314 21.9901 0
    endloop
  endfacet
  facet normal 0 0 -1
    outer loop
      vertex -23.819 -19.7247 0
      vertex 0.389317 8.00987 0
      vertex 31.6501 8.00987 0
    endloop
  endfacet
  facet normal 0 0 -1
    outer loop
      vertex -37 -17 0
      vertex -23 -3.68479 0
      vertex -23.819 -19.7247 0
    endloop
  endfacet
  facet normal 0 0 -1
    outer loop
      vertex 0.389317 8.00987 0
      vertex -23.819 -19.7247 0
      vertex -23 -3.68479 0
    endloop
  endfacet
  facet normal 0 0 -1
    outer loop
      vertex 31.6501 8.00987 0
      vertex 37 13 0
      vertex 36.9606 12.3733 0
    endloop
  endfacet
  facet normal -0 0 -1
    outer loop
      vertex 37 13 0
      vertex 31.6501 8.00987 0
      vertex 37 17 0
    endloop
  endfacet
  facet normal 0 0 -1
    outer loop
      vertex 31.6501 8.00987 0
      vertex 36.9606 12.3733 0
      vertex 36.8429 11.7565 0
    endloop
  endfacet
  facet normal 0 -0 -1
    outer loop
      vertex 32.314 21.9901 0
      vertex 37 17 0
      vertex 31.6501 8.00987 0
    endloop
  endfacet
  facet normal 0 0 -1
    outer loop
      vertex 31.6501 8.00987 0
      vertex 36.8429 11.7565 0
      vertex 36.6489 11.1594 0
    endloop
  endfacet
  facet normal 0 0 -1
    outer loop
      vertex 37 17 0
      vertex 32.314 21.9901 0
      vertex 36.9606 17.6267 0
    endloop
  endfacet
  facet normal 0 0 -1
    outer loop
      vertex 31.6501 8.00987 0
      vertex 36.6489 11.1594 0
      vertex 36.3815 10.5912 0
    endloop
  endfacet
  facet normal 0 0 -1
    outer loop
      vertex 36.9606 17.6267 0
      vertex 32.314 21.9901 0
      vertex 36.8429 18.2435 0
    endloop
  endfacet
  facet normal 0 0 -1
    outer loop
      vertex 31.6501 8.00987 0
      vertex 36.3815 10.5912 0
      vertex 36.0451 10.0611 0
    endloop
  endfacet
  facet normal 0 0 -1
    outer loop
      vertex 36.8429 18.2435 0
      vertex 32.314 21.9901 0
      vertex 36.6489 18.8406 0
    endloop
  endfacet
  facet normal 0 0 -1
    outer loop
      vertex 31.6501 8.00987 0
      vertex 36.0451 10.0611 0
      vertex 35.6448 9.57726 0
    endloop
  endfacet
  facet normal 0 0 -1
    outer loop
      vertex 36.6489 18.8406 0
      vertex 32.314 21.9901 0
      vertex 36.3815 19.4088 0
    endloop
  endfacet
  facet normal 0 0 -1
    outer loop
      vertex 31.6501 8.00987 0
      vertex 35.6448 9.57726 0
      vertex 35.1871 9.14743 0
    endloop
  endfacet
  facet normal 0 0 -1
    outer loop
      vertex 36.3815 19.4088 0
      vertex 32.314 21.9901 0
      vertex 36.0451 19.9389 0
    endloop
  endfacet
  facet normal 0 0 -1
    outer loop
      vertex 31.6501 8.00987 0
      vertex 35.1871 9.14743 0
      vertex 34.6791 8.77836 0
    endloop
  endfacet
  facet normal 0 0 -1
    outer loop
      vertex 36.0451 19.9389 0
      vertex 32.314 21.9901 0
      vertex 35.6448 20.4227 0
    endloop
  endfacet
  facet normal 0 0 -1
    outer loop
      vertex 31.6501 8.00987 0
      vertex 34.6791 8.77836 0
      vertex 34.1289 8.47586 0
    endloop
  endfacet
  facet normal 0 0 -1
    outer loop
      vertex 35.6448 20.4227 0
      vertex 32.314 21.9901 0
      vertex 35.1871 20.8526 0
    endloop
  endfacet
  facet normal 0 0 -1
    outer loop
      vertex 31.6501 8.00987 0
      vertex 34.1289 8.47586 0
      vertex 33.5451 8.24472 0
    endloop
  endfacet
  facet normal 0 0 -1
    outer loop
      vertex 35.1871 20.8526 0
      vertex 32.314 21.9901 0
      vertex 34.6791 21.2216 0
    endloop
  endfacet
  facet normal 0 0 -1
    outer loop
      vertex 31.6501 8.00987 0
      vertex 33.5451 8.24472 0
      vertex 32.9369 8.08856 0
    endloop
  endfacet
  facet normal 0 0 -1
    outer loop
      vertex 34.6791 21.2216 0
      vertex 32.314 21.9901 0
      vertex 34.1289 21.5241 0
    endloop
  endfacet
  facet normal 0 0 -1
    outer loop
      vertex 31.6501 8.00987 0
      vertex 32.9369 8.08856 0
      vertex 32.314 8.00987 0
    endloop
  endfacet
  facet normal 0 0 -1
    outer loop
      vertex 34.1289 21.5241 0
      vertex 32.314 21.9901 0
      vertex 33.5451 21.7553 0
    endloop
  endfacet
  facet normal 0 0 -1
    outer loop
      vertex 33.5451 21.7553 0
      vertex 32.314 21.9901 0
      vertex 32.9369 21.9114 0
    endloop
  endfacet
  facet normal 0 0 -1
    outer loop
      vertex 0.389317 8.00987 0
      vertex 32.314 21.9901 0
      vertex 31.6501 8.00987 0
    endloop
  endfacet
  facet normal 0 0 -1
    outer loop
      vertex -32.314 21.9901 0
      vertex 0.389317 8.00987 0
      vertex -23 8.00987 0
    endloop
  endfacet
  facet normal 0 0 -1
    outer loop
      vertex -24.3552 -20.4227 0
      vertex -23.819 -19.7247 0
      vertex -23.9549 -19.9389 0
    endloop
  endfacet
  facet normal 0 0 -1
    outer loop
      vertex -23.819 -19.7247 0
      vertex -24.3552 -20.4227 0
      vertex -27.686 -21.9901 0
    endloop
  endfacet
  facet normal 0 0 -1
    outer loop
      vertex -27.686 -21.9901 0
      vertex -24.3552 -20.4227 0
      vertex -24.8129 -20.8526 0
    endloop
  endfacet
  facet normal 0 0 -1
    outer loop
      vertex -27.686 -21.9901 0
      vertex -24.8129 -20.8526 0
      vertex -25.3209 -21.2216 0
    endloop
  endfacet
  facet normal 0 0 -1
    outer loop
      vertex -27.686 -21.9901 0
      vertex -25.3209 -21.2216 0
      vertex -25.8711 -21.5241 0
    endloop
  endfacet
  facet normal 0 0 -1
    outer loop
      vertex -27.686 -21.9901 0
      vertex -25.8711 -21.5241 0
      vertex -26.4549 -21.7553 0
    endloop
  endfacet
  facet normal 0 0 -1
    outer loop
      vertex -27.686 -21.9901 0
      vertex -26.4549 -21.7553 0
      vertex -27.0631 -21.9114 0
    endloop
  endfacet
  facet normal -0 0 -1
    outer loop
      vertex -23.819 -19.7247 0
      vertex -27.686 -21.9901 0
      vertex -37 -17 0
    endloop
  endfacet
  facet normal 0 0 -1
    outer loop
      vertex -37 -17 0
      vertex -27.686 -21.9901 0
      vertex -32.314 -21.9901 0
    endloop
  endfacet
  facet normal 0 0 -1
    outer loop
      vertex 0.389317 8.00987 0
      vertex -32.314 21.9901 0
      vertex 32.314 21.9901 0
    endloop
  endfacet
  facet normal 0 0 -1
    outer loop
      vertex -37 17 0
      vertex -23 -3.68479 0
      vertex -37 -17 0
    endloop
  endfacet
  facet normal 0 0 -1
    outer loop
      vertex -37 -17 0
      vertex -32.314 -21.9901 0
      vertex -32.9369 -21.9114 0
    endloop
  endfacet
  facet normal 0 0 -1
    outer loop
      vertex -23 -3.68479 0
      vertex -37 17 0
      vertex -23 8.00987 0
    endloop
  endfacet
  facet normal 0 0 -1
    outer loop
      vertex -37 -17 0
      vertex -32.9369 -21.9114 0
      vertex -33.5451 -21.7553 0
    endloop
  endfacet
  facet normal 0 0 -1
    outer loop
      vertex -23 8.00987 0
      vertex -37 17 0
      vertex -32.314 21.9901 0
    endloop
  endfacet
  facet normal 0 0 -1
    outer loop
      vertex -37 -17 0
      vertex -33.5451 -21.7553 0
      vertex -34.1289 -21.5241 0
    endloop
  endfacet
  facet normal 0 0 -1
    outer loop
      vertex -32.314 21.9901 0
      vertex -37 17 0
      vertex -32.9369 21.9114 0
    endloop
  endfacet
  facet normal 0 0 -1
    outer loop
      vertex -37 -17 0
      vertex -34.1289 -21.5241 0
      vertex -34.6791 -21.2216 0
    endloop
  endfacet
  facet normal 0 0 -1
    outer loop
      vertex -32.9369 21.9114 0
      vertex -37 17 0
      vertex -33.5451 21.7553 0
    endloop
  endfacet
  facet normal 0 0 -1
    outer loop
      vertex -37 -17 0
      vertex -34.6791 -21.2216 0
      vertex -35.1871 -20.8526 0
    endloop
  endfacet
  facet normal 0 0 -1
    outer loop
      vertex -33.5451 21.7553 0
      vertex -37 17 0
      vertex -34.1289 21.5241 0
    endloop
  endfacet
  facet normal 0 0 -1
    outer loop
      vertex -37 -17 0
      vertex -35.1871 -20.8526 0
      vertex -35.6448 -20.4227 0
    endloop
  endfacet
  facet normal 0 0 -1
    outer loop
      vertex -34.1289 21.5241 0
      vertex -37 17 0
      vertex -34.6791 21.2216 0
    endloop
  endfacet
  facet normal 0 0 -1
    outer loop
      vertex -37 -17 0
      vertex -35.6448 -20.4227 0
      vertex -36.0451 -19.9389 0
    endloop
  endfacet
  facet normal 0 0 -1
    outer loop
      vertex -34.6791 21.2216 0
      vertex -37 17 0
      vertex -35.1871 20.8526 0
    endloop
  endfacet
  facet normal 0 0 -1
    outer loop
      vertex -37 -17 0
      vertex -36.0451 -19.9389 0
      vertex -36.3815 -19.4088 0
    endloop
  endfacet
  facet normal 0 0 -1
    outer loop
      vertex -35.1871 20.8526 0
      vertex -37 17 0
      vertex -35.6448 20.4227 0
    endloop
  endfacet
  facet normal 0 0 -1
    outer loop
      vertex -37 -17 0
      vertex -36.3815 -19.4088 0
      vertex -36.6489 -18.8406 0
    endloop
  endfacet
  facet normal 0 0 -1
    outer loop
      vertex -35.6448 20.4227 0
      vertex -37 17 0
      vertex -36.0451 19.9389 0
    endloop
  endfacet
  facet normal 0 0 -1
    outer loop
      vertex -37 -17 0
      vertex -36.6489 -18.8406 0
      vertex -36.8429 -18.2435 0
    endloop
  endfacet
  facet normal 0 0 -1
    outer loop
      vertex -36.0451 19.9389 0
      vertex -37 17 0
      vertex -36.3815 19.4088 0
    endloop
  endfacet
  facet normal 0 0 -1
    outer loop
      vertex -37 -17 0
      vertex -36.8429 -18.2435 0
      vertex -36.9606 -17.6267 0
    endloop
  endfacet
  facet normal 0 0 -1
    outer loop
      vertex -36.3815 19.4088 0
      vertex -37 17 0
      vertex -36.6489 18.8406 0
    endloop
  endfacet
  facet normal 0 0 -1
    outer loop
      vertex -36.6489 18.8406 0
      vertex -37 17 0
      vertex -36.8429 18.2435 0
    endloop
  endfacet
  facet normal 0 0 -1
    outer loop
      vertex -36.8429 18.2435 0
      vertex -37 17 0
      vertex -36.9606 17.6267 0
    endloop
  endfacet
  facet normal 0.99803 -0.0627451 0
    outer loop
      vertex 36.9606 12.3733 21
      vertex 37 13 0
      vertex 37 13 21
    endloop
  endfacet
  facet normal 0.99803 -0.0627451 0
    outer loop
      vertex 37 13 0
      vertex 36.9606 12.3733 21
      vertex 36.9606 12.3733 0
    endloop
  endfacet
  facet normal 0.587771 -0.809027 0
    outer loop
      vertex 34.6791 8.77836 0
      vertex 35.1871 9.14743 21
      vertex 34.6791 8.77836 21
    endloop
  endfacet
  facet normal 0.587771 -0.809027 0
    outer loop
      vertex 35.1871 9.14743 21
      vertex 34.6791 8.77836 0
      vertex 35.1871 9.14743 0
    endloop
  endfacet
  facet normal 0.770488 -0.637455 0
    outer loop
      vertex 35.6448 9.57726 21
      vertex 36.0451 10.0611 0
      vertex 36.0451 10.0611 21
    endloop
  endfacet
  facet normal 0.770488 -0.637455 0
    outer loop
      vertex 36.0451 10.0611 0
      vertex 35.6448 9.57726 21
      vertex 35.6448 9.57726 0
    endloop
  endfacet
  facet normal 0.368121 -0.929778 0
    outer loop
      vertex 33.5451 8.24472 0
      vertex 34.1289 8.47586 21
      vertex 33.5451 8.24472 21
    endloop
  endfacet
  facet normal 0.368121 -0.929778 0
    outer loop
      vertex 34.1289 8.47586 21
      vertex 33.5451 8.24472 0
      vertex 34.1289 8.47586 0
    endloop
  endfacet
  facet normal 0.125332 -0.992115 0
    outer loop
      vertex 32.314 8.00987 0
      vertex 32.9369 8.08856 21
      vertex 32.314 8.00987 21
    endloop
  endfacet
  facet normal 0.125332 -0.992115 0
    outer loop
      vertex 32.9369 8.08856 21
      vertex 32.314 8.00987 0
      vertex 32.9369 8.08856 0
    endloop
  endfacet
  facet normal 0.770462 0.637486 0
    outer loop
      vertex 36.0451 19.9389 21
      vertex 35.6448 20.4227 0
      vertex 35.6448 20.4227 21
    endloop
  endfacet
  facet normal 0.770462 0.637486 0
    outer loop
      vertex 35.6448 20.4227 0
      vertex 36.0451 19.9389 21
      vertex 36.0451 19.9389 0
    endloop
  endfacet
  facet normal 0.844336 0.535814 0
    outer loop
      vertex 36.3815 19.4088 21
      vertex 36.0451 19.9389 0
      vertex 36.0451 19.9389 21
    endloop
  endfacet
  facet normal 0.844336 0.535814 0
    outer loop
      vertex 36.0451 19.9389 0
      vertex 36.3815 19.4088 21
      vertex 36.3815 19.4088 0
    endloop
  endfacet
  facet normal 0.587698 0.80908 -0
    outer loop
      vertex 35.1871 20.8526 0
      vertex 34.6791 21.2216 21
      vertex 35.1871 20.8526 21
    endloop
  endfacet
  facet normal 0.587698 0.80908 0
    outer loop
      vertex 34.6791 21.2216 21
      vertex 35.1871 20.8526 0
      vertex 34.6791 21.2216 0
    endloop
  endfacet
  facet normal 0.481784 0.87629 -0
    outer loop
      vertex 34.6791 21.2216 0
      vertex 34.1289 21.5241 21
      vertex 34.6791 21.2216 21
    endloop
  endfacet
  facet normal 0.481784 0.87629 0
    outer loop
      vertex 34.1289 21.5241 21
      vertex 34.6791 21.2216 0
      vertex 34.1289 21.5241 0
    endloop
  endfacet
  facet normal -0.951061 0.309003 0
    outer loop
      vertex -36.8429 18.2435 0
      vertex -36.6489 18.8406 21
      vertex -36.6489 18.8406 0
    endloop
  endfacet
  facet normal -0.951061 0.309003 0
    outer loop
      vertex -36.6489 18.8406 21
      vertex -36.8429 18.2435 0
      vertex -36.8429 18.2435 21
    endloop
  endfacet
  facet normal -0.368203 0.929745 0
    outer loop
      vertex -33.5451 21.7553 0
      vertex -34.1289 21.5241 21
      vertex -33.5451 21.7553 21
    endloop
  endfacet
  facet normal -0.368203 0.929745 0
    outer loop
      vertex -34.1289 21.5241 21
      vertex -33.5451 21.7553 0
      vertex -34.1289 21.5241 0
    endloop
  endfacet
  facet normal -0.481784 0.87629 0
    outer loop
      vertex -34.1289 21.5241 0
      vertex -34.6791 21.2216 21
      vertex -34.1289 21.5241 21
    endloop
  endfacet
  facet normal -0.481784 0.87629 0
    outer loop
      vertex -34.6791 21.2216 21
      vertex -34.1289 21.5241 0
      vertex -34.6791 21.2216 0
    endloop
  endfacet
  facet normal 0.982276 -0.187441 0
    outer loop
      vertex 36.8429 11.7565 21
      vertex 36.9606 12.3733 0
      vertex 36.9606 12.3733 21
    endloop
  endfacet
  facet normal 0.982276 -0.187441 0
    outer loop
      vertex 36.9606 12.3733 0
      vertex 36.8429 11.7565 21
      vertex 36.8429 11.7565 0
    endloop
  endfacet
  facet normal 0.684565 -0.728952 0
    outer loop
      vertex 35.1871 9.14743 0
      vertex 35.6448 9.57726 21
      vertex 35.1871 9.14743 21
    endloop
  endfacet
  facet normal 0.684565 -0.728952 0
    outer loop
      vertex 35.6448 9.57726 21
      vertex 35.1871 9.14743 0
      vertex 35.6448 9.57726 0
    endloop
  endfacet
  facet normal 0.844336 -0.535814 0
    outer loop
      vertex 36.0451 10.0611 21
      vertex 36.3815 10.5912 0
      vertex 36.3815 10.5912 21
    endloop
  endfacet
  facet normal 0.844336 -0.535814 0
    outer loop
      vertex 36.3815 10.5912 0
      vertex 36.0451 10.0611 21
      vertex 36.0451 10.0611 0
    endloop
  endfacet
  facet normal 0.481784 -0.87629 0
    outer loop
      vertex 34.1289 8.47586 0
      vertex 34.6791 8.77836 21
      vertex 34.1289 8.47586 21
    endloop
  endfacet
  facet normal 0.481784 -0.87629 0
    outer loop
      vertex 34.6791 8.77836 21
      vertex 34.1289 8.47586 0
      vertex 34.6791 8.77836 0
    endloop
  endfacet
  facet normal 0.248691 -0.968583 0
    outer loop
      vertex 32.9369 8.08856 0
      vertex 33.5451 8.24472 21
      vertex 32.9369 8.08856 21
    endloop
  endfacet
  facet normal 0.248691 -0.968583 0
    outer loop
      vertex 33.5451 8.24472 21
      vertex 32.9369 8.08856 0
      vertex 33.5451 8.24472 0
    endloop
  endfacet
  facet normal -0.982276 0.187441 0
    outer loop
      vertex -36.9606 17.6267 0
      vertex -36.8429 18.2435 21
      vertex -36.8429 18.2435 0
    endloop
  endfacet
  facet normal -0.982276 0.187441 0
    outer loop
      vertex -36.8429 18.2435 21
      vertex -36.9606 17.6267 0
      vertex -36.9606 17.6267 21
    endloop
  endfacet
  facet normal -0.770462 0.637486 0
    outer loop
      vertex -36.0451 19.9389 0
      vertex -35.6448 20.4227 21
      vertex -35.6448 20.4227 0
    endloop
  endfacet
  facet normal -0.770462 0.637486 0
    outer loop
      vertex -35.6448 20.4227 21
      vertex -36.0451 19.9389 0
      vertex -36.0451 19.9389 21
    endloop
  endfacet
  facet normal -0.844336 0.535814 0
    outer loop
      vertex -36.3815 19.4088 0
      vertex -36.0451 19.9389 21
      vertex -36.0451 19.9389 0
    endloop
  endfacet
  facet normal -0.844336 0.535814 0
    outer loop
      vertex -36.0451 19.9389 21
      vertex -36.3815 19.4088 0
      vertex -36.3815 19.4088 21
    endloop
  endfacet
  facet normal -0.904811 0.425812 0
    outer loop
      vertex -36.6489 18.8406 0
      vertex -36.3815 19.4088 21
      vertex -36.3815 19.4088 0
    endloop
  endfacet
  facet normal -0.904811 0.425812 0
    outer loop
      vertex -36.3815 19.4088 21
      vertex -36.6489 18.8406 0
      vertex -36.6489 18.8406 21
    endloop
  endfacet
  facet normal -0.248601 0.968606 0
    outer loop
      vertex -32.9369 21.9114 11.8907
      vertex -33.5451 21.7553 21
      vertex -32.9369 21.9114 21
    endloop
  endfacet
  facet normal -0.232439 0.97261 0.00114773
    outer loop
      vertex -32.9407 21.9105 11.8838
      vertex -33.5451 21.7553 21
      vertex -32.9369 21.9114 11.8907
    endloop
  endfacet
  facet normal -0.248876 0.968535 -1.13901e-05
    outer loop
      vertex -33.0909 21.8719 11.5043
      vertex -33.5451 21.7553 21
      vertex -32.9407 21.9105 11.8838
    endloop
  endfacet
  facet normal -0.24898 0.968509 -1.67043e-05
    outer loop
      vertex -33.1924 21.8458 11.109
      vertex -33.5451 21.7553 21
      vertex -33.0909 21.8719 11.5043
    endloop
  endfacet
  facet normal -0.248021 0.968755 1.97413e-05
    outer loop
      vertex -33.2436 21.8327 10.7041
      vertex -33.5451 21.7553 21
      vertex -33.1924 21.8458 11.109
    endloop
  endfacet
  facet normal -0.248654 0.968592 0
    outer loop
      vertex -33.2436 21.8327 10.2959
      vertex -33.5451 21.7553 21
      vertex -33.2436 21.8327 10.7041
    endloop
  endfacet
  facet normal -0.248601 0.968606 0
    outer loop
      vertex -33.5451 21.7553 0
      vertex -32.9369 21.9114 9.10934
      vertex -32.9369 21.9114 0
    endloop
  endfacet
  facet normal -0.232434 0.972611 -0.00114809
    outer loop
      vertex -32.9369 21.9114 9.10934
      vertex -33.5451 21.7553 0
      vertex -32.9407 21.9105 9.11622
    endloop
  endfacet
  facet normal -0.248876 0.968535 1.13902e-05
    outer loop
      vertex -32.9407 21.9105 9.11622
      vertex -33.5451 21.7553 0
      vertex -33.0909 21.8719 9.49569
    endloop
  endfacet
  facet normal -0.24898 0.968509 1.67042e-05
    outer loop
      vertex -33.0909 21.8719 9.49569
      vertex -33.5451 21.7553 0
      vertex -33.1924 21.8458 9.89101
    endloop
  endfacet
  facet normal -0.248654 0.968592 0
    outer loop
      vertex -33.2436 21.8327 10.2959
      vertex -33.5451 21.7553 0
      vertex -33.5451 21.7553 21
    endloop
  endfacet
  facet normal -0.248021 0.968755 -1.97414e-05
    outer loop
      vertex -33.1924 21.8458 9.89101
      vertex -33.5451 21.7553 0
      vertex -33.2436 21.8327 10.2959
    endloop
  endfacet
  facet normal -0.587698 0.80908 0
    outer loop
      vertex -34.6791 21.2216 0
      vertex -35.1871 20.8526 21
      vertex -34.6791 21.2216 21
    endloop
  endfacet
  facet normal -0.587698 0.80908 0
    outer loop
      vertex -35.1871 20.8526 21
      vertex -34.6791 21.2216 0
      vertex -35.1871 20.8526 0
    endloop
  endfacet
  facet normal 0.982276 0.187441 0
    outer loop
      vertex 36.9606 17.6267 21
      vertex 36.8429 18.2435 0
      vertex 36.8429 18.2435 21
    endloop
  endfacet
  facet normal 0.982276 0.187441 0
    outer loop
      vertex 36.8429 18.2435 0
      vertex 36.9606 17.6267 21
      vertex 36.9606 17.6267 0
    endloop
  endfacet
  facet normal 0.99803 0.0627451 0
    outer loop
      vertex 37 17 21
      vertex 36.9606 17.6267 0
      vertex 36.9606 17.6267 21
    endloop
  endfacet
  facet normal 0.99803 0.0627451 0
    outer loop
      vertex 36.9606 17.6267 0
      vertex 37 17 21
      vertex 37 17 0
    endloop
  endfacet
  facet normal -0.684624 0.728896 0
    outer loop
      vertex -35.1871 20.8526 0
      vertex -35.6448 20.4227 21
      vertex -35.1871 20.8526 21
    endloop
  endfacet
  facet normal -0.684624 0.728896 0
    outer loop
      vertex -35.6448 20.4227 21
      vertex -35.1871 20.8526 0
      vertex -35.6448 20.4227 0
    endloop
  endfacet
  facet normal 1 0 0
    outer loop
      vertex -23 8.00987 21
      vertex -23 5.48915 10.8453
      vertex -23 8.00987 0
    endloop
  endfacet
  facet normal 1 0 0
    outer loop
      vertex -23 8.00987 21
      vertex -23 5.40258 11.5306
      vertex -23 5.48915 10.8453
    endloop
  endfacet
  facet normal 1 0 0
    outer loop
      vertex -23 8.00987 21
      vertex -23 5.23081 12.1996
      vertex -23 5.40258 11.5306
    endloop
  endfacet
  facet normal 1 0 0
    outer loop
      vertex -23 8.00987 21
      vertex -23 4.97655 12.8418
      vertex -23 5.23081 12.1996
    endloop
  endfacet
  facet normal 1 0 0
    outer loop
      vertex -23 8.00987 21
      vertex -23 4.6438 13.447
      vertex -23 4.97655 12.8418
    endloop
  endfacet
  facet normal 1 0 0
    outer loop
      vertex -23 8.00987 21
      vertex -23 4.23782 14.0058
      vertex -23 4.6438 13.447
    endloop
  endfacet
  facet normal 1 0 0
    outer loop
      vertex -23 8.00987 21
      vertex -23 3.76501 14.5093
      vertex -23 4.23782 14.0058
    endloop
  endfacet
  facet normal 1 0 0
    outer loop
      vertex -23 8.00987 21
      vertex -23 3.23282 14.9496
      vertex -23 3.76501 14.5093
    endloop
  endfacet
  facet normal 1 0 0
    outer loop
      vertex -23 8.00987 21
      vertex -23 2.64964 15.3197
      vertex -23 3.23282 14.9496
    endloop
  endfacet
  facet normal 1 0 0
    outer loop
      vertex -23 8.00987 21
      vertex -23 2.02468 15.6138
      vertex -23 2.64964 15.3197
    endloop
  endfacet
  facet normal 1 0 0
    outer loop
      vertex -23 8.00987 21
      vertex -23 1.36779 15.8272
      vertex -23 2.02468 15.6138
    endloop
  endfacet
  facet normal 1 0 0
    outer loop
      vertex -23 8.00987 21
      vertex -23 0.689332 15.9566
      vertex -23 1.36779 15.8272
    endloop
  endfacet
  facet normal 1 -0 0
    outer loop
      vertex -23 -3.68479 21
      vertex -23 0.689332 15.9566
      vertex -23 8.00987 21
    endloop
  endfacet
  facet normal 1 0 0
    outer loop
      vertex -23 0.689332 15.9566
      vertex -23 -3.68479 21
      vertex -23 0 16
    endloop
  endfacet
  facet normal 1 0 0
    outer loop
      vertex -23 0 16
      vertex -23 -3.68479 21
      vertex -23 -0.689332 15.9566
    endloop
  endfacet
  facet normal 1 0 0
    outer loop
      vertex -23 -0.689332 15.9566
      vertex -23 -3.68479 21
      vertex -23 -1.36779 15.8272
    endloop
  endfacet
  facet normal 1 0 0
    outer loop
      vertex -23 -1.36779 15.8272
      vertex -23 -3.68479 21
      vertex -23 -2.02468 15.6138
    endloop
  endfacet
  facet normal 1 0 0
    outer loop
      vertex -23 -2.02468 15.6138
      vertex -23 -3.68479 21
      vertex -23 -2.64964 15.3197
    endloop
  endfacet
  facet normal 1 0 0
    outer loop
      vertex -23 -3.68479 21
      vertex -23 -3.23282 14.9496
      vertex -23 -2.64964 15.3197
    endloop
  endfacet
  facet normal 1 0 0
    outer loop
      vertex -23 -3.23282 14.9496
      vertex -23 -3.68479 21
      vertex -23 -3.68479 14.5757
    endloop
  endfacet
  facet normal 1 -0 0
    outer loop
      vertex -23 5.48915 10.1547
      vertex -23 8.00987 0
      vertex -23 5.48915 10.8453
    endloop
  endfacet
  facet normal 1 -0 0
    outer loop
      vertex -23 5.40258 9.4694
      vertex -23 8.00987 0
      vertex -23 5.48915 10.1547
    endloop
  endfacet
  facet normal 1 -0 0
    outer loop
      vertex -23 5.23081 8.80041
      vertex -23 8.00987 0
      vertex -23 5.40258 9.4694
    endloop
  endfacet
  facet normal 1 -0 0
    outer loop
      vertex -23 4.97655 8.15821
      vertex -23 8.00987 0
      vertex -23 5.23081 8.80041
    endloop
  endfacet
  facet normal 1 -0 0
    outer loop
      vertex -23 4.6438 7.55295
      vertex -23 8.00987 0
      vertex -23 4.97655 8.15821
    endloop
  endfacet
  facet normal 1 -0 0
    outer loop
      vertex -23 4.23782 6.99417
      vertex -23 8.00987 0
      vertex -23 4.6438 7.55295
    endloop
  endfacet
  facet normal 1 -0 0
    outer loop
      vertex -23 3.76501 6.49067
      vertex -23 8.00987 0
      vertex -23 4.23782 6.99417
    endloop
  endfacet
  facet normal 1 -0 0
    outer loop
      vertex -23 3.23282 6.05041
      vertex -23 8.00987 0
      vertex -23 3.76501 6.49067
    endloop
  endfacet
  facet normal 1 -0 0
    outer loop
      vertex -23 2.64964 5.68031
      vertex -23 8.00987 0
      vertex -23 3.23282 6.05041
    endloop
  endfacet
  facet normal 1 -0 0
    outer loop
      vertex -23 2.02468 5.38623
      vertex -23 8.00987 0
      vertex -23 2.64964 5.68031
    endloop
  endfacet
  facet normal 1 -0 0
    outer loop
      vertex -23 1.36779 5.17279
      vertex -23 8.00987 0
      vertex -23 2.02468 5.38623
    endloop
  endfacet
  facet normal 1 -0 0
    outer loop
      vertex -23 0.689332 5.04337
      vertex -23 8.00987 0
      vertex -23 1.36779 5.17279
    endloop
  endfacet
  facet normal 1 0 0
    outer loop
      vertex -23 -3.68479 0
      vertex -23 0.689332 5.04337
      vertex -23 0 5
    endloop
  endfacet
  facet normal 1 0 0
    outer loop
      vertex -23 -3.68479 0
      vertex -23 0 5
      vertex -23 -0.689332 5.04337
    endloop
  endfacet
  facet normal 1 0 0
    outer loop
      vertex -23 -3.68479 0
      vertex -23 -0.689332 5.04337
      vertex -23 -1.36779 5.17279
    endloop
  endfacet
  facet normal 1 0 0
    outer loop
      vertex -23 -3.68479 0
      vertex -23 -1.36779 5.17279
      vertex -23 -2.02468 5.38623
    endloop
  endfacet
  facet normal 1 0 0
    outer loop
      vertex -23 -3.68479 0
      vertex -23 -2.02468 5.38623
      vertex -23 -2.64964 5.68031
    endloop
  endfacet
  facet normal 1 0 0
    outer loop
      vertex -23 0.689332 5.04337
      vertex -23 -3.68479 0
      vertex -23 8.00987 0
    endloop
  endfacet
  facet normal 1 0 0
    outer loop
      vertex -23 -3.23282 6.05041
      vertex -23 -3.68479 0
      vertex -23 -2.64964 5.68031
    endloop
  endfacet
  facet normal 1 0 0
    outer loop
      vertex -23 -3.68479 0
      vertex -23 -3.23282 6.05041
      vertex -23 -3.68479 6.42431
    endloop
  endfacet
  facet normal 0.248601 -0.968606 0
    outer loop
      vertex -27.0631 -21.9114 0
      vertex -26.4549 -21.7553 21
      vertex -27.0631 -21.9114 21
    endloop
  endfacet
  facet normal 0.248601 -0.968606 0
    outer loop
      vertex -26.4549 -21.7553 21
      vertex -27.0631 -21.9114 0
      vertex -26.4549 -21.7553 0
    endloop
  endfacet
  facet normal -0.951061 -0.309003 0
    outer loop
      vertex -36.6489 -18.8406 0
      vertex -36.8429 -18.2435 21
      vertex -36.8429 -18.2435 0
    endloop
  endfacet
  facet normal -0.951061 -0.309003 0
    outer loop
      vertex -36.8429 -18.2435 21
      vertex -36.6489 -18.8406 0
      vertex -36.6489 -18.8406 21
    endloop
  endfacet
  facet normal -0.99803 -0.0627451 0
    outer loop
      vertex -36.9606 -17.6267 0
      vertex -37 -17 8.62046
      vertex -37 -17 0
    endloop
  endfacet
  facet normal -0.998017 -0.0629382 1.40892e-05
    outer loop
      vertex -37 -17 8.62046
      vertex -36.9606 -17.6267 0
      vertex -36.9925 -17.1189 8.74708
    endloop
  endfacet
  facet normal -0.998019 -0.062912 1.25641e-05
    outer loop
      vertex -36.9925 -17.1189 8.74708
      vertex -36.9606 -17.6267 0
      vertex -36.9797 -17.3219 9.02648
    endloop
  endfacet
  facet normal -0.998052 -0.0623877 -5.2086e-06
    outer loop
      vertex -36.9797 -17.3219 9.02648
      vertex -36.9606 -17.6267 0
      vertex -36.9693 -17.4883 9.32911
    endloop
  endfacet
  facet normal -0.998025 -0.0628153 1.16015e-06
    outer loop
      vertex -36.9693 -17.4883 9.32911
      vertex -36.9606 -17.6267 0
      vertex -36.9613 -17.6154 9.6502
    endloop
  endfacet
  facet normal -0.998087 -0.0618284 0
    outer loop
      vertex -36.9613 -17.6154 9.6502
      vertex -36.9606 -17.6267 0
      vertex -36.9606 -17.6267 9.69406
    endloop
  endfacet
  facet normal -0.998017 -0.0629382 -1.40893e-05
    outer loop
      vertex -36.9606 -17.6267 21
      vertex -37 -17 12.3795
      vertex -36.9925 -17.1189 12.2529
    endloop
  endfacet
  facet normal -0.998019 -0.062912 -1.25641e-05
    outer loop
      vertex -36.9606 -17.6267 21
      vertex -36.9925 -17.1189 12.2529
      vertex -36.9797 -17.3219 11.9735
    endloop
  endfacet
  facet normal -0.998052 -0.0623877 5.20861e-06
    outer loop
      vertex -36.9606 -17.6267 21
      vertex -36.9797 -17.3219 11.9735
      vertex -36.9693 -17.4883 11.6709
    endloop
  endfacet
  facet normal -0.998025 -0.0628153 -1.16015e-06
    outer loop
      vertex -36.9606 -17.6267 21
      vertex -36.9693 -17.4883 11.6709
      vertex -36.9613 -17.6154 11.3498
    endloop
  endfacet
  facet normal -0.998087 -0.0618284 -0
    outer loop
      vertex -36.9606 -17.6267 21
      vertex -36.9613 -17.6154 11.3498
      vertex -36.9606 -17.6267 11.3059
    endloop
  endfacet
  facet normal -0.99803 -0.0627451 0
    outer loop
      vertex -37 -17 12.3795
      vertex -36.9606 -17.6267 21
      vertex -37 -17 21
    endloop
  endfacet
  facet normal -0.770462 -0.637486 0
    outer loop
      vertex -35.6448 -20.4227 0
      vertex -36.0451 -19.9389 21
      vertex -36.0451 -19.9389 0
    endloop
  endfacet
  facet normal -0.770462 -0.637486 0
    outer loop
      vertex -36.0451 -19.9389 21
      vertex -35.6448 -20.4227 0
      vertex -35.6448 -20.4227 21
    endloop
  endfacet
  facet normal -0.904811 -0.425812 0
    outer loop
      vertex -36.3815 -19.4088 0
      vertex -36.6489 -18.8406 21
      vertex -36.6489 -18.8406 0
    endloop
  endfacet
  facet normal -0.904811 -0.425812 0
    outer loop
      vertex -36.6489 -18.8406 21
      vertex -36.3815 -19.4088 0
      vertex -36.3815 -19.4088 21
    endloop
  endfacet
  facet normal -0.368203 -0.929745 0
    outer loop
      vertex -34.1289 -21.5241 0
      vertex -33.5451 -21.7553 21
      vertex -34.1289 -21.5241 21
    endloop
  endfacet
  facet normal -0.368203 -0.929745 -0
    outer loop
      vertex -33.5451 -21.7553 21
      vertex -34.1289 -21.5241 0
      vertex -33.5451 -21.7553 0
    endloop
  endfacet
  facet normal -0.248601 -0.968606 0
    outer loop
      vertex -33.5451 -21.7553 0
      vertex -32.9369 -21.9114 21
      vertex -33.5451 -21.7553 21
    endloop
  endfacet
  facet normal -0.248601 -0.968606 -0
    outer loop
      vertex -32.9369 -21.9114 21
      vertex -33.5451 -21.7553 0
      vertex -32.9369 -21.9114 0
    endloop
  endfacet
  facet normal 0 -1 0
    outer loop
      vertex -32.314 -21.9901 0
      vertex -27.686 -21.9901 21
      vertex -32.314 -21.9901 21
    endloop
  endfacet
  facet normal 0 -1 -0
    outer loop
      vertex -27.686 -21.9901 21
      vertex -32.314 -21.9901 0
      vertex -27.686 -21.9901 0
    endloop
  endfacet
  facet normal 0.770462 -0.637486 0
    outer loop
      vertex -24.3552 -20.4227 21
      vertex -23.9549 -19.9389 0
      vertex -23.9549 -19.9389 21
    endloop
  endfacet
  facet normal 0.770462 -0.637486 0
    outer loop
      vertex -23.9549 -19.9389 0
      vertex -24.3552 -20.4227 21
      vertex -24.3552 -20.4227 0
    endloop
  endfacet
  facet normal -0.982276 -0.187441 0
    outer loop
      vertex -36.8429 -18.2435 0
      vertex -36.9606 -17.6267 9.69406
      vertex -36.9606 -17.6267 0
    endloop
  endfacet
  facet normal -0.98215 -0.188099 4.3337e-05
    outer loop
      vertex -36.9606 -17.6267 9.69406
      vertex -36.8429 -18.2435 0
      vertex -36.9463 -17.7013 9.9847
    endloop
  endfacet
  facet normal -0.982276 -0.187438 0
    outer loop
      vertex -36.9381 -17.7446 10.3273
      vertex -36.8429 -18.2435 0
      vertex -36.9381 -17.7446 10.6727
    endloop
  endfacet
  facet normal -0.982465 -0.186448 -4.95607e-05
    outer loop
      vertex -36.9463 -17.7013 9.9847
      vertex -36.8429 -18.2435 0
      vertex -36.9381 -17.7446 10.3273
    endloop
  endfacet
  facet normal -0.98215 -0.188099 -4.33381e-05
    outer loop
      vertex -36.8429 -18.2435 21
      vertex -36.9606 -17.6267 11.3059
      vertex -36.9463 -17.7013 11.0153
    endloop
  endfacet
  facet normal -0.982465 -0.186448 4.95607e-05
    outer loop
      vertex -36.8429 -18.2435 21
      vertex -36.9463 -17.7013 11.0153
      vertex -36.9381 -17.7446 10.6727
    endloop
  endfacet
  facet normal -0.982276 -0.187438 -0
    outer loop
      vertex -36.8429 -18.2435 21
      vertex -36.9381 -17.7446 10.6727
      vertex -36.8429 -18.2435 0
    endloop
  endfacet
  facet normal -0.982276 -0.187441 0
    outer loop
      vertex -36.9606 -17.6267 11.3059
      vertex -36.8429 -18.2435 21
      vertex -36.9606 -17.6267 21
    endloop
  endfacet
  facet normal -0.844336 -0.535814 0
    outer loop
      vertex -36.0451 -19.9389 0
      vertex -36.3815 -19.4088 21
      vertex -36.3815 -19.4088 0
    endloop
  endfacet
  facet normal -0.844336 -0.535814 0
    outer loop
      vertex -36.3815 -19.4088 21
      vertex -36.0451 -19.9389 0
      vertex -36.0451 -19.9389 21
    endloop
  endfacet
  facet normal -0.481784 -0.87629 0
    outer loop
      vertex -34.6791 -21.2216 0
      vertex -34.1289 -21.5241 21
      vertex -34.6791 -21.2216 21
    endloop
  endfacet
  facet normal -0.481784 -0.87629 -0
    outer loop
      vertex -34.1289 -21.5241 21
      vertex -34.6791 -21.2216 0
      vertex -34.1289 -21.5241 0
    endloop
  endfacet
  facet normal -0.587698 -0.80908 0
    outer loop
      vertex -35.1871 -20.8526 0
      vertex -34.6791 -21.2216 21
      vertex -35.1871 -20.8526 21
    endloop
  endfacet
  facet normal -0.587698 -0.80908 -0
    outer loop
      vertex -34.6791 -21.2216 21
      vertex -35.1871 -20.8526 0
      vertex -34.6791 -21.2216 0
    endloop
  endfacet
  facet normal -0.684624 -0.728896 0
    outer loop
      vertex -35.6448 -20.4227 0
      vertex -35.1871 -20.8526 21
      vertex -35.6448 -20.4227 21
    endloop
  endfacet
  facet normal -0.684624 -0.728896 -0
    outer loop
      vertex -35.1871 -20.8526 21
      vertex -35.6448 -20.4227 0
      vertex -35.1871 -20.8526 0
    endloop
  endfacet
  facet normal -0.125348 -0.992113 0
    outer loop
      vertex -32.9369 -21.9114 0
      vertex -32.314 -21.9901 21
      vertex -32.9369 -21.9114 21
    endloop
  endfacet
  facet normal -0.125348 -0.992113 -0
    outer loop
      vertex -32.314 -21.9901 21
      vertex -32.9369 -21.9114 0
      vertex -32.314 -21.9901 0
    endloop
  endfacet
  facet normal 0.125348 -0.992113 0
    outer loop
      vertex -27.686 -21.9901 0
      vertex -27.0631 -21.9114 21
      vertex -27.686 -21.9901 21
    endloop
  endfacet
  facet normal 0.125348 -0.992113 0
    outer loop
      vertex -27.0631 -21.9114 21
      vertex -27.686 -21.9901 0
      vertex -27.0631 -21.9114 0
    endloop
  endfacet
  facet normal 0.368203 -0.929745 0
    outer loop
      vertex -26.4549 -21.7553 0
      vertex -25.8711 -21.5241 21
      vertex -26.4549 -21.7553 21
    endloop
  endfacet
  facet normal 0.368203 -0.929745 0
    outer loop
      vertex -25.8711 -21.5241 21
      vertex -26.4549 -21.7553 0
      vertex -25.8711 -21.5241 0
    endloop
  endfacet
  facet normal 0.844391 -0.535727 0
    outer loop
      vertex -23.9549 -19.9389 21
      vertex -23.819 -19.7247 12.0189
      vertex -23.819 -19.7247 21
    endloop
  endfacet
  facet normal 0.84446 -0.535619 3.63302e-06
    outer loop
      vertex -23.819 -19.7247 12.0189
      vertex -23.9549 -19.9389 21
      vertex -23.879 -19.8193 11.4928
    endloop
  endfacet
  facet normal 0.843194 -0.537609 -3.15138e-05
    outer loop
      vertex -23.879 -19.8193 11.4928
      vertex -23.9549 -19.9389 21
      vertex -23.8871 -19.832 11.4218
    endloop
  endfacet
  facet normal 0.844062 -0.536246 0
    outer loop
      vertex -23.9218 -19.8868 10.8074
      vertex -23.9549 -19.9389 21
      vertex -23.9218 -19.8868 10.1926
    endloop
  endfacet
  facet normal 0.844822 -0.535048 8.5975e-06
    outer loop
      vertex -23.8871 -19.832 11.4218
      vertex -23.9549 -19.9389 21
      vertex -23.9218 -19.8868 10.8074
    endloop
  endfacet
  facet normal 0.84446 -0.535619 -3.63298e-06
    outer loop
      vertex -23.9549 -19.9389 0
      vertex -23.819 -19.7247 8.98109
      vertex -23.879 -19.8193 9.50724
    endloop
  endfacet
  facet normal 0.843194 -0.537609 3.15137e-05
    outer loop
      vertex -23.9549 -19.9389 0
      vertex -23.879 -19.8193 9.50724
      vertex -23.8871 -19.832 9.57824
    endloop
  endfacet
  facet normal 0.844822 -0.535048 -8.59753e-06
    outer loop
      vertex -23.9549 -19.9389 0
      vertex -23.8871 -19.832 9.57824
      vertex -23.9218 -19.8868 10.1926
    endloop
  endfacet
  facet normal 0.844391 -0.535727 0
    outer loop
      vertex -23.819 -19.7247 8.98109
      vertex -23.9549 -19.9389 0
      vertex -23.819 -19.7247 0
    endloop
  endfacet
  facet normal 0.844062 -0.536246 0
    outer loop
      vertex -23.9549 -19.9389 0
      vertex -23.9218 -19.8868 10.1926
      vertex -23.9549 -19.9389 21
    endloop
  endfacet
  facet normal 0.684624 -0.728896 0
    outer loop
      vertex -24.8129 -20.8526 0
      vertex -24.3552 -20.4227 21
      vertex -24.8129 -20.8526 21
    endloop
  endfacet
  facet normal 0.684624 -0.728896 0
    outer loop
      vertex -24.3552 -20.4227 21
      vertex -24.8129 -20.8526 0
      vertex -24.3552 -20.4227 0
    endloop
  endfacet
  facet normal 0.481784 -0.87629 0
    outer loop
      vertex -25.8711 -21.5241 0
      vertex -25.3209 -21.2216 21
      vertex -25.8711 -21.5241 21
    endloop
  endfacet
  facet normal 0.481784 -0.87629 0
    outer loop
      vertex -25.3209 -21.2216 21
      vertex -25.8711 -21.5241 0
      vertex -25.3209 -21.2216 0
    endloop
  endfacet
  facet normal 0.587698 -0.80908 0
    outer loop
      vertex -25.3209 -21.2216 0
      vertex -24.8129 -20.8526 21
      vertex -25.3209 -21.2216 21
    endloop
  endfacet
  facet normal 0.587698 -0.80908 0
    outer loop
      vertex -24.8129 -20.8526 21
      vertex -25.3209 -21.2216 0
      vertex -24.8129 -20.8526 0
    endloop
  endfacet
  facet normal 0.447387 -0.894341 -5.07221e-06
    outer loop
      vertex -23.819 -19.7247 0
      vertex -23.6226 -19.6265 8.37939
      vertex -23.8155 -19.723 8.96542
    endloop
  endfacet
  facet normal 0.44718 -0.894444 -0.000156073
    outer loop
      vertex 12.8948 -1.36779 5.17279
      vertex 31.6501 8.00987 0
      vertex 14.2518 -0.689332 5.04337
    endloop
  endfacet
  facet normal 0.447189 -0.894439 5.78635e-05
    outer loop
      vertex -15.7483 -15.6893 5.04337
      vertex -23.819 -19.7247 0
      vertex -14.3696 -15 5
    endloop
  endfacet
  facet normal 0.447237 -0.894415 -3.80644e-05
    outer loop
      vertex -17.1052 -16.3678 5.17279
      vertex -23.819 -19.7247 0
      vertex -15.7483 -15.6893 5.04337
    endloop
  endfacet
  facet normal 0.447214 -0.894427 0
    outer loop
      vertex -18.419 -17.0247 5.38623
      vertex -23.819 -19.7247 0
      vertex -17.1052 -16.3678 5.17279
    endloop
  endfacet
  facet normal 0.44719 -0.894439 2.90253e-05
    outer loop
      vertex -19.6689 -17.6496 5.68031
      vertex -23.819 -19.7247 0
      vertex -18.419 -17.0247 5.38623
    endloop
  endfacet
  facet normal 0.44724 -0.894414 -1.63509e-05
    outer loop
      vertex -20.8352 -18.2328 6.05041
      vertex -23.819 -19.7247 0
      vertex -19.6689 -17.6496 5.68031
    endloop
  endfacet
  facet normal 0.447214 -0.894427 -2.30525e-16
    outer loop
      vertex -21.8996 -18.765 6.49067
      vertex -23.819 -19.7247 0
      vertex -20.8352 -18.2328 6.05041
    endloop
  endfacet
  facet normal 0.447214 -0.894427 -2.09674e-16
    outer loop
      vertex -22.8452 -19.2378 6.99417
      vertex -23.819 -19.7247 0
      vertex -21.8996 -18.765 6.49067
    endloop
  endfacet
  facet normal 0.447214 -0.894427 -2.09246e-16
    outer loop
      vertex -23 -19.3152 7.10068
      vertex -23.819 -19.7247 0
      vertex -22.8452 -19.2378 6.99417
    endloop
  endfacet
  facet normal 0.447309 -0.89438 -1.36853e-05
    outer loop
      vertex -23.3121 -19.4713 7.66245
      vertex -23.819 -19.7247 0
      vertex -23 -19.3152 7.10068
    endloop
  endfacet
  facet normal 0.44709 -0.894489 4.38016e-06
    outer loop
      vertex -23.5842 -19.6073 8.27898
      vertex -23.819 -19.7247 0
      vertex -23.3121 -19.4713 7.66245
    endloop
  endfacet
  facet normal 0.447214 -0.894427 0
    outer loop
      vertex -23.6054 -19.6179 8.32698
      vertex -23.819 -19.7247 0
      vertex -23.5842 -19.6073 8.27898
    endloop
  endfacet
  facet normal 0.447214 -0.894427 -2.19798e-15
    outer loop
      vertex -23.6226 -19.6265 8.37939
      vertex -23.819 -19.7247 0
      vertex -23.6054 -19.6179 8.32698
    endloop
  endfacet
  facet normal 0.436904 -0.899508 0
    outer loop
      vertex -23.819 -19.7247 0
      vertex -23.8155 -19.723 8.96542
      vertex -23.819 -19.7247 8.98109
    endloop
  endfacet
  facet normal 0.447248 -0.89441 0.000100128
    outer loop
      vertex -11.634 -13.6322 15.8272
      vertex -23.819 -19.7247 21
      vertex -12.9909 -14.3107 15.9566
    endloop
  endfacet
  facet normal 0.447227 -0.894421 0.000131213
    outer loop
      vertex -23.819 -19.7247 21
      vertex 14.2518 -0.689332 15.9566
      vertex 15.6304 0 16
    endloop
  endfacet
  facet normal 0.447214 -0.894427 -4.54409e-15
    outer loop
      vertex -10.3202 -12.9753 15.6138
      vertex -23.819 -19.7247 21
      vertex -11.634 -13.6322 15.8272
    endloop
  endfacet
  facet normal 0.4472 -0.894434 -0.000118208
    outer loop
      vertex -23.819 -19.7247 21
      vertex 12.8948 -1.36779 15.8272
      vertex 14.2518 -0.689332 15.9566
    endloop
  endfacet
  facet normal 0.447214 -0.894427 2.04701e-06
    outer loop
      vertex 11.581 -2.02468 15.6138
      vertex -23.819 -19.7247 21
      vertex -10.3202 -12.9753 15.6138
    endloop
  endfacet
  facet normal 0.447211 -0.894428 -2.32476e-05
    outer loop
      vertex -23.819 -19.7247 21
      vertex 11.581 -2.02468 15.6138
      vertex 12.8948 -1.36779 15.8272
    endloop
  endfacet
  facet normal 0.447214 -0.894427 0.000155533
    outer loop
      vertex -9.0703 -12.3504 15.3197
      vertex 11.581 -2.02468 15.6138
      vertex -10.3202 -12.9753 15.6138
    endloop
  endfacet
  facet normal 0.447216 -0.894426 1.86568e-05
    outer loop
      vertex -9.0703 -12.3504 15.3197
      vertex 10.3311 -2.64964 15.3197
      vertex 11.581 -2.02468 15.6138
    endloop
  endfacet
  facet normal 0.447216 -0.894426 -5.17008e-05
    outer loop
      vertex -7.90395 -11.7672 14.9496
      vertex 10.3311 -2.64964 15.3197
      vertex -9.0703 -12.3504 15.3197
    endloop
  endfacet
  facet normal 0.447214 -0.894427 4.58573e-05
    outer loop
      vertex -7.90395 -11.7672 14.9496
      vertex 9.16478 -3.23282 14.9496
      vertex 10.3311 -2.64964 15.3197
    endloop
  endfacet
  facet normal 0.447214 -0.894427 -1.84139e-05
    outer loop
      vertex -6.83957 -11.235 14.5093
      vertex 9.16478 -3.23282 14.9496
      vertex -7.90395 -11.7672 14.9496
    endloop
  endfacet
  facet normal 0.447214 -0.894427 -7.23624e-07
    outer loop
      vertex -6.83957 -11.235 14.5093
      vertex 8.1004 -3.76501 14.5093
      vertex 9.16478 -3.23282 14.9496
    endloop
  endfacet
  facet normal 0.447214 -0.894427 2.72085e-05
    outer loop
      vertex -5.89394 -10.7622 14.0058
      vertex 8.1004 -3.76501 14.5093
      vertex -6.83957 -11.235 14.5093
    endloop
  endfacet
  facet normal 0.447215 -0.894427 -1.21005e-05
    outer loop
      vertex -5.89394 -10.7622 14.0058
      vertex 7.15477 -4.23782 14.0058
      vertex 8.1004 -3.76501 14.5093
    endloop
  endfacet
  facet normal 0.447215 -0.894427 -2.95224e-05
    outer loop
      vertex -5.08198 -10.3562 13.447
      vertex 7.15477 -4.23782 14.0058
      vertex -5.89394 -10.7622 14.0058
    endloop
  endfacet
  facet normal 0.447214 -0.894427 -5.68781e-07
    outer loop
      vertex -5.08198 -10.3562 13.447
      vertex 6.34281 -4.6438 13.447
      vertex 7.15477 -4.23782 14.0058
    endloop
  endfacet
  facet normal 0.447214 -0.894427 6.69361e-05
    outer loop
      vertex -4.41649 -10.0235 12.8418
      vertex 6.34281 -4.6438 13.447
      vertex -5.08198 -10.3562 13.447
    endloop
  endfacet
  facet normal 0.447217 -0.894426 3.00476e-06
    outer loop
      vertex -4.41649 -10.0235 12.8418
      vertex 5.67732 -4.97655 12.8418
      vertex 6.34281 -4.6438 13.447
    endloop
  endfacet
  facet normal 0.447217 -0.894426 -6.64801e-05
    outer loop
      vertex -3.90797 -9.76919 12.1996
      vertex 5.67732 -4.97655 12.8418
      vertex -4.41649 -10.0235 12.8418
    endloop
  endfacet
  facet normal 0.447214 -0.894427 -6.96377e-06
    outer loop
      vertex -3.90797 -9.76919 12.1996
      vertex 5.16879 -5.23081 12.1996
      vertex 5.67732 -4.97655 12.8418
    endloop
  endfacet
  facet normal 0.447214 -0.894427 -6.21415e-16
    outer loop
      vertex -3.56443 -9.59742 11.5306
      vertex 5.16879 -5.23081 12.1996
      vertex -3.90797 -9.76919 12.1996
    endloop
  endfacet
  facet normal 0.447213 -0.894427 6.95853e-06
    outer loop
      vertex -3.56443 -9.59742 11.5306
      vertex 4.82526 -5.40258 11.5306
      vertex 5.16879 -5.23081 12.1996
    endloop
  endfacet
  facet normal 0.447213 -0.894427 -1.34675e-07
    outer loop
      vertex -3.39129 -9.51085 10.8453
      vertex 4.82526 -5.40258 11.5306
      vertex -3.56443 -9.59742 11.5306
    endloop
  endfacet
  facet normal 0.447213 -0.894427 1.40473e-07
    outer loop
      vertex -3.39129 -9.51085 10.8453
      vertex 4.65212 -5.48915 10.8453
      vertex 4.82526 -5.40258 11.5306
    endloop
  endfacet
  facet normal 0.447213 -0.894427 0
    outer loop
      vertex -3.39129 -9.51085 10.1547
      vertex 4.65212 -5.48915 10.8453
      vertex -3.39129 -9.51085 10.8453
    endloop
  endfacet
  facet normal 0.447213 -0.894427 0
    outer loop
      vertex -3.39129 -9.51085 10.1547
      vertex 4.65212 -5.48915 10.1547
      vertex 4.65212 -5.48915 10.8453
    endloop
  endfacet
  facet normal 0.447213 -0.894427 1.40473e-07
    outer loop
      vertex -3.56443 -9.59742 9.4694
      vertex 4.65212 -5.48915 10.1547
      vertex -3.39129 -9.51085 10.1547
    endloop
  endfacet
  facet normal 0.447213 -0.894427 -1.34675e-07
    outer loop
      vertex -3.56443 -9.59742 9.4694
      vertex 4.82526 -5.40258 9.4694
      vertex 4.65212 -5.48915 10.1547
    endloop
  endfacet
  facet normal 0.447213 -0.894427 2.73733e-07
    outer loop
      vertex -3.90797 -9.76919 8.80041
      vertex 4.82526 -5.40258 9.4694
      vertex -3.56443 -9.59742 9.4694
    endloop
  endfacet
  facet normal 0.447214 -0.894427 -6.68491e-06
    outer loop
      vertex -3.90797 -9.76919 8.80041
      vertex 5.16879 -5.23081 8.80041
      vertex 4.82526 -5.40258 9.4694
    endloop
  endfacet
  facet normal 0.447214 -0.894427 6.96377e-05
    outer loop
      vertex -4.41649 -10.0235 8.15821
      vertex 5.16879 -5.23081 8.80041
      vertex -3.90797 -9.76919 8.80041
    endloop
  endfacet
  facet normal 0.447217 -0.894426 1.01213e-05
    outer loop
      vertex -4.41649 -10.0235 8.15821
      vertex 5.67732 -4.97655 8.15821
      vertex 5.16879 -5.23081 8.80041
    endloop
  endfacet
  facet normal 0.447217 -0.894426 -7.08833e-05
    outer loop
      vertex -5.08198 -10.3562 7.55295
      vertex 5.67732 -4.97655 8.15821
      vertex -4.41649 -10.0235 8.15821
    endloop
  endfacet
  facet normal 0.447214 -0.894427 -6.95839e-06
    outer loop
      vertex -5.08198 -10.3562 7.55295
      vertex 6.34281 -4.6438 7.55295
      vertex 5.67732 -4.97655 8.15821
    endloop
  endfacet
  facet normal 0.447214 -0.894427 3.14448e-05
    outer loop
      vertex -5.89394 -10.7622 6.99417
      vertex 6.34281 -4.6438 7.55295
      vertex -5.08198 -10.3562 7.55295
    endloop
  endfacet
  facet normal 0.447215 -0.894427 2.49007e-06
    outer loop
      vertex -5.89394 -10.7622 6.99417
      vertex 7.15477 -4.23782 6.99417
      vertex 6.34281 -4.6438 7.55295
    endloop
  endfacet
  facet normal 0.447215 -0.894427 -2.98647e-05
    outer loop
      vertex -6.83957 -11.235 6.49067
      vertex 7.15477 -4.23782 6.99417
      vertex -5.89394 -10.7622 6.99417
    endloop
  endfacet
  facet normal 0.447214 -0.894427 9.44429e-06
    outer loop
      vertex -6.83957 -11.235 6.49067
      vertex 8.1004 -3.76501 6.49067
      vertex 7.15477 -4.23782 6.99417
    endloop
  endfacet
  facet normal 0.447214 -0.894427 1.95922e-05
    outer loop
      vertex -7.90395 -11.7672 6.05041
      vertex 8.1004 -3.76501 6.49067
      vertex -6.83957 -11.235 6.49067
    endloop
  endfacet
  facet normal 0.447214 -0.894427 1.9003e-06
    outer loop
      vertex -7.90395 -11.7672 6.05041
      vertex 9.16478 -3.23282 6.05041
      vertex 8.1004 -3.76501 6.49067
    endloop
  endfacet
  facet normal 0.447214 -0.894427 5.79408e-05
    outer loop
      vertex -9.0703 -12.3504 5.68031
      vertex 9.16478 -3.23282 6.05041
      vertex -7.90395 -11.7672 6.05041
    endloop
  endfacet
  facet normal 0.447216 -0.894426 -3.96174e-05
    outer loop
      vertex -9.0703 -12.3504 5.68031
      vertex 10.3311 -2.64964 5.68031
      vertex 9.16478 -3.23282 6.05041
    endloop
  endfacet
  facet normal 0.447216 -0.894426 -0.000163828
    outer loop
      vertex -10.3202 -12.9753 5.38623
      vertex 10.3311 -2.64964 5.68031
      vertex -9.0703 -12.3504 5.68031
    endloop
  endfacet
  facet normal 0.447214 -0.894427 -2.69429e-05
    outer loop
      vertex -10.3202 -12.9753 5.38623
      vertex 11.581 -2.02468 5.38623
      vertex 10.3311 -2.64964 5.68031
    endloop
  endfacet
  facet normal 0.447214 -0.894427 3.02976e-15
    outer loop
      vertex -23.819 -19.7247 0
      vertex -10.3202 -12.9753 5.38623
      vertex -11.634 -13.6322 5.17279
    endloop
  endfacet
  facet normal 0.447214 -0.894427 -2.047e-06
    outer loop
      vertex -10.3202 -12.9753 5.38623
      vertex -23.819 -19.7247 0
      vertex 11.581 -2.02468 5.38623
    endloop
  endfacet
  facet normal 0.447248 -0.89441 -0.000100133
    outer loop
      vertex -23.819 -19.7247 0
      vertex -11.634 -13.6322 5.17279
      vertex -12.9909 -14.3107 5.04337
    endloop
  endfacet
  facet normal 0.447211 -0.894428 2.32453e-05
    outer loop
      vertex 11.581 -2.02468 5.38623
      vertex -23.819 -19.7247 0
      vertex 12.8948 -1.36779 5.17279
    endloop
  endfacet
  facet normal 0.447186 -0.894441 6.51785e-05
    outer loop
      vertex -23.819 -19.7247 0
      vertex -12.9909 -14.3107 5.04337
      vertex -14.3696 -15 5
    endloop
  endfacet
  facet normal 0.447214 -0.894427 -5.59808e-07
    outer loop
      vertex 31.6501 8.00987 0
      vertex 12.8948 -1.36779 5.17279
      vertex -23.819 -19.7247 0
    endloop
  endfacet
  facet normal 0.447186 -0.894441 -6.51814e-05
    outer loop
      vertex -12.9909 -14.3107 15.9566
      vertex -23.819 -19.7247 21
      vertex -14.3696 -15 16
    endloop
  endfacet
  facet normal 0.447189 -0.894439 -5.78613e-05
    outer loop
      vertex -23.819 -19.7247 21
      vertex -15.7483 -15.6893 15.9566
      vertex -14.3696 -15 16
    endloop
  endfacet
  facet normal 0.447237 -0.894415 3.80649e-05
    outer loop
      vertex -23.819 -19.7247 21
      vertex -17.1052 -16.3678 15.8272
      vertex -15.7483 -15.6893 15.9566
    endloop
  endfacet
  facet normal 0.447214 -0.894427 0
    outer loop
      vertex -23.819 -19.7247 21
      vertex -18.419 -17.0247 15.6138
      vertex -17.1052 -16.3678 15.8272
    endloop
  endfacet
  facet normal 0.44719 -0.894439 -2.9025e-05
    outer loop
      vertex -23.819 -19.7247 21
      vertex -19.6689 -17.6496 15.3197
      vertex -18.419 -17.0247 15.6138
    endloop
  endfacet
  facet normal 0.44724 -0.894414 1.63509e-05
    outer loop
      vertex -23.819 -19.7247 21
      vertex -20.8352 -18.2328 14.9496
      vertex -19.6689 -17.6496 15.3197
    endloop
  endfacet
  facet normal 0.447214 -0.894427 2.04908e-16
    outer loop
      vertex -23.819 -19.7247 21
      vertex -21.8996 -18.765 14.5093
      vertex -20.8352 -18.2328 14.9496
    endloop
  endfacet
  facet normal 0.447214 -0.894427 2.09673e-16
    outer loop
      vertex -23.819 -19.7247 21
      vertex -22.8452 -19.2378 14.0058
      vertex -21.8996 -18.765 14.5093
    endloop
  endfacet
  facet normal 0.447214 -0.894427 2.09247e-16
    outer loop
      vertex -23.819 -19.7247 21
      vertex -23 -19.3152 13.8993
      vertex -22.8452 -19.2378 14.0058
    endloop
  endfacet
  facet normal 0.447309 -0.89438 1.36852e-05
    outer loop
      vertex -23.819 -19.7247 21
      vertex -23.3121 -19.4713 13.3375
      vertex -23 -19.3152 13.8993
    endloop
  endfacet
  facet normal 0.44709 -0.894489 -4.38016e-06
    outer loop
      vertex -23.819 -19.7247 21
      vertex -23.5842 -19.6073 12.721
      vertex -23.3121 -19.4713 13.3375
    endloop
  endfacet
  facet normal 0.447214 -0.894427 0
    outer loop
      vertex -23.819 -19.7247 21
      vertex -23.6054 -19.6179 12.673
      vertex -23.5842 -19.6073 12.721
    endloop
  endfacet
  facet normal 0.447214 -0.894427 2.19047e-15
    outer loop
      vertex -23.819 -19.7247 21
      vertex -23.6226 -19.6265 12.6206
      vertex -23.6054 -19.6179 12.673
    endloop
  endfacet
  facet normal 0.447387 -0.894341 5.07222e-06
    outer loop
      vertex -23.819 -19.7247 21
      vertex -23.8155 -19.723 12.0346
      vertex -23.6226 -19.6265 12.6206
    endloop
  endfacet
  facet normal 0.436904 -0.899508 0
    outer loop
      vertex -23.8155 -19.723 12.0346
      vertex -23.819 -19.7247 21
      vertex -23.819 -19.7247 12.0189
    endloop
  endfacet
  facet normal 0.447214 -0.894427 2.54445e-06
    outer loop
      vertex -23.819 -19.7247 21
      vertex 15.6304 0 16
      vertex 31.6501 8.00987 21
    endloop
  endfacet
  facet normal 0.447205 -0.894431 3.72362e-05
    outer loop
      vertex 17.0091 0.689332 15.9566
      vertex 31.6501 8.00987 21
      vertex 15.6304 0 16
    endloop
  endfacet
  facet normal 0.447217 -0.894425 -6.71139e-06
    outer loop
      vertex 18.366 1.36779 15.8272
      vertex 31.6501 8.00987 21
      vertex 17.0091 0.689332 15.9566
    endloop
  endfacet
  facet normal 0.44721 -0.894429 1.59975e-05
    outer loop
      vertex 19.6798 2.02468 15.6138
      vertex 31.6501 8.00987 21
      vertex 18.366 1.36779 15.8272
    endloop
  endfacet
  facet normal 0.447218 -0.894425 -6.08111e-06
    outer loop
      vertex 20.9297 2.64964 15.3197
      vertex 31.6501 8.00987 21
      vertex 19.6798 2.02468 15.6138
    endloop
  endfacet
  facet normal 0.447207 -0.894431 2.10581e-05
    outer loop
      vertex 22.0961 3.23282 14.9496
      vertex 31.6501 8.00987 21
      vertex 20.9297 2.64964 15.3197
    endloop
  endfacet
  facet normal 0.447231 -0.894418 -2.7636e-05
    outer loop
      vertex 23.1604 3.76501 14.5093
      vertex 31.6501 8.00987 21
      vertex 22.0961 3.23282 14.9496
    endloop
  endfacet
  facet normal 0.447196 -0.894436 2.99821e-05
    outer loop
      vertex 24.1061 4.23782 14.0058
      vertex 31.6501 8.00987 21
      vertex 23.1604 3.76501 14.5093
    endloop
  endfacet
  facet normal 0.447231 -0.894419 -1.67893e-05
    outer loop
      vertex 24.918 4.6438 13.447
      vertex 31.6501 8.00987 21
      vertex 24.1061 4.23782 14.0058
    endloop
  endfacet
  facet normal 0.447215 -0.894427 1.30811e-06
    outer loop
      vertex 25.5835 4.97655 12.8418
      vertex 31.6501 8.00987 21
      vertex 24.918 4.6438 13.447
    endloop
  endfacet
  facet normal 0.447222 -0.894423 -5.61443e-06
    outer loop
      vertex 26.092 5.23081 12.1996
      vertex 31.6501 8.00987 21
      vertex 25.5835 4.97655 12.8418
    endloop
  endfacet
  facet normal 0.447186 -0.894441 2.25765e-05
    outer loop
      vertex 26.4356 5.40258 11.5306
      vertex 31.6501 8.00987 21
      vertex 26.092 5.23081 12.1996
    endloop
  endfacet
  facet normal 0.447243 -0.894412 -1.67065e-05
    outer loop
      vertex 26.6087 5.48915 10.8453
      vertex 31.6501 8.00987 21
      vertex 26.4356 5.40258 11.5306
    endloop
  endfacet
  facet normal 0.447216 -0.894426 0
    outer loop
      vertex 26.6087 5.48915 10.1547
      vertex 31.6501 8.00987 21
      vertex 26.6087 5.48915 10.8453
    endloop
  endfacet
  facet normal 0.447243 -0.894412 1.67065e-05
    outer loop
      vertex 31.6501 8.00987 0
      vertex 26.6087 5.48915 10.1547
      vertex 26.4356 5.40258 9.4694
    endloop
  endfacet
  facet normal 0.447232 -0.894418 6.9995e-05
    outer loop
      vertex 14.2518 -0.689332 5.04337
      vertex 31.6501 8.00987 0
      vertex 15.6304 0 5
    endloop
  endfacet
  facet normal 0.447205 -0.894431 -3.72386e-05
    outer loop
      vertex 15.6304 0 5
      vertex 31.6501 8.00987 0
      vertex 17.0091 0.689332 5.04337
    endloop
  endfacet
  facet normal 0.447216 -0.894426 0
    outer loop
      vertex 26.6087 5.48915 10.1547
      vertex 31.6501 8.00987 0
      vertex 31.6501 8.00987 21
    endloop
  endfacet
  facet normal 0.447186 -0.894441 -2.25767e-05
    outer loop
      vertex 26.092 5.23081 8.80041
      vertex 31.6501 8.00987 0
      vertex 26.4356 5.40258 9.4694
    endloop
  endfacet
  facet normal 0.447222 -0.894423 5.61442e-06
    outer loop
      vertex 25.5835 4.97655 8.15821
      vertex 31.6501 8.00987 0
      vertex 26.092 5.23081 8.80041
    endloop
  endfacet
  facet normal 0.447215 -0.894427 -1.30806e-06
    outer loop
      vertex 24.918 4.6438 7.55295
      vertex 31.6501 8.00987 0
      vertex 25.5835 4.97655 8.15821
    endloop
  endfacet
  facet normal 0.447231 -0.894419 1.67896e-05
    outer loop
      vertex 24.1061 4.23782 6.99417
      vertex 31.6501 8.00987 0
      vertex 24.918 4.6438 7.55295
    endloop
  endfacet
  facet normal 0.447196 -0.894436 -2.99822e-05
    outer loop
      vertex 23.1604 3.76501 6.49067
      vertex 31.6501 8.00987 0
      vertex 24.1061 4.23782 6.99417
    endloop
  endfacet
  facet normal 0.447231 -0.894418 2.76369e-05
    outer loop
      vertex 22.0961 3.23282 6.05041
      vertex 31.6501 8.00987 0
      vertex 23.1604 3.76501 6.49067
    endloop
  endfacet
  facet normal 0.447207 -0.894431 -2.10581e-05
    outer loop
      vertex 20.9297 2.64964 5.68031
      vertex 31.6501 8.00987 0
      vertex 22.0961 3.23282 6.05041
    endloop
  endfacet
  facet normal 0.447218 -0.894425 6.08123e-06
    outer loop
      vertex 19.6798 2.02468 5.38623
      vertex 31.6501 8.00987 0
      vertex 20.9297 2.64964 5.68031
    endloop
  endfacet
  facet normal 0.44721 -0.894429 -1.59967e-05
    outer loop
      vertex 18.366 1.36779 5.17279
      vertex 31.6501 8.00987 0
      vertex 19.6798 2.02468 5.38623
    endloop
  endfacet
  facet normal 0.447217 -0.894425 6.7112e-06
    outer loop
      vertex 17.0091 0.689332 5.04337
      vertex 31.6501 8.00987 0
      vertex 18.366 1.36779 5.17279
    endloop
  endfacet
  facet normal -0.447214 0.894427 -3.57025e-06
    outer loop
      vertex -12.8948 1.36779 15.8272
      vertex -23 -3.68479 21
      vertex 0.389317 8.00987 21
    endloop
  endfacet
  facet normal -0.447231 0.894418 -3.39652e-05
    outer loop
      vertex -23 -3.68479 21
      vertex -14.2518 0.689332 15.9566
      vertex -15.6304 0 16
    endloop
  endfacet
  facet normal -0.447187 0.894441 6.22111e-05
    outer loop
      vertex -23 -3.68479 21
      vertex -12.8948 1.36779 15.8272
      vertex -14.2518 0.689332 15.9566
    endloop
  endfacet
  facet normal -0.44721 0.894429 -1.49604e-05
    outer loop
      vertex 0.389317 8.00987 21
      vertex -11.581 2.02468 15.6138
      vertex -12.8948 1.36779 15.8272
    endloop
  endfacet
  facet normal -0.447218 0.894425 7.00796e-06
    outer loop
      vertex 0.389317 8.00987 21
      vertex -10.3311 2.64964 15.3197
      vertex -11.581 2.02468 15.6138
    endloop
  endfacet
  facet normal -0.447222 0.894423 1.59868e-05
    outer loop
      vertex 0.389317 8.00987 21
      vertex -9.16478 3.23282 14.9496
      vertex -10.3311 2.64964 15.3197
    endloop
  endfacet
  facet normal -0.447214 0.894427 -1.34129e-07
    outer loop
      vertex 0.389317 8.00987 21
      vertex -8.1004 3.76501 14.5093
      vertex -9.16478 3.23282 14.9496
    endloop
  endfacet
  facet normal -0.447211 0.894428 -3.7682e-06
    outer loop
      vertex 0.389317 8.00987 21
      vertex -7.15477 4.23782 14.0058
      vertex -8.1004 3.76501 14.5093
    endloop
  endfacet
  facet normal -0.447214 0.894427 -4.77082e-07
    outer loop
      vertex 0.389317 8.00987 21
      vertex -6.34281 4.6438 13.447
      vertex -7.15477 4.23782 14.0058
    endloop
  endfacet
  facet normal -0.447217 0.894426 2.88306e-06
    outer loop
      vertex 0.389317 8.00987 21
      vertex -5.67732 4.97655 12.8418
      vertex -6.34281 4.6438 13.447
    endloop
  endfacet
  facet normal -0.44721 0.894429 -3.45733e-06
    outer loop
      vertex 0.389317 8.00987 21
      vertex -5.16879 5.23081 12.1996
      vertex -5.67732 4.97655 12.8418
    endloop
  endfacet
  facet normal -0.447219 0.894425 3.3908e-06
    outer loop
      vertex 0.389317 8.00987 21
      vertex -4.82526 5.40258 11.5306
      vertex -5.16879 5.23081 12.1996
    endloop
  endfacet
  facet normal -0.447214 0.894427 -4.45594e-08
    outer loop
      vertex 0.389317 8.00987 21
      vertex -4.65212 5.48915 10.8453
      vertex -4.82526 5.40258 11.5306
    endloop
  endfacet
  facet normal -0.447214 0.894427 0
    outer loop
      vertex 0.389317 8.00987 21
      vertex -4.65212 5.48915 10.1547
      vertex -4.65212 5.48915 10.8453
    endloop
  endfacet
  facet normal -0.447214 0.894427 0
    outer loop
      vertex 0.389317 8.00987 0
      vertex -4.65212 5.48915 10.1547
      vertex 0.389317 8.00987 21
    endloop
  endfacet
  facet normal -0.447187 0.894441 -6.22134e-05
    outer loop
      vertex -12.8948 1.36779 5.17279
      vertex -23 -3.68479 0
      vertex -14.2518 0.689332 5.04337
    endloop
  endfacet
  facet normal -0.447214 0.894427 3.57026e-06
    outer loop
      vertex -23 -3.68479 0
      vertex -12.8948 1.36779 5.17279
      vertex 0.389317 8.00987 0
    endloop
  endfacet
  facet normal -0.44721 0.894429 1.49596e-05
    outer loop
      vertex -11.581 2.02468 5.38623
      vertex 0.389317 8.00987 0
      vertex -12.8948 1.36779 5.17279
    endloop
  endfacet
  facet normal -0.447218 0.894425 -7.00809e-06
    outer loop
      vertex -10.3311 2.64964 5.68031
      vertex 0.389317 8.00987 0
      vertex -11.581 2.02468 5.38623
    endloop
  endfacet
  facet normal -0.447222 0.894423 -1.59868e-05
    outer loop
      vertex -9.16478 3.23282 6.05041
      vertex 0.389317 8.00987 0
      vertex -10.3311 2.64964 5.68031
    endloop
  endfacet
  facet normal -0.447214 0.894427 1.34134e-07
    outer loop
      vertex -8.1004 3.76501 6.49067
      vertex 0.389317 8.00987 0
      vertex -9.16478 3.23282 6.05041
    endloop
  endfacet
  facet normal -0.447211 0.894428 3.76821e-06
    outer loop
      vertex -7.15477 4.23782 6.99417
      vertex 0.389317 8.00987 0
      vertex -8.1004 3.76501 6.49067
    endloop
  endfacet
  facet normal -0.447214 0.894427 4.7709e-07
    outer loop
      vertex -6.34281 4.6438 7.55295
      vertex 0.389317 8.00987 0
      vertex -7.15477 4.23782 6.99417
    endloop
  endfacet
  facet normal -0.447217 0.894426 -2.88294e-06
    outer loop
      vertex -5.67732 4.97655 8.15821
      vertex 0.389317 8.00987 0
      vertex -6.34281 4.6438 7.55295
    endloop
  endfacet
  facet normal -0.44721 0.894429 3.45733e-06
    outer loop
      vertex -5.16879 5.23081 8.80041
      vertex 0.389317 8.00987 0
      vertex -5.67732 4.97655 8.15821
    endloop
  endfacet
  facet normal -0.447219 0.894425 -3.39083e-06
    outer loop
      vertex -4.82526 5.40258 9.4694
      vertex 0.389317 8.00987 0
      vertex -5.16879 5.23081 8.80041
    endloop
  endfacet
  facet normal -0.447214 0.894427 4.45594e-08
    outer loop
      vertex -4.65212 5.48915 10.1547
      vertex 0.389317 8.00987 0
      vertex -4.82526 5.40258 9.4694
    endloop
  endfacet
  facet normal -0.447205 0.894432 1.4739e-05
    outer loop
      vertex -17.0091 -0.689332 15.9566
      vertex -23 -3.68479 21
      vertex -15.6304 0 16
    endloop
  endfacet
  facet normal -0.447217 0.894425 -4.35225e-06
    outer loop
      vertex -18.366 -1.36779 15.8272
      vertex -23 -3.68479 21
      vertex -17.0091 -0.689332 15.9566
    endloop
  endfacet
  facet normal -0.447209 0.89443 5.32412e-06
    outer loop
      vertex -19.6798 -2.02468 15.6138
      vertex -23 -3.68479 21
      vertex -18.366 -1.36779 15.8272
    endloop
  endfacet
  facet normal -0.447219 0.894425 -2.40213e-06
    outer loop
      vertex -20.9297 -2.64964 15.3197
      vertex -23 -3.68479 21
      vertex -19.6798 -2.02468 15.6138
    endloop
  endfacet
  facet normal -0.447203 0.894433 5.01032e-06
    outer loop
      vertex -22.0961 -3.23282 14.9496
      vertex -23 -3.68479 21
      vertex -20.9297 -2.64964 15.3197
    endloop
  endfacet
  facet normal -0.447229 0.894419 0
    outer loop
      vertex -23 -3.68479 21
      vertex -22.0961 -3.23282 14.9496
      vertex -23 -3.68479 14.5757
    endloop
  endfacet
  facet normal -0.447231 0.894418 3.39641e-05
    outer loop
      vertex -14.2518 0.689332 5.04337
      vertex -23 -3.68479 0
      vertex -15.6304 0 5
    endloop
  endfacet
  facet normal -0.447205 0.894432 -1.47394e-05
    outer loop
      vertex -15.6304 0 5
      vertex -23 -3.68479 0
      vertex -17.0091 -0.689332 5.04337
    endloop
  endfacet
  facet normal -0.447217 0.894425 4.35221e-06
    outer loop
      vertex -17.0091 -0.689332 5.04337
      vertex -23 -3.68479 0
      vertex -18.366 -1.36779 5.17279
    endloop
  endfacet
  facet normal -0.447209 0.89443 -5.324e-06
    outer loop
      vertex -18.366 -1.36779 5.17279
      vertex -23 -3.68479 0
      vertex -19.6798 -2.02468 5.38623
    endloop
  endfacet
  facet normal -0.447229 0.894419 0
    outer loop
      vertex -22.0961 -3.23282 6.05041
      vertex -23 -3.68479 0
      vertex -23 -3.68479 6.42431
    endloop
  endfacet
  facet normal -0.447203 0.894433 -5.01031e-06
    outer loop
      vertex -20.9297 -2.64964 5.68031
      vertex -23 -3.68479 0
      vertex -22.0961 -3.23282 6.05041
    endloop
  endfacet
  facet normal -0.447219 0.894425 2.40214e-06
    outer loop
      vertex -19.6798 -2.02468 5.38623
      vertex -23 -3.68479 0
      vertex -20.9297 -2.64964 5.68031
    endloop
  endfacet
  facet normal 0.547029 -0.0525663 0.835462
    outer loop
      vertex -23 -15 5
      vertex -23 -14.3107 5.04337
      vertex -27.2 -15 7.75
    endloop
  endfacet
  facet normal 0.547027 -0.0525467 0.835464
    outer loop
      vertex -23 -14.3107 5.04337
      vertex -27.2 -14.6553 7.77168
      vertex -27.2 -15 7.75
    endloop
  endfacet
  facet normal 0.547027 -0.677236 0.49205
    outer loop
      vertex -23 -10.7622 6.99417
      vertex -27.2 -12.6781 9.02648
      vertex -27.2 -12.8811 8.74708
    endloop
  endfacet
  facet normal 0.547026 -0.810807 -0.208216
    outer loop
      vertex -27.2 -12.2987 11.0153
      vertex -23 -9.59742 11.5306
      vertex -27.2 -12.3846 11.3498
    endloop
  endfacet
  facet normal 0.547029 0.0525663 0.835462
    outer loop
      vertex -23 -15.6893 5.04337
      vertex -23 -15 5
      vertex -27.2 -15 7.75
    endloop
  endfacet
  facet normal 0.547027 0.533601 0.645005
    outer loop
      vertex -27.2 -16.8825 8.49534
      vertex -23 -18.2328 6.05041
      vertex -27.2 -16.6164 8.2752
    endloop
  endfacet
  facet normal 0.547029 0.533586 0.645016
    outer loop
      vertex -23 -18.2328 6.05041
      vertex -27.2 -16.8825 8.49534
      vertex -23 -18.765 6.49067
    endloop
  endfacet
  facet normal 0.547077 0.810388 -0.209709
    outer loop
      vertex -23.819 -19.7247 12.0189
      vertex -27.2 -17.6154 11.3498
      vertex -23.8155 -19.723 12.0346
    endloop
  endfacet
  facet normal 0.547037 0.810808 -0.208182
    outer loop
      vertex -27.2 -17.6154 11.3498
      vertex -23.819 -19.7247 12.0189
      vertex -23.879 -19.8193 11.4928
    endloop
  endfacet
  facet normal 0.547028 -0.44854 -0.706804
    outer loop
      vertex -23 -11.7672 14.9496
      vertex -23 -12.3504 15.3197
      vertex -27.2 -13.3836 12.7248
    endloop
  endfacet
  facet normal 0.547029 0.258718 0.796131
    outer loop
      vertex -27.2 -16.0123 7.94312
      vertex -23 -16.3678 5.17279
      vertex -27.2 -15.6839 7.8364
    endloop
  endfacet
  facet normal 0.547032 0.258682 0.796141
    outer loop
      vertex -23 -16.3678 5.17279
      vertex -27.2 -16.0123 7.94312
      vertex -23 -17.0247 5.38623
    endloop
  endfacet
  facet normal 0.547027 0.156847 0.82229
    outer loop
      vertex -23 -16.3678 5.17279
      vertex -23 -15.6893 5.04337
      vertex -27.2 -15.3447 7.77168
    endloop
  endfacet
  facet normal 0.547033 0.356402 0.757451
    outer loop
      vertex -27.2 -16.3248 8.09016
      vertex -23 -17.0247 5.38623
      vertex -27.2 -16.0123 7.94312
    endloop
  endfacet
  facet normal 0.547029 0.35645 0.757432
    outer loop
      vertex -23 -17.0247 5.38623
      vertex -27.2 -16.3248 8.09016
      vertex -23 -17.6496 5.68031
    endloop
  endfacet
  facet normal 0.547027 0.44854 0.706805
    outer loop
      vertex -23 -18.2328 6.05041
      vertex -23 -17.6496 5.68031
      vertex -27.2 -16.6164 8.2752
    endloop
  endfacet
  facet normal 0.547025 0.83051 0.104965
    outer loop
      vertex -23.9218 -19.8868 10.1926
      vertex -27.2 -17.7013 9.9847
      vertex -27.2 -17.7446 10.3273
    endloop
  endfacet
  facet normal 0.547024 0.830509 0.104977
    outer loop
      vertex -27.2 -17.7013 9.9847
      vertex -23.9218 -19.8868 10.1926
      vertex -23.8871 -19.832 9.57824
    endloop
  endfacet
  facet normal 0.547033 0.733584 0.403249
    outer loop
      vertex -23.5842 -19.6073 8.27898
      vertex -23.3121 -19.4713 7.66245
      vertex -27.2 -17.3219 9.02648
    endloop
  endfacet
  facet normal 0.547037 0.44845 -0.706854
    outer loop
      vertex -27.2 -16.3248 12.9098
      vertex -23 -17.6496 15.3197
      vertex -27.2 -16.6164 12.7248
    endloop
  endfacet
  facet normal 0.547029 0.610297 -0.572972
    outer loop
      vertex -27.2 -16.8825 12.5047
      vertex -23 -19.2378 14.0058
      vertex -27.2 -17.1189 12.2529
    endloop
  endfacet
  facet normal 0.54703 0.778298 -0.308239
    outer loop
      vertex -23.6226 -19.6265 12.6206
      vertex -23.8155 -19.723 12.0346
      vertex -27.2 -17.6154 11.3498
    endloop
  endfacet
  facet normal 0.547026 -0.810807 0.208216
    outer loop
      vertex -23 -9.59742 9.4694
      vertex -27.2 -12.2987 9.9847
      vertex -27.2 -12.3846 9.6502
    endloop
  endfacet
  facet normal 0.547027 -0.733576 -0.403273
    outer loop
      vertex -23 -10.0235 12.8418
      vertex -23 -10.3562 13.447
      vertex -27.2 -12.6781 11.9735
    endloop
  endfacet
  facet normal 0.54703 -0.533542 -0.645051
    outer loop
      vertex -27.2 -13.1175 12.5047
      vertex -23 -11.7672 14.9496
      vertex -27.2 -13.3836 12.7248
    endloop
  endfacet
  facet normal 0.547022 -0.533618 -0.644995
    outer loop
      vertex -23 -11.7672 14.9496
      vertex -27.2 -13.1175 12.5047
      vertex -23 -11.235 14.5093
    endloop
  endfacet
  facet normal 0.547027 -0.052595 -0.835461
    outer loop
      vertex -27.2 -14.6553 13.2283
      vertex -23 -14.3107 15.9566
      vertex -27.2 -15 13.25
    endloop
  endfacet
  facet normal 0.547027 0.0525467 0.835464
    outer loop
      vertex -23 -15.6893 5.04337
      vertex -27.2 -15 7.75
      vertex -27.2 -15.3447 7.77168
    endloop
  endfacet
  facet normal 0.547018 0.778359 0.308105
    outer loop
      vertex -23.6226 -19.6265 8.37939
      vertex -27.2 -17.4883 9.32911
      vertex -27.2 -17.6154 9.6502
    endloop
  endfacet
  facet normal 0.547001 0.778692 0.307292
    outer loop
      vertex -27.2 -17.4883 9.32911
      vertex -23.6226 -19.6265 8.37939
      vertex -23.6054 -19.6179 8.32698
    endloop
  endfacet
  facet normal 0.547028 0.610241 0.573032
    outer loop
      vertex -23 -19.2378 6.99417
      vertex -23 -18.765 6.49067
      vertex -27.2 -16.8825 8.49534
    endloop
  endfacet
  facet normal 0.547026 0.156824 -0.822295
    outer loop
      vertex -23 -15.6893 15.9566
      vertex -23 -16.3678 15.8272
      vertex -27.2 -15.3447 13.2283
    endloop
  endfacet
  facet normal 0.547028 0.156846 -0.822289
    outer loop
      vertex -27.2 -15.3447 13.2283
      vertex -23 -16.3678 15.8272
      vertex -27.2 -15.6839 13.1636
    endloop
  endfacet
  facet normal 0.547036 0.356468 -0.757418
    outer loop
      vertex -27.2 -16.3248 12.9098
      vertex -23 -17.0247 15.6138
      vertex -23 -17.6496 15.3197
    endloop
  endfacet
  facet normal 0.547031 0.356522 -0.757397
    outer loop
      vertex -23 -17.0247 15.6138
      vertex -27.2 -16.3248 12.9098
      vertex -27.2 -16.0123 13.0569
    endloop
  endfacet
  facet normal 0.547022 0.610244 -0.573035
    outer loop
      vertex -23 -18.765 14.5093
      vertex -23 -19.2378 14.0058
      vertex -27.2 -16.8825 12.5047
    endloop
  endfacet
  facet normal 0.547028 0.837114 0
    outer loop
      vertex -23.9218 -19.8868 10.8074
      vertex -27.2 -17.7446 10.3273
      vertex -27.2 -17.7446 10.6727
    endloop
  endfacet
  facet normal 0.547028 0.837114 0
    outer loop
      vertex -27.2 -17.7446 10.3273
      vertex -23.9218 -19.8868 10.8074
      vertex -23.9218 -19.8868 10.1926
    endloop
  endfacet
  facet normal 0.547001 0.778671 -0.307347
    outer loop
      vertex -23.6226 -19.6265 12.6206
      vertex -27.2 -17.4883 11.6709
      vertex -23.6054 -19.6179 12.673
    endloop
  endfacet
  facet normal 0.547016 0.778363 -0.308097
    outer loop
      vertex -27.2 -17.4883 11.6709
      vertex -23.6226 -19.6265 12.6206
      vertex -27.2 -17.6154 11.3498
    endloop
  endfacet
  facet normal 0.547029 -0.35645 0.757432
    outer loop
      vertex -27.2 -13.6752 8.09016
      vertex -23 -12.9753 5.38623
      vertex -23 -12.3504 5.68031
    endloop
  endfacet
  facet normal 0.547033 -0.356402 0.757451
    outer loop
      vertex -23 -12.9753 5.38623
      vertex -27.2 -13.6752 8.09016
      vertex -27.2 -13.9877 7.94312
    endloop
  endfacet
  facet normal 0.547028 -0.610241 0.573032
    outer loop
      vertex -23 -11.235 6.49067
      vertex -23 -10.7622 6.99417
      vertex -27.2 -13.1175 8.49534
    endloop
  endfacet
  facet normal 0.547028 -0.778311 -0.30821
    outer loop
      vertex -23 -9.76919 12.1996
      vertex -23 -10.0235 12.8418
      vertex -27.2 -12.3846 11.3498
    endloop
  endfacet
  facet normal 0.547027 -0.830514 -0.104914
    outer loop
      vertex -27.2 -12.2987 11.0153
      vertex -23 -9.51085 10.8453
      vertex -23 -9.59742 11.5306
    endloop
  endfacet
  facet normal 0.547023 -0.830511 -0.104965
    outer loop
      vertex -23 -9.51085 10.8453
      vertex -27.2 -12.2987 11.0153
      vertex -27.2 -12.2554 10.6727
    endloop
  endfacet
  facet normal 0.547029 -0.610297 -0.572972
    outer loop
      vertex -27.2 -12.8811 12.2529
      vertex -23 -10.7622 14.0058
      vertex -27.2 -13.1175 12.5047
    endloop
  endfacet
  facet normal 0.547026 -0.677236 -0.49205
    outer loop
      vertex -23 -10.3562 13.447
      vertex -23 -10.7622 14.0058
      vertex -27.2 -12.6781 11.9735
    endloop
  endfacet
  facet normal 0.547026 -0.156824 -0.822295
    outer loop
      vertex -23 -13.6322 15.8272
      vertex -23 -14.3107 15.9566
      vertex -27.2 -14.6553 13.2283
    endloop
  endfacet
  facet normal 0.547027 0.052595 -0.835461
    outer loop
      vertex -27.2 -15 13.25
      vertex -23 -15.6893 15.9566
      vertex -27.2 -15.3447 13.2283
    endloop
  endfacet
  facet normal 0.547031 0.156892 0.822279
    outer loop
      vertex -23 -16.3678 5.17279
      vertex -27.2 -15.3447 7.77168
      vertex -27.2 -15.6839 7.8364
    endloop
  endfacet
  facet normal 0.547029 0.448522 0.706815
    outer loop
      vertex -23 -17.6496 5.68031
      vertex -27.2 -16.3248 8.09016
      vertex -27.2 -16.6164 8.2752
    endloop
  endfacet
  facet normal 0.547037 0.810813 0.208163
    outer loop
      vertex -23.819 -19.7247 8.98109
      vertex -27.2 -17.6154 9.6502
      vertex -23.879 -19.8193 9.50724
    endloop
  endfacet
  facet normal 0.547088 0.810279 0.210101
    outer loop
      vertex -27.2 -17.6154 9.6502
      vertex -23.819 -19.7247 8.98109
      vertex -23.8155 -19.723 8.96542
    endloop
  endfacet
  facet normal 0.547029 0.778304 0.308224
    outer loop
      vertex -23.8155 -19.723 8.96542
      vertex -23.6226 -19.6265 8.37939
      vertex -27.2 -17.6154 9.6502
    endloop
  endfacet
  facet normal 0.547021 0.81081 0.208217
    outer loop
      vertex -23.8871 -19.832 9.57824
      vertex -27.2 -17.6154 9.6502
      vertex -27.2 -17.7013 9.9847
    endloop
  endfacet
  facet normal 0.547098 0.81095 0.207473
    outer loop
      vertex -27.2 -17.6154 9.6502
      vertex -23.8871 -19.832 9.57824
      vertex -23.879 -19.8193 9.50724
    endloop
  endfacet
  facet normal 0.547027 0.733541 0.403335
    outer loop
      vertex -23.6054 -19.6179 8.32698
      vertex -27.2 -17.3219 9.02648
      vertex -27.2 -17.4883 9.32911
    endloop
  endfacet
  facet normal 0.547003 0.733435 0.40356
    outer loop
      vertex -27.2 -17.3219 9.02648
      vertex -23.6054 -19.6179 8.32698
      vertex -23.5842 -19.6073 8.27898
    endloop
  endfacet
  facet normal 0.547063 0.677173 0.492096
    outer loop
      vertex -23 -19.2378 6.99417
      vertex -23.3121 -19.4713 7.66245
      vertex -23 -19.3152 7.10068
    endloop
  endfacet
  facet normal 0.547032 0.677201 0.492092
    outer loop
      vertex -23.3121 -19.4713 7.66245
      vertex -23 -19.2378 6.99417
      vertex -27.2 -17.3219 9.02648
    endloop
  endfacet
  facet normal 0.547027 0.61023 0.573045
    outer loop
      vertex -23 -19.2378 6.99417
      vertex -27.2 -16.8825 8.49534
      vertex -27.2 -17.1189 8.74708
    endloop
  endfacet
  facet normal 0.547027 0.677236 0.49205
    outer loop
      vertex -23 -19.2378 6.99417
      vertex -27.2 -17.1189 8.74708
      vertex -27.2 -17.3219 9.02648
    endloop
  endfacet
  facet normal 0.547032 0.258638 -0.796155
    outer loop
      vertex -27.2 -16.0123 13.0569
      vertex -23 -16.3678 15.8272
      vertex -23 -17.0247 15.6138
    endloop
  endfacet
  facet normal 0.547029 0.258674 -0.796145
    outer loop
      vertex -23 -16.3678 15.8272
      vertex -27.2 -16.0123 13.0569
      vertex -27.2 -15.6839 13.1636
    endloop
  endfacet
  facet normal 0.547024 0.830509 -0.10497
    outer loop
      vertex -23.9218 -19.8868 10.8074
      vertex -27.2 -17.7013 11.0153
      vertex -23.8871 -19.832 11.4218
    endloop
  endfacet
  facet normal 0.547025 0.83051 -0.104965
    outer loop
      vertex -27.2 -17.7013 11.0153
      vertex -23.9218 -19.8868 10.8074
      vertex -27.2 -17.7446 10.6727
    endloop
  endfacet
  facet normal 0.547142 0.677109 -0.492096
    outer loop
      vertex -23.3121 -19.4713 13.3375
      vertex -23 -19.2378 14.0058
      vertex -23 -19.3152 13.8993
    endloop
  endfacet
  facet normal 0.54703 0.677212 -0.49208
    outer loop
      vertex -23 -19.2378 14.0058
      vertex -23.3121 -19.4713 13.3375
      vertex -27.2 -17.3219 11.9735
    endloop
  endfacet
  facet normal 0.547026 0.677236 -0.49205
    outer loop
      vertex -27.2 -17.1189 12.2529
      vertex -23 -19.2378 14.0058
      vertex -27.2 -17.3219 11.9735
    endloop
  endfacet
  facet normal 0.547018 -0.733546 0.403338
    outer loop
      vertex -23 -10.0235 8.15821
      vertex -27.2 -12.5117 9.32911
      vertex -27.2 -12.6781 9.02648
    endloop
  endfacet
  facet normal 0.547025 -0.837116 0
    outer loop
      vertex -27.2 -12.2554 10.3273
      vertex -23 -9.51085 10.8453
      vertex -27.2 -12.2554 10.6727
    endloop
  endfacet
  facet normal 0.547025 -0.837116 0
    outer loop
      vertex -23 -9.51085 10.8453
      vertex -27.2 -12.2554 10.3273
      vertex -23 -9.51085 10.1547
    endloop
  endfacet
  facet normal 0.547027 -0.156847 0.82229
    outer loop
      vertex -23 -14.3107 5.04337
      vertex -23 -13.6322 5.17279
      vertex -27.2 -14.6553 7.77168
    endloop
  endfacet
  facet normal 0.547027 -0.44854 0.706805
    outer loop
      vertex -23 -12.3504 5.68031
      vertex -23 -11.7672 6.05041
      vertex -27.2 -13.3836 8.2752
    endloop
  endfacet
  facet normal 0.547029 -0.533586 0.645016
    outer loop
      vertex -27.2 -13.1175 8.49534
      vertex -23 -11.7672 6.05041
      vertex -23 -11.235 6.49067
    endloop
  endfacet
  facet normal 0.547027 -0.533601 0.645005
    outer loop
      vertex -23 -11.7672 6.05041
      vertex -27.2 -13.1175 8.49534
      vertex -27.2 -13.3836 8.2752
    endloop
  endfacet
  facet normal 0.547029 -0.810814 -0.208182
    outer loop
      vertex -23 -9.59742 11.5306
      vertex -23 -9.76919 12.1996
      vertex -27.2 -12.3846 11.3498
    endloop
  endfacet
  facet normal 0.547022 -0.610244 -0.573035
    outer loop
      vertex -23 -10.7622 14.0058
      vertex -23 -11.235 14.5093
      vertex -27.2 -13.1175 12.5047
    endloop
  endfacet
  facet normal 0.547017 -0.73353 -0.403369
    outer loop
      vertex -27.2 -12.5117 11.6709
      vertex -23 -10.0235 12.8418
      vertex -27.2 -12.6781 11.9735
    endloop
  endfacet
  facet normal 0.547017 -0.778363 -0.308097
    outer loop
      vertex -27.2 -12.3846 11.3498
      vertex -23 -10.0235 12.8418
      vertex -27.2 -12.5117 11.6709
    endloop
  endfacet
  facet normal 0.547026 -0.677236 -0.49205
    outer loop
      vertex -27.2 -12.6781 11.9735
      vertex -23 -10.7622 14.0058
      vertex -27.2 -12.8811 12.2529
    endloop
  endfacet
  facet normal 0.547031 -0.356522 -0.757397
    outer loop
      vertex -27.2 -13.6752 12.9098
      vertex -23 -12.9753 15.6138
      vertex -27.2 -13.9877 13.0569
    endloop
  endfacet
  facet normal 0.547036 -0.356468 -0.757418
    outer loop
      vertex -23 -12.9753 15.6138
      vertex -27.2 -13.6752 12.9098
      vertex -23 -12.3504 15.3197
    endloop
  endfacet
  facet normal 0.547028 0.0526026 -0.83546
    outer loop
      vertex -23 -15 16
      vertex -23 -15.6893 15.9566
      vertex -27.2 -15 13.25
    endloop
  endfacet
  facet normal 0.547028 -0.0526026 -0.83546
    outer loop
      vertex -23 -14.3107 15.9566
      vertex -23 -15 16
      vertex -27.2 -15 13.25
    endloop
  endfacet
  facet normal 0.547022 0.533618 -0.644995
    outer loop
      vertex -27.2 -16.8825 12.5047
      vertex -23 -18.2328 14.9496
      vertex -23 -18.765 14.5093
    endloop
  endfacet
  facet normal 0.54703 0.533542 -0.645051
    outer loop
      vertex -23 -18.2328 14.9496
      vertex -27.2 -16.8825 12.5047
      vertex -27.2 -16.6164 12.7248
    endloop
  endfacet
  facet normal 0.547028 0.44854 -0.706804
    outer loop
      vertex -23 -17.6496 15.3197
      vertex -23 -18.2328 14.9496
      vertex -27.2 -16.6164 12.7248
    endloop
  endfacet
  facet normal 0.5471 0.810948 -0.207473
    outer loop
      vertex -23.8871 -19.832 11.4218
      vertex -27.2 -17.6154 11.3498
      vertex -23.879 -19.8193 11.4928
    endloop
  endfacet
  facet normal 0.547023 0.810809 -0.208217
    outer loop
      vertex -27.2 -17.6154 11.3498
      vertex -23.8871 -19.832 11.4218
      vertex -27.2 -17.7013 11.0153
    endloop
  endfacet
  facet normal 0.547003 0.733435 -0.40356
    outer loop
      vertex -23.6054 -19.6179 12.673
      vertex -27.2 -17.3219 11.9735
      vertex -23.5842 -19.6073 12.721
    endloop
  endfacet
  facet normal 0.547024 0.733526 -0.403367
    outer loop
      vertex -27.2 -17.3219 11.9735
      vertex -23.6054 -19.6179 12.673
      vertex -27.2 -17.4883 11.6709
    endloop
  endfacet
  facet normal 0.547031 0.733576 -0.403266
    outer loop
      vertex -23.3121 -19.4713 13.3375
      vertex -23.5842 -19.6073 12.721
      vertex -27.2 -17.3219 11.9735
    endloop
  endfacet
  facet normal 0.547028 -0.733592 0.403242
    outer loop
      vertex -23 -10.3562 7.55295
      vertex -23 -10.0235 8.15821
      vertex -27.2 -12.6781 9.02648
    endloop
  endfacet
  facet normal 0.547028 -0.677227 0.492061
    outer loop
      vertex -23 -10.7622 6.99417
      vertex -23 -10.3562 7.55295
      vertex -27.2 -12.6781 9.02648
    endloop
  endfacet
  facet normal 0.547027 -0.778311 0.30821
    outer loop
      vertex -23 -10.0235 8.15821
      vertex -23 -9.76919 8.80041
      vertex -27.2 -12.3846 9.6502
    endloop
  endfacet
  facet normal 0.547029 -0.810813 0.208185
    outer loop
      vertex -23 -9.76919 8.80041
      vertex -23 -9.59742 9.4694
      vertex -27.2 -12.3846 9.6502
    endloop
  endfacet
  facet normal 0.547032 -0.258682 0.796141
    outer loop
      vertex -27.2 -13.9877 7.94312
      vertex -23 -13.6322 5.17279
      vertex -23 -12.9753 5.38623
    endloop
  endfacet
  facet normal 0.547029 -0.258718 0.796131
    outer loop
      vertex -23 -13.6322 5.17279
      vertex -27.2 -13.9877 7.94312
      vertex -27.2 -14.3161 7.8364
    endloop
  endfacet
  facet normal 0.547031 -0.156892 0.822279
    outer loop
      vertex -23 -13.6322 5.17279
      vertex -27.2 -14.3161 7.8364
      vertex -27.2 -14.6553 7.77168
    endloop
  endfacet
  facet normal 0.547037 -0.44845 -0.706854
    outer loop
      vertex -27.2 -13.3836 12.7248
      vertex -23 -12.3504 15.3197
      vertex -27.2 -13.6752 12.9098
    endloop
  endfacet
  facet normal 0.547028 -0.156846 -0.822289
    outer loop
      vertex -27.2 -14.3161 13.1636
      vertex -23 -13.6322 15.8272
      vertex -27.2 -14.6553 13.2283
    endloop
  endfacet
  facet normal 0.547029 -0.258674 -0.796145
    outer loop
      vertex -27.2 -13.9877 13.0569
      vertex -23 -13.6322 15.8272
      vertex -27.2 -14.3161 13.1636
    endloop
  endfacet
  facet normal 0.547032 -0.258638 -0.796155
    outer loop
      vertex -23 -13.6322 15.8272
      vertex -27.2 -13.9877 13.0569
      vertex -23 -12.9753 15.6138
    endloop
  endfacet
  facet normal 0.547018 -0.778359 0.308105
    outer loop
      vertex -23 -10.0235 8.15821
      vertex -27.2 -12.3846 9.6502
      vertex -27.2 -12.5117 9.32911
    endloop
  endfacet
  facet normal 0.547023 -0.830511 0.104965
    outer loop
      vertex -27.2 -12.2987 9.9847
      vertex -23 -9.51085 10.1547
      vertex -27.2 -12.2554 10.3273
    endloop
  endfacet
  facet normal 0.547027 -0.830514 0.104914
    outer loop
      vertex -23 -9.51085 10.1547
      vertex -27.2 -12.2987 9.9847
      vertex -23 -9.59742 9.4694
    endloop
  endfacet
  facet normal 0.547029 -0.448522 0.706815
    outer loop
      vertex -23 -12.3504 5.68031
      vertex -27.2 -13.3836 8.2752
      vertex -27.2 -13.6752 8.09016
    endloop
  endfacet
  facet normal 0.547027 -0.61023 0.573045
    outer loop
      vertex -23 -10.7622 6.99417
      vertex -27.2 -12.8811 8.74708
      vertex -27.2 -13.1175 8.49534
    endloop
  endfacet
  facet normal 0 -0.425808 0.904813
    outer loop
      vertex -23 -12.3504 5.68031
      vertex -10.3202 -12.9753 5.38623
      vertex -9.0703 -12.3504 5.68031
    endloop
  endfacet
  facet normal 0 -0.425808 0.904813
    outer loop
      vertex -10.3202 -12.9753 5.38623
      vertex -23 -12.3504 5.68031
      vertex -23 -12.9753 5.38623
    endloop
  endfacet
  facet normal 0 -0.535817 0.844334
    outer loop
      vertex -23 -11.7672 6.05041
      vertex -9.0703 -12.3504 5.68031
      vertex -7.90395 -11.7672 6.05041
    endloop
  endfacet
  facet normal 0 -0.535817 0.844334
    outer loop
      vertex -9.0703 -12.3504 5.68031
      vertex -23 -11.7672 6.05041
      vertex -23 -12.3504 5.68031
    endloop
  endfacet
  facet normal 0 -0.929754 0.368181
    outer loop
      vertex -4.41649 -10.0235 8.15821
      vertex -23 -9.76919 8.80041
      vertex -23 -10.0235 8.15821
    endloop
  endfacet
  facet normal 0 -0.929754 0.368181
    outer loop
      vertex -23 -9.76919 8.80041
      vertex -4.41649 -10.0235 8.15821
      vertex -3.90797 -9.76919 8.80041
    endloop
  endfacet
  facet normal 0 -0.929754 -0.368181
    outer loop
      vertex -23 -9.76919 12.1996
      vertex -4.41649 -10.0235 12.8418
      vertex -23 -10.0235 12.8418
    endloop
  endfacet
  facet normal 0 -0.929754 -0.368181
    outer loop
      vertex -4.41649 -10.0235 12.8418
      vertex -23 -9.76919 12.1996
      vertex -3.90797 -9.76919 12.1996
    endloop
  endfacet
  facet normal 0 -0.425832 -0.904802
    outer loop
      vertex -23 -12.3504 15.3197
      vertex -10.3202 -12.9753 15.6138
      vertex -23 -12.9753 15.6138
    endloop
  endfacet
  facet normal 0 -0.425832 -0.904802
    outer loop
      vertex -10.3202 -12.9753 15.6138
      vertex -23 -12.3504 15.3197
      vertex -9.0703 -12.3504 15.3197
    endloop
  endfacet
  facet normal -0 0.0627947 0.998026
    outer loop
      vertex -23 -15 5
      vertex -15.7483 -15.6893 5.04337
      vertex -14.3696 -15 5
    endloop
  endfacet
  facet normal 0 0.0627947 0.998026
    outer loop
      vertex -15.7483 -15.6893 5.04337
      vertex -23 -15 5
      vertex -23 -15.6893 5.04337
    endloop
  endfacet
  facet normal 0 -0.728982 0.684533
    outer loop
      vertex -6.83957 -11.235 6.49067
      vertex -23 -10.7622 6.99417
      vertex -23 -11.235 6.49067
    endloop
  endfacet
  facet normal 0 -0.728982 0.684533
    outer loop
      vertex -23 -10.7622 6.99417
      vertex -6.83957 -11.235 6.49067
      vertex -5.89394 -10.7622 6.99417
    endloop
  endfacet
  facet normal 0 -0.992115 0.125328
    outer loop
      vertex -3.56443 -9.59742 9.4694
      vertex -23 -9.51085 10.1547
      vertex -23 -9.59742 9.4694
    endloop
  endfacet
  facet normal 0 -0.992115 0.125328
    outer loop
      vertex -23 -9.51085 10.1547
      vertex -3.56443 -9.59742 9.4694
      vertex -3.39129 -9.51085 10.1547
    endloop
  endfacet
  facet normal 0 -0.876334 0.481704
    outer loop
      vertex -5.08198 -10.3562 7.55295
      vertex -23 -10.0235 8.15821
      vertex -23 -10.3562 7.55295
    endloop
  endfacet
  facet normal 0 -0.876334 0.481704
    outer loop
      vertex -23 -10.0235 8.15821
      vertex -5.08198 -10.3562 7.55295
      vertex -4.41649 -10.0235 8.15821
    endloop
  endfacet
  facet normal 0 -0.062838 -0.998024
    outer loop
      vertex -23 -14.3107 15.9566
      vertex -14.3696 -15 16
      vertex -23 -15 16
    endloop
  endfacet
  facet normal 0 -0.062838 -0.998024
    outer loop
      vertex -14.3696 -15 16
      vertex -23 -14.3107 15.9566
      vertex -12.9909 -14.3107 15.9566
    endloop
  endfacet
  facet normal 0 -0.637446 -0.770495
    outer loop
      vertex -23 -11.235 14.5093
      vertex -7.90395 -11.7672 14.9496
      vertex -23 -11.7672 14.9496
    endloop
  endfacet
  facet normal 0 -0.637446 -0.770495
    outer loop
      vertex -7.90395 -11.7672 14.9496
      vertex -23 -11.235 14.5093
      vertex -6.83957 -11.235 14.5093
    endloop
  endfacet
  facet normal 0 -0.992115 -0.125328
    outer loop
      vertex -23 -9.51085 10.8453
      vertex -3.56443 -9.59742 11.5306
      vertex -23 -9.59742 11.5306
    endloop
  endfacet
  facet normal 0 -0.992115 -0.125328
    outer loop
      vertex -3.56443 -9.59742 11.5306
      vertex -23 -9.51085 10.8453
      vertex -3.39129 -9.51085 10.8453
    endloop
  endfacet
  facet normal 0 -0.728982 -0.684533
    outer loop
      vertex -23 -10.7622 14.0058
      vertex -6.83957 -11.235 14.5093
      vertex -23 -11.235 14.5093
    endloop
  endfacet
  facet normal 0 -0.728982 -0.684533
    outer loop
      vertex -6.83957 -11.235 14.5093
      vertex -23 -10.7622 14.0058
      vertex -5.89394 -10.7622 14.0058
    endloop
  endfacet
  facet normal -0 0.425808 0.904813
    outer loop
      vertex -23 -17.0247 5.38623
      vertex -19.6689 -17.6496 5.68031
      vertex -18.419 -17.0247 5.38623
    endloop
  endfacet
  facet normal 0 0.425808 0.904813
    outer loop
      vertex -19.6689 -17.6496 5.68031
      vertex -23 -17.0247 5.38623
      vertex -23 -17.6496 5.68031
    endloop
  endfacet
  facet normal 0 -0.309017 0.951056
    outer loop
      vertex -23 -12.9753 5.38623
      vertex -11.634 -13.6322 5.17279
      vertex -10.3202 -12.9753 5.38623
    endloop
  endfacet
  facet normal 0 -0.309017 0.951056
    outer loop
      vertex -11.634 -13.6322 5.17279
      vertex -23 -12.9753 5.38623
      vertex -23 -13.6322 5.17279
    endloop
  endfacet
  facet normal 0 -0.637412 0.770523
    outer loop
      vertex -23 -11.235 6.49067
      vertex -7.90395 -11.7672 6.05041
      vertex -6.83957 -11.235 6.49067
    endloop
  endfacet
  facet normal 0 -0.637412 0.770523
    outer loop
      vertex -7.90395 -11.7672 6.05041
      vertex -23 -11.235 6.49067
      vertex -23 -11.7672 6.05041
    endloop
  endfacet
  facet normal 0 -1 0
    outer loop
      vertex -23 -9.51085 10.1547
      vertex -3.39129 -9.51085 10.8453
      vertex -23 -9.51085 10.8453
    endloop
  endfacet
  facet normal 0 -1 -0
    outer loop
      vertex -3.39129 -9.51085 10.8453
      vertex -23 -9.51085 10.1547
      vertex -3.39129 -9.51085 10.1547
    endloop
  endfacet
  facet normal 0 -0.968582 0.248693
    outer loop
      vertex -3.90797 -9.76919 8.80041
      vertex -23 -9.59742 9.4694
      vertex -23 -9.76919 8.80041
    endloop
  endfacet
  facet normal 0 -0.968582 0.248693
    outer loop
      vertex -23 -9.59742 9.4694
      vertex -3.90797 -9.76919 8.80041
      vertex -3.56443 -9.59742 9.4694
    endloop
  endfacet
  facet normal 0 -0.809001 0.587807
    outer loop
      vertex -5.89394 -10.7622 6.99417
      vertex -23 -10.3562 7.55295
      vertex -23 -10.7622 6.99417
    endloop
  endfacet
  facet normal 0 -0.809001 0.587807
    outer loop
      vertex -23 -10.3562 7.55295
      vertex -5.89394 -10.7622 6.99417
      vertex -5.08198 -10.3562 7.55295
    endloop
  endfacet
  facet normal 0 -0.308965 -0.951073
    outer loop
      vertex -23 -12.9753 15.6138
      vertex -11.634 -13.6322 15.8272
      vertex -23 -13.6322 15.8272
    endloop
  endfacet
  facet normal 0 -0.308965 -0.951073
    outer loop
      vertex -11.634 -13.6322 15.8272
      vertex -23 -12.9753 15.6138
      vertex -10.3202 -12.9753 15.6138
    endloop
  endfacet
  facet normal 0 -0.187338 -0.982295
    outer loop
      vertex -23 -13.6322 15.8272
      vertex -12.9909 -14.3107 15.9566
      vertex -23 -14.3107 15.9566
    endloop
  endfacet
  facet normal 0 -0.187338 -0.982295
    outer loop
      vertex -12.9909 -14.3107 15.9566
      vertex -23 -13.6322 15.8272
      vertex -11.634 -13.6322 15.8272
    endloop
  endfacet
  facet normal 0 -0.535817 -0.844334
    outer loop
      vertex -23 -11.7672 14.9496
      vertex -9.0703 -12.3504 15.3197
      vertex -23 -12.3504 15.3197
    endloop
  endfacet
  facet normal 0 -0.535817 -0.844334
    outer loop
      vertex -9.0703 -12.3504 15.3197
      vertex -23 -11.7672 14.9496
      vertex -7.90395 -11.7672 14.9496
    endloop
  endfacet
  facet normal 0 -0.968583 -0.24869
    outer loop
      vertex -23 -9.59742 11.5306
      vertex -3.90797 -9.76919 12.1996
      vertex -23 -9.76919 12.1996
    endloop
  endfacet
  facet normal 0 -0.968583 -0.24869
    outer loop
      vertex -3.90797 -9.76919 12.1996
      vertex -23 -9.59742 11.5306
      vertex -3.56443 -9.59742 11.5306
    endloop
  endfacet
  facet normal 0 -0.809011 -0.587793
    outer loop
      vertex -23 -10.3562 13.447
      vertex -5.89394 -10.7622 14.0058
      vertex -23 -10.7622 14.0058
    endloop
  endfacet
  facet normal 0 -0.809011 -0.587793
    outer loop
      vertex -5.89394 -10.7622 14.0058
      vertex -23 -10.3562 13.447
      vertex -5.08198 -10.3562 13.447
    endloop
  endfacet
  facet normal 0 -0.876314 -0.481741
    outer loop
      vertex -23 -10.0235 12.8418
      vertex -5.08198 -10.3562 13.447
      vertex -23 -10.3562 13.447
    endloop
  endfacet
  facet normal 0 -0.876314 -0.481741
    outer loop
      vertex -5.08198 -10.3562 13.447
      vertex -23 -10.0235 12.8418
      vertex -4.41649 -10.0235 12.8418
    endloop
  endfacet
  facet normal 0 -0.0627947 0.998026
    outer loop
      vertex -23 -14.3107 5.04337
      vertex -14.3696 -15 5
      vertex -12.9909 -14.3107 5.04337
    endloop
  endfacet
  facet normal 0 -0.0627947 0.998026
    outer loop
      vertex -14.3696 -15 5
      vertex -23 -14.3107 5.04337
      vertex -23 -15 5
    endloop
  endfacet
  facet normal -0 0.309017 0.951056
    outer loop
      vertex -23 -16.3678 5.17279
      vertex -18.419 -17.0247 5.38623
      vertex -17.1052 -16.3678 5.17279
    endloop
  endfacet
  facet normal 0 0.309017 0.951056
    outer loop
      vertex -18.419 -17.0247 5.38623
      vertex -23 -16.3678 5.17279
      vertex -23 -17.0247 5.38623
    endloop
  endfacet
  facet normal 0 0.425832 -0.904802
    outer loop
      vertex -23 -17.0247 15.6138
      vertex -19.6689 -17.6496 15.3197
      vertex -23 -17.6496 15.3197
    endloop
  endfacet
  facet normal 0 0.425832 -0.904802
    outer loop
      vertex -19.6689 -17.6496 15.3197
      vertex -23 -17.0247 15.6138
      vertex -18.419 -17.0247 15.6138
    endloop
  endfacet
  facet normal 0 -0.187366 0.98229
    outer loop
      vertex -23 -13.6322 5.17279
      vertex -12.9909 -14.3107 5.04337
      vertex -11.634 -13.6322 5.17279
    endloop
  endfacet
  facet normal 0 -0.187366 0.98229
    outer loop
      vertex -12.9909 -14.3107 5.04337
      vertex -23 -13.6322 5.17279
      vertex -23 -14.3107 5.04337
    endloop
  endfacet
  facet normal -0 0.187366 0.98229
    outer loop
      vertex -23 -15.6893 5.04337
      vertex -17.1052 -16.3678 5.17279
      vertex -15.7483 -15.6893 5.04337
    endloop
  endfacet
  facet normal 0 0.187366 0.98229
    outer loop
      vertex -17.1052 -16.3678 5.17279
      vertex -23 -15.6893 5.04337
      vertex -23 -16.3678 5.17279
    endloop
  endfacet
  facet normal -0 0.728982 0.684533
    outer loop
      vertex -23 -18.765 6.49067
      vertex -22.8452 -19.2378 6.99417
      vertex -21.8996 -18.765 6.49067
    endloop
  endfacet
  facet normal 0 0.728982 0.684533
    outer loop
      vertex -22.8452 -19.2378 6.99417
      vertex -23 -18.765 6.49067
      vertex -23 -19.2378 6.99417
    endloop
  endfacet
  facet normal -0 0.637412 0.770523
    outer loop
      vertex -23 -18.2328 6.05041
      vertex -21.8996 -18.765 6.49067
      vertex -20.8352 -18.2328 6.05041
    endloop
  endfacet
  facet normal 0 0.637412 0.770523
    outer loop
      vertex -21.8996 -18.765 6.49067
      vertex -23 -18.2328 6.05041
      vertex -23 -18.765 6.49067
    endloop
  endfacet
  facet normal -0 0.535817 0.844334
    outer loop
      vertex -23 -17.6496 5.68031
      vertex -20.8352 -18.2328 6.05041
      vertex -19.6689 -17.6496 5.68031
    endloop
  endfacet
  facet normal 0 0.535817 0.844334
    outer loop
      vertex -20.8352 -18.2328 6.05041
      vertex -23 -17.6496 5.68031
      vertex -23 -18.2328 6.05041
    endloop
  endfacet
  facet normal 0 0.308965 -0.951073
    outer loop
      vertex -23 -16.3678 15.8272
      vertex -18.419 -17.0247 15.6138
      vertex -23 -17.0247 15.6138
    endloop
  endfacet
  facet normal 0 0.308965 -0.951073
    outer loop
      vertex -18.419 -17.0247 15.6138
      vertex -23 -16.3678 15.8272
      vertex -17.1052 -16.3678 15.8272
    endloop
  endfacet
  facet normal 0 0.187338 -0.982295
    outer loop
      vertex -23 -15.6893 15.9566
      vertex -17.1052 -16.3678 15.8272
      vertex -23 -16.3678 15.8272
    endloop
  endfacet
  facet normal 0 0.187338 -0.982295
    outer loop
      vertex -17.1052 -16.3678 15.8272
      vertex -23 -15.6893 15.9566
      vertex -15.7483 -15.6893 15.9566
    endloop
  endfacet
  facet normal 0 0.062838 -0.998024
    outer loop
      vertex -23 -15 16
      vertex -15.7483 -15.6893 15.9566
      vertex -23 -15.6893 15.9566
    endloop
  endfacet
  facet normal 0 0.062838 -0.998024
    outer loop
      vertex -15.7483 -15.6893 15.9566
      vertex -23 -15 16
      vertex -14.3696 -15 16
    endloop
  endfacet
  facet normal 0 0.808959 0.587865
    outer loop
      vertex -22.8452 -19.2378 6.99417
      vertex -23 -19.2378 6.99417
      vertex -23 -19.3152 7.10068
    endloop
  endfacet
  facet normal 0 0.637446 -0.770495
    outer loop
      vertex -23 -18.2328 14.9496
      vertex -21.8996 -18.765 14.5093
      vertex -23 -18.765 14.5093
    endloop
  endfacet
  facet normal 0 0.637446 -0.770495
    outer loop
      vertex -21.8996 -18.765 14.5093
      vertex -23 -18.2328 14.9496
      vertex -20.8352 -18.2328 14.9496
    endloop
  endfacet
  facet normal 0 0.728982 -0.684533
    outer loop
      vertex -22.8452 -19.2378 14.0058
      vertex -23 -18.765 14.5093
      vertex -21.8996 -18.765 14.5093
    endloop
  endfacet
  facet normal 0 0.728982 -0.684533
    outer loop
      vertex -23 -18.765 14.5093
      vertex -22.8452 -19.2378 14.0058
      vertex -23 -19.2378 14.0058
    endloop
  endfacet
  facet normal 0 0.535817 -0.844334
    outer loop
      vertex -23 -17.6496 15.3197
      vertex -20.8352 -18.2328 14.9496
      vertex -23 -18.2328 14.9496
    endloop
  endfacet
  facet normal 0 0.535817 -0.844334
    outer loop
      vertex -20.8352 -18.2328 14.9496
      vertex -23 -17.6496 15.3197
      vertex -19.6689 -17.6496 15.3197
    endloop
  endfacet
  facet normal 0 0.808933 -0.587901
    outer loop
      vertex -23 -19.2378 14.0058
      vertex -22.8452 -19.2378 14.0058
      vertex -23 -19.3152 13.8993
    endloop
  endfacet
  facet normal 0 -0.0627712 0.998028
    outer loop
      vertex -37 -14.6553 7.77168
      vertex -27.2 -15 7.75
      vertex -27.2 -14.6553 7.77168
    endloop
  endfacet
  facet normal 0 -0.0627712 0.998028
    outer loop
      vertex -27.2 -15 7.75
      vertex -37 -14.6553 7.77168
      vertex -37 -15 7.75
    endloop
  endfacet
  facet normal 0 -0.0628289 -0.998024
    outer loop
      vertex -37 -15 13.25
      vertex -27.2 -14.6553 13.2283
      vertex -27.2 -15 13.25
    endloop
  endfacet
  facet normal -0 -0.0628289 -0.998024
    outer loop
      vertex -27.2 -14.6553 13.2283
      vertex -37 -15 13.25
      vertex -37 -14.6553 13.2283
    endloop
  endfacet
  facet normal 0 -1 0
    outer loop
      vertex -37 -12.2554 10.3273
      vertex -27.2 -12.2554 10.6727
      vertex -37 -12.2554 10.6727
    endloop
  endfacet
  facet normal 0 -1 -0
    outer loop
      vertex -27.2 -12.2554 10.6727
      vertex -37 -12.2554 10.3273
      vertex -27.2 -12.2554 10.3273
    endloop
  endfacet
  facet normal 0 -0.728968 0.684548
    outer loop
      vertex -37 -13.1175 8.49534
      vertex -27.2 -12.8811 8.74708
      vertex -37 -12.8811 8.74708
    endloop
  endfacet
  facet normal 0 -0.728968 0.684548
    outer loop
      vertex -27.2 -12.8811 8.74708
      vertex -37 -13.1175 8.49534
      vertex -27.2 -13.1175 8.49534
    endloop
  endfacet
  facet normal 0 -0.729049 -0.684461
    outer loop
      vertex -37 -12.8811 12.2529
      vertex -27.2 -13.1175 12.5047
      vertex -37 -13.1175 12.5047
    endloop
  endfacet
  facet normal 0 -0.729049 -0.684461
    outer loop
      vertex -27.2 -13.1175 12.5047
      vertex -37 -12.8811 12.2529
      vertex -27.2 -12.8811 12.2529
    endloop
  endfacet
  facet normal 0 -0.929809 -0.368043
    outer loop
      vertex -37 -12.3846 11.3498
      vertex -27.2 -12.5117 11.6709
      vertex -37 -12.5117 11.6709
    endloop
  endfacet
  facet normal 0 -0.929809 -0.368043
    outer loop
      vertex -27.2 -12.5117 11.6709
      vertex -37 -12.3846 11.3498
      vertex -27.2 -12.3846 11.3498
    endloop
  endfacet
  facet normal 0 -0.425752 0.90484
    outer loop
      vertex -37 -13.6752 8.09016
      vertex -27.2 -13.9877 7.94312
      vertex -27.2 -13.6752 8.09016
    endloop
  endfacet
  facet normal 0 -0.425752 0.90484
    outer loop
      vertex -27.2 -13.9877 7.94312
      vertex -37 -13.6752 8.09016
      vertex -37 -13.9877 7.94312
    endloop
  endfacet
  facet normal 0 -0.929805 0.368053
    outer loop
      vertex -37 -12.5117 9.32911
      vertex -27.2 -12.3846 9.6502
      vertex -37 -12.3846 9.6502
    endloop
  endfacet
  facet normal 0 -0.929805 0.368053
    outer loop
      vertex -27.2 -12.3846 9.6502
      vertex -37 -12.5117 9.32911
      vertex -27.2 -12.5117 9.32911
    endloop
  endfacet
  facet normal 0 -0.809011 0.587793
    outer loop
      vertex -37 -12.8811 8.74708
      vertex -27.2 -12.6781 9.02648
      vertex -37 -12.6781 9.02648
    endloop
  endfacet
  facet normal 0 -0.809011 0.587793
    outer loop
      vertex -27.2 -12.6781 9.02648
      vertex -37 -12.8811 8.74708
      vertex -27.2 -12.8811 8.74708
    endloop
  endfacet
  facet normal 0 -0.535713 -0.8444
    outer loop
      vertex -37 -13.6752 12.9098
      vertex -27.2 -13.3836 12.7248
      vertex -27.2 -13.6752 12.9098
    endloop
  endfacet
  facet normal -0 -0.535713 -0.8444
    outer loop
      vertex -27.2 -13.3836 12.7248
      vertex -37 -13.6752 12.9098
      vertex -37 -13.3836 12.7248
    endloop
  endfacet
  facet normal 0 -0.63736 -0.770566
    outer loop
      vertex -37 -13.3836 12.7248
      vertex -27.2 -13.1175 12.5047
      vertex -27.2 -13.3836 12.7248
    endloop
  endfacet
  facet normal -0 -0.63736 -0.770566
    outer loop
      vertex -27.2 -13.1175 12.5047
      vertex -37 -13.3836 12.7248
      vertex -37 -13.1175 12.5047
    endloop
  endfacet
  facet normal 0 -0.187365 -0.98229
    outer loop
      vertex -37 -14.6553 13.2283
      vertex -27.2 -14.3161 13.1636
      vertex -27.2 -14.6553 13.2283
    endloop
  endfacet
  facet normal -0 -0.187365 -0.98229
    outer loop
      vertex -27.2 -14.3161 13.1636
      vertex -37 -14.6553 13.2283
      vertex -37 -14.3161 13.1636
    endloop
  endfacet
  facet normal 0 -0.876253 -0.481852
    outer loop
      vertex -37 -12.5117 11.6709
      vertex -27.2 -12.6781 11.9735
      vertex -37 -12.6781 11.9735
    endloop
  endfacet
  facet normal 0 -0.876253 -0.481852
    outer loop
      vertex -27.2 -12.6781 11.9735
      vertex -37 -12.5117 11.6709
      vertex -27.2 -12.5117 11.6709
    endloop
  endfacet
  facet normal 0 -0.992108 -0.125389
    outer loop
      vertex -37 -12.2554 10.6727
      vertex -27.2 -12.2987 11.0153
      vertex -37 -12.2987 11.0153
    endloop
  endfacet
  facet normal 0 -0.992108 -0.125389
    outer loop
      vertex -27.2 -12.2987 11.0153
      vertex -37 -12.2554 10.6727
      vertex -27.2 -12.2554 10.6727
    endloop
  endfacet
  facet normal -0 0.637429 0.770509
    outer loop
      vertex -37 -16.6164 8.2752
      vertex -27.2 -16.8825 8.49534
      vertex -27.2 -16.6164 8.2752
    endloop
  endfacet
  facet normal 0 0.637429 0.770509
    outer loop
      vertex -27.2 -16.8825 8.49534
      vertex -37 -16.6164 8.2752
      vertex -37 -16.8825 8.49534
    endloop
  endfacet
  facet normal 0 0.968432 -0.249278
    outer loop
      vertex -27.2 -17.6154 11.3498
      vertex -36.9606 -17.6267 11.3059
      vertex -36.9613 -17.6154 11.3498
    endloop
  endfacet
  facet normal 0 0.968573 -0.248731
    outer loop
      vertex -36.9463 -17.7013 11.0153
      vertex -27.2 -17.6154 11.3498
      vertex -27.2 -17.7013 11.0153
    endloop
  endfacet
  facet normal -3.01805e-06 0.968594 -0.248648
    outer loop
      vertex -27.2 -17.6154 11.3498
      vertex -36.9463 -17.7013 11.0153
      vertex -36.9606 -17.6267 11.3059
    endloop
  endfacet
  facet normal 0 0.992108 0.125389
    outer loop
      vertex -27.2 -17.7013 9.9847
      vertex -36.9381 -17.7446 10.3273
      vertex -27.2 -17.7446 10.3273
    endloop
  endfacet
  facet normal 0 0.992108 0.125389
    outer loop
      vertex -36.9381 -17.7446 10.3273
      vertex -27.2 -17.7013 9.9847
      vertex -36.9463 -17.7013 9.9847
    endloop
  endfacet
  facet normal 0 -0.30906 0.951043
    outer loop
      vertex -37 -13.9877 7.94312
      vertex -27.2 -14.3161 7.8364
      vertex -27.2 -13.9877 7.94312
    endloop
  endfacet
  facet normal 0 -0.30906 0.951043
    outer loop
      vertex -27.2 -14.3161 7.8364
      vertex -37 -13.9877 7.94312
      vertex -37 -14.3161 7.8364
    endloop
  endfacet
  facet normal 0 -0.187421 0.98228
    outer loop
      vertex -37 -14.3161 7.8364
      vertex -27.2 -14.6553 7.77168
      vertex -27.2 -14.3161 7.8364
    endloop
  endfacet
  facet normal 0 -0.187421 0.98228
    outer loop
      vertex -27.2 -14.6553 7.77168
      vertex -37 -14.3161 7.8364
      vertex -37 -14.6553 7.77168
    endloop
  endfacet
  facet normal 0 -0.637429 0.770509
    outer loop
      vertex -37 -13.1175 8.49534
      vertex -27.2 -13.3836 8.2752
      vertex -27.2 -13.1175 8.49534
    endloop
  endfacet
  facet normal 0 -0.637429 0.770509
    outer loop
      vertex -27.2 -13.3836 8.2752
      vertex -37 -13.1175 8.49534
      vertex -37 -13.3836 8.2752
    endloop
  endfacet
  facet normal 0 -0.535796 0.844348
    outer loop
      vertex -37 -13.3836 8.2752
      vertex -27.2 -13.6752 8.09016
      vertex -27.2 -13.3836 8.2752
    endloop
  endfacet
  facet normal 0 -0.535796 0.844348
    outer loop
      vertex -27.2 -13.6752 8.09016
      vertex -37 -13.3836 8.2752
      vertex -37 -13.6752 8.09016
    endloop
  endfacet
  facet normal 0 -0.968573 0.248731
    outer loop
      vertex -37 -12.3846 9.6502
      vertex -27.2 -12.2987 9.9847
      vertex -37 -12.2987 9.9847
    endloop
  endfacet
  facet normal 0 -0.968573 0.248731
    outer loop
      vertex -27.2 -12.2987 9.9847
      vertex -37 -12.3846 9.6502
      vertex -27.2 -12.3846 9.6502
    endloop
  endfacet
  facet normal 0 -0.992108 0.125389
    outer loop
      vertex -37 -12.2987 9.9847
      vertex -27.2 -12.2554 10.3273
      vertex -37 -12.2554 10.3273
    endloop
  endfacet
  facet normal 0 -0.992108 0.125389
    outer loop
      vertex -27.2 -12.2554 10.3273
      vertex -37 -12.2987 9.9847
      vertex -27.2 -12.2987 9.9847
    endloop
  endfacet
  facet normal 0 -0.876273 0.481815
    outer loop
      vertex -37 -12.6781 9.02648
      vertex -27.2 -12.5117 9.32911
      vertex -37 -12.5117 9.32911
    endloop
  endfacet
  facet normal 0 -0.876273 0.481815
    outer loop
      vertex -27.2 -12.5117 9.32911
      vertex -37 -12.6781 9.02648
      vertex -27.2 -12.6781 9.02648
    endloop
  endfacet
  facet normal 0 -0.425895 -0.904773
    outer loop
      vertex -37 -13.9877 13.0569
      vertex -27.2 -13.6752 12.9098
      vertex -27.2 -13.9877 13.0569
    endloop
  endfacet
  facet normal -0 -0.425895 -0.904773
    outer loop
      vertex -27.2 -13.6752 12.9098
      vertex -37 -13.9877 13.0569
      vertex -37 -13.6752 12.9098
    endloop
  endfacet
  facet normal 0 -0.309007 -0.95106
    outer loop
      vertex -37 -14.3161 13.1636
      vertex -27.2 -13.9877 13.0569
      vertex -27.2 -14.3161 13.1636
    endloop
  endfacet
  facet normal -0 -0.309007 -0.95106
    outer loop
      vertex -27.2 -13.9877 13.0569
      vertex -37 -14.3161 13.1636
      vertex -37 -13.9877 13.0569
    endloop
  endfacet
  facet normal 0 -0.809011 -0.587793
    outer loop
      vertex -37 -12.6781 11.9735
      vertex -27.2 -12.8811 12.2529
      vertex -37 -12.8811 12.2529
    endloop
  endfacet
  facet normal 0 -0.809011 -0.587793
    outer loop
      vertex -27.2 -12.8811 12.2529
      vertex -37 -12.6781 11.9735
      vertex -27.2 -12.6781 11.9735
    endloop
  endfacet
  facet normal 0 -0.968573 -0.248731
    outer loop
      vertex -37 -12.2987 11.0153
      vertex -27.2 -12.3846 11.3498
      vertex -37 -12.3846 11.3498
    endloop
  endfacet
  facet normal 0 -0.968573 -0.248731
    outer loop
      vertex -27.2 -12.3846 11.3498
      vertex -37 -12.2987 11.0153
      vertex -27.2 -12.2987 11.0153
    endloop
  endfacet
  facet normal -0 0.0627712 0.998028
    outer loop
      vertex -37 -15 7.75
      vertex -27.2 -15.3447 7.77168
      vertex -27.2 -15 7.75
    endloop
  endfacet
  facet normal 0 0.0627712 0.998028
    outer loop
      vertex -27.2 -15.3447 7.77168
      vertex -37 -15 7.75
      vertex -37 -15.3447 7.77168
    endloop
  endfacet
  facet normal 0 0.876273 0.481815
    outer loop
      vertex -27.2 -17.3219 9.02648
      vertex -36.9693 -17.4883 9.32911
      vertex -27.2 -17.4883 9.32911
    endloop
  endfacet
  facet normal 0 0.876273 0.481815
    outer loop
      vertex -36.9693 -17.4883 9.32911
      vertex -27.2 -17.3219 9.02648
      vertex -36.9797 -17.3219 9.02648
    endloop
  endfacet
  facet normal 0 0.0628289 -0.998024
    outer loop
      vertex -37 -15.3447 13.2283
      vertex -27.2 -15 13.25
      vertex -27.2 -15.3447 13.2283
    endloop
  endfacet
  facet normal 0 0.0628289 -0.998024
    outer loop
      vertex -27.2 -15 13.25
      vertex -37 -15.3447 13.2283
      vertex -37 -15 13.25
    endloop
  endfacet
  facet normal 0 0.309007 -0.95106
    outer loop
      vertex -37 -16.0123 13.0569
      vertex -27.2 -15.6839 13.1636
      vertex -27.2 -16.0123 13.0569
    endloop
  endfacet
  facet normal 0 0.309007 -0.95106
    outer loop
      vertex -27.2 -15.6839 13.1636
      vertex -37 -16.0123 13.0569
      vertex -37 -15.6839 13.1636
    endloop
  endfacet
  facet normal 0 0.929805 0.368053
    outer loop
      vertex -27.2 -17.4883 9.32911
      vertex -36.9613 -17.6154 9.6502
      vertex -27.2 -17.6154 9.6502
    endloop
  endfacet
  facet normal 0 0.929805 0.368053
    outer loop
      vertex -36.9613 -17.6154 9.6502
      vertex -27.2 -17.4883 9.32911
      vertex -36.9693 -17.4883 9.32911
    endloop
  endfacet
  facet normal 0 0.968573 0.248731
    outer loop
      vertex -27.2 -17.6154 9.6502
      vertex -36.9463 -17.7013 9.9847
      vertex -27.2 -17.7013 9.9847
    endloop
  endfacet
  facet normal -4.19058e-06 0.968602 0.248616
    outer loop
      vertex -36.9463 -17.7013 9.9847
      vertex -27.2 -17.6154 9.6502
      vertex -36.9606 -17.6267 9.69406
    endloop
  endfacet
  facet normal 0 0.968377 0.249491
    outer loop
      vertex -36.9606 -17.6267 9.69406
      vertex -27.2 -17.6154 9.6502
      vertex -36.9613 -17.6154 9.6502
    endloop
  endfacet
  facet normal -0 0.30906 0.951043
    outer loop
      vertex -37 -15.6839 7.8364
      vertex -27.2 -16.0123 7.94312
      vertex -27.2 -15.6839 7.8364
    endloop
  endfacet
  facet normal 0 0.30906 0.951043
    outer loop
      vertex -27.2 -16.0123 7.94312
      vertex -37 -15.6839 7.8364
      vertex -37 -16.0123 7.94312
    endloop
  endfacet
  facet normal -0 0.425752 0.90484
    outer loop
      vertex -37 -16.0123 7.94312
      vertex -27.2 -16.3248 8.09016
      vertex -27.2 -16.0123 7.94312
    endloop
  endfacet
  facet normal 0 0.425752 0.90484
    outer loop
      vertex -27.2 -16.3248 8.09016
      vertex -37 -16.0123 7.94312
      vertex -37 -16.3248 8.09016
    endloop
  endfacet
  facet normal -0 0.535796 0.844348
    outer loop
      vertex -37 -16.3248 8.09016
      vertex -27.2 -16.6164 8.2752
      vertex -27.2 -16.3248 8.09016
    endloop
  endfacet
  facet normal 0 0.535796 0.844348
    outer loop
      vertex -27.2 -16.6164 8.2752
      vertex -37 -16.3248 8.09016
      vertex -37 -16.6164 8.2752
    endloop
  endfacet
  facet normal 0 1 -0
    outer loop
      vertex -27.2 -17.7446 10.3273
      vertex -36.9381 -17.7446 10.6727
      vertex -27.2 -17.7446 10.6727
    endloop
  endfacet
  facet normal 0 1 0
    outer loop
      vertex -36.9381 -17.7446 10.6727
      vertex -27.2 -17.7446 10.3273
      vertex -36.9381 -17.7446 10.3273
    endloop
  endfacet
  facet normal 0 0.929809 -0.368043
    outer loop
      vertex -36.9613 -17.6154 11.3498
      vertex -27.2 -17.4883 11.6709
      vertex -27.2 -17.6154 11.3498
    endloop
  endfacet
  facet normal 0 0.929809 -0.368043
    outer loop
      vertex -27.2 -17.4883 11.6709
      vertex -36.9613 -17.6154 11.3498
      vertex -36.9693 -17.4883 11.6709
    endloop
  endfacet
  facet normal 0 0.63736 -0.770566
    outer loop
      vertex -37 -16.8825 12.5047
      vertex -27.2 -16.6164 12.7248
      vertex -27.2 -16.8825 12.5047
    endloop
  endfacet
  facet normal 0 0.63736 -0.770566
    outer loop
      vertex -27.2 -16.6164 12.7248
      vertex -37 -16.8825 12.5047
      vertex -37 -16.6164 12.7248
    endloop
  endfacet
  facet normal 0 0.425895 -0.904773
    outer loop
      vertex -37 -16.3248 12.9098
      vertex -27.2 -16.0123 13.0569
      vertex -27.2 -16.3248 12.9098
    endloop
  endfacet
  facet normal 0 0.425895 -0.904773
    outer loop
      vertex -27.2 -16.0123 13.0569
      vertex -37 -16.3248 12.9098
      vertex -37 -16.0123 13.0569
    endloop
  endfacet
  facet normal 0 0.187365 -0.98229
    outer loop
      vertex -37 -15.6839 13.1636
      vertex -27.2 -15.3447 13.2283
      vertex -27.2 -15.6839 13.1636
    endloop
  endfacet
  facet normal 0 0.187365 -0.98229
    outer loop
      vertex -27.2 -15.3447 13.2283
      vertex -37 -15.6839 13.1636
      vertex -37 -15.3447 13.2283
    endloop
  endfacet
  facet normal 0 0.809011 0.587793
    outer loop
      vertex -27.2 -17.1189 8.74708
      vertex -36.9797 -17.3219 9.02648
      vertex -27.2 -17.3219 9.02648
    endloop
  endfacet
  facet normal 0 0.809011 0.587793
    outer loop
      vertex -36.9797 -17.3219 9.02648
      vertex -27.2 -17.1189 8.74708
      vertex -36.9925 -17.1189 8.74708
    endloop
  endfacet
  facet normal -0 0.187421 0.98228
    outer loop
      vertex -37 -15.3447 7.77168
      vertex -27.2 -15.6839 7.8364
      vertex -27.2 -15.3447 7.77168
    endloop
  endfacet
  facet normal 0 0.187421 0.98228
    outer loop
      vertex -27.2 -15.6839 7.8364
      vertex -37 -15.3447 7.77168
      vertex -37 -15.6839 7.8364
    endloop
  endfacet
  facet normal 0 0.992108 -0.125389
    outer loop
      vertex -36.9381 -17.7446 10.6727
      vertex -27.2 -17.7013 11.0153
      vertex -27.2 -17.7446 10.6727
    endloop
  endfacet
  facet normal 0 0.992108 -0.125389
    outer loop
      vertex -27.2 -17.7013 11.0153
      vertex -36.9381 -17.7446 10.6727
      vertex -36.9463 -17.7013 11.0153
    endloop
  endfacet
  facet normal 0 0.876253 -0.481852
    outer loop
      vertex -36.9693 -17.4883 11.6709
      vertex -27.2 -17.3219 11.9735
      vertex -27.2 -17.4883 11.6709
    endloop
  endfacet
  facet normal 0 0.876253 -0.481852
    outer loop
      vertex -27.2 -17.3219 11.9735
      vertex -36.9693 -17.4883 11.6709
      vertex -36.9797 -17.3219 11.9735
    endloop
  endfacet
  facet normal 0 0.535713 -0.8444
    outer loop
      vertex -37 -16.6164 12.7248
      vertex -27.2 -16.3248 12.9098
      vertex -27.2 -16.6164 12.7248
    endloop
  endfacet
  facet normal 0 0.535713 -0.8444
    outer loop
      vertex -27.2 -16.3248 12.9098
      vertex -37 -16.6164 12.7248
      vertex -37 -16.3248 12.9098
    endloop
  endfacet
  facet normal 0 0.728968 0.684548
    outer loop
      vertex -27.2 -16.8825 8.49534
      vertex -36.9925 -17.1189 8.74708
      vertex -27.2 -17.1189 8.74708
    endloop
  endfacet
  facet normal -0 0.728968 0.684548
    outer loop
      vertex -37 -16.8825 8.49534
      vertex -36.9925 -17.1189 8.74708
      vertex -27.2 -16.8825 8.49534
    endloop
  endfacet
  facet normal -0.000840505 0.728955 0.684561
    outer loop
      vertex -36.9925 -17.1189 8.74708
      vertex -37 -16.8825 8.49534
      vertex -37 -17 8.62046
    endloop
  endfacet
  facet normal 0 0.729049 -0.684461
    outer loop
      vertex -36.9925 -17.1189 12.2529
      vertex -37 -16.8825 12.5047
      vertex -27.2 -16.8825 12.5047
    endloop
  endfacet
  facet normal 0 0.729049 -0.684461
    outer loop
      vertex -36.9925 -17.1189 12.2529
      vertex -27.2 -16.8825 12.5047
      vertex -27.2 -17.1189 12.2529
    endloop
  endfacet
  facet normal 0.00837084 0.729148 -0.684305
    outer loop
      vertex -37 -16.8825 12.5047
      vertex -36.9925 -17.1189 12.2529
      vertex -37 -17 12.3795
    endloop
  endfacet
  facet normal 0 0.809011 -0.587793
    outer loop
      vertex -36.9797 -17.3219 11.9735
      vertex -27.2 -17.1189 12.2529
      vertex -27.2 -17.3219 11.9735
    endloop
  endfacet
  facet normal 0 0.809011 -0.587793
    outer loop
      vertex -27.2 -17.1189 12.2529
      vertex -36.9797 -17.3219 11.9735
      vertex -36.9925 -17.1189 12.2529
    endloop
  endfacet
  facet normal 0.547029 -0.0525639 0.835462
    outer loop
      vertex -23 0 5
      vertex -23 0.689332 5.04337
      vertex -27.2 0 7.75
    endloop
  endfacet
  facet normal 0.547028 -0.0525519 0.835463
    outer loop
      vertex -23 0.689332 5.04337
      vertex -27.2 0.344666 7.77168
      vertex -27.2 0 7.75
    endloop
  endfacet
  facet normal 0.547028 -0.677247 0.492034
    outer loop
      vertex -23 4.23782 6.99417
      vertex -27.2 2.3219 9.02648
      vertex -27.2 2.11891 8.74708
    endloop
  endfacet
  facet normal 0.547029 -0.810817 -0.20817
    outer loop
      vertex -27.2 2.70129 11.0153
      vertex -23 5.40258 11.5306
      vertex -27.2 2.61541 11.3498
    endloop
  endfacet
  facet normal 0.547029 0.0525639 0.835462
    outer loop
      vertex -23 -0.689332 5.04337
      vertex -23 0 5
      vertex -27.2 0 7.75
    endloop
  endfacet
  facet normal 0.547029 0.533594 0.645008
    outer loop
      vertex -27.2 -1.8825 8.49534
      vertex -23 -3.68479 6.42431
      vertex -23 -3.23282 6.05041
    endloop
  endfacet
  facet normal 0.547027 0.533613 0.644995
    outer loop
      vertex -27.2 -1.8825 8.49534
      vertex -23 -3.23282 6.05041
      vertex -27.2 -1.61641 8.2752
    endloop
  endfacet
  facet normal 0.547029 0.533578 0.645022
    outer loop
      vertex -23 -3.68479 6.42431
      vertex -27.2 -1.8825 8.49534
      vertex -23 -3.76501 6.49067
    endloop
  endfacet
  facet normal 0.547028 0.810815 -0.208182
    outer loop
      vertex -23 -5.23081 12.1996
      vertex -23 -5.40258 11.5306
      vertex -27.2 -2.61541 11.3498
    endloop
  endfacet
  facet normal 0.547029 -0.44855 -0.706797
    outer loop
      vertex -23 3.23282 14.9496
      vertex -23 2.64964 15.3197
      vertex -27.2 1.61641 12.7248
    endloop
  endfacet
  facet normal 0.547029 0.258688 0.796141
    outer loop
      vertex -27.2 -1.01234 7.94312
      vertex -23 -1.36779 5.17279
      vertex -27.2 -0.683897 7.8364
    endloop
  endfacet
  facet normal 0.547029 0.258686 0.796141
    outer loop
      vertex -23 -1.36779 5.17279
      vertex -27.2 -1.01234 7.94312
      vertex -23 -2.02468 5.38623
    endloop
  endfacet
  facet normal 0.547028 0.156856 0.822287
    outer loop
      vertex -23 -1.36779 5.17279
      vertex -23 -0.689332 5.04337
      vertex -27.2 -0.344666 7.77168
    endloop
  endfacet
  facet normal 0.547029 0.356422 0.757445
    outer loop
      vertex -27.2 -1.32482 8.09016
      vertex -23 -2.02468 5.38623
      vertex -27.2 -1.01234 7.94312
    endloop
  endfacet
  facet normal 0.547029 0.356422 0.757445
    outer loop
      vertex -23 -2.02468 5.38623
      vertex -27.2 -1.32482 8.09016
      vertex -23 -2.64964 5.68031
    endloop
  endfacet
  facet normal 0.547028 0.448551 0.706797
    outer loop
      vertex -23 -3.23282 6.05041
      vertex -23 -2.64964 5.68031
      vertex -27.2 -1.61641 8.2752
    endloop
  endfacet
  facet normal 0.547028 0.830513 0.104917
    outer loop
      vertex -23 -5.48915 10.1547
      vertex -27.2 -2.70129 9.9847
      vertex -27.2 -2.74457 10.3273
    endloop
  endfacet
  facet normal 0.547029 0.830514 0.104914
    outer loop
      vertex -27.2 -2.70129 9.9847
      vertex -23 -5.48915 10.1547
      vertex -23 -5.40258 9.4694
    endloop
  endfacet
  facet normal 0.547029 0.733565 0.403288
    outer loop
      vertex -23 -4.97655 8.15821
      vertex -23 -4.6438 7.55295
      vertex -27.2 -2.3219 9.02648
    endloop
  endfacet
  facet normal 0.547038 0.448461 -0.706847
    outer loop
      vertex -27.2 -1.32482 12.9098
      vertex -23 -2.64964 15.3197
      vertex -27.2 -1.61641 12.7248
    endloop
  endfacet
  facet normal 0.547029 0.610285 -0.572984
    outer loop
      vertex -27.2 -1.8825 12.5047
      vertex -23 -4.23782 14.0058
      vertex -27.2 -2.11891 12.2529
    endloop
  endfacet
  facet normal 0.547028 0.778331 -0.308157
    outer loop
      vertex -23 -4.97655 12.8418
      vertex -23 -5.23081 12.1996
      vertex -27.2 -2.61541 11.3498
    endloop
  endfacet
  facet normal 0.547029 -0.810817 0.20817
    outer loop
      vertex -23 5.40258 9.4694
      vertex -27.2 2.70129 9.9847
      vertex -27.2 2.61541 9.6502
    endloop
  endfacet
  facet normal 0.547028 -0.733549 -0.403319
    outer loop
      vertex -23 4.97655 12.8418
      vertex -23 4.6438 13.447
      vertex -27.2 2.3219 11.9735
    endloop
  endfacet
  facet normal 0.547031 -0.533554 -0.645041
    outer loop
      vertex -27.2 1.8825 12.5047
      vertex -23 3.23282 14.9496
      vertex -27.2 1.61641 12.7248
    endloop
  endfacet
  facet normal 0.547023 -0.533623 -0.64499
    outer loop
      vertex -23 3.23282 14.9496
      vertex -27.2 1.8825 12.5047
      vertex -23 3.76501 14.5093
    endloop
  endfacet
  facet normal 0.547028 -0.0526002 -0.83546
    outer loop
      vertex -27.2 0.344666 13.2283
      vertex -23 0.689332 15.9566
      vertex -27.2 0 13.25
    endloop
  endfacet
  facet normal 0.547028 0.0525519 0.835463
    outer loop
      vertex -23 -0.689332 5.04337
      vertex -27.2 0 7.75
      vertex -27.2 -0.344666 7.77168
    endloop
  endfacet
  facet normal 0.547031 0.778318 0.308186
    outer loop
      vertex -23 -4.97655 8.15821
      vertex -27.2 -2.48827 9.32911
      vertex -27.2 -2.61541 9.6502
    endloop
  endfacet
  facet normal 0.54703 0.610234 0.573038
    outer loop
      vertex -23 -4.23782 6.99417
      vertex -23 -3.76501 6.49067
      vertex -27.2 -1.8825 8.49534
    endloop
  endfacet
  facet normal 0.547027 0.156833 -0.822292
    outer loop
      vertex -23 -0.689332 15.9566
      vertex -23 -1.36779 15.8272
      vertex -27.2 -0.344666 13.2283
    endloop
  endfacet
  facet normal 0.547027 0.156832 -0.822292
    outer loop
      vertex -27.2 -0.344666 13.2283
      vertex -23 -1.36779 15.8272
      vertex -27.2 -0.683897 13.1636
    endloop
  endfacet
  facet normal 0.547036 0.35644 -0.757431
    outer loop
      vertex -27.2 -1.32482 12.9098
      vertex -23 -2.02468 15.6138
      vertex -23 -2.64964 15.3197
    endloop
  endfacet
  facet normal 0.547027 0.356542 -0.75739
    outer loop
      vertex -23 -2.02468 15.6138
      vertex -27.2 -1.32482 12.9098
      vertex -27.2 -1.01234 13.0569
    endloop
  endfacet
  facet normal 0.547023 0.610237 -0.573041
    outer loop
      vertex -23 -3.76501 14.5093
      vertex -23 -4.23782 14.0058
      vertex -27.2 -1.8825 12.5047
    endloop
  endfacet
  facet normal 0.54703 0.837113 0
    outer loop
      vertex -23 -5.48915 10.8453
      vertex -27.2 -2.74457 10.3273
      vertex -27.2 -2.74457 10.6727
    endloop
  endfacet
  facet normal 0.54703 0.837113 0
    outer loop
      vertex -27.2 -2.74457 10.3273
      vertex -23 -5.48915 10.8453
      vertex -23 -5.48915 10.1547
    endloop
  endfacet
  facet normal 0.54703 0.778322 -0.308178
    outer loop
      vertex -27.2 -2.48827 11.6709
      vertex -23 -4.97655 12.8418
      vertex -27.2 -2.61541 11.3498
    endloop
  endfacet
  facet normal 0.547029 -0.356422 0.757445
    outer loop
      vertex -27.2 1.32482 8.09016
      vertex -23 2.02468 5.38623
      vertex -23 2.64964 5.68031
    endloop
  endfacet
  facet normal 0.547029 -0.356422 0.757445
    outer loop
      vertex -23 2.02468 5.38623
      vertex -27.2 1.32482 8.09016
      vertex -27.2 1.01234 7.94312
    endloop
  endfacet
  facet normal 0.54703 -0.610234 0.573038
    outer loop
      vertex -23 3.76501 6.49067
      vertex -23 4.23782 6.99417
      vertex -27.2 1.8825 8.49534
    endloop
  endfacet
  facet normal 0.547028 -0.778331 -0.308157
    outer loop
      vertex -23 5.23081 12.1996
      vertex -23 4.97655 12.8418
      vertex -27.2 2.61541 11.3498
    endloop
  endfacet
  facet normal 0.547029 -0.830514 -0.104914
    outer loop
      vertex -27.2 2.70129 11.0153
      vertex -23 5.48915 10.8453
      vertex -23 5.40258 11.5306
    endloop
  endfacet
  facet normal 0.547028 -0.830513 -0.104917
    outer loop
      vertex -23 5.48915 10.8453
      vertex -27.2 2.70129 11.0153
      vertex -27.2 2.74457 10.6727
    endloop
  endfacet
  facet normal 0.547029 -0.610285 -0.572984
    outer loop
      vertex -27.2 2.11891 12.2529
      vertex -23 4.23782 14.0058
      vertex -27.2 1.8825 12.5047
    endloop
  endfacet
  facet normal 0.547027 -0.677247 -0.492034
    outer loop
      vertex -23 4.6438 13.447
      vertex -23 4.23782 14.0058
      vertex -27.2 2.3219 11.9735
    endloop
  endfacet
  facet normal 0.547027 -0.156833 -0.822292
    outer loop
      vertex -23 1.36779 15.8272
      vertex -23 0.689332 15.9566
      vertex -27.2 0.344666 13.2283
    endloop
  endfacet
  facet normal 0.547028 0.0526002 -0.83546
    outer loop
      vertex -27.2 0 13.25
      vertex -23 -0.689332 15.9566
      vertex -27.2 -0.344666 13.2283
    endloop
  endfacet
  facet normal 0.54703 0.156879 0.822282
    outer loop
      vertex -23 -1.36779 5.17279
      vertex -27.2 -0.344666 7.77168
      vertex -27.2 -0.683897 7.8364
    endloop
  endfacet
  facet normal 0.54703 0.448533 0.706807
    outer loop
      vertex -23 -2.64964 5.68031
      vertex -27.2 -1.32482 8.09016
      vertex -27.2 -1.61641 8.2752
    endloop
  endfacet
  facet normal 0.547028 0.810814 0.208185
    outer loop
      vertex -23 -5.40258 9.4694
      vertex -23 -5.23081 8.80041
      vertex -27.2 -2.61541 9.6502
    endloop
  endfacet
  facet normal 0.547028 0.778331 0.308157
    outer loop
      vertex -23 -5.23081 8.80041
      vertex -23 -4.97655 8.15821
      vertex -27.2 -2.61541 9.6502
    endloop
  endfacet
  facet normal 0.547029 0.810817 0.20817
    outer loop
      vertex -23 -5.40258 9.4694
      vertex -27.2 -2.61541 9.6502
      vertex -27.2 -2.70129 9.9847
    endloop
  endfacet
  facet normal 0.54703 0.73357 0.403278
    outer loop
      vertex -23 -4.97655 8.15821
      vertex -27.2 -2.3219 9.02648
      vertex -27.2 -2.48827 9.32911
    endloop
  endfacet
  facet normal 0.547029 0.677238 0.492045
    outer loop
      vertex -23 -4.6438 7.55295
      vertex -23 -4.23782 6.99417
      vertex -27.2 -2.3219 9.02648
    endloop
  endfacet
  facet normal 0.547027 0.610218 0.573058
    outer loop
      vertex -23 -4.23782 6.99417
      vertex -27.2 -1.8825 8.49534
      vertex -27.2 -2.11891 8.74708
    endloop
  endfacet
  facet normal 0.547028 0.677247 0.492034
    outer loop
      vertex -23 -4.23782 6.99417
      vertex -27.2 -2.11891 8.74708
      vertex -27.2 -2.3219 9.02648
    endloop
  endfacet
  facet normal 0.547029 0.258642 -0.796155
    outer loop
      vertex -27.2 -1.01234 13.0569
      vertex -23 -1.36779 15.8272
      vertex -23 -2.02468 15.6138
    endloop
  endfacet
  facet normal 0.547029 0.258644 -0.796155
    outer loop
      vertex -23 -1.36779 15.8272
      vertex -27.2 -1.01234 13.0569
      vertex -27.2 -0.683897 13.1636
    endloop
  endfacet
  facet normal 0.547029 0.830514 -0.104914
    outer loop
      vertex -23 -5.48915 10.8453
      vertex -27.2 -2.70129 11.0153
      vertex -23 -5.40258 11.5306
    endloop
  endfacet
  facet normal 0.547028 0.830513 -0.104917
    outer loop
      vertex -27.2 -2.70129 11.0153
      vertex -23 -5.48915 10.8453
      vertex -27.2 -2.74457 10.6727
    endloop
  endfacet
  facet normal 0.547027 0.677247 -0.492034
    outer loop
      vertex -23 -4.23782 14.0058
      vertex -23 -4.6438 13.447
      vertex -27.2 -2.3219 11.9735
    endloop
  endfacet
  facet normal 0.547027 0.677247 -0.492034
    outer loop
      vertex -27.2 -2.11891 12.2529
      vertex -23 -4.23782 14.0058
      vertex -27.2 -2.3219 11.9735
    endloop
  endfacet
  facet normal 0.54703 -0.73357 0.403278
    outer loop
      vertex -23 4.97655 8.15821
      vertex -27.2 2.48827 9.32911
      vertex -27.2 2.3219 9.02648
    endloop
  endfacet
  facet normal 0.54703 -0.837113 0
    outer loop
      vertex -27.2 2.74457 10.3273
      vertex -23 5.48915 10.8453
      vertex -27.2 2.74457 10.6727
    endloop
  endfacet
  facet normal 0.54703 -0.837113 0
    outer loop
      vertex -23 5.48915 10.8453
      vertex -27.2 2.74457 10.3273
      vertex -23 5.48915 10.1547
    endloop
  endfacet
  facet normal 0.547028 -0.156856 0.822287
    outer loop
      vertex -23 0.689332 5.04337
      vertex -23 1.36779 5.17279
      vertex -27.2 0.344666 7.77168
    endloop
  endfacet
  facet normal 0.547028 -0.448551 0.706797
    outer loop
      vertex -23 2.64964 5.68031
      vertex -23 3.23282 6.05041
      vertex -27.2 1.61641 8.2752
    endloop
  endfacet
  facet normal 0.54703 -0.533592 0.64501
    outer loop
      vertex -27.2 1.8825 8.49534
      vertex -23 3.23282 6.05041
      vertex -23 3.76501 6.49067
    endloop
  endfacet
  facet normal 0.547027 -0.533613 0.644995
    outer loop
      vertex -23 3.23282 6.05041
      vertex -27.2 1.8825 8.49534
      vertex -27.2 1.61641 8.2752
    endloop
  endfacet
  facet normal 0.547028 -0.810815 -0.208182
    outer loop
      vertex -23 5.40258 11.5306
      vertex -23 5.23081 12.1996
      vertex -27.2 2.61541 11.3498
    endloop
  endfacet
  facet normal 0.547023 -0.610237 -0.573041
    outer loop
      vertex -23 4.23782 14.0058
      vertex -23 3.76501 14.5093
      vertex -27.2 1.8825 12.5047
    endloop
  endfacet
  facet normal 0.547029 -0.733554 -0.403309
    outer loop
      vertex -27.2 2.48827 11.6709
      vertex -23 4.97655 12.8418
      vertex -27.2 2.3219 11.9735
    endloop
  endfacet
  facet normal 0.54703 -0.778322 -0.308178
    outer loop
      vertex -27.2 2.61541 11.3498
      vertex -23 4.97655 12.8418
      vertex -27.2 2.48827 11.6709
    endloop
  endfacet
  facet normal 0.547027 -0.677247 -0.492034
    outer loop
      vertex -27.2 2.3219 11.9735
      vertex -23 4.23782 14.0058
      vertex -27.2 2.11891 12.2529
    endloop
  endfacet
  facet normal 0.547027 -0.356542 -0.75739
    outer loop
      vertex -27.2 1.32482 12.9098
      vertex -23 2.02468 15.6138
      vertex -27.2 1.01234 13.0569
    endloop
  endfacet
  facet normal 0.547036 -0.35644 -0.757431
    outer loop
      vertex -23 2.02468 15.6138
      vertex -27.2 1.32482 12.9098
      vertex -23 2.64964 15.3197
    endloop
  endfacet
  facet normal 0.547028 0.0526002 -0.83546
    outer loop
      vertex -23 0 16
      vertex -23 -0.689332 15.9566
      vertex -27.2 0 13.25
    endloop
  endfacet
  facet normal 0.547028 -0.0526002 -0.83546
    outer loop
      vertex -23 0.689332 15.9566
      vertex -23 0 16
      vertex -27.2 0 13.25
    endloop
  endfacet
  facet normal 0.547029 0.533769 -0.644864
    outer loop
      vertex -27.2 -1.8825 12.5047
      vertex -23 -3.68479 14.5757
      vertex -23 -3.76501 14.5093
    endloop
  endfacet
  facet normal 0.547026 0.533596 -0.64501
    outer loop
      vertex -23 -3.68479 14.5757
      vertex -27.2 -1.8825 12.5047
      vertex -23 -3.23282 14.9496
    endloop
  endfacet
  facet normal 0.547031 0.533554 -0.645041
    outer loop
      vertex -23 -3.23282 14.9496
      vertex -27.2 -1.8825 12.5047
      vertex -27.2 -1.61641 12.7248
    endloop
  endfacet
  facet normal 0.547029 0.44855 -0.706797
    outer loop
      vertex -23 -2.64964 15.3197
      vertex -23 -3.23282 14.9496
      vertex -27.2 -1.61641 12.7248
    endloop
  endfacet
  facet normal 0.547029 0.810817 -0.20817
    outer loop
      vertex -27.2 -2.61541 11.3498
      vertex -23 -5.40258 11.5306
      vertex -27.2 -2.70129 11.0153
    endloop
  endfacet
  facet normal 0.547029 0.733554 -0.403309
    outer loop
      vertex -27.2 -2.3219 11.9735
      vertex -23 -4.97655 12.8418
      vertex -27.2 -2.48827 11.6709
    endloop
  endfacet
  facet normal 0.547028 0.733549 -0.403319
    outer loop
      vertex -23 -4.6438 13.447
      vertex -23 -4.97655 12.8418
      vertex -27.2 -2.3219 11.9735
    endloop
  endfacet
  facet normal 0.547029 -0.733565 0.403288
    outer loop
      vertex -23 4.6438 7.55295
      vertex -23 4.97655 8.15821
      vertex -27.2 2.3219 9.02648
    endloop
  endfacet
  facet normal 0.547029 -0.677238 0.492045
    outer loop
      vertex -23 4.23782 6.99417
      vertex -23 4.6438 7.55295
      vertex -27.2 2.3219 9.02648
    endloop
  endfacet
  facet normal 0.547028 -0.778331 0.308157
    outer loop
      vertex -23 4.97655 8.15821
      vertex -23 5.23081 8.80041
      vertex -27.2 2.61541 9.6502
    endloop
  endfacet
  facet normal 0.547028 -0.810814 0.208185
    outer loop
      vertex -23 5.23081 8.80041
      vertex -23 5.40258 9.4694
      vertex -27.2 2.61541 9.6502
    endloop
  endfacet
  facet normal 0.547029 -0.258686 0.796141
    outer loop
      vertex -27.2 1.01234 7.94312
      vertex -23 1.36779 5.17279
      vertex -23 2.02468 5.38623
    endloop
  endfacet
  facet normal 0.547029 -0.258688 0.796141
    outer loop
      vertex -23 1.36779 5.17279
      vertex -27.2 1.01234 7.94312
      vertex -27.2 0.683897 7.8364
    endloop
  endfacet
  facet normal 0.54703 -0.156879 0.822282
    outer loop
      vertex -23 1.36779 5.17279
      vertex -27.2 0.683897 7.8364
      vertex -27.2 0.344666 7.77168
    endloop
  endfacet
  facet normal 0.547038 -0.448461 -0.706847
    outer loop
      vertex -27.2 1.61641 12.7248
      vertex -23 2.64964 15.3197
      vertex -27.2 1.32482 12.9098
    endloop
  endfacet
  facet normal 0.547027 -0.156832 -0.822292
    outer loop
      vertex -27.2 0.683897 13.1636
      vertex -23 1.36779 15.8272
      vertex -27.2 0.344666 13.2283
    endloop
  endfacet
  facet normal 0.547029 -0.258644 -0.796155
    outer loop
      vertex -27.2 1.01234 13.0569
      vertex -23 1.36779 15.8272
      vertex -27.2 0.683897 13.1636
    endloop
  endfacet
  facet normal 0.547029 -0.258642 -0.796155
    outer loop
      vertex -23 1.36779 15.8272
      vertex -27.2 1.01234 13.0569
      vertex -23 2.02468 15.6138
    endloop
  endfacet
  facet normal 0.547031 -0.778318 0.308186
    outer loop
      vertex -23 4.97655 8.15821
      vertex -27.2 2.61541 9.6502
      vertex -27.2 2.48827 9.32911
    endloop
  endfacet
  facet normal 0.547028 -0.830513 0.104917
    outer loop
      vertex -27.2 2.70129 9.9847
      vertex -23 5.48915 10.1547
      vertex -27.2 2.74457 10.3273
    endloop
  endfacet
  facet normal 0.547029 -0.830514 0.104914
    outer loop
      vertex -23 5.48915 10.1547
      vertex -27.2 2.70129 9.9847
      vertex -23 5.40258 9.4694
    endloop
  endfacet
  facet normal 0.54703 -0.448533 0.706807
    outer loop
      vertex -23 2.64964 5.68031
      vertex -27.2 1.61641 8.2752
      vertex -27.2 1.32482 8.09016
    endloop
  endfacet
  facet normal 0.547027 -0.610218 0.573058
    outer loop
      vertex -23 4.23782 6.99417
      vertex -27.2 2.11891 8.74708
      vertex -27.2 1.8825 8.49534
    endloop
  endfacet
  facet normal 0 -0.425775 0.904829
    outer loop
      vertex -10.3311 2.64964 5.68031
      vertex 19.6798 2.02468 5.38623
      vertex 20.9297 2.64964 5.68031
    endloop
  endfacet
  facet normal 0 -0.425775 0.904829
    outer loop
      vertex 19.6798 2.02468 5.38623
      vertex -10.3311 2.64964 5.68031
      vertex -11.581 2.02468 5.38623
    endloop
  endfacet
  facet normal 0 -0.53583 0.844326
    outer loop
      vertex -9.16478 3.23282 6.05041
      vertex 20.9297 2.64964 5.68031
      vertex 22.0961 3.23282 6.05041
    endloop
  endfacet
  facet normal 0 -0.53583 0.844326
    outer loop
      vertex 20.9297 2.64964 5.68031
      vertex -9.16478 3.23282 6.05041
      vertex -10.3311 2.64964 5.68031
    endloop
  endfacet
  facet normal 0 -0.929779 0.368118
    outer loop
      vertex 25.5835 4.97655 8.15821
      vertex -5.16879 5.23081 8.80041
      vertex -5.67732 4.97655 8.15821
    endloop
  endfacet
  facet normal 0 -0.929779 0.368118
    outer loop
      vertex -5.16879 5.23081 8.80041
      vertex 25.5835 4.97655 8.15821
      vertex 26.092 5.23081 8.80041
    endloop
  endfacet
  facet normal 0 -0.929779 -0.368118
    outer loop
      vertex -5.16879 5.23081 12.1996
      vertex 25.5835 4.97655 12.8418
      vertex -5.67732 4.97655 12.8418
    endloop
  endfacet
  facet normal 0 -0.929779 -0.368118
    outer loop
      vertex 25.5835 4.97655 12.8418
      vertex -5.16879 5.23081 12.1996
      vertex 26.092 5.23081 12.1996
    endloop
  endfacet
  facet normal 0 -0.425798 -0.904818
    outer loop
      vertex 19.6798 2.02468 15.6138
      vertex -10.3311 2.64964 15.3197
      vertex 20.9297 2.64964 15.3197
    endloop
  endfacet
  facet normal 0 -0.425798 -0.904818
    outer loop
      vertex -10.3311 2.64964 15.3197
      vertex 19.6798 2.02468 15.6138
      vertex -11.581 2.02468 15.6138
    endloop
  endfacet
  facet normal -0 0.0627918 0.998027
    outer loop
      vertex -15.6304 0 5
      vertex 14.2518 -0.689332 5.04337
      vertex 15.6304 0 5
    endloop
  endfacet
  facet normal 0 0.0627918 0.998027
    outer loop
      vertex 14.2518 -0.689332 5.04337
      vertex -15.6304 0 5
      vertex -17.0091 -0.689332 5.04337
    endloop
  endfacet
  facet normal 0 -0.728974 0.684541
    outer loop
      vertex 23.1604 3.76501 6.49067
      vertex -7.15477 4.23782 6.99417
      vertex -8.1004 3.76501 6.49067
    endloop
  endfacet
  facet normal 0 -0.728974 0.684541
    outer loop
      vertex -7.15477 4.23782 6.99417
      vertex 23.1604 3.76501 6.49067
      vertex 24.1061 4.23782 6.99417
    endloop
  endfacet
  facet normal 0 -0.992115 0.125328
    outer loop
      vertex 26.4356 5.40258 9.4694
      vertex -4.65212 5.48915 10.1547
      vertex -4.82526 5.40258 9.4694
    endloop
  endfacet
  facet normal 0 -0.992115 0.125328
    outer loop
      vertex -4.65212 5.48915 10.1547
      vertex 26.4356 5.40258 9.4694
      vertex 26.6087 5.48915 10.1547
    endloop
  endfacet
  facet normal 0 -0.876303 0.48176
    outer loop
      vertex 24.918 4.6438 7.55295
      vertex -5.67732 4.97655 8.15821
      vertex -6.34281 4.6438 7.55295
    endloop
  endfacet
  facet normal 0 -0.876303 0.48176
    outer loop
      vertex -5.67732 4.97655 8.15821
      vertex 24.918 4.6438 7.55295
      vertex 25.5835 4.97655 8.15821
    endloop
  endfacet
  facet normal 0 -0.0628351 -0.998024
    outer loop
      vertex 15.6304 0 16
      vertex -14.2518 0.689332 15.9566
      vertex 17.0091 0.689332 15.9566
    endloop
  endfacet
  facet normal 0 -0.0628351 -0.998024
    outer loop
      vertex -14.2518 0.689332 15.9566
      vertex 15.6304 0 16
      vertex -15.6304 0 16
    endloop
  endfacet
  facet normal 0 -0.637453 -0.770489
    outer loop
      vertex 22.0961 3.23282 14.9496
      vertex -8.1004 3.76501 14.5093
      vertex 23.1604 3.76501 14.5093
    endloop
  endfacet
  facet normal 0 -0.637453 -0.770489
    outer loop
      vertex -8.1004 3.76501 14.5093
      vertex 22.0961 3.23282 14.9496
      vertex -9.16478 3.23282 14.9496
    endloop
  endfacet
  facet normal 0 -0.992115 -0.125328
    outer loop
      vertex -4.65212 5.48915 10.8453
      vertex 26.4356 5.40258 11.5306
      vertex -4.82526 5.40258 11.5306
    endloop
  endfacet
  facet normal 0 -0.992115 -0.125328
    outer loop
      vertex 26.4356 5.40258 11.5306
      vertex -4.65212 5.48915 10.8453
      vertex 26.6087 5.48915 10.8453
    endloop
  endfacet
  facet normal 0 -0.728974 -0.684541
    outer loop
      vertex -7.15477 4.23782 14.0058
      vertex 23.1604 3.76501 14.5093
      vertex -8.1004 3.76501 14.5093
    endloop
  endfacet
  facet normal 0 -0.728974 -0.684541
    outer loop
      vertex 23.1604 3.76501 14.5093
      vertex -7.15477 4.23782 14.0058
      vertex 24.1061 4.23782 14.0058
    endloop
  endfacet
  facet normal -0 0.425775 0.904829
    outer loop
      vertex -19.6798 -2.02468 5.38623
      vertex 10.3311 -2.64964 5.68031
      vertex 11.581 -2.02468 5.38623
    endloop
  endfacet
  facet normal 0 0.425775 0.904829
    outer loop
      vertex 10.3311 -2.64964 5.68031
      vertex -19.6798 -2.02468 5.38623
      vertex -20.9297 -2.64964 5.68031
    endloop
  endfacet
  facet normal 0 -0.309022 0.951055
    outer loop
      vertex -11.581 2.02468 5.38623
      vertex 18.366 1.36779 5.17279
      vertex 19.6798 2.02468 5.38623
    endloop
  endfacet
  facet normal 0 -0.309022 0.951055
    outer loop
      vertex 18.366 1.36779 5.17279
      vertex -11.581 2.02468 5.38623
      vertex -12.8948 1.36779 5.17279
    endloop
  endfacet
  facet normal 0 -0.637419 0.770517
    outer loop
      vertex -8.1004 3.76501 6.49067
      vertex 22.0961 3.23282 6.05041
      vertex 23.1604 3.76501 6.49067
    endloop
  endfacet
  facet normal 0 -0.637419 0.770517
    outer loop
      vertex 22.0961 3.23282 6.05041
      vertex -8.1004 3.76501 6.49067
      vertex -9.16478 3.23282 6.05041
    endloop
  endfacet
  facet normal 0 -1 0
    outer loop
      vertex -4.65212 5.48915 10.1547
      vertex 26.6087 5.48915 10.8453
      vertex -4.65212 5.48915 10.8453
    endloop
  endfacet
  facet normal 0 -1 -0
    outer loop
      vertex 26.6087 5.48915 10.8453
      vertex -4.65212 5.48915 10.1547
      vertex 26.6087 5.48915 10.1547
    endloop
  endfacet
  facet normal 0 -0.968582 0.248693
    outer loop
      vertex 26.092 5.23081 8.80041
      vertex -4.82526 5.40258 9.4694
      vertex -5.16879 5.23081 8.80041
    endloop
  endfacet
  facet normal 0 -0.968582 0.248693
    outer loop
      vertex -4.82526 5.40258 9.4694
      vertex 26.092 5.23081 8.80041
      vertex 26.4356 5.40258 9.4694
    endloop
  endfacet
  facet normal 0 -0.809015 0.587788
    outer loop
      vertex 24.1061 4.23782 6.99417
      vertex -6.34281 4.6438 7.55295
      vertex -7.15477 4.23782 6.99417
    endloop
  endfacet
  facet normal 0 -0.809015 0.587788
    outer loop
      vertex -6.34281 4.6438 7.55295
      vertex 24.1061 4.23782 6.99417
      vertex 24.918 4.6438 7.55295
    endloop
  endfacet
  facet normal 0 -0.308969 -0.951072
    outer loop
      vertex 18.366 1.36779 15.8272
      vertex -11.581 2.02468 15.6138
      vertex 19.6798 2.02468 15.6138
    endloop
  endfacet
  facet normal 0 -0.308969 -0.951072
    outer loop
      vertex -11.581 2.02468 15.6138
      vertex 18.366 1.36779 15.8272
      vertex -12.8948 1.36779 15.8272
    endloop
  endfacet
  facet normal 0 -0.187349 -0.982293
    outer loop
      vertex 17.0091 0.689332 15.9566
      vertex -12.8948 1.36779 15.8272
      vertex 18.366 1.36779 15.8272
    endloop
  endfacet
  facet normal 0 -0.187349 -0.982293
    outer loop
      vertex -12.8948 1.36779 15.8272
      vertex 17.0091 0.689332 15.9566
      vertex -14.2518 0.689332 15.9566
    endloop
  endfacet
  facet normal 0 -0.53583 -0.844326
    outer loop
      vertex 20.9297 2.64964 15.3197
      vertex -9.16478 3.23282 14.9496
      vertex 22.0961 3.23282 14.9496
    endloop
  endfacet
  facet normal 0 -0.53583 -0.844326
    outer loop
      vertex -9.16478 3.23282 14.9496
      vertex 20.9297 2.64964 15.3197
      vertex -10.3311 2.64964 15.3197
    endloop
  endfacet
  facet normal 0 -0.968583 -0.24869
    outer loop
      vertex -4.82526 5.40258 11.5306
      vertex 26.092 5.23081 12.1996
      vertex -5.16879 5.23081 12.1996
    endloop
  endfacet
  facet normal 0 -0.968583 -0.24869
    outer loop
      vertex 26.092 5.23081 12.1996
      vertex -4.82526 5.40258 11.5306
      vertex 26.4356 5.40258 11.5306
    endloop
  endfacet
  facet normal 0 -0.809025 -0.587774
    outer loop
      vertex -6.34281 4.6438 13.447
      vertex 24.1061 4.23782 14.0058
      vertex -7.15477 4.23782 14.0058
    endloop
  endfacet
  facet normal 0 -0.809025 -0.587774
    outer loop
      vertex 24.1061 4.23782 14.0058
      vertex -6.34281 4.6438 13.447
      vertex 24.918 4.6438 13.447
    endloop
  endfacet
  facet normal 0 -0.876283 -0.481796
    outer loop
      vertex -5.67732 4.97655 12.8418
      vertex 24.918 4.6438 13.447
      vertex -6.34281 4.6438 13.447
    endloop
  endfacet
  facet normal 0 -0.876283 -0.481796
    outer loop
      vertex 24.918 4.6438 13.447
      vertex -5.67732 4.97655 12.8418
      vertex 25.5835 4.97655 12.8418
    endloop
  endfacet
  facet normal 0 -0.0627918 0.998027
    outer loop
      vertex -14.2518 0.689332 5.04337
      vertex 15.6304 0 5
      vertex 17.0091 0.689332 5.04337
    endloop
  endfacet
  facet normal 0 -0.0627918 0.998027
    outer loop
      vertex 15.6304 0 5
      vertex -14.2518 0.689332 5.04337
      vertex -15.6304 0 5
    endloop
  endfacet
  facet normal -0 0.309022 0.951055
    outer loop
      vertex -18.366 -1.36779 5.17279
      vertex 11.581 -2.02468 5.38623
      vertex 12.8948 -1.36779 5.17279
    endloop
  endfacet
  facet normal 0 0.309022 0.951055
    outer loop
      vertex 11.581 -2.02468 5.38623
      vertex -18.366 -1.36779 5.17279
      vertex -19.6798 -2.02468 5.38623
    endloop
  endfacet
  facet normal 0 1 -0
    outer loop
      vertex 4.65212 -5.48915 10.1547
      vertex -23 -5.48915 10.8453
      vertex 4.65212 -5.48915 10.8453
    endloop
  endfacet
  facet normal 0 1 0
    outer loop
      vertex -23 -5.48915 10.8453
      vertex 4.65212 -5.48915 10.1547
      vertex -23 -5.48915 10.1547
    endloop
  endfacet
  facet normal 0 0.425798 -0.904818
    outer loop
      vertex 10.3311 -2.64964 15.3197
      vertex -19.6798 -2.02468 15.6138
      vertex 11.581 -2.02468 15.6138
    endloop
  endfacet
  facet normal 0 0.425798 -0.904818
    outer loop
      vertex -19.6798 -2.02468 15.6138
      vertex 10.3311 -2.64964 15.3197
      vertex -20.9297 -2.64964 15.3197
    endloop
  endfacet
  facet normal -0 0.992115 0.125328
    outer loop
      vertex -23 -5.40258 9.4694
      vertex 4.65212 -5.48915 10.1547
      vertex 4.82526 -5.40258 9.4694
    endloop
  endfacet
  facet normal 0 0.992115 0.125328
    outer loop
      vertex 4.65212 -5.48915 10.1547
      vertex -23 -5.40258 9.4694
      vertex -23 -5.48915 10.1547
    endloop
  endfacet
  facet normal -0 0.929779 0.368118
    outer loop
      vertex -23 -4.97655 8.15821
      vertex 5.16879 -5.23081 8.80041
      vertex 5.67732 -4.97655 8.15821
    endloop
  endfacet
  facet normal 0 0.929779 0.368118
    outer loop
      vertex 5.16879 -5.23081 8.80041
      vertex -23 -4.97655 8.15821
      vertex -23 -5.23081 8.80041
    endloop
  endfacet
  facet normal 0 -0.187377 0.982288
    outer loop
      vertex -12.8948 1.36779 5.17279
      vertex 17.0091 0.689332 5.04337
      vertex 18.366 1.36779 5.17279
    endloop
  endfacet
  facet normal 0 -0.187377 0.982288
    outer loop
      vertex 17.0091 0.689332 5.04337
      vertex -12.8948 1.36779 5.17279
      vertex -14.2518 0.689332 5.04337
    endloop
  endfacet
  facet normal -0 0.187377 0.982288
    outer loop
      vertex -17.0091 -0.689332 5.04337
      vertex 12.8948 -1.36779 5.17279
      vertex 14.2518 -0.689332 5.04337
    endloop
  endfacet
  facet normal 0 0.187377 0.982288
    outer loop
      vertex 12.8948 -1.36779 5.17279
      vertex -17.0091 -0.689332 5.04337
      vertex -18.366 -1.36779 5.17279
    endloop
  endfacet
  facet normal -0 0.728974 0.684541
    outer loop
      vertex -23 -3.76501 6.49067
      vertex 7.15477 -4.23782 6.99417
      vertex 8.1004 -3.76501 6.49067
    endloop
  endfacet
  facet normal 0 0.728974 0.684541
    outer loop
      vertex 7.15477 -4.23782 6.99417
      vertex -23 -3.76501 6.49067
      vertex -23 -4.23782 6.99417
    endloop
  endfacet
  facet normal -0 0.637419 0.770517
    outer loop
      vertex -22.0961 -3.23282 6.05041
      vertex 8.1004 -3.76501 6.49067
      vertex 9.16478 -3.23282 6.05041
    endloop
  endfacet
  facet normal 1.62457e-05 0.637403 0.770531
    outer loop
      vertex -23 -3.76501 6.49067
      vertex -22.0961 -3.23282 6.05041
      vertex -23 -3.68479 6.42431
    endloop
  endfacet
  facet normal 0 0.637419 0.770517
    outer loop
      vertex -22.0961 -3.23282 6.05041
      vertex -23 -3.76501 6.49067
      vertex 8.1004 -3.76501 6.49067
    endloop
  endfacet
  facet normal -0 0.53583 0.844326
    outer loop
      vertex -20.9297 -2.64964 5.68031
      vertex 9.16478 -3.23282 6.05041
      vertex 10.3311 -2.64964 5.68031
    endloop
  endfacet
  facet normal 0 0.53583 0.844326
    outer loop
      vertex 9.16478 -3.23282 6.05041
      vertex -20.9297 -2.64964 5.68031
      vertex -22.0961 -3.23282 6.05041
    endloop
  endfacet
  facet normal 0 0.308969 -0.951072
    outer loop
      vertex 11.581 -2.02468 15.6138
      vertex -18.366 -1.36779 15.8272
      vertex 12.8948 -1.36779 15.8272
    endloop
  endfacet
  facet normal 0 0.308969 -0.951072
    outer loop
      vertex -18.366 -1.36779 15.8272
      vertex 11.581 -2.02468 15.6138
      vertex -19.6798 -2.02468 15.6138
    endloop
  endfacet
  facet normal 0 0.187349 -0.982293
    outer loop
      vertex 12.8948 -1.36779 15.8272
      vertex -17.0091 -0.689332 15.9566
      vertex 14.2518 -0.689332 15.9566
    endloop
  endfacet
  facet normal 0 0.187349 -0.982293
    outer loop
      vertex -17.0091 -0.689332 15.9566
      vertex 12.8948 -1.36779 15.8272
      vertex -18.366 -1.36779 15.8272
    endloop
  endfacet
  facet normal 0 0.0628351 -0.998024
    outer loop
      vertex 14.2518 -0.689332 15.9566
      vertex -15.6304 0 16
      vertex 15.6304 0 16
    endloop
  endfacet
  facet normal 0 0.0628351 -0.998024
    outer loop
      vertex -15.6304 0 16
      vertex 14.2518 -0.689332 15.9566
      vertex -17.0091 -0.689332 15.9566
    endloop
  endfacet
  facet normal -0 0.968582 0.248693
    outer loop
      vertex -23 -5.23081 8.80041
      vertex 4.82526 -5.40258 9.4694
      vertex 5.16879 -5.23081 8.80041
    endloop
  endfacet
  facet normal 0 0.968582 0.248693
    outer loop
      vertex 4.82526 -5.40258 9.4694
      vertex -23 -5.23081 8.80041
      vertex -23 -5.40258 9.4694
    endloop
  endfacet
  facet normal -0 0.809015 0.587788
    outer loop
      vertex -23 -4.23782 6.99417
      vertex 6.34281 -4.6438 7.55295
      vertex 7.15477 -4.23782 6.99417
    endloop
  endfacet
  facet normal 0 0.809015 0.587788
    outer loop
      vertex 6.34281 -4.6438 7.55295
      vertex -23 -4.23782 6.99417
      vertex -23 -4.6438 7.55295
    endloop
  endfacet
  facet normal -0 0.876303 0.48176
    outer loop
      vertex -23 -4.6438 7.55295
      vertex 5.67732 -4.97655 8.15821
      vertex 6.34281 -4.6438 7.55295
    endloop
  endfacet
  facet normal 0 0.876303 0.48176
    outer loop
      vertex 5.67732 -4.97655 8.15821
      vertex -23 -4.6438 7.55295
      vertex -23 -4.97655 8.15821
    endloop
  endfacet
  facet normal 0 0.929779 -0.368118
    outer loop
      vertex 5.16879 -5.23081 12.1996
      vertex -23 -4.97655 12.8418
      vertex 5.67732 -4.97655 12.8418
    endloop
  endfacet
  facet normal 0 0.929779 -0.368118
    outer loop
      vertex -23 -4.97655 12.8418
      vertex 5.16879 -5.23081 12.1996
      vertex -23 -5.23081 12.1996
    endloop
  endfacet
  facet normal 0 0.992115 -0.125328
    outer loop
      vertex 4.65212 -5.48915 10.8453
      vertex -23 -5.40258 11.5306
      vertex 4.82526 -5.40258 11.5306
    endloop
  endfacet
  facet normal 0 0.992115 -0.125328
    outer loop
      vertex -23 -5.40258 11.5306
      vertex 4.65212 -5.48915 10.8453
      vertex -23 -5.48915 10.8453
    endloop
  endfacet
  facet normal 0 0.968583 -0.24869
    outer loop
      vertex 4.82526 -5.40258 11.5306
      vertex -23 -5.23081 12.1996
      vertex 5.16879 -5.23081 12.1996
    endloop
  endfacet
  facet normal 0 0.968583 -0.24869
    outer loop
      vertex -23 -5.23081 12.1996
      vertex 4.82526 -5.40258 11.5306
      vertex -23 -5.40258 11.5306
    endloop
  endfacet
  facet normal 0 0.637453 -0.770489
    outer loop
      vertex 8.1004 -3.76501 14.5093
      vertex -22.0961 -3.23282 14.9496
      vertex 9.16478 -3.23282 14.9496
    endloop
  endfacet
  facet normal 0 0.637453 -0.770489
    outer loop
      vertex -23 -3.76501 14.5093
      vertex -22.0961 -3.23282 14.9496
      vertex 8.1004 -3.76501 14.5093
    endloop
  endfacet
  facet normal -0.000175824 0.637631 -0.770342
    outer loop
      vertex -22.0961 -3.23282 14.9496
      vertex -23 -3.76501 14.5093
      vertex -23 -3.68479 14.5757
    endloop
  endfacet
  facet normal 0 0.728974 -0.684541
    outer loop
      vertex 7.15477 -4.23782 14.0058
      vertex -23 -3.76501 14.5093
      vertex 8.1004 -3.76501 14.5093
    endloop
  endfacet
  facet normal 0 0.728974 -0.684541
    outer loop
      vertex -23 -3.76501 14.5093
      vertex 7.15477 -4.23782 14.0058
      vertex -23 -4.23782 14.0058
    endloop
  endfacet
  facet normal 0 0.53583 -0.844326
    outer loop
      vertex 9.16478 -3.23282 14.9496
      vertex -20.9297 -2.64964 15.3197
      vertex 10.3311 -2.64964 15.3197
    endloop
  endfacet
  facet normal 0 0.53583 -0.844326
    outer loop
      vertex -20.9297 -2.64964 15.3197
      vertex 9.16478 -3.23282 14.9496
      vertex -22.0961 -3.23282 14.9496
    endloop
  endfacet
  facet normal 0 0.876283 -0.481796
    outer loop
      vertex 5.67732 -4.97655 12.8418
      vertex -23 -4.6438 13.447
      vertex 6.34281 -4.6438 13.447
    endloop
  endfacet
  facet normal 0 0.876283 -0.481796
    outer loop
      vertex -23 -4.6438 13.447
      vertex 5.67732 -4.97655 12.8418
      vertex -23 -4.97655 12.8418
    endloop
  endfacet
  facet normal 0 0.809025 -0.587774
    outer loop
      vertex 6.34281 -4.6438 13.447
      vertex -23 -4.23782 14.0058
      vertex 7.15477 -4.23782 14.0058
    endloop
  endfacet
  facet normal 0 0.809025 -0.587774
    outer loop
      vertex -23 -4.23782 14.0058
      vertex 6.34281 -4.6438 13.447
      vertex -23 -4.6438 13.447
    endloop
  endfacet
  facet normal 0 -0.0627774 0.998028
    outer loop
      vertex -37 0.344666 7.77168
      vertex -27.2 0 7.75
      vertex -27.2 0.344666 7.77168
    endloop
  endfacet
  facet normal 0 -0.0627774 0.998028
    outer loop
      vertex -27.2 0 7.75
      vertex -37 0.344666 7.77168
      vertex -37 0 7.75
    endloop
  endfacet
  facet normal 0 -0.0628351 -0.998024
    outer loop
      vertex -37 0 13.25
      vertex -27.2 0.344666 13.2283
      vertex -27.2 0 13.25
    endloop
  endfacet
  facet normal -0 -0.0628351 -0.998024
    outer loop
      vertex -27.2 0.344666 13.2283
      vertex -37 0 13.25
      vertex -37 0.344666 13.2283
    endloop
  endfacet
  facet normal 0 -1 0
    outer loop
      vertex -37 2.74457 10.3273
      vertex -27.2 2.74457 10.6727
      vertex -37 2.74457 10.6727
    endloop
  endfacet
  facet normal 0 -1 -0
    outer loop
      vertex -27.2 2.74457 10.6727
      vertex -37 2.74457 10.3273
      vertex -27.2 2.74457 10.3273
    endloop
  endfacet
  facet normal 0 -0.728954 0.684563
    outer loop
      vertex -37 1.8825 8.49534
      vertex -27.2 2.11891 8.74708
      vertex -37 2.11891 8.74708
    endloop
  endfacet
  facet normal 0 -0.728954 0.684563
    outer loop
      vertex -27.2 2.11891 8.74708
      vertex -37 1.8825 8.49534
      vertex -27.2 1.8825 8.49534
    endloop
  endfacet
  facet normal 0 -0.729035 -0.684476
    outer loop
      vertex -37 2.11891 12.2529
      vertex -27.2 1.8825 12.5047
      vertex -37 1.8825 12.5047
    endloop
  endfacet
  facet normal 0 -0.729035 -0.684476
    outer loop
      vertex -27.2 1.8825 12.5047
      vertex -37 2.11891 12.2529
      vertex -27.2 2.11891 12.2529
    endloop
  endfacet
  facet normal 0 -0.929769 -0.368143
    outer loop
      vertex -37 2.61541 11.3498
      vertex -27.2 2.48827 11.6709
      vertex -37 2.48827 11.6709
    endloop
  endfacet
  facet normal 0 -0.929769 -0.368143
    outer loop
      vertex -27.2 2.48827 11.6709
      vertex -37 2.61541 11.3498
      vertex -27.2 2.61541 11.3498
    endloop
  endfacet
  facet normal 0 -0.425775 0.904829
    outer loop
      vertex -37 1.32482 8.09016
      vertex -27.2 1.01234 7.94312
      vertex -27.2 1.32482 8.09016
    endloop
  endfacet
  facet normal 0 -0.425775 0.904829
    outer loop
      vertex -27.2 1.01234 7.94312
      vertex -37 1.32482 8.09016
      vertex -37 1.01234 7.94312
    endloop
  endfacet
  facet normal 0 -0.929765 0.368153
    outer loop
      vertex -37 2.48827 9.32911
      vertex -27.2 2.61541 9.6502
      vertex -37 2.61541 9.6502
    endloop
  endfacet
  facet normal 0 -0.929765 0.368153
    outer loop
      vertex -27.2 2.61541 9.6502
      vertex -37 2.48827 9.32911
      vertex -27.2 2.48827 9.32911
    endloop
  endfacet
  facet normal 0 -0.809025 0.587774
    outer loop
      vertex -37 2.11891 8.74708
      vertex -27.2 2.3219 9.02648
      vertex -37 2.3219 9.02648
    endloop
  endfacet
  facet normal 0 -0.809025 0.587774
    outer loop
      vertex -27.2 2.3219 9.02648
      vertex -37 2.11891 8.74708
      vertex -27.2 2.11891 8.74708
    endloop
  endfacet
  facet normal 0 -0.535726 -0.844392
    outer loop
      vertex -37 1.32482 12.9098
      vertex -27.2 1.61641 12.7248
      vertex -27.2 1.32482 12.9098
    endloop
  endfacet
  facet normal -0 -0.535726 -0.844392
    outer loop
      vertex -27.2 1.61641 12.7248
      vertex -37 1.32482 12.9098
      vertex -37 1.61641 12.7248
    endloop
  endfacet
  facet normal 0 -0.637374 -0.770554
    outer loop
      vertex -37 1.61641 12.7248
      vertex -27.2 1.8825 12.5047
      vertex -27.2 1.61641 12.7248
    endloop
  endfacet
  facet normal -0 -0.637374 -0.770554
    outer loop
      vertex -27.2 1.8825 12.5047
      vertex -37 1.61641 12.7248
      vertex -37 1.8825 12.5047
    endloop
  endfacet
  facet normal 0 -0.187348 -0.982294
    outer loop
      vertex -37 0.344666 13.2283
      vertex -27.2 0.683897 13.1636
      vertex -27.2 0.344666 13.2283
    endloop
  endfacet
  facet normal -0 -0.187348 -0.982294
    outer loop
      vertex -27.2 0.683897 13.1636
      vertex -37 0.344666 13.2283
      vertex -37 0.683897 13.1636
    endloop
  endfacet
  facet normal 0 -0.876289 -0.481785
    outer loop
      vertex -37 2.48827 11.6709
      vertex -27.2 2.3219 11.9735
      vertex -37 2.3219 11.9735
    endloop
  endfacet
  facet normal 0 -0.876289 -0.481785
    outer loop
      vertex -27.2 2.3219 11.9735
      vertex -37 2.48827 11.6709
      vertex -27.2 2.48827 11.6709
    endloop
  endfacet
  facet normal 0 -0.992115 -0.125332
    outer loop
      vertex -37 2.74457 10.6727
      vertex -27.2 2.70129 11.0153
      vertex -37 2.70129 11.0153
    endloop
  endfacet
  facet normal 0 -0.992115 -0.125332
    outer loop
      vertex -27.2 2.70129 11.0153
      vertex -37 2.74457 10.6727
      vertex -27.2 2.74457 10.6727
    endloop
  endfacet
  facet normal -0 0.637443 0.770497
    outer loop
      vertex -37 -1.61641 8.2752
      vertex -27.2 -1.8825 8.49534
      vertex -27.2 -1.61641 8.2752
    endloop
  endfacet
  facet normal 0 0.637443 0.770497
    outer loop
      vertex -27.2 -1.8825 8.49534
      vertex -37 -1.61641 8.2752
      vertex -37 -1.8825 8.49534
    endloop
  endfacet
  facet normal 0 0.968587 -0.248676
    outer loop
      vertex -27.2 -2.70129 11.0153
      vertex -37 -2.61541 11.3498
      vertex -27.2 -2.61541 11.3498
    endloop
  endfacet
  facet normal 0 0.968587 -0.248676
    outer loop
      vertex -37 -2.61541 11.3498
      vertex -27.2 -2.70129 11.0153
      vertex -37 -2.70129 11.0153
    endloop
  endfacet
  facet normal 0 0.992115 0.125332
    outer loop
      vertex -27.2 -2.70129 9.9847
      vertex -37 -2.74457 10.3273
      vertex -27.2 -2.74457 10.3273
    endloop
  endfacet
  facet normal 0 0.992115 0.125332
    outer loop
      vertex -37 -2.74457 10.3273
      vertex -27.2 -2.70129 9.9847
      vertex -37 -2.70129 9.9847
    endloop
  endfacet
  facet normal 0 -0.309023 0.951054
    outer loop
      vertex -37 1.01234 7.94312
      vertex -27.2 0.683897 7.8364
      vertex -27.2 1.01234 7.94312
    endloop
  endfacet
  facet normal 0 -0.309023 0.951054
    outer loop
      vertex -27.2 0.683897 7.8364
      vertex -37 1.01234 7.94312
      vertex -37 0.683897 7.8364
    endloop
  endfacet
  facet normal 0 -0.187404 0.982283
    outer loop
      vertex -37 0.683897 7.8364
      vertex -27.2 0.344666 7.77168
      vertex -27.2 0.683897 7.8364
    endloop
  endfacet
  facet normal 0 -0.187404 0.982283
    outer loop
      vertex -27.2 0.344666 7.77168
      vertex -37 0.683897 7.8364
      vertex -37 0.344666 7.77168
    endloop
  endfacet
  facet normal 0 -0.637443 0.770497
    outer loop
      vertex -37 1.8825 8.49534
      vertex -27.2 1.61641 8.2752
      vertex -27.2 1.8825 8.49534
    endloop
  endfacet
  facet normal 0 -0.637443 0.770497
    outer loop
      vertex -27.2 1.61641 8.2752
      vertex -37 1.8825 8.49534
      vertex -37 1.61641 8.2752
    endloop
  endfacet
  facet normal 0 -0.535809 0.844339
    outer loop
      vertex -37 1.61641 8.2752
      vertex -27.2 1.32482 8.09016
      vertex -27.2 1.61641 8.2752
    endloop
  endfacet
  facet normal 0 -0.535809 0.844339
    outer loop
      vertex -27.2 1.32482 8.09016
      vertex -37 1.61641 8.2752
      vertex -37 1.32482 8.09016
    endloop
  endfacet
  facet normal 0 -0.968587 0.248676
    outer loop
      vertex -37 2.61541 9.6502
      vertex -27.2 2.70129 9.9847
      vertex -37 2.70129 9.9847
    endloop
  endfacet
  facet normal 0 -0.968587 0.248676
    outer loop
      vertex -27.2 2.70129 9.9847
      vertex -37 2.61541 9.6502
      vertex -27.2 2.61541 9.6502
    endloop
  endfacet
  facet normal 0 -0.992115 0.125332
    outer loop
      vertex -37 2.70129 9.9847
      vertex -27.2 2.74457 10.3273
      vertex -37 2.74457 10.3273
    endloop
  endfacet
  facet normal 0 -0.992115 0.125332
    outer loop
      vertex -27.2 2.74457 10.3273
      vertex -37 2.70129 9.9847
      vertex -27.2 2.70129 9.9847
    endloop
  endfacet
  facet normal 0 -0.876309 0.481749
    outer loop
      vertex -37 2.3219 9.02648
      vertex -27.2 2.48827 9.32911
      vertex -37 2.48827 9.32911
    endloop
  endfacet
  facet normal 0 -0.876309 0.481749
    outer loop
      vertex -27.2 2.48827 9.32911
      vertex -37 2.3219 9.02648
      vertex -27.2 2.3219 9.02648
    endloop
  endfacet
  facet normal 0 -0.425917 -0.904762
    outer loop
      vertex -37 1.01234 13.0569
      vertex -27.2 1.32482 12.9098
      vertex -27.2 1.01234 13.0569
    endloop
  endfacet
  facet normal -0 -0.425917 -0.904762
    outer loop
      vertex -27.2 1.32482 12.9098
      vertex -37 1.01234 13.0569
      vertex -37 1.32482 12.9098
    endloop
  endfacet
  facet normal 0 -0.308971 -0.951071
    outer loop
      vertex -37 0.683897 13.1636
      vertex -27.2 1.01234 13.0569
      vertex -27.2 0.683897 13.1636
    endloop
  endfacet
  facet normal -0 -0.308971 -0.951071
    outer loop
      vertex -27.2 1.01234 13.0569
      vertex -37 0.683897 13.1636
      vertex -37 1.01234 13.0569
    endloop
  endfacet
  facet normal 0 -0.809025 -0.587774
    outer loop
      vertex -37 2.3219 11.9735
      vertex -27.2 2.11891 12.2529
      vertex -37 2.11891 12.2529
    endloop
  endfacet
  facet normal 0 -0.809025 -0.587774
    outer loop
      vertex -27.2 2.11891 12.2529
      vertex -37 2.3219 11.9735
      vertex -27.2 2.3219 11.9735
    endloop
  endfacet
  facet normal 0 -0.968587 -0.248676
    outer loop
      vertex -37 2.70129 11.0153
      vertex -27.2 2.61541 11.3498
      vertex -37 2.61541 11.3498
    endloop
  endfacet
  facet normal 0 -0.968587 -0.248676
    outer loop
      vertex -27.2 2.61541 11.3498
      vertex -37 2.70129 11.0153
      vertex -27.2 2.70129 11.0153
    endloop
  endfacet
  facet normal -0 0.0627774 0.998028
    outer loop
      vertex -37 0 7.75
      vertex -27.2 -0.344666 7.77168
      vertex -27.2 0 7.75
    endloop
  endfacet
  facet normal 0 0.0627774 0.998028
    outer loop
      vertex -27.2 -0.344666 7.77168
      vertex -37 0 7.75
      vertex -37 -0.344666 7.77168
    endloop
  endfacet
  facet normal 0 0.876309 0.481749
    outer loop
      vertex -27.2 -2.3219 9.02648
      vertex -37 -2.48827 9.32911
      vertex -27.2 -2.48827 9.32911
    endloop
  endfacet
  facet normal 0 0.876309 0.481749
    outer loop
      vertex -37 -2.48827 9.32911
      vertex -27.2 -2.3219 9.02648
      vertex -37 -2.3219 9.02648
    endloop
  endfacet
  facet normal 0 0.0628351 -0.998024
    outer loop
      vertex -37 -0.344666 13.2283
      vertex -27.2 0 13.25
      vertex -27.2 -0.344666 13.2283
    endloop
  endfacet
  facet normal 0 0.0628351 -0.998024
    outer loop
      vertex -27.2 0 13.25
      vertex -37 -0.344666 13.2283
      vertex -37 0 13.25
    endloop
  endfacet
  facet normal 0 0.308971 -0.951071
    outer loop
      vertex -37 -1.01234 13.0569
      vertex -27.2 -0.683897 13.1636
      vertex -27.2 -1.01234 13.0569
    endloop
  endfacet
  facet normal 0 0.308971 -0.951071
    outer loop
      vertex -27.2 -0.683897 13.1636
      vertex -37 -1.01234 13.0569
      vertex -37 -0.683897 13.1636
    endloop
  endfacet
  facet normal 0 0.929765 0.368153
    outer loop
      vertex -27.2 -2.48827 9.32911
      vertex -37 -2.61541 9.6502
      vertex -27.2 -2.61541 9.6502
    endloop
  endfacet
  facet normal 0 0.929765 0.368153
    outer loop
      vertex -37 -2.61541 9.6502
      vertex -27.2 -2.48827 9.32911
      vertex -37 -2.48827 9.32911
    endloop
  endfacet
  facet normal 0 0.968587 0.248676
    outer loop
      vertex -27.2 -2.61541 9.6502
      vertex -37 -2.70129 9.9847
      vertex -27.2 -2.70129 9.9847
    endloop
  endfacet
  facet normal 0 0.968587 0.248676
    outer loop
      vertex -37 -2.70129 9.9847
      vertex -27.2 -2.61541 9.6502
      vertex -37 -2.61541 9.6502
    endloop
  endfacet
  facet normal -0 0.309023 0.951054
    outer loop
      vertex -37 -0.683897 7.8364
      vertex -27.2 -1.01234 7.94312
      vertex -27.2 -0.683897 7.8364
    endloop
  endfacet
  facet normal 0 0.309023 0.951054
    outer loop
      vertex -27.2 -1.01234 7.94312
      vertex -37 -0.683897 7.8364
      vertex -37 -1.01234 7.94312
    endloop
  endfacet
  facet normal -0 0.425775 0.904829
    outer loop
      vertex -37 -1.01234 7.94312
      vertex -27.2 -1.32482 8.09016
      vertex -27.2 -1.01234 7.94312
    endloop
  endfacet
  facet normal 0 0.425775 0.904829
    outer loop
      vertex -27.2 -1.32482 8.09016
      vertex -37 -1.01234 7.94312
      vertex -37 -1.32482 8.09016
    endloop
  endfacet
  facet normal -0 0.535809 0.844339
    outer loop
      vertex -37 -1.32482 8.09016
      vertex -27.2 -1.61641 8.2752
      vertex -27.2 -1.32482 8.09016
    endloop
  endfacet
  facet normal 0 0.535809 0.844339
    outer loop
      vertex -27.2 -1.61641 8.2752
      vertex -37 -1.32482 8.09016
      vertex -37 -1.61641 8.2752
    endloop
  endfacet
  facet normal 0 1 -0
    outer loop
      vertex -27.2 -2.74457 10.3273
      vertex -37 -2.74457 10.6727
      vertex -27.2 -2.74457 10.6727
    endloop
  endfacet
  facet normal 0 1 0
    outer loop
      vertex -37 -2.74457 10.6727
      vertex -27.2 -2.74457 10.3273
      vertex -37 -2.74457 10.3273
    endloop
  endfacet
  facet normal 0 0.929769 -0.368143
    outer loop
      vertex -27.2 -2.61541 11.3498
      vertex -37 -2.48827 11.6709
      vertex -27.2 -2.48827 11.6709
    endloop
  endfacet
  facet normal 0 0.929769 -0.368143
    outer loop
      vertex -37 -2.48827 11.6709
      vertex -27.2 -2.61541 11.3498
      vertex -37 -2.61541 11.3498
    endloop
  endfacet
  facet normal 0 0.637374 -0.770554
    outer loop
      vertex -37 -1.8825 12.5047
      vertex -27.2 -1.61641 12.7248
      vertex -27.2 -1.8825 12.5047
    endloop
  endfacet
  facet normal 0 0.637374 -0.770554
    outer loop
      vertex -27.2 -1.61641 12.7248
      vertex -37 -1.8825 12.5047
      vertex -37 -1.61641 12.7248
    endloop
  endfacet
  facet normal 0 0.425917 -0.904762
    outer loop
      vertex -37 -1.32482 12.9098
      vertex -27.2 -1.01234 13.0569
      vertex -27.2 -1.32482 12.9098
    endloop
  endfacet
  facet normal 0 0.425917 -0.904762
    outer loop
      vertex -27.2 -1.01234 13.0569
      vertex -37 -1.32482 12.9098
      vertex -37 -1.01234 13.0569
    endloop
  endfacet
  facet normal 0 0.187348 -0.982294
    outer loop
      vertex -37 -0.683897 13.1636
      vertex -27.2 -0.344666 13.2283
      vertex -27.2 -0.683897 13.1636
    endloop
  endfacet
  facet normal 0 0.187348 -0.982294
    outer loop
      vertex -27.2 -0.344666 13.2283
      vertex -37 -0.683897 13.1636
      vertex -37 -0.344666 13.2283
    endloop
  endfacet
  facet normal 0 0.809025 0.587774
    outer loop
      vertex -27.2 -2.11891 8.74708
      vertex -37 -2.3219 9.02648
      vertex -27.2 -2.3219 9.02648
    endloop
  endfacet
  facet normal 0 0.809025 0.587774
    outer loop
      vertex -37 -2.3219 9.02648
      vertex -27.2 -2.11891 8.74708
      vertex -37 -2.11891 8.74708
    endloop
  endfacet
  facet normal -0 0.187404 0.982283
    outer loop
      vertex -37 -0.344666 7.77168
      vertex -27.2 -0.683897 7.8364
      vertex -27.2 -0.344666 7.77168
    endloop
  endfacet
  facet normal 0 0.187404 0.982283
    outer loop
      vertex -27.2 -0.683897 7.8364
      vertex -37 -0.344666 7.77168
      vertex -37 -0.683897 7.8364
    endloop
  endfacet
  facet normal 0 0.992115 -0.125332
    outer loop
      vertex -27.2 -2.74457 10.6727
      vertex -37 -2.70129 11.0153
      vertex -27.2 -2.70129 11.0153
    endloop
  endfacet
  facet normal 0 0.992115 -0.125332
    outer loop
      vertex -37 -2.70129 11.0153
      vertex -27.2 -2.74457 10.6727
      vertex -37 -2.74457 10.6727
    endloop
  endfacet
  facet normal 0 0.876289 -0.481785
    outer loop
      vertex -27.2 -2.48827 11.6709
      vertex -37 -2.3219 11.9735
      vertex -27.2 -2.3219 11.9735
    endloop
  endfacet
  facet normal 0 0.876289 -0.481785
    outer loop
      vertex -37 -2.3219 11.9735
      vertex -27.2 -2.48827 11.6709
      vertex -37 -2.48827 11.6709
    endloop
  endfacet
  facet normal 0 0.535726 -0.844392
    outer loop
      vertex -37 -1.61641 12.7248
      vertex -27.2 -1.32482 12.9098
      vertex -27.2 -1.61641 12.7248
    endloop
  endfacet
  facet normal 0 0.535726 -0.844392
    outer loop
      vertex -27.2 -1.32482 12.9098
      vertex -37 -1.61641 12.7248
      vertex -37 -1.32482 12.9098
    endloop
  endfacet
  facet normal 0 0.728954 0.684563
    outer loop
      vertex -27.2 -1.8825 8.49534
      vertex -37 -2.11891 8.74708
      vertex -27.2 -2.11891 8.74708
    endloop
  endfacet
  facet normal 0 0.728954 0.684563
    outer loop
      vertex -37 -2.11891 8.74708
      vertex -27.2 -1.8825 8.49534
      vertex -37 -1.8825 8.49534
    endloop
  endfacet
  facet normal 0 0.729035 -0.684476
    outer loop
      vertex -27.2 -2.11891 12.2529
      vertex -37 -1.8825 12.5047
      vertex -27.2 -1.8825 12.5047
    endloop
  endfacet
  facet normal 0 0.729035 -0.684476
    outer loop
      vertex -37 -1.8825 12.5047
      vertex -27.2 -2.11891 12.2529
      vertex -37 -2.11891 12.2529
    endloop
  endfacet
  facet normal 0 0.809025 -0.587774
    outer loop
      vertex -27.2 -2.3219 11.9735
      vertex -37 -2.11891 12.2529
      vertex -27.2 -2.11891 12.2529
    endloop
  endfacet
  facet normal 0 0.809025 -0.587774
    outer loop
      vertex -37 -2.11891 12.2529
      vertex -27.2 -2.3219 11.9735
      vertex -37 -2.3219 11.9735
    endloop
  endfacet
  facet normal -0.0628024 0 0.998026
    outer loop
      vertex -30 21.9901 7.25
      vertex -29.5927 6.5 7.27563
      vertex -29.5927 21.9901 7.27563
    endloop
  endfacet
  facet normal -0.0628024 0 0.998026
    outer loop
      vertex -29.5927 6.5 7.27563
      vertex -30 21.9901 7.25
      vertex -30 6.5 7.25
    endloop
  endfacet
  facet normal -0.187368 0 0.98229
    outer loop
      vertex -29.5927 21.9901 7.27563
      vertex -29.1918 6.5 7.3521
      vertex -29.1918 21.9901 7.3521
    endloop
  endfacet
  facet normal -0.187368 0 0.98229
    outer loop
      vertex -29.1918 6.5 7.3521
      vertex -29.5927 21.9901 7.27563
      vertex -29.5927 6.5 7.27563
    endloop
  endfacet
  facet normal -0.0627292 0 -0.998031
    outer loop
      vertex -30 6.5 13.75
      vertex -29.5927 21.9901 13.7244
      vertex -29.5927 6.5 13.7244
    endloop
  endfacet
  facet normal -0.0627292 0 -0.998031
    outer loop
      vertex -29.5927 21.9901 13.7244
      vertex -30 6.5 13.75
      vertex -30 21.9901 13.75
    endloop
  endfacet
  facet normal -0.728933 0 -0.684585
    outer loop
      vertex -27.4958 6.5 12.5716
      vertex -27.7752 21.9901 12.8691
      vertex -27.4958 21.9901 12.5716
    endloop
  endfacet
  facet normal -0.728933 -0 -0.684585
    outer loop
      vertex -27.7752 21.9901 12.8691
      vertex -27.4958 6.5 12.5716
      vertex -27.7752 6.5 12.8691
    endloop
  endfacet
  facet normal -0.929822 0 -0.368009
    outer loop
      vertex -26.9091 6.5 11.5043
      vertex -27.0593 21.9901 11.8838
      vertex -26.9091 21.9901 11.5043
    endloop
  endfacet
  facet normal -0.929822 -0 -0.368009
    outer loop
      vertex -27.0593 21.9901 11.8838
      vertex -26.9091 6.5 11.5043
      vertex -27.0593 6.5 11.8838
    endloop
  endfacet
  facet normal -0.809014 0 0.58779
    outer loop
      vertex -27.4958 6.5 8.42837
      vertex -27.2559 21.9901 8.75856
      vertex -27.4958 21.9901 8.42837
    endloop
  endfacet
  facet normal -0.809014 0 0.58779
    outer loop
      vertex -27.2559 21.9901 8.75856
      vertex -27.4958 6.5 8.42837
      vertex -27.2559 6.5 8.75856
    endloop
  endfacet
  facet normal -0.425821 0 -0.904808
    outer loop
      vertex -28.8036 6.5 13.5218
      vertex -28.4343 21.9901 13.348
      vertex -28.4343 6.5 13.348
    endloop
  endfacet
  facet normal -0.425821 0 -0.904808
    outer loop
      vertex -28.4343 21.9901 13.348
      vertex -28.8036 6.5 13.5218
      vertex -28.8036 21.9901 13.5218
    endloop
  endfacet
  facet normal -0.637457 0 -0.770486
    outer loop
      vertex -28.0897 6.5 13.1293
      vertex -27.7752 21.9901 12.8691
      vertex -27.7752 6.5 12.8691
    endloop
  endfacet
  facet normal -0.637457 0 -0.770486
    outer loop
      vertex -27.7752 21.9901 12.8691
      vertex -28.0897 6.5 13.1293
      vertex -28.0897 21.9901 13.1293
    endloop
  endfacet
  facet normal -0.9921 0 -0.125452
    outer loop
      vertex -26.7564 6.5 10.7041
      vertex -26.8076 21.9901 11.109
      vertex -26.7564 21.9901 10.7041
    endloop
  endfacet
  facet normal -0.9921 -0 -0.125452
    outer loop
      vertex -26.8076 21.9901 11.109
      vertex -26.7564 6.5 10.7041
      vertex -26.8076 6.5 11.109
    endloop
  endfacet
  facet normal 0.309009 0 0.951059
    outer loop
      vertex -31.1964 21.9901 7.47823
      vertex -30.8082 6.5 7.3521
      vertex -30.8082 21.9901 7.3521
    endloop
  endfacet
  facet normal 0.309009 0 0.951059
    outer loop
      vertex -30.8082 6.5 7.3521
      vertex -31.1964 21.9901 7.47823
      vertex -31.1964 6.5 7.47823
    endloop
  endfacet
  facet normal 0.992099 0 0.125455
    outer loop
      vertex -33.1924 6.5 9.89101
      vertex -33.2436 21.8327 10.2959
      vertex -33.2436 6.5 10.2959
    endloop
  endfacet
  facet normal 0.992099 0 0.125455
    outer loop
      vertex -33.2436 21.8327 10.2959
      vertex -33.1924 6.5 9.89101
      vertex -33.1924 21.8458 9.89101
    endloop
  endfacet
  facet normal -0.42576 0 0.904836
    outer loop
      vertex -28.8036 21.9901 7.47823
      vertex -28.4343 6.5 7.652
      vertex -28.4343 21.9901 7.652
    endloop
  endfacet
  facet normal -0.42576 0 0.904836
    outer loop
      vertex -28.4343 6.5 7.652
      vertex -28.8036 21.9901 7.47823
      vertex -28.8036 6.5 7.47823
    endloop
  endfacet
  facet normal -0.535827 0 0.844328
    outer loop
      vertex -28.4343 21.9901 7.652
      vertex -28.0897 6.5 7.87069
      vertex -28.0897 21.9901 7.87069
    endloop
  endfacet
  facet normal -0.535827 0 0.844328
    outer loop
      vertex -28.0897 6.5 7.87069
      vertex -28.4343 21.9901 7.652
      vertex -28.4343 6.5 7.652
    endloop
  endfacet
  facet normal -0.968584 0 0.248688
    outer loop
      vertex -26.9091 6.5 9.49569
      vertex -26.8076 21.9901 9.89101
      vertex -26.9091 21.9901 9.49569
    endloop
  endfacet
  facet normal -0.968584 0 0.248688
    outer loop
      vertex -26.8076 21.9901 9.89101
      vertex -26.9091 6.5 9.49569
      vertex -26.8076 6.5 9.89101
    endloop
  endfacet
  facet normal -0.308942 0 -0.951081
    outer loop
      vertex -29.1918 6.5 13.6479
      vertex -28.8036 21.9901 13.5218
      vertex -28.8036 6.5 13.5218
    endloop
  endfacet
  facet normal -0.308942 0 -0.951081
    outer loop
      vertex -28.8036 21.9901 13.5218
      vertex -29.1918 6.5 13.6479
      vertex -29.1918 21.9901 13.6479
    endloop
  endfacet
  facet normal -0.876299 0 -0.481768
    outer loop
      vertex -27.0593 6.5 11.8838
      vertex -27.2559 21.9901 12.2414
      vertex -27.0593 21.9901 11.8838
    endloop
  endfacet
  facet normal -0.876299 -0 -0.481768
    outer loop
      vertex -27.2559 21.9901 12.2414
      vertex -27.0593 6.5 11.8838
      vertex -27.2559 6.5 12.2414
    endloop
  endfacet
  facet normal 0.809014 0 0.58779
    outer loop
      vertex -32.5042 6.5 8.42837
      vertex -32.7441 21.9358 8.75856
      vertex -32.7441 6.5 8.75856
    endloop
  endfacet
  facet normal 0.809014 0 0.58779
    outer loop
      vertex -32.7441 21.9358 8.75856
      vertex -32.5042 6.5 8.42837
      vertex -32.5042 21.9661 8.42837
    endloop
  endfacet
  facet normal 0.42576 0 0.904836
    outer loop
      vertex -31.5657 21.9901 7.652
      vertex -31.1964 6.5 7.47823
      vertex -31.1964 21.9901 7.47823
    endloop
  endfacet
  facet normal 0.42576 0 0.904836
    outer loop
      vertex -31.1964 6.5 7.47823
      vertex -31.5657 21.9901 7.652
      vertex -31.5657 6.5 7.652
    endloop
  endfacet
  facet normal 0.728633 0.00701888 -0.684869
    outer loop
      vertex -32.2248 21.9901 12.8691
      vertex -32.5042 21.9661 12.5716
      vertex -32.314 21.9901 12.7742
    endloop
  endfacet
  facet normal 0.728933 0 -0.684585
    outer loop
      vertex -32.2248 6.5 12.8691
      vertex -32.5042 21.9661 12.5716
      vertex -32.2248 21.9901 12.8691
    endloop
  endfacet
  facet normal 0.728933 0 -0.684585
    outer loop
      vertex -32.5042 21.9661 12.5716
      vertex -32.2248 6.5 12.8691
      vertex -32.5042 6.5 12.5716
    endloop
  endfacet
  facet normal 0.308942 0 -0.951081
    outer loop
      vertex -31.1964 6.5 13.5218
      vertex -30.8082 21.9901 13.6479
      vertex -30.8082 6.5 13.6479
    endloop
  endfacet
  facet normal 0.308942 0 -0.951081
    outer loop
      vertex -30.8082 21.9901 13.6479
      vertex -31.1964 6.5 13.5218
      vertex -31.1964 21.9901 13.5218
    endloop
  endfacet
  facet normal 0 1 0
    outer loop
      vertex -29.5927 6.5 13.7244
      vertex -30.4073 6.5 13.7244
      vertex -30 6.5 13.75
    endloop
  endfacet
  facet normal 0 1 0
    outer loop
      vertex -29.1918 6.5 13.6479
      vertex -30.4073 6.5 13.7244
      vertex -29.5927 6.5 13.7244
    endloop
  endfacet
  facet normal 0 1 0
    outer loop
      vertex -29.1918 6.5 13.6479
      vertex -30.8082 6.5 13.6479
      vertex -30.4073 6.5 13.7244
    endloop
  endfacet
  facet normal 0 1 0
    outer loop
      vertex -28.8036 6.5 13.5218
      vertex -30.8082 6.5 13.6479
      vertex -29.1918 6.5 13.6479
    endloop
  endfacet
  facet normal 0 1 0
    outer loop
      vertex -28.8036 6.5 13.5218
      vertex -31.1964 6.5 13.5218
      vertex -30.8082 6.5 13.6479
    endloop
  endfacet
  facet normal 0 1 0
    outer loop
      vertex -28.4343 6.5 13.348
      vertex -31.1964 6.5 13.5218
      vertex -28.8036 6.5 13.5218
    endloop
  endfacet
  facet normal 0 1 0
    outer loop
      vertex -28.4343 6.5 13.348
      vertex -31.5657 6.5 13.348
      vertex -31.1964 6.5 13.5218
    endloop
  endfacet
  facet normal 0 1 0
    outer loop
      vertex -28.0897 6.5 13.1293
      vertex -31.5657 6.5 13.348
      vertex -28.4343 6.5 13.348
    endloop
  endfacet
  facet normal 0 1 0
    outer loop
      vertex -28.0897 6.5 13.1293
      vertex -31.9103 6.5 13.1293
      vertex -31.5657 6.5 13.348
    endloop
  endfacet
  facet normal 0 1 0
    outer loop
      vertex -27.7752 6.5 12.8691
      vertex -31.9103 6.5 13.1293
      vertex -28.0897 6.5 13.1293
    endloop
  endfacet
  facet normal 0 1 0
    outer loop
      vertex -27.7752 6.5 12.8691
      vertex -32.2248 6.5 12.8691
      vertex -31.9103 6.5 13.1293
    endloop
  endfacet
  facet normal 0 1 0
    outer loop
      vertex -27.4958 6.5 12.5716
      vertex -32.2248 6.5 12.8691
      vertex -27.7752 6.5 12.8691
    endloop
  endfacet
  facet normal 0 1 0
    outer loop
      vertex -27.4958 6.5 12.5716
      vertex -32.5042 6.5 12.5716
      vertex -32.2248 6.5 12.8691
    endloop
  endfacet
  facet normal 0 1 0
    outer loop
      vertex -27.2559 6.5 12.2414
      vertex -32.5042 6.5 12.5716
      vertex -27.4958 6.5 12.5716
    endloop
  endfacet
  facet normal 0 1 0
    outer loop
      vertex -27.2559 6.5 12.2414
      vertex -32.7441 6.5 12.2414
      vertex -32.5042 6.5 12.5716
    endloop
  endfacet
  facet normal 0 1 0
    outer loop
      vertex -27.0593 6.5 11.8838
      vertex -32.7441 6.5 12.2414
      vertex -27.2559 6.5 12.2414
    endloop
  endfacet
  facet normal 0 1 0
    outer loop
      vertex -27.0593 6.5 11.8838
      vertex -32.9407 6.5 11.8838
      vertex -32.7441 6.5 12.2414
    endloop
  endfacet
  facet normal 0 1 0
    outer loop
      vertex -26.9091 6.5 11.5043
      vertex -32.9407 6.5 11.8838
      vertex -27.0593 6.5 11.8838
    endloop
  endfacet
  facet normal 0 1 0
    outer loop
      vertex -26.9091 6.5 11.5043
      vertex -33.0909 6.5 11.5043
      vertex -32.9407 6.5 11.8838
    endloop
  endfacet
  facet normal 0 1 0
    outer loop
      vertex -26.8076 6.5 11.109
      vertex -33.0909 6.5 11.5043
      vertex -26.9091 6.5 11.5043
    endloop
  endfacet
  facet normal 0 1 0
    outer loop
      vertex -26.8076 6.5 11.109
      vertex -33.1924 6.5 11.109
      vertex -33.0909 6.5 11.5043
    endloop
  endfacet
  facet normal 0 1 0
    outer loop
      vertex -26.7564 6.5 10.7041
      vertex -33.1924 6.5 11.109
      vertex -26.8076 6.5 11.109
    endloop
  endfacet
  facet normal 0 1 0
    outer loop
      vertex -26.7564 6.5 10.7041
      vertex -33.2436 6.5 10.7041
      vertex -33.1924 6.5 11.109
    endloop
  endfacet
  facet normal 0 1 -0
    outer loop
      vertex -26.7564 6.5 10.2959
      vertex -33.2436 6.5 10.7041
      vertex -26.7564 6.5 10.7041
    endloop
  endfacet
  facet normal 0 1 0
    outer loop
      vertex -26.7564 6.5 10.2959
      vertex -33.2436 6.5 10.2959
      vertex -33.2436 6.5 10.7041
    endloop
  endfacet
  facet normal 0 1 -0
    outer loop
      vertex -26.8076 6.5 9.89101
      vertex -33.2436 6.5 10.2959
      vertex -26.7564 6.5 10.2959
    endloop
  endfacet
  facet normal 0 1 0
    outer loop
      vertex -26.8076 6.5 9.89101
      vertex -33.1924 6.5 9.89101
      vertex -33.2436 6.5 10.2959
    endloop
  endfacet
  facet normal 0 1 -0
    outer loop
      vertex -26.9091 6.5 9.49569
      vertex -33.1924 6.5 9.89101
      vertex -26.8076 6.5 9.89101
    endloop
  endfacet
  facet normal 0 1 0
    outer loop
      vertex -26.9091 6.5 9.49569
      vertex -33.0909 6.5 9.49569
      vertex -33.1924 6.5 9.89101
    endloop
  endfacet
  facet normal 0 1 -0
    outer loop
      vertex -27.0593 6.5 9.11622
      vertex -33.0909 6.5 9.49569
      vertex -26.9091 6.5 9.49569
    endloop
  endfacet
  facet normal 0 1 0
    outer loop
      vertex -27.0593 6.5 9.11622
      vertex -32.9407 6.5 9.11622
      vertex -33.0909 6.5 9.49569
    endloop
  endfacet
  facet normal 0 1 -0
    outer loop
      vertex -27.2559 6.5 8.75856
      vertex -32.9407 6.5 9.11622
      vertex -27.0593 6.5 9.11622
    endloop
  endfacet
  facet normal 0 1 0
    outer loop
      vertex -27.2559 6.5 8.75856
      vertex -32.7441 6.5 8.75856
      vertex -32.9407 6.5 9.11622
    endloop
  endfacet
  facet normal 0 1 -0
    outer loop
      vertex -27.4958 6.5 8.42837
      vertex -32.7441 6.5 8.75856
      vertex -27.2559 6.5 8.75856
    endloop
  endfacet
  facet normal 0 1 0
    outer loop
      vertex -27.4958 6.5 8.42837
      vertex -32.5042 6.5 8.42837
      vertex -32.7441 6.5 8.75856
    endloop
  endfacet
  facet normal 0 1 -0
    outer loop
      vertex -27.7752 6.5 8.13085
      vertex -32.5042 6.5 8.42837
      vertex -27.4958 6.5 8.42837
    endloop
  endfacet
  facet normal 0 1 0
    outer loop
      vertex -27.7752 6.5 8.13085
      vertex -32.2248 6.5 8.13085
      vertex -32.5042 6.5 8.42837
    endloop
  endfacet
  facet normal 0 1 -0
    outer loop
      vertex -28.0897 6.5 7.87069
      vertex -32.2248 6.5 8.13085
      vertex -27.7752 6.5 8.13085
    endloop
  endfacet
  facet normal 0 1 0
    outer loop
      vertex -28.0897 6.5 7.87069
      vertex -31.9103 6.5 7.87069
      vertex -32.2248 6.5 8.13085
    endloop
  endfacet
  facet normal 0 1 -0
    outer loop
      vertex -28.4343 6.5 7.652
      vertex -31.9103 6.5 7.87069
      vertex -28.0897 6.5 7.87069
    endloop
  endfacet
  facet normal 0 1 0
    outer loop
      vertex -28.4343 6.5 7.652
      vertex -31.5657 6.5 7.652
      vertex -31.9103 6.5 7.87069
    endloop
  endfacet
  facet normal 0 1 -0
    outer loop
      vertex -28.8036 6.5 7.47823
      vertex -31.5657 6.5 7.652
      vertex -28.4343 6.5 7.652
    endloop
  endfacet
  facet normal 0 1 0
    outer loop
      vertex -28.8036 6.5 7.47823
      vertex -31.1964 6.5 7.47823
      vertex -31.5657 6.5 7.652
    endloop
  endfacet
  facet normal 0 1 -0
    outer loop
      vertex -29.1918 6.5 7.3521
      vertex -31.1964 6.5 7.47823
      vertex -28.8036 6.5 7.47823
    endloop
  endfacet
  facet normal 0 1 0
    outer loop
      vertex -29.1918 6.5 7.3521
      vertex -30.8082 6.5 7.3521
      vertex -31.1964 6.5 7.47823
    endloop
  endfacet
  facet normal 0 1 -0
    outer loop
      vertex -29.5927 6.5 7.27563
      vertex -30.8082 6.5 7.3521
      vertex -29.1918 6.5 7.3521
    endloop
  endfacet
  facet normal 0 1 0
    outer loop
      vertex -29.5927 6.5 7.27563
      vertex -30.4073 6.5 7.27563
      vertex -30.8082 6.5 7.3521
    endloop
  endfacet
  facet normal -0 1 0
    outer loop
      vertex -30.4073 6.5 7.27563
      vertex -29.5927 6.5 7.27563
      vertex -30 6.5 7.25
    endloop
  endfacet
  facet normal 1 -0 0
    outer loop
      vertex -33.2436 6.5 10.7041
      vertex -33.2436 21.8327 10.2959
      vertex -33.2436 21.8327 10.7041
    endloop
  endfacet
  facet normal 1 0 0
    outer loop
      vertex -33.2436 21.8327 10.2959
      vertex -33.2436 6.5 10.7041
      vertex -33.2436 6.5 10.2959
    endloop
  endfacet
  facet normal -0.309009 0 0.951059
    outer loop
      vertex -29.1918 21.9901 7.3521
      vertex -28.8036 6.5 7.47823
      vertex -28.8036 21.9901 7.47823
    endloop
  endfacet
  facet normal -0.309009 0 0.951059
    outer loop
      vertex -28.8036 6.5 7.47823
      vertex -29.1918 21.9901 7.3521
      vertex -29.1918 6.5 7.3521
    endloop
  endfacet
  facet normal -0.637399 0 0.770534
    outer loop
      vertex -28.0897 21.9901 7.87069
      vertex -27.7752 6.5 8.13085
      vertex -27.7752 21.9901 8.13085
    endloop
  endfacet
  facet normal -0.637399 0 0.770534
    outer loop
      vertex -27.7752 6.5 8.13085
      vertex -28.0897 21.9901 7.87069
      vertex -28.0897 6.5 7.87069
    endloop
  endfacet
  facet normal -0.728956 0 0.68456
    outer loop
      vertex -27.7752 6.5 8.13085
      vertex -27.4958 21.9901 8.42837
      vertex -27.7752 21.9901 8.13085
    endloop
  endfacet
  facet normal -0.728956 0 0.68456
    outer loop
      vertex -27.4958 21.9901 8.42837
      vertex -27.7752 6.5 8.13085
      vertex -27.4958 6.5 8.42837
    endloop
  endfacet
  facet normal -0.992099 0 0.125455
    outer loop
      vertex -26.8076 6.5 9.89101
      vertex -26.7564 21.9901 10.2959
      vertex -26.8076 21.9901 9.89101
    endloop
  endfacet
  facet normal -0.992099 0 0.125455
    outer loop
      vertex -26.7564 21.9901 10.2959
      vertex -26.8076 6.5 9.89101
      vertex -26.7564 6.5 10.2959
    endloop
  endfacet
  facet normal -1 0 0
    outer loop
      vertex -26.7564 6.5 10.2959
      vertex -26.7564 21.9901 10.7041
      vertex -26.7564 21.9901 10.2959
    endloop
  endfacet
  facet normal -1 -0 0
    outer loop
      vertex -26.7564 21.9901 10.7041
      vertex -26.7564 6.5 10.2959
      vertex -26.7564 6.5 10.7041
    endloop
  endfacet
  facet normal -0.876333 0 0.481706
    outer loop
      vertex -27.2559 6.5 8.75856
      vertex -27.0593 21.9901 9.11622
      vertex -27.2559 21.9901 8.75856
    endloop
  endfacet
  facet normal -0.876333 0 0.481706
    outer loop
      vertex -27.0593 21.9901 9.11622
      vertex -27.2559 6.5 8.75856
      vertex -27.0593 6.5 9.11622
    endloop
  endfacet
  facet normal -0.929812 0 0.368034
    outer loop
      vertex -27.0593 6.5 9.11622
      vertex -26.9091 21.9901 9.49569
      vertex -27.0593 21.9901 9.11622
    endloop
  endfacet
  facet normal -0.929812 0 0.368034
    outer loop
      vertex -26.9091 21.9901 9.49569
      vertex -27.0593 6.5 9.11622
      vertex -26.9091 6.5 9.49569
    endloop
  endfacet
  facet normal -0.535845 0 -0.844317
    outer loop
      vertex -28.4343 6.5 13.348
      vertex -28.0897 21.9901 13.1293
      vertex -28.0897 6.5 13.1293
    endloop
  endfacet
  facet normal -0.535845 0 -0.844317
    outer loop
      vertex -28.0897 21.9901 13.1293
      vertex -28.4343 6.5 13.348
      vertex -28.4343 21.9901 13.348
    endloop
  endfacet
  facet normal -0.187439 0 -0.982276
    outer loop
      vertex -29.5927 6.5 13.7244
      vertex -29.1918 21.9901 13.6479
      vertex -29.1918 6.5 13.6479
    endloop
  endfacet
  facet normal -0.187439 0 -0.982276
    outer loop
      vertex -29.1918 21.9901 13.6479
      vertex -29.5927 6.5 13.7244
      vertex -29.5927 21.9901 13.7244
    endloop
  endfacet
  facet normal -0.809022 0 -0.587778
    outer loop
      vertex -27.2559 6.5 12.2414
      vertex -27.4958 21.9901 12.5716
      vertex -27.2559 21.9901 12.2414
    endloop
  endfacet
  facet normal -0.809022 -0 -0.587778
    outer loop
      vertex -27.4958 21.9901 12.5716
      vertex -27.2559 6.5 12.2414
      vertex -27.4958 6.5 12.5716
    endloop
  endfacet
  facet normal -0.968581 0 -0.2487
    outer loop
      vertex -26.8076 6.5 11.109
      vertex -26.9091 21.9901 11.5043
      vertex -26.8076 21.9901 11.109
    endloop
  endfacet
  facet normal -0.968581 -0 -0.2487
    outer loop
      vertex -26.9091 21.9901 11.5043
      vertex -26.8076 6.5 11.109
      vertex -26.9091 6.5 11.5043
    endloop
  endfacet
  facet normal 0.535827 0 0.844328
    outer loop
      vertex -31.9103 21.9901 7.87069
      vertex -31.5657 6.5 7.652
      vertex -31.5657 21.9901 7.652
    endloop
  endfacet
  facet normal 0.535827 0 0.844328
    outer loop
      vertex -31.5657 6.5 7.652
      vertex -31.9103 21.9901 7.87069
      vertex -31.9103 6.5 7.87069
    endloop
  endfacet
  facet normal 0.187368 0 0.98229
    outer loop
      vertex -30.8082 21.9901 7.3521
      vertex -30.4073 6.5 7.27563
      vertex -30.4073 21.9901 7.27563
    endloop
  endfacet
  facet normal 0.187368 0 0.98229
    outer loop
      vertex -30.4073 6.5 7.27563
      vertex -30.8082 21.9901 7.3521
      vertex -30.8082 6.5 7.3521
    endloop
  endfacet
  facet normal 0.0628024 0 0.998026
    outer loop
      vertex -30.4073 21.9901 7.27563
      vertex -30 6.5 7.25
      vertex -30 21.9901 7.25
    endloop
  endfacet
  facet normal 0.0628024 0 0.998026
    outer loop
      vertex -30 6.5 7.25
      vertex -30.4073 21.9901 7.27563
      vertex -30.4073 6.5 7.27563
    endloop
  endfacet
  facet normal 0.929822 0 -0.368009
    outer loop
      vertex -32.9407 6.5 11.8838
      vertex -33.0909 21.8719 11.5043
      vertex -32.9407 21.9105 11.8838
    endloop
  endfacet
  facet normal 0.929822 0 -0.368009
    outer loop
      vertex -33.0909 21.8719 11.5043
      vertex -32.9407 6.5 11.8838
      vertex -33.0909 6.5 11.5043
    endloop
  endfacet
  facet normal 0.637457 0 -0.770486
    outer loop
      vertex -32.2248 6.5 12.8691
      vertex -31.9103 21.9901 13.1293
      vertex -31.9103 6.5 13.1293
    endloop
  endfacet
  facet normal 0.637457 0 -0.770486
    outer loop
      vertex -31.9103 21.9901 13.1293
      vertex -32.2248 6.5 12.8691
      vertex -32.2248 21.9901 12.8691
    endloop
  endfacet
  facet normal 0.187439 0 -0.982276
    outer loop
      vertex -30.8082 6.5 13.6479
      vertex -30.4073 21.9901 13.7244
      vertex -30.4073 6.5 13.7244
    endloop
  endfacet
  facet normal 0.187439 0 -0.982276
    outer loop
      vertex -30.4073 21.9901 13.7244
      vertex -30.8082 6.5 13.6479
      vertex -30.8082 21.9901 13.6479
    endloop
  endfacet
  facet normal 0.0627292 0 -0.998031
    outer loop
      vertex -30.4073 6.5 13.7244
      vertex -30 21.9901 13.75
      vertex -30 6.5 13.75
    endloop
  endfacet
  facet normal 0.0627292 0 -0.998031
    outer loop
      vertex -30 21.9901 13.75
      vertex -30.4073 6.5 13.7244
      vertex -30.4073 21.9901 13.7244
    endloop
  endfacet
  facet normal 0.968584 0 0.248688
    outer loop
      vertex -33.0909 6.5 9.49569
      vertex -33.1924 21.8458 9.89101
      vertex -33.1924 6.5 9.89101
    endloop
  endfacet
  facet normal 0.968584 0 0.248688
    outer loop
      vertex -33.1924 21.8458 9.89101
      vertex -33.0909 6.5 9.49569
      vertex -33.0909 21.8719 9.49569
    endloop
  endfacet
  facet normal 0.87683 -0.0385537 0.479252
    outer loop
      vertex -32.9407 21.9105 9.11622
      vertex -32.7441 21.9358 8.75856
      vertex -32.9369 21.9114 9.10934
    endloop
  endfacet
  facet normal 0.876333 0 0.481706
    outer loop
      vertex -32.7441 6.5 8.75856
      vertex -32.9407 21.9105 9.11622
      vertex -32.9407 6.5 9.11622
    endloop
  endfacet
  facet normal 0.876333 0 0.481706
    outer loop
      vertex -32.9407 21.9105 9.11622
      vertex -32.7441 6.5 8.75856
      vertex -32.7441 21.9358 8.75856
    endloop
  endfacet
  facet normal 0.535845 0 -0.844317
    outer loop
      vertex -31.9103 6.5 13.1293
      vertex -31.5657 21.9901 13.348
      vertex -31.5657 6.5 13.348
    endloop
  endfacet
  facet normal 0.535845 0 -0.844317
    outer loop
      vertex -31.5657 21.9901 13.348
      vertex -31.9103 6.5 13.1293
      vertex -31.9103 21.9901 13.1293
    endloop
  endfacet
  facet normal 0.425821 0 -0.904808
    outer loop
      vertex -31.5657 6.5 13.348
      vertex -31.1964 21.9901 13.5218
      vertex -31.1964 6.5 13.5218
    endloop
  endfacet
  facet normal 0.425821 0 -0.904808
    outer loop
      vertex -31.1964 21.9901 13.5218
      vertex -31.5657 6.5 13.348
      vertex -31.5657 21.9901 13.348
    endloop
  endfacet
  facet normal 0.728865 0.00222589 0.684654
    outer loop
      vertex -32.5042 21.9661 8.42837
      vertex -32.2248 21.9901 8.13085
      vertex -32.314 21.9901 8.22581
    endloop
  endfacet
  facet normal 0.728956 0 0.68456
    outer loop
      vertex -32.2248 6.5 8.13085
      vertex -32.5042 21.9661 8.42837
      vertex -32.5042 6.5 8.42837
    endloop
  endfacet
  facet normal 0.728956 0 0.68456
    outer loop
      vertex -32.5042 21.9661 8.42837
      vertex -32.2248 6.5 8.13085
      vertex -32.2248 21.9901 8.13085
    endloop
  endfacet
  facet normal 0.637399 0 0.770534
    outer loop
      vertex -32.2248 21.9901 8.13085
      vertex -31.9103 6.5 7.87069
      vertex -31.9103 21.9901 7.87069
    endloop
  endfacet
  facet normal 0.637399 0 0.770534
    outer loop
      vertex -31.9103 6.5 7.87069
      vertex -32.2248 21.9901 8.13085
      vertex -32.2248 6.5 8.13085
    endloop
  endfacet
  facet normal 0.809022 0 -0.587778
    outer loop
      vertex -32.5042 6.5 12.5716
      vertex -32.7441 21.9358 12.2414
      vertex -32.5042 21.9661 12.5716
    endloop
  endfacet
  facet normal 0.809022 0 -0.587778
    outer loop
      vertex -32.7441 21.9358 12.2414
      vertex -32.5042 6.5 12.5716
      vertex -32.7441 6.5 12.2414
    endloop
  endfacet
  facet normal 0.876629 -0.0139289 -0.480965
    outer loop
      vertex -32.7441 21.9358 12.2414
      vertex -32.9407 21.9105 11.8838
      vertex -32.9369 21.9114 11.8907
    endloop
  endfacet
  facet normal 0.876299 0 -0.481768
    outer loop
      vertex -32.7441 6.5 12.2414
      vertex -32.9407 21.9105 11.8838
      vertex -32.7441 21.9358 12.2414
    endloop
  endfacet
  facet normal 0.876299 0 -0.481768
    outer loop
      vertex -32.9407 21.9105 11.8838
      vertex -32.7441 6.5 12.2414
      vertex -32.9407 6.5 11.8838
    endloop
  endfacet
  facet normal 0.968581 0 -0.2487
    outer loop
      vertex -33.0909 6.5 11.5043
      vertex -33.1924 21.8458 11.109
      vertex -33.0909 21.8719 11.5043
    endloop
  endfacet
  facet normal 0.968581 0 -0.2487
    outer loop
      vertex -33.1924 21.8458 11.109
      vertex -33.0909 6.5 11.5043
      vertex -33.1924 6.5 11.109
    endloop
  endfacet
  facet normal 0.9921 0 -0.125452
    outer loop
      vertex -33.1924 6.5 11.109
      vertex -33.2436 21.8327 10.7041
      vertex -33.1924 21.8458 11.109
    endloop
  endfacet
  facet normal 0.9921 0 -0.125452
    outer loop
      vertex -33.2436 21.8327 10.7041
      vertex -33.1924 6.5 11.109
      vertex -33.2436 6.5 10.7041
    endloop
  endfacet
  facet normal 0.929812 0 0.368034
    outer loop
      vertex -32.9407 6.5 9.11622
      vertex -33.0909 21.8719 9.49569
      vertex -33.0909 6.5 9.49569
    endloop
  endfacet
  facet normal 0.929812 0 0.368034
    outer loop
      vertex -33.0909 21.8719 9.49569
      vertex -32.9407 6.5 9.11622
      vertex -32.9407 21.9105 9.11622
    endloop
  endfacet
  facet normal -0.0628024 0 0.998026
    outer loop
      vertex -15 21.9901 7.25
      vertex -14.5927 8.00987 7.27563
      vertex -14.5927 21.9901 7.27563
    endloop
  endfacet
  facet normal -0.0628024 0 0.998026
    outer loop
      vertex -14.5927 8.00987 7.27563
      vertex -15 21.9901 7.25
      vertex -15 8.00987 7.25
    endloop
  endfacet
  facet normal -0.968584 0 0.248688
    outer loop
      vertex -11.9091 8.00987 9.49569
      vertex -11.8076 21.9901 9.89101
      vertex -11.9091 21.9901 9.49569
    endloop
  endfacet
  facet normal -0.968584 0 0.248688
    outer loop
      vertex -11.8076 21.9901 9.89101
      vertex -11.9091 8.00987 9.49569
      vertex -11.8076 8.00987 9.89101
    endloop
  endfacet
  facet normal -0.929822 0 -0.368009
    outer loop
      vertex -11.9091 8.00987 11.5043
      vertex -12.0593 21.9901 11.8838
      vertex -11.9091 21.9901 11.5043
    endloop
  endfacet
  facet normal -0.929822 -0 -0.368009
    outer loop
      vertex -12.0593 21.9901 11.8838
      vertex -11.9091 8.00987 11.5043
      vertex -12.0593 8.00987 11.8838
    endloop
  endfacet
  facet normal -0.425821 0 -0.904808
    outer loop
      vertex -13.8036 8.00987 13.5218
      vertex -13.4343 21.9901 13.348
      vertex -13.4343 8.00987 13.348
    endloop
  endfacet
  facet normal -0.425821 0 -0.904808
    outer loop
      vertex -13.4343 21.9901 13.348
      vertex -13.8036 8.00987 13.5218
      vertex -13.8036 21.9901 13.5218
    endloop
  endfacet
  facet normal -0.42576 0 0.904836
    outer loop
      vertex -13.8036 21.9901 7.47823
      vertex -13.4343 8.00987 7.652
      vertex -13.4343 21.9901 7.652
    endloop
  endfacet
  facet normal -0.42576 0 0.904836
    outer loop
      vertex -13.4343 8.00987 7.652
      vertex -13.8036 21.9901 7.47823
      vertex -13.8036 8.00987 7.47823
    endloop
  endfacet
  facet normal -0.535827 0 0.844328
    outer loop
      vertex -13.4343 21.9901 7.652
      vertex -13.0897 8.00987 7.87069
      vertex -13.0897 21.9901 7.87069
    endloop
  endfacet
  facet normal -0.535827 0 0.844328
    outer loop
      vertex -13.0897 8.00987 7.87069
      vertex -13.4343 21.9901 7.652
      vertex -13.4343 8.00987 7.652
    endloop
  endfacet
  facet normal -0.637457 0 -0.770486
    outer loop
      vertex -13.0897 8.00987 13.1293
      vertex -12.7752 21.9901 12.8691
      vertex -12.7752 8.00987 12.8691
    endloop
  endfacet
  facet normal -0.637457 0 -0.770486
    outer loop
      vertex -12.7752 21.9901 12.8691
      vertex -13.0897 8.00987 13.1293
      vertex -13.0897 21.9901 13.1293
    endloop
  endfacet
  facet normal 0.728933 0 -0.684585
    outer loop
      vertex -17.2248 8.00987 12.8691
      vertex -17.5042 21.9901 12.5716
      vertex -17.2248 21.9901 12.8691
    endloop
  endfacet
  facet normal 0.728933 0 -0.684585
    outer loop
      vertex -17.5042 21.9901 12.5716
      vertex -17.2248 8.00987 12.8691
      vertex -17.5042 8.00987 12.5716
    endloop
  endfacet
  facet normal 0.308942 0 -0.951081
    outer loop
      vertex -16.1964 8.00987 13.5218
      vertex -15.8082 21.9901 13.6479
      vertex -15.8082 8.00987 13.6479
    endloop
  endfacet
  facet normal 0.308942 0 -0.951081
    outer loop
      vertex -15.8082 21.9901 13.6479
      vertex -16.1964 8.00987 13.5218
      vertex -16.1964 21.9901 13.5218
    endloop
  endfacet
  facet normal -0.309009 0 0.951059
    outer loop
      vertex -14.1918 21.9901 7.3521
      vertex -13.8036 8.00987 7.47823
      vertex -13.8036 21.9901 7.47823
    endloop
  endfacet
  facet normal -0.309009 0 0.951059
    outer loop
      vertex -13.8036 8.00987 7.47823
      vertex -14.1918 21.9901 7.3521
      vertex -14.1918 8.00987 7.3521
    endloop
  endfacet
  facet normal -0.637399 0 0.770534
    outer loop
      vertex -13.0897 21.9901 7.87069
      vertex -12.7752 8.00987 8.13085
      vertex -12.7752 21.9901 8.13085
    endloop
  endfacet
  facet normal -0.637399 0 0.770534
    outer loop
      vertex -12.7752 8.00987 8.13085
      vertex -13.0897 21.9901 7.87069
      vertex -13.0897 8.00987 7.87069
    endloop
  endfacet
  facet normal -0.728956 0 0.68456
    outer loop
      vertex -12.7752 8.00987 8.13085
      vertex -12.4958 21.9901 8.42837
      vertex -12.7752 21.9901 8.13085
    endloop
  endfacet
  facet normal -0.728956 0 0.68456
    outer loop
      vertex -12.4958 21.9901 8.42837
      vertex -12.7752 8.00987 8.13085
      vertex -12.4958 8.00987 8.42837
    endloop
  endfacet
  facet normal -1 0 0
    outer loop
      vertex -11.7564 8.00987 10.2959
      vertex -11.7564 21.9901 10.7041
      vertex -11.7564 21.9901 10.2959
    endloop
  endfacet
  facet normal -1 -0 0
    outer loop
      vertex -11.7564 21.9901 10.7041
      vertex -11.7564 8.00987 10.2959
      vertex -11.7564 8.00987 10.7041
    endloop
  endfacet
  facet normal -0.809014 0 0.58779
    outer loop
      vertex -12.4958 8.00987 8.42837
      vertex -12.2559 21.9901 8.75856
      vertex -12.4958 21.9901 8.42837
    endloop
  endfacet
  facet normal -0.809014 0 0.58779
    outer loop
      vertex -12.2559 21.9901 8.75856
      vertex -12.4958 8.00987 8.42837
      vertex -12.2559 8.00987 8.75856
    endloop
  endfacet
  facet normal -0.0627292 0 -0.998031
    outer loop
      vertex -15 8.00987 13.75
      vertex -14.5927 21.9901 13.7244
      vertex -14.5927 8.00987 13.7244
    endloop
  endfacet
  facet normal -0.0627292 0 -0.998031
    outer loop
      vertex -14.5927 21.9901 13.7244
      vertex -15 8.00987 13.75
      vertex -15 21.9901 13.75
    endloop
  endfacet
  facet normal -0.308942 0 -0.951081
    outer loop
      vertex -14.1918 8.00987 13.6479
      vertex -13.8036 21.9901 13.5218
      vertex -13.8036 8.00987 13.5218
    endloop
  endfacet
  facet normal -0.308942 0 -0.951081
    outer loop
      vertex -13.8036 21.9901 13.5218
      vertex -14.1918 8.00987 13.6479
      vertex -14.1918 21.9901 13.6479
    endloop
  endfacet
  facet normal -0.9921 0 -0.125452
    outer loop
      vertex -11.7564 8.00987 10.7041
      vertex -11.8076 21.9901 11.109
      vertex -11.7564 21.9901 10.7041
    endloop
  endfacet
  facet normal -0.9921 -0 -0.125452
    outer loop
      vertex -11.8076 21.9901 11.109
      vertex -11.7564 8.00987 10.7041
      vertex -11.8076 8.00987 11.109
    endloop
  endfacet
  facet normal -0.876299 0 -0.481768
    outer loop
      vertex -12.0593 8.00987 11.8838
      vertex -12.2559 21.9901 12.2414
      vertex -12.0593 21.9901 11.8838
    endloop
  endfacet
  facet normal -0.876299 -0 -0.481768
    outer loop
      vertex -12.2559 21.9901 12.2414
      vertex -12.0593 8.00987 11.8838
      vertex -12.2559 8.00987 12.2414
    endloop
  endfacet
  facet normal 0.0628024 0 0.998026
    outer loop
      vertex -15.4073 21.9901 7.27563
      vertex -15 8.00987 7.25
      vertex -15 21.9901 7.25
    endloop
  endfacet
  facet normal 0.0628024 0 0.998026
    outer loop
      vertex -15 8.00987 7.25
      vertex -15.4073 21.9901 7.27563
      vertex -15.4073 8.00987 7.27563
    endloop
  endfacet
  facet normal 0.309009 0 0.951059
    outer loop
      vertex -16.1964 21.9901 7.47823
      vertex -15.8082 8.00987 7.3521
      vertex -15.8082 21.9901 7.3521
    endloop
  endfacet
  facet normal 0.309009 0 0.951059
    outer loop
      vertex -15.8082 8.00987 7.3521
      vertex -16.1964 21.9901 7.47823
      vertex -16.1964 8.00987 7.47823
    endloop
  endfacet
  facet normal 0.535827 0 0.844328
    outer loop
      vertex -16.9103 21.9901 7.87069
      vertex -16.5657 8.00987 7.652
      vertex -16.5657 21.9901 7.652
    endloop
  endfacet
  facet normal 0.535827 0 0.844328
    outer loop
      vertex -16.5657 8.00987 7.652
      vertex -16.9103 21.9901 7.87069
      vertex -16.9103 8.00987 7.87069
    endloop
  endfacet
  facet normal 0.187439 0 -0.982276
    outer loop
      vertex -15.8082 8.00987 13.6479
      vertex -15.4073 21.9901 13.7244
      vertex -15.4073 8.00987 13.7244
    endloop
  endfacet
  facet normal 0.187439 0 -0.982276
    outer loop
      vertex -15.4073 21.9901 13.7244
      vertex -15.8082 8.00987 13.6479
      vertex -15.8082 21.9901 13.6479
    endloop
  endfacet
  facet normal 1 -0 0
    outer loop
      vertex -18.2436 8.00987 10.7041
      vertex -18.2436 21.9901 10.2959
      vertex -18.2436 21.9901 10.7041
    endloop
  endfacet
  facet normal 1 0 0
    outer loop
      vertex -18.2436 21.9901 10.2959
      vertex -18.2436 8.00987 10.7041
      vertex -18.2436 8.00987 10.2959
    endloop
  endfacet
  facet normal 0.992099 -0 0.125455
    outer loop
      vertex -18.2436 8.00987 10.2959
      vertex -18.1924 21.9901 9.89101
      vertex -18.2436 21.9901 10.2959
    endloop
  endfacet
  facet normal 0.992099 0 0.125455
    outer loop
      vertex -18.1924 21.9901 9.89101
      vertex -18.2436 8.00987 10.2959
      vertex -18.1924 8.00987 9.89101
    endloop
  endfacet
  facet normal 0.809014 -0 0.58779
    outer loop
      vertex -17.7441 8.00987 8.75856
      vertex -17.5042 21.9901 8.42837
      vertex -17.7441 21.9901 8.75856
    endloop
  endfacet
  facet normal 0.809014 0 0.58779
    outer loop
      vertex -17.5042 21.9901 8.42837
      vertex -17.7441 8.00987 8.75856
      vertex -17.5042 8.00987 8.42837
    endloop
  endfacet
  facet normal -0.187368 0 0.98229
    outer loop
      vertex -14.5927 21.9901 7.27563
      vertex -14.1918 8.00987 7.3521
      vertex -14.1918 21.9901 7.3521
    endloop
  endfacet
  facet normal -0.187368 0 0.98229
    outer loop
      vertex -14.1918 8.00987 7.3521
      vertex -14.5927 21.9901 7.27563
      vertex -14.5927 8.00987 7.27563
    endloop
  endfacet
  facet normal -0.992099 0 0.125455
    outer loop
      vertex -11.8076 8.00987 9.89101
      vertex -11.7564 21.9901 10.2959
      vertex -11.8076 21.9901 9.89101
    endloop
  endfacet
  facet normal -0.992099 0 0.125455
    outer loop
      vertex -11.7564 21.9901 10.2959
      vertex -11.8076 8.00987 9.89101
      vertex -11.7564 8.00987 10.2959
    endloop
  endfacet
  facet normal -0.876333 0 0.481706
    outer loop
      vertex -12.2559 8.00987 8.75856
      vertex -12.0593 21.9901 9.11622
      vertex -12.2559 21.9901 8.75856
    endloop
  endfacet
  facet normal -0.876333 0 0.481706
    outer loop
      vertex -12.0593 21.9901 9.11622
      vertex -12.2559 8.00987 8.75856
      vertex -12.0593 8.00987 9.11622
    endloop
  endfacet
  facet normal -0.929812 0 0.368034
    outer loop
      vertex -12.0593 8.00987 9.11622
      vertex -11.9091 21.9901 9.49569
      vertex -12.0593 21.9901 9.11622
    endloop
  endfacet
  facet normal -0.929812 0 0.368034
    outer loop
      vertex -11.9091 21.9901 9.49569
      vertex -12.0593 8.00987 9.11622
      vertex -11.9091 8.00987 9.49569
    endloop
  endfacet
  facet normal -0.187439 0 -0.982276
    outer loop
      vertex -14.5927 8.00987 13.7244
      vertex -14.1918 21.9901 13.6479
      vertex -14.1918 8.00987 13.6479
    endloop
  endfacet
  facet normal -0.187439 0 -0.982276
    outer loop
      vertex -14.1918 21.9901 13.6479
      vertex -14.5927 8.00987 13.7244
      vertex -14.5927 21.9901 13.7244
    endloop
  endfacet
  facet normal -0.535845 0 -0.844317
    outer loop
      vertex -13.4343 8.00987 13.348
      vertex -13.0897 21.9901 13.1293
      vertex -13.0897 8.00987 13.1293
    endloop
  endfacet
  facet normal -0.535845 0 -0.844317
    outer loop
      vertex -13.0897 21.9901 13.1293
      vertex -13.4343 8.00987 13.348
      vertex -13.4343 21.9901 13.348
    endloop
  endfacet
  facet normal -0.968581 0 -0.2487
    outer loop
      vertex -11.8076 8.00987 11.109
      vertex -11.9091 21.9901 11.5043
      vertex -11.8076 21.9901 11.109
    endloop
  endfacet
  facet normal -0.968581 -0 -0.2487
    outer loop
      vertex -11.9091 21.9901 11.5043
      vertex -11.8076 8.00987 11.109
      vertex -11.9091 8.00987 11.5043
    endloop
  endfacet
  facet normal -0.809022 0 -0.587778
    outer loop
      vertex -12.2559 8.00987 12.2414
      vertex -12.4958 21.9901 12.5716
      vertex -12.2559 21.9901 12.2414
    endloop
  endfacet
  facet normal -0.809022 -0 -0.587778
    outer loop
      vertex -12.4958 21.9901 12.5716
      vertex -12.2559 8.00987 12.2414
      vertex -12.4958 8.00987 12.5716
    endloop
  endfacet
  facet normal -0.728933 0 -0.684585
    outer loop
      vertex -12.4958 8.00987 12.5716
      vertex -12.7752 21.9901 12.8691
      vertex -12.4958 21.9901 12.5716
    endloop
  endfacet
  facet normal -0.728933 -0 -0.684585
    outer loop
      vertex -12.7752 21.9901 12.8691
      vertex -12.4958 8.00987 12.5716
      vertex -12.7752 8.00987 12.8691
    endloop
  endfacet
  facet normal 0.187368 0 0.98229
    outer loop
      vertex -15.8082 21.9901 7.3521
      vertex -15.4073 8.00987 7.27563
      vertex -15.4073 21.9901 7.27563
    endloop
  endfacet
  facet normal 0.187368 0 0.98229
    outer loop
      vertex -15.4073 8.00987 7.27563
      vertex -15.8082 21.9901 7.3521
      vertex -15.8082 8.00987 7.3521
    endloop
  endfacet
  facet normal 0.42576 0 0.904836
    outer loop
      vertex -16.5657 21.9901 7.652
      vertex -16.1964 8.00987 7.47823
      vertex -16.1964 21.9901 7.47823
    endloop
  endfacet
  facet normal 0.42576 0 0.904836
    outer loop
      vertex -16.1964 8.00987 7.47823
      vertex -16.5657 21.9901 7.652
      vertex -16.5657 8.00987 7.652
    endloop
  endfacet
  facet normal 0.0627292 0 -0.998031
    outer loop
      vertex -15.4073 8.00987 13.7244
      vertex -15 21.9901 13.75
      vertex -15 8.00987 13.75
    endloop
  endfacet
  facet normal 0.0627292 0 -0.998031
    outer loop
      vertex -15 21.9901 13.75
      vertex -15.4073 8.00987 13.7244
      vertex -15.4073 21.9901 13.7244
    endloop
  endfacet
  facet normal 0.637457 0 -0.770486
    outer loop
      vertex -17.2248 8.00987 12.8691
      vertex -16.9103 21.9901 13.1293
      vertex -16.9103 8.00987 13.1293
    endloop
  endfacet
  facet normal 0.637457 0 -0.770486
    outer loop
      vertex -16.9103 21.9901 13.1293
      vertex -17.2248 8.00987 12.8691
      vertex -17.2248 21.9901 12.8691
    endloop
  endfacet
  facet normal 0.968584 -0 0.248688
    outer loop
      vertex -18.1924 8.00987 9.89101
      vertex -18.0909 21.9901 9.49569
      vertex -18.1924 21.9901 9.89101
    endloop
  endfacet
  facet normal 0.968584 0 0.248688
    outer loop
      vertex -18.0909 21.9901 9.49569
      vertex -18.1924 8.00987 9.89101
      vertex -18.0909 8.00987 9.49569
    endloop
  endfacet
  facet normal 0.876333 -0 0.481706
    outer loop
      vertex -17.9407 8.00987 9.11622
      vertex -17.7441 21.9901 8.75856
      vertex -17.9407 21.9901 9.11622
    endloop
  endfacet
  facet normal 0.876333 0 0.481706
    outer loop
      vertex -17.7441 21.9901 8.75856
      vertex -17.9407 8.00987 9.11622
      vertex -17.7441 8.00987 8.75856
    endloop
  endfacet
  facet normal 0.929822 0 -0.368009
    outer loop
      vertex -17.9407 8.00987 11.8838
      vertex -18.0909 21.9901 11.5043
      vertex -17.9407 21.9901 11.8838
    endloop
  endfacet
  facet normal 0.929822 0 -0.368009
    outer loop
      vertex -18.0909 21.9901 11.5043
      vertex -17.9407 8.00987 11.8838
      vertex -18.0909 8.00987 11.5043
    endloop
  endfacet
  facet normal 0.809022 0 -0.587778
    outer loop
      vertex -17.5042 8.00987 12.5716
      vertex -17.7441 21.9901 12.2414
      vertex -17.5042 21.9901 12.5716
    endloop
  endfacet
  facet normal 0.809022 0 -0.587778
    outer loop
      vertex -17.7441 21.9901 12.2414
      vertex -17.5042 8.00987 12.5716
      vertex -17.7441 8.00987 12.2414
    endloop
  endfacet
  facet normal 0.876299 0 -0.481768
    outer loop
      vertex -17.7441 8.00987 12.2414
      vertex -17.9407 21.9901 11.8838
      vertex -17.7441 21.9901 12.2414
    endloop
  endfacet
  facet normal 0.876299 0 -0.481768
    outer loop
      vertex -17.9407 21.9901 11.8838
      vertex -17.7441 8.00987 12.2414
      vertex -17.9407 8.00987 11.8838
    endloop
  endfacet
  facet normal 0.9921 0 -0.125452
    outer loop
      vertex -18.1924 8.00987 11.109
      vertex -18.2436 21.9901 10.7041
      vertex -18.1924 21.9901 11.109
    endloop
  endfacet
  facet normal 0.9921 0 -0.125452
    outer loop
      vertex -18.2436 21.9901 10.7041
      vertex -18.1924 8.00987 11.109
      vertex -18.2436 8.00987 10.7041
    endloop
  endfacet
  facet normal 0.535845 0 -0.844317
    outer loop
      vertex -16.9103 8.00987 13.1293
      vertex -16.5657 21.9901 13.348
      vertex -16.5657 8.00987 13.348
    endloop
  endfacet
  facet normal 0.535845 0 -0.844317
    outer loop
      vertex -16.5657 21.9901 13.348
      vertex -16.9103 8.00987 13.1293
      vertex -16.9103 21.9901 13.1293
    endloop
  endfacet
  facet normal 0.425821 0 -0.904808
    outer loop
      vertex -16.5657 8.00987 13.348
      vertex -16.1964 21.9901 13.5218
      vertex -16.1964 8.00987 13.5218
    endloop
  endfacet
  facet normal 0.425821 0 -0.904808
    outer loop
      vertex -16.1964 21.9901 13.5218
      vertex -16.5657 8.00987 13.348
      vertex -16.5657 21.9901 13.348
    endloop
  endfacet
  facet normal 0.929812 -0 0.368034
    outer loop
      vertex -18.0909 8.00987 9.49569
      vertex -17.9407 21.9901 9.11622
      vertex -18.0909 21.9901 9.49569
    endloop
  endfacet
  facet normal 0.929812 0 0.368034
    outer loop
      vertex -17.9407 21.9901 9.11622
      vertex -18.0909 8.00987 9.49569
      vertex -17.9407 8.00987 9.11622
    endloop
  endfacet
  facet normal 0.728956 -0 0.68456
    outer loop
      vertex -17.5042 8.00987 8.42837
      vertex -17.2248 21.9901 8.13085
      vertex -17.5042 21.9901 8.42837
    endloop
  endfacet
  facet normal 0.728956 0 0.68456
    outer loop
      vertex -17.2248 21.9901 8.13085
      vertex -17.5042 8.00987 8.42837
      vertex -17.2248 8.00987 8.13085
    endloop
  endfacet
  facet normal 0.637399 0 0.770534
    outer loop
      vertex -17.2248 21.9901 8.13085
      vertex -16.9103 8.00987 7.87069
      vertex -16.9103 21.9901 7.87069
    endloop
  endfacet
  facet normal 0.637399 0 0.770534
    outer loop
      vertex -16.9103 8.00987 7.87069
      vertex -17.2248 21.9901 8.13085
      vertex -17.2248 8.00987 8.13085
    endloop
  endfacet
  facet normal 0.968581 0 -0.2487
    outer loop
      vertex -18.0909 8.00987 11.5043
      vertex -18.1924 21.9901 11.109
      vertex -18.0909 21.9901 11.5043
    endloop
  endfacet
  facet normal 0.968581 0 -0.2487
    outer loop
      vertex -18.1924 21.9901 11.109
      vertex -18.0909 8.00987 11.5043
      vertex -18.1924 8.00987 11.109
    endloop
  endfacet
endsolid OpenSCAD_Model
