solid OpenSCAD_Model
  facet normal -1 0 0
    outer loop
      vertex -74.5 37.5 0
      vertex -74.5 17.7446 6.82733
      vertex -74.5 37.5 11
    endloop
  endfacet
  facet normal -1 0 0
    outer loop
      vertex -74.5 37.5 0
      vertex -74.5 17.7013 6.4847
      vertex -74.5 17.7446 6.82733
    endloop
  endfacet
  facet normal -1 0 0
    outer loop
      vertex -74.5 37.5 0
      vertex -74.5 17.6154 6.1502
      vertex -74.5 17.7013 6.4847
    endloop
  endfacet
  facet normal -1 0 0
    outer loop
      vertex -74.5 37.5 0
      vertex -74.5 17.4883 5.82911
      vertex -74.5 17.6154 6.1502
    endloop
  endfacet
  facet normal -1 0 0
    outer loop
      vertex -74.5 37.5 0
      vertex -74.5 17.3219 5.52648
      vertex -74.5 17.4883 5.82911
    endloop
  endfacet
  facet normal -1 0 0
    outer loop
      vertex -74.5 37.5 0
      vertex -74.5 17.1189 5.24708
      vertex -74.5 17.3219 5.52648
    endloop
  endfacet
  facet normal -1 0 0
    outer loop
      vertex -74.5 37.5 0
      vertex -74.5 16.8825 4.99534
      vertex -74.5 17.1189 5.24708
    endloop
  endfacet
  facet normal -1 0 0
    outer loop
      vertex -74.5 37.5 0
      vertex -74.5 16.6164 4.7752
      vertex -74.5 16.8825 4.99534
    endloop
  endfacet
  facet normal -1 0 0
    outer loop
      vertex -74.5 37.5 0
      vertex -74.5 16.3248 4.59016
      vertex -74.5 16.6164 4.7752
    endloop
  endfacet
  facet normal -1 0 0
    outer loop
      vertex -74.5 37.5 0
      vertex -74.5 16.0123 4.44312
      vertex -74.5 16.3248 4.59016
    endloop
  endfacet
  facet normal -1 0 0
    outer loop
      vertex -74.5 37.5 0
      vertex -74.5 15.6839 4.3364
      vertex -74.5 16.0123 4.44312
    endloop
  endfacet
  facet normal -1 0 0
    outer loop
      vertex -74.5 37.5 0
      vertex -74.5 15.3447 4.27168
      vertex -74.5 15.6839 4.3364
    endloop
  endfacet
  facet normal -1 0 0
    outer loop
      vertex -74.5 37.5 0
      vertex -74.5 15 4.25
      vertex -74.5 15.3447 4.27168
    endloop
  endfacet
  facet normal -1 0 0
    outer loop
      vertex -74.5 37.5 0
      vertex -74.5 14.6553 4.27168
      vertex -74.5 15 4.25
    endloop
  endfacet
  facet normal -1 0 0
    outer loop
      vertex -74.5 12.2554 6.82733
      vertex -74.5 -27.2554 6.82733
      vertex -74.5 12.2554 7.17267
    endloop
  endfacet
  facet normal -1 0 0
    outer loop
      vertex -74.5 12.2987 6.4847
      vertex -74.5 -27.2554 6.82733
      vertex -74.5 12.2554 6.82733
    endloop
  endfacet
  facet normal -1 0 0
    outer loop
      vertex -74.5 -27.2987 6.4847
      vertex -74.5 12.2987 6.4847
      vertex -74.5 12.3846 6.1502
    endloop
  endfacet
  facet normal -1 0 0
    outer loop
      vertex -74.5 -27.3846 6.1502
      vertex -74.5 12.3846 6.1502
      vertex -74.5 12.5117 5.82911
    endloop
  endfacet
  facet normal -1 0 0
    outer loop
      vertex -74.5 -27.5117 5.82911
      vertex -74.5 12.5117 5.82911
      vertex -74.5 12.6781 5.52648
    endloop
  endfacet
  facet normal -1 0 0
    outer loop
      vertex -74.5 -27.6781 5.52648
      vertex -74.5 12.6781 5.52648
      vertex -74.5 12.8811 5.24708
    endloop
  endfacet
  facet normal -1 0 0
    outer loop
      vertex -74.5 -27.8811 5.24708
      vertex -74.5 12.8811 5.24708
      vertex -74.5 13.1175 4.99534
    endloop
  endfacet
  facet normal -1 0 0
    outer loop
      vertex -74.5 -32 0
      vertex -74.5 13.1175 4.99534
      vertex -74.5 13.3836 4.7752
    endloop
  endfacet
  facet normal -1 0 0
    outer loop
      vertex -74.5 -32 0
      vertex -74.5 13.3836 4.7752
      vertex -74.5 13.6752 4.59016
    endloop
  endfacet
  facet normal -1 0 0
    outer loop
      vertex -74.5 -32 0
      vertex -74.5 13.6752 4.59016
      vertex -74.5 13.9877 4.44312
    endloop
  endfacet
  facet normal -1 0 0
    outer loop
      vertex -74.5 -32 0
      vertex -74.5 13.9877 4.44312
      vertex -74.5 14.3161 4.3364
    endloop
  endfacet
  facet normal -1 0 0
    outer loop
      vertex -74.5 -32 0
      vertex -74.5 14.3161 4.3364
      vertex -74.5 14.6553 4.27168
    endloop
  endfacet
  facet normal -1 0 0
    outer loop
      vertex -74.5 -32 0
      vertex -74.5 14.6553 4.27168
      vertex -74.5 37.5 0
    endloop
  endfacet
  facet normal -1 0 0
    outer loop
      vertex -74.5 12.2987 6.4847
      vertex -74.5 -27.2987 6.4847
      vertex -74.5 -27.2554 6.82733
    endloop
  endfacet
  facet normal -1 0 0
    outer loop
      vertex -74.5 12.3846 6.1502
      vertex -74.5 -27.3846 6.1502
      vertex -74.5 -27.2987 6.4847
    endloop
  endfacet
  facet normal -1 0 0
    outer loop
      vertex -74.5 12.5117 5.82911
      vertex -74.5 -27.5117 5.82911
      vertex -74.5 -27.3846 6.1502
    endloop
  endfacet
  facet normal -1 0 0
    outer loop
      vertex -74.5 12.6781 5.52648
      vertex -74.5 -27.6781 5.52648
      vertex -74.5 -27.5117 5.82911
    endloop
  endfacet
  facet normal -1 0 0
    outer loop
      vertex -74.5 12.8811 5.24708
      vertex -74.5 -27.8811 5.24708
      vertex -74.5 -27.6781 5.52648
    endloop
  endfacet
  facet normal -1 -0 0
    outer loop
      vertex -74.5 13.1175 4.99534
      vertex -74.5 -32 0
      vertex -74.5 -28.1175 4.99534
    endloop
  endfacet
  facet normal -1 0 0
    outer loop
      vertex -74.5 13.1175 4.99534
      vertex -74.5 -28.1175 4.99534
      vertex -74.5 -27.8811 5.24708
    endloop
  endfacet
  facet normal -1 0 0
    outer loop
      vertex -74.5 -28.1175 4.99534
      vertex -74.5 -32 0
      vertex -74.5 -28.3836 4.7752
    endloop
  endfacet
  facet normal -1 0 0
    outer loop
      vertex -74.5 -28.3836 4.7752
      vertex -74.5 -32 0
      vertex -74.5 -28.6752 4.59016
    endloop
  endfacet
  facet normal -1 0 0
    outer loop
      vertex -74.5 -28.6752 4.59016
      vertex -74.5 -32 0
      vertex -74.5 -28.9877 4.44312
    endloop
  endfacet
  facet normal -1 0 0
    outer loop
      vertex -74.5 -28.9877 4.44312
      vertex -74.5 -32 0
      vertex -74.5 -29.3161 4.3364
    endloop
  endfacet
  facet normal -1 0 0
    outer loop
      vertex -74.5 -29.3161 4.3364
      vertex -74.5 -32 0
      vertex -74.5 -29.6553 4.27168
    endloop
  endfacet
  facet normal -1 0 0
    outer loop
      vertex -74.5 -29.6553 4.27168
      vertex -74.5 -32 0
      vertex -74.5 -30 4.25
    endloop
  endfacet
  facet normal -1 -0 0
    outer loop
      vertex -74.5 -30 4.25
      vertex -74.5 -32 0
      vertex -74.5 -30.3447 4.27168
    endloop
  endfacet
  facet normal -1 0 0
    outer loop
      vertex -74.5 -32 0
      vertex -74.5 -30.6839 4.3364
      vertex -74.5 -30.3447 4.27168
    endloop
  endfacet
  facet normal -1 0 0
    outer loop
      vertex -74.5 -32 0
      vertex -74.5 -31.0123 4.44312
      vertex -74.5 -30.6839 4.3364
    endloop
  endfacet
  facet normal -1 0 0
    outer loop
      vertex -74.5 -32 0
      vertex -74.5 -31.3248 4.59016
      vertex -74.5 -31.0123 4.44312
    endloop
  endfacet
  facet normal -1 0 0
    outer loop
      vertex -74.5 -32 0
      vertex -74.5 -31.6164 4.7752
      vertex -74.5 -31.3248 4.59016
    endloop
  endfacet
  facet normal -1 0 0
    outer loop
      vertex -74.5 -32 0
      vertex -74.5 -31.8825 4.99534
      vertex -74.5 -31.6164 4.7752
    endloop
  endfacet
  facet normal -1 -0 0
    outer loop
      vertex -74.5 -31.8825 4.99534
      vertex -74.5 -32 0
      vertex -74.5 -32 5.12046
    endloop
  endfacet
  facet normal -1 0 0
    outer loop
      vertex -74.5 37.5 11
      vertex -74.5 50 14
      vertex -74.5 50 11
    endloop
  endfacet
  facet normal -1 0 0
    outer loop
      vertex -74.5 17.7446 7.17267
      vertex -74.5 37.5 11
      vertex -74.5 17.7446 6.82733
    endloop
  endfacet
  facet normal -1 0 0
    outer loop
      vertex -74.5 17.7013 7.5153
      vertex -74.5 37.5 11
      vertex -74.5 17.7446 7.17267
    endloop
  endfacet
  facet normal -1 0 0
    outer loop
      vertex -74.5 17.6154 7.8498
      vertex -74.5 37.5 11
      vertex -74.5 17.7013 7.5153
    endloop
  endfacet
  facet normal -1 0 0
    outer loop
      vertex -74.5 17.4883 8.17089
      vertex -74.5 37.5 11
      vertex -74.5 17.6154 7.8498
    endloop
  endfacet
  facet normal -1 0 0
    outer loop
      vertex -74.5 17.3219 8.47352
      vertex -74.5 37.5 11
      vertex -74.5 17.4883 8.17089
    endloop
  endfacet
  facet normal -1 0 0
    outer loop
      vertex -74.5 17.1189 8.75292
      vertex -74.5 37.5 11
      vertex -74.5 17.3219 8.47352
    endloop
  endfacet
  facet normal -1 0 0
    outer loop
      vertex -74.5 16.8825 9.00466
      vertex -74.5 37.5 11
      vertex -74.5 17.1189 8.75292
    endloop
  endfacet
  facet normal -1 0 0
    outer loop
      vertex -74.5 16.6164 9.2248
      vertex -74.5 37.5 11
      vertex -74.5 16.8825 9.00466
    endloop
  endfacet
  facet normal -1 0 0
    outer loop
      vertex -74.5 16.3248 9.40984
      vertex -74.5 37.5 11
      vertex -74.5 16.6164 9.2248
    endloop
  endfacet
  facet normal -1 0 0
    outer loop
      vertex -74.5 16.0123 9.55688
      vertex -74.5 37.5 11
      vertex -74.5 16.3248 9.40984
    endloop
  endfacet
  facet normal -1 0 0
    outer loop
      vertex -74.5 15.6839 9.6636
      vertex -74.5 37.5 11
      vertex -74.5 16.0123 9.55688
    endloop
  endfacet
  facet normal -1 0 0
    outer loop
      vertex -74.5 15.3447 9.72832
      vertex -74.5 37.5 11
      vertex -74.5 15.6839 9.6636
    endloop
  endfacet
  facet normal -1 -0 0
    outer loop
      vertex -74.5 37.5 11
      vertex -74.5 15.3447 9.72832
      vertex -74.5 50 14
    endloop
  endfacet
  facet normal -1 0 0
    outer loop
      vertex -74.5 15 9.75
      vertex -74.5 50 14
      vertex -74.5 15.3447 9.72832
    endloop
  endfacet
  facet normal -1 0 0
    outer loop
      vertex -74.5 -32 14
      vertex -74.5 15 9.75
      vertex -74.5 14.6553 9.72832
    endloop
  endfacet
  facet normal -1 0 0
    outer loop
      vertex -74.5 -27.2554 7.17267
      vertex -74.5 12.2554 7.17267
      vertex -74.5 -27.2554 6.82733
    endloop
  endfacet
  facet normal -1 0 0
    outer loop
      vertex -74.5 12.2554 7.17267
      vertex -74.5 -27.2554 7.17267
      vertex -74.5 12.2987 7.5153
    endloop
  endfacet
  facet normal -1 0 0
    outer loop
      vertex -74.5 -27.2987 7.5153
      vertex -74.5 12.2987 7.5153
      vertex -74.5 -27.2554 7.17267
    endloop
  endfacet
  facet normal -1 0 0
    outer loop
      vertex -74.5 12.2987 7.5153
      vertex -74.5 -27.2987 7.5153
      vertex -74.5 12.3846 7.8498
    endloop
  endfacet
  facet normal -1 0 0
    outer loop
      vertex -74.5 -27.3846 7.8498
      vertex -74.5 12.3846 7.8498
      vertex -74.5 -27.2987 7.5153
    endloop
  endfacet
  facet normal -1 0 0
    outer loop
      vertex -74.5 12.3846 7.8498
      vertex -74.5 -27.3846 7.8498
      vertex -74.5 12.5117 8.17089
    endloop
  endfacet
  facet normal -1 0 0
    outer loop
      vertex -74.5 -27.5117 8.17089
      vertex -74.5 12.5117 8.17089
      vertex -74.5 -27.3846 7.8498
    endloop
  endfacet
  facet normal -1 0 0
    outer loop
      vertex -74.5 12.5117 8.17089
      vertex -74.5 -27.5117 8.17089
      vertex -74.5 12.6781 8.47352
    endloop
  endfacet
  facet normal -1 0 0
    outer loop
      vertex -74.5 -27.6781 8.47352
      vertex -74.5 12.6781 8.47352
      vertex -74.5 -27.5117 8.17089
    endloop
  endfacet
  facet normal -1 0 0
    outer loop
      vertex -74.5 12.6781 8.47352
      vertex -74.5 -27.6781 8.47352
      vertex -74.5 12.8811 8.75292
    endloop
  endfacet
  facet normal -1 0 0
    outer loop
      vertex -74.5 -27.8811 8.75292
      vertex -74.5 12.8811 8.75292
      vertex -74.5 -27.6781 8.47352
    endloop
  endfacet
  facet normal -1 0 0
    outer loop
      vertex -74.5 12.8811 8.75292
      vertex -74.5 -27.8811 8.75292
      vertex -74.5 13.1175 9.00466
    endloop
  endfacet
  facet normal -1 0 0
    outer loop
      vertex -74.5 -28.1175 9.00466
      vertex -74.5 13.1175 9.00466
      vertex -74.5 -27.8811 8.75292
    endloop
  endfacet
  facet normal -1 0 0
    outer loop
      vertex -74.5 -32 14
      vertex -74.5 13.1175 9.00466
      vertex -74.5 -28.1175 9.00466
    endloop
  endfacet
  facet normal -1 0 0
    outer loop
      vertex -74.5 13.1175 9.00466
      vertex -74.5 -32 14
      vertex -74.5 13.3836 9.2248
    endloop
  endfacet
  facet normal -1 0 0
    outer loop
      vertex -74.5 13.3836 9.2248
      vertex -74.5 -32 14
      vertex -74.5 13.6752 9.40984
    endloop
  endfacet
  facet normal -1 0 0
    outer loop
      vertex -74.5 13.6752 9.40984
      vertex -74.5 -32 14
      vertex -74.5 13.9877 9.55688
    endloop
  endfacet
  facet normal -1 0 0
    outer loop
      vertex -74.5 13.9877 9.55688
      vertex -74.5 -32 14
      vertex -74.5 14.3161 9.6636
    endloop
  endfacet
  facet normal -1 0 0
    outer loop
      vertex -74.5 14.3161 9.6636
      vertex -74.5 -32 14
      vertex -74.5 14.6553 9.72832
    endloop
  endfacet
  facet normal -1 0 0
    outer loop
      vertex -74.5 -32 14
      vertex -74.5 -28.1175 9.00466
      vertex -74.5 -28.3836 9.2248
    endloop
  endfacet
  facet normal -1 0 0
    outer loop
      vertex -74.5 -32 14
      vertex -74.5 -28.3836 9.2248
      vertex -74.5 -28.6752 9.40984
    endloop
  endfacet
  facet normal -1 0 0
    outer loop
      vertex -74.5 -32 14
      vertex -74.5 -28.6752 9.40984
      vertex -74.5 -28.9877 9.55688
    endloop
  endfacet
  facet normal -1 0 0
    outer loop
      vertex -74.5 -32 14
      vertex -74.5 -28.9877 9.55688
      vertex -74.5 -29.3161 9.6636
    endloop
  endfacet
  facet normal -1 0 0
    outer loop
      vertex -74.5 -32 14
      vertex -74.5 -29.3161 9.6636
      vertex -74.5 -29.6553 9.72832
    endloop
  endfacet
  facet normal -1 0 0
    outer loop
      vertex -74.5 -32 14
      vertex -74.5 -29.6553 9.72832
      vertex -74.5 -30 9.75
    endloop
  endfacet
  facet normal -1 0 0
    outer loop
      vertex -74.5 15 9.75
      vertex -74.5 -32 14
      vertex -74.5 50 14
    endloop
  endfacet
  facet normal -1 0 0
    outer loop
      vertex -74.5 -30.3447 9.72832
      vertex -74.5 -32 14
      vertex -74.5 -30 9.75
    endloop
  endfacet
  facet normal -1 0 0
    outer loop
      vertex -74.5 -30.6839 9.6636
      vertex -74.5 -32 14
      vertex -74.5 -30.3447 9.72832
    endloop
  endfacet
  facet normal -1 0 0
    outer loop
      vertex -74.5 -31.0123 9.55688
      vertex -74.5 -32 14
      vertex -74.5 -30.6839 9.6636
    endloop
  endfacet
  facet normal -1 0 0
    outer loop
      vertex -74.5 -31.3248 9.40984
      vertex -74.5 -32 14
      vertex -74.5 -31.0123 9.55688
    endloop
  endfacet
  facet normal -1 0 0
    outer loop
      vertex -74.5 -31.6164 9.2248
      vertex -74.5 -32 14
      vertex -74.5 -31.3248 9.40984
    endloop
  endfacet
  facet normal -1 0 0
    outer loop
      vertex -74.5 -31.8825 9.00466
      vertex -74.5 -32 14
      vertex -74.5 -31.6164 9.2248
    endloop
  endfacet
  facet normal -1 0 0
    outer loop
      vertex -74.5 -32 14
      vertex -74.5 -31.8825 9.00466
      vertex -74.5 -32 8.87954
    endloop
  endfacet
  facet normal 0.99803 0.0627451 0
    outer loop
      vertex 74.5 50 14
      vertex 74.4606 50.6267 11
      vertex 74.4606 50.6267 14
    endloop
  endfacet
  facet normal 0.99803 0.0627451 0
    outer loop
      vertex 74.4606 50.6267 11
      vertex 74.5 50 14
      vertex 74.5 50 11
    endloop
  endfacet
  facet normal 0 0 1
    outer loop
      vertex 69.8139 54.9901 14
      vertex 74.5 50 14
      vertex 74.4606 50.6267 14
    endloop
  endfacet
  facet normal 0 0 1
    outer loop
      vertex 56.4434 44.3321 14
      vertex 74.5 50 14
      vertex 56.684 44.8434 14
    endloop
  endfacet
  facet normal 0 0 1
    outer loop
      vertex 69.8139 54.9901 14
      vertex 74.4606 50.6267 14
      vertex 74.3429 51.2435 14
    endloop
  endfacet
  facet normal 0 0 1
    outer loop
      vertex 74.5 50 14
      vertex 56.4434 44.3321 14
      vertex 74.5 28 14
    endloop
  endfacet
  facet normal 0 0 1
    outer loop
      vertex 69.8139 54.9901 14
      vertex 74.3429 51.2435 14
      vertex 74.1489 51.8406 14
    endloop
  endfacet
  facet normal -0 0 1
    outer loop
      vertex 56.1406 43.855 14
      vertex 74.5 28 14
      vertex 56.4434 44.3321 14
    endloop
  endfacet
  facet normal 0 0 1
    outer loop
      vertex 69.8139 54.9901 14
      vertex 74.1489 51.8406 14
      vertex 73.8815 52.4088 14
    endloop
  endfacet
  facet normal -0 0 1
    outer loop
      vertex 55.7804 43.4195 14
      vertex 74.5 28 14
      vertex 56.1406 43.855 14
    endloop
  endfacet
  facet normal 0 0 1
    outer loop
      vertex 69.8139 54.9901 14
      vertex 73.8815 52.4088 14
      vertex 73.5451 52.9389 14
    endloop
  endfacet
  facet normal -0 0 1
    outer loop
      vertex 55.3684 43.0327 14
      vertex 74.5 28 14
      vertex 55.7804 43.4195 14
    endloop
  endfacet
  facet normal 0 0 1
    outer loop
      vertex 69.8139 54.9901 14
      vertex 73.5451 52.9389 14
      vertex 73.1448 53.4227 14
    endloop
  endfacet
  facet normal 0 -0 1
    outer loop
      vertex 69.8139 23.0099 14
      vertex 74.5 28 14
      vertex 68.9834 23.0099 14
    endloop
  endfacet
  facet normal 0 0 1
    outer loop
      vertex 69.8139 54.9901 14
      vertex 73.1448 53.4227 14
      vertex 72.6871 53.8526 14
    endloop
  endfacet
  facet normal 0 0 1
    outer loop
      vertex 74.5 28 14
      vertex 69.8139 23.0099 14
      vertex 74.4606 27.3733 14
    endloop
  endfacet
  facet normal 0 0 1
    outer loop
      vertex 69.8139 54.9901 14
      vertex 72.6871 53.8526 14
      vertex 72.1791 54.2216 14
    endloop
  endfacet
  facet normal 0 0 1
    outer loop
      vertex 74.4606 27.3733 14
      vertex 69.8139 23.0099 14
      vertex 74.3429 26.7565 14
    endloop
  endfacet
  facet normal 0 0 1
    outer loop
      vertex 69.8139 54.9901 14
      vertex 72.1791 54.2216 14
      vertex 71.6289 54.5241 14
    endloop
  endfacet
  facet normal 0 0 1
    outer loop
      vertex 74.1489 26.1594 14
      vertex 69.8139 23.0099 14
      vertex 73.8815 25.5912 14
    endloop
  endfacet
  facet normal 0 0 1
    outer loop
      vertex 69.8139 54.9901 14
      vertex 71.6289 54.5241 14
      vertex 71.0451 54.7553 14
    endloop
  endfacet
  facet normal 0 0 1
    outer loop
      vertex 73.8815 25.5912 14
      vertex 69.8139 23.0099 14
      vertex 73.5451 25.0611 14
    endloop
  endfacet
  facet normal 0 0 1
    outer loop
      vertex 69.8139 54.9901 14
      vertex 71.0451 54.7553 14
      vertex 70.4369 54.9114 14
    endloop
  endfacet
  facet normal 0 0 1
    outer loop
      vertex 73.5451 25.0611 14
      vertex 69.8139 23.0099 14
      vertex 73.1448 24.5773 14
    endloop
  endfacet
  facet normal 0 0 1
    outer loop
      vertex 74.5 50 14
      vertex 69.8139 54.9901 14
      vertex 57 46.5 14
    endloop
  endfacet
  facet normal 0 0 1
    outer loop
      vertex 72.6871 24.1474 14
      vertex 69.8139 23.0099 14
      vertex 72.1791 23.7784 14
    endloop
  endfacet
  facet normal 0 0 1
    outer loop
      vertex 72.1791 23.7784 14
      vertex 69.8139 23.0099 14
      vertex 71.6289 23.4759 14
    endloop
  endfacet
  facet normal 0 0 1
    outer loop
      vertex 74.5 50 14
      vertex 57 46.5 14
      vertex 56.9645 45.936 14
    endloop
  endfacet
  facet normal 0 0 1
    outer loop
      vertex 69.8139 54.9901 14
      vertex 56.9645 47.064 14
      vertex 57 46.5 14
    endloop
  endfacet
  facet normal 0 0 1
    outer loop
      vertex 69.8139 54.9901 14
      vertex 56.8586 47.6191 14
      vertex 56.9645 47.064 14
    endloop
  endfacet
  facet normal 0 0 1
    outer loop
      vertex 69.8139 54.9901 14
      vertex 56.684 48.1566 14
      vertex 56.8586 47.6191 14
    endloop
  endfacet
  facet normal 0 0 1
    outer loop
      vertex 69.8139 54.9901 14
      vertex 56.4434 48.6679 14
      vertex 56.684 48.1566 14
    endloop
  endfacet
  facet normal 0 0 1
    outer loop
      vertex 69.8139 54.9901 14
      vertex 56.1406 49.145 14
      vertex 56.4434 48.6679 14
    endloop
  endfacet
  facet normal 0 0 1
    outer loop
      vertex 69.8139 54.9901 14
      vertex 55.7804 49.5805 14
      vertex 56.1406 49.145 14
    endloop
  endfacet
  facet normal 0 0 1
    outer loop
      vertex 69.8139 54.9901 14
      vertex 55.3684 49.9673 14
      vertex 55.7804 49.5805 14
    endloop
  endfacet
  facet normal 0 0 1
    outer loop
      vertex 69.8139 54.9901 14
      vertex 54.9112 50.2995 14
      vertex 55.3684 49.9673 14
    endloop
  endfacet
  facet normal 0 0 1
    outer loop
      vertex 69.8139 54.9901 14
      vertex 54.416 50.5717 14
      vertex 54.9112 50.2995 14
    endloop
  endfacet
  facet normal 0 0 1
    outer loop
      vertex 69.8139 54.9901 14
      vertex 53.8906 50.7798 14
      vertex 54.416 50.5717 14
    endloop
  endfacet
  facet normal 0 0 1
    outer loop
      vertex 69.8139 54.9901 14
      vertex 53.3432 50.9203 14
      vertex 53.8906 50.7798 14
    endloop
  endfacet
  facet normal 0 0 1
    outer loop
      vertex 69.8139 54.9901 14
      vertex 52.7826 50.9911 14
      vertex 53.3432 50.9203 14
    endloop
  endfacet
  facet normal 0 0 1
    outer loop
      vertex 69.8139 54.9901 14
      vertex 52.2174 50.9911 14
      vertex 52.7826 50.9911 14
    endloop
  endfacet
  facet normal 0 0 1
    outer loop
      vertex 69.8139 54.9901 14
      vertex 51.6568 50.9203 14
      vertex 52.2174 50.9911 14
    endloop
  endfacet
  facet normal 0 0 1
    outer loop
      vertex 48.0355 47.064 14
      vertex 34.561 23.0099 14
      vertex 48 46.5 14
    endloop
  endfacet
  facet normal 0 0 1
    outer loop
      vertex 48.1414 47.6191 14
      vertex 34.561 23.0099 14
      vertex 48.0355 47.064 14
    endloop
  endfacet
  facet normal 0 0 1
    outer loop
      vertex -48.1414 47.6191 14
      vertex 48.1414 47.6191 14
      vertex 48.316 48.1566 14
    endloop
  endfacet
  facet normal 0 0 1
    outer loop
      vertex -48.316 48.1566 14
      vertex 48.316 48.1566 14
      vertex 48.5566 48.6679 14
    endloop
  endfacet
  facet normal 0 0 1
    outer loop
      vertex 48.1414 47.6191 14
      vertex -48.1414 47.6191 14
      vertex 34.561 23.0099 14
    endloop
  endfacet
  facet normal 0 0 1
    outer loop
      vertex -48.5566 48.6679 14
      vertex 48.5566 48.6679 14
      vertex 48.8594 49.145 14
    endloop
  endfacet
  facet normal 0 0 1
    outer loop
      vertex -48.8594 49.145 14
      vertex 48.8594 49.145 14
      vertex 49.2196 49.5805 14
    endloop
  endfacet
  facet normal 0 0 1
    outer loop
      vertex -49.2196 49.5805 14
      vertex 49.2196 49.5805 14
      vertex 49.6316 49.9673 14
    endloop
  endfacet
  facet normal 0 0 1
    outer loop
      vertex -49.6316 49.9673 14
      vertex 49.6316 49.9673 14
      vertex 50.0888 50.2995 14
    endloop
  endfacet
  facet normal 0 0 1
    outer loop
      vertex -50.0888 50.2995 14
      vertex 50.0888 50.2995 14
      vertex 50.584 50.5717 14
    endloop
  endfacet
  facet normal 0 0 1
    outer loop
      vertex -50.584 50.5717 14
      vertex 50.584 50.5717 14
      vertex 51.1094 50.7798 14
    endloop
  endfacet
  facet normal 0 0 1
    outer loop
      vertex -51.1094 50.7798 14
      vertex 51.1094 50.7798 14
      vertex 51.6568 50.9203 14
    endloop
  endfacet
  facet normal 0 0 1
    outer loop
      vertex -51.6568 50.9203 14
      vertex 51.6568 50.9203 14
      vertex 69.8139 54.9901 14
    endloop
  endfacet
  facet normal 0 0 1
    outer loop
      vertex 34.561 23.0099 14
      vertex -48.0355 47.064 14
      vertex -48 46.5 14
    endloop
  endfacet
  facet normal 0 0 1
    outer loop
      vertex 34.561 23.0099 14
      vertex -48.1414 47.6191 14
      vertex -48.0355 47.064 14
    endloop
  endfacet
  facet normal 0 0 1
    outer loop
      vertex 48.316 48.1566 14
      vertex -48.316 48.1566 14
      vertex -48.1414 47.6191 14
    endloop
  endfacet
  facet normal 0 0 1
    outer loop
      vertex 48.5566 48.6679 14
      vertex -48.5566 48.6679 14
      vertex -48.316 48.1566 14
    endloop
  endfacet
  facet normal 0 0 1
    outer loop
      vertex 48.8594 49.145 14
      vertex -48.8594 49.145 14
      vertex -48.5566 48.6679 14
    endloop
  endfacet
  facet normal 0 0 1
    outer loop
      vertex 49.2196 49.5805 14
      vertex -49.2196 49.5805 14
      vertex -48.8594 49.145 14
    endloop
  endfacet
  facet normal 0 0 1
    outer loop
      vertex 49.6316 49.9673 14
      vertex -49.6316 49.9673 14
      vertex -49.2196 49.5805 14
    endloop
  endfacet
  facet normal 0 0 1
    outer loop
      vertex 50.0888 50.2995 14
      vertex -50.0888 50.2995 14
      vertex -49.6316 49.9673 14
    endloop
  endfacet
  facet normal 0 0 1
    outer loop
      vertex 50.584 50.5717 14
      vertex -50.584 50.5717 14
      vertex -50.0888 50.2995 14
    endloop
  endfacet
  facet normal 0 0 1
    outer loop
      vertex 51.1094 50.7798 14
      vertex -51.1094 50.7798 14
      vertex -50.584 50.5717 14
    endloop
  endfacet
  facet normal 0 0 1
    outer loop
      vertex 51.6568 50.9203 14
      vertex -51.6568 50.9203 14
      vertex -51.1094 50.7798 14
    endloop
  endfacet
  facet normal -0 0 1
    outer loop
      vertex -69.8139 54.9901 14
      vertex -51.6568 50.9203 14
      vertex 69.8139 54.9901 14
    endloop
  endfacet
  facet normal 0 0 1
    outer loop
      vertex -51.6568 50.9203 14
      vertex -69.8139 54.9901 14
      vertex -52.2174 50.9911 14
    endloop
  endfacet
  facet normal 0 0 1
    outer loop
      vertex -69.8139 54.9901 14
      vertex -57 46.5 14
      vertex -56.9645 47.064 14
    endloop
  endfacet
  facet normal 0 0 1
    outer loop
      vertex -74.5 -32 14
      vertex -60.5 -19.2395 14
      vertex -60.5 23.0099 14
    endloop
  endfacet
  facet normal 0 0 1
    outer loop
      vertex -60.5 -19.2395 14
      vertex -74.5 -32 14
      vertex -61.486 -34.9766 14
    endloop
  endfacet
  facet normal 0 -0 1
    outer loop
      vertex -65.1861 -36.9901 14
      vertex -61.486 -34.9766 14
      vertex -74.5 -32 14
    endloop
  endfacet
  facet normal 0 0 1
    outer loop
      vertex -61.486 -34.9766 14
      vertex -65.1861 -36.9901 14
      vertex -61.8552 -35.4227 14
    endloop
  endfacet
  facet normal 0 0 1
    outer loop
      vertex -61.8552 -35.4227 14
      vertex -65.1861 -36.9901 14
      vertex -62.3129 -35.8526 14
    endloop
  endfacet
  facet normal 0 0 1
    outer loop
      vertex -62.3129 -35.8526 14
      vertex -65.1861 -36.9901 14
      vertex -62.8209 -36.2216 14
    endloop
  endfacet
  facet normal 0 0 1
    outer loop
      vertex -62.8209 -36.2216 14
      vertex -65.1861 -36.9901 14
      vertex -63.3711 -36.5241 14
    endloop
  endfacet
  facet normal 0 0 1
    outer loop
      vertex -63.3711 -36.5241 14
      vertex -65.1861 -36.9901 14
      vertex -63.9549 -36.7553 14
    endloop
  endfacet
  facet normal 0 0 1
    outer loop
      vertex -52.2174 50.9911 14
      vertex -69.8139 54.9901 14
      vertex -52.7826 50.9911 14
    endloop
  endfacet
  facet normal 0 0 1
    outer loop
      vertex -69.8139 54.9901 14
      vertex -53.3432 50.9203 14
      vertex -52.7826 50.9911 14
    endloop
  endfacet
  facet normal 0 0 1
    outer loop
      vertex -69.8139 54.9901 14
      vertex -53.8906 50.7798 14
      vertex -53.3432 50.9203 14
    endloop
  endfacet
  facet normal 0 0 1
    outer loop
      vertex -69.8139 54.9901 14
      vertex -54.416 50.5717 14
      vertex -53.8906 50.7798 14
    endloop
  endfacet
  facet normal 0 0 1
    outer loop
      vertex -69.8139 54.9901 14
      vertex -54.9112 50.2995 14
      vertex -54.416 50.5717 14
    endloop
  endfacet
  facet normal 0 0 1
    outer loop
      vertex -69.8139 54.9901 14
      vertex -55.3684 49.9673 14
      vertex -54.9112 50.2995 14
    endloop
  endfacet
  facet normal 0 0 1
    outer loop
      vertex -69.8139 54.9901 14
      vertex -55.7804 49.5805 14
      vertex -55.3684 49.9673 14
    endloop
  endfacet
  facet normal 0 0 1
    outer loop
      vertex -69.8139 54.9901 14
      vertex -56.1406 49.145 14
      vertex -55.7804 49.5805 14
    endloop
  endfacet
  facet normal 0 0 1
    outer loop
      vertex -69.8139 54.9901 14
      vertex -56.4434 48.6679 14
      vertex -56.1406 49.145 14
    endloop
  endfacet
  facet normal 0 0 1
    outer loop
      vertex -69.8139 54.9901 14
      vertex -56.684 48.1566 14
      vertex -56.4434 48.6679 14
    endloop
  endfacet
  facet normal 0 0 1
    outer loop
      vertex -69.8139 54.9901 14
      vertex -56.8586 47.6191 14
      vertex -56.684 48.1566 14
    endloop
  endfacet
  facet normal 0 0 1
    outer loop
      vertex -69.8139 54.9901 14
      vertex -56.9645 47.064 14
      vertex -56.8586 47.6191 14
    endloop
  endfacet
  facet normal 0 0 1
    outer loop
      vertex -57 46.5 14
      vertex -69.8139 54.9901 14
      vertex -74.5 50 14
    endloop
  endfacet
  facet normal 0 0 1
    outer loop
      vertex -57 46.5 14
      vertex -74.5 50 14
      vertex -60.5 23.0099 14
    endloop
  endfacet
  facet normal 0 0 1
    outer loop
      vertex -74.5 -32 14
      vertex -60.5 23.0099 14
      vertex -74.5 50 14
    endloop
  endfacet
  facet normal 0 0 1
    outer loop
      vertex -74.5 50 14
      vertex -69.8139 54.9901 14
      vertex -70.4369 54.9114 14
    endloop
  endfacet
  facet normal 0 0 1
    outer loop
      vertex -63.9549 -36.7553 14
      vertex -65.1861 -36.9901 14
      vertex -64.5631 -36.9114 14
    endloop
  endfacet
  facet normal 0 0 1
    outer loop
      vertex -74.5 50 14
      vertex -70.4369 54.9114 14
      vertex -71.0451 54.7553 14
    endloop
  endfacet
  facet normal 0 0 1
    outer loop
      vertex -65.1861 -36.9901 14
      vertex -74.5 -32 14
      vertex -69.8139 -36.9901 14
    endloop
  endfacet
  facet normal 0 0 1
    outer loop
      vertex -74.5 50 14
      vertex -71.0451 54.7553 14
      vertex -71.6289 54.5241 14
    endloop
  endfacet
  facet normal 0 0 1
    outer loop
      vertex -69.8139 -36.9901 14
      vertex -74.5 -32 14
      vertex -70.4369 -36.9114 14
    endloop
  endfacet
  facet normal 0 0 1
    outer loop
      vertex -74.5 50 14
      vertex -71.6289 54.5241 14
      vertex -72.1791 54.2216 14
    endloop
  endfacet
  facet normal 0 0 1
    outer loop
      vertex -70.4369 -36.9114 14
      vertex -74.5 -32 14
      vertex -71.0451 -36.7553 14
    endloop
  endfacet
  facet normal 0 0 1
    outer loop
      vertex -74.5 50 14
      vertex -72.1791 54.2216 14
      vertex -72.6871 53.8526 14
    endloop
  endfacet
  facet normal 0 0 1
    outer loop
      vertex -71.0451 -36.7553 14
      vertex -74.5 -32 14
      vertex -71.6289 -36.5241 14
    endloop
  endfacet
  facet normal 0 0 1
    outer loop
      vertex -74.5 50 14
      vertex -72.6871 53.8526 14
      vertex -73.1448 53.4227 14
    endloop
  endfacet
  facet normal 0 0 1
    outer loop
      vertex -71.6289 -36.5241 14
      vertex -74.5 -32 14
      vertex -72.1791 -36.2216 14
    endloop
  endfacet
  facet normal 0 0 1
    outer loop
      vertex -74.5 50 14
      vertex -73.1448 53.4227 14
      vertex -73.5451 52.9389 14
    endloop
  endfacet
  facet normal 0 0 1
    outer loop
      vertex -72.1791 -36.2216 14
      vertex -74.5 -32 14
      vertex -72.6871 -35.8526 14
    endloop
  endfacet
  facet normal 0 0 1
    outer loop
      vertex -74.5 50 14
      vertex -73.5451 52.9389 14
      vertex -73.8815 52.4088 14
    endloop
  endfacet
  facet normal 0 0 1
    outer loop
      vertex -72.6871 -35.8526 14
      vertex -74.5 -32 14
      vertex -73.1448 -35.4227 14
    endloop
  endfacet
  facet normal 0 0 1
    outer loop
      vertex -74.5 50 14
      vertex -73.8815 52.4088 14
      vertex -74.1489 51.8406 14
    endloop
  endfacet
  facet normal 0 0 1
    outer loop
      vertex -73.1448 -35.4227 14
      vertex -74.5 -32 14
      vertex -73.5451 -34.9389 14
    endloop
  endfacet
  facet normal 0 0 1
    outer loop
      vertex -74.5 50 14
      vertex -74.1489 51.8406 14
      vertex -74.3429 51.2435 14
    endloop
  endfacet
  facet normal 0 0 1
    outer loop
      vertex -73.5451 -34.9389 14
      vertex -74.5 -32 14
      vertex -73.8815 -34.4088 14
    endloop
  endfacet
  facet normal 0 0 1
    outer loop
      vertex -74.5 50 14
      vertex -74.3429 51.2435 14
      vertex -74.4606 50.6267 14
    endloop
  endfacet
  facet normal 0 0 1
    outer loop
      vertex -73.8815 -34.4088 14
      vertex -74.5 -32 14
      vertex -74.1489 -33.8406 14
    endloop
  endfacet
  facet normal 0 0 1
    outer loop
      vertex -74.1489 -33.8406 14
      vertex -74.5 -32 14
      vertex -74.3429 -33.2435 14
    endloop
  endfacet
  facet normal 0 0 1
    outer loop
      vertex -74.3429 -33.2435 14
      vertex -74.5 -32 14
      vertex -74.4606 -32.6267 14
    endloop
  endfacet
  facet normal 0 0 1
    outer loop
      vertex 74.5 50 14
      vertex 56.9645 45.936 14
      vertex 56.8586 45.3809 14
    endloop
  endfacet
  facet normal 0 0 1
    outer loop
      vertex 74.5 50 14
      vertex 56.8586 45.3809 14
      vertex 56.684 44.8434 14
    endloop
  endfacet
  facet normal 0 0 1
    outer loop
      vertex 71.6289 23.4759 14
      vertex 69.8139 23.0099 14
      vertex 71.0451 23.2447 14
    endloop
  endfacet
  facet normal 0 0 1
    outer loop
      vertex 71.0451 23.2447 14
      vertex 69.8139 23.0099 14
      vertex 70.4369 23.0886 14
    endloop
  endfacet
  facet normal 0 0 1
    outer loop
      vertex 73.1448 24.5773 14
      vertex 69.8139 23.0099 14
      vertex 72.6871 24.1474 14
    endloop
  endfacet
  facet normal 0 0 1
    outer loop
      vertex 74.3429 26.7565 14
      vertex 69.8139 23.0099 14
      vertex 74.1489 26.1594 14
    endloop
  endfacet
  facet normal 0 0 1
    outer loop
      vertex 74.5 28 14
      vertex 55.3684 43.0327 14
      vertex 68.9834 23.0099 14
    endloop
  endfacet
  facet normal -0 0 1
    outer loop
      vertex 54.9112 42.7005 14
      vertex 68.9834 23.0099 14
      vertex 55.3684 43.0327 14
    endloop
  endfacet
  facet normal -0 0 1
    outer loop
      vertex 54.416 42.4283 14
      vertex 68.9834 23.0099 14
      vertex 54.9112 42.7005 14
    endloop
  endfacet
  facet normal -0 0 1
    outer loop
      vertex 53.8906 42.2202 14
      vertex 68.9834 23.0099 14
      vertex 54.416 42.4283 14
    endloop
  endfacet
  facet normal -0 0 1
    outer loop
      vertex 53.3432 42.0797 14
      vertex 68.9834 23.0099 14
      vertex 53.8906 42.2202 14
    endloop
  endfacet
  facet normal -0 0 1
    outer loop
      vertex 52.7826 42.0089 14
      vertex 68.9834 23.0099 14
      vertex 53.3432 42.0797 14
    endloop
  endfacet
  facet normal -0 0 1
    outer loop
      vertex 52.2174 42.0089 14
      vertex 68.9834 23.0099 14
      vertex 52.7826 42.0089 14
    endloop
  endfacet
  facet normal 0 0 1
    outer loop
      vertex 34.561 23.0099 14
      vertex 52.2174 42.0089 14
      vertex 51.6568 42.0797 14
    endloop
  endfacet
  facet normal 0 0 1
    outer loop
      vertex 34.561 23.0099 14
      vertex 51.6568 42.0797 14
      vertex 51.1094 42.2202 14
    endloop
  endfacet
  facet normal 0 0 1
    outer loop
      vertex 34.561 23.0099 14
      vertex 51.1094 42.2202 14
      vertex 50.584 42.4283 14
    endloop
  endfacet
  facet normal 0 0 1
    outer loop
      vertex 34.561 23.0099 14
      vertex 50.584 42.4283 14
      vertex 50.0888 42.7005 14
    endloop
  endfacet
  facet normal 0 0 1
    outer loop
      vertex 34.561 23.0099 14
      vertex 50.0888 42.7005 14
      vertex 49.6316 43.0327 14
    endloop
  endfacet
  facet normal 0 0 1
    outer loop
      vertex 34.561 23.0099 14
      vertex 49.6316 43.0327 14
      vertex 49.2196 43.4195 14
    endloop
  endfacet
  facet normal 0 0 1
    outer loop
      vertex 34.561 23.0099 14
      vertex 48.0355 45.936 14
      vertex 48 46.5 14
    endloop
  endfacet
  facet normal 0 0 1
    outer loop
      vertex 34.561 23.0099 14
      vertex 48.1414 45.3809 14
      vertex 48.0355 45.936 14
    endloop
  endfacet
  facet normal 0 0 1
    outer loop
      vertex 34.561 23.0099 14
      vertex 48.316 44.8434 14
      vertex 48.1414 45.3809 14
    endloop
  endfacet
  facet normal 0 0 1
    outer loop
      vertex 34.561 23.0099 14
      vertex 48.5566 44.3321 14
      vertex 48.316 44.8434 14
    endloop
  endfacet
  facet normal 0 0 1
    outer loop
      vertex 34.561 23.0099 14
      vertex 48.8594 43.855 14
      vertex 48.5566 44.3321 14
    endloop
  endfacet
  facet normal 0 0 1
    outer loop
      vertex 34.561 23.0099 14
      vertex 49.2196 43.4195 14
      vertex 48.8594 43.855 14
    endloop
  endfacet
  facet normal 0 0 1
    outer loop
      vertex 52.2174 42.0089 14
      vertex 34.561 23.0099 14
      vertex 68.9834 23.0099 14
    endloop
  endfacet
  facet normal 0 0 1
    outer loop
      vertex -61.486 -34.9766 14
      vertex 34.561 23.0099 14
      vertex -60.5 -19.2395 14
    endloop
  endfacet
  facet normal -0 0 1
    outer loop
      vertex 34.561 23.0099 14
      vertex -61.486 -34.9766 14
      vertex 68.9834 23.0099 14
    endloop
  endfacet
  facet normal -0 0 1
    outer loop
      vertex -48.0355 45.936 14
      vertex 34.561 23.0099 14
      vertex -48 46.5 14
    endloop
  endfacet
  facet normal -0 0 1
    outer loop
      vertex -48.1414 45.3809 14
      vertex 34.561 23.0099 14
      vertex -48.0355 45.936 14
    endloop
  endfacet
  facet normal -0 0 1
    outer loop
      vertex -48.316 44.8434 14
      vertex 34.561 23.0099 14
      vertex -48.1414 45.3809 14
    endloop
  endfacet
  facet normal -0 0 1
    outer loop
      vertex -48.5566 44.3321 14
      vertex 34.561 23.0099 14
      vertex -48.316 44.8434 14
    endloop
  endfacet
  facet normal -0 0 1
    outer loop
      vertex -48.8594 43.855 14
      vertex 34.561 23.0099 14
      vertex -48.5566 44.3321 14
    endloop
  endfacet
  facet normal -0 0 1
    outer loop
      vertex -49.2196 43.4195 14
      vertex 34.561 23.0099 14
      vertex -48.8594 43.855 14
    endloop
  endfacet
  facet normal 0 0 1
    outer loop
      vertex -60.5 23.0099 14
      vertex -49.2196 43.4195 14
      vertex -49.6316 43.0327 14
    endloop
  endfacet
  facet normal 0 0 1
    outer loop
      vertex -60.5 23.0099 14
      vertex -49.6316 43.0327 14
      vertex -50.0888 42.7005 14
    endloop
  endfacet
  facet normal 0 0 1
    outer loop
      vertex -60.5 23.0099 14
      vertex -50.0888 42.7005 14
      vertex -50.584 42.4283 14
    endloop
  endfacet
  facet normal 0 0 1
    outer loop
      vertex -60.5 23.0099 14
      vertex -50.584 42.4283 14
      vertex -51.1094 42.2202 14
    endloop
  endfacet
  facet normal 0 0 1
    outer loop
      vertex -60.5 23.0099 14
      vertex -51.1094 42.2202 14
      vertex -51.6568 42.0797 14
    endloop
  endfacet
  facet normal 0 0 1
    outer loop
      vertex -60.5 23.0099 14
      vertex -51.6568 42.0797 14
      vertex -52.2174 42.0089 14
    endloop
  endfacet
  facet normal 0 0 1
    outer loop
      vertex -60.5 23.0099 14
      vertex -52.2174 42.0089 14
      vertex -52.7826 42.0089 14
    endloop
  endfacet
  facet normal 0 0 1
    outer loop
      vertex -60.5 23.0099 14
      vertex -52.7826 42.0089 14
      vertex -53.3432 42.0797 14
    endloop
  endfacet
  facet normal 0 0 1
    outer loop
      vertex -49.2196 43.4195 14
      vertex -60.5 23.0099 14
      vertex 34.561 23.0099 14
    endloop
  endfacet
  facet normal 0 0 1
    outer loop
      vertex -53.8906 42.2202 14
      vertex -60.5 23.0099 14
      vertex -53.3432 42.0797 14
    endloop
  endfacet
  facet normal 0 0 1
    outer loop
      vertex -54.416 42.4283 14
      vertex -60.5 23.0099 14
      vertex -53.8906 42.2202 14
    endloop
  endfacet
  facet normal 0 0 1
    outer loop
      vertex -54.9112 42.7005 14
      vertex -60.5 23.0099 14
      vertex -54.416 42.4283 14
    endloop
  endfacet
  facet normal 0 0 1
    outer loop
      vertex -55.3684 43.0327 14
      vertex -60.5 23.0099 14
      vertex -54.9112 42.7005 14
    endloop
  endfacet
  facet normal 0 0 1
    outer loop
      vertex -55.7804 43.4195 14
      vertex -60.5 23.0099 14
      vertex -55.3684 43.0327 14
    endloop
  endfacet
  facet normal 0 0 1
    outer loop
      vertex -56.1406 43.855 14
      vertex -60.5 23.0099 14
      vertex -55.7804 43.4195 14
    endloop
  endfacet
  facet normal 0 0 1
    outer loop
      vertex -56.4434 44.3321 14
      vertex -60.5 23.0099 14
      vertex -56.1406 43.855 14
    endloop
  endfacet
  facet normal 0 0 1
    outer loop
      vertex -56.684 44.8434 14
      vertex -60.5 23.0099 14
      vertex -56.4434 44.3321 14
    endloop
  endfacet
  facet normal 0 0 1
    outer loop
      vertex -56.8586 45.3809 14
      vertex -60.5 23.0099 14
      vertex -56.684 44.8434 14
    endloop
  endfacet
  facet normal 0 0 1
    outer loop
      vertex -56.9645 45.936 14
      vertex -60.5 23.0099 14
      vertex -56.8586 45.3809 14
    endloop
  endfacet
  facet normal 0 0 1
    outer loop
      vertex -60.5 23.0099 14
      vertex -56.9645 45.936 14
      vertex -57 46.5 14
    endloop
  endfacet
  facet normal 0 -1 0
    outer loop
      vertex 68.9834 23.0099 0
      vertex 69.8139 23.0099 14
      vertex 68.9834 23.0099 14
    endloop
  endfacet
  facet normal 0 -1 -0
    outer loop
      vertex 69.8139 23.0099 14
      vertex 68.9834 23.0099 0
      vertex 69.8139 23.0099 0
    endloop
  endfacet
  facet normal 0 -1 0
    outer loop
      vertex -60.5 23.0099 0
      vertex 34.561 23.0099 14
      vertex -60.5 23.0099 14
    endloop
  endfacet
  facet normal 0 -1 -0
    outer loop
      vertex 34.561 23.0099 14
      vertex -60.5 23.0099 0
      vertex 34.561 23.0099 0
    endloop
  endfacet
  facet normal 0 1 -0
    outer loop
      vertex 69.8139 54.9901 11
      vertex -69.8139 54.9901 14
      vertex 69.8139 54.9901 14
    endloop
  endfacet
  facet normal 0 1 0
    outer loop
      vertex -69.8139 54.9901 14
      vertex 69.8139 54.9901 11
      vertex -69.8139 54.9901 11
    endloop
  endfacet
  facet normal 0.99803 -0.0627451 0
    outer loop
      vertex 74.4606 27.3733 14
      vertex 74.5 28 0
      vertex 74.5 28 14
    endloop
  endfacet
  facet normal 0.99803 -0.0627451 0
    outer loop
      vertex 74.5 28 0
      vertex 74.4606 27.3733 14
      vertex 74.4606 27.3733 0
    endloop
  endfacet
  facet normal 0.248601 0.968606 -0
    outer loop
      vertex 71.0451 54.7553 11
      vertex 70.4369 54.9114 14
      vertex 71.0451 54.7553 14
    endloop
  endfacet
  facet normal 0.248601 0.968606 0
    outer loop
      vertex 70.4369 54.9114 14
      vertex 71.0451 54.7553 11
      vertex 70.4369 54.9114 11
    endloop
  endfacet
  facet normal 1 0 0
    outer loop
      vertex 74.5 50 14
      vertex 74.5 37.5 11
      vertex 74.5 50 11
    endloop
  endfacet
  facet normal 1 -0 0
    outer loop
      vertex 74.5 28 14
      vertex 74.5 37.5 11
      vertex 74.5 50 14
    endloop
  endfacet
  facet normal 1 0 0
    outer loop
      vertex 74.5 28 0
      vertex 74.5 37.5 11
      vertex 74.5 28 14
    endloop
  endfacet
  facet normal 1 0 0
    outer loop
      vertex 74.5 37.5 11
      vertex 74.5 28 0
      vertex 74.5 37.5 0
    endloop
  endfacet
  facet normal 0.125328 -0.992115 0
    outer loop
      vertex 69.8139 23.0099 0
      vertex 70.4369 23.0886 14
      vertex 69.8139 23.0099 14
    endloop
  endfacet
  facet normal 0.125328 -0.992115 0
    outer loop
      vertex 70.4369 23.0886 14
      vertex 69.8139 23.0099 0
      vertex 70.4369 23.0886 0
    endloop
  endfacet
  facet normal 0.951061 -0.309003 0
    outer loop
      vertex 74.1489 26.1594 14
      vertex 74.3429 26.7565 0
      vertex 74.3429 26.7565 14
    endloop
  endfacet
  facet normal 0.951061 -0.309003 0
    outer loop
      vertex 74.3429 26.7565 0
      vertex 74.1489 26.1594 14
      vertex 74.1489 26.1594 0
    endloop
  endfacet
  facet normal 0.951061 0.309003 0
    outer loop
      vertex 74.3429 51.2435 14
      vertex 74.1489 51.8406 11
      vertex 74.1489 51.8406 14
    endloop
  endfacet
  facet normal 0.951061 0.309003 0
    outer loop
      vertex 74.1489 51.8406 11
      vertex 74.3429 51.2435 14
      vertex 74.3429 51.2435 11
    endloop
  endfacet
  facet normal 0.770462 0.637486 0
    outer loop
      vertex 73.5451 52.9389 14
      vertex 73.1448 53.4227 11
      vertex 73.1448 53.4227 14
    endloop
  endfacet
  facet normal 0.770462 0.637486 0
    outer loop
      vertex 73.1448 53.4227 11
      vertex 73.5451 52.9389 14
      vertex 73.5451 52.9389 11
    endloop
  endfacet
  facet normal 0.125328 0.992115 -0
    outer loop
      vertex 70.4369 54.9114 11
      vertex 69.8139 54.9901 14
      vertex 70.4369 54.9114 14
    endloop
  endfacet
  facet normal 0.125328 0.992115 0
    outer loop
      vertex 69.8139 54.9901 14
      vertex 70.4369 54.9114 11
      vertex 69.8139 54.9901 11
    endloop
  endfacet
  facet normal -0.684624 0.728896 0
    outer loop
      vertex -72.6871 53.8526 11
      vertex -73.1448 53.4227 14
      vertex -72.6871 53.8526 14
    endloop
  endfacet
  facet normal -0.684624 0.728896 0
    outer loop
      vertex -73.1448 53.4227 14
      vertex -72.6871 53.8526 11
      vertex -73.1448 53.4227 11
    endloop
  endfacet
  facet normal 0 0 -1
    outer loop
      vertex -61.486 -34.9766 0
      vertex 34.561 23.0099 0
      vertex 68.9834 23.0099 0
    endloop
  endfacet
  facet normal 0 0 -1
    outer loop
      vertex -74.5 -32 0
      vertex -60.5 -19.2395 0
      vertex -61.486 -34.9766 0
    endloop
  endfacet
  facet normal 0 0 -1
    outer loop
      vertex 34.561 23.0099 0
      vertex -61.486 -34.9766 0
      vertex -60.5 -19.2395 0
    endloop
  endfacet
  facet normal 0 0 -1
    outer loop
      vertex 69.8139 23.0099 0
      vertex 74.5 28 0
      vertex 74.4606 27.3733 0
    endloop
  endfacet
  facet normal 0 0 -1
    outer loop
      vertex 69.8139 23.0099 0
      vertex 74.4606 27.3733 0
      vertex 74.3429 26.7565 0
    endloop
  endfacet
  facet normal 0 0 -1
    outer loop
      vertex 69.8139 23.0099 0
      vertex 74.3429 26.7565 0
      vertex 74.1489 26.1594 0
    endloop
  endfacet
  facet normal 0 0 -1
    outer loop
      vertex 69.8139 23.0099 0
      vertex 74.1489 26.1594 0
      vertex 73.8815 25.5912 0
    endloop
  endfacet
  facet normal 0 0 -1
    outer loop
      vertex 69.8139 23.0099 0
      vertex 73.8815 25.5912 0
      vertex 73.5451 25.0611 0
    endloop
  endfacet
  facet normal 0 0 -1
    outer loop
      vertex 69.8139 23.0099 0
      vertex 73.5451 25.0611 0
      vertex 73.1448 24.5773 0
    endloop
  endfacet
  facet normal 0 0 -1
    outer loop
      vertex 69.8139 23.0099 0
      vertex 73.1448 24.5773 0
      vertex 72.6871 24.1474 0
    endloop
  endfacet
  facet normal 0 0 -1
    outer loop
      vertex 69.8139 23.0099 0
      vertex 72.6871 24.1474 0
      vertex 72.1791 23.7784 0
    endloop
  endfacet
  facet normal 0 0 -1
    outer loop
      vertex 69.8139 23.0099 0
      vertex 72.1791 23.7784 0
      vertex 71.6289 23.4759 0
    endloop
  endfacet
  facet normal 0 0 -1
    outer loop
      vertex 69.8139 23.0099 0
      vertex 71.6289 23.4759 0
      vertex 71.0451 23.2447 0
    endloop
  endfacet
  facet normal 0 0 -1
    outer loop
      vertex 69.8139 23.0099 0
      vertex 71.0451 23.2447 0
      vertex 70.4369 23.0886 0
    endloop
  endfacet
  facet normal 0 0 -1
    outer loop
      vertex 74.5 28 0
      vertex 69.8139 23.0099 0
      vertex 68.9834 23.0099 0
    endloop
  endfacet
  facet normal -0 0 -1
    outer loop
      vertex 74.5 28 0
      vertex 68.9834 23.0099 0
      vertex 74.5 37.5 0
    endloop
  endfacet
  facet normal 0 0 -1
    outer loop
      vertex 34.561 23.0099 0
      vertex 74.5 37.5 0
      vertex 68.9834 23.0099 0
    endloop
  endfacet
  facet normal 0 0 -1
    outer loop
      vertex -74.5 37.5 0
      vertex 34.561 23.0099 0
      vertex -60.5 23.0099 0
    endloop
  endfacet
  facet normal 0 0 -1
    outer loop
      vertex -65.1861 -36.9901 0
      vertex -61.486 -34.9766 0
      vertex -61.8552 -35.4227 0
    endloop
  endfacet
  facet normal 0 0 -1
    outer loop
      vertex -65.1861 -36.9901 0
      vertex -61.8552 -35.4227 0
      vertex -62.3129 -35.8526 0
    endloop
  endfacet
  facet normal 0 0 -1
    outer loop
      vertex -65.1861 -36.9901 0
      vertex -62.3129 -35.8526 0
      vertex -62.8209 -36.2216 0
    endloop
  endfacet
  facet normal 0 0 -1
    outer loop
      vertex -65.1861 -36.9901 0
      vertex -62.8209 -36.2216 0
      vertex -63.3711 -36.5241 0
    endloop
  endfacet
  facet normal 0 0 -1
    outer loop
      vertex -65.1861 -36.9901 0
      vertex -63.3711 -36.5241 0
      vertex -63.9549 -36.7553 0
    endloop
  endfacet
  facet normal 0 0 -1
    outer loop
      vertex -65.1861 -36.9901 0
      vertex -63.9549 -36.7553 0
      vertex -64.5631 -36.9114 0
    endloop
  endfacet
  facet normal -0 0 -1
    outer loop
      vertex -61.486 -34.9766 0
      vertex -65.1861 -36.9901 0
      vertex -74.5 -32 0
    endloop
  endfacet
  facet normal 0 0 -1
    outer loop
      vertex -74.5 -32 0
      vertex -65.1861 -36.9901 0
      vertex -69.8139 -36.9901 0
    endloop
  endfacet
  facet normal 0 0 -1
    outer loop
      vertex -74.5 -32 0
      vertex -69.8139 -36.9901 0
      vertex -70.4369 -36.9114 0
    endloop
  endfacet
  facet normal 0 0 -1
    outer loop
      vertex -74.5 -32 0
      vertex -70.4369 -36.9114 0
      vertex -71.0451 -36.7553 0
    endloop
  endfacet
  facet normal 0 0 -1
    outer loop
      vertex -74.5 -32 0
      vertex -71.0451 -36.7553 0
      vertex -71.6289 -36.5241 0
    endloop
  endfacet
  facet normal 0 0 -1
    outer loop
      vertex -74.5 -32 0
      vertex -71.6289 -36.5241 0
      vertex -72.1791 -36.2216 0
    endloop
  endfacet
  facet normal 0 0 -1
    outer loop
      vertex -74.5 -32 0
      vertex -72.1791 -36.2216 0
      vertex -72.6871 -35.8526 0
    endloop
  endfacet
  facet normal 0 0 -1
    outer loop
      vertex -74.5 -32 0
      vertex -72.6871 -35.8526 0
      vertex -73.1448 -35.4227 0
    endloop
  endfacet
  facet normal 0 0 -1
    outer loop
      vertex -74.5 -32 0
      vertex -73.1448 -35.4227 0
      vertex -73.5451 -34.9389 0
    endloop
  endfacet
  facet normal 0 0 -1
    outer loop
      vertex -74.5 -32 0
      vertex -73.5451 -34.9389 0
      vertex -73.8815 -34.4088 0
    endloop
  endfacet
  facet normal 0 0 -1
    outer loop
      vertex -74.5 -32 0
      vertex -73.8815 -34.4088 0
      vertex -74.1489 -33.8406 0
    endloop
  endfacet
  facet normal 0 0 -1
    outer loop
      vertex -74.5 -32 0
      vertex -74.1489 -33.8406 0
      vertex -74.3429 -33.2435 0
    endloop
  endfacet
  facet normal 0 0 -1
    outer loop
      vertex -74.5 -32 0
      vertex -74.3429 -33.2435 0
      vertex -74.4606 -32.6267 0
    endloop
  endfacet
  facet normal -0 0 -1
    outer loop
      vertex -60.5 -19.2395 0
      vertex -74.5 -32 0
      vertex -60.5 23.0099 0
    endloop
  endfacet
  facet normal 0 0 -1
    outer loop
      vertex 34.561 23.0099 0
      vertex -74.5 37.5 0
      vertex 74.5 37.5 0
    endloop
  endfacet
  facet normal 0 0 -1
    outer loop
      vertex -74.5 37.5 0
      vertex -60.5 23.0099 0
      vertex -74.5 -32 0
    endloop
  endfacet
  facet normal 0.982276 -0.187441 0
    outer loop
      vertex 74.3429 26.7565 14
      vertex 74.4606 27.3733 0
      vertex 74.4606 27.3733 14
    endloop
  endfacet
  facet normal 0.982276 -0.187441 0
    outer loop
      vertex 74.4606 27.3733 0
      vertex 74.3429 26.7565 14
      vertex 74.3429 26.7565 0
    endloop
  endfacet
  facet normal 0.770462 -0.637486 0
    outer loop
      vertex 73.1448 24.5773 14
      vertex 73.5451 25.0611 0
      vertex 73.5451 25.0611 14
    endloop
  endfacet
  facet normal 0.770462 -0.637486 0
    outer loop
      vertex 73.5451 25.0611 0
      vertex 73.1448 24.5773 14
      vertex 73.1448 24.5773 0
    endloop
  endfacet
  facet normal 0.982276 0.187441 0
    outer loop
      vertex 74.4606 50.6267 14
      vertex 74.3429 51.2435 11
      vertex 74.3429 51.2435 14
    endloop
  endfacet
  facet normal 0.982276 0.187441 0
    outer loop
      vertex 74.3429 51.2435 11
      vertex 74.4606 50.6267 14
      vertex 74.4606 50.6267 11
    endloop
  endfacet
  facet normal 0.844336 0.535814 0
    outer loop
      vertex 73.8815 52.4088 14
      vertex 73.5451 52.9389 11
      vertex 73.5451 52.9389 14
    endloop
  endfacet
  facet normal 0.844336 0.535814 0
    outer loop
      vertex 73.5451 52.9389 11
      vertex 73.8815 52.4088 14
      vertex 73.8815 52.4088 11
    endloop
  endfacet
  facet normal 0.904811 0.425812 0
    outer loop
      vertex 74.1489 51.8406 14
      vertex 73.8815 52.4088 11
      vertex 73.8815 52.4088 14
    endloop
  endfacet
  facet normal 0.904811 0.425812 0
    outer loop
      vertex 73.8815 52.4088 11
      vertex 74.1489 51.8406 14
      vertex 74.1489 51.8406 11
    endloop
  endfacet
  facet normal 0.684624 0.728896 -0
    outer loop
      vertex 73.1448 53.4227 11
      vertex 72.6871 53.8526 14
      vertex 73.1448 53.4227 14
    endloop
  endfacet
  facet normal 0.684624 0.728896 0
    outer loop
      vertex 72.6871 53.8526 14
      vertex 73.1448 53.4227 11
      vertex 72.6871 53.8526 11
    endloop
  endfacet
  facet normal -0.770462 0.637486 0
    outer loop
      vertex -73.5451 52.9389 11
      vertex -73.1448 53.4227 14
      vertex -73.1448 53.4227 11
    endloop
  endfacet
  facet normal -0.770462 0.637486 0
    outer loop
      vertex -73.1448 53.4227 14
      vertex -73.5451 52.9389 11
      vertex -73.5451 52.9389 14
    endloop
  endfacet
  facet normal -0.904811 0.425812 0
    outer loop
      vertex -74.1489 51.8406 11
      vertex -73.8815 52.4088 14
      vertex -73.8815 52.4088 11
    endloop
  endfacet
  facet normal -0.904811 0.425812 0
    outer loop
      vertex -73.8815 52.4088 14
      vertex -74.1489 51.8406 11
      vertex -74.1489 51.8406 14
    endloop
  endfacet
  facet normal -0.368203 0.929745 0
    outer loop
      vertex -71.0451 54.7553 11
      vertex -71.6289 54.5241 14
      vertex -71.0451 54.7553 14
    endloop
  endfacet
  facet normal -0.368203 0.929745 0
    outer loop
      vertex -71.6289 54.5241 14
      vertex -71.0451 54.7553 11
      vertex -71.6289 54.5241 11
    endloop
  endfacet
  facet normal -0.587698 0.80908 0
    outer loop
      vertex -72.1791 54.2216 11
      vertex -72.6871 53.8526 14
      vertex -72.1791 54.2216 14
    endloop
  endfacet
  facet normal -0.587698 0.80908 0
    outer loop
      vertex -72.6871 53.8526 14
      vertex -72.1791 54.2216 11
      vertex -72.6871 53.8526 11
    endloop
  endfacet
  facet normal 0.481784 -0.87629 0
    outer loop
      vertex 71.6289 23.4759 0
      vertex 72.1791 23.7784 14
      vertex 71.6289 23.4759 14
    endloop
  endfacet
  facet normal 0.481784 -0.87629 0
    outer loop
      vertex 72.1791 23.7784 14
      vertex 71.6289 23.4759 0
      vertex 72.1791 23.7784 0
    endloop
  endfacet
  facet normal 0.684624 -0.728896 0
    outer loop
      vertex 72.6871 24.1474 0
      vertex 73.1448 24.5773 14
      vertex 72.6871 24.1474 14
    endloop
  endfacet
  facet normal 0.684624 -0.728896 0
    outer loop
      vertex 73.1448 24.5773 14
      vertex 72.6871 24.1474 0
      vertex 73.1448 24.5773 0
    endloop
  endfacet
  facet normal 0.844336 -0.535814 0
    outer loop
      vertex 73.5451 25.0611 14
      vertex 73.8815 25.5912 0
      vertex 73.8815 25.5912 14
    endloop
  endfacet
  facet normal 0.844336 -0.535814 0
    outer loop
      vertex 73.8815 25.5912 0
      vertex 73.5451 25.0611 14
      vertex 73.5451 25.0611 0
    endloop
  endfacet
  facet normal 0.368203 0.929745 -0
    outer loop
      vertex 71.6289 54.5241 11
      vertex 71.0451 54.7553 14
      vertex 71.6289 54.5241 14
    endloop
  endfacet
  facet normal 0.368203 0.929745 0
    outer loop
      vertex 71.0451 54.7553 14
      vertex 71.6289 54.5241 11
      vertex 71.0451 54.7553 11
    endloop
  endfacet
  facet normal 0.481784 0.87629 -0
    outer loop
      vertex 72.1791 54.2216 11
      vertex 71.6289 54.5241 14
      vertex 72.1791 54.2216 14
    endloop
  endfacet
  facet normal 0.481784 0.87629 0
    outer loop
      vertex 71.6289 54.5241 14
      vertex 72.1791 54.2216 11
      vertex 71.6289 54.5241 11
    endloop
  endfacet
  facet normal -0.99803 0.0627451 0
    outer loop
      vertex -74.5 50 11
      vertex -74.4606 50.6267 14
      vertex -74.4606 50.6267 11
    endloop
  endfacet
  facet normal -0.99803 0.0627451 0
    outer loop
      vertex -74.4606 50.6267 14
      vertex -74.5 50 11
      vertex -74.5 50 14
    endloop
  endfacet
  facet normal -0.982276 0.187441 0
    outer loop
      vertex -74.4606 50.6267 11
      vertex -74.3429 51.2435 14
      vertex -74.3429 51.2435 11
    endloop
  endfacet
  facet normal -0.982276 0.187441 0
    outer loop
      vertex -74.3429 51.2435 14
      vertex -74.4606 50.6267 11
      vertex -74.4606 50.6267 14
    endloop
  endfacet
  facet normal -0.951061 0.309003 0
    outer loop
      vertex -74.3429 51.2435 11
      vertex -74.1489 51.8406 14
      vertex -74.1489 51.8406 11
    endloop
  endfacet
  facet normal -0.951061 0.309003 0
    outer loop
      vertex -74.1489 51.8406 14
      vertex -74.3429 51.2435 11
      vertex -74.3429 51.2435 14
    endloop
  endfacet
  facet normal -0.844336 0.535814 0
    outer loop
      vertex -73.8815 52.4088 11
      vertex -73.5451 52.9389 14
      vertex -73.5451 52.9389 11
    endloop
  endfacet
  facet normal -0.844336 0.535814 0
    outer loop
      vertex -73.5451 52.9389 14
      vertex -73.8815 52.4088 11
      vertex -73.8815 52.4088 14
    endloop
  endfacet
  facet normal -0.248601 0.968606 0
    outer loop
      vertex -70.4369 54.9114 11
      vertex -71.0451 54.7553 14
      vertex -70.4369 54.9114 14
    endloop
  endfacet
  facet normal -0.248601 0.968606 0
    outer loop
      vertex -71.0451 54.7553 14
      vertex -70.4369 54.9114 11
      vertex -71.0451 54.7553 11
    endloop
  endfacet
  facet normal -0.125328 0.992115 0
    outer loop
      vertex -69.8139 54.9901 11
      vertex -70.4369 54.9114 14
      vertex -69.8139 54.9901 14
    endloop
  endfacet
  facet normal -0.125328 0.992115 0
    outer loop
      vertex -70.4369 54.9114 14
      vertex -69.8139 54.9901 11
      vertex -70.4369 54.9114 11
    endloop
  endfacet
  facet normal 0.248601 -0.968606 0
    outer loop
      vertex 70.4369 23.0886 0
      vertex 71.0451 23.2447 14
      vertex 70.4369 23.0886 14
    endloop
  endfacet
  facet normal 0.248601 -0.968606 0
    outer loop
      vertex 71.0451 23.2447 14
      vertex 70.4369 23.0886 0
      vertex 71.0451 23.2447 0
    endloop
  endfacet
  facet normal 0.368203 -0.929745 0
    outer loop
      vertex 71.0451 23.2447 0
      vertex 71.6289 23.4759 14
      vertex 71.0451 23.2447 14
    endloop
  endfacet
  facet normal 0.368203 -0.929745 0
    outer loop
      vertex 71.6289 23.4759 14
      vertex 71.0451 23.2447 0
      vertex 71.6289 23.4759 0
    endloop
  endfacet
  facet normal 0.904811 -0.425812 0
    outer loop
      vertex 73.8815 25.5912 14
      vertex 74.1489 26.1594 0
      vertex 74.1489 26.1594 14
    endloop
  endfacet
  facet normal 0.904811 -0.425812 0
    outer loop
      vertex 74.1489 26.1594 0
      vertex 73.8815 25.5912 14
      vertex 73.8815 25.5912 0
    endloop
  endfacet
  facet normal 0.587698 0.80908 -0
    outer loop
      vertex 72.6871 53.8526 11
      vertex 72.1791 54.2216 14
      vertex 72.6871 53.8526 14
    endloop
  endfacet
  facet normal 0.587698 0.80908 0
    outer loop
      vertex 72.1791 54.2216 14
      vertex 72.6871 53.8526 11
      vertex 72.1791 54.2216 11
    endloop
  endfacet
  facet normal -0.481784 0.87629 0
    outer loop
      vertex -71.6289 54.5241 11
      vertex -72.1791 54.2216 14
      vertex -71.6289 54.5241 14
    endloop
  endfacet
  facet normal -0.481784 0.87629 0
    outer loop
      vertex -72.1791 54.2216 14
      vertex -71.6289 54.5241 11
      vertex -72.1791 54.2216 11
    endloop
  endfacet
  facet normal 0.587698 -0.80908 0
    outer loop
      vertex 72.1791 23.7784 0
      vertex 72.6871 24.1474 14
      vertex 72.1791 23.7784 14
    endloop
  endfacet
  facet normal 0.587698 -0.80908 0
    outer loop
      vertex 72.6871 24.1474 14
      vertex 72.1791 23.7784 0
      vertex 72.6871 24.1474 0
    endloop
  endfacet
  facet normal 1 0 0
    outer loop
      vertex -60.5 23.0099 14
      vertex -60.5 20.4891 7.34535
      vertex -60.5 23.0099 0
    endloop
  endfacet
  facet normal 1 0 0
    outer loop
      vertex -60.5 23.0099 14
      vertex -60.5 20.4026 8.0306
      vertex -60.5 20.4891 7.34535
    endloop
  endfacet
  facet normal 1 0 0
    outer loop
      vertex -60.5 23.0099 14
      vertex -60.5 20.2308 8.69959
      vertex -60.5 20.4026 8.0306
    endloop
  endfacet
  facet normal 1 0 0
    outer loop
      vertex -60.5 23.0099 14
      vertex -60.5 19.9765 9.34179
      vertex -60.5 20.2308 8.69959
    endloop
  endfacet
  facet normal 1 0 0
    outer loop
      vertex -60.5 23.0099 14
      vertex -60.5 19.6438 9.94705
      vertex -60.5 19.9765 9.34179
    endloop
  endfacet
  facet normal 1 0 0
    outer loop
      vertex -60.5 23.0099 14
      vertex -60.5 19.2378 10.5058
      vertex -60.5 19.6438 9.94705
    endloop
  endfacet
  facet normal 1 0 0
    outer loop
      vertex -60.5 23.0099 14
      vertex -60.5 18.765 11.0093
      vertex -60.5 19.2378 10.5058
    endloop
  endfacet
  facet normal 1 0 0
    outer loop
      vertex -60.5 23.0099 14
      vertex -60.5 18.2328 11.4496
      vertex -60.5 18.765 11.0093
    endloop
  endfacet
  facet normal 1 0 0
    outer loop
      vertex -60.5 23.0099 14
      vertex -60.5 17.6496 11.8197
      vertex -60.5 18.2328 11.4496
    endloop
  endfacet
  facet normal 1 0 0
    outer loop
      vertex -60.5 23.0099 14
      vertex -60.5 17.0247 12.1138
      vertex -60.5 17.6496 11.8197
    endloop
  endfacet
  facet normal 1 0 0
    outer loop
      vertex -60.5 23.0099 14
      vertex -60.5 16.3678 12.3272
      vertex -60.5 17.0247 12.1138
    endloop
  endfacet
  facet normal 1 0 0
    outer loop
      vertex -60.5 23.0099 14
      vertex -60.5 15.6893 12.4566
      vertex -60.5 16.3678 12.3272
    endloop
  endfacet
  facet normal 1 0 0
    outer loop
      vertex -60.5 23.0099 14
      vertex -60.5 15 12.5
      vertex -60.5 15.6893 12.4566
    endloop
  endfacet
  facet normal 1 0 0
    outer loop
      vertex -60.5 23.0099 14
      vertex -60.5 14.3107 12.4566
      vertex -60.5 15 12.5
    endloop
  endfacet
  facet normal 1 0 0
    outer loop
      vertex -60.5 9.51085 7.34535
      vertex -60.5 -19.2395 14
      vertex -60.5 9.51085 6.65465
    endloop
  endfacet
  facet normal 1 0 0
    outer loop
      vertex -60.5 9.59742 8.0306
      vertex -60.5 -19.2395 14
      vertex -60.5 9.51085 7.34535
    endloop
  endfacet
  facet normal 1 0 0
    outer loop
      vertex -60.5 9.76919 8.69959
      vertex -60.5 -19.2395 14
      vertex -60.5 9.59742 8.0306
    endloop
  endfacet
  facet normal 1 0 0
    outer loop
      vertex -60.5 10.0235 9.34179
      vertex -60.5 -19.2395 14
      vertex -60.5 9.76919 8.69959
    endloop
  endfacet
  facet normal 1 0 0
    outer loop
      vertex -60.5 10.3562 9.94705
      vertex -60.5 -19.2395 14
      vertex -60.5 10.0235 9.34179
    endloop
  endfacet
  facet normal 1 0 0
    outer loop
      vertex -60.5 10.7622 10.5058
      vertex -60.5 -19.2395 14
      vertex -60.5 10.3562 9.94705
    endloop
  endfacet
  facet normal 1 0 0
    outer loop
      vertex -60.5 11.235 11.0093
      vertex -60.5 -19.2395 14
      vertex -60.5 10.7622 10.5058
    endloop
  endfacet
  facet normal 1 0 0
    outer loop
      vertex -60.5 11.7672 11.4496
      vertex -60.5 -19.2395 14
      vertex -60.5 11.235 11.0093
    endloop
  endfacet
  facet normal 1 0 0
    outer loop
      vertex -60.5 12.3504 11.8197
      vertex -60.5 -19.2395 14
      vertex -60.5 11.7672 11.4496
    endloop
  endfacet
  facet normal 1 0 0
    outer loop
      vertex -60.5 12.9753 12.1138
      vertex -60.5 -19.2395 14
      vertex -60.5 12.3504 11.8197
    endloop
  endfacet
  facet normal 1 0 0
    outer loop
      vertex -60.5 13.6322 12.3272
      vertex -60.5 -19.2395 14
      vertex -60.5 12.9753 12.1138
    endloop
  endfacet
  facet normal 1 0 0
    outer loop
      vertex -60.5 14.3107 12.4566
      vertex -60.5 -19.2395 14
      vertex -60.5 13.6322 12.3272
    endloop
  endfacet
  facet normal 1 -0 0
    outer loop
      vertex -60.5 -19.2395 14
      vertex -60.5 14.3107 12.4566
      vertex -60.5 23.0099 14
    endloop
  endfacet
  facet normal 1 -0 0
    outer loop
      vertex -60.5 20.4891 6.65465
      vertex -60.5 23.0099 0
      vertex -60.5 20.4891 7.34535
    endloop
  endfacet
  facet normal 1 -0 0
    outer loop
      vertex -60.5 20.4026 5.9694
      vertex -60.5 23.0099 0
      vertex -60.5 20.4891 6.65465
    endloop
  endfacet
  facet normal 1 -0 0
    outer loop
      vertex -60.5 20.2308 5.30041
      vertex -60.5 23.0099 0
      vertex -60.5 20.4026 5.9694
    endloop
  endfacet
  facet normal 1 -0 0
    outer loop
      vertex -60.5 19.9765 4.65821
      vertex -60.5 23.0099 0
      vertex -60.5 20.2308 5.30041
    endloop
  endfacet
  facet normal 1 -0 0
    outer loop
      vertex -60.5 19.6438 4.05295
      vertex -60.5 23.0099 0
      vertex -60.5 19.9765 4.65821
    endloop
  endfacet
  facet normal 1 -0 0
    outer loop
      vertex -60.5 19.2378 3.49417
      vertex -60.5 23.0099 0
      vertex -60.5 19.6438 4.05295
    endloop
  endfacet
  facet normal 1 -0 0
    outer loop
      vertex -60.5 18.765 2.99067
      vertex -60.5 23.0099 0
      vertex -60.5 19.2378 3.49417
    endloop
  endfacet
  facet normal 1 -0 0
    outer loop
      vertex -60.5 18.2328 2.55041
      vertex -60.5 23.0099 0
      vertex -60.5 18.765 2.99067
    endloop
  endfacet
  facet normal 1 -0 0
    outer loop
      vertex -60.5 17.6496 2.18031
      vertex -60.5 23.0099 0
      vertex -60.5 18.2328 2.55041
    endloop
  endfacet
  facet normal 1 -0 0
    outer loop
      vertex -60.5 17.0247 1.88623
      vertex -60.5 23.0099 0
      vertex -60.5 17.6496 2.18031
    endloop
  endfacet
  facet normal 1 -0 0
    outer loop
      vertex -60.5 16.3678 1.67279
      vertex -60.5 23.0099 0
      vertex -60.5 17.0247 1.88623
    endloop
  endfacet
  facet normal 1 -0 0
    outer loop
      vertex -60.5 15.6893 1.54337
      vertex -60.5 23.0099 0
      vertex -60.5 16.3678 1.67279
    endloop
  endfacet
  facet normal 1 -0 0
    outer loop
      vertex -60.5 15 1.5
      vertex -60.5 23.0099 0
      vertex -60.5 15.6893 1.54337
    endloop
  endfacet
  facet normal 1 0 0
    outer loop
      vertex -60.5 14.3107 1.54337
      vertex -60.5 23.0099 0
      vertex -60.5 15 1.5
    endloop
  endfacet
  facet normal 1 0 0
    outer loop
      vertex -60.5 -19.2395 0
      vertex -60.5 9.51085 6.65465
      vertex -60.5 -19.2395 14
    endloop
  endfacet
  facet normal 1 0 0
    outer loop
      vertex -60.5 9.51085 6.65465
      vertex -60.5 -19.2395 0
      vertex -60.5 9.59742 5.9694
    endloop
  endfacet
  facet normal 1 0 0
    outer loop
      vertex -60.5 9.59742 5.9694
      vertex -60.5 -19.2395 0
      vertex -60.5 9.76919 5.30041
    endloop
  endfacet
  facet normal 1 0 0
    outer loop
      vertex -60.5 9.76919 5.30041
      vertex -60.5 -19.2395 0
      vertex -60.5 10.0235 4.65821
    endloop
  endfacet
  facet normal 1 0 0
    outer loop
      vertex -60.5 10.0235 4.65821
      vertex -60.5 -19.2395 0
      vertex -60.5 10.3562 4.05295
    endloop
  endfacet
  facet normal 1 0 0
    outer loop
      vertex -60.5 10.3562 4.05295
      vertex -60.5 -19.2395 0
      vertex -60.5 10.7622 3.49417
    endloop
  endfacet
  facet normal 1 0 0
    outer loop
      vertex -60.5 10.7622 3.49417
      vertex -60.5 -19.2395 0
      vertex -60.5 11.235 2.99067
    endloop
  endfacet
  facet normal 1 0 0
    outer loop
      vertex -60.5 11.235 2.99067
      vertex -60.5 -19.2395 0
      vertex -60.5 11.7672 2.55041
    endloop
  endfacet
  facet normal 1 0 0
    outer loop
      vertex -60.5 11.7672 2.55041
      vertex -60.5 -19.2395 0
      vertex -60.5 12.3504 2.18031
    endloop
  endfacet
  facet normal 1 0 0
    outer loop
      vertex -60.5 14.3107 1.54337
      vertex -60.5 -19.2395 0
      vertex -60.5 23.0099 0
    endloop
  endfacet
  facet normal 1 0 0
    outer loop
      vertex -60.5 13.6322 1.67279
      vertex -60.5 -19.2395 0
      vertex -60.5 14.3107 1.54337
    endloop
  endfacet
  facet normal 1 0 0
    outer loop
      vertex -60.5 12.9753 1.88623
      vertex -60.5 -19.2395 0
      vertex -60.5 13.6322 1.67279
    endloop
  endfacet
  facet normal 1 0 0
    outer loop
      vertex -60.5 12.3504 2.18031
      vertex -60.5 -19.2395 0
      vertex -60.5 12.9753 1.88623
    endloop
  endfacet
  facet normal -0.998018 -0.0629291 -2.26092e-05
    outer loop
      vertex -74.4606 -32.6267 14
      vertex -74.5 -32 8.87954
      vertex -74.4925 -32.1189 8.75292
    endloop
  endfacet
  facet normal -0.99802 -0.0629019 -1.99598e-05
    outer loop
      vertex -74.4606 -32.6267 14
      vertex -74.4925 -32.1189 8.75292
      vertex -74.4797 -32.3219 8.47352
    endloop
  endfacet
  facet normal -0.998052 -0.0623932 8.20656e-06
    outer loop
      vertex -74.4606 -32.6267 14
      vertex -74.4797 -32.3219 8.47352
      vertex -74.4693 -32.4883 8.17089
    endloop
  endfacet
  facet normal -0.998025 -0.0628137 -1.81732e-06
    outer loop
      vertex -74.4606 -32.6267 14
      vertex -74.4693 -32.4883 8.17089
      vertex -74.4613 -32.6154 7.8498
    endloop
  endfacet
  facet normal -0.998087 -0.0618284 -0
    outer loop
      vertex -74.4606 -32.6267 14
      vertex -74.4613 -32.6154 7.8498
      vertex -74.4606 -32.6267 7.80594
    endloop
  endfacet
  facet normal -0.99803 -0.0627451 0
    outer loop
      vertex -74.5 -32 8.87954
      vertex -74.4606 -32.6267 14
      vertex -74.5 -32 14
    endloop
  endfacet
  facet normal -0.99803 -0.0627451 0
    outer loop
      vertex -74.4606 -32.6267 0
      vertex -74.5 -32 5.12046
      vertex -74.5 -32 0
    endloop
  endfacet
  facet normal -0.998018 -0.0629291 2.26092e-05
    outer loop
      vertex -74.5 -32 5.12046
      vertex -74.4606 -32.6267 0
      vertex -74.4925 -32.1189 5.24708
    endloop
  endfacet
  facet normal -0.99802 -0.0629019 1.99598e-05
    outer loop
      vertex -74.4925 -32.1189 5.24708
      vertex -74.4606 -32.6267 0
      vertex -74.4797 -32.3219 5.52648
    endloop
  endfacet
  facet normal -0.998052 -0.0623932 -8.20656e-06
    outer loop
      vertex -74.4797 -32.3219 5.52648
      vertex -74.4606 -32.6267 0
      vertex -74.4693 -32.4883 5.82911
    endloop
  endfacet
  facet normal -0.998025 -0.0628137 1.81732e-06
    outer loop
      vertex -74.4693 -32.4883 5.82911
      vertex -74.4606 -32.6267 0
      vertex -74.4613 -32.6154 6.1502
    endloop
  endfacet
  facet normal -0.998087 -0.0618284 0
    outer loop
      vertex -74.4613 -32.6154 6.1502
      vertex -74.4606 -32.6267 0
      vertex -74.4606 -32.6267 6.19406
    endloop
  endfacet
  facet normal 0.125328 -0.992115 0
    outer loop
      vertex -65.1861 -36.9901 0
      vertex -64.5631 -36.9114 14
      vertex -65.1861 -36.9901 14
    endloop
  endfacet
  facet normal 0.125328 -0.992115 0
    outer loop
      vertex -64.5631 -36.9114 14
      vertex -65.1861 -36.9901 0
      vertex -64.5631 -36.9114 0
    endloop
  endfacet
  facet normal -0.951061 -0.309003 0
    outer loop
      vertex -74.1489 -33.8406 0
      vertex -74.3429 -33.2435 14
      vertex -74.3429 -33.2435 0
    endloop
  endfacet
  facet normal -0.951061 -0.309003 0
    outer loop
      vertex -74.3429 -33.2435 14
      vertex -74.1489 -33.8406 0
      vertex -74.1489 -33.8406 14
    endloop
  endfacet
  facet normal -0.125328 -0.992115 0
    outer loop
      vertex -70.4369 -36.9114 0
      vertex -69.8139 -36.9901 14
      vertex -70.4369 -36.9114 14
    endloop
  endfacet
  facet normal -0.125328 -0.992115 -0
    outer loop
      vertex -69.8139 -36.9901 14
      vertex -70.4369 -36.9114 0
      vertex -69.8139 -36.9901 0
    endloop
  endfacet
  facet normal -0.684624 -0.728896 0
    outer loop
      vertex -73.1448 -35.4227 0
      vertex -72.6871 -35.8526 14
      vertex -73.1448 -35.4227 14
    endloop
  endfacet
  facet normal -0.684624 -0.728896 -0
    outer loop
      vertex -72.6871 -35.8526 14
      vertex -73.1448 -35.4227 0
      vertex -72.6871 -35.8526 0
    endloop
  endfacet
  facet normal -0.770462 -0.637486 0
    outer loop
      vertex -73.1448 -35.4227 0
      vertex -73.5451 -34.9389 14
      vertex -73.5451 -34.9389 0
    endloop
  endfacet
  facet normal -0.770462 -0.637486 0
    outer loop
      vertex -73.5451 -34.9389 14
      vertex -73.1448 -35.4227 0
      vertex -73.1448 -35.4227 14
    endloop
  endfacet
  facet normal 0 -1 0
    outer loop
      vertex -69.8139 -36.9901 0
      vertex -65.1861 -36.9901 14
      vertex -69.8139 -36.9901 14
    endloop
  endfacet
  facet normal 0 -1 -0
    outer loop
      vertex -65.1861 -36.9901 14
      vertex -69.8139 -36.9901 0
      vertex -65.1861 -36.9901 0
    endloop
  endfacet
  facet normal 0.481784 -0.87629 0
    outer loop
      vertex -63.3711 -36.5241 0
      vertex -62.8209 -36.2216 14
      vertex -63.3711 -36.5241 14
    endloop
  endfacet
  facet normal 0.481784 -0.87629 0
    outer loop
      vertex -62.8209 -36.2216 14
      vertex -63.3711 -36.5241 0
      vertex -62.8209 -36.2216 0
    endloop
  endfacet
  facet normal -0.481784 -0.87629 0
    outer loop
      vertex -72.1791 -36.2216 0
      vertex -71.6289 -36.5241 14
      vertex -72.1791 -36.2216 14
    endloop
  endfacet
  facet normal -0.481784 -0.87629 -0
    outer loop
      vertex -71.6289 -36.5241 14
      vertex -72.1791 -36.2216 0
      vertex -71.6289 -36.5241 0
    endloop
  endfacet
  facet normal -0.368203 -0.929745 0
    outer loop
      vertex -71.6289 -36.5241 0
      vertex -71.0451 -36.7553 14
      vertex -71.6289 -36.5241 14
    endloop
  endfacet
  facet normal -0.368203 -0.929745 -0
    outer loop
      vertex -71.0451 -36.7553 14
      vertex -71.6289 -36.5241 0
      vertex -71.0451 -36.7553 0
    endloop
  endfacet
  facet normal -0.904811 -0.425812 0
    outer loop
      vertex -73.8815 -34.4088 0
      vertex -74.1489 -33.8406 14
      vertex -74.1489 -33.8406 0
    endloop
  endfacet
  facet normal -0.904811 -0.425812 0
    outer loop
      vertex -74.1489 -33.8406 14
      vertex -73.8815 -34.4088 0
      vertex -73.8815 -34.4088 14
    endloop
  endfacet
  facet normal 0.248601 -0.968606 0
    outer loop
      vertex -64.5631 -36.9114 0
      vertex -63.9549 -36.7553 14
      vertex -64.5631 -36.9114 14
    endloop
  endfacet
  facet normal 0.248601 -0.968606 0
    outer loop
      vertex -63.9549 -36.7553 14
      vertex -64.5631 -36.9114 0
      vertex -63.9549 -36.7553 0
    endloop
  endfacet
  facet normal 0.368203 -0.929745 0
    outer loop
      vertex -63.9549 -36.7553 0
      vertex -63.3711 -36.5241 14
      vertex -63.9549 -36.7553 14
    endloop
  endfacet
  facet normal 0.368203 -0.929745 0
    outer loop
      vertex -63.3711 -36.5241 14
      vertex -63.9549 -36.7553 0
      vertex -63.3711 -36.5241 0
    endloop
  endfacet
  facet normal 0.587698 -0.80908 0
    outer loop
      vertex -62.8209 -36.2216 0
      vertex -62.3129 -35.8526 14
      vertex -62.8209 -36.2216 14
    endloop
  endfacet
  facet normal 0.587698 -0.80908 0
    outer loop
      vertex -62.3129 -35.8526 14
      vertex -62.8209 -36.2216 0
      vertex -62.3129 -35.8526 0
    endloop
  endfacet
  facet normal 0.684624 -0.728896 0
    outer loop
      vertex -62.3129 -35.8526 0
      vertex -61.8552 -35.4227 14
      vertex -62.3129 -35.8526 14
    endloop
  endfacet
  facet normal 0.684624 -0.728896 0
    outer loop
      vertex -61.8552 -35.4227 14
      vertex -62.3129 -35.8526 0
      vertex -61.8552 -35.4227 0
    endloop
  endfacet
  facet normal -0.587698 -0.80908 0
    outer loop
      vertex -72.6871 -35.8526 0
      vertex -72.1791 -36.2216 14
      vertex -72.6871 -35.8526 14
    endloop
  endfacet
  facet normal -0.587698 -0.80908 -0
    outer loop
      vertex -72.1791 -36.2216 14
      vertex -72.6871 -35.8526 0
      vertex -72.1791 -36.2216 0
    endloop
  endfacet
  facet normal -0.248601 -0.968606 0
    outer loop
      vertex -71.0451 -36.7553 0
      vertex -70.4369 -36.9114 14
      vertex -71.0451 -36.7553 14
    endloop
  endfacet
  facet normal -0.248601 -0.968606 -0
    outer loop
      vertex -70.4369 -36.9114 14
      vertex -71.0451 -36.7553 0
      vertex -70.4369 -36.9114 0
    endloop
  endfacet
  facet normal -0.982276 -0.187441 0
    outer loop
      vertex -74.3429 -33.2435 0
      vertex -74.4606 -32.6267 6.19406
      vertex -74.4606 -32.6267 0
    endloop
  endfacet
  facet normal -0.982163 -0.188032 6.09809e-05
    outer loop
      vertex -74.4606 -32.6267 6.19406
      vertex -74.3429 -33.2435 0
      vertex -74.4463 -32.7013 6.4847
    endloop
  endfacet
  facet normal -0.982276 -0.187438 0
    outer loop
      vertex -74.4381 -32.7446 6.82733
      vertex -74.3429 -33.2435 0
      vertex -74.4381 -32.7446 7.17267
    endloop
  endfacet
  facet normal -0.982442 -0.186571 -6.56559e-05
    outer loop
      vertex -74.4463 -32.7013 6.4847
      vertex -74.3429 -33.2435 0
      vertex -74.4381 -32.7446 6.82733
    endloop
  endfacet
  facet normal -0.982163 -0.188032 -6.09809e-05
    outer loop
      vertex -74.3429 -33.2435 14
      vertex -74.4606 -32.6267 7.80594
      vertex -74.4463 -32.7013 7.5153
    endloop
  endfacet
  facet normal -0.982442 -0.186571 6.56559e-05
    outer loop
      vertex -74.3429 -33.2435 14
      vertex -74.4463 -32.7013 7.5153
      vertex -74.4381 -32.7446 7.17267
    endloop
  endfacet
  facet normal -0.982276 -0.187438 -0
    outer loop
      vertex -74.3429 -33.2435 14
      vertex -74.4381 -32.7446 7.17267
      vertex -74.3429 -33.2435 0
    endloop
  endfacet
  facet normal -0.982276 -0.187441 0
    outer loop
      vertex -74.4606 -32.6267 7.80594
      vertex -74.3429 -33.2435 14
      vertex -74.4606 -32.6267 14
    endloop
  endfacet
  facet normal -0.844336 -0.535814 0
    outer loop
      vertex -73.5451 -34.9389 0
      vertex -73.8815 -34.4088 14
      vertex -73.8815 -34.4088 0
    endloop
  endfacet
  facet normal -0.844336 -0.535814 0
    outer loop
      vertex -73.8815 -34.4088 14
      vertex -73.5451 -34.9389 0
      vertex -73.5451 -34.9389 14
    endloop
  endfacet
  facet normal 0.770383 -0.637582 0
    outer loop
      vertex -61.8552 -35.4227 14
      vertex -61.486 -34.9766 0
      vertex -61.486 -34.9766 14
    endloop
  endfacet
  facet normal 0.770383 -0.637582 0
    outer loop
      vertex -61.486 -34.9766 0
      vertex -61.8552 -35.4227 14
      vertex -61.8552 -35.4227 0
    endloop
  endfacet
  facet normal 0.406226 -0.913772 0.000850343
    outer loop
      vertex -47.2113 -28.6322 12.3272
      vertex -61.486 -34.9766 14
      vertex -48.7378 -29.3107 12.4566
    endloop
  endfacet
  facet normal 0.406133 -0.913814 -0.00048839
    outer loop
      vertex -61.486 -34.9766 14
      vertex 49.4102 14.3107 12.4566
      vertex 50.9612 15 12.5
    endloop
  endfacet
  facet normal 0.406138 -0.913812 -5.22024e-05
    outer loop
      vertex 47.8837 13.6322 12.3272
      vertex -61.486 -34.9766 14
      vertex -47.2113 -28.6322 12.3272
    endloop
  endfacet
  facet normal 0.406143 -0.913809 0.000328649
    outer loop
      vertex -61.486 -34.9766 14
      vertex 47.8837 13.6322 12.3272
      vertex 49.4102 14.3107 12.4566
    endloop
  endfacet
  facet normal 0.406138 -0.913812 0.00013978
    outer loop
      vertex -45.7332 -27.9753 12.1138
      vertex 47.8837 13.6322 12.3272
      vertex -47.2113 -28.6322 12.3272
    endloop
  endfacet
  facet normal 0.406138 -0.913812 4.91059e-05
    outer loop
      vertex -45.7332 -27.9753 12.1138
      vertex 46.4057 12.9753 12.1138
      vertex 47.8837 13.6322 12.3272
    endloop
  endfacet
  facet normal 0.406138 -0.913812 0.000102518
    outer loop
      vertex -44.3271 -27.3504 11.8197
      vertex 46.4057 12.9753 12.1138
      vertex -45.7332 -27.9753 12.1138
    endloop
  endfacet
  facet normal 0.406139 -0.913811 -0.000246015
    outer loop
      vertex -44.3271 -27.3504 11.8197
      vertex 44.9995 12.3504 11.8197
      vertex 46.4057 12.9753 12.1138
    endloop
  endfacet
  facet normal 0.406139 -0.913811 3.22407e-06
    outer loop
      vertex -43.0149 -26.7672 11.4496
      vertex 44.9995 12.3504 11.8197
      vertex -44.3271 -27.3504 11.8197
    endloop
  endfacet
  facet normal 0.406139 -0.913811 0.000108077
    outer loop
      vertex -43.0149 -26.7672 11.4496
      vertex 43.6874 11.7672 11.4496
      vertex 44.9995 12.3504 11.8197
    endloop
  endfacet
  facet normal 0.406139 -0.913811 -4.48467e-05
    outer loop
      vertex -41.8175 -26.235 11.0093
      vertex 43.6874 11.7672 11.4496
      vertex -43.0149 -26.7672 11.4496
    endloop
  endfacet
  facet normal 0.406139 -0.913811 -4.74308e-05
    outer loop
      vertex -41.8175 -26.235 11.0093
      vertex 42.4899 11.235 11.0093
      vertex 43.6874 11.7672 11.4496
    endloop
  endfacet
  facet normal 0.406139 -0.913811 1.01782e-06
    outer loop
      vertex -40.7537 -25.7622 10.5058
      vertex 42.4899 11.235 11.0093
      vertex -41.8175 -26.235 11.0093
    endloop
  endfacet
  facet normal 0.406139 -0.913811 -1.04417e-06
    outer loop
      vertex -40.7537 -25.7622 10.5058
      vertex 41.4261 10.7622 10.5058
      vertex 42.4899 11.235 11.0093
    endloop
  endfacet
  facet normal 0.406139 -0.913811 8.07979e-07
    outer loop
      vertex -39.8402 -25.3562 9.94705
      vertex 41.4261 10.7622 10.5058
      vertex -40.7537 -25.7622 10.5058
    endloop
  endfacet
  facet normal 0.406138 -0.913812 7.2687e-05
    outer loop
      vertex -39.8402 -25.3562 9.94705
      vertex 40.5127 10.3562 9.94705
      vertex 41.4261 10.7622 10.5058
    endloop
  endfacet
  facet normal 0.406138 -0.913812 1.67754e-05
    outer loop
      vertex -39.0916 -25.0235 9.34179
      vertex 40.5127 10.3562 9.94705
      vertex -39.8402 -25.3562 9.94705
    endloop
  endfacet
  facet normal 0.406139 -0.913811 -8.48325e-05
    outer loop
      vertex -39.0916 -25.0235 9.34179
      vertex 39.764 10.0235 9.34179
      vertex 40.5127 10.3562 9.94705
    endloop
  endfacet
  facet normal 0.406139 -0.913811 -4.67431e-05
    outer loop
      vertex -38.5195 -24.7692 8.69959
      vertex 39.764 10.0235 9.34179
      vertex -39.0916 -25.0235 9.34179
    endloop
  endfacet
  facet normal 0.406138 -0.913812 6.17655e-05
    outer loop
      vertex -38.5195 -24.7692 8.69959
      vertex 39.1919 9.76919 8.69959
      vertex 39.764 10.0235 9.34179
    endloop
  endfacet
  facet normal 0.406138 -0.913812 -3.04225e-05
    outer loop
      vertex -38.133 -24.5974 8.0306
      vertex 39.1919 9.76919 8.69959
      vertex -38.5195 -24.7692 8.69959
    endloop
  endfacet
  facet normal 0.406138 -0.913812 -1.04564e-05
    outer loop
      vertex -38.133 -24.5974 8.0306
      vertex 38.8054 9.59742 8.0306
      vertex 39.1919 9.76919 8.69959
    endloop
  endfacet
  facet normal 0.406138 -0.913812 0.000103638
    outer loop
      vertex -37.9382 -24.5109 7.34535
      vertex 38.8054 9.59742 8.0306
      vertex -38.133 -24.5974 8.0306
    endloop
  endfacet
  facet normal 0.406139 -0.913811 -1.05794e-05
    outer loop
      vertex -37.9382 -24.5109 7.34535
      vertex 38.6106 9.51085 7.34535
      vertex 38.8054 9.59742 8.0306
    endloop
  endfacet
  facet normal 0.406139 -0.913811 0
    outer loop
      vertex -37.9382 -24.5109 6.65465
      vertex 38.6106 9.51085 7.34535
      vertex -37.9382 -24.5109 7.34535
    endloop
  endfacet
  facet normal 0.406139 -0.913811 0
    outer loop
      vertex -37.9382 -24.5109 6.65465
      vertex 38.6106 9.51085 6.65465
      vertex 38.6106 9.51085 7.34535
    endloop
  endfacet
  facet normal 0.406139 -0.913811 -0.000103928
    outer loop
      vertex -38.133 -24.5974 5.9694
      vertex 38.6106 9.51085 6.65465
      vertex -37.9382 -24.5109 6.65465
    endloop
  endfacet
  facet normal 0.406138 -0.913812 1.02895e-05
    outer loop
      vertex -38.133 -24.5974 5.9694
      vertex 38.8054 9.59742 5.9694
      vertex 38.6106 9.51085 6.65465
    endloop
  endfacet
  facet normal 0.406138 -0.913812 3.05223e-05
    outer loop
      vertex -38.5195 -24.7692 5.30041
      vertex 38.8054 9.59742 5.9694
      vertex -38.133 -24.5974 5.9694
    endloop
  endfacet
  facet normal 0.406138 -0.913812 1.05562e-05
    outer loop
      vertex -38.5195 -24.7692 5.30041
      vertex 39.1919 9.76919 5.30041
      vertex 38.8054 9.59742 5.9694
    endloop
  endfacet
  facet normal 0.406138 -0.913812 4.75361e-05
    outer loop
      vertex -39.0916 -25.0235 4.65821
      vertex 39.1919 9.76919 5.30041
      vertex -38.5195 -24.7692 5.30041
    endloop
  endfacet
  facet normal 0.406139 -0.913811 -6.09724e-05
    outer loop
      vertex -39.0916 -25.0235 4.65821
      vertex 39.764 10.0235 4.65821
      vertex 39.1919 9.76919 5.30041
    endloop
  endfacet
  facet normal 0.406139 -0.913811 -1.77309e-05
    outer loop
      vertex -39.8402 -25.3562 4.05295
      vertex 39.764 10.0235 4.65821
      vertex -39.0916 -25.0235 4.65821
    endloop
  endfacet
  facet normal 0.406138 -0.913812 8.38769e-05
    outer loop
      vertex -39.8402 -25.3562 4.05295
      vertex 40.5127 10.3562 4.05295
      vertex 39.764 10.0235 4.65821
    endloop
  endfacet
  facet normal 0.406138 -0.913812 -1.30151e-15
    outer loop
      vertex -40.7537 -25.7622 3.49417
      vertex 40.5127 10.3562 4.05295
      vertex -39.8402 -25.3562 4.05295
    endloop
  endfacet
  facet normal 0.406139 -0.913811 -7.18752e-05
    outer loop
      vertex -40.7537 -25.7622 3.49417
      vertex 41.4261 10.7622 3.49417
      vertex 40.5127 10.3562 4.05295
    endloop
  endfacet
  facet normal 0.406139 -0.913811 -1.04417e-06
    outer loop
      vertex -41.8175 -26.235 2.99067
      vertex 41.4261 10.7622 3.49417
      vertex -40.7537 -25.7622 3.49417
    endloop
  endfacet
  facet normal 0.406139 -0.913811 1.01782e-06
    outer loop
      vertex -41.8175 -26.235 2.99067
      vertex 42.4899 11.235 2.99067
      vertex 41.4261 10.7622 3.49417
    endloop
  endfacet
  facet normal 0.406139 -0.913811 4.48146e-05
    outer loop
      vertex -43.0149 -26.7672 2.55041
      vertex 42.4899 11.235 2.99067
      vertex -41.8175 -26.235 2.99067
    endloop
  endfacet
  facet normal 0.406139 -0.913811 4.7399e-05
    outer loop
      vertex -43.0149 -26.7672 2.55041
      vertex 43.6874 11.7672 2.55041
      vertex 42.4899 11.235 2.99067
    endloop
  endfacet
  facet normal 0.406139 -0.913811 -1.66083e-06
    outer loop
      vertex -44.3271 -27.3504 2.18031
      vertex 43.6874 11.7672 2.55041
      vertex -43.0149 -26.7672 2.55041
    endloop
  endfacet
  facet normal 0.406139 -0.913811 -0.000106514
    outer loop
      vertex -44.3271 -27.3504 2.18031
      vertex 44.9995 12.3504 2.18031
      vertex 43.6874 11.7672 2.55041
    endloop
  endfacet
  facet normal 0.406139 -0.913811 -0.000107926
    outer loop
      vertex -45.7332 -27.9753 1.88623
      vertex 44.9995 12.3504 2.18031
      vertex -44.3271 -27.3504 2.18031
    endloop
  endfacet
  facet normal 0.406138 -0.913812 0.000240629
    outer loop
      vertex -45.7332 -27.9753 1.88623
      vertex 46.4057 12.9753 1.88623
      vertex 44.9995 12.3504 2.18031
    endloop
  endfacet
  facet normal 0.406138 -0.913812 -0.000141185
    outer loop
      vertex -47.2113 -28.6322 1.67279
      vertex 46.4057 12.9753 1.88623
      vertex -45.7332 -27.9753 1.88623
    endloop
  endfacet
  facet normal 0.406138 -0.913812 -5.0528e-05
    outer loop
      vertex -47.2113 -28.6322 1.67279
      vertex 47.8837 13.6322 1.67279
      vertex 46.4057 12.9753 1.88623
    endloop
  endfacet
  facet normal 0.406226 -0.913772 -0.000850706
    outer loop
      vertex -61.486 -34.9766 0
      vertex -47.2113 -28.6322 1.67279
      vertex -48.7378 -29.3107 1.54337
    endloop
  endfacet
  facet normal 0.406138 -0.913812 5.22028e-05
    outer loop
      vertex -47.2113 -28.6322 1.67279
      vertex -61.486 -34.9766 0
      vertex 47.8837 13.6322 1.67279
    endloop
  endfacet
  facet normal 0.406117 -0.913821 0.000236607
    outer loop
      vertex -61.486 -34.9766 0
      vertex -48.7378 -29.3107 1.54337
      vertex -50.2888 -30 1.5
    endloop
  endfacet
  facet normal 0.406143 -0.913809 -0.000328606
    outer loop
      vertex 47.8837 13.6322 1.67279
      vertex -61.486 -34.9766 0
      vertex 49.4102 14.3107 1.54337
    endloop
  endfacet
  facet normal 0.406117 -0.913821 -0.00023665
    outer loop
      vertex -48.7378 -29.3107 12.4566
      vertex -61.486 -34.9766 14
      vertex -50.2888 -30 12.5
    endloop
  endfacet
  facet normal 0.406126 -0.913817 -0.000154869
    outer loop
      vertex -61.486 -34.9766 14
      vertex -51.8398 -30.6893 12.4566
      vertex -50.2888 -30 12.5
    endloop
  endfacet
  facet normal 0.406159 -0.913802 9.7168e-05
    outer loop
      vertex -61.486 -34.9766 14
      vertex -53.3663 -31.3678 12.3272
      vertex -51.8398 -30.6893 12.4566
    endloop
  endfacet
  facet normal 0.406144 -0.913809 5.33055e-06
    outer loop
      vertex -61.486 -34.9766 14
      vertex -54.8443 -32.0247 12.1138
      vertex -53.3663 -31.3678 12.3272
    endloop
  endfacet
  facet normal 0.406116 -0.913822 -0.000111795
    outer loop
      vertex -61.486 -34.9766 14
      vertex -56.2505 -32.6496 11.8197
      vertex -54.8443 -32.0247 12.1138
    endloop
  endfacet
  facet normal 0.40616 -0.913802 1.6549e-05
    outer loop
      vertex -61.486 -34.9766 14
      vertex -57.5626 -33.2328 11.4496
      vertex -56.2505 -32.6496 11.8197
    endloop
  endfacet
  facet normal 0.406134 -0.913813 -3.19194e-05
    outer loop
      vertex -61.486 -34.9766 14
      vertex -58.7601 -33.765 11.0093
      vertex -57.5626 -33.2328 11.4496
    endloop
  endfacet
  facet normal 0.406146 -0.913808 -1.89745e-05
    outer loop
      vertex -61.486 -34.9766 14
      vertex -59.8239 -34.2378 10.5058
      vertex -58.7601 -33.765 11.0093
    endloop
  endfacet
  facet normal 0.406157 -0.913803 -1.24732e-05
    outer loop
      vertex -61.486 -34.9766 14
      vertex -60.5 -34.5383 10.0922
      vertex -59.8239 -34.2378 10.5058
    endloop
  endfacet
  facet normal 0.406045 -0.913853 -4.64357e-05
    outer loop
      vertex -61.486 -34.9766 14
      vertex -60.6058 -34.5853 9.90994
      vertex -60.5 -34.5383 10.0922
    endloop
  endfacet
  facet normal 0.406147 -0.913808 -2.01883e-05
    outer loop
      vertex -61.486 -34.9766 14
      vertex -60.9071 -34.7192 9.25763
      vertex -60.6058 -34.5853 9.90994
    endloop
  endfacet
  facet normal 0.410479 -0.91187 0.000613808
    outer loop
      vertex -61.486 -34.9766 14
      vertex -60.9226 -34.7262 9.22396
      vertex -60.9071 -34.7192 9.25763
    endloop
  endfacet
  facet normal 0.402171 -0.915565 -0.000559961
    outer loop
      vertex -61.486 -34.9766 14
      vertex -60.9354 -34.7318 9.18713
      vertex -60.9226 -34.7262 9.22396
    endloop
  endfacet
  facet normal 0.406199 -0.913785 -8.58838e-06
    outer loop
      vertex -61.486 -34.9766 14
      vertex -61.1489 -34.8267 8.5683
      vertex -60.9354 -34.7318 9.18713
    endloop
  endfacet
  facet normal 0.406329 -0.913727 1.05041e-06
    outer loop
      vertex -61.486 -34.9766 14
      vertex -61.28 -34.885 7.99702
      vertex -61.1489 -34.8267 8.5683
    endloop
  endfacet
  facet normal 0.406665 -0.913578 1.48621e-05
    outer loop
      vertex -61.486 -34.9766 14
      vertex -61.2946 -34.8915 7.9331
      vertex -61.28 -34.885 7.99702
    endloop
  endfacet
  facet normal 0.405888 -0.913923 -1.44908e-05
    outer loop
      vertex -61.486 -34.9766 14
      vertex -61.366 -34.9232 7.30974
      vertex -61.2946 -34.8915 7.9331
    endloop
  endfacet
  facet normal 0.406562 -0.913623 0
    outer loop
      vertex -61.486 -34.9766 14
      vertex -61.366 -34.9232 6.69026
      vertex -61.366 -34.9232 7.30974
    endloop
  endfacet
  facet normal 0.410479 -0.91187 -0.000613808
    outer loop
      vertex -61.486 -34.9766 0
      vertex -60.9071 -34.7192 4.74237
      vertex -60.9226 -34.7262 4.77604
    endloop
  endfacet
  facet normal 0.406139 -0.913811 8.88259e-06
    outer loop
      vertex 68.9834 23.0099 0
      vertex 49.4102 14.3107 1.54337
      vertex -61.486 -34.9766 0
    endloop
  endfacet
  facet normal 0.406126 -0.913817 0.000154887
    outer loop
      vertex -51.8398 -30.6893 1.54337
      vertex -61.486 -34.9766 0
      vertex -50.2888 -30 1.5
    endloop
  endfacet
  facet normal 0.406159 -0.913802 -9.7164e-05
    outer loop
      vertex -53.3663 -31.3678 1.67279
      vertex -61.486 -34.9766 0
      vertex -51.8398 -30.6893 1.54337
    endloop
  endfacet
  facet normal 0.406144 -0.913809 -5.33016e-06
    outer loop
      vertex -54.8443 -32.0247 1.88623
      vertex -61.486 -34.9766 0
      vertex -53.3663 -31.3678 1.67279
    endloop
  endfacet
  facet normal 0.406116 -0.913822 0.000111797
    outer loop
      vertex -56.2505 -32.6496 2.18031
      vertex -61.486 -34.9766 0
      vertex -54.8443 -32.0247 1.88623
    endloop
  endfacet
  facet normal 0.40616 -0.913802 -1.6549e-05
    outer loop
      vertex -57.5626 -33.2328 2.55041
      vertex -61.486 -34.9766 0
      vertex -56.2505 -32.6496 2.18031
    endloop
  endfacet
  facet normal 0.406134 -0.913813 3.19204e-05
    outer loop
      vertex -58.7601 -33.765 2.99067
      vertex -61.486 -34.9766 0
      vertex -57.5626 -33.2328 2.55041
    endloop
  endfacet
  facet normal 0.406146 -0.913808 1.89746e-05
    outer loop
      vertex -59.8239 -34.2378 3.49417
      vertex -61.486 -34.9766 0
      vertex -58.7601 -33.765 2.99067
    endloop
  endfacet
  facet normal 0.406157 -0.913803 1.24733e-05
    outer loop
      vertex -60.5 -34.5383 3.90776
      vertex -61.486 -34.9766 0
      vertex -59.8239 -34.2378 3.49417
    endloop
  endfacet
  facet normal 0.406045 -0.913853 4.6433e-05
    outer loop
      vertex -60.6058 -34.5853 4.09006
      vertex -61.486 -34.9766 0
      vertex -60.5 -34.5383 3.90776
    endloop
  endfacet
  facet normal 0.406147 -0.913808 2.01883e-05
    outer loop
      vertex -60.9071 -34.7192 4.74237
      vertex -61.486 -34.9766 0
      vertex -60.6058 -34.5853 4.09006
    endloop
  endfacet
  facet normal 0.402171 -0.915565 0.000559961
    outer loop
      vertex -60.9354 -34.7318 4.81287
      vertex -61.486 -34.9766 0
      vertex -60.9226 -34.7262 4.77604
    endloop
  endfacet
  facet normal 0.406199 -0.913785 8.58838e-06
    outer loop
      vertex -61.1489 -34.8267 5.4317
      vertex -61.486 -34.9766 0
      vertex -60.9354 -34.7318 4.81287
    endloop
  endfacet
  facet normal 0.406329 -0.913727 -1.05041e-06
    outer loop
      vertex -61.28 -34.885 6.00298
      vertex -61.486 -34.9766 0
      vertex -61.1489 -34.8267 5.4317
    endloop
  endfacet
  facet normal 0.406665 -0.913578 -1.48621e-05
    outer loop
      vertex -61.2946 -34.8915 6.0669
      vertex -61.486 -34.9766 0
      vertex -61.28 -34.885 6.00298
    endloop
  endfacet
  facet normal 0.405888 -0.913923 1.44908e-05
    outer loop
      vertex -61.366 -34.9232 6.69026
      vertex -61.486 -34.9766 0
      vertex -61.2946 -34.8915 6.0669
    endloop
  endfacet
  facet normal 0.406562 -0.913623 0
    outer loop
      vertex -61.486 -34.9766 0
      vertex -61.366 -34.9232 6.69026
      vertex -61.486 -34.9766 14
    endloop
  endfacet
  facet normal 0.406139 -0.913811 1.18917e-05
    outer loop
      vertex -61.486 -34.9766 14
      vertex 50.9612 15 12.5
      vertex 68.9834 23.0099 14
    endloop
  endfacet
  facet normal 0.406127 -0.913817 0.00019179
    outer loop
      vertex 52.5122 15.6893 12.4566
      vertex 68.9834 23.0099 14
      vertex 50.9612 15 12.5
    endloop
  endfacet
  facet normal 0.406155 -0.913804 -0.00016562
    outer loop
      vertex 54.0387 16.3678 12.3272
      vertex 68.9834 23.0099 14
      vertex 52.5122 15.6893 12.4566
    endloop
  endfacet
  facet normal 0.406131 -0.913815 8.30538e-05
    outer loop
      vertex 55.5168 17.0247 12.1138
      vertex 68.9834 23.0099 14
      vertex 54.0387 16.3678 12.3272
    endloop
  endfacet
  facet normal 0.406133 -0.913814 7.06679e-05
    outer loop
      vertex 56.9229 17.6496 11.8197
      vertex 68.9834 23.0099 14
      vertex 55.5168 17.0247 12.1138
    endloop
  endfacet
  facet normal 0.406141 -0.91381 1.27329e-05
    outer loop
      vertex 58.2351 18.2328 11.4496
      vertex 68.9834 23.0099 14
      vertex 56.9229 17.6496 11.8197
    endloop
  endfacet
  facet normal 0.406147 -0.913808 -1.71018e-05
    outer loop
      vertex 59.4325 18.765 11.0093
      vertex 68.9834 23.0099 14
      vertex 58.2351 18.2328 11.4496
    endloop
  endfacet
  facet normal 0.406141 -0.91381 6.7589e-06
    outer loop
      vertex 60.4963 19.2378 10.5058
      vertex 68.9834 23.0099 14
      vertex 59.4325 18.765 11.0093
    endloop
  endfacet
  facet normal 0.406141 -0.91381 5.84512e-06
    outer loop
      vertex 61.4098 19.6438 9.94705
      vertex 68.9834 23.0099 14
      vertex 60.4963 19.2378 10.5058
    endloop
  endfacet
  facet normal 0.406137 -0.913812 1.5083e-05
    outer loop
      vertex 62.1584 19.9765 9.34179
      vertex 68.9834 23.0099 14
      vertex 61.4098 19.6438 9.94705
    endloop
  endfacet
  facet normal 0.40616 -0.913802 -2.45514e-05
    outer loop
      vertex 62.7305 20.2308 8.69959
      vertex 68.9834 23.0099 14
      vertex 62.1584 19.9765 9.34179
    endloop
  endfacet
  facet normal 0.406156 -0.913804 -1.84865e-05
    outer loop
      vertex 63.117 20.4026 8.0306
      vertex 68.9834 23.0099 14
      vertex 62.7305 20.2308 8.69959
    endloop
  endfacet
  facet normal 0.406071 -0.913841 8.08332e-05
    outer loop
      vertex 63.3118 20.4891 7.34535
      vertex 68.9834 23.0099 14
      vertex 63.117 20.4026 8.0306
    endloop
  endfacet
  facet normal 0.40615 -0.913806 0
    outer loop
      vertex 63.3118 20.4891 6.65465
      vertex 68.9834 23.0099 14
      vertex 63.3118 20.4891 7.34535
    endloop
  endfacet
  facet normal 0.406071 -0.913841 -8.08332e-05
    outer loop
      vertex 68.9834 23.0099 0
      vertex 63.3118 20.4891 6.65465
      vertex 63.117 20.4026 5.9694
    endloop
  endfacet
  facet normal 0.406156 -0.913804 1.84865e-05
    outer loop
      vertex 68.9834 23.0099 0
      vertex 63.117 20.4026 5.9694
      vertex 62.7305 20.2308 5.30041
    endloop
  endfacet
  facet normal 0.40615 -0.913806 0
    outer loop
      vertex 63.3118 20.4891 6.65465
      vertex 68.9834 23.0099 0
      vertex 68.9834 23.0099 14
    endloop
  endfacet
  facet normal 0.40616 -0.913802 2.45514e-05
    outer loop
      vertex 62.1584 19.9765 4.65821
      vertex 68.9834 23.0099 0
      vertex 62.7305 20.2308 5.30041
    endloop
  endfacet
  facet normal 0.406137 -0.913812 -1.5083e-05
    outer loop
      vertex 61.4098 19.6438 4.05295
      vertex 68.9834 23.0099 0
      vertex 62.1584 19.9765 4.65821
    endloop
  endfacet
  facet normal 0.406141 -0.91381 -5.84495e-06
    outer loop
      vertex 60.4963 19.2378 3.49417
      vertex 68.9834 23.0099 0
      vertex 61.4098 19.6438 4.05295
    endloop
  endfacet
  facet normal 0.406141 -0.91381 -6.75892e-06
    outer loop
      vertex 59.4325 18.765 2.99067
      vertex 68.9834 23.0099 0
      vertex 60.4963 19.2378 3.49417
    endloop
  endfacet
  facet normal 0.406147 -0.913808 1.71027e-05
    outer loop
      vertex 58.2351 18.2328 2.55041
      vertex 68.9834 23.0099 0
      vertex 59.4325 18.765 2.99067
    endloop
  endfacet
  facet normal 0.406141 -0.91381 -1.27329e-05
    outer loop
      vertex 56.9229 17.6496 2.18031
      vertex 68.9834 23.0099 0
      vertex 58.2351 18.2328 2.55041
    endloop
  endfacet
  facet normal 0.406133 -0.913814 -7.06703e-05
    outer loop
      vertex 55.5168 17.0247 1.88623
      vertex 68.9834 23.0099 0
      vertex 56.9229 17.6496 2.18031
    endloop
  endfacet
  facet normal 0.406131 -0.913815 -8.30452e-05
    outer loop
      vertex 54.0387 16.3678 1.67279
      vertex 68.9834 23.0099 0
      vertex 55.5168 17.0247 1.88623
    endloop
  endfacet
  facet normal 0.406155 -0.913804 0.000165609
    outer loop
      vertex 52.5122 15.6893 1.54337
      vertex 68.9834 23.0099 0
      vertex 54.0387 16.3678 1.67279
    endloop
  endfacet
  facet normal 0.406127 -0.913817 -0.000191823
    outer loop
      vertex 50.9612 15 1.5
      vertex 68.9834 23.0099 0
      vertex 52.5122 15.6893 1.54337
    endloop
  endfacet
  facet normal 0.406113 -0.913823 -0.00038593
    outer loop
      vertex 49.4102 14.3107 1.54337
      vertex 68.9834 23.0099 0
      vertex 50.9612 15 1.5
    endloop
  endfacet
  facet normal -0.406113 0.913823 -0.000386065
    outer loop
      vertex 14.9878 14.3107 12.4566
      vertex 34.561 23.0099 14
      vertex 16.5388 15 12.5
    endloop
  endfacet
  facet normal -0.406127 0.913817 -0.00019179
    outer loop
      vertex 34.561 23.0099 14
      vertex 18.0898 15.6893 12.4566
      vertex 16.5388 15 12.5
    endloop
  endfacet
  facet normal -0.406155 0.913804 0.00016562
    outer loop
      vertex 34.561 23.0099 14
      vertex 19.6163 16.3678 12.3272
      vertex 18.0898 15.6893 12.4566
    endloop
  endfacet
  facet normal -0.406141 0.91381 2.4151e-05
    outer loop
      vertex 34.561 23.0099 14
      vertex 21.0943 17.0247 12.1138
      vertex 19.6163 16.3678 12.3272
    endloop
  endfacet
  facet normal -0.406122 0.913819 -0.000144738
    outer loop
      vertex 34.561 23.0099 14
      vertex 22.5005 17.6496 11.8197
      vertex 21.0943 17.0247 12.1138
    endloop
  endfacet
  facet normal -0.406152 0.913806 5.41432e-05
    outer loop
      vertex 34.561 23.0099 14
      vertex 23.8126 18.2328 11.4496
      vertex 22.5005 17.6496 11.8197
    endloop
  endfacet
  facet normal -0.406134 0.913813 -3.27156e-05
    outer loop
      vertex 34.561 23.0099 14
      vertex 25.0101 18.765 11.0093
      vertex 23.8126 18.2328 11.4496
    endloop
  endfacet
  facet normal -0.406141 0.91381 -6.7589e-06
    outer loop
      vertex 34.561 23.0099 14
      vertex 26.0739 19.2378 10.5058
      vertex 25.0101 18.765 11.0093
    endloop
  endfacet
  facet normal -0.406156 0.913804 3.76013e-05
    outer loop
      vertex 34.561 23.0099 14
      vertex 26.9873 19.6438 9.94705
      vertex 26.0739 19.2378 10.5058
    endloop
  endfacet
  facet normal -0.406117 0.913821 -5.14671e-05
    outer loop
      vertex 34.561 23.0099 14
      vertex 27.736 19.9765 9.34179
      vertex 26.9873 19.6438 9.94705
    endloop
  endfacet
  facet normal -0.40616 0.913802 2.45514e-05
    outer loop
      vertex 34.561 23.0099 14
      vertex 28.3081 20.2308 8.69959
      vertex 27.736 19.9765 9.34179
    endloop
  endfacet
  facet normal -0.406156 0.913804 1.84865e-05
    outer loop
      vertex 34.561 23.0099 14
      vertex 28.6946 20.4026 8.0306
      vertex 28.3081 20.2308 8.69959
    endloop
  endfacet
  facet normal -0.406071 0.913841 -8.08332e-05
    outer loop
      vertex 34.561 23.0099 14
      vertex 28.8894 20.4891 7.34535
      vertex 28.6946 20.4026 8.0306
    endloop
  endfacet
  facet normal -0.40615 0.913806 0
    outer loop
      vertex 34.561 23.0099 14
      vertex 28.8894 20.4891 6.65465
      vertex 28.8894 20.4891 7.34535
    endloop
  endfacet
  facet normal -0.40615 0.913806 0
    outer loop
      vertex 34.561 23.0099 0
      vertex 28.8894 20.4891 6.65465
      vertex 34.561 23.0099 14
    endloop
  endfacet
  facet normal -0.406071 0.913841 8.08332e-05
    outer loop
      vertex 28.8894 20.4891 6.65465
      vertex 34.561 23.0099 0
      vertex 28.6946 20.4026 5.9694
    endloop
  endfacet
  facet normal -0.406127 0.913817 0.000191823
    outer loop
      vertex 18.0898 15.6893 1.54337
      vertex 34.561 23.0099 0
      vertex 16.5388 15 1.5
    endloop
  endfacet
  facet normal -0.406155 0.913804 -0.000165609
    outer loop
      vertex 19.6163 16.3678 1.67279
      vertex 34.561 23.0099 0
      vertex 18.0898 15.6893 1.54337
    endloop
  endfacet
  facet normal -0.406141 0.91381 -2.41485e-05
    outer loop
      vertex 21.0943 17.0247 1.88623
      vertex 34.561 23.0099 0
      vertex 19.6163 16.3678 1.67279
    endloop
  endfacet
  facet normal -0.406122 0.913819 0.000144743
    outer loop
      vertex 22.5005 17.6496 2.18031
      vertex 34.561 23.0099 0
      vertex 21.0943 17.0247 1.88623
    endloop
  endfacet
  facet normal -0.406152 0.913806 -5.41431e-05
    outer loop
      vertex 23.8126 18.2328 2.55041
      vertex 34.561 23.0099 0
      vertex 22.5005 17.6496 2.18031
    endloop
  endfacet
  facet normal -0.406134 0.913813 3.27173e-05
    outer loop
      vertex 25.0101 18.765 2.99067
      vertex 34.561 23.0099 0
      vertex 23.8126 18.2328 2.55041
    endloop
  endfacet
  facet normal -0.406141 0.91381 6.75892e-06
    outer loop
      vertex 26.0739 19.2378 3.49417
      vertex 34.561 23.0099 0
      vertex 25.0101 18.765 2.99067
    endloop
  endfacet
  facet normal -0.406156 0.913804 -3.76003e-05
    outer loop
      vertex 26.9873 19.6438 4.05295
      vertex 34.561 23.0099 0
      vertex 26.0739 19.2378 3.49417
    endloop
  endfacet
  facet normal -0.406117 0.913821 5.14671e-05
    outer loop
      vertex 27.736 19.9765 4.65821
      vertex 34.561 23.0099 0
      vertex 26.9873 19.6438 4.05295
    endloop
  endfacet
  facet normal -0.40616 0.913802 -2.45514e-05
    outer loop
      vertex 28.3081 20.2308 5.30041
      vertex 34.561 23.0099 0
      vertex 27.736 19.9765 4.65821
    endloop
  endfacet
  facet normal -0.406156 0.913804 -1.84865e-05
    outer loop
      vertex 28.6946 20.4026 5.9694
      vertex 34.561 23.0099 0
      vertex 28.3081 20.2308 5.30041
    endloop
  endfacet
  facet normal -0.406139 0.913811 8.1273e-06
    outer loop
      vertex 34.561 23.0099 14
      vertex 14.9878 14.3107 12.4566
      vertex -60.5 -19.2395 14
    endloop
  endfacet
  facet normal -0.406144 0.913809 -0.000308419
    outer loop
      vertex 13.4613 13.6322 12.3272
      vertex -60.5 -19.2395 14
      vertex 14.9878 14.3107 12.4566
    endloop
  endfacet
  facet normal -0.406139 0.913811 -4.03137e-05
    outer loop
      vertex 11.9833 12.9753 12.1138
      vertex -60.5 -19.2395 14
      vertex 13.4613 13.6322 12.3272
    endloop
  endfacet
  facet normal -0.406134 0.913814 0.000214926
    outer loop
      vertex 10.5771 12.3504 11.8197
      vertex -60.5 -19.2395 14
      vertex 11.9833 12.9753 12.1138
    endloop
  endfacet
  facet normal -0.40614 0.913811 -4.62892e-05
    outer loop
      vertex 9.26495 11.7672 11.4496
      vertex -60.5 -19.2395 14
      vertex 10.5771 12.3504 11.8197
    endloop
  endfacet
  facet normal -0.40614 0.913811 -1.49799e-05
    outer loop
      vertex 8.06752 11.235 11.0093
      vertex -60.5 -19.2395 14
      vertex 9.26495 11.7672 11.4496
    endloop
  endfacet
  facet normal -0.406138 0.913812 2.33602e-05
    outer loop
      vertex 7.00369 10.7622 10.5058
      vertex -60.5 -19.2395 14
      vertex 8.06752 11.235 11.0093
    endloop
  endfacet
  facet normal -0.406141 0.913811 -3.22837e-05
    outer loop
      vertex 6.09024 10.3562 9.94705
      vertex -60.5 -19.2395 14
      vertex 7.00369 10.7622 10.5058
    endloop
  endfacet
  facet normal -0.406136 0.913813 6.612e-05
    outer loop
      vertex 5.34156 10.0235 9.34179
      vertex -60.5 -19.2395 14
      vertex 6.09024 10.3562 9.94705
    endloop
  endfacet
  facet normal -0.406143 0.913809 -6.29719e-05
    outer loop
      vertex 4.76947 9.76919 8.69959
      vertex -60.5 -19.2395 14
      vertex 5.34156 10.0235 9.34179
    endloop
  endfacet
  facet normal -0.406139 0.913811 -1.16644e-06
    outer loop
      vertex 4.38299 9.59742 8.0306
      vertex -60.5 -19.2395 14
      vertex 4.76947 9.76919 8.69959
    endloop
  endfacet
  facet normal -0.406139 0.913811 -1.30524e-06
    outer loop
      vertex 4.18821 9.51085 7.34535
      vertex -60.5 -19.2395 14
      vertex 4.38299 9.59742 8.0306
    endloop
  endfacet
  facet normal -0.406139 0.913811 0
    outer loop
      vertex 4.18821 9.51085 6.65465
      vertex -60.5 -19.2395 14
      vertex 4.18821 9.51085 7.34535
    endloop
  endfacet
  facet normal -0.406139 0.913811 1.30524e-06
    outer loop
      vertex -60.5 -19.2395 0
      vertex 4.18821 9.51085 6.65465
      vertex 4.38299 9.59742 5.9694
    endloop
  endfacet
  facet normal -0.406139 0.913811 1.16644e-06
    outer loop
      vertex -60.5 -19.2395 0
      vertex 4.38299 9.59742 5.9694
      vertex 4.76947 9.76919 5.30041
    endloop
  endfacet
  facet normal -0.406143 0.913809 6.29719e-05
    outer loop
      vertex -60.5 -19.2395 0
      vertex 4.76947 9.76919 5.30041
      vertex 5.34156 10.0235 4.65821
    endloop
  endfacet
  facet normal -0.406136 0.913813 -6.612e-05
    outer loop
      vertex -60.5 -19.2395 0
      vertex 5.34156 10.0235 4.65821
      vertex 6.09024 10.3562 4.05295
    endloop
  endfacet
  facet normal -0.406141 0.913811 3.22821e-05
    outer loop
      vertex -60.5 -19.2395 0
      vertex 6.09024 10.3562 4.05295
      vertex 7.00369 10.7622 3.49417
    endloop
  endfacet
  facet normal -0.406138 0.913812 -2.33602e-05
    outer loop
      vertex -60.5 -19.2395 0
      vertex 7.00369 10.7622 3.49417
      vertex 8.06752 11.235 2.99067
    endloop
  endfacet
  facet normal -0.40614 0.913811 1.49812e-05
    outer loop
      vertex -60.5 -19.2395 0
      vertex 8.06752 11.235 2.99067
      vertex 9.26495 11.7672 2.55041
    endloop
  endfacet
  facet normal -0.40614 0.913811 4.62892e-05
    outer loop
      vertex -60.5 -19.2395 0
      vertex 9.26495 11.7672 2.55041
      vertex 10.5771 12.3504 2.18031
    endloop
  endfacet
  facet normal -0.406134 0.913814 -0.000214938
    outer loop
      vertex -60.5 -19.2395 0
      vertex 10.5771 12.3504 2.18031
      vertex 11.9833 12.9753 1.88623
    endloop
  endfacet
  facet normal -0.406113 0.913823 0.00038593
    outer loop
      vertex 34.561 23.0099 0
      vertex 14.9878 14.3107 1.54337
      vertex 16.5388 15 1.5
    endloop
  endfacet
  facet normal -0.406139 0.913811 0
    outer loop
      vertex 4.18821 9.51085 6.65465
      vertex -60.5 -19.2395 0
      vertex -60.5 -19.2395 14
    endloop
  endfacet
  facet normal -0.406139 0.913811 4.03072e-05
    outer loop
      vertex 13.4613 13.6322 1.67279
      vertex -60.5 -19.2395 0
      vertex 11.9833 12.9753 1.88623
    endloop
  endfacet
  facet normal -0.406144 0.913809 0.000308381
    outer loop
      vertex 14.9878 14.3107 1.54337
      vertex -60.5 -19.2395 0
      vertex 13.4613 13.6322 1.67279
    endloop
  endfacet
  facet normal -0.406139 0.913811 -8.12746e-06
    outer loop
      vertex -60.5 -19.2395 0
      vertex 14.9878 14.3107 1.54337
      vertex 34.561 23.0099 0
    endloop
  endfacet
  facet normal 0.547029 -0.0525663 0.835462
    outer loop
      vertex -60.5 -30 1.5
      vertex -60.5 -29.3107 1.54337
      vertex -64.7 -30 4.25
    endloop
  endfacet
  facet normal 0.547027 -0.0525467 0.835464
    outer loop
      vertex -60.5 -29.3107 1.54337
      vertex -64.7 -29.6553 4.27168
      vertex -64.7 -30 4.25
    endloop
  endfacet
  facet normal 0.547031 0.356469 -0.757421
    outer loop
      vertex -64.7 -31.3248 9.40984
      vertex -60.5 -32.0247 12.1138
      vertex -60.5 -32.6496 11.8197
    endloop
  endfacet
  facet normal 0.547037 0.356401 -0.757449
    outer loop
      vertex -60.5 -32.0247 12.1138
      vertex -64.7 -31.3248 9.40984
      vertex -64.7 -31.0123 9.55688
    endloop
  endfacet
  facet normal 0.547027 -0.677236 0.49205
    outer loop
      vertex -60.5 -25.7622 3.49417
      vertex -64.7 -27.6781 5.52648
      vertex -64.7 -27.8811 5.24708
    endloop
  endfacet
  facet normal 0.547029 -0.810805 -0.208216
    outer loop
      vertex -64.7 -27.2987 7.5153
      vertex -60.5 -24.5974 8.0306
      vertex -64.7 -27.3846 7.8498
    endloop
  endfacet
  facet normal 0.547029 0.0525663 0.835462
    outer loop
      vertex -60.5 -30.6893 1.54337
      vertex -60.5 -30 1.5
      vertex -64.7 -30 4.25
    endloop
  endfacet
  facet normal 0.547027 0.533601 0.645005
    outer loop
      vertex -64.7 -31.8825 4.99534
      vertex -60.5 -33.2328 2.55041
      vertex -64.7 -31.6164 4.7752
    endloop
  endfacet
  facet normal 0.547029 0.533586 0.645016
    outer loop
      vertex -60.5 -33.2328 2.55041
      vertex -64.7 -31.8825 4.99534
      vertex -60.5 -33.765 2.99067
    endloop
  endfacet
  facet normal 0.547027 0.810791 -0.208277
    outer loop
      vertex -61.1489 -34.8267 8.5683
      vertex -61.28 -34.885 7.99702
      vertex -64.7 -32.6154 7.8498
    endloop
  endfacet
  facet normal 0.547034 0.258638 -0.796153
    outer loop
      vertex -64.7 -31.0123 9.55688
      vertex -60.5 -31.3678 12.3272
      vertex -60.5 -32.0247 12.1138
    endloop
  endfacet
  facet normal 0.547027 0.258719 -0.796132
    outer loop
      vertex -60.5 -31.3678 12.3272
      vertex -64.7 -31.0123 9.55688
      vertex -64.7 -30.6839 9.6636
    endloop
  endfacet
  facet normal 0.547028 -0.44854 -0.706804
    outer loop
      vertex -60.5 -26.7672 11.4496
      vertex -60.5 -27.3504 11.8197
      vertex -64.7 -28.3836 9.2248
    endloop
  endfacet
  facet normal 0.547029 0.258718 0.796131
    outer loop
      vertex -64.7 -31.0123 4.44312
      vertex -60.5 -31.3678 1.67279
      vertex -64.7 -30.6839 4.3364
    endloop
  endfacet
  facet normal 0.547032 0.258682 0.796141
    outer loop
      vertex -60.5 -31.3678 1.67279
      vertex -64.7 -31.0123 4.44312
      vertex -60.5 -32.0247 1.88623
    endloop
  endfacet
  facet normal 0.547027 0.156847 0.82229
    outer loop
      vertex -60.5 -31.3678 1.67279
      vertex -60.5 -30.6893 1.54337
      vertex -64.7 -30.3447 4.27168
    endloop
  endfacet
  facet normal 0.547033 0.356402 0.757451
    outer loop
      vertex -64.7 -31.3248 4.59016
      vertex -60.5 -32.0247 1.88623
      vertex -64.7 -31.0123 4.44312
    endloop
  endfacet
  facet normal 0.547029 0.35645 0.757432
    outer loop
      vertex -60.5 -32.0247 1.88623
      vertex -64.7 -31.3248 4.59016
      vertex -60.5 -32.6496 2.18031
    endloop
  endfacet
  facet normal 0.547027 0.44854 0.706805
    outer loop
      vertex -60.5 -33.2328 2.55041
      vertex -60.5 -32.6496 2.18031
      vertex -64.7 -31.6164 4.7752
    endloop
  endfacet
  facet normal 0.547016 0.830517 0.104957
    outer loop
      vertex -61.366 -34.9232 6.69026
      vertex -64.7 -32.7013 6.4847
      vertex -64.7 -32.7446 6.82733
    endloop
  endfacet
  facet normal 0.547022 0.830521 0.104891
    outer loop
      vertex -64.7 -32.7013 6.4847
      vertex -61.366 -34.9232 6.69026
      vertex -61.2946 -34.8915 6.0669
    endloop
  endfacet
  facet normal 0.547027 0.733585 0.403254
    outer loop
      vertex -60.9071 -34.7192 4.74237
      vertex -60.6058 -34.5853 4.09006
      vertex -64.7 -32.3219 5.52648
    endloop
  endfacet
  facet normal 0.54703 0.448522 -0.706814
    outer loop
      vertex -64.7 -31.3248 9.40984
      vertex -60.5 -32.6496 11.8197
      vertex -64.7 -31.6164 9.2248
    endloop
  endfacet
  facet normal 0.547024 0.610231 -0.573046
    outer loop
      vertex -64.7 -31.8825 9.00466
      vertex -60.5 -34.2378 10.5058
      vertex -64.7 -32.1189 8.75292
    endloop
  endfacet
  facet normal 0.547027 0.778358 -0.308092
    outer loop
      vertex -60.9354 -34.7318 9.18713
      vertex -61.1489 -34.8267 8.5683
      vertex -64.7 -32.6154 7.8498
    endloop
  endfacet
  facet normal 0.547029 -0.810805 0.208216
    outer loop
      vertex -60.5 -24.5974 5.9694
      vertex -64.7 -27.2987 6.4847
      vertex -64.7 -27.3846 6.1502
    endloop
  endfacet
  facet normal 0.547029 -0.35645 0.757432
    outer loop
      vertex -64.7 -28.6752 4.59016
      vertex -60.5 -27.9753 1.88623
      vertex -60.5 -27.3504 2.18031
    endloop
  endfacet
  facet normal 0.547033 -0.356402 0.757451
    outer loop
      vertex -60.5 -27.9753 1.88623
      vertex -64.7 -28.6752 4.59016
      vertex -64.7 -28.9877 4.44312
    endloop
  endfacet
  facet normal 0.547028 -0.733592 -0.403242
    outer loop
      vertex -60.5 -25.0235 9.34179
      vertex -60.5 -25.3562 9.94705
      vertex -64.7 -27.6781 8.47352
    endloop
  endfacet
  facet normal 0.547028 -0.533601 -0.645004
    outer loop
      vertex -64.7 -28.1175 9.00466
      vertex -60.5 -26.7672 11.4496
      vertex -64.7 -28.3836 9.2248
    endloop
  endfacet
  facet normal 0.547026 -0.533616 -0.644993
    outer loop
      vertex -60.5 -26.7672 11.4496
      vertex -64.7 -28.1175 9.00466
      vertex -60.5 -26.235 11.0093
    endloop
  endfacet
  facet normal 0.547023 -0.0525469 -0.835467
    outer loop
      vertex -64.7 -29.6553 9.72832
      vertex -60.5 -29.3107 12.4566
      vertex -64.7 -30 9.75
    endloop
  endfacet
  facet normal 0.547027 0.0525467 0.835464
    outer loop
      vertex -60.5 -30.6893 1.54337
      vertex -64.7 -30 4.25
      vertex -64.7 -30.3447 4.27168
    endloop
  endfacet
  facet normal 0.547028 0.778353 0.308103
    outer loop
      vertex -60.9354 -34.7318 4.81287
      vertex -64.7 -32.4883 5.82911
      vertex -64.7 -32.6154 6.1502
    endloop
  endfacet
  facet normal 0.547036 0.778211 0.308445
    outer loop
      vertex -64.7 -32.4883 5.82911
      vertex -60.9354 -34.7318 4.81287
      vertex -60.9226 -34.7262 4.77604
    endloop
  endfacet
  facet normal 0.547028 0.610241 0.573032
    outer loop
      vertex -60.5 -34.2378 3.49417
      vertex -60.5 -33.765 2.99067
      vertex -64.7 -31.8825 4.99534
    endloop
  endfacet
  facet normal 0.547023 0.156824 -0.822297
    outer loop
      vertex -60.5 -30.6893 12.4566
      vertex -60.5 -31.3678 12.3272
      vertex -64.7 -30.3447 9.72832
    endloop
  endfacet
  facet normal 0.547029 0.156893 -0.82228
    outer loop
      vertex -64.7 -30.3447 9.72832
      vertex -60.5 -31.3678 12.3272
      vertex -64.7 -30.6839 9.6636
    endloop
  endfacet
  facet normal 0.547026 0.610242 -0.573034
    outer loop
      vertex -60.5 -33.765 11.0093
      vertex -60.5 -34.2378 10.5058
      vertex -64.7 -31.8825 9.00466
    endloop
  endfacet
  facet normal 0.547017 0.837122 0
    outer loop
      vertex -61.366 -34.9232 7.30974
      vertex -64.7 -32.7446 6.82733
      vertex -64.7 -32.7446 7.17267
    endloop
  endfacet
  facet normal 0.547017 0.837122 0
    outer loop
      vertex -64.7 -32.7446 6.82733
      vertex -61.366 -34.9232 7.30974
      vertex -61.366 -34.9232 6.69026
    endloop
  endfacet
  facet normal 0.547036 0.778211 -0.308445
    outer loop
      vertex -60.9354 -34.7318 9.18713
      vertex -64.7 -32.4883 8.17089
      vertex -60.9226 -34.7262 9.22396
    endloop
  endfacet
  facet normal 0.547028 0.778353 -0.308103
    outer loop
      vertex -64.7 -32.4883 8.17089
      vertex -60.9354 -34.7318 9.18713
      vertex -64.7 -32.6154 7.8498
    endloop
  endfacet
  facet normal 0.547032 -0.258682 0.796141
    outer loop
      vertex -64.7 -28.9877 4.44312
      vertex -60.5 -28.6322 1.67279
      vertex -60.5 -27.9753 1.88623
    endloop
  endfacet
  facet normal 0.547029 -0.258718 0.796131
    outer loop
      vertex -60.5 -28.6322 1.67279
      vertex -64.7 -28.9877 4.44312
      vertex -64.7 -29.3161 4.3364
    endloop
  endfacet
  facet normal 0.547027 -0.44854 0.706805
    outer loop
      vertex -60.5 -27.3504 2.18031
      vertex -60.5 -26.7672 2.55041
      vertex -64.7 -28.3836 4.7752
    endloop
  endfacet
  facet normal 0.547027 -0.778316 -0.308199
    outer loop
      vertex -60.5 -24.7692 8.69959
      vertex -60.5 -25.0235 9.34179
      vertex -64.7 -27.3846 7.8498
    endloop
  endfacet
  facet normal 0.547028 -0.830524 -0.104838
    outer loop
      vertex -64.7 -27.2987 7.5153
      vertex -60.5 -24.5109 7.34535
      vertex -60.5 -24.5974 8.0306
    endloop
  endfacet
  facet normal 0.547018 -0.830515 -0.104957
    outer loop
      vertex -60.5 -24.5109 7.34535
      vertex -64.7 -27.2987 7.5153
      vertex -64.7 -27.2554 7.17267
    endloop
  endfacet
  facet normal 0.547024 -0.610231 -0.573046
    outer loop
      vertex -64.7 -27.8811 8.75292
      vertex -60.5 -25.7622 10.5058
      vertex -64.7 -28.1175 9.00466
    endloop
  endfacet
  facet normal 0.547028 -0.677214 -0.492079
    outer loop
      vertex -60.5 -25.3562 9.94705
      vertex -60.5 -25.7622 10.5058
      vertex -64.7 -27.6781 8.47352
    endloop
  endfacet
  facet normal 0.547023 -0.156824 -0.822297
    outer loop
      vertex -60.5 -28.6322 12.3272
      vertex -60.5 -29.3107 12.4566
      vertex -64.7 -29.6553 9.72832
    endloop
  endfacet
  facet normal 0.547023 0.0525469 -0.835467
    outer loop
      vertex -64.7 -30 9.75
      vertex -60.5 -30.6893 12.4566
      vertex -64.7 -30.3447 9.72832
    endloop
  endfacet
  facet normal 0.547031 0.156892 0.822279
    outer loop
      vertex -60.5 -31.3678 1.67279
      vertex -64.7 -30.3447 4.27168
      vertex -64.7 -30.6839 4.3364
    endloop
  endfacet
  facet normal 0.547029 0.448522 0.706815
    outer loop
      vertex -60.5 -32.6496 2.18031
      vertex -64.7 -31.3248 4.59016
      vertex -64.7 -31.6164 4.7752
    endloop
  endfacet
  facet normal 0.547027 0.810791 0.208277
    outer loop
      vertex -61.28 -34.885 6.00298
      vertex -61.1489 -34.8267 5.4317
      vertex -64.7 -32.6154 6.1502
    endloop
  endfacet
  facet normal 0.547027 0.778358 0.308092
    outer loop
      vertex -61.1489 -34.8267 5.4317
      vertex -60.9354 -34.7318 4.81287
      vertex -64.7 -32.6154 6.1502
    endloop
  endfacet
  facet normal 0.547022 0.81081 0.208217
    outer loop
      vertex -61.2946 -34.8915 6.0669
      vertex -64.7 -32.6154 6.1502
      vertex -64.7 -32.7013 6.4847
    endloop
  endfacet
  facet normal 0.547102 0.810958 0.20743
    outer loop
      vertex -64.7 -32.6154 6.1502
      vertex -61.2946 -34.8915 6.0669
      vertex -61.28 -34.885 6.00298
    endloop
  endfacet
  facet normal 0.547025 0.733542 0.403335
    outer loop
      vertex -60.9226 -34.7262 4.77604
      vertex -64.7 -32.3219 5.52648
      vertex -64.7 -32.4883 5.82911
    endloop
  endfacet
  facet normal 0.546936 0.733132 0.404201
    outer loop
      vertex -64.7 -32.3219 5.52648
      vertex -60.9226 -34.7262 4.77604
      vertex -60.9071 -34.7192 4.74237
    endloop
  endfacet
  facet normal 0.547 0.677247 0.492064
    outer loop
      vertex -60.5 -34.2378 3.49417
      vertex -60.6058 -34.5853 4.09006
      vertex -60.5 -34.5383 3.90776
    endloop
  endfacet
  facet normal 0.547028 0.677229 0.492058
    outer loop
      vertex -60.6058 -34.5853 4.09006
      vertex -60.5 -34.2378 3.49417
      vertex -64.7 -32.3219 5.52648
    endloop
  endfacet
  facet normal 0.547027 0.61023 0.573045
    outer loop
      vertex -60.5 -34.2378 3.49417
      vertex -64.7 -31.8825 4.99534
      vertex -64.7 -32.1189 5.24708
    endloop
  endfacet
  facet normal 0.547027 0.677236 0.49205
    outer loop
      vertex -60.5 -34.2378 3.49417
      vertex -64.7 -32.1189 5.24708
      vertex -64.7 -32.3219 5.52648
    endloop
  endfacet
  facet normal 0.547022 0.830521 -0.104891
    outer loop
      vertex -61.366 -34.9232 7.30974
      vertex -64.7 -32.7013 7.5153
      vertex -61.2946 -34.8915 7.9331
    endloop
  endfacet
  facet normal 0.547016 0.830517 -0.104957
    outer loop
      vertex -64.7 -32.7013 7.5153
      vertex -61.366 -34.9232 7.30974
      vertex -64.7 -32.7446 7.17267
    endloop
  endfacet
  facet normal 0.547025 0.677237 -0.492051
    outer loop
      vertex -64.7 -32.1189 8.75292
      vertex -60.5 -34.2378 10.5058
      vertex -64.7 -32.3219 8.47352
    endloop
  endfacet
  facet normal 0.547018 -0.733546 0.403338
    outer loop
      vertex -60.5 -25.0235 4.65821
      vertex -64.7 -27.5117 5.82911
      vertex -64.7 -27.6781 5.52648
    endloop
  endfacet
  facet normal 0.547018 -0.837121 0
    outer loop
      vertex -64.7 -27.2554 6.82733
      vertex -60.5 -24.5109 7.34535
      vertex -64.7 -27.2554 7.17267
    endloop
  endfacet
  facet normal 0.547018 -0.837121 0
    outer loop
      vertex -60.5 -24.5109 7.34535
      vertex -64.7 -27.2554 6.82733
      vertex -60.5 -24.5109 6.65465
    endloop
  endfacet
  facet normal 0.547027 -0.156847 0.82229
    outer loop
      vertex -60.5 -29.3107 1.54337
      vertex -60.5 -28.6322 1.67279
      vertex -64.7 -29.6553 4.27168
    endloop
  endfacet
  facet normal 0.547031 -0.156892 0.822279
    outer loop
      vertex -60.5 -28.6322 1.67279
      vertex -64.7 -29.3161 4.3364
      vertex -64.7 -29.6553 4.27168
    endloop
  endfacet
  facet normal 0.547027 -0.61023 0.573045
    outer loop
      vertex -60.5 -25.7622 3.49417
      vertex -64.7 -27.8811 5.24708
      vertex -64.7 -28.1175 4.99534
    endloop
  endfacet
  facet normal 0.547029 -0.810805 -0.208219
    outer loop
      vertex -60.5 -24.5974 8.0306
      vertex -60.5 -24.7692 8.69959
      vertex -64.7 -27.3846 7.8498
    endloop
  endfacet
  facet normal 0.547026 -0.610242 -0.573034
    outer loop
      vertex -60.5 -25.7622 10.5058
      vertex -60.5 -26.235 11.0093
      vertex -64.7 -28.1175 9.00466
    endloop
  endfacet
  facet normal 0.547018 -0.733546 -0.403338
    outer loop
      vertex -64.7 -27.5117 8.17089
      vertex -60.5 -25.0235 9.34179
      vertex -64.7 -27.6781 8.47352
    endloop
  endfacet
  facet normal 0.547018 -0.778359 -0.308105
    outer loop
      vertex -64.7 -27.3846 7.8498
      vertex -60.5 -25.0235 9.34179
      vertex -64.7 -27.5117 8.17089
    endloop
  endfacet
  facet normal 0.547025 -0.677237 -0.492051
    outer loop
      vertex -64.7 -27.6781 8.47352
      vertex -60.5 -25.7622 10.5058
      vertex -64.7 -27.8811 8.75292
    endloop
  endfacet
  facet normal 0.547037 -0.356401 -0.757449
    outer loop
      vertex -64.7 -28.6752 9.40984
      vertex -60.5 -27.9753 12.1138
      vertex -64.7 -28.9877 9.55688
    endloop
  endfacet
  facet normal 0.547031 -0.356469 -0.757421
    outer loop
      vertex -60.5 -27.9753 12.1138
      vertex -64.7 -28.6752 9.40984
      vertex -60.5 -27.3504 11.8197
    endloop
  endfacet
  facet normal 0.547028 0.0526026 -0.83546
    outer loop
      vertex -60.5 -30 12.5
      vertex -60.5 -30.6893 12.4566
      vertex -64.7 -30 9.75
    endloop
  endfacet
  facet normal 0.547028 -0.0526026 -0.83546
    outer loop
      vertex -60.5 -29.3107 12.4566
      vertex -60.5 -30 12.5
      vertex -64.7 -30 9.75
    endloop
  endfacet
  facet normal 0.547026 0.533616 -0.644993
    outer loop
      vertex -64.7 -31.8825 9.00466
      vertex -60.5 -33.2328 11.4496
      vertex -60.5 -33.765 11.0093
    endloop
  endfacet
  facet normal 0.547028 0.533601 -0.645004
    outer loop
      vertex -60.5 -33.2328 11.4496
      vertex -64.7 -31.8825 9.00466
      vertex -64.7 -31.6164 9.2248
    endloop
  endfacet
  facet normal 0.547028 0.44854 -0.706804
    outer loop
      vertex -60.5 -32.6496 11.8197
      vertex -60.5 -33.2328 11.4496
      vertex -64.7 -31.6164 9.2248
    endloop
  endfacet
  facet normal 0.547102 0.810958 -0.20743
    outer loop
      vertex -61.2946 -34.8915 7.9331
      vertex -64.7 -32.6154 7.8498
      vertex -61.28 -34.885 7.99702
    endloop
  endfacet
  facet normal 0.547022 0.81081 -0.208217
    outer loop
      vertex -64.7 -32.6154 7.8498
      vertex -61.2946 -34.8915 7.9331
      vertex -64.7 -32.7013 7.5153
    endloop
  endfacet
  facet normal 0.546936 0.733132 -0.404201
    outer loop
      vertex -60.9226 -34.7262 9.22396
      vertex -64.7 -32.3219 8.47352
      vertex -60.9071 -34.7192 9.25763
    endloop
  endfacet
  facet normal 0.547025 0.733542 -0.403335
    outer loop
      vertex -64.7 -32.3219 8.47352
      vertex -60.9226 -34.7262 9.22396
      vertex -64.7 -32.4883 8.17089
    endloop
  endfacet
  facet normal 0.546859 0.677328 -0.492111
    outer loop
      vertex -60.6058 -34.5853 9.90994
      vertex -60.5 -34.2378 10.5058
      vertex -60.5 -34.5383 10.0922
    endloop
  endfacet
  facet normal 0.547027 0.677217 -0.492076
    outer loop
      vertex -60.5 -34.2378 10.5058
      vertex -60.6058 -34.5853 9.90994
      vertex -64.7 -32.3219 8.47352
    endloop
  endfacet
  facet normal 0.547027 0.733585 -0.403254
    outer loop
      vertex -60.6058 -34.5853 9.90994
      vertex -60.9071 -34.7192 9.25763
      vertex -64.7 -32.3219 8.47352
    endloop
  endfacet
  facet normal 0.547028 -0.733592 0.403242
    outer loop
      vertex -60.5 -25.3562 4.05295
      vertex -60.5 -25.0235 4.65821
      vertex -64.7 -27.6781 5.52648
    endloop
  endfacet
  facet normal 0.547028 -0.677227 0.492061
    outer loop
      vertex -60.5 -25.7622 3.49417
      vertex -60.5 -25.3562 4.05295
      vertex -64.7 -27.6781 5.52648
    endloop
  endfacet
  facet normal 0.547027 -0.778316 0.308199
    outer loop
      vertex -60.5 -25.0235 4.65821
      vertex -60.5 -24.7692 5.30041
      vertex -64.7 -27.3846 6.1502
    endloop
  endfacet
  facet normal 0.547029 -0.810805 0.208219
    outer loop
      vertex -60.5 -24.7692 5.30041
      vertex -60.5 -24.5974 5.9694
      vertex -64.7 -27.3846 6.1502
    endloop
  endfacet
  facet normal 0.547029 -0.448522 0.706815
    outer loop
      vertex -60.5 -27.3504 2.18031
      vertex -64.7 -28.3836 4.7752
      vertex -64.7 -28.6752 4.59016
    endloop
  endfacet
  facet normal 0.54703 -0.448522 -0.706814
    outer loop
      vertex -64.7 -28.3836 9.2248
      vertex -60.5 -27.3504 11.8197
      vertex -64.7 -28.6752 9.40984
    endloop
  endfacet
  facet normal 0.547029 -0.156893 -0.82228
    outer loop
      vertex -64.7 -29.3161 9.6636
      vertex -60.5 -28.6322 12.3272
      vertex -64.7 -29.6553 9.72832
    endloop
  endfacet
  facet normal 0.547027 -0.258719 -0.796132
    outer loop
      vertex -64.7 -28.9877 9.55688
      vertex -60.5 -28.6322 12.3272
      vertex -64.7 -29.3161 9.6636
    endloop
  endfacet
  facet normal 0.547034 -0.258638 -0.796153
    outer loop
      vertex -60.5 -28.6322 12.3272
      vertex -64.7 -28.9877 9.55688
      vertex -60.5 -27.9753 12.1138
    endloop
  endfacet
  facet normal 0.547018 -0.778359 0.308105
    outer loop
      vertex -60.5 -25.0235 4.65821
      vertex -64.7 -27.3846 6.1502
      vertex -64.7 -27.5117 5.82911
    endloop
  endfacet
  facet normal 0.547018 -0.830515 0.104957
    outer loop
      vertex -64.7 -27.2987 6.4847
      vertex -60.5 -24.5109 6.65465
      vertex -64.7 -27.2554 6.82733
    endloop
  endfacet
  facet normal 0.547028 -0.830524 0.104838
    outer loop
      vertex -60.5 -24.5109 6.65465
      vertex -64.7 -27.2987 6.4847
      vertex -60.5 -24.5974 5.9694
    endloop
  endfacet
  facet normal 0.547028 -0.610241 0.573032
    outer loop
      vertex -60.5 -26.235 2.99067
      vertex -60.5 -25.7622 3.49417
      vertex -64.7 -28.1175 4.99534
    endloop
  endfacet
  facet normal 0.547029 -0.533586 0.645016
    outer loop
      vertex -64.7 -28.1175 4.99534
      vertex -60.5 -26.7672 2.55041
      vertex -60.5 -26.235 2.99067
    endloop
  endfacet
  facet normal 0.547027 -0.533601 0.645005
    outer loop
      vertex -60.5 -26.7672 2.55041
      vertex -64.7 -28.1175 4.99534
      vertex -64.7 -28.3836 4.7752
    endloop
  endfacet
  facet normal 0 -0.0627947 0.998026
    outer loop
      vertex -60.5 -29.3107 1.54337
      vertex -50.2888 -30 1.5
      vertex -48.7378 -29.3107 1.54337
    endloop
  endfacet
  facet normal 0 -0.0627947 0.998026
    outer loop
      vertex -50.2888 -30 1.5
      vertex -60.5 -29.3107 1.54337
      vertex -60.5 -30 1.5
    endloop
  endfacet
  facet normal 0 -0.062838 -0.998024
    outer loop
      vertex -60.5 -29.3107 12.4566
      vertex -50.2888 -30 12.5
      vertex -60.5 -30 12.5
    endloop
  endfacet
  facet normal 0 -0.062838 -0.998024
    outer loop
      vertex -50.2888 -30 12.5
      vertex -60.5 -29.3107 12.4566
      vertex -48.7378 -29.3107 12.4566
    endloop
  endfacet
  facet normal 0 -1 0
    outer loop
      vertex -60.5 -24.5109 6.65465
      vertex -37.9382 -24.5109 7.34535
      vertex -60.5 -24.5109 7.34535
    endloop
  endfacet
  facet normal 0 -1 -0
    outer loop
      vertex -37.9382 -24.5109 7.34535
      vertex -60.5 -24.5109 6.65465
      vertex -37.9382 -24.5109 6.65465
    endloop
  endfacet
  facet normal 0 -0.728982 0.684533
    outer loop
      vertex -41.8175 -26.235 2.99067
      vertex -60.5 -25.7622 3.49417
      vertex -60.5 -26.235 2.99067
    endloop
  endfacet
  facet normal 0 -0.728982 0.684533
    outer loop
      vertex -60.5 -25.7622 3.49417
      vertex -41.8175 -26.235 2.99067
      vertex -40.7537 -25.7622 3.49417
    endloop
  endfacet
  facet normal 0 -0.728982 -0.684533
    outer loop
      vertex -60.5 -25.7622 10.5058
      vertex -41.8175 -26.235 11.0093
      vertex -60.5 -26.235 11.0093
    endloop
  endfacet
  facet normal 0 -0.728982 -0.684533
    outer loop
      vertex -41.8175 -26.235 11.0093
      vertex -60.5 -25.7622 10.5058
      vertex -40.7537 -25.7622 10.5058
    endloop
  endfacet
  facet normal 0 -0.929759 -0.368168
    outer loop
      vertex -60.5 -24.7692 8.69959
      vertex -39.0916 -25.0235 9.34179
      vertex -60.5 -25.0235 9.34179
    endloop
  endfacet
  facet normal 0 -0.929759 -0.368168
    outer loop
      vertex -39.0916 -25.0235 9.34179
      vertex -60.5 -24.7692 8.69959
      vertex -38.5195 -24.7692 8.69959
    endloop
  endfacet
  facet normal 0 -0.425808 0.904813
    outer loop
      vertex -60.5 -27.3504 2.18031
      vertex -45.7332 -27.9753 1.88623
      vertex -44.3271 -27.3504 2.18031
    endloop
  endfacet
  facet normal 0 -0.425808 0.904813
    outer loop
      vertex -45.7332 -27.9753 1.88623
      vertex -60.5 -27.3504 2.18031
      vertex -60.5 -27.9753 1.88623
    endloop
  endfacet
  facet normal 0 -0.929759 0.368168
    outer loop
      vertex -39.0916 -25.0235 4.65821
      vertex -60.5 -24.7692 5.30041
      vertex -60.5 -25.0235 4.65821
    endloop
  endfacet
  facet normal 0 -0.929759 0.368168
    outer loop
      vertex -60.5 -24.7692 5.30041
      vertex -39.0916 -25.0235 4.65821
      vertex -38.5195 -24.7692 5.30041
    endloop
  endfacet
  facet normal 0 -0.968572 0.248734
    outer loop
      vertex -38.5195 -24.7692 5.30041
      vertex -60.5 -24.5974 5.9694
      vertex -60.5 -24.7692 5.30041
    endloop
  endfacet
  facet normal 0 -0.968572 0.248734
    outer loop
      vertex -60.5 -24.5974 5.9694
      vertex -38.5195 -24.7692 5.30041
      vertex -38.133 -24.5974 5.9694
    endloop
  endfacet
  facet normal 0 -0.809001 0.587807
    outer loop
      vertex -40.7537 -25.7622 3.49417
      vertex -60.5 -25.3562 4.05295
      vertex -60.5 -25.7622 3.49417
    endloop
  endfacet
  facet normal 0 -0.809001 0.587807
    outer loop
      vertex -60.5 -25.3562 4.05295
      vertex -40.7537 -25.7622 3.49417
      vertex -39.8402 -25.3562 4.05295
    endloop
  endfacet
  facet normal 0 -0.535817 -0.844334
    outer loop
      vertex -60.5 -26.7672 11.4496
      vertex -44.3271 -27.3504 11.8197
      vertex -60.5 -27.3504 11.8197
    endloop
  endfacet
  facet normal 0 -0.535817 -0.844334
    outer loop
      vertex -44.3271 -27.3504 11.8197
      vertex -60.5 -26.7672 11.4496
      vertex -43.0149 -26.7672 11.4496
    endloop
  endfacet
  facet normal 0 -0.637446 -0.770495
    outer loop
      vertex -60.5 -26.235 11.0093
      vertex -43.0149 -26.7672 11.4496
      vertex -60.5 -26.7672 11.4496
    endloop
  endfacet
  facet normal 0 -0.637446 -0.770495
    outer loop
      vertex -43.0149 -26.7672 11.4496
      vertex -60.5 -26.235 11.0093
      vertex -41.8175 -26.235 11.0093
    endloop
  endfacet
  facet normal 0 -0.187338 -0.982295
    outer loop
      vertex -60.5 -28.6322 12.3272
      vertex -48.7378 -29.3107 12.4566
      vertex -60.5 -29.3107 12.4566
    endloop
  endfacet
  facet normal 0 -0.187338 -0.982295
    outer loop
      vertex -48.7378 -29.3107 12.4566
      vertex -60.5 -28.6322 12.3272
      vertex -47.2113 -28.6322 12.3272
    endloop
  endfacet
  facet normal 0 -0.808986 -0.587827
    outer loop
      vertex -60.5 -25.3562 9.94705
      vertex -40.7537 -25.7622 10.5058
      vertex -60.5 -25.7622 10.5058
    endloop
  endfacet
  facet normal 0 -0.808986 -0.587827
    outer loop
      vertex -40.7537 -25.7622 10.5058
      vertex -60.5 -25.3562 9.94705
      vertex -39.8402 -25.3562 9.94705
    endloop
  endfacet
  facet normal 0 -0.992127 -0.125237
    outer loop
      vertex -60.5 -24.5109 7.34535
      vertex -38.133 -24.5974 8.0306
      vertex -60.5 -24.5974 8.0306
    endloop
  endfacet
  facet normal 0 -0.992127 -0.125237
    outer loop
      vertex -38.133 -24.5974 8.0306
      vertex -60.5 -24.5109 7.34535
      vertex -37.9382 -24.5109 7.34535
    endloop
  endfacet
  facet normal 0 -0.309017 0.951056
    outer loop
      vertex -60.5 -27.9753 1.88623
      vertex -47.2113 -28.6322 1.67279
      vertex -45.7332 -27.9753 1.88623
    endloop
  endfacet
  facet normal 0 -0.309017 0.951056
    outer loop
      vertex -47.2113 -28.6322 1.67279
      vertex -60.5 -27.9753 1.88623
      vertex -60.5 -28.6322 1.67279
    endloop
  endfacet
  facet normal 0 -0.187366 0.98229
    outer loop
      vertex -60.5 -28.6322 1.67279
      vertex -48.7378 -29.3107 1.54337
      vertex -47.2113 -28.6322 1.67279
    endloop
  endfacet
  facet normal 0 -0.187366 0.98229
    outer loop
      vertex -48.7378 -29.3107 1.54337
      vertex -60.5 -28.6322 1.67279
      vertex -60.5 -29.3107 1.54337
    endloop
  endfacet
  facet normal 0 -0.637412 0.770523
    outer loop
      vertex -60.5 -26.235 2.99067
      vertex -43.0149 -26.7672 2.55041
      vertex -41.8175 -26.235 2.99067
    endloop
  endfacet
  facet normal 0 -0.637412 0.770523
    outer loop
      vertex -43.0149 -26.7672 2.55041
      vertex -60.5 -26.235 2.99067
      vertex -60.5 -26.7672 2.55041
    endloop
  endfacet
  facet normal 0 -0.535817 0.844334
    outer loop
      vertex -60.5 -26.7672 2.55041
      vertex -44.3271 -27.3504 2.18031
      vertex -43.0149 -26.7672 2.55041
    endloop
  endfacet
  facet normal 0 -0.535817 0.844334
    outer loop
      vertex -44.3271 -27.3504 2.18031
      vertex -60.5 -26.7672 2.55041
      vertex -60.5 -27.3504 2.18031
    endloop
  endfacet
  facet normal 0 -0.992127 0.125237
    outer loop
      vertex -38.133 -24.5974 5.9694
      vertex -60.5 -24.5109 6.65465
      vertex -60.5 -24.5974 5.9694
    endloop
  endfacet
  facet normal 0 -0.992127 0.125237
    outer loop
      vertex -60.5 -24.5109 6.65465
      vertex -38.133 -24.5974 5.9694
      vertex -37.9382 -24.5109 6.65465
    endloop
  endfacet
  facet normal 0 -0.876334 0.481704
    outer loop
      vertex -39.8402 -25.3562 4.05295
      vertex -60.5 -25.0235 4.65821
      vertex -60.5 -25.3562 4.05295
    endloop
  endfacet
  facet normal 0 -0.876334 0.481704
    outer loop
      vertex -60.5 -25.0235 4.65821
      vertex -39.8402 -25.3562 4.05295
      vertex -39.0916 -25.0235 4.65821
    endloop
  endfacet
  facet normal 0 -0.425832 -0.904802
    outer loop
      vertex -60.5 -27.3504 11.8197
      vertex -45.7332 -27.9753 12.1138
      vertex -60.5 -27.9753 12.1138
    endloop
  endfacet
  facet normal 0 -0.425832 -0.904802
    outer loop
      vertex -45.7332 -27.9753 12.1138
      vertex -60.5 -27.3504 11.8197
      vertex -44.3271 -27.3504 11.8197
    endloop
  endfacet
  facet normal 0 -0.308965 -0.951073
    outer loop
      vertex -60.5 -27.9753 12.1138
      vertex -47.2113 -28.6322 12.3272
      vertex -60.5 -28.6322 12.3272
    endloop
  endfacet
  facet normal 0 -0.308965 -0.951073
    outer loop
      vertex -47.2113 -28.6322 12.3272
      vertex -60.5 -27.9753 12.1138
      vertex -45.7332 -27.9753 12.1138
    endloop
  endfacet
  facet normal 0 -0.968572 -0.248734
    outer loop
      vertex -60.5 -24.5974 8.0306
      vertex -38.5195 -24.7692 8.69959
      vertex -60.5 -24.7692 8.69959
    endloop
  endfacet
  facet normal 0 -0.968572 -0.248734
    outer loop
      vertex -38.5195 -24.7692 8.69959
      vertex -60.5 -24.5974 8.0306
      vertex -38.133 -24.5974 8.0306
    endloop
  endfacet
  facet normal -0 0.0627947 0.998026
    outer loop
      vertex -60.5 -30 1.5
      vertex -51.8398 -30.6893 1.54337
      vertex -50.2888 -30 1.5
    endloop
  endfacet
  facet normal 0 0.0627947 0.998026
    outer loop
      vertex -51.8398 -30.6893 1.54337
      vertex -60.5 -30 1.5
      vertex -60.5 -30.6893 1.54337
    endloop
  endfacet
  facet normal -0 0.637412 0.770523
    outer loop
      vertex -60.5 -33.2328 2.55041
      vertex -58.7601 -33.765 2.99067
      vertex -57.5626 -33.2328 2.55041
    endloop
  endfacet
  facet normal 0 0.637412 0.770523
    outer loop
      vertex -58.7601 -33.765 2.99067
      vertex -60.5 -33.2328 2.55041
      vertex -60.5 -33.765 2.99067
    endloop
  endfacet
  facet normal 0 0.062838 -0.998024
    outer loop
      vertex -60.5 -30 12.5
      vertex -51.8398 -30.6893 12.4566
      vertex -60.5 -30.6893 12.4566
    endloop
  endfacet
  facet normal 0 0.062838 -0.998024
    outer loop
      vertex -51.8398 -30.6893 12.4566
      vertex -60.5 -30 12.5
      vertex -50.2888 -30 12.5
    endloop
  endfacet
  facet normal 0 0.308965 -0.951073
    outer loop
      vertex -60.5 -31.3678 12.3272
      vertex -54.8443 -32.0247 12.1138
      vertex -60.5 -32.0247 12.1138
    endloop
  endfacet
  facet normal 0 0.308965 -0.951073
    outer loop
      vertex -54.8443 -32.0247 12.1138
      vertex -60.5 -31.3678 12.3272
      vertex -53.3663 -31.3678 12.3272
    endloop
  endfacet
  facet normal 0 -0.876334 -0.481704
    outer loop
      vertex -60.5 -25.0235 9.34179
      vertex -39.8402 -25.3562 9.94705
      vertex -60.5 -25.3562 9.94705
    endloop
  endfacet
  facet normal 0 -0.876334 -0.481704
    outer loop
      vertex -39.8402 -25.3562 9.94705
      vertex -60.5 -25.0235 9.34179
      vertex -39.0916 -25.0235 9.34179
    endloop
  endfacet
  facet normal -0 0.309017 0.951056
    outer loop
      vertex -60.5 -31.3678 1.67279
      vertex -54.8443 -32.0247 1.88623
      vertex -53.3663 -31.3678 1.67279
    endloop
  endfacet
  facet normal 0 0.309017 0.951056
    outer loop
      vertex -54.8443 -32.0247 1.88623
      vertex -60.5 -31.3678 1.67279
      vertex -60.5 -32.0247 1.88623
    endloop
  endfacet
  facet normal -0 0.535817 0.844334
    outer loop
      vertex -60.5 -32.6496 2.18031
      vertex -57.5626 -33.2328 2.55041
      vertex -56.2505 -32.6496 2.18031
    endloop
  endfacet
  facet normal 0 0.535817 0.844334
    outer loop
      vertex -57.5626 -33.2328 2.55041
      vertex -60.5 -32.6496 2.18031
      vertex -60.5 -33.2328 2.55041
    endloop
  endfacet
  facet normal -0 0.728982 0.684533
    outer loop
      vertex -60.5 -33.765 2.99067
      vertex -59.8239 -34.2378 3.49417
      vertex -58.7601 -33.765 2.99067
    endloop
  endfacet
  facet normal 0 0.728982 0.684533
    outer loop
      vertex -59.8239 -34.2378 3.49417
      vertex -60.5 -33.765 2.99067
      vertex -60.5 -34.2378 3.49417
    endloop
  endfacet
  facet normal -0 0.425808 0.904813
    outer loop
      vertex -60.5 -32.0247 1.88623
      vertex -56.2505 -32.6496 2.18031
      vertex -54.8443 -32.0247 1.88623
    endloop
  endfacet
  facet normal 0 0.425808 0.904813
    outer loop
      vertex -56.2505 -32.6496 2.18031
      vertex -60.5 -32.0247 1.88623
      vertex -60.5 -32.6496 2.18031
    endloop
  endfacet
  facet normal 0 0.637446 -0.770495
    outer loop
      vertex -60.5 -33.2328 11.4496
      vertex -58.7601 -33.765 11.0093
      vertex -60.5 -33.765 11.0093
    endloop
  endfacet
  facet normal 0 0.637446 -0.770495
    outer loop
      vertex -58.7601 -33.765 11.0093
      vertex -60.5 -33.2328 11.4496
      vertex -57.5626 -33.2328 11.4496
    endloop
  endfacet
  facet normal 0 0.187338 -0.982295
    outer loop
      vertex -60.5 -30.6893 12.4566
      vertex -53.3663 -31.3678 12.3272
      vertex -60.5 -31.3678 12.3272
    endloop
  endfacet
  facet normal 0 0.187338 -0.982295
    outer loop
      vertex -53.3663 -31.3678 12.3272
      vertex -60.5 -30.6893 12.4566
      vertex -51.8398 -30.6893 12.4566
    endloop
  endfacet
  facet normal -0 0.187366 0.98229
    outer loop
      vertex -60.5 -30.6893 1.54337
      vertex -53.3663 -31.3678 1.67279
      vertex -51.8398 -30.6893 1.54337
    endloop
  endfacet
  facet normal 0 0.187366 0.98229
    outer loop
      vertex -53.3663 -31.3678 1.67279
      vertex -60.5 -30.6893 1.54337
      vertex -60.5 -31.3678 1.67279
    endloop
  endfacet
  facet normal 0 0.809008 0.587797
    outer loop
      vertex -59.8239 -34.2378 3.49417
      vertex -60.5 -34.2378 3.49417
      vertex -60.5 -34.5383 3.90776
    endloop
  endfacet
  facet normal 0 0.809015 -0.587788
    outer loop
      vertex -60.5 -34.2378 10.5058
      vertex -59.8239 -34.2378 10.5058
      vertex -60.5 -34.5383 10.0922
    endloop
  endfacet
  facet normal 0 0.728982 -0.684533
    outer loop
      vertex -59.8239 -34.2378 10.5058
      vertex -60.5 -33.765 11.0093
      vertex -58.7601 -33.765 11.0093
    endloop
  endfacet
  facet normal 0 0.728982 -0.684533
    outer loop
      vertex -60.5 -33.765 11.0093
      vertex -59.8239 -34.2378 10.5058
      vertex -60.5 -34.2378 10.5058
    endloop
  endfacet
  facet normal 0 0.425832 -0.904802
    outer loop
      vertex -60.5 -32.0247 12.1138
      vertex -56.2505 -32.6496 11.8197
      vertex -60.5 -32.6496 11.8197
    endloop
  endfacet
  facet normal 0 0.425832 -0.904802
    outer loop
      vertex -56.2505 -32.6496 11.8197
      vertex -60.5 -32.0247 12.1138
      vertex -54.8443 -32.0247 12.1138
    endloop
  endfacet
  facet normal 0 0.535817 -0.844334
    outer loop
      vertex -60.5 -32.6496 11.8197
      vertex -57.5626 -33.2328 11.4496
      vertex -60.5 -33.2328 11.4496
    endloop
  endfacet
  facet normal 0 0.535817 -0.844334
    outer loop
      vertex -57.5626 -33.2328 11.4496
      vertex -60.5 -32.6496 11.8197
      vertex -56.2505 -32.6496 11.8197
    endloop
  endfacet
  facet normal 0 -0.0627712 0.998028
    outer loop
      vertex -74.5 -29.6553 4.27168
      vertex -64.7 -30 4.25
      vertex -64.7 -29.6553 4.27168
    endloop
  endfacet
  facet normal 0 -0.0627712 0.998028
    outer loop
      vertex -64.7 -30 4.25
      vertex -74.5 -29.6553 4.27168
      vertex -74.5 -30 4.25
    endloop
  endfacet
  facet normal 0 -0.0627712 -0.998028
    outer loop
      vertex -74.5 -30 9.75
      vertex -64.7 -29.6553 9.72832
      vertex -64.7 -30 9.75
    endloop
  endfacet
  facet normal -0 -0.0627712 -0.998028
    outer loop
      vertex -64.7 -29.6553 9.72832
      vertex -74.5 -30 9.75
      vertex -74.5 -29.6553 9.72832
    endloop
  endfacet
  facet normal 0 -1 0
    outer loop
      vertex -74.5 -27.2554 6.82733
      vertex -64.7 -27.2554 7.17267
      vertex -74.5 -27.2554 7.17267
    endloop
  endfacet
  facet normal 0 -1 -0
    outer loop
      vertex -64.7 -27.2554 7.17267
      vertex -74.5 -27.2554 6.82733
      vertex -64.7 -27.2554 6.82733
    endloop
  endfacet
  facet normal 0 -0.728968 0.684548
    outer loop
      vertex -74.5 -28.1175 4.99534
      vertex -64.7 -27.8811 5.24708
      vertex -74.5 -27.8811 5.24708
    endloop
  endfacet
  facet normal 0 -0.728968 0.684548
    outer loop
      vertex -64.7 -27.8811 5.24708
      vertex -74.5 -28.1175 4.99534
      vertex -64.7 -28.1175 4.99534
    endloop
  endfacet
  facet normal 0 -0.728968 -0.684548
    outer loop
      vertex -74.5 -27.8811 8.75292
      vertex -64.7 -28.1175 9.00466
      vertex -74.5 -28.1175 9.00466
    endloop
  endfacet
  facet normal 0 -0.728968 -0.684548
    outer loop
      vertex -64.7 -28.1175 9.00466
      vertex -74.5 -27.8811 8.75292
      vertex -64.7 -27.8811 8.75292
    endloop
  endfacet
  facet normal 0 -0.929805 -0.368053
    outer loop
      vertex -74.5 -27.3846 7.8498
      vertex -64.7 -27.5117 8.17089
      vertex -74.5 -27.5117 8.17089
    endloop
  endfacet
  facet normal 0 -0.929805 -0.368053
    outer loop
      vertex -64.7 -27.5117 8.17089
      vertex -74.5 -27.3846 7.8498
      vertex -64.7 -27.3846 7.8498
    endloop
  endfacet
  facet normal 0 -0.425752 0.90484
    outer loop
      vertex -74.5 -28.6752 4.59016
      vertex -64.7 -28.9877 4.44312
      vertex -64.7 -28.6752 4.59016
    endloop
  endfacet
  facet normal 0 -0.425752 0.90484
    outer loop
      vertex -64.7 -28.9877 4.44312
      vertex -74.5 -28.6752 4.59016
      vertex -74.5 -28.9877 4.44312
    endloop
  endfacet
  facet normal 0 -0.929805 0.368053
    outer loop
      vertex -74.5 -27.5117 5.82911
      vertex -64.7 -27.3846 6.1502
      vertex -74.5 -27.3846 6.1502
    endloop
  endfacet
  facet normal 0 -0.929805 0.368053
    outer loop
      vertex -64.7 -27.3846 6.1502
      vertex -74.5 -27.5117 5.82911
      vertex -64.7 -27.5117 5.82911
    endloop
  endfacet
  facet normal 0 -0.809011 0.587793
    outer loop
      vertex -74.5 -27.8811 5.24708
      vertex -64.7 -27.6781 5.52648
      vertex -74.5 -27.6781 5.52648
    endloop
  endfacet
  facet normal 0 -0.809011 0.587793
    outer loop
      vertex -64.7 -27.6781 5.52648
      vertex -74.5 -27.8811 5.24708
      vertex -64.7 -27.8811 5.24708
    endloop
  endfacet
  facet normal 0 -0.535796 -0.844348
    outer loop
      vertex -74.5 -28.6752 9.40984
      vertex -64.7 -28.3836 9.2248
      vertex -64.7 -28.6752 9.40984
    endloop
  endfacet
  facet normal -0 -0.535796 -0.844348
    outer loop
      vertex -64.7 -28.3836 9.2248
      vertex -74.5 -28.6752 9.40984
      vertex -74.5 -28.3836 9.2248
    endloop
  endfacet
  facet normal 0 -0.637429 -0.770509
    outer loop
      vertex -74.5 -28.3836 9.2248
      vertex -64.7 -28.1175 9.00466
      vertex -64.7 -28.3836 9.2248
    endloop
  endfacet
  facet normal -0 -0.637429 -0.770509
    outer loop
      vertex -64.7 -28.1175 9.00466
      vertex -74.5 -28.3836 9.2248
      vertex -74.5 -28.1175 9.00466
    endloop
  endfacet
  facet normal 0 -0.187421 -0.98228
    outer loop
      vertex -74.5 -29.6553 9.72832
      vertex -64.7 -29.3161 9.6636
      vertex -64.7 -29.6553 9.72832
    endloop
  endfacet
  facet normal -0 -0.187421 -0.98228
    outer loop
      vertex -64.7 -29.3161 9.6636
      vertex -74.5 -29.6553 9.72832
      vertex -74.5 -29.3161 9.6636
    endloop
  endfacet
  facet normal 0 -0.876273 -0.481815
    outer loop
      vertex -74.5 -27.5117 8.17089
      vertex -64.7 -27.6781 8.47352
      vertex -74.5 -27.6781 8.47352
    endloop
  endfacet
  facet normal 0 -0.876273 -0.481815
    outer loop
      vertex -64.7 -27.6781 8.47352
      vertex -74.5 -27.5117 8.17089
      vertex -64.7 -27.5117 8.17089
    endloop
  endfacet
  facet normal 0 -0.992109 -0.125378
    outer loop
      vertex -74.5 -27.2554 7.17267
      vertex -64.7 -27.2987 7.5153
      vertex -74.5 -27.2987 7.5153
    endloop
  endfacet
  facet normal 0 -0.992109 -0.125378
    outer loop
      vertex -64.7 -27.2987 7.5153
      vertex -74.5 -27.2554 7.17267
      vertex -64.7 -27.2554 7.17267
    endloop
  endfacet
  facet normal -0 0.637429 0.770509
    outer loop
      vertex -74.5 -31.6164 4.7752
      vertex -64.7 -31.8825 4.99534
      vertex -64.7 -31.6164 4.7752
    endloop
  endfacet
  facet normal 0 0.637429 0.770509
    outer loop
      vertex -64.7 -31.8825 4.99534
      vertex -74.5 -31.6164 4.7752
      vertex -74.5 -31.8825 4.99534
    endloop
  endfacet
  facet normal 0 0.968377 -0.249491
    outer loop
      vertex -64.7 -32.6154 7.8498
      vertex -74.4606 -32.6267 7.80594
      vertex -74.4613 -32.6154 7.8498
    endloop
  endfacet
  facet normal 0 0.968573 -0.248731
    outer loop
      vertex -74.4463 -32.7013 7.5153
      vertex -64.7 -32.6154 7.8498
      vertex -64.7 -32.7013 7.5153
    endloop
  endfacet
  facet normal -4.19058e-06 0.968602 -0.248616
    outer loop
      vertex -64.7 -32.6154 7.8498
      vertex -74.4463 -32.7013 7.5153
      vertex -74.4606 -32.6267 7.80594
    endloop
  endfacet
  facet normal 0 0.992109 0.125378
    outer loop
      vertex -64.7 -32.7013 6.4847
      vertex -74.4381 -32.7446 6.82733
      vertex -64.7 -32.7446 6.82733
    endloop
  endfacet
  facet normal 0 0.992109 0.125378
    outer loop
      vertex -74.4381 -32.7446 6.82733
      vertex -64.7 -32.7013 6.4847
      vertex -74.4463 -32.7013 6.4847
    endloop
  endfacet
  facet normal 0 -0.30906 0.951043
    outer loop
      vertex -74.5 -28.9877 4.44312
      vertex -64.7 -29.3161 4.3364
      vertex -64.7 -28.9877 4.44312
    endloop
  endfacet
  facet normal 0 -0.30906 0.951043
    outer loop
      vertex -64.7 -29.3161 4.3364
      vertex -74.5 -28.9877 4.44312
      vertex -74.5 -29.3161 4.3364
    endloop
  endfacet
  facet normal 0 -0.187421 0.98228
    outer loop
      vertex -74.5 -29.3161 4.3364
      vertex -64.7 -29.6553 4.27168
      vertex -64.7 -29.3161 4.3364
    endloop
  endfacet
  facet normal 0 -0.187421 0.98228
    outer loop
      vertex -64.7 -29.6553 4.27168
      vertex -74.5 -29.3161 4.3364
      vertex -74.5 -29.6553 4.27168
    endloop
  endfacet
  facet normal 0 -0.637429 0.770509
    outer loop
      vertex -74.5 -28.1175 4.99534
      vertex -64.7 -28.3836 4.7752
      vertex -64.7 -28.1175 4.99534
    endloop
  endfacet
  facet normal 0 -0.637429 0.770509
    outer loop
      vertex -64.7 -28.3836 4.7752
      vertex -74.5 -28.1175 4.99534
      vertex -74.5 -28.3836 4.7752
    endloop
  endfacet
  facet normal 0 -0.535796 0.844348
    outer loop
      vertex -74.5 -28.3836 4.7752
      vertex -64.7 -28.6752 4.59016
      vertex -64.7 -28.3836 4.7752
    endloop
  endfacet
  facet normal 0 -0.535796 0.844348
    outer loop
      vertex -64.7 -28.6752 4.59016
      vertex -74.5 -28.3836 4.7752
      vertex -74.5 -28.6752 4.59016
    endloop
  endfacet
  facet normal 0 -0.968573 0.248731
    outer loop
      vertex -74.5 -27.3846 6.1502
      vertex -64.7 -27.2987 6.4847
      vertex -74.5 -27.2987 6.4847
    endloop
  endfacet
  facet normal 0 -0.968573 0.248731
    outer loop
      vertex -64.7 -27.2987 6.4847
      vertex -74.5 -27.3846 6.1502
      vertex -64.7 -27.3846 6.1502
    endloop
  endfacet
  facet normal 0 -0.992109 0.125378
    outer loop
      vertex -74.5 -27.2987 6.4847
      vertex -64.7 -27.2554 6.82733
      vertex -74.5 -27.2554 6.82733
    endloop
  endfacet
  facet normal 0 -0.992109 0.125378
    outer loop
      vertex -64.7 -27.2554 6.82733
      vertex -74.5 -27.2987 6.4847
      vertex -64.7 -27.2987 6.4847
    endloop
  endfacet
  facet normal 0 -0.425752 -0.90484
    outer loop
      vertex -74.5 -28.9877 9.55688
      vertex -64.7 -28.6752 9.40984
      vertex -64.7 -28.9877 9.55688
    endloop
  endfacet
  facet normal -0 -0.425752 -0.90484
    outer loop
      vertex -64.7 -28.6752 9.40984
      vertex -74.5 -28.9877 9.55688
      vertex -74.5 -28.6752 9.40984
    endloop
  endfacet
  facet normal 0 -0.30906 -0.951043
    outer loop
      vertex -74.5 -29.3161 9.6636
      vertex -64.7 -28.9877 9.55688
      vertex -64.7 -29.3161 9.6636
    endloop
  endfacet
  facet normal -0 -0.30906 -0.951043
    outer loop
      vertex -64.7 -28.9877 9.55688
      vertex -74.5 -29.3161 9.6636
      vertex -74.5 -28.9877 9.55688
    endloop
  endfacet
  facet normal 0 -0.809011 -0.587793
    outer loop
      vertex -74.5 -27.6781 8.47352
      vertex -64.7 -27.8811 8.75292
      vertex -74.5 -27.8811 8.75292
    endloop
  endfacet
  facet normal 0 -0.809011 -0.587793
    outer loop
      vertex -64.7 -27.8811 8.75292
      vertex -74.5 -27.6781 8.47352
      vertex -64.7 -27.6781 8.47352
    endloop
  endfacet
  facet normal 0 -0.968573 -0.248731
    outer loop
      vertex -74.5 -27.2987 7.5153
      vertex -64.7 -27.3846 7.8498
      vertex -74.5 -27.3846 7.8498
    endloop
  endfacet
  facet normal 0 -0.968573 -0.248731
    outer loop
      vertex -64.7 -27.3846 7.8498
      vertex -74.5 -27.2987 7.5153
      vertex -64.7 -27.2987 7.5153
    endloop
  endfacet
  facet normal -0 0.0627712 0.998028
    outer loop
      vertex -74.5 -30 4.25
      vertex -64.7 -30.3447 4.27168
      vertex -64.7 -30 4.25
    endloop
  endfacet
  facet normal 0 0.0627712 0.998028
    outer loop
      vertex -64.7 -30.3447 4.27168
      vertex -74.5 -30 4.25
      vertex -74.5 -30.3447 4.27168
    endloop
  endfacet
  facet normal 0 0.876273 0.481815
    outer loop
      vertex -64.7 -32.3219 5.52648
      vertex -74.4693 -32.4883 5.82911
      vertex -64.7 -32.4883 5.82911
    endloop
  endfacet
  facet normal 0 0.876273 0.481815
    outer loop
      vertex -74.4693 -32.4883 5.82911
      vertex -64.7 -32.3219 5.52648
      vertex -74.4797 -32.3219 5.52648
    endloop
  endfacet
  facet normal 0 0.0627712 -0.998028
    outer loop
      vertex -74.5 -30.3447 9.72832
      vertex -64.7 -30 9.75
      vertex -64.7 -30.3447 9.72832
    endloop
  endfacet
  facet normal 0 0.0627712 -0.998028
    outer loop
      vertex -64.7 -30 9.75
      vertex -74.5 -30.3447 9.72832
      vertex -74.5 -30 9.75
    endloop
  endfacet
  facet normal 0 0.30906 -0.951043
    outer loop
      vertex -74.5 -31.0123 9.55688
      vertex -64.7 -30.6839 9.6636
      vertex -64.7 -31.0123 9.55688
    endloop
  endfacet
  facet normal 0 0.30906 -0.951043
    outer loop
      vertex -64.7 -30.6839 9.6636
      vertex -74.5 -31.0123 9.55688
      vertex -74.5 -30.6839 9.6636
    endloop
  endfacet
  facet normal 0 0.929805 0.368053
    outer loop
      vertex -64.7 -32.4883 5.82911
      vertex -74.4613 -32.6154 6.1502
      vertex -64.7 -32.6154 6.1502
    endloop
  endfacet
  facet normal 0 0.929805 0.368053
    outer loop
      vertex -74.4613 -32.6154 6.1502
      vertex -64.7 -32.4883 5.82911
      vertex -74.4693 -32.4883 5.82911
    endloop
  endfacet
  facet normal 0 0.968573 0.248731
    outer loop
      vertex -64.7 -32.6154 6.1502
      vertex -74.4463 -32.7013 6.4847
      vertex -64.7 -32.7013 6.4847
    endloop
  endfacet
  facet normal -4.19058e-06 0.968602 0.248616
    outer loop
      vertex -74.4463 -32.7013 6.4847
      vertex -64.7 -32.6154 6.1502
      vertex -74.4606 -32.6267 6.19406
    endloop
  endfacet
  facet normal 0 0.968377 0.249491
    outer loop
      vertex -74.4606 -32.6267 6.19406
      vertex -64.7 -32.6154 6.1502
      vertex -74.4613 -32.6154 6.1502
    endloop
  endfacet
  facet normal 0 -0.876273 0.481815
    outer loop
      vertex -74.5 -27.6781 5.52648
      vertex -64.7 -27.5117 5.82911
      vertex -74.5 -27.5117 5.82911
    endloop
  endfacet
  facet normal 0 -0.876273 0.481815
    outer loop
      vertex -64.7 -27.5117 5.82911
      vertex -74.5 -27.6781 5.52648
      vertex -64.7 -27.6781 5.52648
    endloop
  endfacet
  facet normal -0 0.30906 0.951043
    outer loop
      vertex -74.5 -30.6839 4.3364
      vertex -64.7 -31.0123 4.44312
      vertex -64.7 -30.6839 4.3364
    endloop
  endfacet
  facet normal 0 0.30906 0.951043
    outer loop
      vertex -64.7 -31.0123 4.44312
      vertex -74.5 -30.6839 4.3364
      vertex -74.5 -31.0123 4.44312
    endloop
  endfacet
  facet normal -0 0.187421 0.98228
    outer loop
      vertex -74.5 -30.3447 4.27168
      vertex -64.7 -30.6839 4.3364
      vertex -64.7 -30.3447 4.27168
    endloop
  endfacet
  facet normal 0 0.187421 0.98228
    outer loop
      vertex -64.7 -30.6839 4.3364
      vertex -74.5 -30.3447 4.27168
      vertex -74.5 -30.6839 4.3364
    endloop
  endfacet
  facet normal -0 0.425752 0.90484
    outer loop
      vertex -74.5 -31.0123 4.44312
      vertex -64.7 -31.3248 4.59016
      vertex -64.7 -31.0123 4.44312
    endloop
  endfacet
  facet normal 0 0.425752 0.90484
    outer loop
      vertex -64.7 -31.3248 4.59016
      vertex -74.5 -31.0123 4.44312
      vertex -74.5 -31.3248 4.59016
    endloop
  endfacet
  facet normal -0 0.535796 0.844348
    outer loop
      vertex -74.5 -31.3248 4.59016
      vertex -64.7 -31.6164 4.7752
      vertex -64.7 -31.3248 4.59016
    endloop
  endfacet
  facet normal 0 0.535796 0.844348
    outer loop
      vertex -64.7 -31.6164 4.7752
      vertex -74.5 -31.3248 4.59016
      vertex -74.5 -31.6164 4.7752
    endloop
  endfacet
  facet normal 0 1 -0
    outer loop
      vertex -64.7 -32.7446 6.82733
      vertex -74.4381 -32.7446 7.17267
      vertex -64.7 -32.7446 7.17267
    endloop
  endfacet
  facet normal 0 1 0
    outer loop
      vertex -74.4381 -32.7446 7.17267
      vertex -64.7 -32.7446 6.82733
      vertex -74.4381 -32.7446 6.82733
    endloop
  endfacet
  facet normal 0 0.728968 -0.684548
    outer loop
      vertex -74.4925 -32.1189 8.75292
      vertex -74.5 -31.8825 9.00466
      vertex -64.7 -31.8825 9.00466
    endloop
  endfacet
  facet normal 0 0.728968 -0.684548
    outer loop
      vertex -74.4925 -32.1189 8.75292
      vertex -64.7 -31.8825 9.00466
      vertex -64.7 -32.1189 8.75292
    endloop
  endfacet
  facet normal -0.000840505 0.728955 -0.684561
    outer loop
      vertex -74.5 -31.8825 9.00466
      vertex -74.4925 -32.1189 8.75292
      vertex -74.5 -32 8.87954
    endloop
  endfacet
  facet normal 0 0.637429 -0.770509
    outer loop
      vertex -74.5 -31.8825 9.00466
      vertex -64.7 -31.6164 9.2248
      vertex -64.7 -31.8825 9.00466
    endloop
  endfacet
  facet normal 0 0.637429 -0.770509
    outer loop
      vertex -64.7 -31.6164 9.2248
      vertex -74.5 -31.8825 9.00466
      vertex -74.5 -31.6164 9.2248
    endloop
  endfacet
  facet normal 0 0.425752 -0.90484
    outer loop
      vertex -74.5 -31.3248 9.40984
      vertex -64.7 -31.0123 9.55688
      vertex -64.7 -31.3248 9.40984
    endloop
  endfacet
  facet normal 0 0.425752 -0.90484
    outer loop
      vertex -64.7 -31.0123 9.55688
      vertex -74.5 -31.3248 9.40984
      vertex -74.5 -31.0123 9.55688
    endloop
  endfacet
  facet normal 0 0.187421 -0.98228
    outer loop
      vertex -74.5 -30.6839 9.6636
      vertex -64.7 -30.3447 9.72832
      vertex -64.7 -30.6839 9.6636
    endloop
  endfacet
  facet normal 0 0.187421 -0.98228
    outer loop
      vertex -64.7 -30.3447 9.72832
      vertex -74.5 -30.6839 9.6636
      vertex -74.5 -30.3447 9.72832
    endloop
  endfacet
  facet normal 0 0.809011 0.587793
    outer loop
      vertex -64.7 -32.1189 5.24708
      vertex -74.4797 -32.3219 5.52648
      vertex -64.7 -32.3219 5.52648
    endloop
  endfacet
  facet normal 0 0.809011 0.587793
    outer loop
      vertex -74.4797 -32.3219 5.52648
      vertex -64.7 -32.1189 5.24708
      vertex -74.4925 -32.1189 5.24708
    endloop
  endfacet
  facet normal 0 0.728968 0.684548
    outer loop
      vertex -64.7 -31.8825 4.99534
      vertex -74.4925 -32.1189 5.24708
      vertex -64.7 -32.1189 5.24708
    endloop
  endfacet
  facet normal -0 0.728968 0.684548
    outer loop
      vertex -74.5 -31.8825 4.99534
      vertex -74.4925 -32.1189 5.24708
      vertex -64.7 -31.8825 4.99534
    endloop
  endfacet
  facet normal -0.000840505 0.728955 0.684561
    outer loop
      vertex -74.4925 -32.1189 5.24708
      vertex -74.5 -31.8825 4.99534
      vertex -74.5 -32 5.12046
    endloop
  endfacet
  facet normal 0 0.535796 -0.844348
    outer loop
      vertex -74.5 -31.6164 9.2248
      vertex -64.7 -31.3248 9.40984
      vertex -64.7 -31.6164 9.2248
    endloop
  endfacet
  facet normal 0 0.535796 -0.844348
    outer loop
      vertex -64.7 -31.3248 9.40984
      vertex -74.5 -31.6164 9.2248
      vertex -74.5 -31.3248 9.40984
    endloop
  endfacet
  facet normal 0 0.992109 -0.125378
    outer loop
      vertex -74.4381 -32.7446 7.17267
      vertex -64.7 -32.7013 7.5153
      vertex -64.7 -32.7446 7.17267
    endloop
  endfacet
  facet normal 0 0.992109 -0.125378
    outer loop
      vertex -64.7 -32.7013 7.5153
      vertex -74.4381 -32.7446 7.17267
      vertex -74.4463 -32.7013 7.5153
    endloop
  endfacet
  facet normal 0 0.876273 -0.481815
    outer loop
      vertex -74.4693 -32.4883 8.17089
      vertex -64.7 -32.3219 8.47352
      vertex -64.7 -32.4883 8.17089
    endloop
  endfacet
  facet normal 0 0.876273 -0.481815
    outer loop
      vertex -64.7 -32.3219 8.47352
      vertex -74.4693 -32.4883 8.17089
      vertex -74.4797 -32.3219 8.47352
    endloop
  endfacet
  facet normal 0 0.809011 -0.587793
    outer loop
      vertex -74.4797 -32.3219 8.47352
      vertex -64.7 -32.1189 8.75292
      vertex -64.7 -32.3219 8.47352
    endloop
  endfacet
  facet normal 0 0.809011 -0.587793
    outer loop
      vertex -64.7 -32.1189 8.75292
      vertex -74.4797 -32.3219 8.47352
      vertex -74.4925 -32.1189 8.75292
    endloop
  endfacet
  facet normal 0 0.929805 -0.368053
    outer loop
      vertex -74.4613 -32.6154 7.8498
      vertex -64.7 -32.4883 8.17089
      vertex -64.7 -32.6154 7.8498
    endloop
  endfacet
  facet normal 0 0.929805 -0.368053
    outer loop
      vertex -64.7 -32.4883 8.17089
      vertex -74.4613 -32.6154 7.8498
      vertex -74.4693 -32.4883 8.17089
    endloop
  endfacet
  facet normal 0.547029 -0.0525663 0.835462
    outer loop
      vertex -60.5 15 1.5
      vertex -60.5 15.6893 1.54337
      vertex -64.7 15 4.25
    endloop
  endfacet
  facet normal 0.547027 -0.0525467 0.835464
    outer loop
      vertex -60.5 15.6893 1.54337
      vertex -64.7 15.3447 4.27168
      vertex -64.7 15 4.25
    endloop
  endfacet
  facet normal 0.547031 0.356469 -0.757421
    outer loop
      vertex -64.7 13.6752 9.40984
      vertex -60.5 12.9753 12.1138
      vertex -60.5 12.3504 11.8197
    endloop
  endfacet
  facet normal 0.547037 0.356401 -0.757449
    outer loop
      vertex -60.5 12.9753 12.1138
      vertex -64.7 13.6752 9.40984
      vertex -64.7 13.9877 9.55688
    endloop
  endfacet
  facet normal 0.547027 -0.677236 0.49205
    outer loop
      vertex -60.5 19.2378 3.49417
      vertex -64.7 17.3219 5.52648
      vertex -64.7 17.1189 5.24708
    endloop
  endfacet
  facet normal 0.547029 -0.810805 -0.208216
    outer loop
      vertex -64.7 17.7013 7.5153
      vertex -60.5 20.4026 8.0306
      vertex -64.7 17.6154 7.8498
    endloop
  endfacet
  facet normal 0.547029 0.0525663 0.835462
    outer loop
      vertex -60.5 14.3107 1.54337
      vertex -60.5 15 1.5
      vertex -64.7 15 4.25
    endloop
  endfacet
  facet normal 0.547027 0.533601 0.645005
    outer loop
      vertex -64.7 13.1175 4.99534
      vertex -60.5 11.7672 2.55041
      vertex -64.7 13.3836 4.7752
    endloop
  endfacet
  facet normal 0.547029 0.533586 0.645016
    outer loop
      vertex -60.5 11.7672 2.55041
      vertex -64.7 13.1175 4.99534
      vertex -60.5 11.235 2.99067
    endloop
  endfacet
  facet normal 0.547029 0.810813 -0.208185
    outer loop
      vertex -60.5 9.76919 8.69959
      vertex -60.5 9.59742 8.0306
      vertex -64.7 12.3846 7.8498
    endloop
  endfacet
  facet normal 0.547034 0.258638 -0.796153
    outer loop
      vertex -64.7 13.9877 9.55688
      vertex -60.5 13.6322 12.3272
      vertex -60.5 12.9753 12.1138
    endloop
  endfacet
  facet normal 0.547027 0.258719 -0.796132
    outer loop
      vertex -60.5 13.6322 12.3272
      vertex -64.7 13.9877 9.55688
      vertex -64.7 14.3161 9.6636
    endloop
  endfacet
  facet normal 0.547028 -0.44854 -0.706804
    outer loop
      vertex -60.5 18.2328 11.4496
      vertex -60.5 17.6496 11.8197
      vertex -64.7 16.6164 9.2248
    endloop
  endfacet
  facet normal 0.547029 0.258718 0.796131
    outer loop
      vertex -64.7 13.9877 4.44312
      vertex -60.5 13.6322 1.67279
      vertex -64.7 14.3161 4.3364
    endloop
  endfacet
  facet normal 0.547032 0.258682 0.796141
    outer loop
      vertex -60.5 13.6322 1.67279
      vertex -64.7 13.9877 4.44312
      vertex -60.5 12.9753 1.88623
    endloop
  endfacet
  facet normal 0.547027 0.156847 0.82229
    outer loop
      vertex -60.5 13.6322 1.67279
      vertex -60.5 14.3107 1.54337
      vertex -64.7 14.6553 4.27168
    endloop
  endfacet
  facet normal 0.547033 0.356402 0.757451
    outer loop
      vertex -64.7 13.6752 4.59016
      vertex -60.5 12.9753 1.88623
      vertex -64.7 13.9877 4.44312
    endloop
  endfacet
  facet normal 0.547029 0.35645 0.757432
    outer loop
      vertex -60.5 12.9753 1.88623
      vertex -64.7 13.6752 4.59016
      vertex -60.5 12.3504 2.18031
    endloop
  endfacet
  facet normal 0.547027 0.44854 0.706805
    outer loop
      vertex -60.5 11.7672 2.55041
      vertex -60.5 12.3504 2.18031
      vertex -64.7 13.3836 4.7752
    endloop
  endfacet
  facet normal 0.547024 0.830511 0.104956
    outer loop
      vertex -60.5 9.51085 6.65465
      vertex -64.7 12.2987 6.4847
      vertex -64.7 12.2554 6.82733
    endloop
  endfacet
  facet normal 0.547027 0.830513 0.104922
    outer loop
      vertex -64.7 12.2987 6.4847
      vertex -60.5 9.51085 6.65465
      vertex -60.5 9.59742 5.9694
    endloop
  endfacet
  facet normal 0.547028 0.733592 0.403242
    outer loop
      vertex -60.5 10.0235 4.65821
      vertex -60.5 10.3562 4.05295
      vertex -64.7 12.6781 5.52648
    endloop
  endfacet
  facet normal 0.54703 0.448522 -0.706814
    outer loop
      vertex -64.7 13.6752 9.40984
      vertex -60.5 12.3504 11.8197
      vertex -64.7 13.3836 9.2248
    endloop
  endfacet
  facet normal 0.547024 0.610231 -0.573046
    outer loop
      vertex -64.7 13.1175 9.00466
      vertex -60.5 10.7622 10.5058
      vertex -64.7 12.8811 8.75292
    endloop
  endfacet
  facet normal 0.547027 0.778311 -0.30821
    outer loop
      vertex -60.5 10.0235 9.34179
      vertex -60.5 9.76919 8.69959
      vertex -64.7 12.3846 7.8498
    endloop
  endfacet
  facet normal 0.547029 -0.810805 0.208216
    outer loop
      vertex -60.5 20.4026 5.9694
      vertex -64.7 17.7013 6.4847
      vertex -64.7 17.6154 6.1502
    endloop
  endfacet
  facet normal 0.547029 -0.35645 0.757432
    outer loop
      vertex -64.7 16.3248 4.59016
      vertex -60.5 17.0247 1.88623
      vertex -60.5 17.6496 2.18031
    endloop
  endfacet
  facet normal 0.547033 -0.356402 0.757451
    outer loop
      vertex -60.5 17.0247 1.88623
      vertex -64.7 16.3248 4.59016
      vertex -64.7 16.0123 4.44312
    endloop
  endfacet
  facet normal 0.547028 -0.733592 -0.403242
    outer loop
      vertex -60.5 19.9765 9.34179
      vertex -60.5 19.6438 9.94705
      vertex -64.7 17.3219 8.47352
    endloop
  endfacet
  facet normal 0.547028 -0.533601 -0.645004
    outer loop
      vertex -64.7 16.8825 9.00466
      vertex -60.5 18.2328 11.4496
      vertex -64.7 16.6164 9.2248
    endloop
  endfacet
  facet normal 0.547026 -0.533616 -0.644993
    outer loop
      vertex -60.5 18.2328 11.4496
      vertex -64.7 16.8825 9.00466
      vertex -60.5 18.765 11.0093
    endloop
  endfacet
  facet normal 0.547023 -0.0525469 -0.835467
    outer loop
      vertex -64.7 15.3447 9.72832
      vertex -60.5 15.6893 12.4566
      vertex -64.7 15 9.75
    endloop
  endfacet
  facet normal 0.547027 0.0525467 0.835464
    outer loop
      vertex -60.5 14.3107 1.54337
      vertex -64.7 15 4.25
      vertex -64.7 14.6553 4.27168
    endloop
  endfacet
  facet normal 0.547018 0.778359 0.308105
    outer loop
      vertex -60.5 10.0235 4.65821
      vertex -64.7 12.5117 5.82911
      vertex -64.7 12.3846 6.1502
    endloop
  endfacet
  facet normal 0.547028 0.610241 0.573032
    outer loop
      vertex -60.5 10.7622 3.49417
      vertex -60.5 11.235 2.99067
      vertex -64.7 13.1175 4.99534
    endloop
  endfacet
  facet normal 0.547023 0.156824 -0.822297
    outer loop
      vertex -60.5 14.3107 12.4566
      vertex -60.5 13.6322 12.3272
      vertex -64.7 14.6553 9.72832
    endloop
  endfacet
  facet normal 0.547029 0.156893 -0.82228
    outer loop
      vertex -64.7 14.6553 9.72832
      vertex -60.5 13.6322 12.3272
      vertex -64.7 14.3161 9.6636
    endloop
  endfacet
  facet normal 0.547026 0.610242 -0.573034
    outer loop
      vertex -60.5 11.235 11.0093
      vertex -60.5 10.7622 10.5058
      vertex -64.7 13.1175 9.00466
    endloop
  endfacet
  facet normal 0.547025 0.837116 0
    outer loop
      vertex -60.5 9.51085 7.34535
      vertex -64.7 12.2554 6.82733
      vertex -64.7 12.2554 7.17267
    endloop
  endfacet
  facet normal 0.547025 0.837116 0
    outer loop
      vertex -64.7 12.2554 6.82733
      vertex -60.5 9.51085 7.34535
      vertex -60.5 9.51085 6.65465
    endloop
  endfacet
  facet normal 0.547018 0.778359 -0.308105
    outer loop
      vertex -64.7 12.5117 8.17089
      vertex -60.5 10.0235 9.34179
      vertex -64.7 12.3846 7.8498
    endloop
  endfacet
  facet normal 0.547032 -0.258682 0.796141
    outer loop
      vertex -64.7 16.0123 4.44312
      vertex -60.5 16.3678 1.67279
      vertex -60.5 17.0247 1.88623
    endloop
  endfacet
  facet normal 0.547029 -0.258718 0.796131
    outer loop
      vertex -60.5 16.3678 1.67279
      vertex -64.7 16.0123 4.44312
      vertex -64.7 15.6839 4.3364
    endloop
  endfacet
  facet normal 0.547027 -0.44854 0.706805
    outer loop
      vertex -60.5 17.6496 2.18031
      vertex -60.5 18.2328 2.55041
      vertex -64.7 16.6164 4.7752
    endloop
  endfacet
  facet normal 0.547027 -0.778316 -0.308199
    outer loop
      vertex -60.5 20.2308 8.69959
      vertex -60.5 19.9765 9.34179
      vertex -64.7 17.6154 7.8498
    endloop
  endfacet
  facet normal 0.547028 -0.830524 -0.104838
    outer loop
      vertex -64.7 17.7013 7.5153
      vertex -60.5 20.4891 7.34535
      vertex -60.5 20.4026 8.0306
    endloop
  endfacet
  facet normal 0.547018 -0.830515 -0.104957
    outer loop
      vertex -60.5 20.4891 7.34535
      vertex -64.7 17.7013 7.5153
      vertex -64.7 17.7446 7.17267
    endloop
  endfacet
  facet normal 0.547024 -0.610231 -0.573046
    outer loop
      vertex -64.7 17.1189 8.75292
      vertex -60.5 19.2378 10.5058
      vertex -64.7 16.8825 9.00466
    endloop
  endfacet
  facet normal 0.547028 -0.677214 -0.492079
    outer loop
      vertex -60.5 19.6438 9.94705
      vertex -60.5 19.2378 10.5058
      vertex -64.7 17.3219 8.47352
    endloop
  endfacet
  facet normal 0.547023 -0.156824 -0.822297
    outer loop
      vertex -60.5 16.3678 12.3272
      vertex -60.5 15.6893 12.4566
      vertex -64.7 15.3447 9.72832
    endloop
  endfacet
  facet normal 0.547023 0.0525469 -0.835467
    outer loop
      vertex -64.7 15 9.75
      vertex -60.5 14.3107 12.4566
      vertex -64.7 14.6553 9.72832
    endloop
  endfacet
  facet normal 0.547031 0.156892 0.822279
    outer loop
      vertex -60.5 13.6322 1.67279
      vertex -64.7 14.6553 4.27168
      vertex -64.7 14.3161 4.3364
    endloop
  endfacet
  facet normal 0.547029 0.448522 0.706815
    outer loop
      vertex -60.5 12.3504 2.18031
      vertex -64.7 13.6752 4.59016
      vertex -64.7 13.3836 4.7752
    endloop
  endfacet
  facet normal 0.547029 0.810813 0.208185
    outer loop
      vertex -60.5 9.59742 5.9694
      vertex -60.5 9.76919 5.30041
      vertex -64.7 12.3846 6.1502
    endloop
  endfacet
  facet normal 0.547027 0.778311 0.30821
    outer loop
      vertex -60.5 9.76919 5.30041
      vertex -60.5 10.0235 4.65821
      vertex -64.7 12.3846 6.1502
    endloop
  endfacet
  facet normal 0.547026 0.810807 0.208216
    outer loop
      vertex -60.5 9.59742 5.9694
      vertex -64.7 12.3846 6.1502
      vertex -64.7 12.2987 6.4847
    endloop
  endfacet
  facet normal 0.547018 0.733546 0.403338
    outer loop
      vertex -60.5 10.0235 4.65821
      vertex -64.7 12.6781 5.52648
      vertex -64.7 12.5117 5.82911
    endloop
  endfacet
  facet normal 0.547028 0.677227 0.492061
    outer loop
      vertex -60.5 10.3562 4.05295
      vertex -60.5 10.7622 3.49417
      vertex -64.7 12.6781 5.52648
    endloop
  endfacet
  facet normal 0.547027 0.61023 0.573045
    outer loop
      vertex -60.5 10.7622 3.49417
      vertex -64.7 13.1175 4.99534
      vertex -64.7 12.8811 5.24708
    endloop
  endfacet
  facet normal 0.547027 0.677236 0.49205
    outer loop
      vertex -60.5 10.7622 3.49417
      vertex -64.7 12.8811 5.24708
      vertex -64.7 12.6781 5.52648
    endloop
  endfacet
  facet normal 0.547027 0.830513 -0.104922
    outer loop
      vertex -60.5 9.51085 7.34535
      vertex -64.7 12.2987 7.5153
      vertex -60.5 9.59742 8.0306
    endloop
  endfacet
  facet normal 0.547024 0.830511 -0.104956
    outer loop
      vertex -64.7 12.2987 7.5153
      vertex -60.5 9.51085 7.34535
      vertex -64.7 12.2554 7.17267
    endloop
  endfacet
  facet normal 0.547025 0.677237 -0.492051
    outer loop
      vertex -64.7 12.8811 8.75292
      vertex -60.5 10.7622 10.5058
      vertex -64.7 12.6781 8.47352
    endloop
  endfacet
  facet normal 0.547018 -0.733546 0.403338
    outer loop
      vertex -60.5 19.9765 4.65821
      vertex -64.7 17.4883 5.82911
      vertex -64.7 17.3219 5.52648
    endloop
  endfacet
  facet normal 0.547018 -0.837121 0
    outer loop
      vertex -64.7 17.7446 6.82733
      vertex -60.5 20.4891 7.34535
      vertex -64.7 17.7446 7.17267
    endloop
  endfacet
  facet normal 0.547018 -0.837121 0
    outer loop
      vertex -60.5 20.4891 7.34535
      vertex -64.7 17.7446 6.82733
      vertex -60.5 20.4891 6.65465
    endloop
  endfacet
  facet normal 0.547027 -0.156847 0.82229
    outer loop
      vertex -60.5 15.6893 1.54337
      vertex -60.5 16.3678 1.67279
      vertex -64.7 15.3447 4.27168
    endloop
  endfacet
  facet normal 0.547031 -0.156892 0.822279
    outer loop
      vertex -60.5 16.3678 1.67279
      vertex -64.7 15.6839 4.3364
      vertex -64.7 15.3447 4.27168
    endloop
  endfacet
  facet normal 0.547027 -0.61023 0.573045
    outer loop
      vertex -60.5 19.2378 3.49417
      vertex -64.7 17.1189 5.24708
      vertex -64.7 16.8825 4.99534
    endloop
  endfacet
  facet normal 0.547029 -0.810805 -0.208219
    outer loop
      vertex -60.5 20.4026 8.0306
      vertex -60.5 20.2308 8.69959
      vertex -64.7 17.6154 7.8498
    endloop
  endfacet
  facet normal 0.547026 -0.610242 -0.573034
    outer loop
      vertex -60.5 19.2378 10.5058
      vertex -60.5 18.765 11.0093
      vertex -64.7 16.8825 9.00466
    endloop
  endfacet
  facet normal 0.547018 -0.733546 -0.403338
    outer loop
      vertex -64.7 17.4883 8.17089
      vertex -60.5 19.9765 9.34179
      vertex -64.7 17.3219 8.47352
    endloop
  endfacet
  facet normal 0.547018 -0.778359 -0.308105
    outer loop
      vertex -64.7 17.6154 7.8498
      vertex -60.5 19.9765 9.34179
      vertex -64.7 17.4883 8.17089
    endloop
  endfacet
  facet normal 0.547025 -0.677237 -0.492051
    outer loop
      vertex -64.7 17.3219 8.47352
      vertex -60.5 19.2378 10.5058
      vertex -64.7 17.1189 8.75292
    endloop
  endfacet
  facet normal 0.547037 -0.356401 -0.757449
    outer loop
      vertex -64.7 16.3248 9.40984
      vertex -60.5 17.0247 12.1138
      vertex -64.7 16.0123 9.55688
    endloop
  endfacet
  facet normal 0.547031 -0.356469 -0.757421
    outer loop
      vertex -60.5 17.0247 12.1138
      vertex -64.7 16.3248 9.40984
      vertex -60.5 17.6496 11.8197
    endloop
  endfacet
  facet normal 0.547028 0.0526026 -0.83546
    outer loop
      vertex -60.5 15 12.5
      vertex -60.5 14.3107 12.4566
      vertex -64.7 15 9.75
    endloop
  endfacet
  facet normal 0.547028 -0.0526026 -0.83546
    outer loop
      vertex -60.5 15.6893 12.4566
      vertex -60.5 15 12.5
      vertex -64.7 15 9.75
    endloop
  endfacet
  facet normal 0.547026 0.533616 -0.644993
    outer loop
      vertex -64.7 13.1175 9.00466
      vertex -60.5 11.7672 11.4496
      vertex -60.5 11.235 11.0093
    endloop
  endfacet
  facet normal 0.547028 0.533601 -0.645004
    outer loop
      vertex -60.5 11.7672 11.4496
      vertex -64.7 13.1175 9.00466
      vertex -64.7 13.3836 9.2248
    endloop
  endfacet
  facet normal 0.547028 0.44854 -0.706804
    outer loop
      vertex -60.5 12.3504 11.8197
      vertex -60.5 11.7672 11.4496
      vertex -64.7 13.3836 9.2248
    endloop
  endfacet
  facet normal 0.547026 0.810807 -0.208216
    outer loop
      vertex -64.7 12.3846 7.8498
      vertex -60.5 9.59742 8.0306
      vertex -64.7 12.2987 7.5153
    endloop
  endfacet
  facet normal 0.547018 0.733546 -0.403338
    outer loop
      vertex -64.7 12.6781 8.47352
      vertex -60.5 10.0235 9.34179
      vertex -64.7 12.5117 8.17089
    endloop
  endfacet
  facet normal 0.547028 0.677214 -0.492079
    outer loop
      vertex -60.5 10.7622 10.5058
      vertex -60.5 10.3562 9.94705
      vertex -64.7 12.6781 8.47352
    endloop
  endfacet
  facet normal 0.547028 0.733592 -0.403242
    outer loop
      vertex -60.5 10.3562 9.94705
      vertex -60.5 10.0235 9.34179
      vertex -64.7 12.6781 8.47352
    endloop
  endfacet
  facet normal 0.547028 -0.733592 0.403242
    outer loop
      vertex -60.5 19.6438 4.05295
      vertex -60.5 19.9765 4.65821
      vertex -64.7 17.3219 5.52648
    endloop
  endfacet
  facet normal 0.547028 -0.677227 0.492061
    outer loop
      vertex -60.5 19.2378 3.49417
      vertex -60.5 19.6438 4.05295
      vertex -64.7 17.3219 5.52648
    endloop
  endfacet
  facet normal 0.547027 -0.778316 0.308199
    outer loop
      vertex -60.5 19.9765 4.65821
      vertex -60.5 20.2308 5.30041
      vertex -64.7 17.6154 6.1502
    endloop
  endfacet
  facet normal 0.547029 -0.810805 0.208219
    outer loop
      vertex -60.5 20.2308 5.30041
      vertex -60.5 20.4026 5.9694
      vertex -64.7 17.6154 6.1502
    endloop
  endfacet
  facet normal 0.547029 -0.448522 0.706815
    outer loop
      vertex -60.5 17.6496 2.18031
      vertex -64.7 16.6164 4.7752
      vertex -64.7 16.3248 4.59016
    endloop
  endfacet
  facet normal 0.54703 -0.448522 -0.706814
    outer loop
      vertex -64.7 16.6164 9.2248
      vertex -60.5 17.6496 11.8197
      vertex -64.7 16.3248 9.40984
    endloop
  endfacet
  facet normal 0.547029 -0.156893 -0.82228
    outer loop
      vertex -64.7 15.6839 9.6636
      vertex -60.5 16.3678 12.3272
      vertex -64.7 15.3447 9.72832
    endloop
  endfacet
  facet normal 0.547027 -0.258719 -0.796132
    outer loop
      vertex -64.7 16.0123 9.55688
      vertex -60.5 16.3678 12.3272
      vertex -64.7 15.6839 9.6636
    endloop
  endfacet
  facet normal 0.547034 -0.258638 -0.796153
    outer loop
      vertex -60.5 16.3678 12.3272
      vertex -64.7 16.0123 9.55688
      vertex -60.5 17.0247 12.1138
    endloop
  endfacet
  facet normal 0.547018 -0.778359 0.308105
    outer loop
      vertex -60.5 19.9765 4.65821
      vertex -64.7 17.6154 6.1502
      vertex -64.7 17.4883 5.82911
    endloop
  endfacet
  facet normal 0.547018 -0.830515 0.104957
    outer loop
      vertex -64.7 17.7013 6.4847
      vertex -60.5 20.4891 6.65465
      vertex -64.7 17.7446 6.82733
    endloop
  endfacet
  facet normal 0.547028 -0.830524 0.104838
    outer loop
      vertex -60.5 20.4891 6.65465
      vertex -64.7 17.7013 6.4847
      vertex -60.5 20.4026 5.9694
    endloop
  endfacet
  facet normal 0.547028 -0.610241 0.573032
    outer loop
      vertex -60.5 18.765 2.99067
      vertex -60.5 19.2378 3.49417
      vertex -64.7 16.8825 4.99534
    endloop
  endfacet
  facet normal 0.547029 -0.533586 0.645016
    outer loop
      vertex -64.7 16.8825 4.99534
      vertex -60.5 18.2328 2.55041
      vertex -60.5 18.765 2.99067
    endloop
  endfacet
  facet normal 0.547027 -0.533601 0.645005
    outer loop
      vertex -60.5 18.2328 2.55041
      vertex -64.7 16.8825 4.99534
      vertex -64.7 16.6164 4.7752
    endloop
  endfacet
  facet normal 0 -0.0627947 0.998026
    outer loop
      vertex 18.0898 15.6893 1.54337
      vertex 50.9612 15 1.5
      vertex 52.5122 15.6893 1.54337
    endloop
  endfacet
  facet normal 0 -0.0627947 0.998026
    outer loop
      vertex 50.9612 15 1.5
      vertex 18.0898 15.6893 1.54337
      vertex 16.5388 15 1.5
    endloop
  endfacet
  facet normal 0 -0.062838 -0.998024
    outer loop
      vertex 50.9612 15 12.5
      vertex 18.0898 15.6893 12.4566
      vertex 52.5122 15.6893 12.4566
    endloop
  endfacet
  facet normal 0 -0.062838 -0.998024
    outer loop
      vertex 18.0898 15.6893 12.4566
      vertex 50.9612 15 12.5
      vertex 16.5388 15 12.5
    endloop
  endfacet
  facet normal 0 -1 0
    outer loop
      vertex 28.8894 20.4891 6.65465
      vertex 63.3118 20.4891 7.34535
      vertex 28.8894 20.4891 7.34535
    endloop
  endfacet
  facet normal 0 -1 -0
    outer loop
      vertex 63.3118 20.4891 7.34535
      vertex 28.8894 20.4891 6.65465
      vertex 63.3118 20.4891 6.65465
    endloop
  endfacet
  facet normal 0 -0.728982 0.684533
    outer loop
      vertex 59.4325 18.765 2.99067
      vertex 26.0739 19.2378 3.49417
      vertex 25.0101 18.765 2.99067
    endloop
  endfacet
  facet normal 0 -0.728982 0.684533
    outer loop
      vertex 26.0739 19.2378 3.49417
      vertex 59.4325 18.765 2.99067
      vertex 60.4963 19.2378 3.49417
    endloop
  endfacet
  facet normal 0 -0.728982 -0.684533
    outer loop
      vertex 26.0739 19.2378 10.5058
      vertex 59.4325 18.765 11.0093
      vertex 25.0101 18.765 11.0093
    endloop
  endfacet
  facet normal 0 -0.728982 -0.684533
    outer loop
      vertex 59.4325 18.765 11.0093
      vertex 26.0739 19.2378 10.5058
      vertex 60.4963 19.2378 10.5058
    endloop
  endfacet
  facet normal 0 -0.929759 -0.368168
    outer loop
      vertex 28.3081 20.2308 8.69959
      vertex 62.1584 19.9765 9.34179
      vertex 27.736 19.9765 9.34179
    endloop
  endfacet
  facet normal 0 -0.929759 -0.368168
    outer loop
      vertex 62.1584 19.9765 9.34179
      vertex 28.3081 20.2308 8.69959
      vertex 62.7305 20.2308 8.69959
    endloop
  endfacet
  facet normal 0 -0.425808 0.904813
    outer loop
      vertex 22.5005 17.6496 2.18031
      vertex 55.5168 17.0247 1.88623
      vertex 56.9229 17.6496 2.18031
    endloop
  endfacet
  facet normal 0 -0.425808 0.904813
    outer loop
      vertex 55.5168 17.0247 1.88623
      vertex 22.5005 17.6496 2.18031
      vertex 21.0943 17.0247 1.88623
    endloop
  endfacet
  facet normal 0 -0.929759 0.368168
    outer loop
      vertex 62.1584 19.9765 4.65821
      vertex 28.3081 20.2308 5.30041
      vertex 27.736 19.9765 4.65821
    endloop
  endfacet
  facet normal 0 -0.929759 0.368168
    outer loop
      vertex 28.3081 20.2308 5.30041
      vertex 62.1584 19.9765 4.65821
      vertex 62.7305 20.2308 5.30041
    endloop
  endfacet
  facet normal 0 -0.968572 0.248734
    outer loop
      vertex 62.7305 20.2308 5.30041
      vertex 28.6946 20.4026 5.9694
      vertex 28.3081 20.2308 5.30041
    endloop
  endfacet
  facet normal 0 -0.968572 0.248734
    outer loop
      vertex 28.6946 20.4026 5.9694
      vertex 62.7305 20.2308 5.30041
      vertex 63.117 20.4026 5.9694
    endloop
  endfacet
  facet normal 0 -0.809001 0.587807
    outer loop
      vertex 60.4963 19.2378 3.49417
      vertex 26.9873 19.6438 4.05295
      vertex 26.0739 19.2378 3.49417
    endloop
  endfacet
  facet normal 0 -0.809001 0.587807
    outer loop
      vertex 26.9873 19.6438 4.05295
      vertex 60.4963 19.2378 3.49417
      vertex 61.4098 19.6438 4.05295
    endloop
  endfacet
  facet normal 0 -0.535817 -0.844334
    outer loop
      vertex 56.9229 17.6496 11.8197
      vertex 23.8126 18.2328 11.4496
      vertex 58.2351 18.2328 11.4496
    endloop
  endfacet
  facet normal 0 -0.535817 -0.844334
    outer loop
      vertex 23.8126 18.2328 11.4496
      vertex 56.9229 17.6496 11.8197
      vertex 22.5005 17.6496 11.8197
    endloop
  endfacet
  facet normal 0 -0.637446 -0.770495
    outer loop
      vertex 58.2351 18.2328 11.4496
      vertex 25.0101 18.765 11.0093
      vertex 59.4325 18.765 11.0093
    endloop
  endfacet
  facet normal 0 -0.637446 -0.770495
    outer loop
      vertex 25.0101 18.765 11.0093
      vertex 58.2351 18.2328 11.4496
      vertex 23.8126 18.2328 11.4496
    endloop
  endfacet
  facet normal 0 -0.187338 -0.982295
    outer loop
      vertex 52.5122 15.6893 12.4566
      vertex 19.6163 16.3678 12.3272
      vertex 54.0387 16.3678 12.3272
    endloop
  endfacet
  facet normal 0 -0.187338 -0.982295
    outer loop
      vertex 19.6163 16.3678 12.3272
      vertex 52.5122 15.6893 12.4566
      vertex 18.0898 15.6893 12.4566
    endloop
  endfacet
  facet normal 0 -0.808986 -0.587827
    outer loop
      vertex 26.9873 19.6438 9.94705
      vertex 60.4963 19.2378 10.5058
      vertex 26.0739 19.2378 10.5058
    endloop
  endfacet
  facet normal 0 -0.808986 -0.587827
    outer loop
      vertex 60.4963 19.2378 10.5058
      vertex 26.9873 19.6438 9.94705
      vertex 61.4098 19.6438 9.94705
    endloop
  endfacet
  facet normal 0 -0.992127 -0.125237
    outer loop
      vertex 28.8894 20.4891 7.34535
      vertex 63.117 20.4026 8.0306
      vertex 28.6946 20.4026 8.0306
    endloop
  endfacet
  facet normal 0 -0.992127 -0.125237
    outer loop
      vertex 63.117 20.4026 8.0306
      vertex 28.8894 20.4891 7.34535
      vertex 63.3118 20.4891 7.34535
    endloop
  endfacet
  facet normal 0 0.968582 -0.248693
    outer loop
      vertex 38.8054 9.59742 8.0306
      vertex 4.76947 9.76919 8.69959
      vertex 39.1919 9.76919 8.69959
    endloop
  endfacet
  facet normal 0 0.968582 -0.248693
    outer loop
      vertex 4.76947 9.76919 8.69959
      vertex 38.8054 9.59742 8.0306
      vertex 4.38299 9.59742 8.0306
    endloop
  endfacet
  facet normal -0 0.992114 0.125337
    outer loop
      vertex 4.38299 9.59742 5.9694
      vertex 38.6106 9.51085 6.65465
      vertex 38.8054 9.59742 5.9694
    endloop
  endfacet
  facet normal 0 0.992114 0.125337
    outer loop
      vertex 38.6106 9.51085 6.65465
      vertex 4.38299 9.59742 5.9694
      vertex 4.18821 9.51085 6.65465
    endloop
  endfacet
  facet normal 0 -0.309017 0.951056
    outer loop
      vertex 21.0943 17.0247 1.88623
      vertex 54.0387 16.3678 1.67279
      vertex 55.5168 17.0247 1.88623
    endloop
  endfacet
  facet normal 0 -0.309017 0.951056
    outer loop
      vertex 54.0387 16.3678 1.67279
      vertex 21.0943 17.0247 1.88623
      vertex 19.6163 16.3678 1.67279
    endloop
  endfacet
  facet normal 0 -0.187366 0.98229
    outer loop
      vertex 19.6163 16.3678 1.67279
      vertex 52.5122 15.6893 1.54337
      vertex 54.0387 16.3678 1.67279
    endloop
  endfacet
  facet normal 0 -0.187366 0.98229
    outer loop
      vertex 52.5122 15.6893 1.54337
      vertex 19.6163 16.3678 1.67279
      vertex 18.0898 15.6893 1.54337
    endloop
  endfacet
  facet normal 0 -0.637412 0.770523
    outer loop
      vertex 25.0101 18.765 2.99067
      vertex 58.2351 18.2328 2.55041
      vertex 59.4325 18.765 2.99067
    endloop
  endfacet
  facet normal 0 -0.637412 0.770523
    outer loop
      vertex 58.2351 18.2328 2.55041
      vertex 25.0101 18.765 2.99067
      vertex 23.8126 18.2328 2.55041
    endloop
  endfacet
  facet normal 0 -0.535817 0.844334
    outer loop
      vertex 23.8126 18.2328 2.55041
      vertex 56.9229 17.6496 2.18031
      vertex 58.2351 18.2328 2.55041
    endloop
  endfacet
  facet normal 0 -0.535817 0.844334
    outer loop
      vertex 56.9229 17.6496 2.18031
      vertex 23.8126 18.2328 2.55041
      vertex 22.5005 17.6496 2.18031
    endloop
  endfacet
  facet normal 0 -0.992127 0.125237
    outer loop
      vertex 63.117 20.4026 5.9694
      vertex 28.8894 20.4891 6.65465
      vertex 28.6946 20.4026 5.9694
    endloop
  endfacet
  facet normal 0 -0.992127 0.125237
    outer loop
      vertex 28.8894 20.4891 6.65465
      vertex 63.117 20.4026 5.9694
      vertex 63.3118 20.4891 6.65465
    endloop
  endfacet
  facet normal 0 -0.876334 0.481704
    outer loop
      vertex 61.4098 19.6438 4.05295
      vertex 27.736 19.9765 4.65821
      vertex 26.9873 19.6438 4.05295
    endloop
  endfacet
  facet normal 0 -0.876334 0.481704
    outer loop
      vertex 27.736 19.9765 4.65821
      vertex 61.4098 19.6438 4.05295
      vertex 62.1584 19.9765 4.65821
    endloop
  endfacet
  facet normal 0 -0.425832 -0.904802
    outer loop
      vertex 55.5168 17.0247 12.1138
      vertex 22.5005 17.6496 11.8197
      vertex 56.9229 17.6496 11.8197
    endloop
  endfacet
  facet normal 0 -0.425832 -0.904802
    outer loop
      vertex 22.5005 17.6496 11.8197
      vertex 55.5168 17.0247 12.1138
      vertex 21.0943 17.0247 12.1138
    endloop
  endfacet
  facet normal 0 -0.308965 -0.951073
    outer loop
      vertex 54.0387 16.3678 12.3272
      vertex 21.0943 17.0247 12.1138
      vertex 55.5168 17.0247 12.1138
    endloop
  endfacet
  facet normal 0 -0.308965 -0.951073
    outer loop
      vertex 21.0943 17.0247 12.1138
      vertex 54.0387 16.3678 12.3272
      vertex 19.6163 16.3678 12.3272
    endloop
  endfacet
  facet normal 0 -0.968572 -0.248734
    outer loop
      vertex 28.6946 20.4026 8.0306
      vertex 62.7305 20.2308 8.69959
      vertex 28.3081 20.2308 8.69959
    endloop
  endfacet
  facet normal 0 -0.968572 -0.248734
    outer loop
      vertex 62.7305 20.2308 8.69959
      vertex 28.6946 20.4026 8.0306
      vertex 63.117 20.4026 8.0306
    endloop
  endfacet
  facet normal -0 0.0627947 0.998026
    outer loop
      vertex 16.5388 15 1.5
      vertex 49.4102 14.3107 1.54337
      vertex 50.9612 15 1.5
    endloop
  endfacet
  facet normal 0 0.0627947 0.998026
    outer loop
      vertex 49.4102 14.3107 1.54337
      vertex 16.5388 15 1.5
      vertex 14.9878 14.3107 1.54337
    endloop
  endfacet
  facet normal -0 0.637412 0.770523
    outer loop
      vertex 9.26495 11.7672 2.55041
      vertex 42.4899 11.235 2.99067
      vertex 43.6874 11.7672 2.55041
    endloop
  endfacet
  facet normal 0 0.637412 0.770523
    outer loop
      vertex 42.4899 11.235 2.99067
      vertex 9.26495 11.7672 2.55041
      vertex 8.06752 11.235 2.99067
    endloop
  endfacet
  facet normal 0 0.992114 -0.125337
    outer loop
      vertex 38.6106 9.51085 7.34535
      vertex 4.38299 9.59742 8.0306
      vertex 38.8054 9.59742 8.0306
    endloop
  endfacet
  facet normal 0 0.992114 -0.125337
    outer loop
      vertex 4.38299 9.59742 8.0306
      vertex 38.6106 9.51085 7.34535
      vertex 4.18821 9.51085 7.34535
    endloop
  endfacet
  facet normal 0 0.062838 -0.998024
    outer loop
      vertex 49.4102 14.3107 12.4566
      vertex 16.5388 15 12.5
      vertex 50.9612 15 12.5
    endloop
  endfacet
  facet normal 0 0.062838 -0.998024
    outer loop
      vertex 16.5388 15 12.5
      vertex 49.4102 14.3107 12.4566
      vertex 14.9878 14.3107 12.4566
    endloop
  endfacet
  facet normal 0 0.308965 -0.951073
    outer loop
      vertex 46.4057 12.9753 12.1138
      vertex 13.4613 13.6322 12.3272
      vertex 47.8837 13.6322 12.3272
    endloop
  endfacet
  facet normal 0 0.308965 -0.951073
    outer loop
      vertex 13.4613 13.6322 12.3272
      vertex 46.4057 12.9753 12.1138
      vertex 11.9833 12.9753 12.1138
    endloop
  endfacet
  facet normal -0 0.929754 0.368181
    outer loop
      vertex 5.34156 10.0235 4.65821
      vertex 39.1919 9.76919 5.30041
      vertex 39.764 10.0235 4.65821
    endloop
  endfacet
  facet normal 0 0.929754 0.368181
    outer loop
      vertex 39.1919 9.76919 5.30041
      vertex 5.34156 10.0235 4.65821
      vertex 4.76947 9.76919 5.30041
    endloop
  endfacet
  facet normal -0 0.968582 0.248693
    outer loop
      vertex 4.76947 9.76919 5.30041
      vertex 38.8054 9.59742 5.9694
      vertex 39.1919 9.76919 5.30041
    endloop
  endfacet
  facet normal 0 0.968582 0.248693
    outer loop
      vertex 38.8054 9.59742 5.9694
      vertex 4.76947 9.76919 5.30041
      vertex 4.38299 9.59742 5.9694
    endloop
  endfacet
  facet normal 0 -0.876334 -0.481704
    outer loop
      vertex 27.736 19.9765 9.34179
      vertex 61.4098 19.6438 9.94705
      vertex 26.9873 19.6438 9.94705
    endloop
  endfacet
  facet normal 0 -0.876334 -0.481704
    outer loop
      vertex 61.4098 19.6438 9.94705
      vertex 27.736 19.9765 9.34179
      vertex 62.1584 19.9765 9.34179
    endloop
  endfacet
  facet normal -0 0.309017 0.951056
    outer loop
      vertex 13.4613 13.6322 1.67279
      vertex 46.4057 12.9753 1.88623
      vertex 47.8837 13.6322 1.67279
    endloop
  endfacet
  facet normal 0 0.309017 0.951056
    outer loop
      vertex 46.4057 12.9753 1.88623
      vertex 13.4613 13.6322 1.67279
      vertex 11.9833 12.9753 1.88623
    endloop
  endfacet
  facet normal -0 0.535817 0.844334
    outer loop
      vertex 10.5771 12.3504 2.18031
      vertex 43.6874 11.7672 2.55041
      vertex 44.9995 12.3504 2.18031
    endloop
  endfacet
  facet normal 0 0.535817 0.844334
    outer loop
      vertex 43.6874 11.7672 2.55041
      vertex 10.5771 12.3504 2.18031
      vertex 9.26495 11.7672 2.55041
    endloop
  endfacet
  facet normal -0 0.876334 0.481704
    outer loop
      vertex 6.09024 10.3562 4.05295
      vertex 39.764 10.0235 4.65821
      vertex 40.5127 10.3562 4.05295
    endloop
  endfacet
  facet normal 0 0.876334 0.481704
    outer loop
      vertex 39.764 10.0235 4.65821
      vertex 6.09024 10.3562 4.05295
      vertex 5.34156 10.0235 4.65821
    endloop
  endfacet
  facet normal -0 0.728982 0.684533
    outer loop
      vertex 8.06752 11.235 2.99067
      vertex 41.4261 10.7622 3.49417
      vertex 42.4899 11.235 2.99067
    endloop
  endfacet
  facet normal 0 0.728982 0.684533
    outer loop
      vertex 41.4261 10.7622 3.49417
      vertex 8.06752 11.235 2.99067
      vertex 7.00369 10.7622 3.49417
    endloop
  endfacet
  facet normal -0 0.425808 0.904813
    outer loop
      vertex 11.9833 12.9753 1.88623
      vertex 44.9995 12.3504 2.18031
      vertex 46.4057 12.9753 1.88623
    endloop
  endfacet
  facet normal 0 0.425808 0.904813
    outer loop
      vertex 44.9995 12.3504 2.18031
      vertex 11.9833 12.9753 1.88623
      vertex 10.5771 12.3504 2.18031
    endloop
  endfacet
  facet normal 0 0.929754 -0.368181
    outer loop
      vertex 39.1919 9.76919 8.69959
      vertex 5.34156 10.0235 9.34179
      vertex 39.764 10.0235 9.34179
    endloop
  endfacet
  facet normal 0 0.929754 -0.368181
    outer loop
      vertex 5.34156 10.0235 9.34179
      vertex 39.1919 9.76919 8.69959
      vertex 4.76947 9.76919 8.69959
    endloop
  endfacet
  facet normal 0 0.637446 -0.770495
    outer loop
      vertex 42.4899 11.235 11.0093
      vertex 9.26495 11.7672 11.4496
      vertex 43.6874 11.7672 11.4496
    endloop
  endfacet
  facet normal 0 0.637446 -0.770495
    outer loop
      vertex 9.26495 11.7672 11.4496
      vertex 42.4899 11.235 11.0093
      vertex 8.06752 11.235 11.0093
    endloop
  endfacet
  facet normal 0 0.187338 -0.982295
    outer loop
      vertex 47.8837 13.6322 12.3272
      vertex 14.9878 14.3107 12.4566
      vertex 49.4102 14.3107 12.4566
    endloop
  endfacet
  facet normal 0 0.187338 -0.982295
    outer loop
      vertex 14.9878 14.3107 12.4566
      vertex 47.8837 13.6322 12.3272
      vertex 13.4613 13.6322 12.3272
    endloop
  endfacet
  facet normal -0 0.187366 0.98229
    outer loop
      vertex 14.9878 14.3107 1.54337
      vertex 47.8837 13.6322 1.67279
      vertex 49.4102 14.3107 1.54337
    endloop
  endfacet
  facet normal 0 0.187366 0.98229
    outer loop
      vertex 47.8837 13.6322 1.67279
      vertex 14.9878 14.3107 1.54337
      vertex 13.4613 13.6322 1.67279
    endloop
  endfacet
  facet normal -0 0.809001 0.587807
    outer loop
      vertex 7.00369 10.7622 3.49417
      vertex 40.5127 10.3562 4.05295
      vertex 41.4261 10.7622 3.49417
    endloop
  endfacet
  facet normal 0 0.809001 0.587807
    outer loop
      vertex 40.5127 10.3562 4.05295
      vertex 7.00369 10.7622 3.49417
      vertex 6.09024 10.3562 4.05295
    endloop
  endfacet
  facet normal 0 1 -0
    outer loop
      vertex 38.6106 9.51085 6.65465
      vertex 4.18821 9.51085 7.34535
      vertex 38.6106 9.51085 7.34535
    endloop
  endfacet
  facet normal 0 1 0
    outer loop
      vertex 4.18821 9.51085 7.34535
      vertex 38.6106 9.51085 6.65465
      vertex 4.18821 9.51085 6.65465
    endloop
  endfacet
  facet normal 0 0.808986 -0.587827
    outer loop
      vertex 40.5127 10.3562 9.94705
      vertex 7.00369 10.7622 10.5058
      vertex 41.4261 10.7622 10.5058
    endloop
  endfacet
  facet normal 0 0.808986 -0.587827
    outer loop
      vertex 7.00369 10.7622 10.5058
      vertex 40.5127 10.3562 9.94705
      vertex 6.09024 10.3562 9.94705
    endloop
  endfacet
  facet normal 0 0.876334 -0.481704
    outer loop
      vertex 39.764 10.0235 9.34179
      vertex 6.09024 10.3562 9.94705
      vertex 40.5127 10.3562 9.94705
    endloop
  endfacet
  facet normal 0 0.876334 -0.481704
    outer loop
      vertex 6.09024 10.3562 9.94705
      vertex 39.764 10.0235 9.34179
      vertex 5.34156 10.0235 9.34179
    endloop
  endfacet
  facet normal 0 0.728982 -0.684533
    outer loop
      vertex 41.4261 10.7622 10.5058
      vertex 8.06752 11.235 11.0093
      vertex 42.4899 11.235 11.0093
    endloop
  endfacet
  facet normal 0 0.728982 -0.684533
    outer loop
      vertex 8.06752 11.235 11.0093
      vertex 41.4261 10.7622 10.5058
      vertex 7.00369 10.7622 10.5058
    endloop
  endfacet
  facet normal 0 0.425832 -0.904802
    outer loop
      vertex 44.9995 12.3504 11.8197
      vertex 11.9833 12.9753 12.1138
      vertex 46.4057 12.9753 12.1138
    endloop
  endfacet
  facet normal 0 0.425832 -0.904802
    outer loop
      vertex 11.9833 12.9753 12.1138
      vertex 44.9995 12.3504 11.8197
      vertex 10.5771 12.3504 11.8197
    endloop
  endfacet
  facet normal 0 0.535817 -0.844334
    outer loop
      vertex 43.6874 11.7672 11.4496
      vertex 10.5771 12.3504 11.8197
      vertex 44.9995 12.3504 11.8197
    endloop
  endfacet
  facet normal 0 0.535817 -0.844334
    outer loop
      vertex 10.5771 12.3504 11.8197
      vertex 43.6874 11.7672 11.4496
      vertex 9.26495 11.7672 11.4496
    endloop
  endfacet
  facet normal 0 -0.0627712 0.998028
    outer loop
      vertex -74.5 15.3447 4.27168
      vertex -64.7 15 4.25
      vertex -64.7 15.3447 4.27168
    endloop
  endfacet
  facet normal 0 -0.0627712 0.998028
    outer loop
      vertex -64.7 15 4.25
      vertex -74.5 15.3447 4.27168
      vertex -74.5 15 4.25
    endloop
  endfacet
  facet normal 0 -0.0627712 -0.998028
    outer loop
      vertex -74.5 15 9.75
      vertex -64.7 15.3447 9.72832
      vertex -64.7 15 9.75
    endloop
  endfacet
  facet normal -0 -0.0627712 -0.998028
    outer loop
      vertex -64.7 15.3447 9.72832
      vertex -74.5 15 9.75
      vertex -74.5 15.3447 9.72832
    endloop
  endfacet
  facet normal 0 -1 0
    outer loop
      vertex -74.5 17.7446 6.82733
      vertex -64.7 17.7446 7.17267
      vertex -74.5 17.7446 7.17267
    endloop
  endfacet
  facet normal 0 -1 -0
    outer loop
      vertex -64.7 17.7446 7.17267
      vertex -74.5 17.7446 6.82733
      vertex -64.7 17.7446 6.82733
    endloop
  endfacet
  facet normal 0 -0.728968 0.684548
    outer loop
      vertex -74.5 16.8825 4.99534
      vertex -64.7 17.1189 5.24708
      vertex -74.5 17.1189 5.24708
    endloop
  endfacet
  facet normal 0 -0.728968 0.684548
    outer loop
      vertex -64.7 17.1189 5.24708
      vertex -74.5 16.8825 4.99534
      vertex -64.7 16.8825 4.99534
    endloop
  endfacet
  facet normal 0 -0.728968 -0.684548
    outer loop
      vertex -74.5 17.1189 8.75292
      vertex -64.7 16.8825 9.00466
      vertex -74.5 16.8825 9.00466
    endloop
  endfacet
  facet normal 0 -0.728968 -0.684548
    outer loop
      vertex -64.7 16.8825 9.00466
      vertex -74.5 17.1189 8.75292
      vertex -64.7 17.1189 8.75292
    endloop
  endfacet
  facet normal 0 -0.929805 -0.368053
    outer loop
      vertex -74.5 17.6154 7.8498
      vertex -64.7 17.4883 8.17089
      vertex -74.5 17.4883 8.17089
    endloop
  endfacet
  facet normal 0 -0.929805 -0.368053
    outer loop
      vertex -64.7 17.4883 8.17089
      vertex -74.5 17.6154 7.8498
      vertex -64.7 17.6154 7.8498
    endloop
  endfacet
  facet normal 0 -0.425752 0.90484
    outer loop
      vertex -74.5 16.3248 4.59016
      vertex -64.7 16.0123 4.44312
      vertex -64.7 16.3248 4.59016
    endloop
  endfacet
  facet normal 0 -0.425752 0.90484
    outer loop
      vertex -64.7 16.0123 4.44312
      vertex -74.5 16.3248 4.59016
      vertex -74.5 16.0123 4.44312
    endloop
  endfacet
  facet normal 0 -0.929805 0.368053
    outer loop
      vertex -74.5 17.4883 5.82911
      vertex -64.7 17.6154 6.1502
      vertex -74.5 17.6154 6.1502
    endloop
  endfacet
  facet normal 0 -0.929805 0.368053
    outer loop
      vertex -64.7 17.6154 6.1502
      vertex -74.5 17.4883 5.82911
      vertex -64.7 17.4883 5.82911
    endloop
  endfacet
  facet normal 0 -0.809011 0.587793
    outer loop
      vertex -74.5 17.1189 5.24708
      vertex -64.7 17.3219 5.52648
      vertex -74.5 17.3219 5.52648
    endloop
  endfacet
  facet normal 0 -0.809011 0.587793
    outer loop
      vertex -64.7 17.3219 5.52648
      vertex -74.5 17.1189 5.24708
      vertex -64.7 17.1189 5.24708
    endloop
  endfacet
  facet normal 0 -0.535796 -0.844348
    outer loop
      vertex -74.5 16.3248 9.40984
      vertex -64.7 16.6164 9.2248
      vertex -64.7 16.3248 9.40984
    endloop
  endfacet
  facet normal -0 -0.535796 -0.844348
    outer loop
      vertex -64.7 16.6164 9.2248
      vertex -74.5 16.3248 9.40984
      vertex -74.5 16.6164 9.2248
    endloop
  endfacet
  facet normal 0 -0.637429 -0.770509
    outer loop
      vertex -74.5 16.6164 9.2248
      vertex -64.7 16.8825 9.00466
      vertex -64.7 16.6164 9.2248
    endloop
  endfacet
  facet normal -0 -0.637429 -0.770509
    outer loop
      vertex -64.7 16.8825 9.00466
      vertex -74.5 16.6164 9.2248
      vertex -74.5 16.8825 9.00466
    endloop
  endfacet
  facet normal 0 -0.187421 -0.98228
    outer loop
      vertex -74.5 15.3447 9.72832
      vertex -64.7 15.6839 9.6636
      vertex -64.7 15.3447 9.72832
    endloop
  endfacet
  facet normal -0 -0.187421 -0.98228
    outer loop
      vertex -64.7 15.6839 9.6636
      vertex -74.5 15.3447 9.72832
      vertex -74.5 15.6839 9.6636
    endloop
  endfacet
  facet normal 0 -0.876273 -0.481815
    outer loop
      vertex -74.5 17.4883 8.17089
      vertex -64.7 17.3219 8.47352
      vertex -74.5 17.3219 8.47352
    endloop
  endfacet
  facet normal 0 -0.876273 -0.481815
    outer loop
      vertex -64.7 17.3219 8.47352
      vertex -74.5 17.4883 8.17089
      vertex -64.7 17.4883 8.17089
    endloop
  endfacet
  facet normal 0 -0.992109 -0.125378
    outer loop
      vertex -74.5 17.7446 7.17267
      vertex -64.7 17.7013 7.5153
      vertex -74.5 17.7013 7.5153
    endloop
  endfacet
  facet normal 0 -0.992109 -0.125378
    outer loop
      vertex -64.7 17.7013 7.5153
      vertex -74.5 17.7446 7.17267
      vertex -64.7 17.7446 7.17267
    endloop
  endfacet
  facet normal -0 0.637429 0.770509
    outer loop
      vertex -74.5 13.3836 4.7752
      vertex -64.7 13.1175 4.99534
      vertex -64.7 13.3836 4.7752
    endloop
  endfacet
  facet normal 0 0.637429 0.770509
    outer loop
      vertex -64.7 13.1175 4.99534
      vertex -74.5 13.3836 4.7752
      vertex -74.5 13.1175 4.99534
    endloop
  endfacet
  facet normal 0 0.968573 -0.248731
    outer loop
      vertex -64.7 12.2987 7.5153
      vertex -74.5 12.3846 7.8498
      vertex -64.7 12.3846 7.8498
    endloop
  endfacet
  facet normal 0 0.968573 -0.248731
    outer loop
      vertex -74.5 12.3846 7.8498
      vertex -64.7 12.2987 7.5153
      vertex -74.5 12.2987 7.5153
    endloop
  endfacet
  facet normal 0 0.992109 0.125378
    outer loop
      vertex -64.7 12.2987 6.4847
      vertex -74.5 12.2554 6.82733
      vertex -64.7 12.2554 6.82733
    endloop
  endfacet
  facet normal 0 0.992109 0.125378
    outer loop
      vertex -74.5 12.2554 6.82733
      vertex -64.7 12.2987 6.4847
      vertex -74.5 12.2987 6.4847
    endloop
  endfacet
  facet normal 0 -0.30906 0.951043
    outer loop
      vertex -74.5 16.0123 4.44312
      vertex -64.7 15.6839 4.3364
      vertex -64.7 16.0123 4.44312
    endloop
  endfacet
  facet normal 0 -0.30906 0.951043
    outer loop
      vertex -64.7 15.6839 4.3364
      vertex -74.5 16.0123 4.44312
      vertex -74.5 15.6839 4.3364
    endloop
  endfacet
  facet normal 0 -0.187421 0.98228
    outer loop
      vertex -74.5 15.6839 4.3364
      vertex -64.7 15.3447 4.27168
      vertex -64.7 15.6839 4.3364
    endloop
  endfacet
  facet normal 0 -0.187421 0.98228
    outer loop
      vertex -64.7 15.3447 4.27168
      vertex -74.5 15.6839 4.3364
      vertex -74.5 15.3447 4.27168
    endloop
  endfacet
  facet normal 0 -0.637429 0.770509
    outer loop
      vertex -74.5 16.8825 4.99534
      vertex -64.7 16.6164 4.7752
      vertex -64.7 16.8825 4.99534
    endloop
  endfacet
  facet normal 0 -0.637429 0.770509
    outer loop
      vertex -64.7 16.6164 4.7752
      vertex -74.5 16.8825 4.99534
      vertex -74.5 16.6164 4.7752
    endloop
  endfacet
  facet normal 0 -0.535796 0.844348
    outer loop
      vertex -74.5 16.6164 4.7752
      vertex -64.7 16.3248 4.59016
      vertex -64.7 16.6164 4.7752
    endloop
  endfacet
  facet normal 0 -0.535796 0.844348
    outer loop
      vertex -64.7 16.3248 4.59016
      vertex -74.5 16.6164 4.7752
      vertex -74.5 16.3248 4.59016
    endloop
  endfacet
  facet normal 0 -0.968573 0.248731
    outer loop
      vertex -74.5 17.6154 6.1502
      vertex -64.7 17.7013 6.4847
      vertex -74.5 17.7013 6.4847
    endloop
  endfacet
  facet normal 0 -0.968573 0.248731
    outer loop
      vertex -64.7 17.7013 6.4847
      vertex -74.5 17.6154 6.1502
      vertex -64.7 17.6154 6.1502
    endloop
  endfacet
  facet normal 0 -0.992109 0.125378
    outer loop
      vertex -74.5 17.7013 6.4847
      vertex -64.7 17.7446 6.82733
      vertex -74.5 17.7446 6.82733
    endloop
  endfacet
  facet normal 0 -0.992109 0.125378
    outer loop
      vertex -64.7 17.7446 6.82733
      vertex -74.5 17.7013 6.4847
      vertex -64.7 17.7013 6.4847
    endloop
  endfacet
  facet normal 0 -0.425752 -0.90484
    outer loop
      vertex -74.5 16.0123 9.55688
      vertex -64.7 16.3248 9.40984
      vertex -64.7 16.0123 9.55688
    endloop
  endfacet
  facet normal -0 -0.425752 -0.90484
    outer loop
      vertex -64.7 16.3248 9.40984
      vertex -74.5 16.0123 9.55688
      vertex -74.5 16.3248 9.40984
    endloop
  endfacet
  facet normal 0 -0.30906 -0.951043
    outer loop
      vertex -74.5 15.6839 9.6636
      vertex -64.7 16.0123 9.55688
      vertex -64.7 15.6839 9.6636
    endloop
  endfacet
  facet normal -0 -0.30906 -0.951043
    outer loop
      vertex -64.7 16.0123 9.55688
      vertex -74.5 15.6839 9.6636
      vertex -74.5 16.0123 9.55688
    endloop
  endfacet
  facet normal 0 -0.809011 -0.587793
    outer loop
      vertex -74.5 17.3219 8.47352
      vertex -64.7 17.1189 8.75292
      vertex -74.5 17.1189 8.75292
    endloop
  endfacet
  facet normal 0 -0.809011 -0.587793
    outer loop
      vertex -64.7 17.1189 8.75292
      vertex -74.5 17.3219 8.47352
      vertex -64.7 17.3219 8.47352
    endloop
  endfacet
  facet normal 0 -0.968573 -0.248731
    outer loop
      vertex -74.5 17.7013 7.5153
      vertex -64.7 17.6154 7.8498
      vertex -74.5 17.6154 7.8498
    endloop
  endfacet
  facet normal 0 -0.968573 -0.248731
    outer loop
      vertex -64.7 17.6154 7.8498
      vertex -74.5 17.7013 7.5153
      vertex -64.7 17.7013 7.5153
    endloop
  endfacet
  facet normal -0 0.0627712 0.998028
    outer loop
      vertex -74.5 15 4.25
      vertex -64.7 14.6553 4.27168
      vertex -64.7 15 4.25
    endloop
  endfacet
  facet normal 0 0.0627712 0.998028
    outer loop
      vertex -64.7 14.6553 4.27168
      vertex -74.5 15 4.25
      vertex -74.5 14.6553 4.27168
    endloop
  endfacet
  facet normal 0 0.876273 0.481815
    outer loop
      vertex -64.7 12.6781 5.52648
      vertex -74.5 12.5117 5.82911
      vertex -64.7 12.5117 5.82911
    endloop
  endfacet
  facet normal 0 0.876273 0.481815
    outer loop
      vertex -74.5 12.5117 5.82911
      vertex -64.7 12.6781 5.52648
      vertex -74.5 12.6781 5.52648
    endloop
  endfacet
  facet normal 0 0.0627712 -0.998028
    outer loop
      vertex -74.5 14.6553 9.72832
      vertex -64.7 15 9.75
      vertex -64.7 14.6553 9.72832
    endloop
  endfacet
  facet normal 0 0.0627712 -0.998028
    outer loop
      vertex -64.7 15 9.75
      vertex -74.5 14.6553 9.72832
      vertex -74.5 15 9.75
    endloop
  endfacet
  facet normal 0 0.30906 -0.951043
    outer loop
      vertex -74.5 13.9877 9.55688
      vertex -64.7 14.3161 9.6636
      vertex -64.7 13.9877 9.55688
    endloop
  endfacet
  facet normal 0 0.30906 -0.951043
    outer loop
      vertex -64.7 14.3161 9.6636
      vertex -74.5 13.9877 9.55688
      vertex -74.5 14.3161 9.6636
    endloop
  endfacet
  facet normal 0 0.929805 0.368053
    outer loop
      vertex -64.7 12.5117 5.82911
      vertex -74.5 12.3846 6.1502
      vertex -64.7 12.3846 6.1502
    endloop
  endfacet
  facet normal 0 0.929805 0.368053
    outer loop
      vertex -74.5 12.3846 6.1502
      vertex -64.7 12.5117 5.82911
      vertex -74.5 12.5117 5.82911
    endloop
  endfacet
  facet normal 0 0.968573 0.248731
    outer loop
      vertex -64.7 12.3846 6.1502
      vertex -74.5 12.2987 6.4847
      vertex -64.7 12.2987 6.4847
    endloop
  endfacet
  facet normal 0 0.968573 0.248731
    outer loop
      vertex -74.5 12.2987 6.4847
      vertex -64.7 12.3846 6.1502
      vertex -74.5 12.3846 6.1502
    endloop
  endfacet
  facet normal 0 -0.876273 0.481815
    outer loop
      vertex -74.5 17.3219 5.52648
      vertex -64.7 17.4883 5.82911
      vertex -74.5 17.4883 5.82911
    endloop
  endfacet
  facet normal 0 -0.876273 0.481815
    outer loop
      vertex -64.7 17.4883 5.82911
      vertex -74.5 17.3219 5.52648
      vertex -64.7 17.3219 5.52648
    endloop
  endfacet
  facet normal -0 0.30906 0.951043
    outer loop
      vertex -74.5 14.3161 4.3364
      vertex -64.7 13.9877 4.44312
      vertex -64.7 14.3161 4.3364
    endloop
  endfacet
  facet normal 0 0.30906 0.951043
    outer loop
      vertex -64.7 13.9877 4.44312
      vertex -74.5 14.3161 4.3364
      vertex -74.5 13.9877 4.44312
    endloop
  endfacet
  facet normal -0 0.187421 0.98228
    outer loop
      vertex -74.5 14.6553 4.27168
      vertex -64.7 14.3161 4.3364
      vertex -64.7 14.6553 4.27168
    endloop
  endfacet
  facet normal 0 0.187421 0.98228
    outer loop
      vertex -64.7 14.3161 4.3364
      vertex -74.5 14.6553 4.27168
      vertex -74.5 14.3161 4.3364
    endloop
  endfacet
  facet normal -0 0.425752 0.90484
    outer loop
      vertex -74.5 13.9877 4.44312
      vertex -64.7 13.6752 4.59016
      vertex -64.7 13.9877 4.44312
    endloop
  endfacet
  facet normal 0 0.425752 0.90484
    outer loop
      vertex -64.7 13.6752 4.59016
      vertex -74.5 13.9877 4.44312
      vertex -74.5 13.6752 4.59016
    endloop
  endfacet
  facet normal -0 0.535796 0.844348
    outer loop
      vertex -74.5 13.6752 4.59016
      vertex -64.7 13.3836 4.7752
      vertex -64.7 13.6752 4.59016
    endloop
  endfacet
  facet normal 0 0.535796 0.844348
    outer loop
      vertex -64.7 13.3836 4.7752
      vertex -74.5 13.6752 4.59016
      vertex -74.5 13.3836 4.7752
    endloop
  endfacet
  facet normal 0 1 -0
    outer loop
      vertex -64.7 12.2554 6.82733
      vertex -74.5 12.2554 7.17267
      vertex -64.7 12.2554 7.17267
    endloop
  endfacet
  facet normal 0 1 0
    outer loop
      vertex -74.5 12.2554 7.17267
      vertex -64.7 12.2554 6.82733
      vertex -74.5 12.2554 6.82733
    endloop
  endfacet
  facet normal 0 0.728968 -0.684548
    outer loop
      vertex -64.7 12.8811 8.75292
      vertex -74.5 13.1175 9.00466
      vertex -64.7 13.1175 9.00466
    endloop
  endfacet
  facet normal 0 0.728968 -0.684548
    outer loop
      vertex -74.5 13.1175 9.00466
      vertex -64.7 12.8811 8.75292
      vertex -74.5 12.8811 8.75292
    endloop
  endfacet
  facet normal 0 0.637429 -0.770509
    outer loop
      vertex -74.5 13.1175 9.00466
      vertex -64.7 13.3836 9.2248
      vertex -64.7 13.1175 9.00466
    endloop
  endfacet
  facet normal 0 0.637429 -0.770509
    outer loop
      vertex -64.7 13.3836 9.2248
      vertex -74.5 13.1175 9.00466
      vertex -74.5 13.3836 9.2248
    endloop
  endfacet
  facet normal 0 0.425752 -0.90484
    outer loop
      vertex -74.5 13.6752 9.40984
      vertex -64.7 13.9877 9.55688
      vertex -64.7 13.6752 9.40984
    endloop
  endfacet
  facet normal 0 0.425752 -0.90484
    outer loop
      vertex -64.7 13.9877 9.55688
      vertex -74.5 13.6752 9.40984
      vertex -74.5 13.9877 9.55688
    endloop
  endfacet
  facet normal 0 0.187421 -0.98228
    outer loop
      vertex -74.5 14.3161 9.6636
      vertex -64.7 14.6553 9.72832
      vertex -64.7 14.3161 9.6636
    endloop
  endfacet
  facet normal 0 0.187421 -0.98228
    outer loop
      vertex -64.7 14.6553 9.72832
      vertex -74.5 14.3161 9.6636
      vertex -74.5 14.6553 9.72832
    endloop
  endfacet
  facet normal 0 0.809011 0.587793
    outer loop
      vertex -64.7 12.8811 5.24708
      vertex -74.5 12.6781 5.52648
      vertex -64.7 12.6781 5.52648
    endloop
  endfacet
  facet normal 0 0.809011 0.587793
    outer loop
      vertex -74.5 12.6781 5.52648
      vertex -64.7 12.8811 5.24708
      vertex -74.5 12.8811 5.24708
    endloop
  endfacet
  facet normal 0 0.728968 0.684548
    outer loop
      vertex -64.7 13.1175 4.99534
      vertex -74.5 12.8811 5.24708
      vertex -64.7 12.8811 5.24708
    endloop
  endfacet
  facet normal 0 0.728968 0.684548
    outer loop
      vertex -74.5 12.8811 5.24708
      vertex -64.7 13.1175 4.99534
      vertex -74.5 13.1175 4.99534
    endloop
  endfacet
  facet normal 0 0.535796 -0.844348
    outer loop
      vertex -74.5 13.3836 9.2248
      vertex -64.7 13.6752 9.40984
      vertex -64.7 13.3836 9.2248
    endloop
  endfacet
  facet normal 0 0.535796 -0.844348
    outer loop
      vertex -64.7 13.6752 9.40984
      vertex -74.5 13.3836 9.2248
      vertex -74.5 13.6752 9.40984
    endloop
  endfacet
  facet normal 0 0.992109 -0.125378
    outer loop
      vertex -64.7 12.2554 7.17267
      vertex -74.5 12.2987 7.5153
      vertex -64.7 12.2987 7.5153
    endloop
  endfacet
  facet normal 0 0.992109 -0.125378
    outer loop
      vertex -74.5 12.2987 7.5153
      vertex -64.7 12.2554 7.17267
      vertex -74.5 12.2554 7.17267
    endloop
  endfacet
  facet normal 0 0.876273 -0.481815
    outer loop
      vertex -64.7 12.5117 8.17089
      vertex -74.5 12.6781 8.47352
      vertex -64.7 12.6781 8.47352
    endloop
  endfacet
  facet normal 0 0.876273 -0.481815
    outer loop
      vertex -74.5 12.6781 8.47352
      vertex -64.7 12.5117 8.17089
      vertex -74.5 12.5117 8.17089
    endloop
  endfacet
  facet normal 0 0.809011 -0.587793
    outer loop
      vertex -64.7 12.6781 8.47352
      vertex -74.5 12.8811 8.75292
      vertex -64.7 12.8811 8.75292
    endloop
  endfacet
  facet normal 0 0.809011 -0.587793
    outer loop
      vertex -74.5 12.8811 8.75292
      vertex -64.7 12.6781 8.47352
      vertex -74.5 12.6781 8.47352
    endloop
  endfacet
  facet normal 0 0.929805 -0.368053
    outer loop
      vertex -64.7 12.3846 7.8498
      vertex -74.5 12.5117 8.17089
      vertex -64.7 12.5117 8.17089
    endloop
  endfacet
  facet normal 0 0.929805 -0.368053
    outer loop
      vertex -74.5 12.5117 8.17089
      vertex -64.7 12.3846 7.8498
      vertex -74.5 12.3846 7.8498
    endloop
  endfacet
  facet normal -0.687831 0.568954 0.450754
    outer loop
      vertex 54.6739 44.4586 11
      vertex 56.1406 43.855 14
      vertex 54.7768 44.583 11
    endloop
  endfacet
  facet normal -0.687855 0.568922 0.450759
    outer loop
      vertex 56.1406 43.855 14
      vertex 54.6739 44.4586 11
      vertex 55.7804 43.4195 14
    endloop
  endfacet
  facet normal -0.890895 -0.0558537 0.450763
    outer loop
      vertex 57 46.5 14
      vertex 55.472 46.6611 11
      vertex 55.4821 46.5 11
    endloop
  endfacet
  facet normal -0.890888 -0.0560754 0.450748
    outer loop
      vertex 55.472 46.6611 11
      vertex 57 46.5 14
      vertex 56.9645 47.064 14
    endloop
  endfacet
  facet normal -0.890883 -0.0561252 0.450752
    outer loop
      vertex 55.472 46.6611 11
      vertex 56.9645 47.064 14
      vertex 55.4586 46.8738 11
    endloop
  endfacet
  facet normal -0.890883 0.0561252 0.450752
    outer loop
      vertex 56.9645 45.936 14
      vertex 55.472 46.3389 11
      vertex 55.4586 46.1262 11
    endloop
  endfacet
  facet normal 0.876845 0.167238 0.45075
    outer loop
      vertex 49.5813 45.917 11
      vertex 49.5414 46.1262 11
      vertex 48.0355 45.936 14
    endloop
  endfacet
  facet normal 0.221922 -0.864627 0.450745
    outer loop
      vertex 51.7848 49.3892 11
      vertex 51.6568 50.9203 14
      vertex 51.1094 50.7798 14
    endloop
  endfacet
  facet normal 0.221698 -0.864676 0.450761
    outer loop
      vertex 51.6568 50.9203 14
      vertex 51.7848 49.3892 11
      vertex 51.9412 49.4293 11
    endloop
  endfacet
  facet normal -0.111855 0.885621 0.450737
    outer loop
      vertex 52.7826 42.0089 14
      vertex 52.8986 43.5504 11
      vertex 52.6872 43.5237 11
    endloop
  endfacet
  facet normal -0.876884 0.166973 0.450771
    outer loop
      vertex 55.3885 45.7584 11
      vertex 56.9645 45.936 14
      vertex 55.4187 45.917 11
    endloop
  endfacet
  facet normal -0.876845 0.167281 0.450733
    outer loop
      vertex 56.9645 45.936 14
      vertex 55.3885 45.7584 11
      vertex 56.8586 45.3809 14
    endloop
  endfacet
  facet normal -0.807789 0.379843 0.450774
    outer loop
      vertex 55.1133 45.0633 11
      vertex 56.684 44.8434 14
      vertex 55.182 45.2094 11
    endloop
  endfacet
  facet normal -0.807697 0.380074 0.450743
    outer loop
      vertex 56.684 44.8434 14
      vertex 55.1133 45.0633 11
      vertex 56.4434 44.3321 14
    endloop
  endfacet
  facet normal 0.611208 0.650587 0.450735
    outer loop
      vertex 50.5991 44.2022 11
      vertex 50.4438 44.3481 11
      vertex 49.6316 43.0327 14
    endloop
  endfacet
  facet normal 0.111855 -0.885621 0.450737
    outer loop
      vertex 52.3128 49.4763 11
      vertex 52.2174 50.9911 14
      vertex 52.1014 49.4496 11
    endloop
  endfacet
  facet normal 0.753675 -0.478333 0.450745
    outer loop
      vertex 48.5566 48.6679 14
      vertex 50.0874 48.2529 11
      vertex 48.8594 49.145 14
    endloop
  endfacet
  facet normal 0.75383 -0.478052 0.450785
    outer loop
      vertex 50.0874 48.2529 11
      vertex 48.5566 48.6679 14
      vertex 50.0009 48.1165 11
    endloop
  endfacet
  facet normal 0.687712 -0.569112 0.450738
    outer loop
      vertex 50.0874 48.2529 11
      vertex 50.2232 48.417 11
      vertex 48.8594 49.145 14
    endloop
  endfacet
  facet normal -0.848981 0.275808 0.450735
    outer loop
      vertex 55.3386 45.6048 11
      vertex 56.8586 45.3809 14
      vertex 55.3885 45.7584 11
    endloop
  endfacet
  facet normal -0.848988 0.275783 0.450736
    outer loop
      vertex 56.8586 45.3809 14
      vertex 55.3386 45.6048 11
      vertex 56.684 44.8434 14
    endloop
  endfacet
  facet normal -0.890895 0.0558537 0.450763
    outer loop
      vertex 55.472 46.3389 11
      vertex 57 46.5 14
      vertex 55.4821 46.5 11
    endloop
  endfacet
  facet normal -0.890888 0.0560754 0.450748
    outer loop
      vertex 57 46.5 14
      vertex 55.472 46.3389 11
      vertex 56.9645 45.936 14
    endloop
  endfacet
  facet normal -0.848866 0.276112 0.450765
    outer loop
      vertex 56.684 44.8434 14
      vertex 55.3386 45.6048 11
      vertex 55.2727 45.4022 11
    endloop
  endfacet
  facet normal -0.753516 0.478596 0.450733
    outer loop
      vertex 56.4434 44.3321 14
      vertex 55.1133 45.0633 11
      vertex 54.9991 44.8835 11
    endloop
  endfacet
  facet normal -0.807729 0.379985 0.450761
    outer loop
      vertex 56.684 44.8434 14
      vertex 55.2727 45.4022 11
      vertex 55.182 45.2094 11
    endloop
  endfacet
  facet normal -0.429911 0.782305 0.45075
    outer loop
      vertex 54.9112 42.7005 14
      vertex 54.0979 43.9821 11
      vertex 53.9112 43.8795 11
    endloop
  endfacet
  facet normal -0.429989 0.782258 0.450757
    outer loop
      vertex 53.9112 43.8795 11
      vertex 54.416 42.4283 14
      vertex 54.9112 42.7005 14
    endloop
  endfacet
  facet normal -0.430079 0.782213 0.45075
    outer loop
      vertex 54.416 42.4283 14
      vertex 53.9112 43.8795 11
      vertex 53.7697 43.8017 11
    endloop
  endfacet
  facet normal 0.807789 0.379843 0.450774
    outer loop
      vertex 48.316 44.8434 14
      vertex 49.8867 45.0633 11
      vertex 49.818 45.2094 11
    endloop
  endfacet
  facet normal 0.807697 0.380074 0.450743
    outer loop
      vertex 49.8867 45.0633 11
      vertex 48.316 44.8434 14
      vertex 48.5566 44.3321 14
    endloop
  endfacet
  facet normal 0.848866 -0.276112 0.450765
    outer loop
      vertex 49.6614 47.3952 11
      vertex 49.7273 47.5978 11
      vertex 48.316 48.1566 14
    endloop
  endfacet
  facet normal -0.876845 0.167238 0.45075
    outer loop
      vertex 56.9645 45.936 14
      vertex 55.4586 46.1262 11
      vertex 55.4187 45.917 11
    endloop
  endfacet
  facet normal -0.75383 0.478052 0.450785
    outer loop
      vertex 54.9126 44.7471 11
      vertex 56.4434 44.3321 14
      vertex 54.9991 44.8835 11
    endloop
  endfacet
  facet normal -0.753675 0.478333 0.450745
    outer loop
      vertex 56.4434 44.3321 14
      vertex 54.9126 44.7471 11
      vertex 56.1406 43.855 14
    endloop
  endfacet
  facet normal -0.687712 0.569112 0.450738
    outer loop
      vertex 56.1406 43.855 14
      vertex 54.9126 44.7471 11
      vertex 54.7768 44.583 11
    endloop
  endfacet
  facet normal -0.328714 0.829921 0.450754
    outer loop
      vertex 53.7697 43.8017 11
      vertex 53.8906 42.2202 14
      vertex 54.416 42.4283 14
    endloop
  endfacet
  facet normal -0.328952 0.829843 0.450722
    outer loop
      vertex 53.8906 42.2202 14
      vertex 53.7697 43.8017 11
      vertex 53.6196 43.7422 11
    endloop
  endfacet
  facet normal -0.611208 0.650587 0.450735
    outer loop
      vertex 55.3684 43.0327 14
      vertex 54.5562 44.3481 11
      vertex 54.4009 44.2022 11
    endloop
  endfacet
  facet normal 0.876884 0.166973 0.450771
    outer loop
      vertex 48.0355 45.936 14
      vertex 49.6115 45.7584 11
      vertex 49.5813 45.917 11
    endloop
  endfacet
  facet normal 0.876845 0.167281 0.450733
    outer loop
      vertex 49.6115 45.7584 11
      vertex 48.0355 45.936 14
      vertex 48.1414 45.3809 14
    endloop
  endfacet
  facet normal 0.429911 0.782305 0.45075
    outer loop
      vertex 51.0888 43.8795 11
      vertex 50.9021 43.9821 11
      vertex 50.0888 42.7005 14
    endloop
  endfacet
  facet normal 0.221698 0.864676 0.450761
    outer loop
      vertex 51.7848 43.6108 11
      vertex 51.6568 42.0797 14
      vertex 51.9412 43.5707 11
    endloop
  endfacet
  facet normal 0.221922 0.864627 0.450745
    outer loop
      vertex 51.6568 42.0797 14
      vertex 51.7848 43.6108 11
      vertex 51.1094 42.2202 14
    endloop
  endfacet
  facet normal 0.222114 0.864569 0.450762
    outer loop
      vertex 51.7848 43.6108 11
      vertex 51.5785 43.6638 11
      vertex 51.1094 42.2202 14
    endloop
  endfacet
  facet normal 0.524531 0.722278 0.450757
    outer loop
      vertex 50.9021 43.9821 11
      vertex 50.7297 44.1073 11
      vertex 50.0888 42.7005 14
    endloop
  endfacet
  facet normal 0.52474 0.722139 0.450737
    outer loop
      vertex 50.5991 44.2022 11
      vertex 50.0888 42.7005 14
      vertex 50.7297 44.1073 11
    endloop
  endfacet
  facet normal 0.524715 0.722154 0.45074
    outer loop
      vertex 50.0888 42.7005 14
      vertex 50.5991 44.2022 11
      vertex 49.6316 43.0327 14
    endloop
  endfacet
  facet normal 0.610976 0.650787 0.45076
    outer loop
      vertex 50.3261 44.4586 11
      vertex 49.6316 43.0327 14
      vertex 50.4438 44.3481 11
    endloop
  endfacet
  facet normal 0.610979 0.650784 0.45076
    outer loop
      vertex 49.6316 43.0327 14
      vertex 50.3261 44.4586 11
      vertex 49.2196 43.4195 14
    endloop
  endfacet
  facet normal -0.429911 -0.782305 0.45075
    outer loop
      vertex 54.0979 49.0179 11
      vertex 54.9112 50.2995 14
      vertex 53.9112 49.1205 11
    endloop
  endfacet
  facet normal 0.111847 -0.885614 0.450753
    outer loop
      vertex 51.9412 49.4293 11
      vertex 52.2174 50.9911 14
      vertex 51.6568 50.9203 14
    endloop
  endfacet
  facet normal 0.112219 -0.88559 0.450707
    outer loop
      vertex 52.2174 50.9911 14
      vertex 51.9412 49.4293 11
      vertex 52.1014 49.4496 11
    endloop
  endfacet
  facet normal 0.429989 -0.782258 0.450757
    outer loop
      vertex 51.0888 49.1205 11
      vertex 50.584 50.5717 14
      vertex 50.0888 50.2995 14
    endloop
  endfacet
  facet normal 0.430079 -0.782213 0.45075
    outer loop
      vertex 50.584 50.5717 14
      vertex 51.0888 49.1205 11
      vertex 51.2303 49.1983 11
    endloop
  endfacet
  facet normal 0.807697 -0.380074 0.450743
    outer loop
      vertex 48.316 48.1566 14
      vertex 49.8867 47.9367 11
      vertex 48.5566 48.6679 14
    endloop
  endfacet
  facet normal 0.807789 -0.379843 0.450774
    outer loop
      vertex 49.8867 47.9367 11
      vertex 48.316 48.1566 14
      vertex 49.818 47.7906 11
    endloop
  endfacet
  facet normal 0.890895 0.0558537 0.450763
    outer loop
      vertex 48 46.5 14
      vertex 49.528 46.3389 11
      vertex 49.5179 46.5 11
    endloop
  endfacet
  facet normal 0.890888 0.0560754 0.450748
    outer loop
      vertex 49.528 46.3389 11
      vertex 48 46.5 14
      vertex 48.0355 45.936 14
    endloop
  endfacet
  facet normal 0.753516 -0.478596 0.450733
    outer loop
      vertex 49.8867 47.9367 11
      vertex 50.0009 48.1165 11
      vertex 48.5566 48.6679 14
    endloop
  endfacet
  facet normal 0.687855 -0.568922 0.450759
    outer loop
      vertex 48.8594 49.145 14
      vertex 50.3261 48.5414 11
      vertex 49.2196 49.5805 14
    endloop
  endfacet
  facet normal 0.687831 -0.568954 0.450754
    outer loop
      vertex 50.3261 48.5414 11
      vertex 48.8594 49.145 14
      vertex 50.2232 48.417 11
    endloop
  endfacet
  facet normal -0.221922 0.864627 0.450745
    outer loop
      vertex 53.2152 43.6108 11
      vertex 53.3432 42.0797 14
      vertex 53.8906 42.2202 14
    endloop
  endfacet
  facet normal -0.221698 0.864676 0.450761
    outer loop
      vertex 53.3432 42.0797 14
      vertex 53.2152 43.6108 11
      vertex 53.0588 43.5707 11
    endloop
  endfacet
  facet normal -0.111847 0.885614 0.450753
    outer loop
      vertex 53.0588 43.5707 11
      vertex 52.7826 42.0089 14
      vertex 53.3432 42.0797 14
    endloop
  endfacet
  facet normal -0.112219 0.88559 0.450707
    outer loop
      vertex 52.7826 42.0089 14
      vertex 53.0588 43.5707 11
      vertex 52.8986 43.5504 11
    endloop
  endfacet
  facet normal -0.524715 0.722154 0.45074
    outer loop
      vertex 54.4009 44.2022 11
      vertex 54.9112 42.7005 14
      vertex 55.3684 43.0327 14
    endloop
  endfacet
  facet normal -0.52474 0.722139 0.450737
    outer loop
      vertex 54.9112 42.7005 14
      vertex 54.4009 44.2022 11
      vertex 54.2703 44.1073 11
    endloop
  endfacet
  facet normal -0.610979 0.650784 0.45076
    outer loop
      vertex 54.6739 44.4586 11
      vertex 55.3684 43.0327 14
      vertex 55.7804 43.4195 14
    endloop
  endfacet
  facet normal -0.610976 0.650787 0.45076
    outer loop
      vertex 55.3684 43.0327 14
      vertex 54.6739 44.4586 11
      vertex 54.5562 44.3481 11
    endloop
  endfacet
  facet normal 0.328483 0.830007 0.450763
    outer loop
      vertex 51.5785 43.6638 11
      vertex 51.3804 43.7422 11
      vertex 51.1094 42.2202 14
    endloop
  endfacet
  facet normal 0.112219 0.88559 0.450707
    outer loop
      vertex 51.9412 43.5707 11
      vertex 52.2174 42.0089 14
      vertex 52.1014 43.5504 11
    endloop
  endfacet
  facet normal 0.111847 0.885614 0.450753
    outer loop
      vertex 52.2174 42.0089 14
      vertex 51.9412 43.5707 11
      vertex 51.6568 42.0797 14
    endloop
  endfacet
  facet normal 0.687712 0.569112 0.450738
    outer loop
      vertex 50.2232 44.583 11
      vertex 50.0874 44.7471 11
      vertex 48.8594 43.855 14
    endloop
  endfacet
  facet normal 0.687831 0.568954 0.450754
    outer loop
      vertex 48.8594 43.855 14
      vertex 50.3261 44.4586 11
      vertex 50.2232 44.583 11
    endloop
  endfacet
  facet normal 0.687855 0.568922 0.450759
    outer loop
      vertex 50.3261 44.4586 11
      vertex 48.8594 43.855 14
      vertex 49.2196 43.4195 14
    endloop
  endfacet
  facet normal -0.753675 -0.478333 0.450745
    outer loop
      vertex 54.9126 48.2529 11
      vertex 56.4434 48.6679 14
      vertex 56.1406 49.145 14
    endloop
  endfacet
  facet normal -0.75383 -0.478052 0.450785
    outer loop
      vertex 56.4434 48.6679 14
      vertex 54.9126 48.2529 11
      vertex 54.9991 48.1165 11
    endloop
  endfacet
  facet normal -0.610976 -0.650787 0.45076
    outer loop
      vertex 54.6739 48.5414 11
      vertex 55.3684 49.9673 14
      vertex 54.5562 48.6519 11
    endloop
  endfacet
  facet normal -0.610979 -0.650784 0.45076
    outer loop
      vertex 55.3684 49.9673 14
      vertex 54.6739 48.5414 11
      vertex 55.7804 49.5805 14
    endloop
  endfacet
  facet normal -0.221698 -0.864676 0.450761
    outer loop
      vertex 53.2152 49.3892 11
      vertex 53.3432 50.9203 14
      vertex 53.0588 49.4293 11
    endloop
  endfacet
  facet normal -0.221922 -0.864627 0.450745
    outer loop
      vertex 53.3432 50.9203 14
      vertex 53.2152 49.3892 11
      vertex 53.8906 50.7798 14
    endloop
  endfacet
  facet normal -0.328952 -0.829843 0.450722
    outer loop
      vertex 53.7697 49.1983 11
      vertex 53.8906 50.7798 14
      vertex 53.6196 49.2578 11
    endloop
  endfacet
  facet normal -0.328714 -0.829921 0.450754
    outer loop
      vertex 53.8906 50.7798 14
      vertex 53.7697 49.1983 11
      vertex 54.416 50.5717 14
    endloop
  endfacet
  facet normal -0.524531 -0.722278 0.450757
    outer loop
      vertex 54.2703 48.8927 11
      vertex 54.9112 50.2995 14
      vertex 54.0979 49.0179 11
    endloop
  endfacet
  facet normal 0.524715 -0.722154 0.45074
    outer loop
      vertex 50.5991 48.7978 11
      vertex 50.0888 50.2995 14
      vertex 49.6316 49.9673 14
    endloop
  endfacet
  facet normal 0.52474 -0.722139 0.450737
    outer loop
      vertex 50.0888 50.2995 14
      vertex 50.5991 48.7978 11
      vertex 50.7297 48.8927 11
    endloop
  endfacet
  facet normal 0.328714 -0.829921 0.450754
    outer loop
      vertex 51.2303 49.1983 11
      vertex 51.1094 50.7798 14
      vertex 50.584 50.5717 14
    endloop
  endfacet
  facet normal 0.328952 -0.829843 0.450722
    outer loop
      vertex 51.1094 50.7798 14
      vertex 51.2303 49.1983 11
      vertex 51.3804 49.2578 11
    endloop
  endfacet
  facet normal 0.328483 -0.830007 0.450763
    outer loop
      vertex 51.3804 49.2578 11
      vertex 51.5785 49.3362 11
      vertex 51.1094 50.7798 14
    endloop
  endfacet
  facet normal 0.222114 -0.864569 0.450762
    outer loop
      vertex 51.5785 49.3362 11
      vertex 51.7848 49.3892 11
      vertex 51.1094 50.7798 14
    endloop
  endfacet
  facet normal 0.848988 -0.275783 0.450736
    outer loop
      vertex 48.1414 47.6191 14
      vertex 49.6614 47.3952 11
      vertex 48.316 48.1566 14
    endloop
  endfacet
  facet normal 0.848981 -0.275808 0.450735
    outer loop
      vertex 49.6614 47.3952 11
      vertex 48.1414 47.6191 14
      vertex 49.6115 47.2416 11
    endloop
  endfacet
  facet normal 0.890888 -0.0560754 0.450748
    outer loop
      vertex 48 46.5 14
      vertex 49.528 46.6611 11
      vertex 48.0355 47.064 14
    endloop
  endfacet
  facet normal 0.890895 -0.0558537 0.450763
    outer loop
      vertex 49.528 46.6611 11
      vertex 48 46.5 14
      vertex 49.5179 46.5 11
    endloop
  endfacet
  facet normal 0.890883 -0.0561252 0.450752
    outer loop
      vertex 49.528 46.6611 11
      vertex 49.5414 46.8738 11
      vertex 48.0355 47.064 14
    endloop
  endfacet
  facet normal -0.328483 0.830007 0.450763
    outer loop
      vertex 53.8906 42.2202 14
      vertex 53.6196 43.7422 11
      vertex 53.4215 43.6638 11
    endloop
  endfacet
  facet normal -0.222114 0.864569 0.450762
    outer loop
      vertex 53.8906 42.2202 14
      vertex 53.4215 43.6638 11
      vertex 53.2152 43.6108 11
    endloop
  endfacet
  facet normal -0.524531 0.722278 0.450757
    outer loop
      vertex 54.9112 42.7005 14
      vertex 54.2703 44.1073 11
      vertex 54.0979 43.9821 11
    endloop
  endfacet
  facet normal 0.848981 0.275808 0.450735
    outer loop
      vertex 48.1414 45.3809 14
      vertex 49.6614 45.6048 11
      vertex 49.6115 45.7584 11
    endloop
  endfacet
  facet normal 0.848988 0.275783 0.450736
    outer loop
      vertex 49.6614 45.6048 11
      vertex 48.1414 45.3809 14
      vertex 48.316 44.8434 14
    endloop
  endfacet
  facet normal 0.807729 0.379985 0.450761
    outer loop
      vertex 49.818 45.2094 11
      vertex 49.7273 45.4022 11
      vertex 48.316 44.8434 14
    endloop
  endfacet
  facet normal 0.328952 0.829843 0.450722
    outer loop
      vertex 51.2303 43.8017 11
      vertex 51.1094 42.2202 14
      vertex 51.3804 43.7422 11
    endloop
  endfacet
  facet normal 0.328714 0.829921 0.450754
    outer loop
      vertex 51.1094 42.2202 14
      vertex 51.2303 43.8017 11
      vertex 50.584 42.4283 14
    endloop
  endfacet
  facet normal 0.430079 0.782213 0.45075
    outer loop
      vertex 51.0888 43.8795 11
      vertex 50.584 42.4283 14
      vertex 51.2303 43.8017 11
    endloop
  endfacet
  facet normal 0.429989 0.782258 0.450757
    outer loop
      vertex 50.584 42.4283 14
      vertex 51.0888 43.8795 11
      vertex 50.0888 42.7005 14
    endloop
  endfacet
  facet normal 0 0.892659 0.450733
    outer loop
      vertex 52.6872 43.5237 11
      vertex 52.2174 42.0089 14
      vertex 52.7826 42.0089 14
    endloop
  endfacet
  facet normal 0 0.892659 0.450733
    outer loop
      vertex 52.2174 42.0089 14
      vertex 52.6872 43.5237 11
      vertex 52.3128 43.5237 11
    endloop
  endfacet
  facet normal 0.75383 0.478052 0.450785
    outer loop
      vertex 48.5566 44.3321 14
      vertex 50.0874 44.7471 11
      vertex 50.0009 44.8835 11
    endloop
  endfacet
  facet normal 0.753675 0.478333 0.450745
    outer loop
      vertex 50.0874 44.7471 11
      vertex 48.5566 44.3321 14
      vertex 48.8594 43.855 14
    endloop
  endfacet
  facet normal 0.753516 0.478596 0.450733
    outer loop
      vertex 50.0009 44.8835 11
      vertex 49.8867 45.0633 11
      vertex 48.5566 44.3321 14
    endloop
  endfacet
  facet normal -0.611208 -0.650587 0.450735
    outer loop
      vertex 54.5562 48.6519 11
      vertex 55.3684 49.9673 14
      vertex 54.4009 48.7978 11
    endloop
  endfacet
  facet normal -0.687855 -0.568922 0.450759
    outer loop
      vertex 54.6739 48.5414 11
      vertex 56.1406 49.145 14
      vertex 55.7804 49.5805 14
    endloop
  endfacet
  facet normal -0.687831 -0.568954 0.450754
    outer loop
      vertex 56.1406 49.145 14
      vertex 54.6739 48.5414 11
      vertex 54.7768 48.417 11
    endloop
  endfacet
  facet normal -0.52474 -0.722139 0.450737
    outer loop
      vertex 54.4009 48.7978 11
      vertex 54.9112 50.2995 14
      vertex 54.2703 48.8927 11
    endloop
  endfacet
  facet normal -0.524715 -0.722154 0.45074
    outer loop
      vertex 54.9112 50.2995 14
      vertex 54.4009 48.7978 11
      vertex 55.3684 49.9673 14
    endloop
  endfacet
  facet normal -0.112219 -0.88559 0.450707
    outer loop
      vertex 53.0588 49.4293 11
      vertex 52.7826 50.9911 14
      vertex 52.8986 49.4496 11
    endloop
  endfacet
  facet normal -0.111847 -0.885614 0.450753
    outer loop
      vertex 52.7826 50.9911 14
      vertex 53.0588 49.4293 11
      vertex 53.3432 50.9203 14
    endloop
  endfacet
  facet normal -0.222114 -0.864569 0.450762
    outer loop
      vertex 53.4215 49.3362 11
      vertex 53.8906 50.7798 14
      vertex 53.2152 49.3892 11
    endloop
  endfacet
  facet normal -0.328483 -0.830007 0.450763
    outer loop
      vertex 53.6196 49.2578 11
      vertex 53.8906 50.7798 14
      vertex 53.4215 49.3362 11
    endloop
  endfacet
  facet normal -0.430079 -0.782213 0.45075
    outer loop
      vertex 53.9112 49.1205 11
      vertex 54.416 50.5717 14
      vertex 53.7697 49.1983 11
    endloop
  endfacet
  facet normal -0.429989 -0.782258 0.450757
    outer loop
      vertex 54.416 50.5717 14
      vertex 53.9112 49.1205 11
      vertex 54.9112 50.2995 14
    endloop
  endfacet
  facet normal 0.611208 -0.650587 0.450735
    outer loop
      vertex 50.4438 48.6519 11
      vertex 50.5991 48.7978 11
      vertex 49.6316 49.9673 14
    endloop
  endfacet
  facet normal 0.610979 -0.650784 0.45076
    outer loop
      vertex 50.3261 48.5414 11
      vertex 49.6316 49.9673 14
      vertex 49.2196 49.5805 14
    endloop
  endfacet
  facet normal 0.610976 -0.650787 0.45076
    outer loop
      vertex 49.6316 49.9673 14
      vertex 50.3261 48.5414 11
      vertex 50.4438 48.6519 11
    endloop
  endfacet
  facet normal 0.524531 -0.722278 0.450757
    outer loop
      vertex 50.7297 48.8927 11
      vertex 50.9021 49.0179 11
      vertex 50.0888 50.2995 14
    endloop
  endfacet
  facet normal 0.429911 -0.782305 0.45075
    outer loop
      vertex 50.9021 49.0179 11
      vertex 51.0888 49.1205 11
      vertex 50.0888 50.2995 14
    endloop
  endfacet
  facet normal 0.807729 -0.379985 0.450761
    outer loop
      vertex 49.7273 47.5978 11
      vertex 49.818 47.7906 11
      vertex 48.316 48.1566 14
    endloop
  endfacet
  facet normal 0.876845 -0.167281 0.450733
    outer loop
      vertex 48.0355 47.064 14
      vertex 49.6115 47.2416 11
      vertex 48.1414 47.6191 14
    endloop
  endfacet
  facet normal 0.876884 -0.166973 0.450771
    outer loop
      vertex 49.6115 47.2416 11
      vertex 48.0355 47.064 14
      vertex 49.5813 47.083 11
    endloop
  endfacet
  facet normal 0.848866 0.276112 0.450765
    outer loop
      vertex 49.7273 45.4022 11
      vertex 49.6614 45.6048 11
      vertex 48.316 44.8434 14
    endloop
  endfacet
  facet normal 0.111855 0.885621 0.450737
    outer loop
      vertex 52.2174 42.0089 14
      vertex 52.3128 43.5237 11
      vertex 52.1014 43.5504 11
    endloop
  endfacet
  facet normal -0.687712 -0.569112 0.450738
    outer loop
      vertex 54.9126 48.2529 11
      vertex 56.1406 49.145 14
      vertex 54.7768 48.417 11
    endloop
  endfacet
  facet normal -0.876884 -0.166973 0.450771
    outer loop
      vertex 56.9645 47.064 14
      vertex 55.3885 47.2416 11
      vertex 55.4187 47.083 11
    endloop
  endfacet
  facet normal -0.876845 -0.167281 0.450733
    outer loop
      vertex 55.3885 47.2416 11
      vertex 56.9645 47.064 14
      vertex 56.8586 47.6191 14
    endloop
  endfacet
  facet normal -0.876845 -0.167238 0.45075
    outer loop
      vertex 55.4586 46.8738 11
      vertex 56.9645 47.064 14
      vertex 55.4187 47.083 11
    endloop
  endfacet
  facet normal -0.807697 -0.380074 0.450743
    outer loop
      vertex 55.1133 47.9367 11
      vertex 56.684 48.1566 14
      vertex 56.4434 48.6679 14
    endloop
  endfacet
  facet normal -0.807789 -0.379843 0.450774
    outer loop
      vertex 56.684 48.1566 14
      vertex 55.1133 47.9367 11
      vertex 55.182 47.7906 11
    endloop
  endfacet
  facet normal -0.753516 -0.478596 0.450733
    outer loop
      vertex 55.1133 47.9367 11
      vertex 56.4434 48.6679 14
      vertex 54.9991 48.1165 11
    endloop
  endfacet
  facet normal -0.111855 -0.885621 0.450737
    outer loop
      vertex 52.8986 49.4496 11
      vertex 52.7826 50.9911 14
      vertex 52.6872 49.4763 11
    endloop
  endfacet
  facet normal 0 -0.892659 0.450733
    outer loop
      vertex 52.3128 49.4763 11
      vertex 52.7826 50.9911 14
      vertex 52.2174 50.9911 14
    endloop
  endfacet
  facet normal 0 -0.892659 0.450733
    outer loop
      vertex 52.7826 50.9911 14
      vertex 52.3128 49.4763 11
      vertex 52.6872 49.4763 11
    endloop
  endfacet
  facet normal 0.890883 0.0561252 0.450752
    outer loop
      vertex 49.5414 46.1262 11
      vertex 49.528 46.3389 11
      vertex 48.0355 45.936 14
    endloop
  endfacet
  facet normal -0.807729 -0.379985 0.450761
    outer loop
      vertex 55.2727 47.5978 11
      vertex 56.684 48.1566 14
      vertex 55.182 47.7906 11
    endloop
  endfacet
  facet normal -0.848866 -0.276112 0.450765
    outer loop
      vertex 55.3386 47.3952 11
      vertex 56.684 48.1566 14
      vertex 55.2727 47.5978 11
    endloop
  endfacet
  facet normal -0.848988 -0.275783 0.450736
    outer loop
      vertex 55.3386 47.3952 11
      vertex 56.8586 47.6191 14
      vertex 56.684 48.1566 14
    endloop
  endfacet
  facet normal -0.848981 -0.275808 0.450735
    outer loop
      vertex 56.8586 47.6191 14
      vertex 55.3386 47.3952 11
      vertex 55.3885 47.2416 11
    endloop
  endfacet
  facet normal 0.876845 -0.167238 0.45075
    outer loop
      vertex 49.5414 46.8738 11
      vertex 49.5813 47.083 11
      vertex 48.0355 47.064 14
    endloop
  endfacet
  facet normal -0.687831 0.568954 0.450754
    outer loop
      vertex -50.3261 44.4586 11
      vertex -48.8594 43.855 14
      vertex -50.2232 44.583 11
    endloop
  endfacet
  facet normal -0.687855 0.568922 0.450759
    outer loop
      vertex -48.8594 43.855 14
      vertex -50.3261 44.4586 11
      vertex -49.2196 43.4195 14
    endloop
  endfacet
  facet normal -0.890895 -0.0558537 0.450763
    outer loop
      vertex -48 46.5 14
      vertex -49.528 46.6611 11
      vertex -49.5179 46.5 11
    endloop
  endfacet
  facet normal -0.890888 -0.0560754 0.450748
    outer loop
      vertex -49.528 46.6611 11
      vertex -48 46.5 14
      vertex -48.0355 47.064 14
    endloop
  endfacet
  facet normal -0.890883 -0.0561252 0.450752
    outer loop
      vertex -49.528 46.6611 11
      vertex -48.0355 47.064 14
      vertex -49.5414 46.8738 11
    endloop
  endfacet
  facet normal -0.890883 0.0561252 0.450752
    outer loop
      vertex -48.0355 45.936 14
      vertex -49.528 46.3389 11
      vertex -49.5414 46.1262 11
    endloop
  endfacet
  facet normal 0.876845 0.167238 0.45075
    outer loop
      vertex -55.4187 45.917 11
      vertex -55.4586 46.1262 11
      vertex -56.9645 45.936 14
    endloop
  endfacet
  facet normal 0.221922 -0.864627 0.450745
    outer loop
      vertex -53.2152 49.3892 11
      vertex -53.3432 50.9203 14
      vertex -53.8906 50.7798 14
    endloop
  endfacet
  facet normal 0.221698 -0.864676 0.450761
    outer loop
      vertex -53.3432 50.9203 14
      vertex -53.2152 49.3892 11
      vertex -53.0588 49.4293 11
    endloop
  endfacet
  facet normal -0.111855 0.885621 0.450737
    outer loop
      vertex -52.2174 42.0089 14
      vertex -52.1014 43.5504 11
      vertex -52.3128 43.5237 11
    endloop
  endfacet
  facet normal -0.876884 0.166973 0.450771
    outer loop
      vertex -49.6115 45.7584 11
      vertex -48.0355 45.936 14
      vertex -49.5813 45.917 11
    endloop
  endfacet
  facet normal -0.876845 0.167281 0.450733
    outer loop
      vertex -48.0355 45.936 14
      vertex -49.6115 45.7584 11
      vertex -48.1414 45.3809 14
    endloop
  endfacet
  facet normal -0.807789 0.379843 0.450774
    outer loop
      vertex -49.8867 45.0633 11
      vertex -48.316 44.8434 14
      vertex -49.818 45.2094 11
    endloop
  endfacet
  facet normal -0.807697 0.380074 0.450743
    outer loop
      vertex -48.316 44.8434 14
      vertex -49.8867 45.0633 11
      vertex -48.5566 44.3321 14
    endloop
  endfacet
  facet normal 0.611208 0.650587 0.450735
    outer loop
      vertex -54.4009 44.2022 11
      vertex -54.5562 44.3481 11
      vertex -55.3684 43.0327 14
    endloop
  endfacet
  facet normal 0.111855 -0.885621 0.450737
    outer loop
      vertex -52.6872 49.4763 11
      vertex -52.7826 50.9911 14
      vertex -52.8986 49.4496 11
    endloop
  endfacet
  facet normal 0.753675 -0.478333 0.450745
    outer loop
      vertex -56.4434 48.6679 14
      vertex -54.9126 48.2529 11
      vertex -56.1406 49.145 14
    endloop
  endfacet
  facet normal 0.75383 -0.478052 0.450785
    outer loop
      vertex -54.9126 48.2529 11
      vertex -56.4434 48.6679 14
      vertex -54.9991 48.1165 11
    endloop
  endfacet
  facet normal 0.687712 -0.569112 0.450738
    outer loop
      vertex -54.9126 48.2529 11
      vertex -54.7768 48.417 11
      vertex -56.1406 49.145 14
    endloop
  endfacet
  facet normal -0.848981 0.275808 0.450735
    outer loop
      vertex -49.6614 45.6048 11
      vertex -48.1414 45.3809 14
      vertex -49.6115 45.7584 11
    endloop
  endfacet
  facet normal -0.848988 0.275783 0.450736
    outer loop
      vertex -48.1414 45.3809 14
      vertex -49.6614 45.6048 11
      vertex -48.316 44.8434 14
    endloop
  endfacet
  facet normal -0.890895 0.0558537 0.450763
    outer loop
      vertex -49.528 46.3389 11
      vertex -48 46.5 14
      vertex -49.5179 46.5 11
    endloop
  endfacet
  facet normal -0.890888 0.0560754 0.450748
    outer loop
      vertex -48 46.5 14
      vertex -49.528 46.3389 11
      vertex -48.0355 45.936 14
    endloop
  endfacet
  facet normal -0.848866 0.276112 0.450765
    outer loop
      vertex -48.316 44.8434 14
      vertex -49.6614 45.6048 11
      vertex -49.7273 45.4022 11
    endloop
  endfacet
  facet normal -0.753516 0.478596 0.450733
    outer loop
      vertex -48.5566 44.3321 14
      vertex -49.8867 45.0633 11
      vertex -50.0009 44.8835 11
    endloop
  endfacet
  facet normal -0.807729 0.379985 0.450761
    outer loop
      vertex -48.316 44.8434 14
      vertex -49.7273 45.4022 11
      vertex -49.818 45.2094 11
    endloop
  endfacet
  facet normal -0.429911 0.782305 0.45075
    outer loop
      vertex -50.0888 42.7005 14
      vertex -50.9021 43.9821 11
      vertex -51.0888 43.8795 11
    endloop
  endfacet
  facet normal -0.429989 0.782258 0.450757
    outer loop
      vertex -51.0888 43.8795 11
      vertex -50.584 42.4283 14
      vertex -50.0888 42.7005 14
    endloop
  endfacet
  facet normal -0.430079 0.782213 0.45075
    outer loop
      vertex -50.584 42.4283 14
      vertex -51.0888 43.8795 11
      vertex -51.2303 43.8017 11
    endloop
  endfacet
  facet normal 0.807789 0.379843 0.450774
    outer loop
      vertex -56.684 44.8434 14
      vertex -55.1133 45.0633 11
      vertex -55.182 45.2094 11
    endloop
  endfacet
  facet normal 0.807697 0.380074 0.450743
    outer loop
      vertex -55.1133 45.0633 11
      vertex -56.684 44.8434 14
      vertex -56.4434 44.3321 14
    endloop
  endfacet
  facet normal 0.848866 -0.276112 0.450765
    outer loop
      vertex -55.3386 47.3952 11
      vertex -55.2727 47.5978 11
      vertex -56.684 48.1566 14
    endloop
  endfacet
  facet normal -0.876845 0.167238 0.45075
    outer loop
      vertex -48.0355 45.936 14
      vertex -49.5414 46.1262 11
      vertex -49.5813 45.917 11
    endloop
  endfacet
  facet normal -0.75383 0.478052 0.450785
    outer loop
      vertex -50.0874 44.7471 11
      vertex -48.5566 44.3321 14
      vertex -50.0009 44.8835 11
    endloop
  endfacet
  facet normal -0.753675 0.478333 0.450745
    outer loop
      vertex -48.5566 44.3321 14
      vertex -50.0874 44.7471 11
      vertex -48.8594 43.855 14
    endloop
  endfacet
  facet normal -0.687712 0.569112 0.450738
    outer loop
      vertex -48.8594 43.855 14
      vertex -50.0874 44.7471 11
      vertex -50.2232 44.583 11
    endloop
  endfacet
  facet normal -0.328714 0.829921 0.450754
    outer loop
      vertex -51.2303 43.8017 11
      vertex -51.1094 42.2202 14
      vertex -50.584 42.4283 14
    endloop
  endfacet
  facet normal -0.328952 0.829843 0.450722
    outer loop
      vertex -51.1094 42.2202 14
      vertex -51.2303 43.8017 11
      vertex -51.3804 43.7422 11
    endloop
  endfacet
  facet normal -0.611208 0.650587 0.450735
    outer loop
      vertex -49.6316 43.0327 14
      vertex -50.4438 44.3481 11
      vertex -50.5991 44.2022 11
    endloop
  endfacet
  facet normal 0.876884 0.166973 0.450771
    outer loop
      vertex -56.9645 45.936 14
      vertex -55.3885 45.7584 11
      vertex -55.4187 45.917 11
    endloop
  endfacet
  facet normal 0.876845 0.167281 0.450733
    outer loop
      vertex -55.3885 45.7584 11
      vertex -56.9645 45.936 14
      vertex -56.8586 45.3809 14
    endloop
  endfacet
  facet normal 0.429911 0.782305 0.45075
    outer loop
      vertex -53.9112 43.8795 11
      vertex -54.0979 43.9821 11
      vertex -54.9112 42.7005 14
    endloop
  endfacet
  facet normal 0.221698 0.864676 0.450761
    outer loop
      vertex -53.2152 43.6108 11
      vertex -53.3432 42.0797 14
      vertex -53.0588 43.5707 11
    endloop
  endfacet
  facet normal 0.221922 0.864627 0.450745
    outer loop
      vertex -53.3432 42.0797 14
      vertex -53.2152 43.6108 11
      vertex -53.8906 42.2202 14
    endloop
  endfacet
  facet normal 0.222114 0.864569 0.450762
    outer loop
      vertex -53.2152 43.6108 11
      vertex -53.4215 43.6638 11
      vertex -53.8906 42.2202 14
    endloop
  endfacet
  facet normal 0.524531 0.722278 0.450757
    outer loop
      vertex -54.0979 43.9821 11
      vertex -54.2703 44.1073 11
      vertex -54.9112 42.7005 14
    endloop
  endfacet
  facet normal 0.52474 0.722139 0.450737
    outer loop
      vertex -54.4009 44.2022 11
      vertex -54.9112 42.7005 14
      vertex -54.2703 44.1073 11
    endloop
  endfacet
  facet normal 0.524715 0.722154 0.45074
    outer loop
      vertex -54.9112 42.7005 14
      vertex -54.4009 44.2022 11
      vertex -55.3684 43.0327 14
    endloop
  endfacet
  facet normal 0.610976 0.650787 0.45076
    outer loop
      vertex -54.6739 44.4586 11
      vertex -55.3684 43.0327 14
      vertex -54.5562 44.3481 11
    endloop
  endfacet
  facet normal 0.610979 0.650784 0.45076
    outer loop
      vertex -55.3684 43.0327 14
      vertex -54.6739 44.4586 11
      vertex -55.7804 43.4195 14
    endloop
  endfacet
  facet normal -0.429911 -0.782305 0.45075
    outer loop
      vertex -50.9021 49.0179 11
      vertex -50.0888 50.2995 14
      vertex -51.0888 49.1205 11
    endloop
  endfacet
  facet normal 0.111847 -0.885614 0.450753
    outer loop
      vertex -53.0588 49.4293 11
      vertex -52.7826 50.9911 14
      vertex -53.3432 50.9203 14
    endloop
  endfacet
  facet normal 0.112219 -0.88559 0.450707
    outer loop
      vertex -52.7826 50.9911 14
      vertex -53.0588 49.4293 11
      vertex -52.8986 49.4496 11
    endloop
  endfacet
  facet normal 0.429989 -0.782258 0.450757
    outer loop
      vertex -53.9112 49.1205 11
      vertex -54.416 50.5717 14
      vertex -54.9112 50.2995 14
    endloop
  endfacet
  facet normal 0.430079 -0.782213 0.45075
    outer loop
      vertex -54.416 50.5717 14
      vertex -53.9112 49.1205 11
      vertex -53.7697 49.1983 11
    endloop
  endfacet
  facet normal 0.807697 -0.380074 0.450743
    outer loop
      vertex -56.684 48.1566 14
      vertex -55.1133 47.9367 11
      vertex -56.4434 48.6679 14
    endloop
  endfacet
  facet normal 0.807789 -0.379843 0.450774
    outer loop
      vertex -55.1133 47.9367 11
      vertex -56.684 48.1566 14
      vertex -55.182 47.7906 11
    endloop
  endfacet
  facet normal 0.890895 0.0558537 0.450763
    outer loop
      vertex -57 46.5 14
      vertex -55.472 46.3389 11
      vertex -55.4821 46.5 11
    endloop
  endfacet
  facet normal 0.890888 0.0560754 0.450748
    outer loop
      vertex -55.472 46.3389 11
      vertex -57 46.5 14
      vertex -56.9645 45.936 14
    endloop
  endfacet
  facet normal 0.753516 -0.478596 0.450733
    outer loop
      vertex -55.1133 47.9367 11
      vertex -54.9991 48.1165 11
      vertex -56.4434 48.6679 14
    endloop
  endfacet
  facet normal 0.687855 -0.568922 0.450759
    outer loop
      vertex -56.1406 49.145 14
      vertex -54.6739 48.5414 11
      vertex -55.7804 49.5805 14
    endloop
  endfacet
  facet normal 0.687831 -0.568954 0.450754
    outer loop
      vertex -54.6739 48.5414 11
      vertex -56.1406 49.145 14
      vertex -54.7768 48.417 11
    endloop
  endfacet
  facet normal -0.221922 0.864627 0.450745
    outer loop
      vertex -51.7848 43.6108 11
      vertex -51.6568 42.0797 14
      vertex -51.1094 42.2202 14
    endloop
  endfacet
  facet normal -0.221698 0.864676 0.450761
    outer loop
      vertex -51.6568 42.0797 14
      vertex -51.7848 43.6108 11
      vertex -51.9412 43.5707 11
    endloop
  endfacet
  facet normal -0.111847 0.885614 0.450753
    outer loop
      vertex -51.9412 43.5707 11
      vertex -52.2174 42.0089 14
      vertex -51.6568 42.0797 14
    endloop
  endfacet
  facet normal -0.112219 0.88559 0.450707
    outer loop
      vertex -52.2174 42.0089 14
      vertex -51.9412 43.5707 11
      vertex -52.1014 43.5504 11
    endloop
  endfacet
  facet normal -0.524715 0.722154 0.45074
    outer loop
      vertex -50.5991 44.2022 11
      vertex -50.0888 42.7005 14
      vertex -49.6316 43.0327 14
    endloop
  endfacet
  facet normal -0.52474 0.722139 0.450737
    outer loop
      vertex -50.0888 42.7005 14
      vertex -50.5991 44.2022 11
      vertex -50.7297 44.1073 11
    endloop
  endfacet
  facet normal -0.610979 0.650784 0.45076
    outer loop
      vertex -50.3261 44.4586 11
      vertex -49.6316 43.0327 14
      vertex -49.2196 43.4195 14
    endloop
  endfacet
  facet normal -0.610976 0.650787 0.45076
    outer loop
      vertex -49.6316 43.0327 14
      vertex -50.3261 44.4586 11
      vertex -50.4438 44.3481 11
    endloop
  endfacet
  facet normal 0.328483 0.830007 0.450763
    outer loop
      vertex -53.4215 43.6638 11
      vertex -53.6196 43.7422 11
      vertex -53.8906 42.2202 14
    endloop
  endfacet
  facet normal 0.112219 0.88559 0.450707
    outer loop
      vertex -53.0588 43.5707 11
      vertex -52.7826 42.0089 14
      vertex -52.8986 43.5504 11
    endloop
  endfacet
  facet normal 0.111847 0.885614 0.450753
    outer loop
      vertex -52.7826 42.0089 14
      vertex -53.0588 43.5707 11
      vertex -53.3432 42.0797 14
    endloop
  endfacet
  facet normal 0.687712 0.569112 0.450738
    outer loop
      vertex -54.7768 44.583 11
      vertex -54.9126 44.7471 11
      vertex -56.1406 43.855 14
    endloop
  endfacet
  facet normal 0.687831 0.568954 0.450754
    outer loop
      vertex -56.1406 43.855 14
      vertex -54.6739 44.4586 11
      vertex -54.7768 44.583 11
    endloop
  endfacet
  facet normal 0.687855 0.568922 0.450759
    outer loop
      vertex -54.6739 44.4586 11
      vertex -56.1406 43.855 14
      vertex -55.7804 43.4195 14
    endloop
  endfacet
  facet normal -0.753675 -0.478333 0.450745
    outer loop
      vertex -50.0874 48.2529 11
      vertex -48.5566 48.6679 14
      vertex -48.8594 49.145 14
    endloop
  endfacet
  facet normal -0.75383 -0.478052 0.450785
    outer loop
      vertex -48.5566 48.6679 14
      vertex -50.0874 48.2529 11
      vertex -50.0009 48.1165 11
    endloop
  endfacet
  facet normal -0.610976 -0.650787 0.45076
    outer loop
      vertex -50.3261 48.5414 11
      vertex -49.6316 49.9673 14
      vertex -50.4438 48.6519 11
    endloop
  endfacet
  facet normal -0.610979 -0.650784 0.45076
    outer loop
      vertex -49.6316 49.9673 14
      vertex -50.3261 48.5414 11
      vertex -49.2196 49.5805 14
    endloop
  endfacet
  facet normal -0.221698 -0.864676 0.450761
    outer loop
      vertex -51.7848 49.3892 11
      vertex -51.6568 50.9203 14
      vertex -51.9412 49.4293 11
    endloop
  endfacet
  facet normal -0.221922 -0.864627 0.450745
    outer loop
      vertex -51.6568 50.9203 14
      vertex -51.7848 49.3892 11
      vertex -51.1094 50.7798 14
    endloop
  endfacet
  facet normal -0.328952 -0.829843 0.450722
    outer loop
      vertex -51.2303 49.1983 11
      vertex -51.1094 50.7798 14
      vertex -51.3804 49.2578 11
    endloop
  endfacet
  facet normal -0.328714 -0.829921 0.450754
    outer loop
      vertex -51.1094 50.7798 14
      vertex -51.2303 49.1983 11
      vertex -50.584 50.5717 14
    endloop
  endfacet
  facet normal -0.524531 -0.722278 0.450757
    outer loop
      vertex -50.7297 48.8927 11
      vertex -50.0888 50.2995 14
      vertex -50.9021 49.0179 11
    endloop
  endfacet
  facet normal 0.524715 -0.722154 0.45074
    outer loop
      vertex -54.4009 48.7978 11
      vertex -54.9112 50.2995 14
      vertex -55.3684 49.9673 14
    endloop
  endfacet
  facet normal 0.52474 -0.722139 0.450737
    outer loop
      vertex -54.9112 50.2995 14
      vertex -54.4009 48.7978 11
      vertex -54.2703 48.8927 11
    endloop
  endfacet
  facet normal 0.328714 -0.829921 0.450754
    outer loop
      vertex -53.7697 49.1983 11
      vertex -53.8906 50.7798 14
      vertex -54.416 50.5717 14
    endloop
  endfacet
  facet normal 0.328952 -0.829843 0.450722
    outer loop
      vertex -53.8906 50.7798 14
      vertex -53.7697 49.1983 11
      vertex -53.6196 49.2578 11
    endloop
  endfacet
  facet normal 0.328483 -0.830007 0.450763
    outer loop
      vertex -53.6196 49.2578 11
      vertex -53.4215 49.3362 11
      vertex -53.8906 50.7798 14
    endloop
  endfacet
  facet normal 0.222114 -0.864569 0.450762
    outer loop
      vertex -53.4215 49.3362 11
      vertex -53.2152 49.3892 11
      vertex -53.8906 50.7798 14
    endloop
  endfacet
  facet normal 0.848988 -0.275783 0.450736
    outer loop
      vertex -56.8586 47.6191 14
      vertex -55.3386 47.3952 11
      vertex -56.684 48.1566 14
    endloop
  endfacet
  facet normal 0.848981 -0.275808 0.450735
    outer loop
      vertex -55.3386 47.3952 11
      vertex -56.8586 47.6191 14
      vertex -55.3885 47.2416 11
    endloop
  endfacet
  facet normal 0.890888 -0.0560754 0.450748
    outer loop
      vertex -57 46.5 14
      vertex -55.472 46.6611 11
      vertex -56.9645 47.064 14
    endloop
  endfacet
  facet normal 0.890895 -0.0558537 0.450763
    outer loop
      vertex -55.472 46.6611 11
      vertex -57 46.5 14
      vertex -55.4821 46.5 11
    endloop
  endfacet
  facet normal 0.890883 -0.0561252 0.450752
    outer loop
      vertex -55.472 46.6611 11
      vertex -55.4586 46.8738 11
      vertex -56.9645 47.064 14
    endloop
  endfacet
  facet normal -0.328483 0.830007 0.450763
    outer loop
      vertex -51.1094 42.2202 14
      vertex -51.3804 43.7422 11
      vertex -51.5785 43.6638 11
    endloop
  endfacet
  facet normal -0.222114 0.864569 0.450762
    outer loop
      vertex -51.1094 42.2202 14
      vertex -51.5785 43.6638 11
      vertex -51.7848 43.6108 11
    endloop
  endfacet
  facet normal -0.524531 0.722278 0.450757
    outer loop
      vertex -50.0888 42.7005 14
      vertex -50.7297 44.1073 11
      vertex -50.9021 43.9821 11
    endloop
  endfacet
  facet normal 0.848981 0.275808 0.450735
    outer loop
      vertex -56.8586 45.3809 14
      vertex -55.3386 45.6048 11
      vertex -55.3885 45.7584 11
    endloop
  endfacet
  facet normal 0.848988 0.275783 0.450736
    outer loop
      vertex -55.3386 45.6048 11
      vertex -56.8586 45.3809 14
      vertex -56.684 44.8434 14
    endloop
  endfacet
  facet normal 0.807729 0.379985 0.450761
    outer loop
      vertex -55.182 45.2094 11
      vertex -55.2727 45.4022 11
      vertex -56.684 44.8434 14
    endloop
  endfacet
  facet normal 0.328952 0.829843 0.450722
    outer loop
      vertex -53.7697 43.8017 11
      vertex -53.8906 42.2202 14
      vertex -53.6196 43.7422 11
    endloop
  endfacet
  facet normal 0.328714 0.829921 0.450754
    outer loop
      vertex -53.8906 42.2202 14
      vertex -53.7697 43.8017 11
      vertex -54.416 42.4283 14
    endloop
  endfacet
  facet normal 0.430079 0.782213 0.45075
    outer loop
      vertex -53.9112 43.8795 11
      vertex -54.416 42.4283 14
      vertex -53.7697 43.8017 11
    endloop
  endfacet
  facet normal 0.429989 0.782258 0.450757
    outer loop
      vertex -54.416 42.4283 14
      vertex -53.9112 43.8795 11
      vertex -54.9112 42.7005 14
    endloop
  endfacet
  facet normal 0 0.892659 0.450733
    outer loop
      vertex -52.3128 43.5237 11
      vertex -52.7826 42.0089 14
      vertex -52.2174 42.0089 14
    endloop
  endfacet
  facet normal 0 0.892659 0.450733
    outer loop
      vertex -52.7826 42.0089 14
      vertex -52.3128 43.5237 11
      vertex -52.6872 43.5237 11
    endloop
  endfacet
  facet normal 0.75383 0.478052 0.450785
    outer loop
      vertex -56.4434 44.3321 14
      vertex -54.9126 44.7471 11
      vertex -54.9991 44.8835 11
    endloop
  endfacet
  facet normal 0.753675 0.478333 0.450745
    outer loop
      vertex -54.9126 44.7471 11
      vertex -56.4434 44.3321 14
      vertex -56.1406 43.855 14
    endloop
  endfacet
  facet normal 0.753516 0.478596 0.450733
    outer loop
      vertex -54.9991 44.8835 11
      vertex -55.1133 45.0633 11
      vertex -56.4434 44.3321 14
    endloop
  endfacet
  facet normal -0.611208 -0.650587 0.450735
    outer loop
      vertex -50.4438 48.6519 11
      vertex -49.6316 49.9673 14
      vertex -50.5991 48.7978 11
    endloop
  endfacet
  facet normal -0.687855 -0.568922 0.450759
    outer loop
      vertex -50.3261 48.5414 11
      vertex -48.8594 49.145 14
      vertex -49.2196 49.5805 14
    endloop
  endfacet
  facet normal -0.687831 -0.568954 0.450754
    outer loop
      vertex -48.8594 49.145 14
      vertex -50.3261 48.5414 11
      vertex -50.2232 48.417 11
    endloop
  endfacet
  facet normal -0.52474 -0.722139 0.450737
    outer loop
      vertex -50.5991 48.7978 11
      vertex -50.0888 50.2995 14
      vertex -50.7297 48.8927 11
    endloop
  endfacet
  facet normal -0.524715 -0.722154 0.45074
    outer loop
      vertex -50.0888 50.2995 14
      vertex -50.5991 48.7978 11
      vertex -49.6316 49.9673 14
    endloop
  endfacet
  facet normal -0.112219 -0.88559 0.450707
    outer loop
      vertex -51.9412 49.4293 11
      vertex -52.2174 50.9911 14
      vertex -52.1014 49.4496 11
    endloop
  endfacet
  facet normal -0.111847 -0.885614 0.450753
    outer loop
      vertex -52.2174 50.9911 14
      vertex -51.9412 49.4293 11
      vertex -51.6568 50.9203 14
    endloop
  endfacet
  facet normal -0.222114 -0.864569 0.450762
    outer loop
      vertex -51.5785 49.3362 11
      vertex -51.1094 50.7798 14
      vertex -51.7848 49.3892 11
    endloop
  endfacet
  facet normal -0.328483 -0.830007 0.450763
    outer loop
      vertex -51.3804 49.2578 11
      vertex -51.1094 50.7798 14
      vertex -51.5785 49.3362 11
    endloop
  endfacet
  facet normal -0.430079 -0.782213 0.45075
    outer loop
      vertex -51.0888 49.1205 11
      vertex -50.584 50.5717 14
      vertex -51.2303 49.1983 11
    endloop
  endfacet
  facet normal -0.429989 -0.782258 0.450757
    outer loop
      vertex -50.584 50.5717 14
      vertex -51.0888 49.1205 11
      vertex -50.0888 50.2995 14
    endloop
  endfacet
  facet normal 0.611208 -0.650587 0.450735
    outer loop
      vertex -54.5562 48.6519 11
      vertex -54.4009 48.7978 11
      vertex -55.3684 49.9673 14
    endloop
  endfacet
  facet normal 0.610979 -0.650784 0.45076
    outer loop
      vertex -54.6739 48.5414 11
      vertex -55.3684 49.9673 14
      vertex -55.7804 49.5805 14
    endloop
  endfacet
  facet normal 0.610976 -0.650787 0.45076
    outer loop
      vertex -55.3684 49.9673 14
      vertex -54.6739 48.5414 11
      vertex -54.5562 48.6519 11
    endloop
  endfacet
  facet normal 0.524531 -0.722278 0.450757
    outer loop
      vertex -54.2703 48.8927 11
      vertex -54.0979 49.0179 11
      vertex -54.9112 50.2995 14
    endloop
  endfacet
  facet normal 0.429911 -0.782305 0.45075
    outer loop
      vertex -54.0979 49.0179 11
      vertex -53.9112 49.1205 11
      vertex -54.9112 50.2995 14
    endloop
  endfacet
  facet normal 0.807729 -0.379985 0.450761
    outer loop
      vertex -55.2727 47.5978 11
      vertex -55.182 47.7906 11
      vertex -56.684 48.1566 14
    endloop
  endfacet
  facet normal 0.876845 -0.167281 0.450733
    outer loop
      vertex -56.9645 47.064 14
      vertex -55.3885 47.2416 11
      vertex -56.8586 47.6191 14
    endloop
  endfacet
  facet normal 0.876884 -0.166973 0.450771
    outer loop
      vertex -55.3885 47.2416 11
      vertex -56.9645 47.064 14
      vertex -55.4187 47.083 11
    endloop
  endfacet
  facet normal 0.848866 0.276112 0.450765
    outer loop
      vertex -55.2727 45.4022 11
      vertex -55.3386 45.6048 11
      vertex -56.684 44.8434 14
    endloop
  endfacet
  facet normal 0.111855 0.885621 0.450737
    outer loop
      vertex -52.7826 42.0089 14
      vertex -52.6872 43.5237 11
      vertex -52.8986 43.5504 11
    endloop
  endfacet
  facet normal -0.687712 -0.569112 0.450738
    outer loop
      vertex -50.0874 48.2529 11
      vertex -48.8594 49.145 14
      vertex -50.2232 48.417 11
    endloop
  endfacet
  facet normal -0.876884 -0.166973 0.450771
    outer loop
      vertex -48.0355 47.064 14
      vertex -49.6115 47.2416 11
      vertex -49.5813 47.083 11
    endloop
  endfacet
  facet normal -0.876845 -0.167281 0.450733
    outer loop
      vertex -49.6115 47.2416 11
      vertex -48.0355 47.064 14
      vertex -48.1414 47.6191 14
    endloop
  endfacet
  facet normal -0.876845 -0.167238 0.45075
    outer loop
      vertex -49.5414 46.8738 11
      vertex -48.0355 47.064 14
      vertex -49.5813 47.083 11
    endloop
  endfacet
  facet normal -0.807697 -0.380074 0.450743
    outer loop
      vertex -49.8867 47.9367 11
      vertex -48.316 48.1566 14
      vertex -48.5566 48.6679 14
    endloop
  endfacet
  facet normal -0.807789 -0.379843 0.450774
    outer loop
      vertex -48.316 48.1566 14
      vertex -49.8867 47.9367 11
      vertex -49.818 47.7906 11
    endloop
  endfacet
  facet normal -0.753516 -0.478596 0.450733
    outer loop
      vertex -49.8867 47.9367 11
      vertex -48.5566 48.6679 14
      vertex -50.0009 48.1165 11
    endloop
  endfacet
  facet normal -0.111855 -0.885621 0.450737
    outer loop
      vertex -52.1014 49.4496 11
      vertex -52.2174 50.9911 14
      vertex -52.3128 49.4763 11
    endloop
  endfacet
  facet normal 0 -0.892659 0.450733
    outer loop
      vertex -52.6872 49.4763 11
      vertex -52.2174 50.9911 14
      vertex -52.7826 50.9911 14
    endloop
  endfacet
  facet normal 0 -0.892659 0.450733
    outer loop
      vertex -52.2174 50.9911 14
      vertex -52.6872 49.4763 11
      vertex -52.3128 49.4763 11
    endloop
  endfacet
  facet normal 0.890883 0.0561252 0.450752
    outer loop
      vertex -55.4586 46.1262 11
      vertex -55.472 46.3389 11
      vertex -56.9645 45.936 14
    endloop
  endfacet
  facet normal -0.807729 -0.379985 0.450761
    outer loop
      vertex -49.7273 47.5978 11
      vertex -48.316 48.1566 14
      vertex -49.818 47.7906 11
    endloop
  endfacet
  facet normal -0.848866 -0.276112 0.450765
    outer loop
      vertex -49.6614 47.3952 11
      vertex -48.316 48.1566 14
      vertex -49.7273 47.5978 11
    endloop
  endfacet
  facet normal -0.848988 -0.275783 0.450736
    outer loop
      vertex -49.6614 47.3952 11
      vertex -48.1414 47.6191 14
      vertex -48.316 48.1566 14
    endloop
  endfacet
  facet normal -0.848981 -0.275808 0.450735
    outer loop
      vertex -48.1414 47.6191 14
      vertex -49.6614 47.3952 11
      vertex -49.6115 47.2416 11
    endloop
  endfacet
  facet normal 0.876845 -0.167238 0.45075
    outer loop
      vertex -55.4586 46.8738 11
      vertex -55.4187 47.083 11
      vertex -56.9645 47.064 14
    endloop
  endfacet
  facet normal 0 0 -1
    outer loop
      vertex 55.4187 45.917 11
      vertex 74.5 50 11
      vertex 74.5 37.5 11
    endloop
  endfacet
  facet normal 0 -0 -1
    outer loop
      vertex 55.472 46.3389 11
      vertex 74.5 50 11
      vertex 55.4586 46.1262 11
    endloop
  endfacet
  facet normal 0 -0 -1
    outer loop
      vertex 55.4821 46.5 11
      vertex 74.5 50 11
      vertex 55.472 46.3389 11
    endloop
  endfacet
  facet normal 0 0 -1
    outer loop
      vertex 74.4606 50.6267 11
      vertex 69.8139 54.9901 11
      vertex 74.3429 51.2435 11
    endloop
  endfacet
  facet normal 0 0 -1
    outer loop
      vertex 74.3429 51.2435 11
      vertex 69.8139 54.9901 11
      vertex 74.1489 51.8406 11
    endloop
  endfacet
  facet normal 0 0 -1
    outer loop
      vertex 73.8815 52.4088 11
      vertex 69.8139 54.9901 11
      vertex 73.5451 52.9389 11
    endloop
  endfacet
  facet normal 0 0 -1
    outer loop
      vertex 73.5451 52.9389 11
      vertex 69.8139 54.9901 11
      vertex 73.1448 53.4227 11
    endloop
  endfacet
  facet normal 0 0 -1
    outer loop
      vertex 73.1448 53.4227 11
      vertex 69.8139 54.9901 11
      vertex 72.6871 53.8526 11
    endloop
  endfacet
  facet normal 0 0 -1
    outer loop
      vertex 72.6871 53.8526 11
      vertex 69.8139 54.9901 11
      vertex 72.1791 54.2216 11
    endloop
  endfacet
  facet normal 0 0 -1
    outer loop
      vertex 72.1791 54.2216 11
      vertex 69.8139 54.9901 11
      vertex 71.6289 54.5241 11
    endloop
  endfacet
  facet normal 0 0 -1
    outer loop
      vertex 71.6289 54.5241 11
      vertex 69.8139 54.9901 11
      vertex 71.0451 54.7553 11
    endloop
  endfacet
  facet normal 0 0 -1
    outer loop
      vertex 71.0451 54.7553 11
      vertex 69.8139 54.9901 11
      vertex 70.4369 54.9114 11
    endloop
  endfacet
  facet normal 0 0 -1
    outer loop
      vertex 74.1489 51.8406 11
      vertex 69.8139 54.9901 11
      vertex 73.8815 52.4088 11
    endloop
  endfacet
  facet normal -0 0 -1
    outer loop
      vertex 74.5 50 11
      vertex 55.4821 46.5 11
      vertex 69.8139 54.9901 11
    endloop
  endfacet
  facet normal 0 0 -1
    outer loop
      vertex 74.5 50 11
      vertex 69.8139 54.9901 11
      vertex 74.4606 50.6267 11
    endloop
  endfacet
  facet normal 0 0 -1
    outer loop
      vertex 74.5 50 11
      vertex 55.4187 45.917 11
      vertex 55.4586 46.1262 11
    endloop
  endfacet
  facet normal 0 0 -1
    outer loop
      vertex 74.5 37.5 11
      vertex 55.3885 45.7584 11
      vertex 55.4187 45.917 11
    endloop
  endfacet
  facet normal 0 0 -1
    outer loop
      vertex 74.5 37.5 11
      vertex 55.3386 45.6048 11
      vertex 55.3885 45.7584 11
    endloop
  endfacet
  facet normal 0 0 -1
    outer loop
      vertex 74.5 37.5 11
      vertex 55.2727 45.4022 11
      vertex 55.3386 45.6048 11
    endloop
  endfacet
  facet normal 0 0 -1
    outer loop
      vertex 74.5 37.5 11
      vertex 55.182 45.2094 11
      vertex 55.2727 45.4022 11
    endloop
  endfacet
  facet normal 0 0 -1
    outer loop
      vertex 74.5 37.5 11
      vertex 55.1133 45.0633 11
      vertex 55.182 45.2094 11
    endloop
  endfacet
  facet normal 0 0 -1
    outer loop
      vertex 74.5 37.5 11
      vertex 54.9991 44.8835 11
      vertex 55.1133 45.0633 11
    endloop
  endfacet
  facet normal 0 0 -1
    outer loop
      vertex 74.5 37.5 11
      vertex 54.9126 44.7471 11
      vertex 54.9991 44.8835 11
    endloop
  endfacet
  facet normal 0 0 -1
    outer loop
      vertex 74.5 37.5 11
      vertex 54.7768 44.583 11
      vertex 54.9126 44.7471 11
    endloop
  endfacet
  facet normal 0 0 -1
    outer loop
      vertex 74.5 37.5 11
      vertex 54.6739 44.4586 11
      vertex 54.7768 44.583 11
    endloop
  endfacet
  facet normal 0 0 -1
    outer loop
      vertex 74.5 37.5 11
      vertex 54.5562 44.3481 11
      vertex 54.6739 44.4586 11
    endloop
  endfacet
  facet normal 0 0 -1
    outer loop
      vertex 74.5 37.5 11
      vertex 54.4009 44.2022 11
      vertex 54.5562 44.3481 11
    endloop
  endfacet
  facet normal 0 0 -1
    outer loop
      vertex 74.5 37.5 11
      vertex 54.2703 44.1073 11
      vertex 54.4009 44.2022 11
    endloop
  endfacet
  facet normal 0 0 -1
    outer loop
      vertex 74.5 37.5 11
      vertex 54.0979 43.9821 11
      vertex 54.2703 44.1073 11
    endloop
  endfacet
  facet normal 0 0 -1
    outer loop
      vertex 74.5 37.5 11
      vertex 53.9112 43.8795 11
      vertex 54.0979 43.9821 11
    endloop
  endfacet
  facet normal 0 0 -1
    outer loop
      vertex 74.5 37.5 11
      vertex 53.7697 43.8017 11
      vertex 53.9112 43.8795 11
    endloop
  endfacet
  facet normal 0 0 -1
    outer loop
      vertex 74.5 37.5 11
      vertex 53.6196 43.7422 11
      vertex 53.7697 43.8017 11
    endloop
  endfacet
  facet normal 0 0 -1
    outer loop
      vertex 74.5 37.5 11
      vertex 53.4215 43.6638 11
      vertex 53.6196 43.7422 11
    endloop
  endfacet
  facet normal 0 0 -1
    outer loop
      vertex 74.5 37.5 11
      vertex 53.2152 43.6108 11
      vertex 53.4215 43.6638 11
    endloop
  endfacet
  facet normal 0 0 -1
    outer loop
      vertex 74.5 37.5 11
      vertex 53.0588 43.5707 11
      vertex 53.2152 43.6108 11
    endloop
  endfacet
  facet normal 0 0 -1
    outer loop
      vertex 74.5 37.5 11
      vertex 52.8986 43.5504 11
      vertex 53.0588 43.5707 11
    endloop
  endfacet
  facet normal 0 0 -1
    outer loop
      vertex 74.5 37.5 11
      vertex 52.6872 43.5237 11
      vertex 52.8986 43.5504 11
    endloop
  endfacet
  facet normal 0 0 -1
    outer loop
      vertex 74.5 37.5 11
      vertex 52.3128 43.5237 11
      vertex 52.6872 43.5237 11
    endloop
  endfacet
  facet normal 0 0 -1
    outer loop
      vertex 74.5 37.5 11
      vertex 52.1014 43.5504 11
      vertex 52.3128 43.5237 11
    endloop
  endfacet
  facet normal 0 0 -1
    outer loop
      vertex 74.5 37.5 11
      vertex 51.9412 43.5707 11
      vertex 52.1014 43.5504 11
    endloop
  endfacet
  facet normal 0 0 -1
    outer loop
      vertex -51.9412 43.5707 11
      vertex 51.9412 43.5707 11
      vertex 74.5 37.5 11
    endloop
  endfacet
  facet normal 0 0 -1
    outer loop
      vertex 51.9412 43.5707 11
      vertex -51.9412 43.5707 11
      vertex 51.7848 43.6108 11
    endloop
  endfacet
  facet normal 0 0 1
    outer loop
      vertex 51.5785 43.6638 11
      vertex 51.2303 43.8017 11
      vertex 51.3804 43.7422 11
    endloop
  endfacet
  facet normal 0 0 -1
    outer loop
      vertex 51.2303 43.8017 11
      vertex 50.9021 43.9821 11
      vertex 51.0888 43.8795 11
    endloop
  endfacet
  facet normal 0 0 1
    outer loop
      vertex 50.9021 43.9821 11
      vertex 50.5991 44.2022 11
      vertex 50.7297 44.1073 11
    endloop
  endfacet
  facet normal 0 0 -1
    outer loop
      vertex 50.5991 44.2022 11
      vertex 50.3261 44.4586 11
      vertex 50.4438 44.3481 11
    endloop
  endfacet
  facet normal 0 0 -1
    outer loop
      vertex 50.3261 44.4586 11
      vertex 50.0874 44.7471 11
      vertex 50.2232 44.583 11
    endloop
  endfacet
  facet normal 0 0 -1
    outer loop
      vertex 50.0874 44.7471 11
      vertex 49.8867 45.0633 11
      vertex 50.0009 44.8835 11
    endloop
  endfacet
  facet normal 0 0 1
    outer loop
      vertex 49.7273 45.4022 11
      vertex 49.6115 45.7584 11
      vertex 49.6614 45.6048 11
    endloop
  endfacet
  facet normal 0 0 1
    outer loop
      vertex 49.5414 46.1262 11
      vertex 49.5179 46.5 11
      vertex 49.528 46.3389 11
    endloop
  endfacet
  facet normal 0 0 -1
    outer loop
      vertex 49.5414 46.1262 11
      vertex -49.5179 46.5 11
      vertex 49.5179 46.5 11
    endloop
  endfacet
  facet normal 0 0 -1
    outer loop
      vertex -49.5414 46.1262 11
      vertex 49.5414 46.1262 11
      vertex 49.5813 45.917 11
    endloop
  endfacet
  facet normal 0 0 -1
    outer loop
      vertex -49.5414 46.1262 11
      vertex 49.5813 45.917 11
      vertex 49.6115 45.7584 11
    endloop
  endfacet
  facet normal 0 0 -1
    outer loop
      vertex -49.6115 45.7584 11
      vertex 49.6115 45.7584 11
      vertex 49.7273 45.4022 11
    endloop
  endfacet
  facet normal 0 0 -1
    outer loop
      vertex -49.7273 45.4022 11
      vertex 49.7273 45.4022 11
      vertex 49.818 45.2094 11
    endloop
  endfacet
  facet normal 0 0 -1
    outer loop
      vertex -49.7273 45.4022 11
      vertex 49.818 45.2094 11
      vertex 49.8867 45.0633 11
    endloop
  endfacet
  facet normal 0 0 -1
    outer loop
      vertex -49.8867 45.0633 11
      vertex 49.8867 45.0633 11
      vertex 50.0874 44.7471 11
    endloop
  endfacet
  facet normal 0 0 -1
    outer loop
      vertex -50.0874 44.7471 11
      vertex 50.0874 44.7471 11
      vertex 50.3261 44.4586 11
    endloop
  endfacet
  facet normal 0 0 -1
    outer loop
      vertex -50.3261 44.4586 11
      vertex 50.3261 44.4586 11
      vertex 50.5991 44.2022 11
    endloop
  endfacet
  facet normal 0 0 -1
    outer loop
      vertex -50.5991 44.2022 11
      vertex 50.5991 44.2022 11
      vertex 50.9021 43.9821 11
    endloop
  endfacet
  facet normal 0 0 -1
    outer loop
      vertex -50.9021 43.9821 11
      vertex 50.9021 43.9821 11
      vertex 51.2303 43.8017 11
    endloop
  endfacet
  facet normal 0 0 -1
    outer loop
      vertex -51.2303 43.8017 11
      vertex 51.2303 43.8017 11
      vertex 51.5785 43.6638 11
    endloop
  endfacet
  facet normal -0 0 -1
    outer loop
      vertex 51.7848 43.6108 11
      vertex -51.9412 43.5707 11
      vertex 51.5785 43.6638 11
    endloop
  endfacet
  facet normal 0 0 -1
    outer loop
      vertex 49.5414 46.1262 11
      vertex -49.528 46.3389 11
      vertex -49.5179 46.5 11
    endloop
  endfacet
  facet normal 0 0 -1
    outer loop
      vertex 49.5414 46.1262 11
      vertex -49.5414 46.1262 11
      vertex -49.528 46.3389 11
    endloop
  endfacet
  facet normal 0 0 -1
    outer loop
      vertex 49.6115 45.7584 11
      vertex -49.5813 45.917 11
      vertex -49.5414 46.1262 11
    endloop
  endfacet
  facet normal 0 0 -1
    outer loop
      vertex 49.6115 45.7584 11
      vertex -49.6115 45.7584 11
      vertex -49.5813 45.917 11
    endloop
  endfacet
  facet normal 0 0 -1
    outer loop
      vertex 49.7273 45.4022 11
      vertex -49.6614 45.6048 11
      vertex -49.6115 45.7584 11
    endloop
  endfacet
  facet normal 0 0 -1
    outer loop
      vertex 49.7273 45.4022 11
      vertex -49.7273 45.4022 11
      vertex -49.6614 45.6048 11
    endloop
  endfacet
  facet normal 0 0 -1
    outer loop
      vertex 49.8867 45.0633 11
      vertex -49.818 45.2094 11
      vertex -49.7273 45.4022 11
    endloop
  endfacet
  facet normal 0 0 -1
    outer loop
      vertex 49.8867 45.0633 11
      vertex -49.8867 45.0633 11
      vertex -49.818 45.2094 11
    endloop
  endfacet
  facet normal 0 0 -1
    outer loop
      vertex 50.0874 44.7471 11
      vertex -50.0009 44.8835 11
      vertex -49.8867 45.0633 11
    endloop
  endfacet
  facet normal 0 0 -1
    outer loop
      vertex 50.0874 44.7471 11
      vertex -50.0874 44.7471 11
      vertex -50.0009 44.8835 11
    endloop
  endfacet
  facet normal 0 0 -1
    outer loop
      vertex 50.3261 44.4586 11
      vertex -50.2232 44.583 11
      vertex -50.0874 44.7471 11
    endloop
  endfacet
  facet normal 0 0 -1
    outer loop
      vertex 50.3261 44.4586 11
      vertex -50.3261 44.4586 11
      vertex -50.2232 44.583 11
    endloop
  endfacet
  facet normal 0 0 -1
    outer loop
      vertex 50.5991 44.2022 11
      vertex -50.4438 44.3481 11
      vertex -50.3261 44.4586 11
    endloop
  endfacet
  facet normal 0 0 -1
    outer loop
      vertex 50.5991 44.2022 11
      vertex -50.5991 44.2022 11
      vertex -50.4438 44.3481 11
    endloop
  endfacet
  facet normal 0 0 -1
    outer loop
      vertex 50.9021 43.9821 11
      vertex -50.7297 44.1073 11
      vertex -50.5991 44.2022 11
    endloop
  endfacet
  facet normal 0 0 -1
    outer loop
      vertex 50.9021 43.9821 11
      vertex -50.9021 43.9821 11
      vertex -50.7297 44.1073 11
    endloop
  endfacet
  facet normal 0 0 -1
    outer loop
      vertex 51.2303 43.8017 11
      vertex -51.0888 43.8795 11
      vertex -50.9021 43.9821 11
    endloop
  endfacet
  facet normal 0 0 -1
    outer loop
      vertex 51.2303 43.8017 11
      vertex -51.2303 43.8017 11
      vertex -51.0888 43.8795 11
    endloop
  endfacet
  facet normal 0 0 -1
    outer loop
      vertex 51.5785 43.6638 11
      vertex -51.3804 43.7422 11
      vertex -51.2303 43.8017 11
    endloop
  endfacet
  facet normal 0 0 -1
    outer loop
      vertex 51.5785 43.6638 11
      vertex -51.5785 43.6638 11
      vertex -51.3804 43.7422 11
    endloop
  endfacet
  facet normal -0 0 -1
    outer loop
      vertex 51.5785 43.6638 11
      vertex -51.7848 43.6108 11
      vertex -51.5785 43.6638 11
    endloop
  endfacet
  facet normal 0 0 -1
    outer loop
      vertex 51.5785 43.6638 11
      vertex -51.9412 43.5707 11
      vertex -51.7848 43.6108 11
    endloop
  endfacet
  facet normal 0 0 -1
    outer loop
      vertex -74.5 37.5 11
      vertex -51.9412 43.5707 11
      vertex 74.5 37.5 11
    endloop
  endfacet
  facet normal 0 0 -1
    outer loop
      vertex -51.9412 43.5707 11
      vertex -74.5 37.5 11
      vertex -52.1014 43.5504 11
    endloop
  endfacet
  facet normal 0 0 -1
    outer loop
      vertex -52.1014 43.5504 11
      vertex -74.5 37.5 11
      vertex -52.3128 43.5237 11
    endloop
  endfacet
  facet normal 0 0 -1
    outer loop
      vertex -74.5 37.5 11
      vertex -53.6196 43.7422 11
      vertex -53.4215 43.6638 11
    endloop
  endfacet
  facet normal 0 0 -1
    outer loop
      vertex -74.5 37.5 11
      vertex -53.9112 43.8795 11
      vertex -53.7697 43.8017 11
    endloop
  endfacet
  facet normal 0 0 -1
    outer loop
      vertex -74.5 37.5 11
      vertex -54.2703 44.1073 11
      vertex -54.0979 43.9821 11
    endloop
  endfacet
  facet normal 0 0 -1
    outer loop
      vertex -74.5 37.5 11
      vertex -54.5562 44.3481 11
      vertex -54.4009 44.2022 11
    endloop
  endfacet
  facet normal 0 0 -1
    outer loop
      vertex -74.5 37.5 11
      vertex -54.7768 44.583 11
      vertex -54.6739 44.4586 11
    endloop
  endfacet
  facet normal 0 0 -1
    outer loop
      vertex -74.5 37.5 11
      vertex -54.9991 44.8835 11
      vertex -54.9126 44.7471 11
    endloop
  endfacet
  facet normal 0 0 -1
    outer loop
      vertex -74.5 37.5 11
      vertex -55.3386 45.6048 11
      vertex -55.2727 45.4022 11
    endloop
  endfacet
  facet normal 0 0 -1
    outer loop
      vertex -74.5 50 11
      vertex -55.472 46.3389 11
      vertex -55.4586 46.1262 11
    endloop
  endfacet
  facet normal 0 0 -1
    outer loop
      vertex -55.472 46.3389 11
      vertex -74.5 50 11
      vertex -55.4821 46.5 11
    endloop
  endfacet
  facet normal 0 0 -1
    outer loop
      vertex -74.5 50 11
      vertex -55.4586 46.1262 11
      vertex -55.4187 45.917 11
    endloop
  endfacet
  facet normal 0 0 -1
    outer loop
      vertex -74.5 50 11
      vertex -55.4187 45.917 11
      vertex -55.3885 45.7584 11
    endloop
  endfacet
  facet normal -0 0 -1
    outer loop
      vertex -55.3386 45.6048 11
      vertex -74.5 37.5 11
      vertex -55.3885 45.7584 11
    endloop
  endfacet
  facet normal 0 0 -1
    outer loop
      vertex -74.5 37.5 11
      vertex -55.2727 45.4022 11
      vertex -55.182 45.2094 11
    endloop
  endfacet
  facet normal 0 0 -1
    outer loop
      vertex -74.5 37.5 11
      vertex -55.182 45.2094 11
      vertex -55.1133 45.0633 11
    endloop
  endfacet
  facet normal -0 0 -1
    outer loop
      vertex -54.9991 44.8835 11
      vertex -74.5 37.5 11
      vertex -55.1133 45.0633 11
    endloop
  endfacet
  facet normal -0 0 -1
    outer loop
      vertex -54.7768 44.583 11
      vertex -74.5 37.5 11
      vertex -54.9126 44.7471 11
    endloop
  endfacet
  facet normal -0 0 -1
    outer loop
      vertex -54.5562 44.3481 11
      vertex -74.5 37.5 11
      vertex -54.6739 44.4586 11
    endloop
  endfacet
  facet normal -0 0 -1
    outer loop
      vertex -54.2703 44.1073 11
      vertex -74.5 37.5 11
      vertex -54.4009 44.2022 11
    endloop
  endfacet
  facet normal 0 0 -1
    outer loop
      vertex -55.4821 46.5 11
      vertex -74.5 50 11
      vertex -69.8139 54.9901 11
    endloop
  endfacet
  facet normal 0 0 -1
    outer loop
      vertex -69.8139 54.9901 11
      vertex -74.5 50 11
      vertex -70.4369 54.9114 11
    endloop
  endfacet
  facet normal 0 0 -1
    outer loop
      vertex -70.4369 54.9114 11
      vertex -74.5 50 11
      vertex -71.0451 54.7553 11
    endloop
  endfacet
  facet normal 0 0 -1
    outer loop
      vertex -71.0451 54.7553 11
      vertex -74.5 50 11
      vertex -71.6289 54.5241 11
    endloop
  endfacet
  facet normal 0 0 -1
    outer loop
      vertex -71.6289 54.5241 11
      vertex -74.5 50 11
      vertex -72.1791 54.2216 11
    endloop
  endfacet
  facet normal -0 0 -1
    outer loop
      vertex -53.9112 43.8795 11
      vertex -74.5 37.5 11
      vertex -54.0979 43.9821 11
    endloop
  endfacet
  facet normal 0 0 -1
    outer loop
      vertex -72.1791 54.2216 11
      vertex -74.5 50 11
      vertex -72.6871 53.8526 11
    endloop
  endfacet
  facet normal 0 0 -1
    outer loop
      vertex -72.6871 53.8526 11
      vertex -74.5 50 11
      vertex -73.1448 53.4227 11
    endloop
  endfacet
  facet normal 0 0 -1
    outer loop
      vertex -73.1448 53.4227 11
      vertex -74.5 50 11
      vertex -73.5451 52.9389 11
    endloop
  endfacet
  facet normal 0 0 -1
    outer loop
      vertex -73.5451 52.9389 11
      vertex -74.5 50 11
      vertex -73.8815 52.4088 11
    endloop
  endfacet
  facet normal -0 0 -1
    outer loop
      vertex -53.6196 43.7422 11
      vertex -74.5 37.5 11
      vertex -53.7697 43.8017 11
    endloop
  endfacet
  facet normal 0 0 -1
    outer loop
      vertex -73.8815 52.4088 11
      vertex -74.5 50 11
      vertex -74.1489 51.8406 11
    endloop
  endfacet
  facet normal 0 0 -1
    outer loop
      vertex -74.1489 51.8406 11
      vertex -74.5 50 11
      vertex -74.3429 51.2435 11
    endloop
  endfacet
  facet normal -0 0 -1
    outer loop
      vertex -52.3128 43.5237 11
      vertex -74.5 37.5 11
      vertex -52.6872 43.5237 11
    endloop
  endfacet
  facet normal 0 0 -1
    outer loop
      vertex -74.5 37.5 11
      vertex -52.8986 43.5504 11
      vertex -52.6872 43.5237 11
    endloop
  endfacet
  facet normal 0 0 -1
    outer loop
      vertex -74.5 37.5 11
      vertex -53.0588 43.5707 11
      vertex -52.8986 43.5504 11
    endloop
  endfacet
  facet normal 0 0 -1
    outer loop
      vertex -74.5 37.5 11
      vertex -53.2152 43.6108 11
      vertex -53.0588 43.5707 11
    endloop
  endfacet
  facet normal 0 0 -1
    outer loop
      vertex -74.5 37.5 11
      vertex -53.4215 43.6638 11
      vertex -53.2152 43.6108 11
    endloop
  endfacet
  facet normal -0 0 -1
    outer loop
      vertex -55.3885 45.7584 11
      vertex -74.5 37.5 11
      vertex -74.5 50 11
    endloop
  endfacet
  facet normal 0 0 -1
    outer loop
      vertex -74.3429 51.2435 11
      vertex -74.5 50 11
      vertex -74.4606 50.6267 11
    endloop
  endfacet
  facet normal 0 0 -1
    outer loop
      vertex 55.472 46.6611 11
      vertex 69.8139 54.9901 11
      vertex 55.4821 46.5 11
    endloop
  endfacet
  facet normal 0 0 -1
    outer loop
      vertex 55.4586 46.8738 11
      vertex 69.8139 54.9901 11
      vertex 55.472 46.6611 11
    endloop
  endfacet
  facet normal 0 0 -1
    outer loop
      vertex 55.4187 47.083 11
      vertex 69.8139 54.9901 11
      vertex 55.4586 46.8738 11
    endloop
  endfacet
  facet normal 0 0 -1
    outer loop
      vertex 55.3885 47.2416 11
      vertex 69.8139 54.9901 11
      vertex 55.4187 47.083 11
    endloop
  endfacet
  facet normal 0 0 -1
    outer loop
      vertex 55.3386 47.3952 11
      vertex 69.8139 54.9901 11
      vertex 55.3885 47.2416 11
    endloop
  endfacet
  facet normal 0 0 -1
    outer loop
      vertex 55.2727 47.5978 11
      vertex 69.8139 54.9901 11
      vertex 55.3386 47.3952 11
    endloop
  endfacet
  facet normal 0 0 -1
    outer loop
      vertex 55.182 47.7906 11
      vertex 69.8139 54.9901 11
      vertex 55.2727 47.5978 11
    endloop
  endfacet
  facet normal 0 0 -1
    outer loop
      vertex 55.1133 47.9367 11
      vertex 69.8139 54.9901 11
      vertex 55.182 47.7906 11
    endloop
  endfacet
  facet normal 0 0 -1
    outer loop
      vertex 54.9991 48.1165 11
      vertex 69.8139 54.9901 11
      vertex 55.1133 47.9367 11
    endloop
  endfacet
  facet normal 0 0 -1
    outer loop
      vertex 54.9126 48.2529 11
      vertex 69.8139 54.9901 11
      vertex 54.9991 48.1165 11
    endloop
  endfacet
  facet normal 0 0 -1
    outer loop
      vertex 54.7768 48.417 11
      vertex 69.8139 54.9901 11
      vertex 54.9126 48.2529 11
    endloop
  endfacet
  facet normal 0 0 -1
    outer loop
      vertex 54.6739 48.5414 11
      vertex 69.8139 54.9901 11
      vertex 54.7768 48.417 11
    endloop
  endfacet
  facet normal 0 0 -1
    outer loop
      vertex 54.5562 48.6519 11
      vertex 69.8139 54.9901 11
      vertex 54.6739 48.5414 11
    endloop
  endfacet
  facet normal 0 0 -1
    outer loop
      vertex 54.4009 48.7978 11
      vertex 69.8139 54.9901 11
      vertex 54.5562 48.6519 11
    endloop
  endfacet
  facet normal 0 0 -1
    outer loop
      vertex 54.2703 48.8927 11
      vertex 69.8139 54.9901 11
      vertex 54.4009 48.7978 11
    endloop
  endfacet
  facet normal 0 0 -1
    outer loop
      vertex 54.0979 49.0179 11
      vertex 69.8139 54.9901 11
      vertex 54.2703 48.8927 11
    endloop
  endfacet
  facet normal 0 0 -1
    outer loop
      vertex 53.9112 49.1205 11
      vertex 69.8139 54.9901 11
      vertex 54.0979 49.0179 11
    endloop
  endfacet
  facet normal 0 0 -1
    outer loop
      vertex 53.7697 49.1983 11
      vertex 69.8139 54.9901 11
      vertex 53.9112 49.1205 11
    endloop
  endfacet
  facet normal 0 0 -1
    outer loop
      vertex 53.6196 49.2578 11
      vertex 69.8139 54.9901 11
      vertex 53.7697 49.1983 11
    endloop
  endfacet
  facet normal 0 0 -1
    outer loop
      vertex 53.4215 49.3362 11
      vertex 69.8139 54.9901 11
      vertex 53.6196 49.2578 11
    endloop
  endfacet
  facet normal 0 0 -1
    outer loop
      vertex 53.2152 49.3892 11
      vertex 69.8139 54.9901 11
      vertex 53.4215 49.3362 11
    endloop
  endfacet
  facet normal 0 0 -1
    outer loop
      vertex 53.0588 49.4293 11
      vertex 69.8139 54.9901 11
      vertex 53.2152 49.3892 11
    endloop
  endfacet
  facet normal 0 0 -1
    outer loop
      vertex 52.8986 49.4496 11
      vertex 69.8139 54.9901 11
      vertex 53.0588 49.4293 11
    endloop
  endfacet
  facet normal 0 0 -1
    outer loop
      vertex 52.6872 49.4763 11
      vertex 69.8139 54.9901 11
      vertex 52.8986 49.4496 11
    endloop
  endfacet
  facet normal 0 0 -1
    outer loop
      vertex 52.3128 49.4763 11
      vertex 69.8139 54.9901 11
      vertex 52.6872 49.4763 11
    endloop
  endfacet
  facet normal 0 0 -1
    outer loop
      vertex 52.1014 49.4496 11
      vertex 69.8139 54.9901 11
      vertex 52.3128 49.4763 11
    endloop
  endfacet
  facet normal 0 0 -1
    outer loop
      vertex 51.9412 49.4293 11
      vertex 69.8139 54.9901 11
      vertex 52.1014 49.4496 11
    endloop
  endfacet
  facet normal 0 0 -1
    outer loop
      vertex 51.7848 49.3892 11
      vertex 69.8139 54.9901 11
      vertex 51.9412 49.4293 11
    endloop
  endfacet
  facet normal 0 0 -1
    outer loop
      vertex 51.5785 49.3362 11
      vertex 69.8139 54.9901 11
      vertex 51.7848 49.3892 11
    endloop
  endfacet
  facet normal 0 0 1
    outer loop
      vertex 51.2303 49.1983 11
      vertex 51.5785 49.3362 11
      vertex 51.3804 49.2578 11
    endloop
  endfacet
  facet normal 0 0 -1
    outer loop
      vertex 50.9021 49.0179 11
      vertex 51.2303 49.1983 11
      vertex 51.0888 49.1205 11
    endloop
  endfacet
  facet normal 0 0 1
    outer loop
      vertex 50.5991 48.7978 11
      vertex 50.9021 49.0179 11
      vertex 50.7297 48.8927 11
    endloop
  endfacet
  facet normal 0 0 -1
    outer loop
      vertex 50.3261 48.5414 11
      vertex 50.5991 48.7978 11
      vertex 50.4438 48.6519 11
    endloop
  endfacet
  facet normal 0 0 -1
    outer loop
      vertex 50.0874 48.2529 11
      vertex 50.3261 48.5414 11
      vertex 50.2232 48.417 11
    endloop
  endfacet
  facet normal 0 0 -1
    outer loop
      vertex 49.8867 47.9367 11
      vertex 50.0874 48.2529 11
      vertex 50.0009 48.1165 11
    endloop
  endfacet
  facet normal 0 0 1
    outer loop
      vertex 49.6115 47.2416 11
      vertex 49.7273 47.5978 11
      vertex 49.6614 47.3952 11
    endloop
  endfacet
  facet normal 0 0 1
    outer loop
      vertex 49.5179 46.5 11
      vertex 49.5414 46.8738 11
      vertex 49.528 46.6611 11
    endloop
  endfacet
  facet normal 0 0 -1
    outer loop
      vertex -49.5179 46.5 11
      vertex 49.5414 46.8738 11
      vertex 49.5179 46.5 11
    endloop
  endfacet
  facet normal 0 0 -1
    outer loop
      vertex -49.528 46.6611 11
      vertex 49.5414 46.8738 11
      vertex -49.5179 46.5 11
    endloop
  endfacet
  facet normal 0 0 -1
    outer loop
      vertex -49.5414 46.8738 11
      vertex 49.5414 46.8738 11
      vertex -49.528 46.6611 11
    endloop
  endfacet
  facet normal 0 0 -1
    outer loop
      vertex 49.5414 46.8738 11
      vertex -49.5414 46.8738 11
      vertex 49.5813 47.083 11
    endloop
  endfacet
  facet normal -0 0 -1
    outer loop
      vertex 49.5813 47.083 11
      vertex -49.5414 46.8738 11
      vertex 49.6115 47.2416 11
    endloop
  endfacet
  facet normal 0 0 -1
    outer loop
      vertex -49.5813 47.083 11
      vertex 49.6115 47.2416 11
      vertex -49.5414 46.8738 11
    endloop
  endfacet
  facet normal 0 0 -1
    outer loop
      vertex -49.6115 47.2416 11
      vertex 49.6115 47.2416 11
      vertex -49.5813 47.083 11
    endloop
  endfacet
  facet normal 0 0 -1
    outer loop
      vertex 49.6115 47.2416 11
      vertex -49.6115 47.2416 11
      vertex 49.7273 47.5978 11
    endloop
  endfacet
  facet normal 0 0 -1
    outer loop
      vertex -49.6614 47.3952 11
      vertex 49.7273 47.5978 11
      vertex -49.6115 47.2416 11
    endloop
  endfacet
  facet normal 0 0 -1
    outer loop
      vertex -49.7273 47.5978 11
      vertex 49.7273 47.5978 11
      vertex -49.6614 47.3952 11
    endloop
  endfacet
  facet normal 0 0 -1
    outer loop
      vertex 49.7273 47.5978 11
      vertex -49.7273 47.5978 11
      vertex 49.818 47.7906 11
    endloop
  endfacet
  facet normal -0 0 -1
    outer loop
      vertex 49.818 47.7906 11
      vertex -49.7273 47.5978 11
      vertex 49.8867 47.9367 11
    endloop
  endfacet
  facet normal 0 0 -1
    outer loop
      vertex -49.818 47.7906 11
      vertex 49.8867 47.9367 11
      vertex -49.7273 47.5978 11
    endloop
  endfacet
  facet normal 0 0 -1
    outer loop
      vertex -49.8867 47.9367 11
      vertex 49.8867 47.9367 11
      vertex -49.818 47.7906 11
    endloop
  endfacet
  facet normal 0 0 -1
    outer loop
      vertex 49.8867 47.9367 11
      vertex -49.8867 47.9367 11
      vertex 50.0874 48.2529 11
    endloop
  endfacet
  facet normal 0 0 -1
    outer loop
      vertex -50.0009 48.1165 11
      vertex 50.0874 48.2529 11
      vertex -49.8867 47.9367 11
    endloop
  endfacet
  facet normal 0 0 -1
    outer loop
      vertex -50.0874 48.2529 11
      vertex 50.0874 48.2529 11
      vertex -50.0009 48.1165 11
    endloop
  endfacet
  facet normal 0 0 -1
    outer loop
      vertex 50.0874 48.2529 11
      vertex -50.0874 48.2529 11
      vertex 50.3261 48.5414 11
    endloop
  endfacet
  facet normal 0 0 -1
    outer loop
      vertex -50.2232 48.417 11
      vertex 50.3261 48.5414 11
      vertex -50.0874 48.2529 11
    endloop
  endfacet
  facet normal 0 0 -1
    outer loop
      vertex -50.3261 48.5414 11
      vertex 50.3261 48.5414 11
      vertex -50.2232 48.417 11
    endloop
  endfacet
  facet normal 0 0 -1
    outer loop
      vertex 50.3261 48.5414 11
      vertex -50.3261 48.5414 11
      vertex 50.5991 48.7978 11
    endloop
  endfacet
  facet normal 0 0 -1
    outer loop
      vertex -50.4438 48.6519 11
      vertex 50.5991 48.7978 11
      vertex -50.3261 48.5414 11
    endloop
  endfacet
  facet normal 0 0 -1
    outer loop
      vertex -50.5991 48.7978 11
      vertex 50.5991 48.7978 11
      vertex -50.4438 48.6519 11
    endloop
  endfacet
  facet normal 0 0 -1
    outer loop
      vertex 50.5991 48.7978 11
      vertex -50.5991 48.7978 11
      vertex 50.9021 49.0179 11
    endloop
  endfacet
  facet normal 0 0 -1
    outer loop
      vertex -50.7297 48.8927 11
      vertex 50.9021 49.0179 11
      vertex -50.5991 48.7978 11
    endloop
  endfacet
  facet normal 0 0 -1
    outer loop
      vertex -50.9021 49.0179 11
      vertex 50.9021 49.0179 11
      vertex -50.7297 48.8927 11
    endloop
  endfacet
  facet normal 0 0 -1
    outer loop
      vertex 50.9021 49.0179 11
      vertex -50.9021 49.0179 11
      vertex 51.2303 49.1983 11
    endloop
  endfacet
  facet normal 0 0 -1
    outer loop
      vertex -51.0888 49.1205 11
      vertex 51.2303 49.1983 11
      vertex -50.9021 49.0179 11
    endloop
  endfacet
  facet normal 0 0 -1
    outer loop
      vertex -51.2303 49.1983 11
      vertex 51.2303 49.1983 11
      vertex -51.0888 49.1205 11
    endloop
  endfacet
  facet normal 0 0 -1
    outer loop
      vertex 51.2303 49.1983 11
      vertex -51.2303 49.1983 11
      vertex 51.5785 49.3362 11
    endloop
  endfacet
  facet normal 0 0 -1
    outer loop
      vertex -51.3804 49.2578 11
      vertex 51.5785 49.3362 11
      vertex -51.2303 49.1983 11
    endloop
  endfacet
  facet normal 0 0 -1
    outer loop
      vertex -51.5785 49.3362 11
      vertex 51.5785 49.3362 11
      vertex -51.3804 49.2578 11
    endloop
  endfacet
  facet normal 0 0 -1
    outer loop
      vertex 51.5785 49.3362 11
      vertex -51.5785 49.3362 11
      vertex 69.8139 54.9901 11
    endloop
  endfacet
  facet normal 0 0 -1
    outer loop
      vertex -51.7848 49.3892 11
      vertex 69.8139 54.9901 11
      vertex -51.5785 49.3362 11
    endloop
  endfacet
  facet normal 0 0 -1
    outer loop
      vertex -51.9412 49.4293 11
      vertex 69.8139 54.9901 11
      vertex -51.7848 49.3892 11
    endloop
  endfacet
  facet normal 0 0 -1
    outer loop
      vertex -69.8139 54.9901 11
      vertex -51.9412 49.4293 11
      vertex -52.1014 49.4496 11
    endloop
  endfacet
  facet normal 0 0 -1
    outer loop
      vertex -69.8139 54.9901 11
      vertex -52.1014 49.4496 11
      vertex -52.3128 49.4763 11
    endloop
  endfacet
  facet normal 0 0 -1
    outer loop
      vertex -69.8139 54.9901 11
      vertex -52.3128 49.4763 11
      vertex -52.6872 49.4763 11
    endloop
  endfacet
  facet normal 0 0 -1
    outer loop
      vertex -69.8139 54.9901 11
      vertex -53.6196 49.2578 11
      vertex -53.7697 49.1983 11
    endloop
  endfacet
  facet normal 0 0 -1
    outer loop
      vertex -69.8139 54.9901 11
      vertex -53.9112 49.1205 11
      vertex -54.0979 49.0179 11
    endloop
  endfacet
  facet normal 0 0 -1
    outer loop
      vertex -69.8139 54.9901 11
      vertex -54.2703 48.8927 11
      vertex -54.4009 48.7978 11
    endloop
  endfacet
  facet normal 0 0 -1
    outer loop
      vertex -69.8139 54.9901 11
      vertex -54.5562 48.6519 11
      vertex -54.6739 48.5414 11
    endloop
  endfacet
  facet normal 0 0 -1
    outer loop
      vertex -69.8139 54.9901 11
      vertex -54.7768 48.417 11
      vertex -54.9126 48.2529 11
    endloop
  endfacet
  facet normal 0 0 -1
    outer loop
      vertex -69.8139 54.9901 11
      vertex -54.9991 48.1165 11
      vertex -55.1133 47.9367 11
    endloop
  endfacet
  facet normal 0 0 -1
    outer loop
      vertex -69.8139 54.9901 11
      vertex -55.3386 47.3952 11
      vertex -55.3885 47.2416 11
    endloop
  endfacet
  facet normal 0 0 -1
    outer loop
      vertex -69.8139 54.9901 11
      vertex -55.472 46.6611 11
      vertex -55.4821 46.5 11
    endloop
  endfacet
  facet normal 0 0 -1
    outer loop
      vertex -51.9412 49.4293 11
      vertex -69.8139 54.9901 11
      vertex 69.8139 54.9901 11
    endloop
  endfacet
  facet normal 0 0 -1
    outer loop
      vertex -52.8986 49.4496 11
      vertex -69.8139 54.9901 11
      vertex -52.6872 49.4763 11
    endloop
  endfacet
  facet normal 0 0 -1
    outer loop
      vertex -53.0588 49.4293 11
      vertex -69.8139 54.9901 11
      vertex -52.8986 49.4496 11
    endloop
  endfacet
  facet normal 0 0 -1
    outer loop
      vertex -53.2152 49.3892 11
      vertex -69.8139 54.9901 11
      vertex -53.0588 49.4293 11
    endloop
  endfacet
  facet normal 0 0 -1
    outer loop
      vertex -53.4215 49.3362 11
      vertex -69.8139 54.9901 11
      vertex -53.2152 49.3892 11
    endloop
  endfacet
  facet normal 0 0 -1
    outer loop
      vertex -53.6196 49.2578 11
      vertex -69.8139 54.9901 11
      vertex -53.4215 49.3362 11
    endloop
  endfacet
  facet normal 0 0 -1
    outer loop
      vertex -53.9112 49.1205 11
      vertex -69.8139 54.9901 11
      vertex -53.7697 49.1983 11
    endloop
  endfacet
  facet normal 0 0 -1
    outer loop
      vertex -54.2703 48.8927 11
      vertex -69.8139 54.9901 11
      vertex -54.0979 49.0179 11
    endloop
  endfacet
  facet normal 0 0 -1
    outer loop
      vertex -54.5562 48.6519 11
      vertex -69.8139 54.9901 11
      vertex -54.4009 48.7978 11
    endloop
  endfacet
  facet normal 0 0 -1
    outer loop
      vertex -54.7768 48.417 11
      vertex -69.8139 54.9901 11
      vertex -54.6739 48.5414 11
    endloop
  endfacet
  facet normal 0 0 -1
    outer loop
      vertex -54.9991 48.1165 11
      vertex -69.8139 54.9901 11
      vertex -54.9126 48.2529 11
    endloop
  endfacet
  facet normal 0 0 -1
    outer loop
      vertex -55.182 47.7906 11
      vertex -69.8139 54.9901 11
      vertex -55.1133 47.9367 11
    endloop
  endfacet
  facet normal 0 0 -1
    outer loop
      vertex -55.2727 47.5978 11
      vertex -69.8139 54.9901 11
      vertex -55.182 47.7906 11
    endloop
  endfacet
  facet normal 0 0 -1
    outer loop
      vertex -55.3386 47.3952 11
      vertex -69.8139 54.9901 11
      vertex -55.2727 47.5978 11
    endloop
  endfacet
  facet normal 0 0 -1
    outer loop
      vertex -55.4187 47.083 11
      vertex -69.8139 54.9901 11
      vertex -55.3885 47.2416 11
    endloop
  endfacet
  facet normal 0 0 -1
    outer loop
      vertex -55.4586 46.8738 11
      vertex -69.8139 54.9901 11
      vertex -55.4187 47.083 11
    endloop
  endfacet
  facet normal 0 0 -1
    outer loop
      vertex -55.472 46.6611 11
      vertex -69.8139 54.9901 11
      vertex -55.4586 46.8738 11
    endloop
  endfacet
  facet normal 0 1 -0
    outer loop
      vertex 74.5 37.5 0
      vertex -74.5 37.5 11
      vertex 74.5 37.5 11
    endloop
  endfacet
  facet normal 0 1 0
    outer loop
      vertex -74.5 37.5 11
      vertex 74.5 37.5 0
      vertex -74.5 37.5 0
    endloop
  endfacet
endsolid OpenSCAD_Model
