solid OpenSCAD_Model
  facet normal -1 0 0
    outer loop
      vertex -74.5 50 0
      vertex -74.5 37.5 3
      vertex -74.5 50 3
    endloop
  endfacet
  facet normal -1 0 0
    outer loop
      vertex -74.5 16.7964 7.11302
      vertex -74.5 37.5 3
      vertex -74.5 16.7964 6.88698
    endloop
  endfacet
  facet normal -1 0 0
    outer loop
      vertex -74.5 15 5.2
      vertex -74.5 37.5 3
      vertex -74.5 50 0
    endloop
  endfacet
  facet normal -1 0 0
    outer loop
      vertex -74.5 37.5 3
      vertex -74.5 16.7681 6.66271
      vertex -74.5 16.7964 6.88698
    endloop
  endfacet
  facet normal -1 0 0
    outer loop
      vertex -74.5 37.5 3
      vertex -74.5 16.7119 6.44377
      vertex -74.5 16.7681 6.66271
    endloop
  endfacet
  facet normal -1 0 0
    outer loop
      vertex -74.5 37.5 3
      vertex -74.5 16.6287 6.2336
      vertex -74.5 16.7119 6.44377
    endloop
  endfacet
  facet normal -1 0 0
    outer loop
      vertex -74.5 37.5 3
      vertex -74.5 16.5198 6.03551
      vertex -74.5 16.6287 6.2336
    endloop
  endfacet
  facet normal -1 0 0
    outer loop
      vertex -74.5 37.5 3
      vertex -74.5 16.3869 5.85264
      vertex -74.5 16.5198 6.03551
    endloop
  endfacet
  facet normal -1 0 0
    outer loop
      vertex -74.5 37.5 3
      vertex -74.5 16.2322 5.68786
      vertex -74.5 16.3869 5.85264
    endloop
  endfacet
  facet normal -1 0 0
    outer loop
      vertex -74.5 37.5 3
      vertex -74.5 16.058 5.54377
      vertex -74.5 16.2322 5.68786
    endloop
  endfacet
  facet normal -1 0 0
    outer loop
      vertex -74.5 37.5 3
      vertex -74.5 15.8672 5.42265
      vertex -74.5 16.058 5.54377
    endloop
  endfacet
  facet normal -1 0 0
    outer loop
      vertex -74.5 37.5 3
      vertex -74.5 15.6626 5.3264
      vertex -74.5 15.8672 5.42265
    endloop
  endfacet
  facet normal -1 0 0
    outer loop
      vertex -74.5 37.5 3
      vertex -74.5 15.4476 5.25655
      vertex -74.5 15.6626 5.3264
    endloop
  endfacet
  facet normal -1 0 0
    outer loop
      vertex -74.5 37.5 3
      vertex -74.5 15.2256 5.21419
      vertex -74.5 15.4476 5.25655
    endloop
  endfacet
  facet normal -1 0 0
    outer loop
      vertex -74.5 37.5 3
      vertex -74.5 15 5.2
      vertex -74.5 15.2256 5.21419
    endloop
  endfacet
  facet normal -1 0 0
    outer loop
      vertex -74.5 -32 0
      vertex -74.5 15 5.2
      vertex -74.5 50 0
    endloop
  endfacet
  facet normal -1 0 0
    outer loop
      vertex -74.5 13.2036 6.88698
      vertex -74.5 -28.2036 6.88698
      vertex -74.5 13.2036 7.11302
    endloop
  endfacet
  facet normal -1 0 0
    outer loop
      vertex -74.5 13.2319 6.66271
      vertex -74.5 -28.2036 6.88698
      vertex -74.5 13.2036 6.88698
    endloop
  endfacet
  facet normal -1 0 0
    outer loop
      vertex -74.5 -28.2319 6.66271
      vertex -74.5 13.2319 6.66271
      vertex -74.5 13.2881 6.44377
    endloop
  endfacet
  facet normal -1 0 0
    outer loop
      vertex -74.5 -28.2881 6.44377
      vertex -74.5 13.2881 6.44377
      vertex -74.5 13.3713 6.2336
    endloop
  endfacet
  facet normal -1 0 0
    outer loop
      vertex -74.5 -28.3713 6.2336
      vertex -74.5 13.3713 6.2336
      vertex -74.5 13.4802 6.03551
    endloop
  endfacet
  facet normal -1 0 0
    outer loop
      vertex -74.5 -28.4802 6.03551
      vertex -74.5 13.4802 6.03551
      vertex -74.5 13.6131 5.85264
    endloop
  endfacet
  facet normal -1 0 0
    outer loop
      vertex -74.5 -32 0
      vertex -74.5 13.6131 5.85264
      vertex -74.5 13.7678 5.68786
    endloop
  endfacet
  facet normal -1 0 0
    outer loop
      vertex -74.5 -32 0
      vertex -74.5 13.7678 5.68786
      vertex -74.5 13.942 5.54377
    endloop
  endfacet
  facet normal -1 0 0
    outer loop
      vertex -74.5 -32 0
      vertex -74.5 13.942 5.54377
      vertex -74.5 14.1328 5.42265
    endloop
  endfacet
  facet normal -1 0 0
    outer loop
      vertex -74.5 -32 0
      vertex -74.5 14.1328 5.42265
      vertex -74.5 14.3374 5.3264
    endloop
  endfacet
  facet normal -1 0 0
    outer loop
      vertex -74.5 -32 0
      vertex -74.5 14.3374 5.3264
      vertex -74.5 14.5524 5.25655
    endloop
  endfacet
  facet normal -1 0 0
    outer loop
      vertex -74.5 -32 0
      vertex -74.5 14.5524 5.25655
      vertex -74.5 14.7744 5.21419
    endloop
  endfacet
  facet normal -1 -0 0
    outer loop
      vertex -74.5 15 5.2
      vertex -74.5 -32 0
      vertex -74.5 14.7744 5.21419
    endloop
  endfacet
  facet normal -1 0 0
    outer loop
      vertex -74.5 13.2319 6.66271
      vertex -74.5 -28.2319 6.66271
      vertex -74.5 -28.2036 6.88698
    endloop
  endfacet
  facet normal -1 0 0
    outer loop
      vertex -74.5 13.2881 6.44377
      vertex -74.5 -28.2881 6.44377
      vertex -74.5 -28.2319 6.66271
    endloop
  endfacet
  facet normal -1 0 0
    outer loop
      vertex -74.5 13.3713 6.2336
      vertex -74.5 -28.3713 6.2336
      vertex -74.5 -28.2881 6.44377
    endloop
  endfacet
  facet normal -1 0 0
    outer loop
      vertex -74.5 13.4802 6.03551
      vertex -74.5 -28.4802 6.03551
      vertex -74.5 -28.3713 6.2336
    endloop
  endfacet
  facet normal -1 -0 0
    outer loop
      vertex -74.5 13.6131 5.85264
      vertex -74.5 -32 0
      vertex -74.5 -28.6131 5.85264
    endloop
  endfacet
  facet normal -1 0 0
    outer loop
      vertex -74.5 13.6131 5.85264
      vertex -74.5 -28.6131 5.85264
      vertex -74.5 -28.4802 6.03551
    endloop
  endfacet
  facet normal -1 0 0
    outer loop
      vertex -74.5 -28.6131 5.85264
      vertex -74.5 -32 0
      vertex -74.5 -28.7678 5.68786
    endloop
  endfacet
  facet normal -1 0 0
    outer loop
      vertex -74.5 -28.7678 5.68786
      vertex -74.5 -32 0
      vertex -74.5 -28.942 5.54377
    endloop
  endfacet
  facet normal -1 0 0
    outer loop
      vertex -74.5 -28.942 5.54377
      vertex -74.5 -32 0
      vertex -74.5 -29.1328 5.42265
    endloop
  endfacet
  facet normal -1 0 0
    outer loop
      vertex -74.5 -29.1328 5.42265
      vertex -74.5 -32 0
      vertex -74.5 -29.3374 5.3264
    endloop
  endfacet
  facet normal -1 0 0
    outer loop
      vertex -74.5 -29.3374 5.3264
      vertex -74.5 -32 0
      vertex -74.5 -29.5524 5.25655
    endloop
  endfacet
  facet normal -1 0 0
    outer loop
      vertex -74.5 -29.5524 5.25655
      vertex -74.5 -32 0
      vertex -74.5 -29.7744 5.21419
    endloop
  endfacet
  facet normal -1 0 0
    outer loop
      vertex -74.5 -29.7744 5.21419
      vertex -74.5 -32 0
      vertex -74.5 -30 5.2
    endloop
  endfacet
  facet normal -1 -0 0
    outer loop
      vertex -74.5 -31.7964 6.88698
      vertex -74.5 -32 0
      vertex -74.5 -31.7964 7.11302
    endloop
  endfacet
  facet normal -1 -0 0
    outer loop
      vertex -74.5 -31.7681 6.66271
      vertex -74.5 -32 0
      vertex -74.5 -31.7964 6.88698
    endloop
  endfacet
  facet normal -1 -0 0
    outer loop
      vertex -74.5 -31.7119 6.44377
      vertex -74.5 -32 0
      vertex -74.5 -31.7681 6.66271
    endloop
  endfacet
  facet normal -1 -0 0
    outer loop
      vertex -74.5 -31.6287 6.2336
      vertex -74.5 -32 0
      vertex -74.5 -31.7119 6.44377
    endloop
  endfacet
  facet normal -1 -0 0
    outer loop
      vertex -74.5 -31.5198 6.03551
      vertex -74.5 -32 0
      vertex -74.5 -31.6287 6.2336
    endloop
  endfacet
  facet normal -1 -0 0
    outer loop
      vertex -74.5 -31.3869 5.85264
      vertex -74.5 -32 0
      vertex -74.5 -31.5198 6.03551
    endloop
  endfacet
  facet normal -1 -0 0
    outer loop
      vertex -74.5 -31.2322 5.68786
      vertex -74.5 -32 0
      vertex -74.5 -31.3869 5.85264
    endloop
  endfacet
  facet normal -1 -0 0
    outer loop
      vertex -74.5 -31.058 5.54377
      vertex -74.5 -32 0
      vertex -74.5 -31.2322 5.68786
    endloop
  endfacet
  facet normal -1 -0 0
    outer loop
      vertex -74.5 -30.8672 5.42265
      vertex -74.5 -32 0
      vertex -74.5 -31.058 5.54377
    endloop
  endfacet
  facet normal -1 -0 0
    outer loop
      vertex -74.5 -30.6626 5.3264
      vertex -74.5 -32 0
      vertex -74.5 -30.8672 5.42265
    endloop
  endfacet
  facet normal -1 -0 0
    outer loop
      vertex -74.5 -30.4476 5.25655
      vertex -74.5 -32 0
      vertex -74.5 -30.6626 5.3264
    endloop
  endfacet
  facet normal -1 -0 0
    outer loop
      vertex -74.5 -30.2256 5.21419
      vertex -74.5 -32 0
      vertex -74.5 -30.4476 5.25655
    endloop
  endfacet
  facet normal -1 -0 0
    outer loop
      vertex -74.5 -30 5.2
      vertex -74.5 -32 0
      vertex -74.5 -30.2256 5.21419
    endloop
  endfacet
  facet normal -1 0 0
    outer loop
      vertex -74.5 37.5 3
      vertex -74.5 16.7964 7.11302
      vertex -74.5 37.5 14
    endloop
  endfacet
  facet normal -1 0 0
    outer loop
      vertex -74.5 16.7681 7.33729
      vertex -74.5 37.5 14
      vertex -74.5 16.7964 7.11302
    endloop
  endfacet
  facet normal -1 0 0
    outer loop
      vertex -74.5 16.7119 7.55623
      vertex -74.5 37.5 14
      vertex -74.5 16.7681 7.33729
    endloop
  endfacet
  facet normal -1 0 0
    outer loop
      vertex -74.5 16.6287 7.7664
      vertex -74.5 37.5 14
      vertex -74.5 16.7119 7.55623
    endloop
  endfacet
  facet normal -1 0 0
    outer loop
      vertex -74.5 16.5198 7.96449
      vertex -74.5 37.5 14
      vertex -74.5 16.6287 7.7664
    endloop
  endfacet
  facet normal -1 0 0
    outer loop
      vertex -74.5 16.3869 8.14736
      vertex -74.5 37.5 14
      vertex -74.5 16.5198 7.96449
    endloop
  endfacet
  facet normal -1 0 0
    outer loop
      vertex -74.5 16.2322 8.31214
      vertex -74.5 37.5 14
      vertex -74.5 16.3869 8.14736
    endloop
  endfacet
  facet normal -1 0 0
    outer loop
      vertex -74.5 16.058 8.45623
      vertex -74.5 37.5 14
      vertex -74.5 16.2322 8.31214
    endloop
  endfacet
  facet normal -1 0 0
    outer loop
      vertex -74.5 15.8672 8.57735
      vertex -74.5 37.5 14
      vertex -74.5 16.058 8.45623
    endloop
  endfacet
  facet normal -1 0 0
    outer loop
      vertex -74.5 15.6626 8.6736
      vertex -74.5 37.5 14
      vertex -74.5 15.8672 8.57735
    endloop
  endfacet
  facet normal -1 0 0
    outer loop
      vertex -74.5 15.4476 8.74345
      vertex -74.5 37.5 14
      vertex -74.5 15.6626 8.6736
    endloop
  endfacet
  facet normal -1 0 0
    outer loop
      vertex -74.5 15.2256 8.78581
      vertex -74.5 37.5 14
      vertex -74.5 15.4476 8.74345
    endloop
  endfacet
  facet normal -1 0 0
    outer loop
      vertex -74.5 15 8.8
      vertex -74.5 37.5 14
      vertex -74.5 15.2256 8.78581
    endloop
  endfacet
  facet normal -1 0 0
    outer loop
      vertex -74.5 14.7744 8.78581
      vertex -74.5 37.5 14
      vertex -74.5 15 8.8
    endloop
  endfacet
  facet normal -1 0 0
    outer loop
      vertex -74.5 -32 14
      vertex -74.5 14.7744 8.78581
      vertex -74.5 14.5524 8.74345
    endloop
  endfacet
  facet normal -1 0 0
    outer loop
      vertex -74.5 -28.2036 7.11302
      vertex -74.5 13.2036 7.11302
      vertex -74.5 -28.2036 6.88698
    endloop
  endfacet
  facet normal -1 0 0
    outer loop
      vertex -74.5 13.2036 7.11302
      vertex -74.5 -28.2036 7.11302
      vertex -74.5 13.2319 7.33729
    endloop
  endfacet
  facet normal -1 0 0
    outer loop
      vertex -74.5 -28.2319 7.33729
      vertex -74.5 13.2319 7.33729
      vertex -74.5 -28.2036 7.11302
    endloop
  endfacet
  facet normal -1 0 0
    outer loop
      vertex -74.5 13.2319 7.33729
      vertex -74.5 -28.2319 7.33729
      vertex -74.5 13.2881 7.55623
    endloop
  endfacet
  facet normal -1 0 0
    outer loop
      vertex -74.5 -28.2881 7.55623
      vertex -74.5 13.2881 7.55623
      vertex -74.5 -28.2319 7.33729
    endloop
  endfacet
  facet normal -1 0 0
    outer loop
      vertex -74.5 13.2881 7.55623
      vertex -74.5 -28.2881 7.55623
      vertex -74.5 13.3713 7.7664
    endloop
  endfacet
  facet normal -1 0 0
    outer loop
      vertex -74.5 -28.3713 7.7664
      vertex -74.5 13.3713 7.7664
      vertex -74.5 -28.2881 7.55623
    endloop
  endfacet
  facet normal -1 0 0
    outer loop
      vertex -74.5 13.3713 7.7664
      vertex -74.5 -28.3713 7.7664
      vertex -74.5 13.4802 7.96449
    endloop
  endfacet
  facet normal -1 0 0
    outer loop
      vertex -74.5 -28.4802 7.96449
      vertex -74.5 13.4802 7.96449
      vertex -74.5 -28.3713 7.7664
    endloop
  endfacet
  facet normal -1 0 0
    outer loop
      vertex -74.5 13.4802 7.96449
      vertex -74.5 -28.4802 7.96449
      vertex -74.5 13.6131 8.14736
    endloop
  endfacet
  facet normal -1 0 0
    outer loop
      vertex -74.5 -28.6131 8.14736
      vertex -74.5 13.6131 8.14736
      vertex -74.5 -28.4802 7.96449
    endloop
  endfacet
  facet normal -1 0 0
    outer loop
      vertex -74.5 -32 14
      vertex -74.5 13.6131 8.14736
      vertex -74.5 -28.6131 8.14736
    endloop
  endfacet
  facet normal -1 0 0
    outer loop
      vertex -74.5 13.6131 8.14736
      vertex -74.5 -32 14
      vertex -74.5 13.7678 8.31214
    endloop
  endfacet
  facet normal -1 0 0
    outer loop
      vertex -74.5 13.7678 8.31214
      vertex -74.5 -32 14
      vertex -74.5 13.942 8.45623
    endloop
  endfacet
  facet normal -1 0 0
    outer loop
      vertex -74.5 13.942 8.45623
      vertex -74.5 -32 14
      vertex -74.5 14.1328 8.57735
    endloop
  endfacet
  facet normal -1 0 0
    outer loop
      vertex -74.5 14.1328 8.57735
      vertex -74.5 -32 14
      vertex -74.5 14.3374 8.6736
    endloop
  endfacet
  facet normal -1 0 0
    outer loop
      vertex -74.5 14.3374 8.6736
      vertex -74.5 -32 14
      vertex -74.5 14.5524 8.74345
    endloop
  endfacet
  facet normal -1 0 0
    outer loop
      vertex -74.5 -32 14
      vertex -74.5 -28.6131 8.14736
      vertex -74.5 -28.7678 8.31214
    endloop
  endfacet
  facet normal -1 0 0
    outer loop
      vertex -74.5 -32 14
      vertex -74.5 -28.7678 8.31214
      vertex -74.5 -28.942 8.45623
    endloop
  endfacet
  facet normal -1 0 0
    outer loop
      vertex -74.5 -32 14
      vertex -74.5 -28.942 8.45623
      vertex -74.5 -29.1328 8.57735
    endloop
  endfacet
  facet normal -1 0 0
    outer loop
      vertex -74.5 -32 14
      vertex -74.5 -29.1328 8.57735
      vertex -74.5 -29.3374 8.6736
    endloop
  endfacet
  facet normal -1 0 0
    outer loop
      vertex -74.5 -32 14
      vertex -74.5 -29.3374 8.6736
      vertex -74.5 -29.5524 8.74345
    endloop
  endfacet
  facet normal -1 0 0
    outer loop
      vertex -74.5 -32 14
      vertex -74.5 -29.5524 8.74345
      vertex -74.5 -29.7744 8.78581
    endloop
  endfacet
  facet normal -1 0 0
    outer loop
      vertex -74.5 -32 14
      vertex -74.5 -29.7744 8.78581
      vertex -74.5 -30 8.8
    endloop
  endfacet
  facet normal -1 0 0
    outer loop
      vertex -74.5 -32 14
      vertex -74.5 -30 8.8
      vertex -74.5 -30.2256 8.78581
    endloop
  endfacet
  facet normal -1 0 0
    outer loop
      vertex -74.5 14.7744 8.78581
      vertex -74.5 -32 14
      vertex -74.5 37.5 14
    endloop
  endfacet
  facet normal -1 0 0
    outer loop
      vertex -74.5 -30.4476 8.74345
      vertex -74.5 -32 14
      vertex -74.5 -30.2256 8.78581
    endloop
  endfacet
  facet normal -1 0 0
    outer loop
      vertex -74.5 -30.6626 8.6736
      vertex -74.5 -32 14
      vertex -74.5 -30.4476 8.74345
    endloop
  endfacet
  facet normal -1 0 0
    outer loop
      vertex -74.5 -30.8672 8.57735
      vertex -74.5 -32 14
      vertex -74.5 -30.6626 8.6736
    endloop
  endfacet
  facet normal -1 0 0
    outer loop
      vertex -74.5 -31.058 8.45623
      vertex -74.5 -32 14
      vertex -74.5 -30.8672 8.57735
    endloop
  endfacet
  facet normal -1 0 0
    outer loop
      vertex -74.5 -31.2322 8.31214
      vertex -74.5 -32 14
      vertex -74.5 -31.058 8.45623
    endloop
  endfacet
  facet normal -1 0 0
    outer loop
      vertex -74.5 -31.3869 8.14736
      vertex -74.5 -32 14
      vertex -74.5 -31.2322 8.31214
    endloop
  endfacet
  facet normal -1 0 0
    outer loop
      vertex -74.5 -31.5198 7.96449
      vertex -74.5 -32 14
      vertex -74.5 -31.3869 8.14736
    endloop
  endfacet
  facet normal -1 0 0
    outer loop
      vertex -74.5 -31.6287 7.7664
      vertex -74.5 -32 14
      vertex -74.5 -31.5198 7.96449
    endloop
  endfacet
  facet normal -1 0 0
    outer loop
      vertex -74.5 -31.7119 7.55623
      vertex -74.5 -32 14
      vertex -74.5 -31.6287 7.7664
    endloop
  endfacet
  facet normal -1 0 0
    outer loop
      vertex -74.5 -31.7681 7.33729
      vertex -74.5 -32 14
      vertex -74.5 -31.7119 7.55623
    endloop
  endfacet
  facet normal -1 0 0
    outer loop
      vertex -74.5 -31.7964 7.11302
      vertex -74.5 -32 14
      vertex -74.5 -31.7681 7.33729
    endloop
  endfacet
  facet normal -1 0 0
    outer loop
      vertex -74.5 -32 14
      vertex -74.5 -31.7964 7.11302
      vertex -74.5 -32 0
    endloop
  endfacet
  facet normal 0.770462 0.637486 0
    outer loop
      vertex 73.5451 52.9389 3
      vertex 73.1448 53.4227 0
      vertex 73.1448 53.4227 3
    endloop
  endfacet
  facet normal 0.770462 0.637486 0
    outer loop
      vertex 73.1448 53.4227 0
      vertex 73.5451 52.9389 3
      vertex 73.5451 52.9389 0
    endloop
  endfacet
  facet normal 0 0 1
    outer loop
      vertex 68.9834 23.0099 14
      vertex 74.5 28 14
      vertex 74.5 37.5 14
    endloop
  endfacet
  facet normal 0 -0 1
    outer loop
      vertex 69.8139 23.0099 14
      vertex 74.5 28 14
      vertex 68.9834 23.0099 14
    endloop
  endfacet
  facet normal 0 0 1
    outer loop
      vertex 74.5 28 14
      vertex 69.8139 23.0099 14
      vertex 74.4606 27.3733 14
    endloop
  endfacet
  facet normal 0 0 1
    outer loop
      vertex 74.4606 27.3733 14
      vertex 69.8139 23.0099 14
      vertex 74.3429 26.7565 14
    endloop
  endfacet
  facet normal 0 0 1
    outer loop
      vertex 74.3429 26.7565 14
      vertex 69.8139 23.0099 14
      vertex 74.1489 26.1594 14
    endloop
  endfacet
  facet normal 0 0 1
    outer loop
      vertex 74.1489 26.1594 14
      vertex 69.8139 23.0099 14
      vertex 73.8815 25.5912 14
    endloop
  endfacet
  facet normal 0 0 1
    outer loop
      vertex 73.8815 25.5912 14
      vertex 69.8139 23.0099 14
      vertex 73.5451 25.0611 14
    endloop
  endfacet
  facet normal 0 0 1
    outer loop
      vertex 73.5451 25.0611 14
      vertex 69.8139 23.0099 14
      vertex 73.1448 24.5773 14
    endloop
  endfacet
  facet normal 0 0 1
    outer loop
      vertex 73.1448 24.5773 14
      vertex 69.8139 23.0099 14
      vertex 72.6871 24.1474 14
    endloop
  endfacet
  facet normal 0 0 1
    outer loop
      vertex 72.6871 24.1474 14
      vertex 69.8139 23.0099 14
      vertex 72.1791 23.7784 14
    endloop
  endfacet
  facet normal 0 0 1
    outer loop
      vertex 72.1791 23.7784 14
      vertex 69.8139 23.0099 14
      vertex 71.6289 23.4759 14
    endloop
  endfacet
  facet normal 0 0 1
    outer loop
      vertex 71.6289 23.4759 14
      vertex 69.8139 23.0099 14
      vertex 71.0451 23.2447 14
    endloop
  endfacet
  facet normal 0 0 1
    outer loop
      vertex 71.0451 23.2447 14
      vertex 69.8139 23.0099 14
      vertex 70.4369 23.0886 14
    endloop
  endfacet
  facet normal 0 0 1
    outer loop
      vertex 74.5 37.5 14
      vertex 34.561 23.0099 14
      vertex 68.9834 23.0099 14
    endloop
  endfacet
  facet normal -0 0 1
    outer loop
      vertex -74.5 37.5 14
      vertex 34.561 23.0099 14
      vertex 74.5 37.5 14
    endloop
  endfacet
  facet normal 0 0 1
    outer loop
      vertex -74.5 -32 14
      vertex -60.5 -19.2395 14
      vertex -60.5 23.0099 14
    endloop
  endfacet
  facet normal 0 0 1
    outer loop
      vertex -60.5 -19.2395 14
      vertex -74.5 -32 14
      vertex -61.486 -34.9766 14
    endloop
  endfacet
  facet normal 0 -0 1
    outer loop
      vertex -65.1861 -36.9901 14
      vertex -61.486 -34.9766 14
      vertex -74.5 -32 14
    endloop
  endfacet
  facet normal 0 0 1
    outer loop
      vertex -61.486 -34.9766 14
      vertex -65.1861 -36.9901 14
      vertex -61.8552 -35.4227 14
    endloop
  endfacet
  facet normal 0 0 1
    outer loop
      vertex -61.8552 -35.4227 14
      vertex -65.1861 -36.9901 14
      vertex -62.3129 -35.8526 14
    endloop
  endfacet
  facet normal 0 0 1
    outer loop
      vertex -62.3129 -35.8526 14
      vertex -65.1861 -36.9901 14
      vertex -62.8209 -36.2216 14
    endloop
  endfacet
  facet normal 0 0 1
    outer loop
      vertex -62.8209 -36.2216 14
      vertex -65.1861 -36.9901 14
      vertex -63.3711 -36.5241 14
    endloop
  endfacet
  facet normal 0 0 1
    outer loop
      vertex -63.3711 -36.5241 14
      vertex -65.1861 -36.9901 14
      vertex -63.9549 -36.7553 14
    endloop
  endfacet
  facet normal 0 0 1
    outer loop
      vertex -63.9549 -36.7553 14
      vertex -65.1861 -36.9901 14
      vertex -64.5631 -36.9114 14
    endloop
  endfacet
  facet normal 0 0 1
    outer loop
      vertex -65.1861 -36.9901 14
      vertex -74.5 -32 14
      vertex -69.8139 -36.9901 14
    endloop
  endfacet
  facet normal 0 0 1
    outer loop
      vertex -69.8139 -36.9901 14
      vertex -74.5 -32 14
      vertex -70.4369 -36.9114 14
    endloop
  endfacet
  facet normal 0 0 1
    outer loop
      vertex -70.4369 -36.9114 14
      vertex -74.5 -32 14
      vertex -71.0451 -36.7553 14
    endloop
  endfacet
  facet normal 0 0 1
    outer loop
      vertex -71.0451 -36.7553 14
      vertex -74.5 -32 14
      vertex -71.6289 -36.5241 14
    endloop
  endfacet
  facet normal 0 0 1
    outer loop
      vertex -71.6289 -36.5241 14
      vertex -74.5 -32 14
      vertex -72.1791 -36.2216 14
    endloop
  endfacet
  facet normal 0 0 1
    outer loop
      vertex -72.1791 -36.2216 14
      vertex -74.5 -32 14
      vertex -72.6871 -35.8526 14
    endloop
  endfacet
  facet normal 0 0 1
    outer loop
      vertex -72.6871 -35.8526 14
      vertex -74.5 -32 14
      vertex -73.1448 -35.4227 14
    endloop
  endfacet
  facet normal 0 0 1
    outer loop
      vertex -73.1448 -35.4227 14
      vertex -74.5 -32 14
      vertex -73.5451 -34.9389 14
    endloop
  endfacet
  facet normal 0 0 1
    outer loop
      vertex -73.5451 -34.9389 14
      vertex -74.5 -32 14
      vertex -73.8815 -34.4088 14
    endloop
  endfacet
  facet normal 0 0 1
    outer loop
      vertex -73.8815 -34.4088 14
      vertex -74.5 -32 14
      vertex -74.1489 -33.8406 14
    endloop
  endfacet
  facet normal 0 0 1
    outer loop
      vertex -74.1489 -33.8406 14
      vertex -74.5 -32 14
      vertex -74.3429 -33.2435 14
    endloop
  endfacet
  facet normal 0 0 1
    outer loop
      vertex 34.561 23.0099 14
      vertex -74.5 37.5 14
      vertex -60.5 23.0099 14
    endloop
  endfacet
  facet normal 0 0 1
    outer loop
      vertex -74.5 -32 14
      vertex -60.5 23.0099 14
      vertex -74.5 37.5 14
    endloop
  endfacet
  facet normal 0 0 1
    outer loop
      vertex -74.3429 -33.2435 14
      vertex -74.5 -32 14
      vertex -74.4606 -32.6267 14
    endloop
  endfacet
  facet normal 0 0 1
    outer loop
      vertex -61.486 -34.9766 14
      vertex 34.561 23.0099 14
      vertex -60.5 -19.2395 14
    endloop
  endfacet
  facet normal -0 0 1
    outer loop
      vertex 34.561 23.0099 14
      vertex -61.486 -34.9766 14
      vertex 68.9834 23.0099 14
    endloop
  endfacet
  facet normal 0.982276 -0.187441 0
    outer loop
      vertex 74.3429 26.7565 14
      vertex 74.4606 27.3733 0
      vertex 74.4606 27.3733 14
    endloop
  endfacet
  facet normal 0.982276 -0.187441 0
    outer loop
      vertex 74.4606 27.3733 0
      vertex 74.3429 26.7565 14
      vertex 74.3429 26.7565 0
    endloop
  endfacet
  facet normal 0 1 -0
    outer loop
      vertex 69.8139 54.9901 0
      vertex -69.8139 54.9901 3
      vertex 69.8139 54.9901 3
    endloop
  endfacet
  facet normal 0 1 0
    outer loop
      vertex -69.8139 54.9901 3
      vertex 69.8139 54.9901 0
      vertex -69.8139 54.9901 0
    endloop
  endfacet
  facet normal 0 -1 0
    outer loop
      vertex 68.9834 23.0099 0
      vertex 69.8139 23.0099 14
      vertex 68.9834 23.0099 14
    endloop
  endfacet
  facet normal 0 -1 -0
    outer loop
      vertex 69.8139 23.0099 14
      vertex 68.9834 23.0099 0
      vertex 69.8139 23.0099 0
    endloop
  endfacet
  facet normal 0 -1 0
    outer loop
      vertex -60.5 23.0099 0
      vertex 34.561 23.0099 14
      vertex -60.5 23.0099 14
    endloop
  endfacet
  facet normal 0 -1 -0
    outer loop
      vertex 34.561 23.0099 14
      vertex -60.5 23.0099 0
      vertex 34.561 23.0099 0
    endloop
  endfacet
  facet normal 0.125328 -0.992115 0
    outer loop
      vertex 69.8139 23.0099 0
      vertex 70.4369 23.0886 14
      vertex 69.8139 23.0099 14
    endloop
  endfacet
  facet normal 0.125328 -0.992115 0
    outer loop
      vertex 70.4369 23.0886 14
      vertex 69.8139 23.0099 0
      vertex 70.4369 23.0886 0
    endloop
  endfacet
  facet normal 0.99803 -0.0627451 0
    outer loop
      vertex 74.4606 27.3733 14
      vertex 74.5 28 0
      vertex 74.5 28 14
    endloop
  endfacet
  facet normal 0.99803 -0.0627451 0
    outer loop
      vertex 74.5 28 0
      vertex 74.4606 27.3733 14
      vertex 74.4606 27.3733 0
    endloop
  endfacet
  facet normal 1 0 0
    outer loop
      vertex 74.5 37.5 14
      vertex 74.5 28 14
      vertex 74.5 37.5 3
    endloop
  endfacet
  facet normal 1 -0 0
    outer loop
      vertex 74.5 37.5 3
      vertex 74.5 50 0
      vertex 74.5 50 3
    endloop
  endfacet
  facet normal 1 0 0
    outer loop
      vertex 74.5 37.5 3
      vertex 74.5 28 0
      vertex 74.5 50 0
    endloop
  endfacet
  facet normal 1 0 0
    outer loop
      vertex 74.5 28 0
      vertex 74.5 37.5 3
      vertex 74.5 28 14
    endloop
  endfacet
  facet normal 0.481784 -0.87629 0
    outer loop
      vertex 71.6289 23.4759 0
      vertex 72.1791 23.7784 14
      vertex 71.6289 23.4759 14
    endloop
  endfacet
  facet normal 0.481784 -0.87629 0
    outer loop
      vertex 72.1791 23.7784 14
      vertex 71.6289 23.4759 0
      vertex 72.1791 23.7784 0
    endloop
  endfacet
  facet normal 0.951061 0.309003 0
    outer loop
      vertex 74.3429 51.2435 3
      vertex 74.1489 51.8406 0
      vertex 74.1489 51.8406 3
    endloop
  endfacet
  facet normal 0.951061 0.309003 0
    outer loop
      vertex 74.1489 51.8406 0
      vertex 74.3429 51.2435 3
      vertex 74.3429 51.2435 0
    endloop
  endfacet
  facet normal 0.481784 0.87629 -0
    outer loop
      vertex 72.1791 54.2216 0
      vertex 71.6289 54.5241 3
      vertex 72.1791 54.2216 3
    endloop
  endfacet
  facet normal 0.481784 0.87629 0
    outer loop
      vertex 71.6289 54.5241 3
      vertex 72.1791 54.2216 0
      vertex 71.6289 54.5241 0
    endloop
  endfacet
  facet normal 0.125328 0.992115 -0
    outer loop
      vertex 70.4369 54.9114 0
      vertex 69.8139 54.9901 3
      vertex 70.4369 54.9114 3
    endloop
  endfacet
  facet normal 0.125328 0.992115 0
    outer loop
      vertex 69.8139 54.9901 3
      vertex 70.4369 54.9114 0
      vertex 69.8139 54.9901 0
    endloop
  endfacet
  facet normal -0.368203 0.929745 0
    outer loop
      vertex -71.0451 54.7553 0
      vertex -71.6289 54.5241 3
      vertex -71.0451 54.7553 3
    endloop
  endfacet
  facet normal -0.368203 0.929745 0
    outer loop
      vertex -71.6289 54.5241 3
      vertex -71.0451 54.7553 0
      vertex -71.6289 54.5241 0
    endloop
  endfacet
  facet normal -0.904811 0.425812 0
    outer loop
      vertex -74.1489 51.8406 0
      vertex -73.8815 52.4088 3
      vertex -73.8815 52.4088 0
    endloop
  endfacet
  facet normal -0.904811 0.425812 0
    outer loop
      vertex -73.8815 52.4088 3
      vertex -74.1489 51.8406 0
      vertex -74.1489 51.8406 3
    endloop
  endfacet
  facet normal 0 0 -1
    outer loop
      vertex 34.561 23.0099 0
      vertex -48.0355 45.936 0
      vertex -48 46.5 0
    endloop
  endfacet
  facet normal 0 0 -1
    outer loop
      vertex 34.561 23.0099 0
      vertex -48.1414 45.3809 0
      vertex -48.0355 45.936 0
    endloop
  endfacet
  facet normal 0 0 -1
    outer loop
      vertex 34.561 23.0099 0
      vertex -48.316 44.8434 0
      vertex -48.1414 45.3809 0
    endloop
  endfacet
  facet normal 0 0 -1
    outer loop
      vertex 34.561 23.0099 0
      vertex -48.5566 44.3321 0
      vertex -48.316 44.8434 0
    endloop
  endfacet
  facet normal 0 0 -1
    outer loop
      vertex 34.561 23.0099 0
      vertex -48.8594 43.855 0
      vertex -48.5566 44.3321 0
    endloop
  endfacet
  facet normal 0 0 -1
    outer loop
      vertex 34.561 23.0099 0
      vertex -49.2196 43.4195 0
      vertex -48.8594 43.855 0
    endloop
  endfacet
  facet normal 0 0 -1
    outer loop
      vertex -60.5 23.0099 0
      vertex -49.2196 43.4195 0
      vertex 34.561 23.0099 0
    endloop
  endfacet
  facet normal 0 0 -1
    outer loop
      vertex -49.2196 43.4195 0
      vertex -60.5 23.0099 0
      vertex -49.6316 43.0327 0
    endloop
  endfacet
  facet normal 0 0 -1
    outer loop
      vertex -49.6316 43.0327 0
      vertex -60.5 23.0099 0
      vertex -50.0888 42.7005 0
    endloop
  endfacet
  facet normal 0 0 -1
    outer loop
      vertex -50.0888 42.7005 0
      vertex -60.5 23.0099 0
      vertex -50.584 42.4283 0
    endloop
  endfacet
  facet normal 0 0 -1
    outer loop
      vertex -50.584 42.4283 0
      vertex -60.5 23.0099 0
      vertex -51.1094 42.2202 0
    endloop
  endfacet
  facet normal 0 0 -1
    outer loop
      vertex -51.1094 42.2202 0
      vertex -60.5 23.0099 0
      vertex -51.6568 42.0797 0
    endloop
  endfacet
  facet normal 0 0 -1
    outer loop
      vertex -51.6568 42.0797 0
      vertex -60.5 23.0099 0
      vertex -52.2174 42.0089 0
    endloop
  endfacet
  facet normal -0 0 -1
    outer loop
      vertex -52.2174 42.0089 0
      vertex -60.5 23.0099 0
      vertex -52.7826 42.0089 0
    endloop
  endfacet
  facet normal 0 0 -1
    outer loop
      vertex -56.8586 45.3809 0
      vertex -74.5 50 0
      vertex -56.9645 45.936 0
    endloop
  endfacet
  facet normal 0 0 -1
    outer loop
      vertex -56.684 44.8434 0
      vertex -74.5 50 0
      vertex -56.8586 45.3809 0
    endloop
  endfacet
  facet normal 0 0 -1
    outer loop
      vertex -56.4434 44.3321 0
      vertex -74.5 50 0
      vertex -56.684 44.8434 0
    endloop
  endfacet
  facet normal 0 0 -1
    outer loop
      vertex -56.1406 43.855 0
      vertex -74.5 50 0
      vertex -56.4434 44.3321 0
    endloop
  endfacet
  facet normal 0 0 -1
    outer loop
      vertex -74.5 50 0
      vertex -56.1406 43.855 0
      vertex -60.5 23.0099 0
    endloop
  endfacet
  facet normal -0 0 -1
    outer loop
      vertex -55.7804 43.4195 0
      vertex -60.5 23.0099 0
      vertex -56.1406 43.855 0
    endloop
  endfacet
  facet normal -0 0 -1
    outer loop
      vertex -55.3684 43.0327 0
      vertex -60.5 23.0099 0
      vertex -55.7804 43.4195 0
    endloop
  endfacet
  facet normal -0 0 -1
    outer loop
      vertex -54.9112 42.7005 0
      vertex -60.5 23.0099 0
      vertex -55.3684 43.0327 0
    endloop
  endfacet
  facet normal -0 0 -1
    outer loop
      vertex -54.416 42.4283 0
      vertex -60.5 23.0099 0
      vertex -54.9112 42.7005 0
    endloop
  endfacet
  facet normal -0 0 -1
    outer loop
      vertex -53.8906 42.2202 0
      vertex -60.5 23.0099 0
      vertex -54.416 42.4283 0
    endloop
  endfacet
  facet normal -0 0 -1
    outer loop
      vertex -53.3432 42.0797 0
      vertex -60.5 23.0099 0
      vertex -53.8906 42.2202 0
    endloop
  endfacet
  facet normal -0 0 -1
    outer loop
      vertex -52.7826 42.0089 0
      vertex -60.5 23.0099 0
      vertex -53.3432 42.0797 0
    endloop
  endfacet
  facet normal 0 0 -1
    outer loop
      vertex 74.5 50 0
      vertex 56.9645 45.936 0
      vertex 57 46.5 0
    endloop
  endfacet
  facet normal 0 0 -1
    outer loop
      vertex 74.5 28 0
      vertex 56.8586 45.3809 0
      vertex 56.9645 45.936 0
    endloop
  endfacet
  facet normal 0 0 -1
    outer loop
      vertex 74.5 28 0
      vertex 56.684 44.8434 0
      vertex 56.8586 45.3809 0
    endloop
  endfacet
  facet normal 0 0 -1
    outer loop
      vertex 74.5 28 0
      vertex 56.4434 44.3321 0
      vertex 56.684 44.8434 0
    endloop
  endfacet
  facet normal 0 0 -1
    outer loop
      vertex 74.5 28 0
      vertex 56.1406 43.855 0
      vertex 56.4434 44.3321 0
    endloop
  endfacet
  facet normal 0 0 -1
    outer loop
      vertex 74.5 28 0
      vertex 55.7804 43.4195 0
      vertex 56.1406 43.855 0
    endloop
  endfacet
  facet normal 0 0 -1
    outer loop
      vertex 74.5 28 0
      vertex 55.3684 43.0327 0
      vertex 55.7804 43.4195 0
    endloop
  endfacet
  facet normal 0 0 -1
    outer loop
      vertex 68.9834 23.0099 0
      vertex 54.9112 42.7005 0
      vertex 55.3684 43.0327 0
    endloop
  endfacet
  facet normal 0 0 -1
    outer loop
      vertex 68.9834 23.0099 0
      vertex 54.416 42.4283 0
      vertex 54.9112 42.7005 0
    endloop
  endfacet
  facet normal 0 0 -1
    outer loop
      vertex 68.9834 23.0099 0
      vertex 53.8906 42.2202 0
      vertex 54.416 42.4283 0
    endloop
  endfacet
  facet normal 0 0 -1
    outer loop
      vertex 68.9834 23.0099 0
      vertex 53.3432 42.0797 0
      vertex 53.8906 42.2202 0
    endloop
  endfacet
  facet normal 0 0 -1
    outer loop
      vertex 68.9834 23.0099 0
      vertex 52.7826 42.0089 0
      vertex 53.3432 42.0797 0
    endloop
  endfacet
  facet normal 0 0 -1
    outer loop
      vertex 68.9834 23.0099 0
      vertex 52.2174 42.0089 0
      vertex 52.7826 42.0089 0
    endloop
  endfacet
  facet normal 0 0 -1
    outer loop
      vertex 34.561 23.0099 0
      vertex 52.2174 42.0089 0
      vertex 68.9834 23.0099 0
    endloop
  endfacet
  facet normal -0 0 -1
    outer loop
      vertex 52.2174 42.0089 0
      vertex 34.561 23.0099 0
      vertex 51.6568 42.0797 0
    endloop
  endfacet
  facet normal -0 0 -1
    outer loop
      vertex 51.6568 42.0797 0
      vertex 34.561 23.0099 0
      vertex 51.1094 42.2202 0
    endloop
  endfacet
  facet normal -0 0 -1
    outer loop
      vertex 51.1094 42.2202 0
      vertex 34.561 23.0099 0
      vertex 50.584 42.4283 0
    endloop
  endfacet
  facet normal -0 0 -1
    outer loop
      vertex 50.584 42.4283 0
      vertex 34.561 23.0099 0
      vertex 50.0888 42.7005 0
    endloop
  endfacet
  facet normal -0 0 -1
    outer loop
      vertex 50.0888 42.7005 0
      vertex 34.561 23.0099 0
      vertex 49.6316 43.0327 0
    endloop
  endfacet
  facet normal -0 0 -1
    outer loop
      vertex 48.0355 45.936 0
      vertex 34.561 23.0099 0
      vertex 48 46.5 0
    endloop
  endfacet
  facet normal -0 0 -1
    outer loop
      vertex 48.1414 45.3809 0
      vertex 34.561 23.0099 0
      vertex 48.0355 45.936 0
    endloop
  endfacet
  facet normal -0 0 -1
    outer loop
      vertex 48.316 44.8434 0
      vertex 34.561 23.0099 0
      vertex 48.1414 45.3809 0
    endloop
  endfacet
  facet normal -0 0 -1
    outer loop
      vertex 48.5566 44.3321 0
      vertex 34.561 23.0099 0
      vertex 48.316 44.8434 0
    endloop
  endfacet
  facet normal -0 0 -1
    outer loop
      vertex 48.8594 43.855 0
      vertex 34.561 23.0099 0
      vertex 48.5566 44.3321 0
    endloop
  endfacet
  facet normal -0 0 -1
    outer loop
      vertex 49.2196 43.4195 0
      vertex 34.561 23.0099 0
      vertex 48.8594 43.855 0
    endloop
  endfacet
  facet normal -0 0 -1
    outer loop
      vertex 49.6316 43.0327 0
      vertex 34.561 23.0099 0
      vertex 49.2196 43.4195 0
    endloop
  endfacet
  facet normal 0 0 -1
    outer loop
      vertex -61.486 -34.9766 0
      vertex 34.561 23.0099 0
      vertex 68.9834 23.0099 0
    endloop
  endfacet
  facet normal 0 0 -1
    outer loop
      vertex -74.5 -32 0
      vertex -60.5 -19.2395 0
      vertex -61.486 -34.9766 0
    endloop
  endfacet
  facet normal 0 0 -1
    outer loop
      vertex 34.561 23.0099 0
      vertex -61.486 -34.9766 0
      vertex -60.5 -19.2395 0
    endloop
  endfacet
  facet normal 0 0 -1
    outer loop
      vertex 69.8139 23.0099 0
      vertex 74.5 28 0
      vertex 74.4606 27.3733 0
    endloop
  endfacet
  facet normal 0 0 -1
    outer loop
      vertex 56.9645 45.936 0
      vertex 74.5 50 0
      vertex 74.5 28 0
    endloop
  endfacet
  facet normal 0 0 -1
    outer loop
      vertex 69.8139 23.0099 0
      vertex 74.4606 27.3733 0
      vertex 74.3429 26.7565 0
    endloop
  endfacet
  facet normal 0 -0 -1
    outer loop
      vertex 69.8139 54.9901 0
      vertex 74.5 50 0
      vertex 57 46.5 0
    endloop
  endfacet
  facet normal 0 0 -1
    outer loop
      vertex 69.8139 23.0099 0
      vertex 74.3429 26.7565 0
      vertex 74.1489 26.1594 0
    endloop
  endfacet
  facet normal 0 0 -1
    outer loop
      vertex 74.5 50 0
      vertex 69.8139 54.9901 0
      vertex 74.4606 50.6267 0
    endloop
  endfacet
  facet normal 0 0 -1
    outer loop
      vertex 69.8139 23.0099 0
      vertex 74.1489 26.1594 0
      vertex 73.8815 25.5912 0
    endloop
  endfacet
  facet normal 0 0 -1
    outer loop
      vertex 74.4606 50.6267 0
      vertex 69.8139 54.9901 0
      vertex 74.3429 51.2435 0
    endloop
  endfacet
  facet normal 0 0 -1
    outer loop
      vertex 69.8139 23.0099 0
      vertex 73.8815 25.5912 0
      vertex 73.5451 25.0611 0
    endloop
  endfacet
  facet normal 0 0 -1
    outer loop
      vertex 74.3429 51.2435 0
      vertex 69.8139 54.9901 0
      vertex 74.1489 51.8406 0
    endloop
  endfacet
  facet normal 0 0 -1
    outer loop
      vertex 69.8139 23.0099 0
      vertex 73.5451 25.0611 0
      vertex 73.1448 24.5773 0
    endloop
  endfacet
  facet normal 0 0 -1
    outer loop
      vertex 74.1489 51.8406 0
      vertex 69.8139 54.9901 0
      vertex 73.8815 52.4088 0
    endloop
  endfacet
  facet normal 0 0 -1
    outer loop
      vertex 69.8139 23.0099 0
      vertex 73.1448 24.5773 0
      vertex 72.6871 24.1474 0
    endloop
  endfacet
  facet normal 0 0 -1
    outer loop
      vertex 73.8815 52.4088 0
      vertex 69.8139 54.9901 0
      vertex 73.5451 52.9389 0
    endloop
  endfacet
  facet normal 0 0 -1
    outer loop
      vertex 69.8139 23.0099 0
      vertex 72.6871 24.1474 0
      vertex 72.1791 23.7784 0
    endloop
  endfacet
  facet normal 0 0 -1
    outer loop
      vertex 73.5451 52.9389 0
      vertex 69.8139 54.9901 0
      vertex 73.1448 53.4227 0
    endloop
  endfacet
  facet normal 0 0 -1
    outer loop
      vertex 69.8139 23.0099 0
      vertex 72.1791 23.7784 0
      vertex 71.6289 23.4759 0
    endloop
  endfacet
  facet normal 0 0 -1
    outer loop
      vertex 73.1448 53.4227 0
      vertex 69.8139 54.9901 0
      vertex 72.6871 53.8526 0
    endloop
  endfacet
  facet normal 0 0 -1
    outer loop
      vertex 69.8139 23.0099 0
      vertex 71.6289 23.4759 0
      vertex 71.0451 23.2447 0
    endloop
  endfacet
  facet normal 0 0 -1
    outer loop
      vertex 72.6871 53.8526 0
      vertex 69.8139 54.9901 0
      vertex 72.1791 54.2216 0
    endloop
  endfacet
  facet normal 0 0 -1
    outer loop
      vertex 69.8139 23.0099 0
      vertex 71.0451 23.2447 0
      vertex 70.4369 23.0886 0
    endloop
  endfacet
  facet normal 0 0 -1
    outer loop
      vertex 72.1791 54.2216 0
      vertex 69.8139 54.9901 0
      vertex 71.6289 54.5241 0
    endloop
  endfacet
  facet normal 0 0 -1
    outer loop
      vertex 74.5 28 0
      vertex 69.8139 23.0099 0
      vertex 68.9834 23.0099 0
    endloop
  endfacet
  facet normal 0 0 -1
    outer loop
      vertex 71.6289 54.5241 0
      vertex 69.8139 54.9901 0
      vertex 71.0451 54.7553 0
    endloop
  endfacet
  facet normal 0 0 -1
    outer loop
      vertex 55.3684 43.0327 0
      vertex 74.5 28 0
      vertex 68.9834 23.0099 0
    endloop
  endfacet
  facet normal 0 0 -1
    outer loop
      vertex 71.0451 54.7553 0
      vertex 69.8139 54.9901 0
      vertex 70.4369 54.9114 0
    endloop
  endfacet
  facet normal 0 0 -1
    outer loop
      vertex 56.9645 47.064 0
      vertex 69.8139 54.9901 0
      vertex 57 46.5 0
    endloop
  endfacet
  facet normal 0 0 -1
    outer loop
      vertex 56.8586 47.6191 0
      vertex 69.8139 54.9901 0
      vertex 56.9645 47.064 0
    endloop
  endfacet
  facet normal 0 0 -1
    outer loop
      vertex 56.684 48.1566 0
      vertex 69.8139 54.9901 0
      vertex 56.8586 47.6191 0
    endloop
  endfacet
  facet normal 0 0 -1
    outer loop
      vertex 56.4434 48.6679 0
      vertex 69.8139 54.9901 0
      vertex 56.684 48.1566 0
    endloop
  endfacet
  facet normal 0 0 -1
    outer loop
      vertex 56.1406 49.145 0
      vertex 69.8139 54.9901 0
      vertex 56.4434 48.6679 0
    endloop
  endfacet
  facet normal 0 0 -1
    outer loop
      vertex 55.7804 49.5805 0
      vertex 69.8139 54.9901 0
      vertex 56.1406 49.145 0
    endloop
  endfacet
  facet normal 0 0 -1
    outer loop
      vertex 55.3684 49.9673 0
      vertex 69.8139 54.9901 0
      vertex 55.7804 49.5805 0
    endloop
  endfacet
  facet normal 0 0 -1
    outer loop
      vertex 54.9112 50.2995 0
      vertex 69.8139 54.9901 0
      vertex 55.3684 49.9673 0
    endloop
  endfacet
  facet normal 0 0 -1
    outer loop
      vertex 54.416 50.5717 0
      vertex 69.8139 54.9901 0
      vertex 54.9112 50.2995 0
    endloop
  endfacet
  facet normal 0 0 -1
    outer loop
      vertex 53.8906 50.7798 0
      vertex 69.8139 54.9901 0
      vertex 54.416 50.5717 0
    endloop
  endfacet
  facet normal 0 0 -1
    outer loop
      vertex 53.3432 50.9203 0
      vertex 69.8139 54.9901 0
      vertex 53.8906 50.7798 0
    endloop
  endfacet
  facet normal 0 0 -1
    outer loop
      vertex 52.7826 50.9911 0
      vertex 69.8139 54.9901 0
      vertex 53.3432 50.9203 0
    endloop
  endfacet
  facet normal 0 0 -1
    outer loop
      vertex 52.2174 50.9911 0
      vertex 69.8139 54.9901 0
      vertex 52.7826 50.9911 0
    endloop
  endfacet
  facet normal 0 0 -1
    outer loop
      vertex 51.6568 50.9203 0
      vertex 69.8139 54.9901 0
      vertex 52.2174 50.9911 0
    endloop
  endfacet
  facet normal 0 0 -1
    outer loop
      vertex 34.561 23.0099 0
      vertex 48.0355 47.064 0
      vertex 48 46.5 0
    endloop
  endfacet
  facet normal 0 0 -1
    outer loop
      vertex 34.561 23.0099 0
      vertex 48.1414 47.6191 0
      vertex 48.0355 47.064 0
    endloop
  endfacet
  facet normal 0 0 -1
    outer loop
      vertex -48.1414 47.6191 0
      vertex 48.1414 47.6191 0
      vertex 34.561 23.0099 0
    endloop
  endfacet
  facet normal 0 0 -1
    outer loop
      vertex 48.1414 47.6191 0
      vertex -48.1414 47.6191 0
      vertex 48.316 48.1566 0
    endloop
  endfacet
  facet normal 0 0 -1
    outer loop
      vertex -48.0355 47.064 0
      vertex 34.561 23.0099 0
      vertex -48 46.5 0
    endloop
  endfacet
  facet normal 0 0 -1
    outer loop
      vertex -48.1414 47.6191 0
      vertex 34.561 23.0099 0
      vertex -48.0355 47.064 0
    endloop
  endfacet
  facet normal 0 0 -1
    outer loop
      vertex -48.316 48.1566 0
      vertex 48.316 48.1566 0
      vertex -48.1414 47.6191 0
    endloop
  endfacet
  facet normal 0 0 -1
    outer loop
      vertex 48.316 48.1566 0
      vertex -48.316 48.1566 0
      vertex 48.5566 48.6679 0
    endloop
  endfacet
  facet normal 0 0 -1
    outer loop
      vertex -48.5566 48.6679 0
      vertex 48.5566 48.6679 0
      vertex -48.316 48.1566 0
    endloop
  endfacet
  facet normal 0 0 -1
    outer loop
      vertex 48.5566 48.6679 0
      vertex -48.5566 48.6679 0
      vertex 48.8594 49.145 0
    endloop
  endfacet
  facet normal 0 0 -1
    outer loop
      vertex -48.8594 49.145 0
      vertex 48.8594 49.145 0
      vertex -48.5566 48.6679 0
    endloop
  endfacet
  facet normal 0 0 -1
    outer loop
      vertex 48.8594 49.145 0
      vertex -48.8594 49.145 0
      vertex 49.2196 49.5805 0
    endloop
  endfacet
  facet normal 0 0 -1
    outer loop
      vertex -49.2196 49.5805 0
      vertex 49.2196 49.5805 0
      vertex -48.8594 49.145 0
    endloop
  endfacet
  facet normal 0 0 -1
    outer loop
      vertex 49.2196 49.5805 0
      vertex -49.2196 49.5805 0
      vertex 49.6316 49.9673 0
    endloop
  endfacet
  facet normal 0 0 -1
    outer loop
      vertex -49.6316 49.9673 0
      vertex 49.6316 49.9673 0
      vertex -49.2196 49.5805 0
    endloop
  endfacet
  facet normal 0 0 -1
    outer loop
      vertex 49.6316 49.9673 0
      vertex -49.6316 49.9673 0
      vertex 50.0888 50.2995 0
    endloop
  endfacet
  facet normal 0 0 -1
    outer loop
      vertex -50.0888 50.2995 0
      vertex 50.0888 50.2995 0
      vertex -49.6316 49.9673 0
    endloop
  endfacet
  facet normal 0 0 -1
    outer loop
      vertex 50.0888 50.2995 0
      vertex -50.0888 50.2995 0
      vertex 50.584 50.5717 0
    endloop
  endfacet
  facet normal 0 0 -1
    outer loop
      vertex -50.584 50.5717 0
      vertex 50.584 50.5717 0
      vertex -50.0888 50.2995 0
    endloop
  endfacet
  facet normal 0 0 -1
    outer loop
      vertex 50.584 50.5717 0
      vertex -50.584 50.5717 0
      vertex 51.1094 50.7798 0
    endloop
  endfacet
  facet normal 0 0 -1
    outer loop
      vertex -51.1094 50.7798 0
      vertex 51.1094 50.7798 0
      vertex -50.584 50.5717 0
    endloop
  endfacet
  facet normal 0 0 -1
    outer loop
      vertex 51.1094 50.7798 0
      vertex -51.1094 50.7798 0
      vertex 51.6568 50.9203 0
    endloop
  endfacet
  facet normal 0 0 -1
    outer loop
      vertex -51.6568 50.9203 0
      vertex 51.6568 50.9203 0
      vertex -51.1094 50.7798 0
    endloop
  endfacet
  facet normal 0 0 -1
    outer loop
      vertex 51.6568 50.9203 0
      vertex -51.6568 50.9203 0
      vertex 69.8139 54.9901 0
    endloop
  endfacet
  facet normal 0 0 -1
    outer loop
      vertex -69.8139 54.9901 0
      vertex -51.6568 50.9203 0
      vertex -52.2174 50.9911 0
    endloop
  endfacet
  facet normal 0 0 -1
    outer loop
      vertex -69.8139 54.9901 0
      vertex -52.2174 50.9911 0
      vertex -52.7826 50.9911 0
    endloop
  endfacet
  facet normal 0 0 -1
    outer loop
      vertex -56.9645 45.936 0
      vertex -74.5 50 0
      vertex -57 46.5 0
    endloop
  endfacet
  facet normal 0 0 -1
    outer loop
      vertex -65.1861 -36.9901 0
      vertex -61.486 -34.9766 0
      vertex -61.8552 -35.4227 0
    endloop
  endfacet
  facet normal 0 0 -1
    outer loop
      vertex -65.1861 -36.9901 0
      vertex -61.8552 -35.4227 0
      vertex -62.3129 -35.8526 0
    endloop
  endfacet
  facet normal 0 0 -1
    outer loop
      vertex -65.1861 -36.9901 0
      vertex -62.3129 -35.8526 0
      vertex -62.8209 -36.2216 0
    endloop
  endfacet
  facet normal 0 0 -1
    outer loop
      vertex -65.1861 -36.9901 0
      vertex -62.8209 -36.2216 0
      vertex -63.3711 -36.5241 0
    endloop
  endfacet
  facet normal 0 0 -1
    outer loop
      vertex -65.1861 -36.9901 0
      vertex -63.3711 -36.5241 0
      vertex -63.9549 -36.7553 0
    endloop
  endfacet
  facet normal 0 0 -1
    outer loop
      vertex -65.1861 -36.9901 0
      vertex -63.9549 -36.7553 0
      vertex -64.5631 -36.9114 0
    endloop
  endfacet
  facet normal -0 0 -1
    outer loop
      vertex -61.486 -34.9766 0
      vertex -65.1861 -36.9901 0
      vertex -74.5 -32 0
    endloop
  endfacet
  facet normal 0 0 -1
    outer loop
      vertex -74.5 -32 0
      vertex -65.1861 -36.9901 0
      vertex -69.8139 -36.9901 0
    endloop
  endfacet
  facet normal -0 0 -1
    outer loop
      vertex -60.5 -19.2395 0
      vertex -74.5 -32 0
      vertex -60.5 23.0099 0
    endloop
  endfacet
  facet normal 0 0 -1
    outer loop
      vertex -51.6568 50.9203 0
      vertex -69.8139 54.9901 0
      vertex 69.8139 54.9901 0
    endloop
  endfacet
  facet normal 0 0 -1
    outer loop
      vertex -53.3432 50.9203 0
      vertex -69.8139 54.9901 0
      vertex -52.7826 50.9911 0
    endloop
  endfacet
  facet normal 0 0 -1
    outer loop
      vertex -53.8906 50.7798 0
      vertex -69.8139 54.9901 0
      vertex -53.3432 50.9203 0
    endloop
  endfacet
  facet normal 0 0 -1
    outer loop
      vertex -54.416 50.5717 0
      vertex -69.8139 54.9901 0
      vertex -53.8906 50.7798 0
    endloop
  endfacet
  facet normal 0 0 -1
    outer loop
      vertex -54.9112 50.2995 0
      vertex -69.8139 54.9901 0
      vertex -54.416 50.5717 0
    endloop
  endfacet
  facet normal 0 0 -1
    outer loop
      vertex -55.3684 49.9673 0
      vertex -69.8139 54.9901 0
      vertex -54.9112 50.2995 0
    endloop
  endfacet
  facet normal 0 0 -1
    outer loop
      vertex -55.7804 49.5805 0
      vertex -69.8139 54.9901 0
      vertex -55.3684 49.9673 0
    endloop
  endfacet
  facet normal 0 0 -1
    outer loop
      vertex -56.1406 49.145 0
      vertex -69.8139 54.9901 0
      vertex -55.7804 49.5805 0
    endloop
  endfacet
  facet normal 0 0 -1
    outer loop
      vertex -56.4434 48.6679 0
      vertex -69.8139 54.9901 0
      vertex -56.1406 49.145 0
    endloop
  endfacet
  facet normal 0 0 -1
    outer loop
      vertex -56.684 48.1566 0
      vertex -69.8139 54.9901 0
      vertex -56.4434 48.6679 0
    endloop
  endfacet
  facet normal 0 0 -1
    outer loop
      vertex -56.8586 47.6191 0
      vertex -69.8139 54.9901 0
      vertex -56.684 48.1566 0
    endloop
  endfacet
  facet normal 0 0 -1
    outer loop
      vertex -56.9645 47.064 0
      vertex -69.8139 54.9901 0
      vertex -56.8586 47.6191 0
    endloop
  endfacet
  facet normal 0 0 -1
    outer loop
      vertex -74.5 50 0
      vertex -60.5 23.0099 0
      vertex -74.5 -32 0
    endloop
  endfacet
  facet normal 0 0 -1
    outer loop
      vertex -74.5 -32 0
      vertex -69.8139 -36.9901 0
      vertex -70.4369 -36.9114 0
    endloop
  endfacet
  facet normal 0 -0 -1
    outer loop
      vertex -69.8139 54.9901 0
      vertex -57 46.5 0
      vertex -74.5 50 0
    endloop
  endfacet
  facet normal 0 0 -1
    outer loop
      vertex -74.5 -32 0
      vertex -70.4369 -36.9114 0
      vertex -71.0451 -36.7553 0
    endloop
  endfacet
  facet normal 0 0 -1
    outer loop
      vertex -57 46.5 0
      vertex -69.8139 54.9901 0
      vertex -56.9645 47.064 0
    endloop
  endfacet
  facet normal 0 0 -1
    outer loop
      vertex -74.5 -32 0
      vertex -71.0451 -36.7553 0
      vertex -71.6289 -36.5241 0
    endloop
  endfacet
  facet normal 0 0 -1
    outer loop
      vertex -69.8139 54.9901 0
      vertex -74.5 50 0
      vertex -70.4369 54.9114 0
    endloop
  endfacet
  facet normal 0 0 -1
    outer loop
      vertex -74.5 -32 0
      vertex -71.6289 -36.5241 0
      vertex -72.1791 -36.2216 0
    endloop
  endfacet
  facet normal 0 0 -1
    outer loop
      vertex -70.4369 54.9114 0
      vertex -74.5 50 0
      vertex -71.0451 54.7553 0
    endloop
  endfacet
  facet normal 0 0 -1
    outer loop
      vertex -74.5 -32 0
      vertex -72.1791 -36.2216 0
      vertex -72.6871 -35.8526 0
    endloop
  endfacet
  facet normal 0 0 -1
    outer loop
      vertex -71.0451 54.7553 0
      vertex -74.5 50 0
      vertex -71.6289 54.5241 0
    endloop
  endfacet
  facet normal 0 0 -1
    outer loop
      vertex -74.5 -32 0
      vertex -72.6871 -35.8526 0
      vertex -73.1448 -35.4227 0
    endloop
  endfacet
  facet normal 0 0 -1
    outer loop
      vertex -71.6289 54.5241 0
      vertex -74.5 50 0
      vertex -72.1791 54.2216 0
    endloop
  endfacet
  facet normal 0 0 -1
    outer loop
      vertex -74.5 -32 0
      vertex -73.1448 -35.4227 0
      vertex -73.5451 -34.9389 0
    endloop
  endfacet
  facet normal 0 0 -1
    outer loop
      vertex -72.1791 54.2216 0
      vertex -74.5 50 0
      vertex -72.6871 53.8526 0
    endloop
  endfacet
  facet normal 0 0 -1
    outer loop
      vertex -74.5 -32 0
      vertex -73.5451 -34.9389 0
      vertex -73.8815 -34.4088 0
    endloop
  endfacet
  facet normal 0 0 -1
    outer loop
      vertex -72.6871 53.8526 0
      vertex -74.5 50 0
      vertex -73.1448 53.4227 0
    endloop
  endfacet
  facet normal 0 0 -1
    outer loop
      vertex -74.5 -32 0
      vertex -73.8815 -34.4088 0
      vertex -74.1489 -33.8406 0
    endloop
  endfacet
  facet normal 0 0 -1
    outer loop
      vertex -73.1448 53.4227 0
      vertex -74.5 50 0
      vertex -73.5451 52.9389 0
    endloop
  endfacet
  facet normal 0 0 -1
    outer loop
      vertex -74.5 -32 0
      vertex -74.1489 -33.8406 0
      vertex -74.3429 -33.2435 0
    endloop
  endfacet
  facet normal 0 0 -1
    outer loop
      vertex -73.5451 52.9389 0
      vertex -74.5 50 0
      vertex -73.8815 52.4088 0
    endloop
  endfacet
  facet normal 0 0 -1
    outer loop
      vertex -74.5 -32 0
      vertex -74.3429 -33.2435 0
      vertex -74.4606 -32.6267 0
    endloop
  endfacet
  facet normal 0 0 -1
    outer loop
      vertex -73.8815 52.4088 0
      vertex -74.5 50 0
      vertex -74.1489 51.8406 0
    endloop
  endfacet
  facet normal 0 0 -1
    outer loop
      vertex -74.1489 51.8406 0
      vertex -74.5 50 0
      vertex -74.3429 51.2435 0
    endloop
  endfacet
  facet normal 0 0 -1
    outer loop
      vertex -74.3429 51.2435 0
      vertex -74.5 50 0
      vertex -74.4606 50.6267 0
    endloop
  endfacet
  facet normal 0.770462 -0.637486 0
    outer loop
      vertex 73.1448 24.5773 14
      vertex 73.5451 25.0611 0
      vertex 73.5451 25.0611 14
    endloop
  endfacet
  facet normal 0.770462 -0.637486 0
    outer loop
      vertex 73.5451 25.0611 0
      vertex 73.1448 24.5773 14
      vertex 73.1448 24.5773 0
    endloop
  endfacet
  facet normal 0.951061 -0.309003 0
    outer loop
      vertex 74.1489 26.1594 14
      vertex 74.3429 26.7565 0
      vertex 74.3429 26.7565 14
    endloop
  endfacet
  facet normal 0.951061 -0.309003 0
    outer loop
      vertex 74.3429 26.7565 0
      vertex 74.1489 26.1594 14
      vertex 74.1489 26.1594 0
    endloop
  endfacet
  facet normal 0.982276 0.187441 0
    outer loop
      vertex 74.4606 50.6267 3
      vertex 74.3429 51.2435 0
      vertex 74.3429 51.2435 3
    endloop
  endfacet
  facet normal 0.982276 0.187441 0
    outer loop
      vertex 74.3429 51.2435 0
      vertex 74.4606 50.6267 3
      vertex 74.4606 50.6267 0
    endloop
  endfacet
  facet normal 0.99803 0.0627451 0
    outer loop
      vertex 74.5 50 3
      vertex 74.4606 50.6267 0
      vertex 74.4606 50.6267 3
    endloop
  endfacet
  facet normal 0.99803 0.0627451 0
    outer loop
      vertex 74.4606 50.6267 0
      vertex 74.5 50 3
      vertex 74.5 50 0
    endloop
  endfacet
  facet normal 0.904811 0.425812 0
    outer loop
      vertex 74.1489 51.8406 3
      vertex 73.8815 52.4088 0
      vertex 73.8815 52.4088 3
    endloop
  endfacet
  facet normal 0.904811 0.425812 0
    outer loop
      vertex 73.8815 52.4088 0
      vertex 74.1489 51.8406 3
      vertex 74.1489 51.8406 0
    endloop
  endfacet
  facet normal 0.844336 0.535814 0
    outer loop
      vertex 73.8815 52.4088 3
      vertex 73.5451 52.9389 0
      vertex 73.5451 52.9389 3
    endloop
  endfacet
  facet normal 0.844336 0.535814 0
    outer loop
      vertex 73.5451 52.9389 0
      vertex 73.8815 52.4088 3
      vertex 73.8815 52.4088 0
    endloop
  endfacet
  facet normal 0.684624 0.728896 -0
    outer loop
      vertex 73.1448 53.4227 0
      vertex 72.6871 53.8526 3
      vertex 73.1448 53.4227 3
    endloop
  endfacet
  facet normal 0.684624 0.728896 0
    outer loop
      vertex 72.6871 53.8526 3
      vertex 73.1448 53.4227 0
      vertex 72.6871 53.8526 0
    endloop
  endfacet
  facet normal 0.368203 0.929745 -0
    outer loop
      vertex 71.6289 54.5241 0
      vertex 71.0451 54.7553 3
      vertex 71.6289 54.5241 3
    endloop
  endfacet
  facet normal 0.368203 0.929745 0
    outer loop
      vertex 71.0451 54.7553 3
      vertex 71.6289 54.5241 0
      vertex 71.0451 54.7553 0
    endloop
  endfacet
  facet normal -0.770462 0.637486 0
    outer loop
      vertex -73.5451 52.9389 0
      vertex -73.1448 53.4227 3
      vertex -73.1448 53.4227 0
    endloop
  endfacet
  facet normal -0.770462 0.637486 0
    outer loop
      vertex -73.1448 53.4227 3
      vertex -73.5451 52.9389 0
      vertex -73.5451 52.9389 3
    endloop
  endfacet
  facet normal -0.248601 0.968606 0
    outer loop
      vertex -70.4369 54.9114 0
      vertex -71.0451 54.7553 3
      vertex -70.4369 54.9114 3
    endloop
  endfacet
  facet normal -0.248601 0.968606 0
    outer loop
      vertex -71.0451 54.7553 3
      vertex -70.4369 54.9114 0
      vertex -71.0451 54.7553 0
    endloop
  endfacet
  facet normal -0.684624 0.728896 0
    outer loop
      vertex -72.6871 53.8526 0
      vertex -73.1448 53.4227 3
      vertex -72.6871 53.8526 3
    endloop
  endfacet
  facet normal -0.684624 0.728896 0
    outer loop
      vertex -73.1448 53.4227 3
      vertex -72.6871 53.8526 0
      vertex -73.1448 53.4227 0
    endloop
  endfacet
  facet normal 0.368203 -0.929745 0
    outer loop
      vertex 71.0451 23.2447 0
      vertex 71.6289 23.4759 14
      vertex 71.0451 23.2447 14
    endloop
  endfacet
  facet normal 0.368203 -0.929745 0
    outer loop
      vertex 71.6289 23.4759 14
      vertex 71.0451 23.2447 0
      vertex 71.6289 23.4759 0
    endloop
  endfacet
  facet normal 0.844336 -0.535814 0
    outer loop
      vertex 73.5451 25.0611 14
      vertex 73.8815 25.5912 0
      vertex 73.8815 25.5912 14
    endloop
  endfacet
  facet normal 0.844336 -0.535814 0
    outer loop
      vertex 73.8815 25.5912 0
      vertex 73.5451 25.0611 14
      vertex 73.5451 25.0611 0
    endloop
  endfacet
  facet normal 0.587698 0.80908 -0
    outer loop
      vertex 72.6871 53.8526 0
      vertex 72.1791 54.2216 3
      vertex 72.6871 53.8526 3
    endloop
  endfacet
  facet normal 0.587698 0.80908 0
    outer loop
      vertex 72.1791 54.2216 3
      vertex 72.6871 53.8526 0
      vertex 72.1791 54.2216 0
    endloop
  endfacet
  facet normal -0.99803 0.0627451 0
    outer loop
      vertex -74.5 50 0
      vertex -74.4606 50.6267 3
      vertex -74.4606 50.6267 0
    endloop
  endfacet
  facet normal -0.99803 0.0627451 0
    outer loop
      vertex -74.4606 50.6267 3
      vertex -74.5 50 0
      vertex -74.5 50 3
    endloop
  endfacet
  facet normal -0.982276 0.187441 0
    outer loop
      vertex -74.4606 50.6267 0
      vertex -74.3429 51.2435 3
      vertex -74.3429 51.2435 0
    endloop
  endfacet
  facet normal -0.982276 0.187441 0
    outer loop
      vertex -74.3429 51.2435 3
      vertex -74.4606 50.6267 0
      vertex -74.4606 50.6267 3
    endloop
  endfacet
  facet normal -0.951061 0.309003 0
    outer loop
      vertex -74.3429 51.2435 0
      vertex -74.1489 51.8406 3
      vertex -74.1489 51.8406 0
    endloop
  endfacet
  facet normal -0.951061 0.309003 0
    outer loop
      vertex -74.1489 51.8406 3
      vertex -74.3429 51.2435 0
      vertex -74.3429 51.2435 3
    endloop
  endfacet
  facet normal -0.844336 0.535814 0
    outer loop
      vertex -73.8815 52.4088 0
      vertex -73.5451 52.9389 3
      vertex -73.5451 52.9389 0
    endloop
  endfacet
  facet normal -0.844336 0.535814 0
    outer loop
      vertex -73.5451 52.9389 3
      vertex -73.8815 52.4088 0
      vertex -73.8815 52.4088 3
    endloop
  endfacet
  facet normal -0.125328 0.992115 0
    outer loop
      vertex -69.8139 54.9901 0
      vertex -70.4369 54.9114 3
      vertex -69.8139 54.9901 3
    endloop
  endfacet
  facet normal -0.125328 0.992115 0
    outer loop
      vertex -70.4369 54.9114 3
      vertex -69.8139 54.9901 0
      vertex -70.4369 54.9114 0
    endloop
  endfacet
  facet normal -0.587698 0.80908 0
    outer loop
      vertex -72.1791 54.2216 0
      vertex -72.6871 53.8526 3
      vertex -72.1791 54.2216 3
    endloop
  endfacet
  facet normal -0.587698 0.80908 0
    outer loop
      vertex -72.6871 53.8526 3
      vertex -72.1791 54.2216 0
      vertex -72.6871 53.8526 0
    endloop
  endfacet
  facet normal -0.481784 0.87629 0
    outer loop
      vertex -71.6289 54.5241 0
      vertex -72.1791 54.2216 3
      vertex -71.6289 54.5241 3
    endloop
  endfacet
  facet normal -0.481784 0.87629 0
    outer loop
      vertex -72.1791 54.2216 3
      vertex -71.6289 54.5241 0
      vertex -72.1791 54.2216 0
    endloop
  endfacet
  facet normal 0.684624 -0.728896 0
    outer loop
      vertex 72.6871 24.1474 0
      vertex 73.1448 24.5773 14
      vertex 72.6871 24.1474 14
    endloop
  endfacet
  facet normal 0.684624 -0.728896 0
    outer loop
      vertex 73.1448 24.5773 14
      vertex 72.6871 24.1474 0
      vertex 73.1448 24.5773 0
    endloop
  endfacet
  facet normal 0.248601 -0.968606 0
    outer loop
      vertex 70.4369 23.0886 0
      vertex 71.0451 23.2447 14
      vertex 70.4369 23.0886 14
    endloop
  endfacet
  facet normal 0.248601 -0.968606 0
    outer loop
      vertex 71.0451 23.2447 14
      vertex 70.4369 23.0886 0
      vertex 71.0451 23.2447 0
    endloop
  endfacet
  facet normal 0.904811 -0.425812 0
    outer loop
      vertex 73.8815 25.5912 14
      vertex 74.1489 26.1594 0
      vertex 74.1489 26.1594 14
    endloop
  endfacet
  facet normal 0.904811 -0.425812 0
    outer loop
      vertex 74.1489 26.1594 0
      vertex 73.8815 25.5912 14
      vertex 73.8815 25.5912 0
    endloop
  endfacet
  facet normal 0.248601 0.968606 -0
    outer loop
      vertex 71.0451 54.7553 0
      vertex 70.4369 54.9114 3
      vertex 71.0451 54.7553 3
    endloop
  endfacet
  facet normal 0.248601 0.968606 0
    outer loop
      vertex 70.4369 54.9114 3
      vertex 71.0451 54.7553 0
      vertex 70.4369 54.9114 0
    endloop
  endfacet
  facet normal 0.587698 -0.80908 0
    outer loop
      vertex 72.1791 23.7784 0
      vertex 72.6871 24.1474 14
      vertex 72.1791 23.7784 14
    endloop
  endfacet
  facet normal 0.587698 -0.80908 0
    outer loop
      vertex 72.6871 24.1474 14
      vertex 72.1791 23.7784 0
      vertex 72.6871 24.1474 0
    endloop
  endfacet
  facet normal 1 0 0
    outer loop
      vertex -60.5 23.0099 14
      vertex -60.5 18.5929 7.22605
      vertex -60.5 23.0099 0
    endloop
  endfacet
  facet normal 1 0 0
    outer loop
      vertex -60.5 23.0099 14
      vertex -60.5 18.5362 7.67457
      vertex -60.5 18.5929 7.22605
    endloop
  endfacet
  facet normal 1 0 0
    outer loop
      vertex -60.5 23.0099 14
      vertex -60.5 18.4238 8.11246
      vertex -60.5 18.5362 7.67457
    endloop
  endfacet
  facet normal 1 0 0
    outer loop
      vertex -60.5 23.0099 14
      vertex -60.5 18.2574 8.53281
      vertex -60.5 18.4238 8.11246
    endloop
  endfacet
  facet normal 1 0 0
    outer loop
      vertex -60.5 23.0099 14
      vertex -60.5 18.0396 8.92898
      vertex -60.5 18.2574 8.53281
    endloop
  endfacet
  facet normal 1 0 0
    outer loop
      vertex -60.5 23.0099 14
      vertex -60.5 17.7738 9.29473
      vertex -60.5 18.0396 8.92898
    endloop
  endfacet
  facet normal 1 0 0
    outer loop
      vertex -60.5 23.0099 14
      vertex -60.5 17.4644 9.62429
      vertex -60.5 17.7738 9.29473
    endloop
  endfacet
  facet normal 1 0 0
    outer loop
      vertex -60.5 23.0099 14
      vertex -60.5 17.116 9.91246
      vertex -60.5 17.4644 9.62429
    endloop
  endfacet
  facet normal 1 0 0
    outer loop
      vertex -60.5 23.0099 14
      vertex -60.5 16.7343 10.1547
      vertex -60.5 17.116 9.91246
    endloop
  endfacet
  facet normal 1 0 0
    outer loop
      vertex -60.5 23.0099 14
      vertex -60.5 16.3252 10.3472
      vertex -60.5 16.7343 10.1547
    endloop
  endfacet
  facet normal 1 0 0
    outer loop
      vertex -60.5 23.0099 14
      vertex -60.5 15.8953 10.4869
      vertex -60.5 16.3252 10.3472
    endloop
  endfacet
  facet normal 1 0 0
    outer loop
      vertex -60.5 23.0099 14
      vertex -60.5 15.4512 10.5716
      vertex -60.5 15.8953 10.4869
    endloop
  endfacet
  facet normal 1 0 0
    outer loop
      vertex -60.5 23.0099 14
      vertex -60.5 15 10.6
      vertex -60.5 15.4512 10.5716
    endloop
  endfacet
  facet normal 1 0 0
    outer loop
      vertex -60.5 23.0099 14
      vertex -60.5 14.5488 10.5716
      vertex -60.5 15 10.6
    endloop
  endfacet
  facet normal 1 0 0
    outer loop
      vertex -60.5 23.0099 14
      vertex -60.5 14.1047 10.4869
      vertex -60.5 14.5488 10.5716
    endloop
  endfacet
  facet normal 1 -0 0
    outer loop
      vertex -60.5 -19.2395 14
      vertex -60.5 14.1047 10.4869
      vertex -60.5 23.0099 14
    endloop
  endfacet
  facet normal 1 0 0
    outer loop
      vertex -60.5 11.4071 7.22605
      vertex -60.5 -19.2395 14
      vertex -60.5 11.4071 6.77395
    endloop
  endfacet
  facet normal 1 0 0
    outer loop
      vertex -60.5 11.4638 7.67457
      vertex -60.5 -19.2395 14
      vertex -60.5 11.4071 7.22605
    endloop
  endfacet
  facet normal 1 0 0
    outer loop
      vertex -60.5 11.5762 8.11246
      vertex -60.5 -19.2395 14
      vertex -60.5 11.4638 7.67457
    endloop
  endfacet
  facet normal 1 0 0
    outer loop
      vertex -60.5 11.7426 8.53281
      vertex -60.5 -19.2395 14
      vertex -60.5 11.5762 8.11246
    endloop
  endfacet
  facet normal 1 0 0
    outer loop
      vertex -60.5 11.9604 8.92898
      vertex -60.5 -19.2395 14
      vertex -60.5 11.7426 8.53281
    endloop
  endfacet
  facet normal 1 0 0
    outer loop
      vertex -60.5 12.2262 9.29473
      vertex -60.5 -19.2395 14
      vertex -60.5 11.9604 8.92898
    endloop
  endfacet
  facet normal 1 0 0
    outer loop
      vertex -60.5 12.5356 9.62429
      vertex -60.5 -19.2395 14
      vertex -60.5 12.2262 9.29473
    endloop
  endfacet
  facet normal 1 0 0
    outer loop
      vertex -60.5 12.884 9.91246
      vertex -60.5 -19.2395 14
      vertex -60.5 12.5356 9.62429
    endloop
  endfacet
  facet normal 1 0 0
    outer loop
      vertex -60.5 13.2657 10.1547
      vertex -60.5 -19.2395 14
      vertex -60.5 12.884 9.91246
    endloop
  endfacet
  facet normal 1 0 0
    outer loop
      vertex -60.5 13.6748 10.3472
      vertex -60.5 -19.2395 14
      vertex -60.5 13.2657 10.1547
    endloop
  endfacet
  facet normal 1 0 0
    outer loop
      vertex -60.5 14.1047 10.4869
      vertex -60.5 -19.2395 14
      vertex -60.5 13.6748 10.3472
    endloop
  endfacet
  facet normal 1 -0 0
    outer loop
      vertex -60.5 18.5929 6.77395
      vertex -60.5 23.0099 0
      vertex -60.5 18.5929 7.22605
    endloop
  endfacet
  facet normal 1 -0 0
    outer loop
      vertex -60.5 18.5362 6.32543
      vertex -60.5 23.0099 0
      vertex -60.5 18.5929 6.77395
    endloop
  endfacet
  facet normal 1 -0 0
    outer loop
      vertex -60.5 18.4238 5.88754
      vertex -60.5 23.0099 0
      vertex -60.5 18.5362 6.32543
    endloop
  endfacet
  facet normal 1 -0 0
    outer loop
      vertex -60.5 18.2574 5.46719
      vertex -60.5 23.0099 0
      vertex -60.5 18.4238 5.88754
    endloop
  endfacet
  facet normal 1 -0 0
    outer loop
      vertex -60.5 18.0396 5.07102
      vertex -60.5 23.0099 0
      vertex -60.5 18.2574 5.46719
    endloop
  endfacet
  facet normal 1 -0 0
    outer loop
      vertex -60.5 17.7738 4.70527
      vertex -60.5 23.0099 0
      vertex -60.5 18.0396 5.07102
    endloop
  endfacet
  facet normal 1 -0 0
    outer loop
      vertex -60.5 17.4644 4.37571
      vertex -60.5 23.0099 0
      vertex -60.5 17.7738 4.70527
    endloop
  endfacet
  facet normal 1 -0 0
    outer loop
      vertex -60.5 17.116 4.08754
      vertex -60.5 23.0099 0
      vertex -60.5 17.4644 4.37571
    endloop
  endfacet
  facet normal 1 -0 0
    outer loop
      vertex -60.5 16.7343 3.8453
      vertex -60.5 23.0099 0
      vertex -60.5 17.116 4.08754
    endloop
  endfacet
  facet normal 1 -0 0
    outer loop
      vertex -60.5 16.3252 3.65281
      vertex -60.5 23.0099 0
      vertex -60.5 16.7343 3.8453
    endloop
  endfacet
  facet normal 1 -0 0
    outer loop
      vertex -60.5 15.8953 3.5131
      vertex -60.5 23.0099 0
      vertex -60.5 16.3252 3.65281
    endloop
  endfacet
  facet normal 1 -0 0
    outer loop
      vertex -60.5 15.4512 3.42839
      vertex -60.5 23.0099 0
      vertex -60.5 15.8953 3.5131
    endloop
  endfacet
  facet normal 1 -0 0
    outer loop
      vertex -60.5 15 3.4
      vertex -60.5 23.0099 0
      vertex -60.5 15.4512 3.42839
    endloop
  endfacet
  facet normal 1 0 0
    outer loop
      vertex -60.5 14.5488 3.42839
      vertex -60.5 23.0099 0
      vertex -60.5 15 3.4
    endloop
  endfacet
  facet normal 1 0 0
    outer loop
      vertex -60.5 14.1047 3.5131
      vertex -60.5 23.0099 0
      vertex -60.5 14.5488 3.42839
    endloop
  endfacet
  facet normal 1 0 0
    outer loop
      vertex -60.5 -19.2395 0
      vertex -60.5 14.1047 3.5131
      vertex -60.5 13.6748 3.65281
    endloop
  endfacet
  facet normal 1 0 0
    outer loop
      vertex -60.5 -19.2395 0
      vertex -60.5 11.4071 6.77395
      vertex -60.5 -19.2395 14
    endloop
  endfacet
  facet normal 1 0 0
    outer loop
      vertex -60.5 11.4071 6.77395
      vertex -60.5 -19.2395 0
      vertex -60.5 11.4638 6.32543
    endloop
  endfacet
  facet normal 1 0 0
    outer loop
      vertex -60.5 11.4638 6.32543
      vertex -60.5 -19.2395 0
      vertex -60.5 11.5762 5.88754
    endloop
  endfacet
  facet normal 1 0 0
    outer loop
      vertex -60.5 11.5762 5.88754
      vertex -60.5 -19.2395 0
      vertex -60.5 11.7426 5.46719
    endloop
  endfacet
  facet normal 1 0 0
    outer loop
      vertex -60.5 11.7426 5.46719
      vertex -60.5 -19.2395 0
      vertex -60.5 11.9604 5.07102
    endloop
  endfacet
  facet normal 1 0 0
    outer loop
      vertex -60.5 11.9604 5.07102
      vertex -60.5 -19.2395 0
      vertex -60.5 12.2262 4.70527
    endloop
  endfacet
  facet normal 1 0 0
    outer loop
      vertex -60.5 12.2262 4.70527
      vertex -60.5 -19.2395 0
      vertex -60.5 12.5356 4.37571
    endloop
  endfacet
  facet normal 1 0 0
    outer loop
      vertex -60.5 12.5356 4.37571
      vertex -60.5 -19.2395 0
      vertex -60.5 12.884 4.08754
    endloop
  endfacet
  facet normal 1 0 0
    outer loop
      vertex -60.5 12.884 4.08754
      vertex -60.5 -19.2395 0
      vertex -60.5 13.2657 3.8453
    endloop
  endfacet
  facet normal 1 0 0
    outer loop
      vertex -60.5 13.2657 3.8453
      vertex -60.5 -19.2395 0
      vertex -60.5 13.6748 3.65281
    endloop
  endfacet
  facet normal 1 0 0
    outer loop
      vertex -60.5 14.1047 3.5131
      vertex -60.5 -19.2395 0
      vertex -60.5 23.0099 0
    endloop
  endfacet
  facet normal -0.99803 -0.0627451 0
    outer loop
      vertex -74.4606 -32.6267 0
      vertex -74.5 -32 14
      vertex -74.5 -32 0
    endloop
  endfacet
  facet normal -0.99803 -0.0627451 0
    outer loop
      vertex -74.5 -32 14
      vertex -74.4606 -32.6267 0
      vertex -74.4606 -32.6267 14
    endloop
  endfacet
  facet normal 0.125328 -0.992115 0
    outer loop
      vertex -65.1861 -36.9901 0
      vertex -64.5631 -36.9114 14
      vertex -65.1861 -36.9901 14
    endloop
  endfacet
  facet normal 0.125328 -0.992115 0
    outer loop
      vertex -64.5631 -36.9114 14
      vertex -65.1861 -36.9901 0
      vertex -64.5631 -36.9114 0
    endloop
  endfacet
  facet normal -0.684624 -0.728896 0
    outer loop
      vertex -73.1448 -35.4227 0
      vertex -72.6871 -35.8526 14
      vertex -73.1448 -35.4227 14
    endloop
  endfacet
  facet normal -0.684624 -0.728896 -0
    outer loop
      vertex -72.6871 -35.8526 14
      vertex -73.1448 -35.4227 0
      vertex -72.6871 -35.8526 0
    endloop
  endfacet
  facet normal -0.125328 -0.992115 0
    outer loop
      vertex -70.4369 -36.9114 0
      vertex -69.8139 -36.9901 14
      vertex -70.4369 -36.9114 14
    endloop
  endfacet
  facet normal -0.125328 -0.992115 -0
    outer loop
      vertex -69.8139 -36.9901 14
      vertex -70.4369 -36.9114 0
      vertex -69.8139 -36.9901 0
    endloop
  endfacet
  facet normal -0.587698 -0.80908 0
    outer loop
      vertex -72.6871 -35.8526 0
      vertex -72.1791 -36.2216 14
      vertex -72.6871 -35.8526 14
    endloop
  endfacet
  facet normal -0.587698 -0.80908 -0
    outer loop
      vertex -72.1791 -36.2216 14
      vertex -72.6871 -35.8526 0
      vertex -72.1791 -36.2216 0
    endloop
  endfacet
  facet normal 0 -1 0
    outer loop
      vertex -69.8139 -36.9901 0
      vertex -65.1861 -36.9901 14
      vertex -69.8139 -36.9901 14
    endloop
  endfacet
  facet normal 0 -1 -0
    outer loop
      vertex -65.1861 -36.9901 14
      vertex -69.8139 -36.9901 0
      vertex -65.1861 -36.9901 0
    endloop
  endfacet
  facet normal -0.368203 -0.929745 0
    outer loop
      vertex -71.6289 -36.5241 0
      vertex -71.0451 -36.7553 14
      vertex -71.6289 -36.5241 14
    endloop
  endfacet
  facet normal -0.368203 -0.929745 -0
    outer loop
      vertex -71.0451 -36.7553 14
      vertex -71.6289 -36.5241 0
      vertex -71.0451 -36.7553 0
    endloop
  endfacet
  facet normal -0.982276 -0.187441 0
    outer loop
      vertex -74.3429 -33.2435 0
      vertex -74.4606 -32.6267 14
      vertex -74.4606 -32.6267 0
    endloop
  endfacet
  facet normal -0.982276 -0.187441 0
    outer loop
      vertex -74.4606 -32.6267 14
      vertex -74.3429 -33.2435 0
      vertex -74.3429 -33.2435 14
    endloop
  endfacet
  facet normal -0.904811 -0.425812 0
    outer loop
      vertex -73.8815 -34.4088 0
      vertex -74.1489 -33.8406 14
      vertex -74.1489 -33.8406 0
    endloop
  endfacet
  facet normal -0.904811 -0.425812 0
    outer loop
      vertex -74.1489 -33.8406 14
      vertex -73.8815 -34.4088 0
      vertex -73.8815 -34.4088 14
    endloop
  endfacet
  facet normal -0.770462 -0.637486 0
    outer loop
      vertex -73.1448 -35.4227 0
      vertex -73.5451 -34.9389 14
      vertex -73.5451 -34.9389 0
    endloop
  endfacet
  facet normal -0.770462 -0.637486 0
    outer loop
      vertex -73.5451 -34.9389 14
      vertex -73.1448 -35.4227 0
      vertex -73.1448 -35.4227 14
    endloop
  endfacet
  facet normal 0.248601 -0.968606 0
    outer loop
      vertex -64.5631 -36.9114 0
      vertex -63.9549 -36.7553 14
      vertex -64.5631 -36.9114 14
    endloop
  endfacet
  facet normal 0.248601 -0.968606 0
    outer loop
      vertex -63.9549 -36.7553 14
      vertex -64.5631 -36.9114 0
      vertex -63.9549 -36.7553 0
    endloop
  endfacet
  facet normal 0.481784 -0.87629 0
    outer loop
      vertex -63.3711 -36.5241 0
      vertex -62.8209 -36.2216 14
      vertex -63.3711 -36.5241 14
    endloop
  endfacet
  facet normal 0.481784 -0.87629 0
    outer loop
      vertex -62.8209 -36.2216 14
      vertex -63.3711 -36.5241 0
      vertex -62.8209 -36.2216 0
    endloop
  endfacet
  facet normal 0.368203 -0.929745 0
    outer loop
      vertex -63.9549 -36.7553 0
      vertex -63.3711 -36.5241 14
      vertex -63.9549 -36.7553 14
    endloop
  endfacet
  facet normal 0.368203 -0.929745 0
    outer loop
      vertex -63.3711 -36.5241 14
      vertex -63.9549 -36.7553 0
      vertex -63.3711 -36.5241 0
    endloop
  endfacet
  facet normal 0.684624 -0.728896 0
    outer loop
      vertex -62.3129 -35.8526 0
      vertex -61.8552 -35.4227 14
      vertex -62.3129 -35.8526 14
    endloop
  endfacet
  facet normal 0.684624 -0.728896 0
    outer loop
      vertex -61.8552 -35.4227 14
      vertex -62.3129 -35.8526 0
      vertex -61.8552 -35.4227 0
    endloop
  endfacet
  facet normal -0.248601 -0.968606 0
    outer loop
      vertex -71.0451 -36.7553 0
      vertex -70.4369 -36.9114 14
      vertex -71.0451 -36.7553 14
    endloop
  endfacet
  facet normal -0.248601 -0.968606 -0
    outer loop
      vertex -70.4369 -36.9114 14
      vertex -71.0451 -36.7553 0
      vertex -70.4369 -36.9114 0
    endloop
  endfacet
  facet normal -0.951061 -0.309003 0
    outer loop
      vertex -74.1489 -33.8406 0
      vertex -74.3429 -33.2435 14
      vertex -74.3429 -33.2435 0
    endloop
  endfacet
  facet normal -0.951061 -0.309003 0
    outer loop
      vertex -74.3429 -33.2435 14
      vertex -74.1489 -33.8406 0
      vertex -74.1489 -33.8406 14
    endloop
  endfacet
  facet normal -0.844336 -0.535814 0
    outer loop
      vertex -73.5451 -34.9389 0
      vertex -73.8815 -34.4088 14
      vertex -73.8815 -34.4088 0
    endloop
  endfacet
  facet normal -0.844336 -0.535814 0
    outer loop
      vertex -73.8815 -34.4088 14
      vertex -73.5451 -34.9389 0
      vertex -73.5451 -34.9389 14
    endloop
  endfacet
  facet normal 0.587698 -0.80908 0
    outer loop
      vertex -62.8209 -36.2216 0
      vertex -62.3129 -35.8526 14
      vertex -62.8209 -36.2216 14
    endloop
  endfacet
  facet normal 0.587698 -0.80908 0
    outer loop
      vertex -62.3129 -35.8526 14
      vertex -62.8209 -36.2216 0
      vertex -62.3129 -35.8526 0
    endloop
  endfacet
  facet normal 0.770383 -0.637582 0
    outer loop
      vertex -61.8552 -35.4227 14
      vertex -61.486 -34.9766 0
      vertex -61.486 -34.9766 14
    endloop
  endfacet
  facet normal 0.770383 -0.637582 0
    outer loop
      vertex -61.486 -34.9766 0
      vertex -61.8552 -35.4227 14
      vertex -61.8552 -35.4227 0
    endloop
  endfacet
  facet normal -0.481784 -0.87629 0
    outer loop
      vertex -72.1791 -36.2216 0
      vertex -71.6289 -36.5241 14
      vertex -72.1791 -36.2216 14
    endloop
  endfacet
  facet normal -0.481784 -0.87629 -0
    outer loop
      vertex -71.6289 -36.5241 14
      vertex -72.1791 -36.2216 0
      vertex -71.6289 -36.5241 0
    endloop
  endfacet
  facet normal 0.406149 -0.913807 2.63985e-05
    outer loop
      vertex -48.2744 -29.1047 10.4869
      vertex -61.486 -34.9766 14
      vertex -49.2736 -29.5488 10.5716
    endloop
  endfacet
  facet normal 0.406139 -0.913811 -9.30701e-06
    outer loop
      vertex -61.486 -34.9766 14
      vertex 49.946 14.5488 10.5716
      vertex 50.9612 15 10.6
    endloop
  endfacet
  facet normal 0.406037 -0.913856 -0.000476209
    outer loop
      vertex -47.307 -28.6748 10.3472
      vertex -61.486 -34.9766 14
      vertex -48.2744 -29.1047 10.4869
    endloop
  endfacet
  facet normal 0.406141 -0.91381 8.32207e-05
    outer loop
      vertex -61.486 -34.9766 14
      vertex 48.9468 14.1047 10.4869
      vertex 49.946 14.5488 10.5716
    endloop
  endfacet
  facet normal 0.40628 -0.913748 0.000653165
    outer loop
      vertex -46.3866 -28.2657 10.1547
      vertex -61.486 -34.9766 14
      vertex -47.307 -28.6748 10.3472
    endloop
  endfacet
  facet normal 0.406131 -0.913815 -0.000300409
    outer loop
      vertex -61.486 -34.9766 14
      vertex 47.9794 13.6748 10.3472
      vertex 48.9468 14.1047 10.4869
    endloop
  endfacet
  facet normal 0.406139 -0.913811 -1.10018e-05
    outer loop
      vertex -61.486 -34.9766 14
      vertex -46.3866 -28.2657 10.1547
      vertex 47.9794 13.6748 10.3472
    endloop
  endfacet
  facet normal 0.406139 -0.913811 0.000157197
    outer loop
      vertex -46.3866 -28.2657 10.1547
      vertex 47.059 13.2657 10.1547
      vertex 47.9794 13.6748 10.3472
    endloop
  endfacet
  facet normal 0.406139 -0.913811 0.000126515
    outer loop
      vertex -45.5277 -27.884 9.91246
      vertex 47.059 13.2657 10.1547
      vertex -46.3866 -28.2657 10.1547
    endloop
  endfacet
  facet normal 0.406139 -0.913811 -0.000128884
    outer loop
      vertex -45.5277 -27.884 9.91246
      vertex 46.2001 12.884 9.91246
      vertex 47.059 13.2657 10.1547
    endloop
  endfacet
  facet normal 0.406139 -0.913811 -0.000279466
    outer loop
      vertex -44.744 -27.5356 9.62429
      vertex 46.2001 12.884 9.91246
      vertex -45.5277 -27.884 9.91246
    endloop
  endfacet
  facet normal 0.406138 -0.913812 0.000284324
    outer loop
      vertex -44.744 -27.5356 9.62429
      vertex 45.4164 12.5356 9.62429
      vertex 46.2001 12.884 9.91246
    endloop
  endfacet
  facet normal 0.406138 -0.913812 0.000306188
    outer loop
      vertex -44.0476 -27.2262 9.29473
      vertex 45.4164 12.5356 9.62429
      vertex -44.744 -27.5356 9.62429
    endloop
  endfacet
  facet normal 0.406139 -0.913811 -0.000186788
    outer loop
      vertex -44.0476 -27.2262 9.29473
      vertex 44.7201 12.2262 9.29473
      vertex 45.4164 12.5356 9.62429
    endloop
  endfacet
  facet normal 0.406139 -0.913811 -0.000165068
    outer loop
      vertex -43.4497 -26.9604 8.92898
      vertex 44.7201 12.2262 9.29473
      vertex -44.0476 -27.2262 9.29473
    endloop
  endfacet
  facet normal 0.406138 -0.913812 0.000167322
    outer loop
      vertex -43.4497 -26.9604 8.92898
      vertex 44.1222 11.9604 8.92898
      vertex 44.7201 12.2262 9.29473
    endloop
  endfacet
  facet normal 0.406138 -0.913812 -5.18317e-05
    outer loop
      vertex -42.9597 -26.7426 8.53281
      vertex 44.1222 11.9604 8.92898
      vertex -43.4497 -26.9604 8.92898
    endloop
  endfacet
  facet normal 0.406138 -0.913812 -5.06779e-05
    outer loop
      vertex -42.9597 -26.7426 8.53281
      vertex 43.6321 11.7426 8.53281
      vertex 44.1222 11.9604 8.92898
    endloop
  endfacet
  facet normal 0.406138 -0.913812 9.62013e-05
    outer loop
      vertex -42.5852 -26.5762 8.11246
      vertex 43.6321 11.7426 8.53281
      vertex -42.9597 -26.7426 8.53281
    endloop
  endfacet
  facet normal 0.406138 -0.913812 0
    outer loop
      vertex -42.5852 -26.5762 8.11246
      vertex 43.2577 11.5762 8.11246
      vertex 43.6321 11.7426 8.53281
    endloop
  endfacet
  facet normal 0.406138 -0.913812 1.64097e-15
    outer loop
      vertex -42.3323 -26.4638 7.67457
      vertex 43.2577 11.5762 8.11246
      vertex -42.5852 -26.5762 8.11246
    endloop
  endfacet
  facet normal 0.406139 -0.913811 -9.30239e-05
    outer loop
      vertex -42.3323 -26.4638 7.67457
      vertex 43.0047 11.4638 7.67457
      vertex 43.2577 11.5762 8.11246
    endloop
  endfacet
  facet normal 0.406139 -0.913811 -6.77778e-05
    outer loop
      vertex -42.2048 -26.4071 7.22605
      vertex 43.0047 11.4638 7.67457
      vertex -42.3323 -26.4638 7.67457
    endloop
  endfacet
  facet normal 0.406138 -0.913812 6.7981e-05
    outer loop
      vertex -42.2048 -26.4071 7.22605
      vertex 42.8772 11.4071 7.22605
      vertex 43.0047 11.4638 7.67457
    endloop
  endfacet
  facet normal 0.406138 -0.913812 0
    outer loop
      vertex -42.2048 -26.4071 6.77395
      vertex 42.8772 11.4071 7.22605
      vertex -42.2048 -26.4071 7.22605
    endloop
  endfacet
  facet normal 0.406138 -0.913812 0
    outer loop
      vertex -42.2048 -26.4071 6.77395
      vertex 42.8772 11.4071 6.77395
      vertex 42.8772 11.4071 7.22605
    endloop
  endfacet
  facet normal 0.406138 -0.913812 6.7981e-05
    outer loop
      vertex -42.3323 -26.4638 6.32543
      vertex 42.8772 11.4071 6.77395
      vertex -42.2048 -26.4071 6.77395
    endloop
  endfacet
  facet normal 0.406139 -0.913811 -6.77778e-05
    outer loop
      vertex -42.3323 -26.4638 6.32543
      vertex 43.0047 11.4638 6.32543
      vertex 42.8772 11.4071 6.77395
    endloop
  endfacet
  facet normal 0.406139 -0.913811 -2.74866e-07
    outer loop
      vertex -42.5852 -26.5762 5.88754
      vertex 43.0047 11.4638 6.32543
      vertex -42.3323 -26.4638 6.32543
    endloop
  endfacet
  facet normal 0.406138 -0.913812 9.2749e-05
    outer loop
      vertex -42.5852 -26.5762 5.88754
      vertex 43.2577 11.5762 5.88754
      vertex 43.0047 11.4638 6.32543
    endloop
  endfacet
  facet normal 0.406138 -0.913812 -9.66191e-05
    outer loop
      vertex -42.9597 -26.7426 5.46719
      vertex 43.2577 11.5762 5.88754
      vertex -42.5852 -26.5762 5.88754
    endloop
  endfacet
  facet normal 0.406138 -0.913812 -4.17756e-07
    outer loop
      vertex -42.9597 -26.7426 5.46719
      vertex 43.6321 11.7426 5.46719
      vertex 43.2577 11.5762 5.88754
    endloop
  endfacet
  facet normal 0.406138 -0.913812 5.18382e-05
    outer loop
      vertex -43.4497 -26.9604 5.07102
      vertex 43.6321 11.7426 5.46719
      vertex -42.9597 -26.7426 5.46719
    endloop
  endfacet
  facet normal 0.406138 -0.913812 5.06844e-05
    outer loop
      vertex -43.4497 -26.9604 5.07102
      vertex 44.1222 11.9604 5.07102
      vertex 43.6321 11.7426 5.46719
    endloop
  endfacet
  facet normal 0.406138 -0.913812 0.000167322
    outer loop
      vertex -44.0476 -27.2262 4.70527
      vertex 44.1222 11.9604 5.07102
      vertex -43.4497 -26.9604 5.07102
    endloop
  endfacet
  facet normal 0.406139 -0.913811 -0.000165068
    outer loop
      vertex -44.0476 -27.2262 4.70527
      vertex 44.7201 12.2262 4.70527
      vertex 44.1222 11.9604 5.07102
    endloop
  endfacet
  facet normal 0.406139 -0.913811 -0.000310025
    outer loop
      vertex -44.744 -27.5356 4.37571
      vertex 44.7201 12.2262 4.70527
      vertex -44.0476 -27.2262 4.70527
    endloop
  endfacet
  facet normal 0.406138 -0.913812 0.000182951
    outer loop
      vertex -44.744 -27.5356 4.37571
      vertex 45.4164 12.5356 4.37571
      vertex 44.7201 12.2262 4.70527
    endloop
  endfacet
  facet normal 0.406138 -0.913812 0.000284324
    outer loop
      vertex -45.5277 -27.884 4.08754
      vertex 45.4164 12.5356 4.37571
      vertex -44.744 -27.5356 4.37571
    endloop
  endfacet
  facet normal 0.406139 -0.913811 -0.000279466
    outer loop
      vertex -45.5277 -27.884 4.08754
      vertex 46.2001 12.884 4.08754
      vertex 45.4164 12.5356 4.37571
    endloop
  endfacet
  facet normal 0.406139 -0.913811 -0.000128884
    outer loop
      vertex -46.3866 -28.2657 3.8453
      vertex 46.2001 12.884 4.08754
      vertex -45.5277 -27.884 4.08754
    endloop
  endfacet
  facet normal 0.406139 -0.913811 0.000126515
    outer loop
      vertex -46.3866 -28.2657 3.8453
      vertex 47.059 13.2657 3.8453
      vertex 46.2001 12.884 4.08754
    endloop
  endfacet
  facet normal 0.40628 -0.913748 -0.000653009
    outer loop
      vertex -61.486 -34.9766 0
      vertex -46.3866 -28.2657 3.8453
      vertex -47.307 -28.6748 3.65281
    endloop
  endfacet
  facet normal 0.406139 -0.913811 1.23491e-05
    outer loop
      vertex -46.3866 -28.2657 3.8453
      vertex -61.486 -34.9766 0
      vertex 47.059 13.2657 3.8453
    endloop
  endfacet
  facet normal 0.406037 -0.913856 0.00047625
    outer loop
      vertex -61.486 -34.9766 0
      vertex -47.307 -28.6748 3.65281
      vertex -48.2744 -29.1047 3.5131
    endloop
  endfacet
  facet normal 0.406143 -0.91381 -0.000132644
    outer loop
      vertex 47.059 13.2657 3.8453
      vertex -61.486 -34.9766 0
      vertex 47.9794 13.6748 3.65281
    endloop
  endfacet
  facet normal 0.406149 -0.913807 -2.63999e-05
    outer loop
      vertex -61.486 -34.9766 0
      vertex -48.2744 -29.1047 3.5131
      vertex -49.2736 -29.5488 3.42839
    endloop
  endfacet
  facet normal 0.406131 -0.913815 0.000300391
    outer loop
      vertex 47.9794 13.6748 3.65281
      vertex -61.486 -34.9766 0
      vertex 48.9468 14.1047 3.5131
    endloop
  endfacet
  facet normal 0.406138 -0.913812 1.97354e-05
    outer loop
      vertex -61.486 -34.9766 0
      vertex -49.2736 -29.5488 3.42839
      vertex -50.2888 -30 3.4
    endloop
  endfacet
  facet normal 0.406139 -0.913811 -7.56601e-06
    outer loop
      vertex 68.9834 23.0099 0
      vertex 48.9468 14.1047 3.5131
      vertex -61.486 -34.9766 0
    endloop
  endfacet
  facet normal 0.406138 -0.913812 -1.97362e-05
    outer loop
      vertex -49.2736 -29.5488 10.5716
      vertex -61.486 -34.9766 14
      vertex -50.2888 -30 10.6
    endloop
  endfacet
  facet normal 0.406139 -0.913811 -1.64064e-05
    outer loop
      vertex -61.486 -34.9766 14
      vertex -51.304 -30.4512 10.5716
      vertex -50.2888 -30 10.6
    endloop
  endfacet
  facet normal 0.406146 -0.913808 9.91363e-06
    outer loop
      vertex -61.486 -34.9766 14
      vertex -52.3032 -30.8953 10.4869
      vertex -51.304 -30.4512 10.5716
    endloop
  endfacet
  facet normal 0.406108 -0.913825 -0.000110075
    outer loop
      vertex -61.486 -34.9766 14
      vertex -53.2706 -31.3252 10.3472
      vertex -52.3032 -30.8953 10.4869
    endloop
  endfacet
  facet normal 0.406161 -0.913802 3.17164e-05
    outer loop
      vertex -61.486 -34.9766 14
      vertex -54.191 -31.7343 10.1547
      vertex -53.2706 -31.3252 10.3472
    endloop
  endfacet
  facet normal 0.406122 -0.913819 -5.58706e-05
    outer loop
      vertex -61.486 -34.9766 14
      vertex -55.0499 -32.116 9.91246
      vertex -54.191 -31.7343 10.1547
    endloop
  endfacet
  facet normal 0.406198 -0.913785 8.76227e-05
    outer loop
      vertex -61.486 -34.9766 14
      vertex -55.8336 -32.4644 9.62429
      vertex -55.0499 -32.116 9.91246
    endloop
  endfacet
  facet normal 0.406094 -0.913831 -7.30192e-05
    outer loop
      vertex -61.486 -34.9766 14
      vertex -56.5299 -32.7738 9.29473
      vertex -55.8336 -32.4644 9.62429
    endloop
  endfacet
  facet normal 0.406196 -0.913786 5.47682e-05
    outer loop
      vertex -61.486 -34.9766 14
      vertex -57.1278 -33.0396 8.92898
      vertex -56.5299 -32.7738 9.29473
    endloop
  endfacet
  facet normal 0.40612 -0.91382 -2.33755e-05
    outer loop
      vertex -61.486 -34.9766 14
      vertex -57.6179 -33.2574 8.53281
      vertex -57.1278 -33.0396 8.92898
    endloop
  endfacet
  facet normal 0.406092 -0.913832 -4.69079e-05
    outer loop
      vertex -61.486 -34.9766 14
      vertex -57.9924 -33.4238 8.11246
      vertex -57.6179 -33.2574 8.53281
    endloop
  endfacet
  facet normal 0.406148 -0.913807 -6.80488e-06
    outer loop
      vertex -61.486 -34.9766 14
      vertex -58.2453 -33.5362 7.67457
      vertex -57.9924 -33.4238 8.11246
    endloop
  endfacet
  facet normal 0.406223 -0.913774 3.9094e-05
    outer loop
      vertex -61.486 -34.9766 14
      vertex -58.3728 -33.5929 7.22605
      vertex -58.2453 -33.5362 7.67457
    endloop
  endfacet
  facet normal 0.406152 -0.913805 0
    outer loop
      vertex -61.486 -34.9766 14
      vertex -58.3728 -33.5929 6.77395
      vertex -58.3728 -33.5929 7.22605
    endloop
  endfacet
  facet normal 0.406152 -0.913805 0
    outer loop
      vertex -61.486 -34.9766 0
      vertex -58.3728 -33.5929 6.77395
      vertex -61.486 -34.9766 14
    endloop
  endfacet
  facet normal 0.406153 -0.913805 8.98286e-05
    outer loop
      vertex 48.9468 14.1047 3.5131
      vertex 68.9834 23.0099 0
      vertex 49.946 14.5488 3.42839
    endloop
  endfacet
  facet normal 0.406139 -0.913811 1.64069e-05
    outer loop
      vertex -51.304 -30.4512 3.42839
      vertex -61.486 -34.9766 0
      vertex -50.2888 -30 3.4
    endloop
  endfacet
  facet normal 0.406146 -0.913808 -9.91341e-06
    outer loop
      vertex -52.3032 -30.8953 3.5131
      vertex -61.486 -34.9766 0
      vertex -51.304 -30.4512 3.42839
    endloop
  endfacet
  facet normal 0.406108 -0.913825 0.000110073
    outer loop
      vertex -53.2706 -31.3252 3.65281
      vertex -61.486 -34.9766 0
      vertex -52.3032 -30.8953 3.5131
    endloop
  endfacet
  facet normal 0.406161 -0.913802 -3.17169e-05
    outer loop
      vertex -54.191 -31.7343 3.8453
      vertex -61.486 -34.9766 0
      vertex -53.2706 -31.3252 3.65281
    endloop
  endfacet
  facet normal 0.406122 -0.913819 5.58706e-05
    outer loop
      vertex -55.0499 -32.116 4.08754
      vertex -61.486 -34.9766 0
      vertex -54.191 -31.7343 3.8453
    endloop
  endfacet
  facet normal 0.406198 -0.913785 -8.76227e-05
    outer loop
      vertex -55.8336 -32.4644 4.37571
      vertex -61.486 -34.9766 0
      vertex -55.0499 -32.116 4.08754
    endloop
  endfacet
  facet normal 0.406094 -0.913831 7.30192e-05
    outer loop
      vertex -56.5299 -32.7738 4.70527
      vertex -61.486 -34.9766 0
      vertex -55.8336 -32.4644 4.37571
    endloop
  endfacet
  facet normal 0.406196 -0.913786 -5.47682e-05
    outer loop
      vertex -57.1278 -33.0396 5.07102
      vertex -61.486 -34.9766 0
      vertex -56.5299 -32.7738 4.70527
    endloop
  endfacet
  facet normal 0.40612 -0.91382 2.33755e-05
    outer loop
      vertex -57.6179 -33.2574 5.46719
      vertex -61.486 -34.9766 0
      vertex -57.1278 -33.0396 5.07102
    endloop
  endfacet
  facet normal 0.406092 -0.913832 4.69079e-05
    outer loop
      vertex -57.9924 -33.4238 5.88754
      vertex -61.486 -34.9766 0
      vertex -57.6179 -33.2574 5.46719
    endloop
  endfacet
  facet normal 0.406148 -0.913807 6.80488e-06
    outer loop
      vertex -58.2453 -33.5362 6.32543
      vertex -61.486 -34.9766 0
      vertex -57.9924 -33.4238 5.88754
    endloop
  endfacet
  facet normal 0.406223 -0.913774 -3.9094e-05
    outer loop
      vertex -58.3728 -33.5929 6.77395
      vertex -61.486 -34.9766 0
      vertex -58.2453 -33.5362 6.32543
    endloop
  endfacet
  facet normal 0.406139 -0.913811 5.24635e-06
    outer loop
      vertex -61.486 -34.9766 14
      vertex 50.9612 15 10.6
      vertex 68.9834 23.0099 14
    endloop
  endfacet
  facet normal 0.406139 -0.913811 7.80202e-06
    outer loop
      vertex 51.9764 15.4512 10.5716
      vertex 68.9834 23.0099 14
      vertex 50.9612 15 10.6
    endloop
  endfacet
  facet normal 0.406145 -0.913809 -2.92312e-05
    outer loop
      vertex 52.9756 15.8953 10.4869
      vertex 68.9834 23.0099 14
      vertex 51.9764 15.4512 10.5716
    endloop
  endfacet
  facet normal 0.406112 -0.913823 0.00014771
    outer loop
      vertex 53.943 16.3252 10.3472
      vertex 68.9834 23.0099 14
      vertex 52.9756 15.8953 10.4869
    endloop
  endfacet
  facet normal 0.406155 -0.913804 -6.27612e-05
    outer loop
      vertex 54.8634 16.7343 10.1547
      vertex 68.9834 23.0099 14
      vertex 53.943 16.3252 10.3472
    endloop
  endfacet
  facet normal 0.406125 -0.913817 6.9162e-05
    outer loop
      vertex 55.7223 17.116 9.91246
      vertex 68.9834 23.0099 14
      vertex 54.8634 16.7343 10.1547
    endloop
  endfacet
  facet normal 0.40618 -0.913793 -0.000145405
    outer loop
      vertex 56.506 17.4644 9.62429
      vertex 68.9834 23.0099 14
      vertex 55.7223 17.116 9.91246
    endloop
  endfacet
  facet normal 0.406086 -0.913835 0.000175974
    outer loop
      vertex 57.2024 17.7738 9.29473
      vertex 68.9834 23.0099 14
      vertex 56.506 17.4644 9.62429
    endloop
  endfacet
  facet normal 0.406176 -0.913795 -9.30977e-05
    outer loop
      vertex 57.8003 18.0396 8.92898
      vertex 68.9834 23.0099 14
      vertex 57.2024 17.7738 9.29473
    endloop
  endfacet
  facet normal 0.406152 -0.913805 -3.06813e-05
    outer loop
      vertex 58.2903 18.2574 8.53281
      vertex 68.9834 23.0099 14
      vertex 57.8003 18.0396 8.92898
    endloop
  endfacet
  facet normal 0.406111 -0.913824 6.69636e-05
    outer loop
      vertex 58.6648 18.4238 8.11246
      vertex 68.9834 23.0099 14
      vertex 58.2903 18.2574 8.53281
    endloop
  endfacet
  facet normal 0.406142 -0.91381 2.13721e-06
    outer loop
      vertex 58.9177 18.5362 7.67457
      vertex 68.9834 23.0099 14
      vertex 58.6648 18.4238 8.11246
    endloop
  endfacet
  facet normal 0.406172 -0.913797 -5.64026e-05
    outer loop
      vertex 59.0452 18.5929 7.22605
      vertex 68.9834 23.0099 14
      vertex 58.9177 18.5362 7.67457
    endloop
  endfacet
  facet normal 0.40614 -0.913811 0
    outer loop
      vertex 59.0452 18.5929 6.77395
      vertex 68.9834 23.0099 14
      vertex 59.0452 18.5929 7.22605
    endloop
  endfacet
  facet normal 0.406172 -0.913797 5.64026e-05
    outer loop
      vertex 68.9834 23.0099 0
      vertex 59.0452 18.5929 6.77395
      vertex 58.9177 18.5362 6.32543
    endloop
  endfacet
  facet normal 0.406142 -0.91381 -2.13721e-06
    outer loop
      vertex 68.9834 23.0099 0
      vertex 58.9177 18.5362 6.32543
      vertex 58.6648 18.4238 5.88754
    endloop
  endfacet
  facet normal 0.406111 -0.913824 -6.69636e-05
    outer loop
      vertex 68.9834 23.0099 0
      vertex 58.6648 18.4238 5.88754
      vertex 58.2903 18.2574 5.46719
    endloop
  endfacet
  facet normal 0.406152 -0.913805 3.06813e-05
    outer loop
      vertex 68.9834 23.0099 0
      vertex 58.2903 18.2574 5.46719
      vertex 57.8003 18.0396 5.07102
    endloop
  endfacet
  facet normal 0.406138 -0.913812 -1.05181e-05
    outer loop
      vertex 49.946 14.5488 3.42839
      vertex 68.9834 23.0099 0
      vertex 50.9612 15 3.4
    endloop
  endfacet
  facet normal 0.40614 -0.913811 0
    outer loop
      vertex 59.0452 18.5929 6.77395
      vertex 68.9834 23.0099 0
      vertex 68.9834 23.0099 14
    endloop
  endfacet
  facet normal 0.406176 -0.913795 9.30977e-05
    outer loop
      vertex 57.2024 17.7738 4.70527
      vertex 68.9834 23.0099 0
      vertex 57.8003 18.0396 5.07102
    endloop
  endfacet
  facet normal 0.406086 -0.913835 -0.000175974
    outer loop
      vertex 56.506 17.4644 4.37571
      vertex 68.9834 23.0099 0
      vertex 57.2024 17.7738 4.70527
    endloop
  endfacet
  facet normal 0.40618 -0.913793 0.000145405
    outer loop
      vertex 55.7223 17.116 4.08754
      vertex 68.9834 23.0099 0
      vertex 56.506 17.4644 4.37571
    endloop
  endfacet
  facet normal 0.406125 -0.913817 -6.9162e-05
    outer loop
      vertex 54.8634 16.7343 3.8453
      vertex 68.9834 23.0099 0
      vertex 55.7223 17.116 4.08754
    endloop
  endfacet
  facet normal 0.406155 -0.913804 6.27626e-05
    outer loop
      vertex 53.943 16.3252 3.65281
      vertex 68.9834 23.0099 0
      vertex 54.8634 16.7343 3.8453
    endloop
  endfacet
  facet normal 0.406112 -0.913823 -0.000147706
    outer loop
      vertex 52.9756 15.8953 3.5131
      vertex 68.9834 23.0099 0
      vertex 53.943 16.3252 3.65281
    endloop
  endfacet
  facet normal 0.406145 -0.913809 2.92302e-05
    outer loop
      vertex 51.9764 15.4512 3.42839
      vertex 68.9834 23.0099 0
      vertex 52.9756 15.8953 3.5131
    endloop
  endfacet
  facet normal 0.406139 -0.913811 -7.80237e-06
    outer loop
      vertex 50.9612 15 3.4
      vertex 68.9834 23.0099 0
      vertex 51.9764 15.4512 3.42839
    endloop
  endfacet
  facet normal -0.406138 0.913812 -1.05187e-05
    outer loop
      vertex 15.5236 14.5488 10.5716
      vertex 34.561 23.0099 14
      vertex 16.5388 15 10.6
    endloop
  endfacet
  facet normal -0.406139 0.913811 -7.80202e-06
    outer loop
      vertex 34.561 23.0099 14
      vertex 17.554 15.4512 10.5716
      vertex 16.5388 15 10.6
    endloop
  endfacet
  facet normal -0.406145 0.913809 2.92312e-05
    outer loop
      vertex 34.561 23.0099 14
      vertex 18.5532 15.8953 10.4869
      vertex 17.554 15.4512 10.5716
    endloop
  endfacet
  facet normal -0.406112 0.913823 -0.00014771
    outer loop
      vertex 34.561 23.0099 14
      vertex 19.5206 16.3252 10.3472
      vertex 18.5532 15.8953 10.4869
    endloop
  endfacet
  facet normal -0.406155 0.913804 6.27612e-05
    outer loop
      vertex 34.561 23.0099 14
      vertex 20.441 16.7343 10.1547
      vertex 19.5206 16.3252 10.3472
    endloop
  endfacet
  facet normal -0.406125 0.913817 -6.9162e-05
    outer loop
      vertex 34.561 23.0099 14
      vertex 21.2999 17.116 9.91246
      vertex 20.441 16.7343 10.1547
    endloop
  endfacet
  facet normal -0.40618 0.913793 0.000145405
    outer loop
      vertex 34.561 23.0099 14
      vertex 22.0836 17.4644 9.62429
      vertex 21.2999 17.116 9.91246
    endloop
  endfacet
  facet normal -0.406107 0.913826 -0.000105195
    outer loop
      vertex 34.561 23.0099 14
      vertex 22.7799 17.7738 9.29473
      vertex 22.0836 17.4644 9.62429
    endloop
  endfacet
  facet normal -0.406174 0.913796 9.65076e-05
    outer loop
      vertex 34.561 23.0099 14
      vertex 23.3778 18.0396 8.92898
      vertex 22.7799 17.7738 9.29473
    endloop
  endfacet
  facet normal -0.406126 0.913817 -3.21182e-05
    outer loop
      vertex 34.561 23.0099 14
      vertex 23.8679 18.2574 8.53281
      vertex 23.3778 18.0396 8.92898
    endloop
  endfacet
  facet normal -0.406139 0.913811 -5.81106e-07
    outer loop
      vertex 34.561 23.0099 14
      vertex 24.2423 18.4238 8.11246
      vertex 23.8679 18.2574 8.53281
    endloop
  endfacet
  facet normal -0.406106 0.913826 -7.01827e-05
    outer loop
      vertex 34.561 23.0099 14
      vertex 24.4953 18.5362 7.67457
      vertex 24.2423 18.4238 8.11246
    endloop
  endfacet
  facet normal -0.406172 0.913797 5.64026e-05
    outer loop
      vertex 34.561 23.0099 14
      vertex 24.6228 18.5929 7.22605
      vertex 24.4953 18.5362 7.67457
    endloop
  endfacet
  facet normal -0.40614 0.913811 0
    outer loop
      vertex 34.561 23.0099 14
      vertex 24.6228 18.5929 6.77395
      vertex 24.6228 18.5929 7.22605
    endloop
  endfacet
  facet normal -0.40614 0.913811 0
    outer loop
      vertex 34.561 23.0099 0
      vertex 24.6228 18.5929 6.77395
      vertex 34.561 23.0099 14
    endloop
  endfacet
  facet normal -0.406172 0.913797 -5.64026e-05
    outer loop
      vertex 24.6228 18.5929 6.77395
      vertex 34.561 23.0099 0
      vertex 24.4953 18.5362 6.32543
    endloop
  endfacet
  facet normal -0.406106 0.913826 7.01827e-05
    outer loop
      vertex 24.4953 18.5362 6.32543
      vertex 34.561 23.0099 0
      vertex 24.2423 18.4238 5.88754
    endloop
  endfacet
  facet normal -0.406139 0.913811 5.81106e-07
    outer loop
      vertex 24.2423 18.4238 5.88754
      vertex 34.561 23.0099 0
      vertex 23.8679 18.2574 5.46719
    endloop
  endfacet
  facet normal -0.406139 0.913811 7.80237e-06
    outer loop
      vertex 17.554 15.4512 3.42839
      vertex 34.561 23.0099 0
      vertex 16.5388 15 3.4
    endloop
  endfacet
  facet normal -0.406145 0.913809 -2.92302e-05
    outer loop
      vertex 18.5532 15.8953 3.5131
      vertex 34.561 23.0099 0
      vertex 17.554 15.4512 3.42839
    endloop
  endfacet
  facet normal -0.406112 0.913823 0.000147706
    outer loop
      vertex 19.5206 16.3252 3.65281
      vertex 34.561 23.0099 0
      vertex 18.5532 15.8953 3.5131
    endloop
  endfacet
  facet normal -0.406155 0.913804 -6.27626e-05
    outer loop
      vertex 20.441 16.7343 3.8453
      vertex 34.561 23.0099 0
      vertex 19.5206 16.3252 3.65281
    endloop
  endfacet
  facet normal -0.406125 0.913817 6.9162e-05
    outer loop
      vertex 21.2999 17.116 4.08754
      vertex 34.561 23.0099 0
      vertex 20.441 16.7343 3.8453
    endloop
  endfacet
  facet normal -0.40618 0.913793 -0.000145405
    outer loop
      vertex 22.0836 17.4644 4.37571
      vertex 34.561 23.0099 0
      vertex 21.2999 17.116 4.08754
    endloop
  endfacet
  facet normal -0.406107 0.913826 0.000105195
    outer loop
      vertex 22.7799 17.7738 4.70527
      vertex 34.561 23.0099 0
      vertex 22.0836 17.4644 4.37571
    endloop
  endfacet
  facet normal -0.406174 0.913796 -9.65076e-05
    outer loop
      vertex 23.3778 18.0396 5.07102
      vertex 34.561 23.0099 0
      vertex 22.7799 17.7738 4.70527
    endloop
  endfacet
  facet normal -0.406126 0.913817 3.21182e-05
    outer loop
      vertex 23.8679 18.2574 5.46719
      vertex 34.561 23.0099 0
      vertex 23.3778 18.0396 5.07102
    endloop
  endfacet
  facet normal -0.406153 0.913805 8.98187e-05
    outer loop
      vertex 14.5244 14.1047 10.4869
      vertex 34.561 23.0099 14
      vertex 15.5236 14.5488 10.5716
    endloop
  endfacet
  facet normal -0.406139 0.913811 -7.90561e-06
    outer loop
      vertex 34.561 23.0099 14
      vertex 14.5244 14.1047 10.4869
      vertex -60.5 -19.2395 14
    endloop
  endfacet
  facet normal -0.406128 0.913816 0.000275835
    outer loop
      vertex 13.557 13.6748 10.3472
      vertex -60.5 -19.2395 14
      vertex 14.5244 14.1047 10.4869
    endloop
  endfacet
  facet normal -0.406144 0.913809 -0.000124326
    outer loop
      vertex 12.6366 13.2657 10.1547
      vertex -60.5 -19.2395 14
      vertex 13.557 13.6748 10.3472
    endloop
  endfacet
  facet normal -0.406134 0.913813 0.000107646
    outer loop
      vertex 11.7777 12.884 9.91246
      vertex -60.5 -19.2395 14
      vertex 12.6366 13.2657 10.1547
    endloop
  endfacet
  facet normal -0.406151 0.913806 -0.000241981
    outer loop
      vertex 10.994 12.5356 9.62429
      vertex -60.5 -19.2395 14
      vertex 11.7777 12.884 9.91246
    endloop
  endfacet
  facet normal -0.406124 0.913818 0.000272545
    outer loop
      vertex 10.2976 12.2262 9.29473
      vertex -60.5 -19.2395 14
      vertex 10.994 12.5356 9.62429
    endloop
  endfacet
  facet normal -0.40615 0.913806 -0.000188402
    outer loop
      vertex 9.69974 11.9604 8.92898
      vertex -60.5 -19.2395 14
      vertex 10.2976 12.2262 9.29473
    endloop
  endfacet
  facet normal -0.406139 0.913811 2.2993e-07
    outer loop
      vertex 9.20969 11.7426 8.53281
      vertex -60.5 -19.2395 14
      vertex 9.69974 11.9604 8.92898
    endloop
  endfacet
  facet normal -0.406135 0.913813 5.43556e-05
    outer loop
      vertex 8.83523 11.5762 8.11246
      vertex -60.5 -19.2395 14
      vertex 9.20969 11.7426 8.53281
    endloop
  endfacet
  facet normal -0.406135 0.913813 5.33538e-05
    outer loop
      vertex 8.58227 11.4638 7.67457
      vertex -60.5 -19.2395 14
      vertex 8.83523 11.5762 8.11246
    endloop
  endfacet
  facet normal -0.406145 0.913809 -7.47631e-05
    outer loop
      vertex 8.45478 11.4071 7.22605
      vertex -60.5 -19.2395 14
      vertex 8.58227 11.4638 7.67457
    endloop
  endfacet
  facet normal -0.406139 0.913811 0
    outer loop
      vertex 8.45478 11.4071 6.77395
      vertex -60.5 -19.2395 14
      vertex 8.45478 11.4071 7.22605
    endloop
  endfacet
  facet normal -0.406145 0.913809 7.47631e-05
    outer loop
      vertex -60.5 -19.2395 0
      vertex 8.45478 11.4071 6.77395
      vertex 8.58227 11.4638 6.32543
    endloop
  endfacet
  facet normal -0.406135 0.913813 -5.33538e-05
    outer loop
      vertex -60.5 -19.2395 0
      vertex 8.58227 11.4638 6.32543
      vertex 8.83523 11.5762 5.88754
    endloop
  endfacet
  facet normal -0.406135 0.913813 -5.43556e-05
    outer loop
      vertex -60.5 -19.2395 0
      vertex 8.83523 11.5762 5.88754
      vertex 9.20969 11.7426 5.46719
    endloop
  endfacet
  facet normal -0.406139 0.913811 -2.2993e-07
    outer loop
      vertex -60.5 -19.2395 0
      vertex 9.20969 11.7426 5.46719
      vertex 9.69974 11.9604 5.07102
    endloop
  endfacet
  facet normal -0.40615 0.913806 0.000188402
    outer loop
      vertex -60.5 -19.2395 0
      vertex 9.69974 11.9604 5.07102
      vertex 10.2976 12.2262 4.70527
    endloop
  endfacet
  facet normal -0.406124 0.913818 -0.000272545
    outer loop
      vertex -60.5 -19.2395 0
      vertex 10.2976 12.2262 4.70527
      vertex 10.994 12.5356 4.37571
    endloop
  endfacet
  facet normal -0.406151 0.913806 0.000241981
    outer loop
      vertex -60.5 -19.2395 0
      vertex 10.994 12.5356 4.37571
      vertex 11.7777 12.884 4.08754
    endloop
  endfacet
  facet normal -0.406134 0.913813 -0.000107646
    outer loop
      vertex -60.5 -19.2395 0
      vertex 11.7777 12.884 4.08754
      vertex 12.6366 13.2657 3.8453
    endloop
  endfacet
  facet normal -0.406144 0.913809 0.000124331
    outer loop
      vertex -60.5 -19.2395 0
      vertex 12.6366 13.2657 3.8453
      vertex 13.557 13.6748 3.65281
    endloop
  endfacet
  facet normal -0.406128 0.913816 -0.00027582
    outer loop
      vertex -60.5 -19.2395 0
      vertex 13.557 13.6748 3.65281
      vertex 14.5244 14.1047 3.5131
    endloop
  endfacet
  facet normal -0.406138 0.913812 1.05181e-05
    outer loop
      vertex 34.561 23.0099 0
      vertex 15.5236 14.5488 3.42839
      vertex 16.5388 15 3.4
    endloop
  endfacet
  facet normal -0.406153 0.913805 -8.98286e-05
    outer loop
      vertex 34.561 23.0099 0
      vertex 14.5244 14.1047 3.5131
      vertex 15.5236 14.5488 3.42839
    endloop
  endfacet
  facet normal -0.406139 0.913811 7.90561e-06
    outer loop
      vertex -60.5 -19.2395 0
      vertex 14.5244 14.1047 3.5131
      vertex 34.561 23.0099 0
    endloop
  endfacet
  facet normal -0.406139 0.913811 0
    outer loop
      vertex 8.45478 11.4071 6.77395
      vertex -60.5 -19.2395 0
      vertex -60.5 -19.2395 14
    endloop
  endfacet
  facet normal 0.687042 0.720901 0.0909684
    outer loop
      vertex -60.5 -33.5929 6.77395
      vertex -62.4 -31.7681 6.66271
      vertex -62.4 -31.7964 6.88698
    endloop
  endfacet
  facet normal 0.687027 0.720895 0.0911324
    outer loop
      vertex -62.4 -31.7681 6.66271
      vertex -60.5 -33.5929 6.77395
      vertex -60.5 -33.5362 6.32543
    endloop
  endfacet
  facet normal 0.687028 -0.0456302 0.725197
    outer loop
      vertex -60.5 -30 3.4
      vertex -60.5 -29.5488 3.42839
      vertex -62.4 -30 5.2
    endloop
  endfacet
  facet normal 0.687027 -0.0456142 0.725199
    outer loop
      vertex -60.5 -29.5488 3.42839
      vertex -62.4 -29.7744 5.21419
      vertex -62.4 -30 5.2
    endloop
  endfacet
  facet normal 0.687027 0.0456142 0.725199
    outer loop
      vertex -60.5 -30.4512 3.42839
      vertex -62.4 -30 5.2
      vertex -62.4 -30.2256 5.21419
    endloop
  endfacet
  facet normal 0.687024 0.136193 -0.713757
    outer loop
      vertex -62.4 -30.2256 8.78581
      vertex -60.5 -30.4512 10.5716
      vertex -62.4 -30.4476 8.74345
    endloop
  endfacet
  facet normal 0.687029 0.463122 0.559918
    outer loop
      vertex -60.5 -32.4644 4.37571
      vertex -60.5 -32.116 4.08754
      vertex -62.4 -31.2322 5.68786
    endloop
  endfacet
  facet normal 0.687027 0.224581 0.691055
    outer loop
      vertex -60.5 -31.3252 3.65281
      vertex -60.5 -30.8953 3.5131
      vertex -62.4 -30.6626 5.3264
    endloop
  endfacet
  facet normal 0.687029 0.529753 0.497346
    outer loop
      vertex -62.4 -31.3869 5.85264
      vertex -60.5 -32.4644 4.37571
      vertex -62.4 -31.2322 5.68786
    endloop
  endfacet
  facet normal 0.687029 0.529753 0.497346
    outer loop
      vertex -60.5 -32.4644 4.37571
      vertex -62.4 -31.3869 5.85264
      vertex -60.5 -32.7738 4.70527
    endloop
  endfacet
  facet normal 0.68703 0.675616 0.267456
    outer loop
      vertex -60.5 -33.2574 5.46719
      vertex -62.4 -31.6287 6.2336
      vertex -62.4 -31.7119 6.44377
    endloop
  endfacet
  facet normal 0.68703 0.636747 0.350061
    outer loop
      vertex -60.5 -33.2574 5.46719
      vertex -60.5 -33.0396 5.07102
      vertex -62.4 -31.5198 6.03551
    endloop
  endfacet
  facet normal 0.68703 0.136146 0.71376
    outer loop
      vertex -60.5 -30.8953 3.5131
      vertex -60.5 -30.4512 3.42839
      vertex -62.4 -30.4476 5.25655
    endloop
  endfacet
  facet normal 0.687028 0.0456302 0.725197
    outer loop
      vertex -60.5 -30.4512 3.42839
      vertex -60.5 -30 3.4
      vertex -62.4 -30 5.2
    endloop
  endfacet
  facet normal 0.687033 0.224517 0.69107
    outer loop
      vertex -60.5 -30.8953 3.5131
      vertex -62.4 -30.4476 5.25655
      vertex -62.4 -30.6626 5.3264
    endloop
  endfacet
  facet normal 0.687029 0.675619 0.267451
    outer loop
      vertex -60.5 -33.4238 5.88754
      vertex -60.5 -33.2574 5.46719
      vertex -62.4 -31.7119 6.44377
    endloop
  endfacet
  facet normal 0.687031 0.63675 0.350053
    outer loop
      vertex -60.5 -33.2574 5.46719
      vertex -62.4 -31.5198 6.03551
      vertex -62.4 -31.6287 6.2336
    endloop
  endfacet
  facet normal 0.687028 0.587805 0.427173
    outer loop
      vertex -60.5 -33.0396 5.07102
      vertex -60.5 -32.7738 4.70527
      vertex -62.4 -31.3869 5.85264
    endloop
  endfacet
  facet normal 0.687027 0.703816 -0.180659
    outer loop
      vertex -60.5 -33.5362 7.67457
      vertex -62.4 -31.7119 7.55623
      vertex -60.5 -33.4238 8.11246
    endloop
  endfacet
  facet normal 0.687026 0.703815 -0.180663
    outer loop
      vertex -62.4 -31.7119 7.55623
      vertex -60.5 -33.5362 7.67457
      vertex -62.4 -31.7681 7.33729
    endloop
  endfacet
  facet normal 0.68703 -0.636747 0.350061
    outer loop
      vertex -60.5 -26.9604 5.07102
      vertex -60.5 -26.7426 5.46719
      vertex -62.4 -28.4802 6.03551
    endloop
  endfacet
  facet normal 0.687026 0.136192 0.713755
    outer loop
      vertex -60.5 -30.4512 3.42839
      vertex -62.4 -30.2256 5.21419
      vertex -62.4 -30.4476 5.25655
    endloop
  endfacet
  facet normal 0.687027 0.309312 0.65751
    outer loop
      vertex -62.4 -30.8672 5.42265
      vertex -60.5 -31.3252 3.65281
      vertex -62.4 -30.6626 5.3264
    endloop
  endfacet
  facet normal 0.687022 0.309363 0.657491
    outer loop
      vertex -60.5 -31.3252 3.65281
      vertex -62.4 -30.8672 5.42265
      vertex -60.5 -31.7343 3.8453
    endloop
  endfacet
  facet normal 0.687019 0.389432 0.613472
    outer loop
      vertex -62.4 -31.058 5.54377
      vertex -60.5 -31.7343 3.8453
      vertex -62.4 -30.8672 5.42265
    endloop
  endfacet
  facet normal 0.687027 0.389355 0.613511
    outer loop
      vertex -60.5 -31.7343 3.8453
      vertex -62.4 -31.058 5.54377
      vertex -60.5 -32.116 4.08754
    endloop
  endfacet
  facet normal 0.687028 0.463132 0.559911
    outer loop
      vertex -60.5 -32.116 4.08754
      vertex -62.4 -31.058 5.54377
      vertex -62.4 -31.2322 5.68786
    endloop
  endfacet
  facet normal 0.687026 0.703815 0.180663
    outer loop
      vertex -60.5 -33.5362 6.32543
      vertex -62.4 -31.7119 6.44377
      vertex -62.4 -31.7681 6.66271
    endloop
  endfacet
  facet normal 0.687027 0.703816 0.180659
    outer loop
      vertex -62.4 -31.7119 6.44377
      vertex -60.5 -33.5362 6.32543
      vertex -60.5 -33.4238 5.88754
    endloop
  endfacet
  facet normal 0.687027 0.587801 0.427182
    outer loop
      vertex -60.5 -33.0396 5.07102
      vertex -62.4 -31.3869 5.85264
      vertex -62.4 -31.5198 6.03551
    endloop
  endfacet
  facet normal 0.687033 0.224517 -0.69107
    outer loop
      vertex -62.4 -30.4476 8.74345
      vertex -60.5 -30.8953 10.4869
      vertex -62.4 -30.6626 8.6736
    endloop
  endfacet
  facet normal 0.68703 0.136131 -0.713763
    outer loop
      vertex -60.5 -30.4512 10.5716
      vertex -60.5 -30.8953 10.4869
      vertex -62.4 -30.4476 8.74345
    endloop
  endfacet
  facet normal 0.687029 0.675619 -0.267451
    outer loop
      vertex -60.5 -33.2574 8.53281
      vertex -60.5 -33.4238 8.11246
      vertex -62.4 -31.7119 7.55623
    endloop
  endfacet
  facet normal 0.687027 0.720895 -0.0911324
    outer loop
      vertex -60.5 -33.5929 7.22605
      vertex -62.4 -31.7681 7.33729
      vertex -60.5 -33.5362 7.67457
    endloop
  endfacet
  facet normal 0.687042 0.720901 -0.0909684
    outer loop
      vertex -62.4 -31.7681 7.33729
      vertex -60.5 -33.5929 7.22605
      vertex -62.4 -31.7964 7.11302
    endloop
  endfacet
  facet normal 0.687027 0.587801 -0.427182
    outer loop
      vertex -62.4 -31.3869 8.14736
      vertex -60.5 -33.0396 8.92898
      vertex -62.4 -31.5198 7.96449
    endloop
  endfacet
  facet normal 0.687028 0.587805 -0.427173
    outer loop
      vertex -60.5 -32.7738 9.29473
      vertex -60.5 -33.0396 8.92898
      vertex -62.4 -31.3869 8.14736
    endloop
  endfacet
  facet normal 0.68703 -0.136131 -0.713763
    outer loop
      vertex -60.5 -29.1047 10.4869
      vertex -60.5 -29.5488 10.5716
      vertex -62.4 -29.5524 8.74345
    endloop
  endfacet
  facet normal 0.687027 -0.587801 -0.427182
    outer loop
      vertex -62.4 -28.4802 7.96449
      vertex -60.5 -26.9604 8.92898
      vertex -62.4 -28.6131 8.14736
    endloop
  endfacet
  facet normal 0.687031 -0.63675 -0.350053
    outer loop
      vertex -62.4 -28.3713 7.7664
      vertex -60.5 -26.7426 8.53281
      vertex -62.4 -28.4802 7.96449
    endloop
  endfacet
  facet normal 0.687029 -0.529753 0.497346
    outer loop
      vertex -62.4 -28.6131 5.85264
      vertex -60.5 -27.5356 4.37571
      vertex -60.5 -27.2262 4.70527
    endloop
  endfacet
  facet normal 0.687029 -0.529753 0.497346
    outer loop
      vertex -60.5 -27.5356 4.37571
      vertex -62.4 -28.6131 5.85264
      vertex -62.4 -28.7678 5.68786
    endloop
  endfacet
  facet normal 0.687027 -0.587801 0.427182
    outer loop
      vertex -60.5 -26.9604 5.07102
      vertex -62.4 -28.4802 6.03551
      vertex -62.4 -28.6131 5.85264
    endloop
  endfacet
  facet normal 0.687028 0.463132 -0.559911
    outer loop
      vertex -62.4 -31.058 8.45623
      vertex -60.5 -32.116 9.91246
      vertex -62.4 -31.2322 8.31214
    endloop
  endfacet
  facet normal 0.687019 0.389432 -0.613472
    outer loop
      vertex -60.5 -31.7343 10.1547
      vertex -62.4 -31.058 8.45623
      vertex -62.4 -30.8672 8.57735
    endloop
  endfacet
  facet normal 0.687027 0.389355 -0.613511
    outer loop
      vertex -62.4 -31.058 8.45623
      vertex -60.5 -31.7343 10.1547
      vertex -60.5 -32.116 9.91246
    endloop
  endfacet
  facet normal 0.68703 0.636747 -0.350061
    outer loop
      vertex -60.5 -33.0396 8.92898
      vertex -60.5 -33.2574 8.53281
      vertex -62.4 -31.5198 7.96449
    endloop
  endfacet
  facet normal 0.687039 0.726621 0
    outer loop
      vertex -60.5 -33.5929 7.22605
      vertex -62.4 -31.7964 6.88698
      vertex -62.4 -31.7964 7.11302
    endloop
  endfacet
  facet normal 0.687039 0.726621 0
    outer loop
      vertex -62.4 -31.7964 6.88698
      vertex -60.5 -33.5929 7.22605
      vertex -60.5 -33.5929 6.77395
    endloop
  endfacet
  facet normal 0.687029 0.463122 -0.559918
    outer loop
      vertex -60.5 -32.116 9.91246
      vertex -60.5 -32.4644 9.62429
      vertex -62.4 -31.2322 8.31214
    endloop
  endfacet
  facet normal 0.687029 0.529753 -0.497346
    outer loop
      vertex -60.5 -32.4644 9.62429
      vertex -62.4 -31.3869 8.14736
      vertex -62.4 -31.2322 8.31214
    endloop
  endfacet
  facet normal 0.687029 0.529753 -0.497346
    outer loop
      vertex -62.4 -31.3869 8.14736
      vertex -60.5 -32.4644 9.62429
      vertex -60.5 -32.7738 9.29473
    endloop
  endfacet
  facet normal 0.687033 -0.224517 -0.69107
    outer loop
      vertex -62.4 -29.3374 8.6736
      vertex -60.5 -29.1047 10.4869
      vertex -62.4 -29.5524 8.74345
    endloop
  endfacet
  facet normal 0.687028 0.0456462 -0.725196
    outer loop
      vertex -60.5 -30 10.6
      vertex -60.5 -30.4512 10.5716
      vertex -62.4 -30 8.8
    endloop
  endfacet
  facet normal 0.687028 -0.0456462 -0.725196
    outer loop
      vertex -60.5 -29.5488 10.5716
      vertex -60.5 -30 10.6
      vertex -62.4 -30 8.8
    endloop
  endfacet
  facet normal 0.687029 -0.463122 -0.559918
    outer loop
      vertex -60.5 -27.5356 9.62429
      vertex -60.5 -27.884 9.91246
      vertex -62.4 -28.7678 8.31214
    endloop
  endfacet
  facet normal 0.687029 -0.529753 -0.497346
    outer loop
      vertex -60.5 -27.5356 9.62429
      vertex -62.4 -28.6131 8.14736
      vertex -60.5 -27.2262 9.29473
    endloop
  endfacet
  facet normal 0.687029 -0.529753 -0.497346
    outer loop
      vertex -62.4 -28.6131 8.14736
      vertex -60.5 -27.5356 9.62429
      vertex -62.4 -28.7678 8.31214
    endloop
  endfacet
  facet normal 0.687028 -0.587805 -0.427173
    outer loop
      vertex -60.5 -26.9604 8.92898
      vertex -60.5 -27.2262 9.29473
      vertex -62.4 -28.6131 8.14736
    endloop
  endfacet
  facet normal 0.68703 -0.636747 -0.350061
    outer loop
      vertex -60.5 -26.7426 8.53281
      vertex -60.5 -26.9604 8.92898
      vertex -62.4 -28.4802 7.96449
    endloop
  endfacet
  facet normal 0.687029 -0.463122 0.559918
    outer loop
      vertex -60.5 -27.884 4.08754
      vertex -60.5 -27.5356 4.37571
      vertex -62.4 -28.7678 5.68786
    endloop
  endfacet
  facet normal 0.687028 -0.587805 0.427173
    outer loop
      vertex -60.5 -27.2262 4.70527
      vertex -60.5 -26.9604 5.07102
      vertex -62.4 -28.6131 5.85264
    endloop
  endfacet
  facet normal 0.68703 -0.675616 0.267456
    outer loop
      vertex -60.5 -26.7426 5.46719
      vertex -62.4 -28.2881 6.44377
      vertex -62.4 -28.3713 6.2336
    endloop
  endfacet
  facet normal 0.687026 -0.703815 0.180663
    outer loop
      vertex -62.4 -28.2881 6.44377
      vertex -60.5 -26.4638 6.32543
      vertex -62.4 -28.2319 6.66271
    endloop
  endfacet
  facet normal 0.687027 -0.703816 0.180659
    outer loop
      vertex -60.5 -26.4638 6.32543
      vertex -62.4 -28.2881 6.44377
      vertex -60.5 -26.5762 5.88754
    endloop
  endfacet
  facet normal 0.687027 -0.720895 -0.0911324
    outer loop
      vertex -62.4 -28.2319 7.33729
      vertex -60.5 -26.4071 7.22605
      vertex -60.5 -26.4638 7.67457
    endloop
  endfacet
  facet normal 0.687042 -0.720901 -0.0909684
    outer loop
      vertex -60.5 -26.4071 7.22605
      vertex -62.4 -28.2319 7.33729
      vertex -62.4 -28.2036 7.11302
    endloop
  endfacet
  facet normal 0.687029 0.309312 -0.657508
    outer loop
      vertex -60.5 -31.3252 10.3472
      vertex -62.4 -30.8672 8.57735
      vertex -62.4 -30.6626 8.6736
    endloop
  endfacet
  facet normal 0.687023 0.309376 -0.657485
    outer loop
      vertex -62.4 -30.8672 8.57735
      vertex -60.5 -31.3252 10.3472
      vertex -60.5 -31.7343 10.1547
    endloop
  endfacet
  facet normal 0.68703 0.675616 -0.267456
    outer loop
      vertex -62.4 -31.6287 7.7664
      vertex -60.5 -33.2574 8.53281
      vertex -62.4 -31.7119 7.55623
    endloop
  endfacet
  facet normal 0.687031 0.63675 -0.350053
    outer loop
      vertex -62.4 -31.5198 7.96449
      vertex -60.5 -33.2574 8.53281
      vertex -62.4 -31.6287 7.7664
    endloop
  endfacet
  facet normal 0.687028 -0.224566 -0.691059
    outer loop
      vertex -60.5 -28.6748 10.3472
      vertex -60.5 -29.1047 10.4869
      vertex -62.4 -29.3374 8.6736
    endloop
  endfacet
  facet normal 0.687025 0.0456144 -0.725201
    outer loop
      vertex -62.4 -30 8.8
      vertex -60.5 -30.4512 10.5716
      vertex -62.4 -30.2256 8.78581
    endloop
  endfacet
  facet normal 0.687028 -0.463132 -0.559911
    outer loop
      vertex -62.4 -28.7678 8.31214
      vertex -60.5 -27.884 9.91246
      vertex -62.4 -28.942 8.45623
    endloop
  endfacet
  facet normal 0.687029 -0.675619 -0.267451
    outer loop
      vertex -60.5 -26.5762 8.11246
      vertex -60.5 -26.7426 8.53281
      vertex -62.4 -28.2881 7.55623
    endloop
  endfacet
  facet normal 0.687027 -0.703816 -0.180659
    outer loop
      vertex -62.4 -28.2881 7.55623
      vertex -60.5 -26.4638 7.67457
      vertex -60.5 -26.5762 8.11246
    endloop
  endfacet
  facet normal 0.687026 -0.703815 -0.180663
    outer loop
      vertex -60.5 -26.4638 7.67457
      vertex -62.4 -28.2881 7.55623
      vertex -62.4 -28.2319 7.33729
    endloop
  endfacet
  facet normal 0.687027 -0.389355 0.613511
    outer loop
      vertex -62.4 -28.942 5.54377
      vertex -60.5 -28.2657 3.8453
      vertex -60.5 -27.884 4.08754
    endloop
  endfacet
  facet normal 0.687019 -0.389432 0.613472
    outer loop
      vertex -60.5 -28.2657 3.8453
      vertex -62.4 -28.942 5.54377
      vertex -62.4 -29.1328 5.42265
    endloop
  endfacet
  facet normal 0.687022 -0.309363 0.657491
    outer loop
      vertex -62.4 -29.1328 5.42265
      vertex -60.5 -28.6748 3.65281
      vertex -60.5 -28.2657 3.8453
    endloop
  endfacet
  facet normal 0.687027 -0.309312 0.65751
    outer loop
      vertex -60.5 -28.6748 3.65281
      vertex -62.4 -29.1328 5.42265
      vertex -62.4 -29.3374 5.3264
    endloop
  endfacet
  facet normal 0.687029 -0.675619 0.267451
    outer loop
      vertex -60.5 -26.7426 5.46719
      vertex -60.5 -26.5762 5.88754
      vertex -62.4 -28.2881 6.44377
    endloop
  endfacet
  facet normal 0.687042 -0.720901 0.0909684
    outer loop
      vertex -62.4 -28.2319 6.66271
      vertex -60.5 -26.4071 6.77395
      vertex -62.4 -28.2036 6.88698
    endloop
  endfacet
  facet normal 0.687027 -0.720895 0.0911324
    outer loop
      vertex -60.5 -26.4071 6.77395
      vertex -62.4 -28.2319 6.66271
      vertex -60.5 -26.4638 6.32543
    endloop
  endfacet
  facet normal 0.687028 0.224566 -0.691059
    outer loop
      vertex -60.5 -30.8953 10.4869
      vertex -60.5 -31.3252 10.3472
      vertex -62.4 -30.6626 8.6736
    endloop
  endfacet
  facet normal 0.687023 -0.309376 -0.657485
    outer loop
      vertex -60.5 -28.6748 10.3472
      vertex -62.4 -29.1328 8.57735
      vertex -60.5 -28.2657 10.1547
    endloop
  endfacet
  facet normal 0.687029 -0.309312 -0.657508
    outer loop
      vertex -62.4 -29.1328 8.57735
      vertex -60.5 -28.6748 10.3472
      vertex -62.4 -29.3374 8.6736
    endloop
  endfacet
  facet normal 0.687025 -0.0456144 -0.725201
    outer loop
      vertex -62.4 -29.7744 8.78581
      vertex -60.5 -29.5488 10.5716
      vertex -62.4 -30 8.8
    endloop
  endfacet
  facet normal 0.687024 -0.136193 -0.713757
    outer loop
      vertex -62.4 -29.5524 8.74345
      vertex -60.5 -29.5488 10.5716
      vertex -62.4 -29.7744 8.78581
    endloop
  endfacet
  facet normal 0.68703 -0.675616 -0.267456
    outer loop
      vertex -62.4 -28.2881 7.55623
      vertex -60.5 -26.7426 8.53281
      vertex -62.4 -28.3713 7.7664
    endloop
  endfacet
  facet normal 0.687028 -0.463132 0.559911
    outer loop
      vertex -60.5 -27.884 4.08754
      vertex -62.4 -28.7678 5.68786
      vertex -62.4 -28.942 5.54377
    endloop
  endfacet
  facet normal 0.68703 -0.136146 0.71376
    outer loop
      vertex -60.5 -29.5488 3.42839
      vertex -60.5 -29.1047 3.5131
      vertex -62.4 -29.5524 5.25655
    endloop
  endfacet
  facet normal 0.687026 -0.136192 0.713755
    outer loop
      vertex -60.5 -29.5488 3.42839
      vertex -62.4 -29.5524 5.25655
      vertex -62.4 -29.7744 5.21419
    endloop
  endfacet
  facet normal 0.687031 -0.63675 0.350053
    outer loop
      vertex -60.5 -26.7426 5.46719
      vertex -62.4 -28.3713 6.2336
      vertex -62.4 -28.4802 6.03551
    endloop
  endfacet
  facet normal 0.687039 -0.726621 0
    outer loop
      vertex -62.4 -28.2036 6.88698
      vertex -60.5 -26.4071 7.22605
      vertex -62.4 -28.2036 7.11302
    endloop
  endfacet
  facet normal 0.687039 -0.726621 0
    outer loop
      vertex -60.5 -26.4071 7.22605
      vertex -62.4 -28.2036 6.88698
      vertex -60.5 -26.4071 6.77395
    endloop
  endfacet
  facet normal 0.687027 -0.389355 -0.613511
    outer loop
      vertex -60.5 -28.2657 10.1547
      vertex -62.4 -28.942 8.45623
      vertex -60.5 -27.884 9.91246
    endloop
  endfacet
  facet normal 0.687019 -0.389432 -0.613472
    outer loop
      vertex -62.4 -28.942 8.45623
      vertex -60.5 -28.2657 10.1547
      vertex -62.4 -29.1328 8.57735
    endloop
  endfacet
  facet normal 0.687033 -0.224517 0.69107
    outer loop
      vertex -60.5 -29.1047 3.5131
      vertex -62.4 -29.3374 5.3264
      vertex -62.4 -29.5524 5.25655
    endloop
  endfacet
  facet normal 0.687027 -0.224581 0.691055
    outer loop
      vertex -60.5 -29.1047 3.5131
      vertex -60.5 -28.6748 3.65281
      vertex -62.4 -29.3374 5.3264
    endloop
  endfacet
  facet normal 0 -0.0627969 0.998026
    outer loop
      vertex -60.5 -29.5488 3.42839
      vertex -50.2888 -30 3.4
      vertex -49.2736 -29.5488 3.42839
    endloop
  endfacet
  facet normal 0 -0.0627969 0.998026
    outer loop
      vertex -50.2888 -30 3.4
      vertex -60.5 -29.5488 3.42839
      vertex -60.5 -30 3.4
    endloop
  endfacet
  facet normal 0 -0.0628189 -0.998025
    outer loop
      vertex -60.5 -29.5488 10.5716
      vertex -50.2888 -30 10.6
      vertex -60.5 -30 10.6
    endloop
  endfacet
  facet normal 0 -0.0628189 -0.998025
    outer loop
      vertex -50.2888 -30 10.6
      vertex -60.5 -29.5488 10.5716
      vertex -49.2736 -29.5488 10.5716
    endloop
  endfacet
  facet normal 0 -1 0
    outer loop
      vertex -60.5 -26.4071 6.77395
      vertex -42.2048 -26.4071 7.22605
      vertex -60.5 -26.4071 7.22605
    endloop
  endfacet
  facet normal 0 -1 -0
    outer loop
      vertex -42.2048 -26.4071 7.22605
      vertex -60.5 -26.4071 6.77395
      vertex -42.2048 -26.4071 6.77395
    endloop
  endfacet
  facet normal 0 1 -0
    outer loop
      vertex -58.3728 -33.5929 6.77395
      vertex -60.5 -33.5929 7.22605
      vertex -58.3728 -33.5929 7.22605
    endloop
  endfacet
  facet normal 0 1 0
    outer loop
      vertex -60.5 -33.5929 7.22605
      vertex -58.3728 -33.5929 6.77395
      vertex -60.5 -33.5929 6.77395
    endloop
  endfacet
  facet normal -0 0.637356 0.770569
    outer loop
      vertex -60.5 -32.116 4.08754
      vertex -55.8336 -32.4644 4.37571
      vertex -55.0499 -32.116 4.08754
    endloop
  endfacet
  facet normal 0 0.637356 0.770569
    outer loop
      vertex -55.8336 -32.4644 4.37571
      vertex -60.5 -32.116 4.08754
      vertex -60.5 -32.4644 4.37571
    endloop
  endfacet
  facet normal 0 -0.729054 0.684456
    outer loop
      vertex -44.744 -27.5356 4.37571
      vertex -60.5 -27.2262 4.70527
      vertex -60.5 -27.5356 4.37571
    endloop
  endfacet
  facet normal 0 -0.729054 0.684456
    outer loop
      vertex -60.5 -27.2262 4.70527
      vertex -44.744 -27.5356 4.37571
      vertex -44.0476 -27.2262 4.70527
    endloop
  endfacet
  facet normal 0 -0.729054 -0.684456
    outer loop
      vertex -60.5 -27.2262 9.29473
      vertex -44.744 -27.5356 9.62429
      vertex -60.5 -27.5356 9.62429
    endloop
  endfacet
  facet normal 0 -0.729054 -0.684456
    outer loop
      vertex -44.744 -27.5356 9.62429
      vertex -60.5 -27.2262 9.29473
      vertex -44.0476 -27.2262 9.29473
    endloop
  endfacet
  facet normal 0 -0.929798 -0.36807
    outer loop
      vertex -60.5 -26.5762 8.11246
      vertex -42.9597 -26.7426 8.53281
      vertex -60.5 -26.7426 8.53281
    endloop
  endfacet
  facet normal 0 -0.929798 -0.36807
    outer loop
      vertex -42.9597 -26.7426 8.53281
      vertex -60.5 -26.5762 8.11246
      vertex -42.5852 -26.5762 8.11246
    endloop
  endfacet
  facet normal 0 -0.425747 0.904842
    outer loop
      vertex -60.5 -28.2657 3.8453
      vertex -47.307 -28.6748 3.65281
      vertex -46.3866 -28.2657 3.8453
    endloop
  endfacet
  facet normal 0 -0.425747 0.904842
    outer loop
      vertex -47.307 -28.6748 3.65281
      vertex -60.5 -28.2657 3.8453
      vertex -60.5 -28.6748 3.65281
    endloop
  endfacet
  facet normal 0 -0.187367 0.98229
    outer loop
      vertex -60.5 -29.1047 3.5131
      vertex -49.2736 -29.5488 3.42839
      vertex -48.2744 -29.1047 3.5131
    endloop
  endfacet
  facet normal 0 -0.187367 0.98229
    outer loop
      vertex -49.2736 -29.5488 3.42839
      vertex -60.5 -29.1047 3.5131
      vertex -60.5 -29.5488 3.42839
    endloop
  endfacet
  facet normal 0 -0.535836 0.844322
    outer loop
      vertex -60.5 -27.884 4.08754
      vertex -46.3866 -28.2657 3.8453
      vertex -45.5277 -27.884 4.08754
    endloop
  endfacet
  facet normal 0 -0.535836 0.844322
    outer loop
      vertex -46.3866 -28.2657 3.8453
      vertex -60.5 -27.884 4.08754
      vertex -60.5 -28.2657 3.8453
    endloop
  endfacet
  facet normal 0 -0.929798 0.36807
    outer loop
      vertex -42.9597 -26.7426 5.46719
      vertex -60.5 -26.5762 5.88754
      vertex -60.5 -26.7426 5.46719
    endloop
  endfacet
  facet normal 0 -0.929798 0.36807
    outer loop
      vertex -60.5 -26.5762 5.88754
      vertex -42.9597 -26.7426 5.46719
      vertex -42.5852 -26.5762 5.88754
    endloop
  endfacet
  facet normal 0 -0.9686 0.248625
    outer loop
      vertex -42.5852 -26.5762 5.88754
      vertex -60.5 -26.4638 6.32543
      vertex -60.5 -26.5762 5.88754
    endloop
  endfacet
  facet normal 0 -0.9686 0.248625
    outer loop
      vertex -60.5 -26.4638 6.32543
      vertex -42.5852 -26.5762 5.88754
      vertex -42.3323 -26.4638 6.32543
    endloop
  endfacet
  facet normal 0 -0.808946 0.587882
    outer loop
      vertex -44.0476 -27.2262 4.70527
      vertex -60.5 -26.9604 5.07102
      vertex -60.5 -27.2262 4.70527
    endloop
  endfacet
  facet normal 0 -0.808946 0.587882
    outer loop
      vertex -60.5 -26.9604 5.07102
      vertex -44.0476 -27.2262 4.70527
      vertex -43.4497 -26.9604 5.07102
    endloop
  endfacet
  facet normal 0 -0.535836 -0.844322
    outer loop
      vertex -60.5 -27.884 9.91246
      vertex -46.3866 -28.2657 10.1547
      vertex -60.5 -28.2657 10.1547
    endloop
  endfacet
  facet normal 0 -0.535836 -0.844322
    outer loop
      vertex -46.3866 -28.2657 10.1547
      vertex -60.5 -27.884 9.91246
      vertex -45.5277 -27.884 9.91246
    endloop
  endfacet
  facet normal 0 -0.637356 -0.770569
    outer loop
      vertex -60.5 -27.5356 9.62429
      vertex -45.5277 -27.884 9.91246
      vertex -60.5 -27.884 9.91246
    endloop
  endfacet
  facet normal 0 -0.637356 -0.770569
    outer loop
      vertex -45.5277 -27.884 9.91246
      vertex -60.5 -27.5356 9.62429
      vertex -44.744 -27.5356 9.62429
    endloop
  endfacet
  facet normal 0 -0.309051 -0.951045
    outer loop
      vertex -60.5 -28.6748 10.3472
      vertex -48.2744 -29.1047 10.4869
      vertex -60.5 -29.1047 10.4869
    endloop
  endfacet
  facet normal 0 -0.309051 -0.951045
    outer loop
      vertex -48.2744 -29.1047 10.4869
      vertex -60.5 -28.6748 10.3472
      vertex -47.307 -28.6748 10.3472
    endloop
  endfacet
  facet normal 0 -0.876303 -0.48176
    outer loop
      vertex -60.5 -26.7426 8.53281
      vertex -43.4497 -26.9604 8.92898
      vertex -60.5 -26.9604 8.92898
    endloop
  endfacet
  facet normal 0 -0.876303 -0.48176
    outer loop
      vertex -43.4497 -26.9604 8.92898
      vertex -60.5 -26.7426 8.53281
      vertex -42.9597 -26.7426 8.53281
    endloop
  endfacet
  facet normal 0 -0.9686 -0.248625
    outer loop
      vertex -60.5 -26.4638 7.67457
      vertex -42.5852 -26.5762 8.11246
      vertex -60.5 -26.5762 8.11246
    endloop
  endfacet
  facet normal 0 -0.9686 -0.248625
    outer loop
      vertex -42.5852 -26.5762 8.11246
      vertex -60.5 -26.4638 7.67457
      vertex -42.3323 -26.4638 7.67457
    endloop
  endfacet
  facet normal -0 0.929798 0.36807
    outer loop
      vertex -60.5 -33.2574 5.46719
      vertex -57.9924 -33.4238 5.88754
      vertex -57.6179 -33.2574 5.46719
    endloop
  endfacet
  facet normal 0 0.929798 0.36807
    outer loop
      vertex -57.9924 -33.4238 5.88754
      vertex -60.5 -33.2574 5.46719
      vertex -60.5 -33.4238 5.88754
    endloop
  endfacet
  facet normal 0 -0.309071 0.951039
    outer loop
      vertex -60.5 -28.6748 3.65281
      vertex -48.2744 -29.1047 3.5131
      vertex -47.307 -28.6748 3.65281
    endloop
  endfacet
  facet normal 0 -0.309071 0.951039
    outer loop
      vertex -48.2744 -29.1047 3.5131
      vertex -60.5 -28.6748 3.65281
      vertex -60.5 -29.1047 3.5131
    endloop
  endfacet
  facet normal 0 -0.637356 0.770569
    outer loop
      vertex -60.5 -27.5356 4.37571
      vertex -45.5277 -27.884 4.08754
      vertex -44.744 -27.5356 4.37571
    endloop
  endfacet
  facet normal 0 -0.637356 0.770569
    outer loop
      vertex -45.5277 -27.884 4.08754
      vertex -60.5 -27.5356 4.37571
      vertex -60.5 -27.884 4.08754
    endloop
  endfacet
  facet normal 0 -0.992104 0.125418
    outer loop
      vertex -42.3323 -26.4638 6.32543
      vertex -60.5 -26.4071 6.77395
      vertex -60.5 -26.4638 6.32543
    endloop
  endfacet
  facet normal 0 -0.992104 0.125418
    outer loop
      vertex -60.5 -26.4071 6.77395
      vertex -42.3323 -26.4638 6.32543
      vertex -42.2048 -26.4071 6.77395
    endloop
  endfacet
  facet normal 0 -0.425765 -0.904834
    outer loop
      vertex -60.5 -28.2657 10.1547
      vertex -47.307 -28.6748 10.3472
      vertex -60.5 -28.6748 10.3472
    endloop
  endfacet
  facet normal 0 -0.425765 -0.904834
    outer loop
      vertex -47.307 -28.6748 10.3472
      vertex -60.5 -28.2657 10.1547
      vertex -46.3866 -28.2657 10.1547
    endloop
  endfacet
  facet normal 0 -0.187346 -0.982294
    outer loop
      vertex -60.5 -29.1047 10.4869
      vertex -49.2736 -29.5488 10.5716
      vertex -60.5 -29.5488 10.5716
    endloop
  endfacet
  facet normal 0 -0.187346 -0.982294
    outer loop
      vertex -49.2736 -29.5488 10.5716
      vertex -60.5 -29.1047 10.4869
      vertex -48.2744 -29.1047 10.4869
    endloop
  endfacet
  facet normal 0 -0.992104 -0.125418
    outer loop
      vertex -60.5 -26.4071 7.22605
      vertex -42.3323 -26.4638 7.67457
      vertex -60.5 -26.4638 7.67457
    endloop
  endfacet
  facet normal 0 -0.992104 -0.125418
    outer loop
      vertex -42.3323 -26.4638 7.67457
      vertex -60.5 -26.4071 7.22605
      vertex -42.2048 -26.4071 7.22605
    endloop
  endfacet
  facet normal -0 0.0627969 0.998026
    outer loop
      vertex -60.5 -30 3.4
      vertex -51.304 -30.4512 3.42839
      vertex -50.2888 -30 3.4
    endloop
  endfacet
  facet normal 0 0.0627969 0.998026
    outer loop
      vertex -51.304 -30.4512 3.42839
      vertex -60.5 -30 3.4
      vertex -60.5 -30.4512 3.42839
    endloop
  endfacet
  facet normal -0 0.535836 0.844322
    outer loop
      vertex -60.5 -31.7343 3.8453
      vertex -55.0499 -32.116 4.08754
      vertex -54.191 -31.7343 3.8453
    endloop
  endfacet
  facet normal 0 0.535836 0.844322
    outer loop
      vertex -55.0499 -32.116 4.08754
      vertex -60.5 -31.7343 3.8453
      vertex -60.5 -32.116 4.08754
    endloop
  endfacet
  facet normal -0 0.187367 0.98229
    outer loop
      vertex -60.5 -30.4512 3.42839
      vertex -52.3032 -30.8953 3.5131
      vertex -51.304 -30.4512 3.42839
    endloop
  endfacet
  facet normal 0 0.187367 0.98229
    outer loop
      vertex -52.3032 -30.8953 3.5131
      vertex -60.5 -30.4512 3.42839
      vertex -60.5 -30.8953 3.5131
    endloop
  endfacet
  facet normal 0 0.929798 -0.36807
    outer loop
      vertex -57.9924 -33.4238 8.11246
      vertex -60.5 -33.2574 8.53281
      vertex -57.6179 -33.2574 8.53281
    endloop
  endfacet
  facet normal 0 0.929798 -0.36807
    outer loop
      vertex -60.5 -33.2574 8.53281
      vertex -57.9924 -33.4238 8.11246
      vertex -60.5 -33.4238 8.11246
    endloop
  endfacet
  facet normal 0 0.425765 -0.904834
    outer loop
      vertex -60.5 -31.3252 10.3472
      vertex -54.191 -31.7343 10.1547
      vertex -60.5 -31.7343 10.1547
    endloop
  endfacet
  facet normal 0 0.425765 -0.904834
    outer loop
      vertex -54.191 -31.7343 10.1547
      vertex -60.5 -31.3252 10.3472
      vertex -53.2706 -31.3252 10.3472
    endloop
  endfacet
  facet normal -0 0.808946 0.587882
    outer loop
      vertex -60.5 -32.7738 4.70527
      vertex -57.1278 -33.0396 5.07102
      vertex -56.5299 -32.7738 4.70527
    endloop
  endfacet
  facet normal 0 0.808946 0.587882
    outer loop
      vertex -57.1278 -33.0396 5.07102
      vertex -60.5 -32.7738 4.70527
      vertex -60.5 -33.0396 5.07102
    endloop
  endfacet
  facet normal -0 0.876303 0.48176
    outer loop
      vertex -60.5 -33.0396 5.07102
      vertex -57.6179 -33.2574 5.46719
      vertex -57.1278 -33.0396 5.07102
    endloop
  endfacet
  facet normal 0 0.876303 0.48176
    outer loop
      vertex -57.6179 -33.2574 5.46719
      vertex -60.5 -33.0396 5.07102
      vertex -60.5 -33.2574 5.46719
    endloop
  endfacet
  facet normal 0 -0.876303 0.48176
    outer loop
      vertex -43.4497 -26.9604 5.07102
      vertex -60.5 -26.7426 5.46719
      vertex -60.5 -26.9604 5.07102
    endloop
  endfacet
  facet normal 0 -0.876303 0.48176
    outer loop
      vertex -60.5 -26.7426 5.46719
      vertex -43.4497 -26.9604 5.07102
      vertex -42.9597 -26.7426 5.46719
    endloop
  endfacet
  facet normal 0 -0.808946 -0.587882
    outer loop
      vertex -60.5 -26.9604 8.92898
      vertex -44.0476 -27.2262 9.29473
      vertex -60.5 -27.2262 9.29473
    endloop
  endfacet
  facet normal 0 -0.808946 -0.587882
    outer loop
      vertex -44.0476 -27.2262 9.29473
      vertex -60.5 -26.9604 8.92898
      vertex -43.4497 -26.9604 8.92898
    endloop
  endfacet
  facet normal -0 0.309071 0.951039
    outer loop
      vertex -60.5 -30.8953 3.5131
      vertex -53.2706 -31.3252 3.65281
      vertex -52.3032 -30.8953 3.5131
    endloop
  endfacet
  facet normal 0 0.309071 0.951039
    outer loop
      vertex -53.2706 -31.3252 3.65281
      vertex -60.5 -30.8953 3.5131
      vertex -60.5 -31.3252 3.65281
    endloop
  endfacet
  facet normal -0 0.425747 0.904842
    outer loop
      vertex -60.5 -31.3252 3.65281
      vertex -54.191 -31.7343 3.8453
      vertex -53.2706 -31.3252 3.65281
    endloop
  endfacet
  facet normal 0 0.425747 0.904842
    outer loop
      vertex -54.191 -31.7343 3.8453
      vertex -60.5 -31.3252 3.65281
      vertex -60.5 -31.7343 3.8453
    endloop
  endfacet
  facet normal 0 0.9686 -0.248625
    outer loop
      vertex -58.2453 -33.5362 7.67457
      vertex -60.5 -33.4238 8.11246
      vertex -57.9924 -33.4238 8.11246
    endloop
  endfacet
  facet normal 0 0.9686 -0.248625
    outer loop
      vertex -60.5 -33.4238 8.11246
      vertex -58.2453 -33.5362 7.67457
      vertex -60.5 -33.5362 7.67457
    endloop
  endfacet
  facet normal 0 0.637356 -0.770569
    outer loop
      vertex -60.5 -32.116 9.91246
      vertex -55.8336 -32.4644 9.62429
      vertex -60.5 -32.4644 9.62429
    endloop
  endfacet
  facet normal 0 0.637356 -0.770569
    outer loop
      vertex -55.8336 -32.4644 9.62429
      vertex -60.5 -32.116 9.91246
      vertex -55.0499 -32.116 9.91246
    endloop
  endfacet
  facet normal 0 0.309051 -0.951045
    outer loop
      vertex -60.5 -30.8953 10.4869
      vertex -53.2706 -31.3252 10.3472
      vertex -60.5 -31.3252 10.3472
    endloop
  endfacet
  facet normal 0 0.309051 -0.951045
    outer loop
      vertex -53.2706 -31.3252 10.3472
      vertex -60.5 -30.8953 10.4869
      vertex -52.3032 -30.8953 10.4869
    endloop
  endfacet
  facet normal -0 0.729054 0.684456
    outer loop
      vertex -60.5 -32.4644 4.37571
      vertex -56.5299 -32.7738 4.70527
      vertex -55.8336 -32.4644 4.37571
    endloop
  endfacet
  facet normal 0 0.729054 0.684456
    outer loop
      vertex -56.5299 -32.7738 4.70527
      vertex -60.5 -32.4644 4.37571
      vertex -60.5 -32.7738 4.70527
    endloop
  endfacet
  facet normal 0 0.992104 -0.125418
    outer loop
      vertex -58.3728 -33.5929 7.22605
      vertex -60.5 -33.5362 7.67457
      vertex -58.2453 -33.5362 7.67457
    endloop
  endfacet
  facet normal 0 0.992104 -0.125418
    outer loop
      vertex -60.5 -33.5362 7.67457
      vertex -58.3728 -33.5929 7.22605
      vertex -60.5 -33.5929 7.22605
    endloop
  endfacet
  facet normal 0 0.876303 -0.48176
    outer loop
      vertex -57.6179 -33.2574 8.53281
      vertex -60.5 -33.0396 8.92898
      vertex -57.1278 -33.0396 8.92898
    endloop
  endfacet
  facet normal 0 0.876303 -0.48176
    outer loop
      vertex -60.5 -33.0396 8.92898
      vertex -57.6179 -33.2574 8.53281
      vertex -60.5 -33.2574 8.53281
    endloop
  endfacet
  facet normal 0 0.729054 -0.684456
    outer loop
      vertex -56.5299 -32.7738 9.29473
      vertex -60.5 -32.4644 9.62429
      vertex -55.8336 -32.4644 9.62429
    endloop
  endfacet
  facet normal 0 0.729054 -0.684456
    outer loop
      vertex -60.5 -32.4644 9.62429
      vertex -56.5299 -32.7738 9.29473
      vertex -60.5 -32.7738 9.29473
    endloop
  endfacet
  facet normal 0 0.535836 -0.844322
    outer loop
      vertex -60.5 -31.7343 10.1547
      vertex -55.0499 -32.116 9.91246
      vertex -60.5 -32.116 9.91246
    endloop
  endfacet
  facet normal 0 0.535836 -0.844322
    outer loop
      vertex -55.0499 -32.116 9.91246
      vertex -60.5 -31.7343 10.1547
      vertex -54.191 -31.7343 10.1547
    endloop
  endfacet
  facet normal 0 0.187346 -0.982294
    outer loop
      vertex -60.5 -30.4512 10.5716
      vertex -52.3032 -30.8953 10.4869
      vertex -60.5 -30.8953 10.4869
    endloop
  endfacet
  facet normal 0 0.187346 -0.982294
    outer loop
      vertex -52.3032 -30.8953 10.4869
      vertex -60.5 -30.4512 10.5716
      vertex -51.304 -30.4512 10.5716
    endloop
  endfacet
  facet normal 0 0.0628189 -0.998025
    outer loop
      vertex -60.5 -30 10.6
      vertex -51.304 -30.4512 10.5716
      vertex -60.5 -30.4512 10.5716
    endloop
  endfacet
  facet normal 0 0.0628189 -0.998025
    outer loop
      vertex -51.304 -30.4512 10.5716
      vertex -60.5 -30 10.6
      vertex -50.2888 -30 10.6
    endloop
  endfacet
  facet normal -0 0.9686 0.248625
    outer loop
      vertex -60.5 -33.4238 5.88754
      vertex -58.2453 -33.5362 6.32543
      vertex -57.9924 -33.4238 5.88754
    endloop
  endfacet
  facet normal 0 0.9686 0.248625
    outer loop
      vertex -58.2453 -33.5362 6.32543
      vertex -60.5 -33.4238 5.88754
      vertex -60.5 -33.5362 6.32543
    endloop
  endfacet
  facet normal -0 0.992104 0.125418
    outer loop
      vertex -60.5 -33.5362 6.32543
      vertex -58.3728 -33.5929 6.77395
      vertex -58.2453 -33.5362 6.32543
    endloop
  endfacet
  facet normal 0 0.992104 0.125418
    outer loop
      vertex -58.3728 -33.5929 6.77395
      vertex -60.5 -33.5362 6.32543
      vertex -60.5 -33.5929 6.77395
    endloop
  endfacet
  facet normal 0 0.808946 -0.587882
    outer loop
      vertex -57.1278 -33.0396 8.92898
      vertex -60.5 -32.7738 9.29473
      vertex -56.5299 -32.7738 9.29473
    endloop
  endfacet
  facet normal 0 0.808946 -0.587882
    outer loop
      vertex -60.5 -32.7738 9.29473
      vertex -57.1278 -33.0396 8.92898
      vertex -60.5 -33.0396 8.92898
    endloop
  endfacet
  facet normal 0 -0.0627749 0.998028
    outer loop
      vertex -74.5 -29.7744 5.21419
      vertex -62.4 -30 5.2
      vertex -62.4 -29.7744 5.21419
    endloop
  endfacet
  facet normal 0 -0.0627749 0.998028
    outer loop
      vertex -62.4 -30 5.2
      vertex -74.5 -29.7744 5.21419
      vertex -74.5 -30 5.2
    endloop
  endfacet
  facet normal 0 -0.0627749 -0.998028
    outer loop
      vertex -74.5 -30 8.8
      vertex -62.4 -29.7744 8.78581
      vertex -62.4 -30 8.8
    endloop
  endfacet
  facet normal -0 -0.0627749 -0.998028
    outer loop
      vertex -62.4 -29.7744 8.78581
      vertex -74.5 -30 8.8
      vertex -74.5 -29.7744 8.78581
    endloop
  endfacet
  facet normal 0 -1 0
    outer loop
      vertex -74.5 -28.2036 6.88698
      vertex -62.4 -28.2036 7.11302
      vertex -74.5 -28.2036 7.11302
    endloop
  endfacet
  facet normal 0 -1 -0
    outer loop
      vertex -62.4 -28.2036 7.11302
      vertex -74.5 -28.2036 6.88698
      vertex -62.4 -28.2036 6.88698
    endloop
  endfacet
  facet normal 0 1 -0
    outer loop
      vertex -62.4 -31.7964 6.88698
      vertex -74.5 -31.7964 7.11302
      vertex -62.4 -31.7964 7.11302
    endloop
  endfacet
  facet normal 0 1 0
    outer loop
      vertex -74.5 -31.7964 7.11302
      vertex -62.4 -31.7964 6.88698
      vertex -74.5 -31.7964 6.88698
    endloop
  endfacet
  facet normal 0 -0.729054 0.684456
    outer loop
      vertex -74.5 -28.7678 5.68786
      vertex -62.4 -28.6131 5.85264
      vertex -74.5 -28.6131 5.85264
    endloop
  endfacet
  facet normal 0 -0.729054 0.684456
    outer loop
      vertex -62.4 -28.6131 5.85264
      vertex -74.5 -28.7678 5.68786
      vertex -62.4 -28.7678 5.68786
    endloop
  endfacet
  facet normal 0 -0.729054 -0.684456
    outer loop
      vertex -74.5 -28.6131 8.14736
      vertex -62.4 -28.7678 8.31214
      vertex -74.5 -28.7678 8.31214
    endloop
  endfacet
  facet normal 0 -0.729054 -0.684456
    outer loop
      vertex -62.4 -28.7678 8.31214
      vertex -74.5 -28.6131 8.14736
      vertex -62.4 -28.6131 8.14736
    endloop
  endfacet
  facet normal 0 -0.929795 -0.368078
    outer loop
      vertex -74.5 -28.2881 7.55623
      vertex -62.4 -28.3713 7.7664
      vertex -74.5 -28.3713 7.7664
    endloop
  endfacet
  facet normal 0 -0.929795 -0.368078
    outer loop
      vertex -62.4 -28.3713 7.7664
      vertex -74.5 -28.2881 7.55623
      vertex -62.4 -28.2881 7.55623
    endloop
  endfacet
  facet normal -0 0.535936 0.844259
    outer loop
      vertex -74.5 -30.8672 5.42265
      vertex -62.4 -31.058 5.54377
      vertex -62.4 -30.8672 5.42265
    endloop
  endfacet
  facet normal 0 0.535936 0.844259
    outer loop
      vertex -62.4 -31.058 5.54377
      vertex -74.5 -30.8672 5.42265
      vertex -74.5 -31.058 5.54377
    endloop
  endfacet
  facet normal 0 -0.42568 0.904874
    outer loop
      vertex -74.5 -29.1328 5.42265
      vertex -62.4 -29.3374 5.3264
      vertex -62.4 -29.1328 5.42265
    endloop
  endfacet
  facet normal 0 -0.42568 0.904874
    outer loop
      vertex -62.4 -29.3374 5.3264
      vertex -74.5 -29.1328 5.42265
      vertex -74.5 -29.3374 5.3264
    endloop
  endfacet
  facet normal 0 -0.187429 0.982278
    outer loop
      vertex -74.5 -29.5524 5.25655
      vertex -62.4 -29.7744 5.21419
      vertex -62.4 -29.5524 5.25655
    endloop
  endfacet
  facet normal 0 -0.187429 0.982278
    outer loop
      vertex -62.4 -29.7744 5.21419
      vertex -74.5 -29.5524 5.25655
      vertex -74.5 -29.7744 5.21419
    endloop
  endfacet
  facet normal 0 -0.929795 0.368078
    outer loop
      vertex -74.5 -28.3713 6.2336
      vertex -62.4 -28.2881 6.44377
      vertex -74.5 -28.2881 6.44377
    endloop
  endfacet
  facet normal 0 -0.929795 0.368078
    outer loop
      vertex -62.4 -28.2881 6.44377
      vertex -74.5 -28.3713 6.2336
      vertex -62.4 -28.3713 6.2336
    endloop
  endfacet
  facet normal 0 -0.968598 0.248631
    outer loop
      vertex -74.5 -28.2881 6.44377
      vertex -62.4 -28.2319 6.66271
      vertex -74.5 -28.2319 6.66271
    endloop
  endfacet
  facet normal 0 -0.968598 0.248631
    outer loop
      vertex -62.4 -28.2319 6.66271
      vertex -74.5 -28.2881 6.44377
      vertex -62.4 -28.2881 6.44377
    endloop
  endfacet
  facet normal 0 -0.808939 0.587893
    outer loop
      vertex -74.5 -28.6131 5.85264
      vertex -62.4 -28.4802 6.03551
      vertex -74.5 -28.4802 6.03551
    endloop
  endfacet
  facet normal 0 -0.808939 0.587893
    outer loop
      vertex -62.4 -28.4802 6.03551
      vertex -74.5 -28.6131 5.85264
      vertex -62.4 -28.6131 5.85264
    endloop
  endfacet
  facet normal 0 -0.42568 -0.904874
    outer loop
      vertex -74.5 -29.3374 8.6736
      vertex -62.4 -29.1328 8.57735
      vertex -62.4 -29.3374 8.6736
    endloop
  endfacet
  facet normal -0 -0.42568 -0.904874
    outer loop
      vertex -62.4 -29.1328 8.57735
      vertex -74.5 -29.3374 8.6736
      vertex -74.5 -29.1328 8.57735
    endloop
  endfacet
  facet normal 0 -0.308986 -0.951067
    outer loop
      vertex -74.5 -29.5524 8.74345
      vertex -62.4 -29.3374 8.6736
      vertex -62.4 -29.5524 8.74345
    endloop
  endfacet
  facet normal -0 -0.308986 -0.951067
    outer loop
      vertex -62.4 -29.3374 8.6736
      vertex -74.5 -29.5524 8.74345
      vertex -74.5 -29.3374 8.6736
    endloop
  endfacet
  facet normal 0 -0.968598 -0.248631
    outer loop
      vertex -74.5 -28.2319 7.33729
      vertex -62.4 -28.2881 7.55623
      vertex -74.5 -28.2881 7.55623
    endloop
  endfacet
  facet normal 0 -0.968598 -0.248631
    outer loop
      vertex -62.4 -28.2881 7.55623
      vertex -74.5 -28.2319 7.33729
      vertex -62.4 -28.2319 7.33729
    endloop
  endfacet
  facet normal 0 0.992132 0.125194
    outer loop
      vertex -62.4 -31.7681 6.66271
      vertex -74.5 -31.7964 6.88698
      vertex -62.4 -31.7964 6.88698
    endloop
  endfacet
  facet normal 0 0.992132 0.125194
    outer loop
      vertex -74.5 -31.7964 6.88698
      vertex -62.4 -31.7681 6.66271
      vertex -74.5 -31.7681 6.66271
    endloop
  endfacet
  facet normal 0 0.929795 0.368078
    outer loop
      vertex -62.4 -31.6287 6.2336
      vertex -74.5 -31.7119 6.44377
      vertex -62.4 -31.7119 6.44377
    endloop
  endfacet
  facet normal 0 0.929795 0.368078
    outer loop
      vertex -74.5 -31.7119 6.44377
      vertex -62.4 -31.6287 6.2336
      vertex -74.5 -31.6287 6.2336
    endloop
  endfacet
  facet normal 0 -0.308986 0.951067
    outer loop
      vertex -74.5 -29.3374 5.3264
      vertex -62.4 -29.5524 5.25655
      vertex -62.4 -29.3374 5.3264
    endloop
  endfacet
  facet normal 0 -0.308986 0.951067
    outer loop
      vertex -62.4 -29.5524 5.25655
      vertex -74.5 -29.3374 5.3264
      vertex -74.5 -29.5524 5.25655
    endloop
  endfacet
  facet normal 0 -0.637369 0.770558
    outer loop
      vertex -74.5 -28.7678 5.68786
      vertex -62.4 -28.942 5.54377
      vertex -62.4 -28.7678 5.68786
    endloop
  endfacet
  facet normal 0 -0.637369 0.770558
    outer loop
      vertex -62.4 -28.942 5.54377
      vertex -74.5 -28.7678 5.68786
      vertex -74.5 -28.942 5.54377
    endloop
  endfacet
  facet normal 0 -0.535936 0.844259
    outer loop
      vertex -74.5 -28.942 5.54377
      vertex -62.4 -29.1328 5.42265
      vertex -62.4 -28.942 5.54377
    endloop
  endfacet
  facet normal 0 -0.535936 0.844259
    outer loop
      vertex -62.4 -29.1328 5.42265
      vertex -74.5 -28.942 5.54377
      vertex -74.5 -29.1328 5.42265
    endloop
  endfacet
  facet normal 0 -0.992132 0.125194
    outer loop
      vertex -74.5 -28.2319 6.66271
      vertex -62.4 -28.2036 6.88698
      vertex -74.5 -28.2036 6.88698
    endloop
  endfacet
  facet normal 0 -0.992132 0.125194
    outer loop
      vertex -62.4 -28.2036 6.88698
      vertex -74.5 -28.2319 6.66271
      vertex -62.4 -28.2319 6.66271
    endloop
  endfacet
  facet normal 0 -0.876308 0.481751
    outer loop
      vertex -74.5 -28.4802 6.03551
      vertex -62.4 -28.3713 6.2336
      vertex -74.5 -28.3713 6.2336
    endloop
  endfacet
  facet normal 0 -0.876308 0.481751
    outer loop
      vertex -62.4 -28.3713 6.2336
      vertex -74.5 -28.4802 6.03551
      vertex -62.4 -28.4802 6.03551
    endloop
  endfacet
  facet normal 0 -0.535936 -0.844259
    outer loop
      vertex -74.5 -29.1328 8.57735
      vertex -62.4 -28.942 8.45623
      vertex -62.4 -29.1328 8.57735
    endloop
  endfacet
  facet normal -0 -0.535936 -0.844259
    outer loop
      vertex -62.4 -28.942 8.45623
      vertex -74.5 -29.1328 8.57735
      vertex -74.5 -28.942 8.45623
    endloop
  endfacet
  facet normal 0 -0.637369 -0.770558
    outer loop
      vertex -74.5 -28.942 8.45623
      vertex -62.4 -28.7678 8.31214
      vertex -62.4 -28.942 8.45623
    endloop
  endfacet
  facet normal -0 -0.637369 -0.770558
    outer loop
      vertex -62.4 -28.7678 8.31214
      vertex -74.5 -28.942 8.45623
      vertex -74.5 -28.7678 8.31214
    endloop
  endfacet
  facet normal 0 -0.187429 -0.982278
    outer loop
      vertex -74.5 -29.7744 8.78581
      vertex -62.4 -29.5524 8.74345
      vertex -62.4 -29.7744 8.78581
    endloop
  endfacet
  facet normal -0 -0.187429 -0.982278
    outer loop
      vertex -62.4 -29.5524 8.74345
      vertex -74.5 -29.7744 8.78581
      vertex -74.5 -29.5524 8.74345
    endloop
  endfacet
  facet normal 0 -0.876308 -0.481751
    outer loop
      vertex -74.5 -28.3713 7.7664
      vertex -62.4 -28.4802 7.96449
      vertex -74.5 -28.4802 7.96449
    endloop
  endfacet
  facet normal 0 -0.876308 -0.481751
    outer loop
      vertex -62.4 -28.4802 7.96449
      vertex -74.5 -28.3713 7.7664
      vertex -62.4 -28.3713 7.7664
    endloop
  endfacet
  facet normal 0 -0.808939 -0.587893
    outer loop
      vertex -74.5 -28.4802 7.96449
      vertex -62.4 -28.6131 8.14736
      vertex -74.5 -28.6131 8.14736
    endloop
  endfacet
  facet normal 0 -0.808939 -0.587893
    outer loop
      vertex -62.4 -28.6131 8.14736
      vertex -74.5 -28.4802 7.96449
      vertex -62.4 -28.4802 7.96449
    endloop
  endfacet
  facet normal 0 -0.992132 -0.125194
    outer loop
      vertex -74.5 -28.2036 7.11302
      vertex -62.4 -28.2319 7.33729
      vertex -74.5 -28.2319 7.33729
    endloop
  endfacet
  facet normal 0 -0.992132 -0.125194
    outer loop
      vertex -62.4 -28.2319 7.33729
      vertex -74.5 -28.2036 7.11302
      vertex -62.4 -28.2036 7.11302
    endloop
  endfacet
  facet normal -0 0.0627749 0.998028
    outer loop
      vertex -74.5 -30 5.2
      vertex -62.4 -30.2256 5.21419
      vertex -62.4 -30 5.2
    endloop
  endfacet
  facet normal 0 0.0627749 0.998028
    outer loop
      vertex -62.4 -30.2256 5.21419
      vertex -74.5 -30 5.2
      vertex -74.5 -30.2256 5.21419
    endloop
  endfacet
  facet normal 0 0.876308 0.481751
    outer loop
      vertex -62.4 -31.5198 6.03551
      vertex -74.5 -31.6287 6.2336
      vertex -62.4 -31.6287 6.2336
    endloop
  endfacet
  facet normal 0 0.876308 0.481751
    outer loop
      vertex -74.5 -31.6287 6.2336
      vertex -62.4 -31.5198 6.03551
      vertex -74.5 -31.5198 6.03551
    endloop
  endfacet
  facet normal 0 0.729054 0.684456
    outer loop
      vertex -62.4 -31.2322 5.68786
      vertex -74.5 -31.3869 5.85264
      vertex -62.4 -31.3869 5.85264
    endloop
  endfacet
  facet normal 0 0.729054 0.684456
    outer loop
      vertex -74.5 -31.3869 5.85264
      vertex -62.4 -31.2322 5.68786
      vertex -74.5 -31.2322 5.68786
    endloop
  endfacet
  facet normal -0 0.187429 0.982278
    outer loop
      vertex -74.5 -30.2256 5.21419
      vertex -62.4 -30.4476 5.25655
      vertex -62.4 -30.2256 5.21419
    endloop
  endfacet
  facet normal 0 0.187429 0.982278
    outer loop
      vertex -62.4 -30.4476 5.25655
      vertex -74.5 -30.2256 5.21419
      vertex -74.5 -30.4476 5.25655
    endloop
  endfacet
  facet normal 0 0.42568 -0.904874
    outer loop
      vertex -74.5 -30.8672 8.57735
      vertex -62.4 -30.6626 8.6736
      vertex -62.4 -30.8672 8.57735
    endloop
  endfacet
  facet normal 0 0.42568 -0.904874
    outer loop
      vertex -62.4 -30.6626 8.6736
      vertex -74.5 -30.8672 8.57735
      vertex -74.5 -30.6626 8.6736
    endloop
  endfacet
  facet normal -0 0.42568 0.904874
    outer loop
      vertex -74.5 -30.6626 5.3264
      vertex -62.4 -30.8672 5.42265
      vertex -62.4 -30.6626 5.3264
    endloop
  endfacet
  facet normal 0 0.42568 0.904874
    outer loop
      vertex -62.4 -30.8672 5.42265
      vertex -74.5 -30.6626 5.3264
      vertex -74.5 -30.8672 5.42265
    endloop
  endfacet
  facet normal -0 0.637369 0.770558
    outer loop
      vertex -74.5 -31.058 5.54377
      vertex -62.4 -31.2322 5.68786
      vertex -62.4 -31.058 5.54377
    endloop
  endfacet
  facet normal 0 0.637369 0.770558
    outer loop
      vertex -62.4 -31.2322 5.68786
      vertex -74.5 -31.058 5.54377
      vertex -74.5 -31.2322 5.68786
    endloop
  endfacet
  facet normal 0 0.808939 -0.587893
    outer loop
      vertex -62.4 -31.5198 7.96449
      vertex -74.5 -31.3869 8.14736
      vertex -62.4 -31.3869 8.14736
    endloop
  endfacet
  facet normal 0 0.808939 -0.587893
    outer loop
      vertex -74.5 -31.3869 8.14736
      vertex -62.4 -31.5198 7.96449
      vertex -74.5 -31.5198 7.96449
    endloop
  endfacet
  facet normal 0 0.968598 -0.248631
    outer loop
      vertex -62.4 -31.7681 7.33729
      vertex -74.5 -31.7119 7.55623
      vertex -62.4 -31.7119 7.55623
    endloop
  endfacet
  facet normal 0 0.968598 -0.248631
    outer loop
      vertex -74.5 -31.7119 7.55623
      vertex -62.4 -31.7681 7.33729
      vertex -74.5 -31.7681 7.33729
    endloop
  endfacet
  facet normal 0 0.308986 -0.951067
    outer loop
      vertex -74.5 -30.6626 8.6736
      vertex -62.4 -30.4476 8.74345
      vertex -62.4 -30.6626 8.6736
    endloop
  endfacet
  facet normal 0 0.308986 -0.951067
    outer loop
      vertex -62.4 -30.4476 8.74345
      vertex -74.5 -30.6626 8.6736
      vertex -74.5 -30.4476 8.74345
    endloop
  endfacet
  facet normal 0 0.968598 0.248631
    outer loop
      vertex -62.4 -31.7119 6.44377
      vertex -74.5 -31.7681 6.66271
      vertex -62.4 -31.7681 6.66271
    endloop
  endfacet
  facet normal 0 0.968598 0.248631
    outer loop
      vertex -74.5 -31.7681 6.66271
      vertex -62.4 -31.7119 6.44377
      vertex -74.5 -31.7119 6.44377
    endloop
  endfacet
  facet normal 0 0.808939 0.587893
    outer loop
      vertex -62.4 -31.3869 5.85264
      vertex -74.5 -31.5198 6.03551
      vertex -62.4 -31.5198 6.03551
    endloop
  endfacet
  facet normal 0 0.808939 0.587893
    outer loop
      vertex -74.5 -31.5198 6.03551
      vertex -62.4 -31.3869 5.85264
      vertex -74.5 -31.3869 5.85264
    endloop
  endfacet
  facet normal -0 0.308986 0.951067
    outer loop
      vertex -74.5 -30.4476 5.25655
      vertex -62.4 -30.6626 5.3264
      vertex -62.4 -30.4476 5.25655
    endloop
  endfacet
  facet normal 0 0.308986 0.951067
    outer loop
      vertex -62.4 -30.6626 5.3264
      vertex -74.5 -30.4476 5.25655
      vertex -74.5 -30.6626 5.3264
    endloop
  endfacet
  facet normal 0 0.992132 -0.125194
    outer loop
      vertex -62.4 -31.7964 7.11302
      vertex -74.5 -31.7681 7.33729
      vertex -62.4 -31.7681 7.33729
    endloop
  endfacet
  facet normal 0 0.992132 -0.125194
    outer loop
      vertex -74.5 -31.7681 7.33729
      vertex -62.4 -31.7964 7.11302
      vertex -74.5 -31.7964 7.11302
    endloop
  endfacet
  facet normal 0 0.729054 -0.684456
    outer loop
      vertex -62.4 -31.3869 8.14736
      vertex -74.5 -31.2322 8.31214
      vertex -62.4 -31.2322 8.31214
    endloop
  endfacet
  facet normal 0 0.729054 -0.684456
    outer loop
      vertex -74.5 -31.2322 8.31214
      vertex -62.4 -31.3869 8.14736
      vertex -74.5 -31.3869 8.14736
    endloop
  endfacet
  facet normal 0 0.187429 -0.982278
    outer loop
      vertex -74.5 -30.4476 8.74345
      vertex -62.4 -30.2256 8.78581
      vertex -62.4 -30.4476 8.74345
    endloop
  endfacet
  facet normal 0 0.187429 -0.982278
    outer loop
      vertex -62.4 -30.2256 8.78581
      vertex -74.5 -30.4476 8.74345
      vertex -74.5 -30.2256 8.78581
    endloop
  endfacet
  facet normal 0 0.0627749 -0.998028
    outer loop
      vertex -74.5 -30.2256 8.78581
      vertex -62.4 -30 8.8
      vertex -62.4 -30.2256 8.78581
    endloop
  endfacet
  facet normal 0 0.0627749 -0.998028
    outer loop
      vertex -62.4 -30 8.8
      vertex -74.5 -30.2256 8.78581
      vertex -74.5 -30 8.8
    endloop
  endfacet
  facet normal 0 0.929795 -0.368078
    outer loop
      vertex -62.4 -31.7119 7.55623
      vertex -74.5 -31.6287 7.7664
      vertex -62.4 -31.6287 7.7664
    endloop
  endfacet
  facet normal 0 0.929795 -0.368078
    outer loop
      vertex -74.5 -31.6287 7.7664
      vertex -62.4 -31.7119 7.55623
      vertex -74.5 -31.7119 7.55623
    endloop
  endfacet
  facet normal 0 0.876308 -0.481751
    outer loop
      vertex -62.4 -31.6287 7.7664
      vertex -74.5 -31.5198 7.96449
      vertex -62.4 -31.5198 7.96449
    endloop
  endfacet
  facet normal 0 0.876308 -0.481751
    outer loop
      vertex -74.5 -31.5198 7.96449
      vertex -62.4 -31.6287 7.7664
      vertex -74.5 -31.6287 7.7664
    endloop
  endfacet
  facet normal 0 0.535936 -0.844259
    outer loop
      vertex -74.5 -31.058 8.45623
      vertex -62.4 -30.8672 8.57735
      vertex -62.4 -31.058 8.45623
    endloop
  endfacet
  facet normal 0 0.535936 -0.844259
    outer loop
      vertex -62.4 -30.8672 8.57735
      vertex -74.5 -31.058 8.45623
      vertex -74.5 -30.8672 8.57735
    endloop
  endfacet
  facet normal 0 0.637369 -0.770558
    outer loop
      vertex -74.5 -31.2322 8.31214
      vertex -62.4 -31.058 8.45623
      vertex -62.4 -31.2322 8.31214
    endloop
  endfacet
  facet normal 0 0.637369 -0.770558
    outer loop
      vertex -62.4 -31.058 8.45623
      vertex -74.5 -31.2322 8.31214
      vertex -74.5 -31.058 8.45623
    endloop
  endfacet
  facet normal 0.687042 0.720901 0.0909684
    outer loop
      vertex -60.5 11.4071 6.77395
      vertex -62.4 13.2319 6.66271
      vertex -62.4 13.2036 6.88698
    endloop
  endfacet
  facet normal 0.687027 0.720895 0.0911324
    outer loop
      vertex -62.4 13.2319 6.66271
      vertex -60.5 11.4071 6.77395
      vertex -60.5 11.4638 6.32543
    endloop
  endfacet
  facet normal 0.687028 -0.0456302 0.725197
    outer loop
      vertex -60.5 15 3.4
      vertex -60.5 15.4512 3.42839
      vertex -62.4 15 5.2
    endloop
  endfacet
  facet normal 0.687027 -0.0456142 0.725199
    outer loop
      vertex -60.5 15.4512 3.42839
      vertex -62.4 15.2256 5.21419
      vertex -62.4 15 5.2
    endloop
  endfacet
  facet normal 0.687027 0.0456142 0.725199
    outer loop
      vertex -60.5 14.5488 3.42839
      vertex -62.4 15 5.2
      vertex -62.4 14.7744 5.21419
    endloop
  endfacet
  facet normal 0.687024 0.136193 -0.713757
    outer loop
      vertex -62.4 14.7744 8.78581
      vertex -60.5 14.5488 10.5716
      vertex -62.4 14.5524 8.74345
    endloop
  endfacet
  facet normal 0.687029 0.463122 0.559918
    outer loop
      vertex -60.5 12.5356 4.37571
      vertex -60.5 12.884 4.08754
      vertex -62.4 13.7678 5.68786
    endloop
  endfacet
  facet normal 0.687027 0.224581 0.691055
    outer loop
      vertex -60.5 13.6748 3.65281
      vertex -60.5 14.1047 3.5131
      vertex -62.4 14.3374 5.3264
    endloop
  endfacet
  facet normal 0.687029 0.529753 0.497346
    outer loop
      vertex -62.4 13.6131 5.85264
      vertex -60.5 12.5356 4.37571
      vertex -62.4 13.7678 5.68786
    endloop
  endfacet
  facet normal 0.687029 0.529753 0.497346
    outer loop
      vertex -60.5 12.5356 4.37571
      vertex -62.4 13.6131 5.85264
      vertex -60.5 12.2262 4.70527
    endloop
  endfacet
  facet normal 0.68703 0.675616 0.267456
    outer loop
      vertex -60.5 11.7426 5.46719
      vertex -62.4 13.3713 6.2336
      vertex -62.4 13.2881 6.44377
    endloop
  endfacet
  facet normal 0.68703 0.636747 0.350061
    outer loop
      vertex -60.5 11.7426 5.46719
      vertex -60.5 11.9604 5.07102
      vertex -62.4 13.4802 6.03551
    endloop
  endfacet
  facet normal 0.68703 0.136146 0.71376
    outer loop
      vertex -60.5 14.1047 3.5131
      vertex -60.5 14.5488 3.42839
      vertex -62.4 14.5524 5.25655
    endloop
  endfacet
  facet normal 0.687028 0.0456302 0.725197
    outer loop
      vertex -60.5 14.5488 3.42839
      vertex -60.5 15 3.4
      vertex -62.4 15 5.2
    endloop
  endfacet
  facet normal 0.687033 0.224517 0.69107
    outer loop
      vertex -60.5 14.1047 3.5131
      vertex -62.4 14.5524 5.25655
      vertex -62.4 14.3374 5.3264
    endloop
  endfacet
  facet normal 0.687029 0.675619 0.267451
    outer loop
      vertex -60.5 11.5762 5.88754
      vertex -60.5 11.7426 5.46719
      vertex -62.4 13.2881 6.44377
    endloop
  endfacet
  facet normal 0.687031 0.63675 0.350053
    outer loop
      vertex -60.5 11.7426 5.46719
      vertex -62.4 13.4802 6.03551
      vertex -62.4 13.3713 6.2336
    endloop
  endfacet
  facet normal 0.687028 0.587805 0.427173
    outer loop
      vertex -60.5 11.9604 5.07102
      vertex -60.5 12.2262 4.70527
      vertex -62.4 13.6131 5.85264
    endloop
  endfacet
  facet normal 0.687027 0.703816 -0.180659
    outer loop
      vertex -60.5 11.4638 7.67457
      vertex -62.4 13.2881 7.55623
      vertex -60.5 11.5762 8.11246
    endloop
  endfacet
  facet normal 0.687026 0.703815 -0.180663
    outer loop
      vertex -62.4 13.2881 7.55623
      vertex -60.5 11.4638 7.67457
      vertex -62.4 13.2319 7.33729
    endloop
  endfacet
  facet normal 0.68703 -0.636747 0.350061
    outer loop
      vertex -60.5 18.0396 5.07102
      vertex -60.5 18.2574 5.46719
      vertex -62.4 16.5198 6.03551
    endloop
  endfacet
  facet normal 0.687026 0.136192 0.713755
    outer loop
      vertex -60.5 14.5488 3.42839
      vertex -62.4 14.7744 5.21419
      vertex -62.4 14.5524 5.25655
    endloop
  endfacet
  facet normal 0.687027 0.309312 0.65751
    outer loop
      vertex -62.4 14.1328 5.42265
      vertex -60.5 13.6748 3.65281
      vertex -62.4 14.3374 5.3264
    endloop
  endfacet
  facet normal 0.687022 0.309363 0.657491
    outer loop
      vertex -60.5 13.6748 3.65281
      vertex -62.4 14.1328 5.42265
      vertex -60.5 13.2657 3.8453
    endloop
  endfacet
  facet normal 0.687019 0.389432 0.613472
    outer loop
      vertex -62.4 13.942 5.54377
      vertex -60.5 13.2657 3.8453
      vertex -62.4 14.1328 5.42265
    endloop
  endfacet
  facet normal 0.687027 0.389355 0.613511
    outer loop
      vertex -60.5 13.2657 3.8453
      vertex -62.4 13.942 5.54377
      vertex -60.5 12.884 4.08754
    endloop
  endfacet
  facet normal 0.687028 0.463132 0.559911
    outer loop
      vertex -60.5 12.884 4.08754
      vertex -62.4 13.942 5.54377
      vertex -62.4 13.7678 5.68786
    endloop
  endfacet
  facet normal 0.687026 0.703815 0.180663
    outer loop
      vertex -60.5 11.4638 6.32543
      vertex -62.4 13.2881 6.44377
      vertex -62.4 13.2319 6.66271
    endloop
  endfacet
  facet normal 0.687027 0.703816 0.180659
    outer loop
      vertex -62.4 13.2881 6.44377
      vertex -60.5 11.4638 6.32543
      vertex -60.5 11.5762 5.88754
    endloop
  endfacet
  facet normal 0.687027 0.587801 0.427182
    outer loop
      vertex -60.5 11.9604 5.07102
      vertex -62.4 13.6131 5.85264
      vertex -62.4 13.4802 6.03551
    endloop
  endfacet
  facet normal 0.687033 0.224517 -0.69107
    outer loop
      vertex -62.4 14.5524 8.74345
      vertex -60.5 14.1047 10.4869
      vertex -62.4 14.3374 8.6736
    endloop
  endfacet
  facet normal 0.68703 0.136131 -0.713763
    outer loop
      vertex -60.5 14.5488 10.5716
      vertex -60.5 14.1047 10.4869
      vertex -62.4 14.5524 8.74345
    endloop
  endfacet
  facet normal 0.687029 0.675619 -0.267451
    outer loop
      vertex -60.5 11.7426 8.53281
      vertex -60.5 11.5762 8.11246
      vertex -62.4 13.2881 7.55623
    endloop
  endfacet
  facet normal 0.687027 0.720895 -0.0911324
    outer loop
      vertex -60.5 11.4071 7.22605
      vertex -62.4 13.2319 7.33729
      vertex -60.5 11.4638 7.67457
    endloop
  endfacet
  facet normal 0.687042 0.720901 -0.0909684
    outer loop
      vertex -62.4 13.2319 7.33729
      vertex -60.5 11.4071 7.22605
      vertex -62.4 13.2036 7.11302
    endloop
  endfacet
  facet normal 0.687027 0.587801 -0.427182
    outer loop
      vertex -62.4 13.6131 8.14736
      vertex -60.5 11.9604 8.92898
      vertex -62.4 13.4802 7.96449
    endloop
  endfacet
  facet normal 0.687028 0.587805 -0.427173
    outer loop
      vertex -60.5 12.2262 9.29473
      vertex -60.5 11.9604 8.92898
      vertex -62.4 13.6131 8.14736
    endloop
  endfacet
  facet normal 0.68703 -0.136131 -0.713763
    outer loop
      vertex -60.5 15.8953 10.4869
      vertex -60.5 15.4512 10.5716
      vertex -62.4 15.4476 8.74345
    endloop
  endfacet
  facet normal 0.687027 -0.587801 -0.427182
    outer loop
      vertex -62.4 16.5198 7.96449
      vertex -60.5 18.0396 8.92898
      vertex -62.4 16.3869 8.14736
    endloop
  endfacet
  facet normal 0.687031 -0.63675 -0.350053
    outer loop
      vertex -62.4 16.6287 7.7664
      vertex -60.5 18.2574 8.53281
      vertex -62.4 16.5198 7.96449
    endloop
  endfacet
  facet normal 0.687029 -0.529753 0.497346
    outer loop
      vertex -62.4 16.3869 5.85264
      vertex -60.5 17.4644 4.37571
      vertex -60.5 17.7738 4.70527
    endloop
  endfacet
  facet normal 0.687029 -0.529753 0.497346
    outer loop
      vertex -60.5 17.4644 4.37571
      vertex -62.4 16.3869 5.85264
      vertex -62.4 16.2322 5.68786
    endloop
  endfacet
  facet normal 0.687027 -0.587801 0.427182
    outer loop
      vertex -60.5 18.0396 5.07102
      vertex -62.4 16.5198 6.03551
      vertex -62.4 16.3869 5.85264
    endloop
  endfacet
  facet normal 0.687028 0.463132 -0.559911
    outer loop
      vertex -62.4 13.942 8.45623
      vertex -60.5 12.884 9.91246
      vertex -62.4 13.7678 8.31214
    endloop
  endfacet
  facet normal 0.687019 0.389432 -0.613472
    outer loop
      vertex -60.5 13.2657 10.1547
      vertex -62.4 13.942 8.45623
      vertex -62.4 14.1328 8.57735
    endloop
  endfacet
  facet normal 0.687027 0.389355 -0.613511
    outer loop
      vertex -62.4 13.942 8.45623
      vertex -60.5 13.2657 10.1547
      vertex -60.5 12.884 9.91246
    endloop
  endfacet
  facet normal 0.68703 0.636747 -0.350061
    outer loop
      vertex -60.5 11.9604 8.92898
      vertex -60.5 11.7426 8.53281
      vertex -62.4 13.4802 7.96449
    endloop
  endfacet
  facet normal 0.687039 0.726621 0
    outer loop
      vertex -60.5 11.4071 7.22605
      vertex -62.4 13.2036 6.88698
      vertex -62.4 13.2036 7.11302
    endloop
  endfacet
  facet normal 0.687039 0.726621 0
    outer loop
      vertex -62.4 13.2036 6.88698
      vertex -60.5 11.4071 7.22605
      vertex -60.5 11.4071 6.77395
    endloop
  endfacet
  facet normal 0.687029 0.463122 -0.559918
    outer loop
      vertex -60.5 12.884 9.91246
      vertex -60.5 12.5356 9.62429
      vertex -62.4 13.7678 8.31214
    endloop
  endfacet
  facet normal 0.687029 0.529753 -0.497346
    outer loop
      vertex -60.5 12.5356 9.62429
      vertex -62.4 13.6131 8.14736
      vertex -62.4 13.7678 8.31214
    endloop
  endfacet
  facet normal 0.687029 0.529753 -0.497346
    outer loop
      vertex -62.4 13.6131 8.14736
      vertex -60.5 12.5356 9.62429
      vertex -60.5 12.2262 9.29473
    endloop
  endfacet
  facet normal 0.687033 -0.224517 -0.69107
    outer loop
      vertex -62.4 15.6626 8.6736
      vertex -60.5 15.8953 10.4869
      vertex -62.4 15.4476 8.74345
    endloop
  endfacet
  facet normal 0.687028 0.0456462 -0.725196
    outer loop
      vertex -60.5 15 10.6
      vertex -60.5 14.5488 10.5716
      vertex -62.4 15 8.8
    endloop
  endfacet
  facet normal 0.687028 -0.0456462 -0.725196
    outer loop
      vertex -60.5 15.4512 10.5716
      vertex -60.5 15 10.6
      vertex -62.4 15 8.8
    endloop
  endfacet
  facet normal 0.687029 -0.463122 -0.559918
    outer loop
      vertex -60.5 17.4644 9.62429
      vertex -60.5 17.116 9.91246
      vertex -62.4 16.2322 8.31214
    endloop
  endfacet
  facet normal 0.687029 -0.529753 -0.497346
    outer loop
      vertex -60.5 17.4644 9.62429
      vertex -62.4 16.3869 8.14736
      vertex -60.5 17.7738 9.29473
    endloop
  endfacet
  facet normal 0.687029 -0.529753 -0.497346
    outer loop
      vertex -62.4 16.3869 8.14736
      vertex -60.5 17.4644 9.62429
      vertex -62.4 16.2322 8.31214
    endloop
  endfacet
  facet normal 0.687028 -0.587805 -0.427173
    outer loop
      vertex -60.5 18.0396 8.92898
      vertex -60.5 17.7738 9.29473
      vertex -62.4 16.3869 8.14736
    endloop
  endfacet
  facet normal 0.68703 -0.636747 -0.350061
    outer loop
      vertex -60.5 18.2574 8.53281
      vertex -60.5 18.0396 8.92898
      vertex -62.4 16.5198 7.96449
    endloop
  endfacet
  facet normal 0.687029 -0.463122 0.559918
    outer loop
      vertex -60.5 17.116 4.08754
      vertex -60.5 17.4644 4.37571
      vertex -62.4 16.2322 5.68786
    endloop
  endfacet
  facet normal 0.687028 -0.587805 0.427173
    outer loop
      vertex -60.5 17.7738 4.70527
      vertex -60.5 18.0396 5.07102
      vertex -62.4 16.3869 5.85264
    endloop
  endfacet
  facet normal 0.68703 -0.675616 0.267456
    outer loop
      vertex -60.5 18.2574 5.46719
      vertex -62.4 16.7119 6.44377
      vertex -62.4 16.6287 6.2336
    endloop
  endfacet
  facet normal 0.687026 -0.703815 0.180663
    outer loop
      vertex -62.4 16.7119 6.44377
      vertex -60.5 18.5362 6.32543
      vertex -62.4 16.7681 6.66271
    endloop
  endfacet
  facet normal 0.687027 -0.703816 0.180659
    outer loop
      vertex -60.5 18.5362 6.32543
      vertex -62.4 16.7119 6.44377
      vertex -60.5 18.4238 5.88754
    endloop
  endfacet
  facet normal 0.687027 -0.720895 -0.0911324
    outer loop
      vertex -62.4 16.7681 7.33729
      vertex -60.5 18.5929 7.22605
      vertex -60.5 18.5362 7.67457
    endloop
  endfacet
  facet normal 0.687042 -0.720901 -0.0909684
    outer loop
      vertex -60.5 18.5929 7.22605
      vertex -62.4 16.7681 7.33729
      vertex -62.4 16.7964 7.11302
    endloop
  endfacet
  facet normal 0.687029 0.309312 -0.657508
    outer loop
      vertex -60.5 13.6748 10.3472
      vertex -62.4 14.1328 8.57735
      vertex -62.4 14.3374 8.6736
    endloop
  endfacet
  facet normal 0.687023 0.309376 -0.657485
    outer loop
      vertex -62.4 14.1328 8.57735
      vertex -60.5 13.6748 10.3472
      vertex -60.5 13.2657 10.1547
    endloop
  endfacet
  facet normal 0.68703 0.675616 -0.267456
    outer loop
      vertex -62.4 13.3713 7.7664
      vertex -60.5 11.7426 8.53281
      vertex -62.4 13.2881 7.55623
    endloop
  endfacet
  facet normal 0.687031 0.63675 -0.350053
    outer loop
      vertex -62.4 13.4802 7.96449
      vertex -60.5 11.7426 8.53281
      vertex -62.4 13.3713 7.7664
    endloop
  endfacet
  facet normal 0.687028 -0.224566 -0.691059
    outer loop
      vertex -60.5 16.3252 10.3472
      vertex -60.5 15.8953 10.4869
      vertex -62.4 15.6626 8.6736
    endloop
  endfacet
  facet normal 0.687025 0.0456144 -0.725201
    outer loop
      vertex -62.4 15 8.8
      vertex -60.5 14.5488 10.5716
      vertex -62.4 14.7744 8.78581
    endloop
  endfacet
  facet normal 0.687028 -0.463132 -0.559911
    outer loop
      vertex -62.4 16.2322 8.31214
      vertex -60.5 17.116 9.91246
      vertex -62.4 16.058 8.45623
    endloop
  endfacet
  facet normal 0.687029 -0.675619 -0.267451
    outer loop
      vertex -60.5 18.4238 8.11246
      vertex -60.5 18.2574 8.53281
      vertex -62.4 16.7119 7.55623
    endloop
  endfacet
  facet normal 0.687027 -0.703816 -0.180659
    outer loop
      vertex -62.4 16.7119 7.55623
      vertex -60.5 18.5362 7.67457
      vertex -60.5 18.4238 8.11246
    endloop
  endfacet
  facet normal 0.687026 -0.703815 -0.180663
    outer loop
      vertex -60.5 18.5362 7.67457
      vertex -62.4 16.7119 7.55623
      vertex -62.4 16.7681 7.33729
    endloop
  endfacet
  facet normal 0.687027 -0.389355 0.613511
    outer loop
      vertex -62.4 16.058 5.54377
      vertex -60.5 16.7343 3.8453
      vertex -60.5 17.116 4.08754
    endloop
  endfacet
  facet normal 0.687019 -0.389432 0.613472
    outer loop
      vertex -60.5 16.7343 3.8453
      vertex -62.4 16.058 5.54377
      vertex -62.4 15.8672 5.42265
    endloop
  endfacet
  facet normal 0.687022 -0.309363 0.657491
    outer loop
      vertex -62.4 15.8672 5.42265
      vertex -60.5 16.3252 3.65281
      vertex -60.5 16.7343 3.8453
    endloop
  endfacet
  facet normal 0.687027 -0.309312 0.65751
    outer loop
      vertex -60.5 16.3252 3.65281
      vertex -62.4 15.8672 5.42265
      vertex -62.4 15.6626 5.3264
    endloop
  endfacet
  facet normal 0.687029 -0.675619 0.267451
    outer loop
      vertex -60.5 18.2574 5.46719
      vertex -60.5 18.4238 5.88754
      vertex -62.4 16.7119 6.44377
    endloop
  endfacet
  facet normal 0.687042 -0.720901 0.0909684
    outer loop
      vertex -62.4 16.7681 6.66271
      vertex -60.5 18.5929 6.77395
      vertex -62.4 16.7964 6.88698
    endloop
  endfacet
  facet normal 0.687027 -0.720895 0.0911324
    outer loop
      vertex -60.5 18.5929 6.77395
      vertex -62.4 16.7681 6.66271
      vertex -60.5 18.5362 6.32543
    endloop
  endfacet
  facet normal 0.687028 0.224566 -0.691059
    outer loop
      vertex -60.5 14.1047 10.4869
      vertex -60.5 13.6748 10.3472
      vertex -62.4 14.3374 8.6736
    endloop
  endfacet
  facet normal 0.687023 -0.309376 -0.657485
    outer loop
      vertex -60.5 16.3252 10.3472
      vertex -62.4 15.8672 8.57735
      vertex -60.5 16.7343 10.1547
    endloop
  endfacet
  facet normal 0.687029 -0.309312 -0.657508
    outer loop
      vertex -62.4 15.8672 8.57735
      vertex -60.5 16.3252 10.3472
      vertex -62.4 15.6626 8.6736
    endloop
  endfacet
  facet normal 0.687025 -0.0456144 -0.725201
    outer loop
      vertex -62.4 15.2256 8.78581
      vertex -60.5 15.4512 10.5716
      vertex -62.4 15 8.8
    endloop
  endfacet
  facet normal 0.687024 -0.136193 -0.713757
    outer loop
      vertex -62.4 15.4476 8.74345
      vertex -60.5 15.4512 10.5716
      vertex -62.4 15.2256 8.78581
    endloop
  endfacet
  facet normal 0.68703 -0.675616 -0.267456
    outer loop
      vertex -62.4 16.7119 7.55623
      vertex -60.5 18.2574 8.53281
      vertex -62.4 16.6287 7.7664
    endloop
  endfacet
  facet normal 0.687028 -0.463132 0.559911
    outer loop
      vertex -60.5 17.116 4.08754
      vertex -62.4 16.2322 5.68786
      vertex -62.4 16.058 5.54377
    endloop
  endfacet
  facet normal 0.68703 -0.136146 0.71376
    outer loop
      vertex -60.5 15.4512 3.42839
      vertex -60.5 15.8953 3.5131
      vertex -62.4 15.4476 5.25655
    endloop
  endfacet
  facet normal 0.687026 -0.136192 0.713755
    outer loop
      vertex -60.5 15.4512 3.42839
      vertex -62.4 15.4476 5.25655
      vertex -62.4 15.2256 5.21419
    endloop
  endfacet
  facet normal 0.687031 -0.63675 0.350053
    outer loop
      vertex -60.5 18.2574 5.46719
      vertex -62.4 16.6287 6.2336
      vertex -62.4 16.5198 6.03551
    endloop
  endfacet
  facet normal 0.687039 -0.726621 0
    outer loop
      vertex -62.4 16.7964 6.88698
      vertex -60.5 18.5929 7.22605
      vertex -62.4 16.7964 7.11302
    endloop
  endfacet
  facet normal 0.687039 -0.726621 0
    outer loop
      vertex -60.5 18.5929 7.22605
      vertex -62.4 16.7964 6.88698
      vertex -60.5 18.5929 6.77395
    endloop
  endfacet
  facet normal 0.687027 -0.389355 -0.613511
    outer loop
      vertex -60.5 16.7343 10.1547
      vertex -62.4 16.058 8.45623
      vertex -60.5 17.116 9.91246
    endloop
  endfacet
  facet normal 0.687019 -0.389432 -0.613472
    outer loop
      vertex -62.4 16.058 8.45623
      vertex -60.5 16.7343 10.1547
      vertex -62.4 15.8672 8.57735
    endloop
  endfacet
  facet normal 0.687033 -0.224517 0.69107
    outer loop
      vertex -60.5 15.8953 3.5131
      vertex -62.4 15.6626 5.3264
      vertex -62.4 15.4476 5.25655
    endloop
  endfacet
  facet normal 0.687027 -0.224581 0.691055
    outer loop
      vertex -60.5 15.8953 3.5131
      vertex -60.5 16.3252 3.65281
      vertex -62.4 15.6626 5.3264
    endloop
  endfacet
  facet normal 0 -0.0627969 0.998026
    outer loop
      vertex 17.554 15.4512 3.42839
      vertex 50.9612 15 3.4
      vertex 51.9764 15.4512 3.42839
    endloop
  endfacet
  facet normal 0 -0.0627969 0.998026
    outer loop
      vertex 50.9612 15 3.4
      vertex 17.554 15.4512 3.42839
      vertex 16.5388 15 3.4
    endloop
  endfacet
  facet normal 0 -0.0628189 -0.998025
    outer loop
      vertex 50.9612 15 10.6
      vertex 17.554 15.4512 10.5716
      vertex 51.9764 15.4512 10.5716
    endloop
  endfacet
  facet normal 0 -0.0628189 -0.998025
    outer loop
      vertex 17.554 15.4512 10.5716
      vertex 50.9612 15 10.6
      vertex 16.5388 15 10.6
    endloop
  endfacet
  facet normal 0 -1 0
    outer loop
      vertex 24.6228 18.5929 6.77395
      vertex 59.0452 18.5929 7.22605
      vertex 24.6228 18.5929 7.22605
    endloop
  endfacet
  facet normal 0 -1 -0
    outer loop
      vertex 59.0452 18.5929 7.22605
      vertex 24.6228 18.5929 6.77395
      vertex 59.0452 18.5929 6.77395
    endloop
  endfacet
  facet normal 0 1 -0
    outer loop
      vertex 42.8772 11.4071 6.77395
      vertex 8.45478 11.4071 7.22605
      vertex 42.8772 11.4071 7.22605
    endloop
  endfacet
  facet normal 0 1 0
    outer loop
      vertex 8.45478 11.4071 7.22605
      vertex 42.8772 11.4071 6.77395
      vertex 8.45478 11.4071 6.77395
    endloop
  endfacet
  facet normal -0 0.637356 0.770569
    outer loop
      vertex 11.7777 12.884 4.08754
      vertex 45.4164 12.5356 4.37571
      vertex 46.2001 12.884 4.08754
    endloop
  endfacet
  facet normal 0 0.637356 0.770569
    outer loop
      vertex 45.4164 12.5356 4.37571
      vertex 11.7777 12.884 4.08754
      vertex 10.994 12.5356 4.37571
    endloop
  endfacet
  facet normal 0 -0.729054 0.684456
    outer loop
      vertex 56.506 17.4644 4.37571
      vertex 22.7799 17.7738 4.70527
      vertex 22.0836 17.4644 4.37571
    endloop
  endfacet
  facet normal 0 -0.729054 0.684456
    outer loop
      vertex 22.7799 17.7738 4.70527
      vertex 56.506 17.4644 4.37571
      vertex 57.2024 17.7738 4.70527
    endloop
  endfacet
  facet normal 0 -0.729054 -0.684456
    outer loop
      vertex 22.7799 17.7738 9.29473
      vertex 56.506 17.4644 9.62429
      vertex 22.0836 17.4644 9.62429
    endloop
  endfacet
  facet normal 0 -0.729054 -0.684456
    outer loop
      vertex 56.506 17.4644 9.62429
      vertex 22.7799 17.7738 9.29473
      vertex 57.2024 17.7738 9.29473
    endloop
  endfacet
  facet normal 0 -0.929798 -0.36807
    outer loop
      vertex 24.2423 18.4238 8.11246
      vertex 58.2903 18.2574 8.53281
      vertex 23.8679 18.2574 8.53281
    endloop
  endfacet
  facet normal 0 -0.929798 -0.36807
    outer loop
      vertex 58.2903 18.2574 8.53281
      vertex 24.2423 18.4238 8.11246
      vertex 58.6648 18.4238 8.11246
    endloop
  endfacet
  facet normal 0 -0.425747 0.904842
    outer loop
      vertex 20.441 16.7343 3.8453
      vertex 53.943 16.3252 3.65281
      vertex 54.8634 16.7343 3.8453
    endloop
  endfacet
  facet normal 0 -0.425747 0.904842
    outer loop
      vertex 53.943 16.3252 3.65281
      vertex 20.441 16.7343 3.8453
      vertex 19.5206 16.3252 3.65281
    endloop
  endfacet
  facet normal 0 -0.187367 0.98229
    outer loop
      vertex 18.5532 15.8953 3.5131
      vertex 51.9764 15.4512 3.42839
      vertex 52.9756 15.8953 3.5131
    endloop
  endfacet
  facet normal 0 -0.187367 0.98229
    outer loop
      vertex 51.9764 15.4512 3.42839
      vertex 18.5532 15.8953 3.5131
      vertex 17.554 15.4512 3.42839
    endloop
  endfacet
  facet normal 0 -0.535836 0.844322
    outer loop
      vertex 21.2999 17.116 4.08754
      vertex 54.8634 16.7343 3.8453
      vertex 55.7223 17.116 4.08754
    endloop
  endfacet
  facet normal 0 -0.535836 0.844322
    outer loop
      vertex 54.8634 16.7343 3.8453
      vertex 21.2999 17.116 4.08754
      vertex 20.441 16.7343 3.8453
    endloop
  endfacet
  facet normal 0 -0.929798 0.36807
    outer loop
      vertex 58.2903 18.2574 5.46719
      vertex 24.2423 18.4238 5.88754
      vertex 23.8679 18.2574 5.46719
    endloop
  endfacet
  facet normal 0 -0.929798 0.36807
    outer loop
      vertex 24.2423 18.4238 5.88754
      vertex 58.2903 18.2574 5.46719
      vertex 58.6648 18.4238 5.88754
    endloop
  endfacet
  facet normal 0 -0.9686 0.248625
    outer loop
      vertex 58.6648 18.4238 5.88754
      vertex 24.4953 18.5362 6.32543
      vertex 24.2423 18.4238 5.88754
    endloop
  endfacet
  facet normal 0 -0.9686 0.248625
    outer loop
      vertex 24.4953 18.5362 6.32543
      vertex 58.6648 18.4238 5.88754
      vertex 58.9177 18.5362 6.32543
    endloop
  endfacet
  facet normal 0 -0.808946 0.587882
    outer loop
      vertex 57.2024 17.7738 4.70527
      vertex 23.3778 18.0396 5.07102
      vertex 22.7799 17.7738 4.70527
    endloop
  endfacet
  facet normal 0 -0.808946 0.587882
    outer loop
      vertex 23.3778 18.0396 5.07102
      vertex 57.2024 17.7738 4.70527
      vertex 57.8003 18.0396 5.07102
    endloop
  endfacet
  facet normal 0 -0.535836 -0.844322
    outer loop
      vertex 54.8634 16.7343 10.1547
      vertex 21.2999 17.116 9.91246
      vertex 55.7223 17.116 9.91246
    endloop
  endfacet
  facet normal 0 -0.535836 -0.844322
    outer loop
      vertex 21.2999 17.116 9.91246
      vertex 54.8634 16.7343 10.1547
      vertex 20.441 16.7343 10.1547
    endloop
  endfacet
  facet normal 0 -0.637356 -0.770569
    outer loop
      vertex 55.7223 17.116 9.91246
      vertex 22.0836 17.4644 9.62429
      vertex 56.506 17.4644 9.62429
    endloop
  endfacet
  facet normal 0 -0.637356 -0.770569
    outer loop
      vertex 22.0836 17.4644 9.62429
      vertex 55.7223 17.116 9.91246
      vertex 21.2999 17.116 9.91246
    endloop
  endfacet
  facet normal 0 -0.309051 -0.951045
    outer loop
      vertex 52.9756 15.8953 10.4869
      vertex 19.5206 16.3252 10.3472
      vertex 53.943 16.3252 10.3472
    endloop
  endfacet
  facet normal 0 -0.309051 -0.951045
    outer loop
      vertex 19.5206 16.3252 10.3472
      vertex 52.9756 15.8953 10.4869
      vertex 18.5532 15.8953 10.4869
    endloop
  endfacet
  facet normal 0 -0.876303 -0.48176
    outer loop
      vertex 23.8679 18.2574 8.53281
      vertex 57.8003 18.0396 8.92898
      vertex 23.3778 18.0396 8.92898
    endloop
  endfacet
  facet normal 0 -0.876303 -0.48176
    outer loop
      vertex 57.8003 18.0396 8.92898
      vertex 23.8679 18.2574 8.53281
      vertex 58.2903 18.2574 8.53281
    endloop
  endfacet
  facet normal 0 -0.9686 -0.248625
    outer loop
      vertex 24.4953 18.5362 7.67457
      vertex 58.6648 18.4238 8.11246
      vertex 24.2423 18.4238 8.11246
    endloop
  endfacet
  facet normal 0 -0.9686 -0.248625
    outer loop
      vertex 58.6648 18.4238 8.11246
      vertex 24.4953 18.5362 7.67457
      vertex 58.9177 18.5362 7.67457
    endloop
  endfacet
  facet normal -0 0.929798 0.36807
    outer loop
      vertex 9.20969 11.7426 5.46719
      vertex 43.2577 11.5762 5.88754
      vertex 43.6321 11.7426 5.46719
    endloop
  endfacet
  facet normal 0 0.929798 0.36807
    outer loop
      vertex 43.2577 11.5762 5.88754
      vertex 9.20969 11.7426 5.46719
      vertex 8.83523 11.5762 5.88754
    endloop
  endfacet
  facet normal 0 -0.309071 0.951039
    outer loop
      vertex 19.5206 16.3252 3.65281
      vertex 52.9756 15.8953 3.5131
      vertex 53.943 16.3252 3.65281
    endloop
  endfacet
  facet normal 0 -0.309071 0.951039
    outer loop
      vertex 52.9756 15.8953 3.5131
      vertex 19.5206 16.3252 3.65281
      vertex 18.5532 15.8953 3.5131
    endloop
  endfacet
  facet normal 0 -0.637356 0.770569
    outer loop
      vertex 22.0836 17.4644 4.37571
      vertex 55.7223 17.116 4.08754
      vertex 56.506 17.4644 4.37571
    endloop
  endfacet
  facet normal 0 -0.637356 0.770569
    outer loop
      vertex 55.7223 17.116 4.08754
      vertex 22.0836 17.4644 4.37571
      vertex 21.2999 17.116 4.08754
    endloop
  endfacet
  facet normal 0 -0.992104 0.125418
    outer loop
      vertex 58.9177 18.5362 6.32543
      vertex 24.6228 18.5929 6.77395
      vertex 24.4953 18.5362 6.32543
    endloop
  endfacet
  facet normal 0 -0.992104 0.125418
    outer loop
      vertex 24.6228 18.5929 6.77395
      vertex 58.9177 18.5362 6.32543
      vertex 59.0452 18.5929 6.77395
    endloop
  endfacet
  facet normal 0 -0.425765 -0.904834
    outer loop
      vertex 53.943 16.3252 10.3472
      vertex 20.441 16.7343 10.1547
      vertex 54.8634 16.7343 10.1547
    endloop
  endfacet
  facet normal 0 -0.425765 -0.904834
    outer loop
      vertex 20.441 16.7343 10.1547
      vertex 53.943 16.3252 10.3472
      vertex 19.5206 16.3252 10.3472
    endloop
  endfacet
  facet normal 0 -0.187346 -0.982294
    outer loop
      vertex 51.9764 15.4512 10.5716
      vertex 18.5532 15.8953 10.4869
      vertex 52.9756 15.8953 10.4869
    endloop
  endfacet
  facet normal 0 -0.187346 -0.982294
    outer loop
      vertex 18.5532 15.8953 10.4869
      vertex 51.9764 15.4512 10.5716
      vertex 17.554 15.4512 10.5716
    endloop
  endfacet
  facet normal 0 -0.992104 -0.125418
    outer loop
      vertex 24.6228 18.5929 7.22605
      vertex 58.9177 18.5362 7.67457
      vertex 24.4953 18.5362 7.67457
    endloop
  endfacet
  facet normal 0 -0.992104 -0.125418
    outer loop
      vertex 58.9177 18.5362 7.67457
      vertex 24.6228 18.5929 7.22605
      vertex 59.0452 18.5929 7.22605
    endloop
  endfacet
  facet normal -0 0.0627969 0.998026
    outer loop
      vertex 16.5388 15 3.4
      vertex 49.946 14.5488 3.42839
      vertex 50.9612 15 3.4
    endloop
  endfacet
  facet normal 0 0.0627969 0.998026
    outer loop
      vertex 49.946 14.5488 3.42839
      vertex 16.5388 15 3.4
      vertex 15.5236 14.5488 3.42839
    endloop
  endfacet
  facet normal -0 0.535836 0.844322
    outer loop
      vertex 12.6366 13.2657 3.8453
      vertex 46.2001 12.884 4.08754
      vertex 47.059 13.2657 3.8453
    endloop
  endfacet
  facet normal 0 0.535836 0.844322
    outer loop
      vertex 46.2001 12.884 4.08754
      vertex 12.6366 13.2657 3.8453
      vertex 11.7777 12.884 4.08754
    endloop
  endfacet
  facet normal -0 0.187367 0.98229
    outer loop
      vertex 15.5236 14.5488 3.42839
      vertex 48.9468 14.1047 3.5131
      vertex 49.946 14.5488 3.42839
    endloop
  endfacet
  facet normal 0 0.187367 0.98229
    outer loop
      vertex 48.9468 14.1047 3.5131
      vertex 15.5236 14.5488 3.42839
      vertex 14.5244 14.1047 3.5131
    endloop
  endfacet
  facet normal 0 0.929798 -0.36807
    outer loop
      vertex 43.2577 11.5762 8.11246
      vertex 9.20969 11.7426 8.53281
      vertex 43.6321 11.7426 8.53281
    endloop
  endfacet
  facet normal 0 0.929798 -0.36807
    outer loop
      vertex 9.20969 11.7426 8.53281
      vertex 43.2577 11.5762 8.11246
      vertex 8.83523 11.5762 8.11246
    endloop
  endfacet
  facet normal 0 0.425765 -0.904834
    outer loop
      vertex 47.059 13.2657 10.1547
      vertex 13.557 13.6748 10.3472
      vertex 47.9794 13.6748 10.3472
    endloop
  endfacet
  facet normal 0 0.425765 -0.904834
    outer loop
      vertex 13.557 13.6748 10.3472
      vertex 47.059 13.2657 10.1547
      vertex 12.6366 13.2657 10.1547
    endloop
  endfacet
  facet normal -0 0.808946 0.587882
    outer loop
      vertex 10.2976 12.2262 4.70527
      vertex 44.1222 11.9604 5.07102
      vertex 44.7201 12.2262 4.70527
    endloop
  endfacet
  facet normal 0 0.808946 0.587882
    outer loop
      vertex 44.1222 11.9604 5.07102
      vertex 10.2976 12.2262 4.70527
      vertex 9.69974 11.9604 5.07102
    endloop
  endfacet
  facet normal -0 0.876303 0.48176
    outer loop
      vertex 9.69974 11.9604 5.07102
      vertex 43.6321 11.7426 5.46719
      vertex 44.1222 11.9604 5.07102
    endloop
  endfacet
  facet normal 0 0.876303 0.48176
    outer loop
      vertex 43.6321 11.7426 5.46719
      vertex 9.69974 11.9604 5.07102
      vertex 9.20969 11.7426 5.46719
    endloop
  endfacet
  facet normal 0 -0.876303 0.48176
    outer loop
      vertex 57.8003 18.0396 5.07102
      vertex 23.8679 18.2574 5.46719
      vertex 23.3778 18.0396 5.07102
    endloop
  endfacet
  facet normal 0 -0.876303 0.48176
    outer loop
      vertex 23.8679 18.2574 5.46719
      vertex 57.8003 18.0396 5.07102
      vertex 58.2903 18.2574 5.46719
    endloop
  endfacet
  facet normal 0 -0.808946 -0.587882
    outer loop
      vertex 23.3778 18.0396 8.92898
      vertex 57.2024 17.7738 9.29473
      vertex 22.7799 17.7738 9.29473
    endloop
  endfacet
  facet normal 0 -0.808946 -0.587882
    outer loop
      vertex 57.2024 17.7738 9.29473
      vertex 23.3778 18.0396 8.92898
      vertex 57.8003 18.0396 8.92898
    endloop
  endfacet
  facet normal -0 0.309071 0.951039
    outer loop
      vertex 14.5244 14.1047 3.5131
      vertex 47.9794 13.6748 3.65281
      vertex 48.9468 14.1047 3.5131
    endloop
  endfacet
  facet normal 0 0.309071 0.951039
    outer loop
      vertex 47.9794 13.6748 3.65281
      vertex 14.5244 14.1047 3.5131
      vertex 13.557 13.6748 3.65281
    endloop
  endfacet
  facet normal -0 0.425747 0.904842
    outer loop
      vertex 13.557 13.6748 3.65281
      vertex 47.059 13.2657 3.8453
      vertex 47.9794 13.6748 3.65281
    endloop
  endfacet
  facet normal 0 0.425747 0.904842
    outer loop
      vertex 47.059 13.2657 3.8453
      vertex 13.557 13.6748 3.65281
      vertex 12.6366 13.2657 3.8453
    endloop
  endfacet
  facet normal 0 0.9686 -0.248625
    outer loop
      vertex 43.0047 11.4638 7.67457
      vertex 8.83523 11.5762 8.11246
      vertex 43.2577 11.5762 8.11246
    endloop
  endfacet
  facet normal 0 0.9686 -0.248625
    outer loop
      vertex 8.83523 11.5762 8.11246
      vertex 43.0047 11.4638 7.67457
      vertex 8.58227 11.4638 7.67457
    endloop
  endfacet
  facet normal 0 0.637356 -0.770569
    outer loop
      vertex 45.4164 12.5356 9.62429
      vertex 11.7777 12.884 9.91246
      vertex 46.2001 12.884 9.91246
    endloop
  endfacet
  facet normal 0 0.637356 -0.770569
    outer loop
      vertex 11.7777 12.884 9.91246
      vertex 45.4164 12.5356 9.62429
      vertex 10.994 12.5356 9.62429
    endloop
  endfacet
  facet normal 0 0.309051 -0.951045
    outer loop
      vertex 47.9794 13.6748 10.3472
      vertex 14.5244 14.1047 10.4869
      vertex 48.9468 14.1047 10.4869
    endloop
  endfacet
  facet normal 0 0.309051 -0.951045
    outer loop
      vertex 14.5244 14.1047 10.4869
      vertex 47.9794 13.6748 10.3472
      vertex 13.557 13.6748 10.3472
    endloop
  endfacet
  facet normal -0 0.729054 0.684456
    outer loop
      vertex 10.994 12.5356 4.37571
      vertex 44.7201 12.2262 4.70527
      vertex 45.4164 12.5356 4.37571
    endloop
  endfacet
  facet normal 0 0.729054 0.684456
    outer loop
      vertex 44.7201 12.2262 4.70527
      vertex 10.994 12.5356 4.37571
      vertex 10.2976 12.2262 4.70527
    endloop
  endfacet
  facet normal 0 0.992104 -0.125418
    outer loop
      vertex 42.8772 11.4071 7.22605
      vertex 8.58227 11.4638 7.67457
      vertex 43.0047 11.4638 7.67457
    endloop
  endfacet
  facet normal 0 0.992104 -0.125418
    outer loop
      vertex 8.58227 11.4638 7.67457
      vertex 42.8772 11.4071 7.22605
      vertex 8.45478 11.4071 7.22605
    endloop
  endfacet
  facet normal 0 0.876303 -0.48176
    outer loop
      vertex 43.6321 11.7426 8.53281
      vertex 9.69974 11.9604 8.92898
      vertex 44.1222 11.9604 8.92898
    endloop
  endfacet
  facet normal 0 0.876303 -0.48176
    outer loop
      vertex 9.69974 11.9604 8.92898
      vertex 43.6321 11.7426 8.53281
      vertex 9.20969 11.7426 8.53281
    endloop
  endfacet
  facet normal 0 0.729054 -0.684456
    outer loop
      vertex 44.7201 12.2262 9.29473
      vertex 10.994 12.5356 9.62429
      vertex 45.4164 12.5356 9.62429
    endloop
  endfacet
  facet normal 0 0.729054 -0.684456
    outer loop
      vertex 10.994 12.5356 9.62429
      vertex 44.7201 12.2262 9.29473
      vertex 10.2976 12.2262 9.29473
    endloop
  endfacet
  facet normal 0 0.535836 -0.844322
    outer loop
      vertex 46.2001 12.884 9.91246
      vertex 12.6366 13.2657 10.1547
      vertex 47.059 13.2657 10.1547
    endloop
  endfacet
  facet normal 0 0.535836 -0.844322
    outer loop
      vertex 12.6366 13.2657 10.1547
      vertex 46.2001 12.884 9.91246
      vertex 11.7777 12.884 9.91246
    endloop
  endfacet
  facet normal 0 0.187346 -0.982294
    outer loop
      vertex 48.9468 14.1047 10.4869
      vertex 15.5236 14.5488 10.5716
      vertex 49.946 14.5488 10.5716
    endloop
  endfacet
  facet normal 0 0.187346 -0.982294
    outer loop
      vertex 15.5236 14.5488 10.5716
      vertex 48.9468 14.1047 10.4869
      vertex 14.5244 14.1047 10.4869
    endloop
  endfacet
  facet normal 0 0.0628189 -0.998025
    outer loop
      vertex 49.946 14.5488 10.5716
      vertex 16.5388 15 10.6
      vertex 50.9612 15 10.6
    endloop
  endfacet
  facet normal 0 0.0628189 -0.998025
    outer loop
      vertex 16.5388 15 10.6
      vertex 49.946 14.5488 10.5716
      vertex 15.5236 14.5488 10.5716
    endloop
  endfacet
  facet normal -0 0.9686 0.248625
    outer loop
      vertex 8.83523 11.5762 5.88754
      vertex 43.0047 11.4638 6.32543
      vertex 43.2577 11.5762 5.88754
    endloop
  endfacet
  facet normal 0 0.9686 0.248625
    outer loop
      vertex 43.0047 11.4638 6.32543
      vertex 8.83523 11.5762 5.88754
      vertex 8.58227 11.4638 6.32543
    endloop
  endfacet
  facet normal -0 0.992104 0.125418
    outer loop
      vertex 8.58227 11.4638 6.32543
      vertex 42.8772 11.4071 6.77395
      vertex 43.0047 11.4638 6.32543
    endloop
  endfacet
  facet normal 0 0.992104 0.125418
    outer loop
      vertex 42.8772 11.4071 6.77395
      vertex 8.58227 11.4638 6.32543
      vertex 8.45478 11.4071 6.77395
    endloop
  endfacet
  facet normal 0 0.808946 -0.587882
    outer loop
      vertex 44.1222 11.9604 8.92898
      vertex 10.2976 12.2262 9.29473
      vertex 44.7201 12.2262 9.29473
    endloop
  endfacet
  facet normal 0 0.808946 -0.587882
    outer loop
      vertex 10.2976 12.2262 9.29473
      vertex 44.1222 11.9604 8.92898
      vertex 9.69974 11.9604 8.92898
    endloop
  endfacet
  facet normal 0 -0.0627749 0.998028
    outer loop
      vertex -74.5 15.2256 5.21419
      vertex -62.4 15 5.2
      vertex -62.4 15.2256 5.21419
    endloop
  endfacet
  facet normal 0 -0.0627749 0.998028
    outer loop
      vertex -62.4 15 5.2
      vertex -74.5 15.2256 5.21419
      vertex -74.5 15 5.2
    endloop
  endfacet
  facet normal 0 -0.0627749 -0.998028
    outer loop
      vertex -74.5 15 8.8
      vertex -62.4 15.2256 8.78581
      vertex -62.4 15 8.8
    endloop
  endfacet
  facet normal -0 -0.0627749 -0.998028
    outer loop
      vertex -62.4 15.2256 8.78581
      vertex -74.5 15 8.8
      vertex -74.5 15.2256 8.78581
    endloop
  endfacet
  facet normal 0 -1 0
    outer loop
      vertex -74.5 16.7964 6.88698
      vertex -62.4 16.7964 7.11302
      vertex -74.5 16.7964 7.11302
    endloop
  endfacet
  facet normal 0 -1 -0
    outer loop
      vertex -62.4 16.7964 7.11302
      vertex -74.5 16.7964 6.88698
      vertex -62.4 16.7964 6.88698
    endloop
  endfacet
  facet normal 0 1 -0
    outer loop
      vertex -62.4 13.2036 6.88698
      vertex -74.5 13.2036 7.11302
      vertex -62.4 13.2036 7.11302
    endloop
  endfacet
  facet normal 0 1 0
    outer loop
      vertex -74.5 13.2036 7.11302
      vertex -62.4 13.2036 6.88698
      vertex -74.5 13.2036 6.88698
    endloop
  endfacet
  facet normal 0 -0.729054 0.684456
    outer loop
      vertex -74.5 16.2322 5.68786
      vertex -62.4 16.3869 5.85264
      vertex -74.5 16.3869 5.85264
    endloop
  endfacet
  facet normal 0 -0.729054 0.684456
    outer loop
      vertex -62.4 16.3869 5.85264
      vertex -74.5 16.2322 5.68786
      vertex -62.4 16.2322 5.68786
    endloop
  endfacet
  facet normal 0 -0.729054 -0.684456
    outer loop
      vertex -74.5 16.3869 8.14736
      vertex -62.4 16.2322 8.31214
      vertex -74.5 16.2322 8.31214
    endloop
  endfacet
  facet normal 0 -0.729054 -0.684456
    outer loop
      vertex -62.4 16.2322 8.31214
      vertex -74.5 16.3869 8.14736
      vertex -62.4 16.3869 8.14736
    endloop
  endfacet
  facet normal 0 -0.929795 -0.368078
    outer loop
      vertex -74.5 16.7119 7.55623
      vertex -62.4 16.6287 7.7664
      vertex -74.5 16.6287 7.7664
    endloop
  endfacet
  facet normal 0 -0.929795 -0.368078
    outer loop
      vertex -62.4 16.6287 7.7664
      vertex -74.5 16.7119 7.55623
      vertex -62.4 16.7119 7.55623
    endloop
  endfacet
  facet normal -0 0.535936 0.844259
    outer loop
      vertex -74.5 14.1328 5.42265
      vertex -62.4 13.942 5.54377
      vertex -62.4 14.1328 5.42265
    endloop
  endfacet
  facet normal 0 0.535936 0.844259
    outer loop
      vertex -62.4 13.942 5.54377
      vertex -74.5 14.1328 5.42265
      vertex -74.5 13.942 5.54377
    endloop
  endfacet
  facet normal 0 -0.42568 0.904874
    outer loop
      vertex -74.5 15.8672 5.42265
      vertex -62.4 15.6626 5.3264
      vertex -62.4 15.8672 5.42265
    endloop
  endfacet
  facet normal 0 -0.42568 0.904874
    outer loop
      vertex -62.4 15.6626 5.3264
      vertex -74.5 15.8672 5.42265
      vertex -74.5 15.6626 5.3264
    endloop
  endfacet
  facet normal 0 -0.187429 0.982278
    outer loop
      vertex -74.5 15.4476 5.25655
      vertex -62.4 15.2256 5.21419
      vertex -62.4 15.4476 5.25655
    endloop
  endfacet
  facet normal 0 -0.187429 0.982278
    outer loop
      vertex -62.4 15.2256 5.21419
      vertex -74.5 15.4476 5.25655
      vertex -74.5 15.2256 5.21419
    endloop
  endfacet
  facet normal 0 -0.929795 0.368078
    outer loop
      vertex -74.5 16.6287 6.2336
      vertex -62.4 16.7119 6.44377
      vertex -74.5 16.7119 6.44377
    endloop
  endfacet
  facet normal 0 -0.929795 0.368078
    outer loop
      vertex -62.4 16.7119 6.44377
      vertex -74.5 16.6287 6.2336
      vertex -62.4 16.6287 6.2336
    endloop
  endfacet
  facet normal 0 -0.968598 0.248631
    outer loop
      vertex -74.5 16.7119 6.44377
      vertex -62.4 16.7681 6.66271
      vertex -74.5 16.7681 6.66271
    endloop
  endfacet
  facet normal 0 -0.968598 0.248631
    outer loop
      vertex -62.4 16.7681 6.66271
      vertex -74.5 16.7119 6.44377
      vertex -62.4 16.7119 6.44377
    endloop
  endfacet
  facet normal 0 -0.808939 0.587893
    outer loop
      vertex -74.5 16.3869 5.85264
      vertex -62.4 16.5198 6.03551
      vertex -74.5 16.5198 6.03551
    endloop
  endfacet
  facet normal 0 -0.808939 0.587893
    outer loop
      vertex -62.4 16.5198 6.03551
      vertex -74.5 16.3869 5.85264
      vertex -62.4 16.3869 5.85264
    endloop
  endfacet
  facet normal 0 -0.42568 -0.904874
    outer loop
      vertex -74.5 15.6626 8.6736
      vertex -62.4 15.8672 8.57735
      vertex -62.4 15.6626 8.6736
    endloop
  endfacet
  facet normal -0 -0.42568 -0.904874
    outer loop
      vertex -62.4 15.8672 8.57735
      vertex -74.5 15.6626 8.6736
      vertex -74.5 15.8672 8.57735
    endloop
  endfacet
  facet normal 0 -0.308986 -0.951067
    outer loop
      vertex -74.5 15.4476 8.74345
      vertex -62.4 15.6626 8.6736
      vertex -62.4 15.4476 8.74345
    endloop
  endfacet
  facet normal -0 -0.308986 -0.951067
    outer loop
      vertex -62.4 15.6626 8.6736
      vertex -74.5 15.4476 8.74345
      vertex -74.5 15.6626 8.6736
    endloop
  endfacet
  facet normal 0 -0.968598 -0.248631
    outer loop
      vertex -74.5 16.7681 7.33729
      vertex -62.4 16.7119 7.55623
      vertex -74.5 16.7119 7.55623
    endloop
  endfacet
  facet normal 0 -0.968598 -0.248631
    outer loop
      vertex -62.4 16.7119 7.55623
      vertex -74.5 16.7681 7.33729
      vertex -62.4 16.7681 7.33729
    endloop
  endfacet
  facet normal 0 0.992132 0.125194
    outer loop
      vertex -62.4 13.2319 6.66271
      vertex -74.5 13.2036 6.88698
      vertex -62.4 13.2036 6.88698
    endloop
  endfacet
  facet normal 0 0.992132 0.125194
    outer loop
      vertex -74.5 13.2036 6.88698
      vertex -62.4 13.2319 6.66271
      vertex -74.5 13.2319 6.66271
    endloop
  endfacet
  facet normal 0 0.929795 0.368078
    outer loop
      vertex -62.4 13.3713 6.2336
      vertex -74.5 13.2881 6.44377
      vertex -62.4 13.2881 6.44377
    endloop
  endfacet
  facet normal 0 0.929795 0.368078
    outer loop
      vertex -74.5 13.2881 6.44377
      vertex -62.4 13.3713 6.2336
      vertex -74.5 13.3713 6.2336
    endloop
  endfacet
  facet normal 0 -0.308986 0.951067
    outer loop
      vertex -74.5 15.6626 5.3264
      vertex -62.4 15.4476 5.25655
      vertex -62.4 15.6626 5.3264
    endloop
  endfacet
  facet normal 0 -0.308986 0.951067
    outer loop
      vertex -62.4 15.4476 5.25655
      vertex -74.5 15.6626 5.3264
      vertex -74.5 15.4476 5.25655
    endloop
  endfacet
  facet normal 0 -0.637369 0.770558
    outer loop
      vertex -74.5 16.2322 5.68786
      vertex -62.4 16.058 5.54377
      vertex -62.4 16.2322 5.68786
    endloop
  endfacet
  facet normal 0 -0.637369 0.770558
    outer loop
      vertex -62.4 16.058 5.54377
      vertex -74.5 16.2322 5.68786
      vertex -74.5 16.058 5.54377
    endloop
  endfacet
  facet normal 0 -0.535936 0.844259
    outer loop
      vertex -74.5 16.058 5.54377
      vertex -62.4 15.8672 5.42265
      vertex -62.4 16.058 5.54377
    endloop
  endfacet
  facet normal 0 -0.535936 0.844259
    outer loop
      vertex -62.4 15.8672 5.42265
      vertex -74.5 16.058 5.54377
      vertex -74.5 15.8672 5.42265
    endloop
  endfacet
  facet normal 0 -0.992132 0.125194
    outer loop
      vertex -74.5 16.7681 6.66271
      vertex -62.4 16.7964 6.88698
      vertex -74.5 16.7964 6.88698
    endloop
  endfacet
  facet normal 0 -0.992132 0.125194
    outer loop
      vertex -62.4 16.7964 6.88698
      vertex -74.5 16.7681 6.66271
      vertex -62.4 16.7681 6.66271
    endloop
  endfacet
  facet normal 0 -0.876308 0.481751
    outer loop
      vertex -74.5 16.5198 6.03551
      vertex -62.4 16.6287 6.2336
      vertex -74.5 16.6287 6.2336
    endloop
  endfacet
  facet normal 0 -0.876308 0.481751
    outer loop
      vertex -62.4 16.6287 6.2336
      vertex -74.5 16.5198 6.03551
      vertex -62.4 16.5198 6.03551
    endloop
  endfacet
  facet normal 0 -0.535936 -0.844259
    outer loop
      vertex -74.5 15.8672 8.57735
      vertex -62.4 16.058 8.45623
      vertex -62.4 15.8672 8.57735
    endloop
  endfacet
  facet normal -0 -0.535936 -0.844259
    outer loop
      vertex -62.4 16.058 8.45623
      vertex -74.5 15.8672 8.57735
      vertex -74.5 16.058 8.45623
    endloop
  endfacet
  facet normal 0 -0.637369 -0.770558
    outer loop
      vertex -74.5 16.058 8.45623
      vertex -62.4 16.2322 8.31214
      vertex -62.4 16.058 8.45623
    endloop
  endfacet
  facet normal -0 -0.637369 -0.770558
    outer loop
      vertex -62.4 16.2322 8.31214
      vertex -74.5 16.058 8.45623
      vertex -74.5 16.2322 8.31214
    endloop
  endfacet
  facet normal 0 -0.187429 -0.982278
    outer loop
      vertex -74.5 15.2256 8.78581
      vertex -62.4 15.4476 8.74345
      vertex -62.4 15.2256 8.78581
    endloop
  endfacet
  facet normal -0 -0.187429 -0.982278
    outer loop
      vertex -62.4 15.4476 8.74345
      vertex -74.5 15.2256 8.78581
      vertex -74.5 15.4476 8.74345
    endloop
  endfacet
  facet normal 0 -0.876308 -0.481751
    outer loop
      vertex -74.5 16.6287 7.7664
      vertex -62.4 16.5198 7.96449
      vertex -74.5 16.5198 7.96449
    endloop
  endfacet
  facet normal 0 -0.876308 -0.481751
    outer loop
      vertex -62.4 16.5198 7.96449
      vertex -74.5 16.6287 7.7664
      vertex -62.4 16.6287 7.7664
    endloop
  endfacet
  facet normal 0 -0.808939 -0.587893
    outer loop
      vertex -74.5 16.5198 7.96449
      vertex -62.4 16.3869 8.14736
      vertex -74.5 16.3869 8.14736
    endloop
  endfacet
  facet normal 0 -0.808939 -0.587893
    outer loop
      vertex -62.4 16.3869 8.14736
      vertex -74.5 16.5198 7.96449
      vertex -62.4 16.5198 7.96449
    endloop
  endfacet
  facet normal 0 -0.992132 -0.125194
    outer loop
      vertex -74.5 16.7964 7.11302
      vertex -62.4 16.7681 7.33729
      vertex -74.5 16.7681 7.33729
    endloop
  endfacet
  facet normal 0 -0.992132 -0.125194
    outer loop
      vertex -62.4 16.7681 7.33729
      vertex -74.5 16.7964 7.11302
      vertex -62.4 16.7964 7.11302
    endloop
  endfacet
  facet normal -0 0.0627749 0.998028
    outer loop
      vertex -74.5 15 5.2
      vertex -62.4 14.7744 5.21419
      vertex -62.4 15 5.2
    endloop
  endfacet
  facet normal 0 0.0627749 0.998028
    outer loop
      vertex -62.4 14.7744 5.21419
      vertex -74.5 15 5.2
      vertex -74.5 14.7744 5.21419
    endloop
  endfacet
  facet normal 0 0.876308 0.481751
    outer loop
      vertex -62.4 13.4802 6.03551
      vertex -74.5 13.3713 6.2336
      vertex -62.4 13.3713 6.2336
    endloop
  endfacet
  facet normal 0 0.876308 0.481751
    outer loop
      vertex -74.5 13.3713 6.2336
      vertex -62.4 13.4802 6.03551
      vertex -74.5 13.4802 6.03551
    endloop
  endfacet
  facet normal 0 0.729054 0.684456
    outer loop
      vertex -62.4 13.7678 5.68786
      vertex -74.5 13.6131 5.85264
      vertex -62.4 13.6131 5.85264
    endloop
  endfacet
  facet normal 0 0.729054 0.684456
    outer loop
      vertex -74.5 13.6131 5.85264
      vertex -62.4 13.7678 5.68786
      vertex -74.5 13.7678 5.68786
    endloop
  endfacet
  facet normal -0 0.187429 0.982278
    outer loop
      vertex -74.5 14.7744 5.21419
      vertex -62.4 14.5524 5.25655
      vertex -62.4 14.7744 5.21419
    endloop
  endfacet
  facet normal 0 0.187429 0.982278
    outer loop
      vertex -62.4 14.5524 5.25655
      vertex -74.5 14.7744 5.21419
      vertex -74.5 14.5524 5.25655
    endloop
  endfacet
  facet normal 0 0.42568 -0.904874
    outer loop
      vertex -74.5 14.1328 8.57735
      vertex -62.4 14.3374 8.6736
      vertex -62.4 14.1328 8.57735
    endloop
  endfacet
  facet normal 0 0.42568 -0.904874
    outer loop
      vertex -62.4 14.3374 8.6736
      vertex -74.5 14.1328 8.57735
      vertex -74.5 14.3374 8.6736
    endloop
  endfacet
  facet normal -0 0.42568 0.904874
    outer loop
      vertex -74.5 14.3374 5.3264
      vertex -62.4 14.1328 5.42265
      vertex -62.4 14.3374 5.3264
    endloop
  endfacet
  facet normal 0 0.42568 0.904874
    outer loop
      vertex -62.4 14.1328 5.42265
      vertex -74.5 14.3374 5.3264
      vertex -74.5 14.1328 5.42265
    endloop
  endfacet
  facet normal -0 0.637369 0.770558
    outer loop
      vertex -74.5 13.942 5.54377
      vertex -62.4 13.7678 5.68786
      vertex -62.4 13.942 5.54377
    endloop
  endfacet
  facet normal 0 0.637369 0.770558
    outer loop
      vertex -62.4 13.7678 5.68786
      vertex -74.5 13.942 5.54377
      vertex -74.5 13.7678 5.68786
    endloop
  endfacet
  facet normal 0 0.808939 -0.587893
    outer loop
      vertex -62.4 13.4802 7.96449
      vertex -74.5 13.6131 8.14736
      vertex -62.4 13.6131 8.14736
    endloop
  endfacet
  facet normal 0 0.808939 -0.587893
    outer loop
      vertex -74.5 13.6131 8.14736
      vertex -62.4 13.4802 7.96449
      vertex -74.5 13.4802 7.96449
    endloop
  endfacet
  facet normal 0 0.968598 -0.248631
    outer loop
      vertex -62.4 13.2319 7.33729
      vertex -74.5 13.2881 7.55623
      vertex -62.4 13.2881 7.55623
    endloop
  endfacet
  facet normal 0 0.968598 -0.248631
    outer loop
      vertex -74.5 13.2881 7.55623
      vertex -62.4 13.2319 7.33729
      vertex -74.5 13.2319 7.33729
    endloop
  endfacet
  facet normal 0 0.308986 -0.951067
    outer loop
      vertex -74.5 14.3374 8.6736
      vertex -62.4 14.5524 8.74345
      vertex -62.4 14.3374 8.6736
    endloop
  endfacet
  facet normal 0 0.308986 -0.951067
    outer loop
      vertex -62.4 14.5524 8.74345
      vertex -74.5 14.3374 8.6736
      vertex -74.5 14.5524 8.74345
    endloop
  endfacet
  facet normal 0 0.968598 0.248631
    outer loop
      vertex -62.4 13.2881 6.44377
      vertex -74.5 13.2319 6.66271
      vertex -62.4 13.2319 6.66271
    endloop
  endfacet
  facet normal 0 0.968598 0.248631
    outer loop
      vertex -74.5 13.2319 6.66271
      vertex -62.4 13.2881 6.44377
      vertex -74.5 13.2881 6.44377
    endloop
  endfacet
  facet normal 0 0.808939 0.587893
    outer loop
      vertex -62.4 13.6131 5.85264
      vertex -74.5 13.4802 6.03551
      vertex -62.4 13.4802 6.03551
    endloop
  endfacet
  facet normal 0 0.808939 0.587893
    outer loop
      vertex -74.5 13.4802 6.03551
      vertex -62.4 13.6131 5.85264
      vertex -74.5 13.6131 5.85264
    endloop
  endfacet
  facet normal -0 0.308986 0.951067
    outer loop
      vertex -74.5 14.5524 5.25655
      vertex -62.4 14.3374 5.3264
      vertex -62.4 14.5524 5.25655
    endloop
  endfacet
  facet normal 0 0.308986 0.951067
    outer loop
      vertex -62.4 14.3374 5.3264
      vertex -74.5 14.5524 5.25655
      vertex -74.5 14.3374 5.3264
    endloop
  endfacet
  facet normal 0 0.992132 -0.125194
    outer loop
      vertex -62.4 13.2036 7.11302
      vertex -74.5 13.2319 7.33729
      vertex -62.4 13.2319 7.33729
    endloop
  endfacet
  facet normal 0 0.992132 -0.125194
    outer loop
      vertex -74.5 13.2319 7.33729
      vertex -62.4 13.2036 7.11302
      vertex -74.5 13.2036 7.11302
    endloop
  endfacet
  facet normal 0 0.729054 -0.684456
    outer loop
      vertex -62.4 13.6131 8.14736
      vertex -74.5 13.7678 8.31214
      vertex -62.4 13.7678 8.31214
    endloop
  endfacet
  facet normal 0 0.729054 -0.684456
    outer loop
      vertex -74.5 13.7678 8.31214
      vertex -62.4 13.6131 8.14736
      vertex -74.5 13.6131 8.14736
    endloop
  endfacet
  facet normal 0 0.187429 -0.982278
    outer loop
      vertex -74.5 14.5524 8.74345
      vertex -62.4 14.7744 8.78581
      vertex -62.4 14.5524 8.74345
    endloop
  endfacet
  facet normal 0 0.187429 -0.982278
    outer loop
      vertex -62.4 14.7744 8.78581
      vertex -74.5 14.5524 8.74345
      vertex -74.5 14.7744 8.78581
    endloop
  endfacet
  facet normal 0 0.0627749 -0.998028
    outer loop
      vertex -74.5 14.7744 8.78581
      vertex -62.4 15 8.8
      vertex -62.4 14.7744 8.78581
    endloop
  endfacet
  facet normal 0 0.0627749 -0.998028
    outer loop
      vertex -62.4 15 8.8
      vertex -74.5 14.7744 8.78581
      vertex -74.5 15 8.8
    endloop
  endfacet
  facet normal 0 0.929795 -0.368078
    outer loop
      vertex -62.4 13.2881 7.55623
      vertex -74.5 13.3713 7.7664
      vertex -62.4 13.3713 7.7664
    endloop
  endfacet
  facet normal 0 0.929795 -0.368078
    outer loop
      vertex -74.5 13.3713 7.7664
      vertex -62.4 13.2881 7.55623
      vertex -74.5 13.2881 7.55623
    endloop
  endfacet
  facet normal 0 0.876308 -0.481751
    outer loop
      vertex -62.4 13.3713 7.7664
      vertex -74.5 13.4802 7.96449
      vertex -62.4 13.4802 7.96449
    endloop
  endfacet
  facet normal 0 0.876308 -0.481751
    outer loop
      vertex -74.5 13.4802 7.96449
      vertex -62.4 13.3713 7.7664
      vertex -74.5 13.3713 7.7664
    endloop
  endfacet
  facet normal 0 0.535936 -0.844259
    outer loop
      vertex -74.5 13.942 8.45623
      vertex -62.4 14.1328 8.57735
      vertex -62.4 13.942 8.45623
    endloop
  endfacet
  facet normal 0 0.535936 -0.844259
    outer loop
      vertex -62.4 14.1328 8.57735
      vertex -74.5 13.942 8.45623
      vertex -74.5 14.1328 8.57735
    endloop
  endfacet
  facet normal 0 0.637369 -0.770558
    outer loop
      vertex -74.5 13.7678 8.31214
      vertex -62.4 13.942 8.45623
      vertex -62.4 13.7678 8.31214
    endloop
  endfacet
  facet normal 0 0.637369 -0.770558
    outer loop
      vertex -62.4 13.942 8.45623
      vertex -74.5 13.7678 8.31214
      vertex -74.5 13.942 8.45623
    endloop
  endfacet
  facet normal 0.807729 0.379985 -0.450761
    outer loop
      vertex 49.7273 45.4022 3
      vertex 49.818 45.2094 3
      vertex 48.316 44.8434 0
    endloop
  endfacet
  facet normal 0.890895 -0.0558537 -0.450763
    outer loop
      vertex 48 46.5 0
      vertex 49.528 46.6611 3
      vertex 49.5179 46.5 3
    endloop
  endfacet
  facet normal 0.890888 -0.0560754 -0.450748
    outer loop
      vertex 49.528 46.6611 3
      vertex 48 46.5 0
      vertex 48.0355 47.064 0
    endloop
  endfacet
  facet normal 0.890883 -0.0561252 -0.450752
    outer loop
      vertex 49.5414 46.8738 3
      vertex 49.528 46.6611 3
      vertex 48.0355 47.064 0
    endloop
  endfacet
  facet normal 0.848981 0.275808 -0.450735
    outer loop
      vertex 49.6614 45.6048 3
      vertex 48.1414 45.3809 0
      vertex 49.6115 45.7584 3
    endloop
  endfacet
  facet normal 0.848988 0.275783 -0.450736
    outer loop
      vertex 48.1414 45.3809 0
      vertex 49.6614 45.6048 3
      vertex 48.316 44.8434 0
    endloop
  endfacet
  facet normal -0.876845 0.167238 -0.45075
    outer loop
      vertex 55.4586 46.1262 3
      vertex 56.9645 45.936 0
      vertex 55.4187 45.917 3
    endloop
  endfacet
  facet normal 0.328952 0.829843 -0.450722
    outer loop
      vertex 51.1094 42.2202 0
      vertex 51.2303 43.8017 3
      vertex 51.3804 43.7422 3
    endloop
  endfacet
  facet normal 0.328714 0.829921 -0.450754
    outer loop
      vertex 51.2303 43.8017 3
      vertex 51.1094 42.2202 0
      vertex 50.584 42.4283 0
    endloop
  endfacet
  facet normal 0.524531 -0.722278 -0.450757
    outer loop
      vertex 50.9021 49.0179 3
      vertex 50.7297 48.8927 3
      vertex 50.0888 50.2995 0
    endloop
  endfacet
  facet normal -0.222114 -0.864569 -0.450762
    outer loop
      vertex 53.8906 50.7798 0
      vertex 53.4215 49.3362 3
      vertex 53.2152 49.3892 3
    endloop
  endfacet
  facet normal 0.848866 0.276112 -0.450765
    outer loop
      vertex 49.6614 45.6048 3
      vertex 49.7273 45.4022 3
      vertex 48.316 44.8434 0
    endloop
  endfacet
  facet normal 0.807789 0.379843 -0.450774
    outer loop
      vertex 49.8867 45.0633 3
      vertex 48.316 44.8434 0
      vertex 49.818 45.2094 3
    endloop
  endfacet
  facet normal 0.807697 0.380074 -0.450743
    outer loop
      vertex 48.316 44.8434 0
      vertex 49.8867 45.0633 3
      vertex 48.5566 44.3321 0
    endloop
  endfacet
  facet normal 0.111855 0.885621 -0.450737
    outer loop
      vertex 52.3128 43.5237 3
      vertex 52.2174 42.0089 0
      vertex 52.1014 43.5504 3
    endloop
  endfacet
  facet normal -0.222114 0.864569 -0.450762
    outer loop
      vertex 53.4215 43.6638 3
      vertex 53.8906 42.2202 0
      vertex 53.2152 43.6108 3
    endloop
  endfacet
  facet normal -0.876884 0.166973 -0.450771
    outer loop
      vertex 56.9645 45.936 0
      vertex 55.3885 45.7584 3
      vertex 55.4187 45.917 3
    endloop
  endfacet
  facet normal -0.876845 0.167281 -0.450733
    outer loop
      vertex 55.3885 45.7584 3
      vertex 56.9645 45.936 0
      vertex 56.8586 45.3809 0
    endloop
  endfacet
  facet normal -0.753675 -0.478333 -0.450745
    outer loop
      vertex 56.4434 48.6679 0
      vertex 54.9126 48.2529 3
      vertex 56.1406 49.145 0
    endloop
  endfacet
  facet normal -0.75383 -0.478052 -0.450785
    outer loop
      vertex 54.9126 48.2529 3
      vertex 56.4434 48.6679 0
      vertex 54.9991 48.1165 3
    endloop
  endfacet
  facet normal 0.890895 0.0558537 -0.450763
    outer loop
      vertex 49.528 46.3389 3
      vertex 48 46.5 0
      vertex 49.5179 46.5 3
    endloop
  endfacet
  facet normal 0.890888 0.0560754 -0.450748
    outer loop
      vertex 48 46.5 0
      vertex 49.528 46.3389 3
      vertex 48.0355 45.936 0
    endloop
  endfacet
  facet normal 0.876845 0.167238 -0.45075
    outer loop
      vertex 49.5414 46.1262 3
      vertex 49.5813 45.917 3
      vertex 48.0355 45.936 0
    endloop
  endfacet
  facet normal 0.876884 0.166973 -0.450771
    outer loop
      vertex 49.6115 45.7584 3
      vertex 48.0355 45.936 0
      vertex 49.5813 45.917 3
    endloop
  endfacet
  facet normal 0.876845 0.167281 -0.450733
    outer loop
      vertex 48.0355 45.936 0
      vertex 49.6115 45.7584 3
      vertex 48.1414 45.3809 0
    endloop
  endfacet
  facet normal 0.687831 0.568954 -0.450754
    outer loop
      vertex 50.3261 44.4586 3
      vertex 48.8594 43.855 0
      vertex 50.2232 44.583 3
    endloop
  endfacet
  facet normal 0.687855 0.568922 -0.450759
    outer loop
      vertex 48.8594 43.855 0
      vertex 50.3261 44.4586 3
      vertex 49.2196 43.4195 0
    endloop
  endfacet
  facet normal 0.75383 0.478052 -0.450785
    outer loop
      vertex 50.0874 44.7471 3
      vertex 48.5566 44.3321 0
      vertex 50.0009 44.8835 3
    endloop
  endfacet
  facet normal 0.753675 0.478333 -0.450745
    outer loop
      vertex 48.5566 44.3321 0
      vertex 50.0874 44.7471 3
      vertex 48.8594 43.855 0
    endloop
  endfacet
  facet normal 0.687712 0.569112 -0.450738
    outer loop
      vertex 50.0874 44.7471 3
      vertex 50.2232 44.583 3
      vertex 48.8594 43.855 0
    endloop
  endfacet
  facet normal 0.430079 0.782213 -0.45075
    outer loop
      vertex 50.584 42.4283 0
      vertex 51.0888 43.8795 3
      vertex 51.2303 43.8017 3
    endloop
  endfacet
  facet normal 0.429989 0.782258 -0.450757
    outer loop
      vertex 51.0888 43.8795 3
      vertex 50.584 42.4283 0
      vertex 50.0888 42.7005 0
    endloop
  endfacet
  facet normal -0.75383 0.478052 -0.450785
    outer loop
      vertex 56.4434 44.3321 0
      vertex 54.9126 44.7471 3
      vertex 54.9991 44.8835 3
    endloop
  endfacet
  facet normal -0.753675 0.478333 -0.450745
    outer loop
      vertex 54.9126 44.7471 3
      vertex 56.4434 44.3321 0
      vertex 56.1406 43.855 0
    endloop
  endfacet
  facet normal -0.328483 0.830007 -0.450763
    outer loop
      vertex 53.6196 43.7422 3
      vertex 53.8906 42.2202 0
      vertex 53.4215 43.6638 3
    endloop
  endfacet
  facet normal -0.221698 -0.864676 -0.450761
    outer loop
      vertex 53.3432 50.9203 0
      vertex 53.2152 49.3892 3
      vertex 53.0588 49.4293 3
    endloop
  endfacet
  facet normal -0.221922 -0.864627 -0.450745
    outer loop
      vertex 53.2152 49.3892 3
      vertex 53.3432 50.9203 0
      vertex 53.8906 50.7798 0
    endloop
  endfacet
  facet normal -0.687712 -0.569112 -0.450738
    outer loop
      vertex 56.1406 49.145 0
      vertex 54.9126 48.2529 3
      vertex 54.7768 48.417 3
    endloop
  endfacet
  facet normal -0.876845 -0.167238 -0.45075
    outer loop
      vertex 56.9645 47.064 0
      vertex 55.4586 46.8738 3
      vertex 55.4187 47.083 3
    endloop
  endfacet
  facet normal 0.890883 0.0561252 -0.450752
    outer loop
      vertex 49.528 46.3389 3
      vertex 49.5414 46.1262 3
      vertex 48.0355 45.936 0
    endloop
  endfacet
  facet normal 0.753516 0.478596 -0.450733
    outer loop
      vertex 49.8867 45.0633 3
      vertex 50.0009 44.8835 3
      vertex 48.5566 44.3321 0
    endloop
  endfacet
  facet normal 0.221698 0.864676 -0.450761
    outer loop
      vertex 51.6568 42.0797 0
      vertex 51.7848 43.6108 3
      vertex 51.9412 43.5707 3
    endloop
  endfacet
  facet normal 0.221922 0.864627 -0.450745
    outer loop
      vertex 51.7848 43.6108 3
      vertex 51.6568 42.0797 0
      vertex 51.1094 42.2202 0
    endloop
  endfacet
  facet normal 0.112219 0.88559 -0.450707
    outer loop
      vertex 52.2174 42.0089 0
      vertex 51.9412 43.5707 3
      vertex 52.1014 43.5504 3
    endloop
  endfacet
  facet normal 0.111847 0.885614 -0.450753
    outer loop
      vertex 51.9412 43.5707 3
      vertex 52.2174 42.0089 0
      vertex 51.6568 42.0797 0
    endloop
  endfacet
  facet normal 0.429911 0.782305 -0.45075
    outer loop
      vertex 50.9021 43.9821 3
      vertex 51.0888 43.8795 3
      vertex 50.0888 42.7005 0
    endloop
  endfacet
  facet normal 0.610976 0.650787 -0.45076
    outer loop
      vertex 49.6316 43.0327 0
      vertex 50.3261 44.4586 3
      vertex 50.4438 44.3481 3
    endloop
  endfacet
  facet normal 0.610979 0.650784 -0.45076
    outer loop
      vertex 50.3261 44.4586 3
      vertex 49.6316 43.0327 0
      vertex 49.2196 43.4195 0
    endloop
  endfacet
  facet normal -0.524531 0.722278 -0.450757
    outer loop
      vertex 54.2703 44.1073 3
      vertex 54.9112 42.7005 0
      vertex 54.0979 43.9821 3
    endloop
  endfacet
  facet normal -0.687712 0.569112 -0.450738
    outer loop
      vertex 54.9126 44.7471 3
      vertex 56.1406 43.855 0
      vertex 54.7768 44.583 3
    endloop
  endfacet
  facet normal -0.111847 0.885614 -0.450753
    outer loop
      vertex 52.7826 42.0089 0
      vertex 53.0588 43.5707 3
      vertex 53.3432 42.0797 0
    endloop
  endfacet
  facet normal -0.112219 0.88559 -0.450707
    outer loop
      vertex 53.0588 43.5707 3
      vertex 52.7826 42.0089 0
      vertex 52.8986 43.5504 3
    endloop
  endfacet
  facet normal -0.524715 0.722154 -0.45074
    outer loop
      vertex 54.9112 42.7005 0
      vertex 54.4009 44.2022 3
      vertex 55.3684 43.0327 0
    endloop
  endfacet
  facet normal -0.52474 0.722139 -0.450737
    outer loop
      vertex 54.4009 44.2022 3
      vertex 54.9112 42.7005 0
      vertex 54.2703 44.1073 3
    endloop
  endfacet
  facet normal 0.429989 -0.782258 -0.450757
    outer loop
      vertex 50.584 50.5717 0
      vertex 51.0888 49.1205 3
      vertex 50.0888 50.2995 0
    endloop
  endfacet
  facet normal 0.430079 -0.782213 -0.45075
    outer loop
      vertex 51.0888 49.1205 3
      vertex 50.584 50.5717 0
      vertex 51.2303 49.1983 3
    endloop
  endfacet
  facet normal -0.112219 -0.88559 -0.450707
    outer loop
      vertex 52.7826 50.9911 0
      vertex 53.0588 49.4293 3
      vertex 52.8986 49.4496 3
    endloop
  endfacet
  facet normal -0.111847 -0.885614 -0.450753
    outer loop
      vertex 53.0588 49.4293 3
      vertex 52.7826 50.9911 0
      vertex 53.3432 50.9203 0
    endloop
  endfacet
  facet normal -0.429911 -0.782305 -0.45075
    outer loop
      vertex 54.9112 50.2995 0
      vertex 54.0979 49.0179 3
      vertex 53.9112 49.1205 3
    endloop
  endfacet
  facet normal -0.687855 -0.568922 -0.450759
    outer loop
      vertex 56.1406 49.145 0
      vertex 54.6739 48.5414 3
      vertex 55.7804 49.5805 0
    endloop
  endfacet
  facet normal -0.687831 -0.568954 -0.450754
    outer loop
      vertex 54.6739 48.5414 3
      vertex 56.1406 49.145 0
      vertex 54.7768 48.417 3
    endloop
  endfacet
  facet normal -0.753516 -0.478596 -0.450733
    outer loop
      vertex 56.4434 48.6679 0
      vertex 55.1133 47.9367 3
      vertex 54.9991 48.1165 3
    endloop
  endfacet
  facet normal -0.890883 0.0561252 -0.450752
    outer loop
      vertex 55.472 46.3389 3
      vertex 56.9645 45.936 0
      vertex 55.4586 46.1262 3
    endloop
  endfacet
  facet normal 0.222114 0.864569 -0.450762
    outer loop
      vertex 51.5785 43.6638 3
      vertex 51.7848 43.6108 3
      vertex 51.1094 42.2202 0
    endloop
  endfacet
  facet normal 0.611208 0.650587 -0.450735
    outer loop
      vertex 50.4438 44.3481 3
      vertex 50.5991 44.2022 3
      vertex 49.6316 43.0327 0
    endloop
  endfacet
  facet normal 0.52474 0.722139 -0.450737
    outer loop
      vertex 50.0888 42.7005 0
      vertex 50.5991 44.2022 3
      vertex 50.7297 44.1073 3
    endloop
  endfacet
  facet normal 0.524715 0.722154 -0.45074
    outer loop
      vertex 50.5991 44.2022 3
      vertex 50.0888 42.7005 0
      vertex 49.6316 43.0327 0
    endloop
  endfacet
  facet normal 0.524531 0.722278 -0.450757
    outer loop
      vertex 50.7297 44.1073 3
      vertex 50.9021 43.9821 3
      vertex 50.0888 42.7005 0
    endloop
  endfacet
  facet normal -0.848981 0.275808 -0.450735
    outer loop
      vertex 56.8586 45.3809 0
      vertex 55.3386 45.6048 3
      vertex 55.3885 45.7584 3
    endloop
  endfacet
  facet normal -0.848988 0.275783 -0.450736
    outer loop
      vertex 55.3386 45.6048 3
      vertex 56.8586 45.3809 0
      vertex 56.684 44.8434 0
    endloop
  endfacet
  facet normal -0.807789 0.379843 -0.450774
    outer loop
      vertex 56.684 44.8434 0
      vertex 55.1133 45.0633 3
      vertex 55.182 45.2094 3
    endloop
  endfacet
  facet normal -0.807697 0.380074 -0.450743
    outer loop
      vertex 55.1133 45.0633 3
      vertex 56.684 44.8434 0
      vertex 56.4434 44.3321 0
    endloop
  endfacet
  facet normal -0.610979 0.650784 -0.45076
    outer loop
      vertex 55.3684 43.0327 0
      vertex 54.6739 44.4586 3
      vertex 55.7804 43.4195 0
    endloop
  endfacet
  facet normal -0.610976 0.650787 -0.45076
    outer loop
      vertex 54.6739 44.4586 3
      vertex 55.3684 43.0327 0
      vertex 54.5562 44.3481 3
    endloop
  endfacet
  facet normal -0.611208 0.650587 -0.450735
    outer loop
      vertex 54.5562 44.3481 3
      vertex 55.3684 43.0327 0
      vertex 54.4009 44.2022 3
    endloop
  endfacet
  facet normal -0.429911 0.782305 -0.45075
    outer loop
      vertex 54.0979 43.9821 3
      vertex 54.9112 42.7005 0
      vertex 53.9112 43.8795 3
    endloop
  endfacet
  facet normal -0.221922 0.864627 -0.450745
    outer loop
      vertex 53.3432 42.0797 0
      vertex 53.2152 43.6108 3
      vertex 53.8906 42.2202 0
    endloop
  endfacet
  facet normal -0.221698 0.864676 -0.450761
    outer loop
      vertex 53.2152 43.6108 3
      vertex 53.3432 42.0797 0
      vertex 53.0588 43.5707 3
    endloop
  endfacet
  facet normal 0.876845 -0.167238 -0.45075
    outer loop
      vertex 49.5813 47.083 3
      vertex 49.5414 46.8738 3
      vertex 48.0355 47.064 0
    endloop
  endfacet
  facet normal 0.687855 -0.568922 -0.450759
    outer loop
      vertex 50.3261 48.5414 3
      vertex 48.8594 49.145 0
      vertex 49.2196 49.5805 0
    endloop
  endfacet
  facet normal 0.687831 -0.568954 -0.450754
    outer loop
      vertex 48.8594 49.145 0
      vertex 50.3261 48.5414 3
      vertex 50.2232 48.417 3
    endloop
  endfacet
  facet normal 0.429911 -0.782305 -0.45075
    outer loop
      vertex 51.0888 49.1205 3
      vertex 50.9021 49.0179 3
      vertex 50.0888 50.2995 0
    endloop
  endfacet
  facet normal 0.111847 -0.885614 -0.450753
    outer loop
      vertex 52.2174 50.9911 0
      vertex 51.9412 49.4293 3
      vertex 51.6568 50.9203 0
    endloop
  endfacet
  facet normal 0.112219 -0.88559 -0.450707
    outer loop
      vertex 51.9412 49.4293 3
      vertex 52.2174 50.9911 0
      vertex 52.1014 49.4496 3
    endloop
  endfacet
  facet normal 0.221922 -0.864627 -0.450745
    outer loop
      vertex 51.6568 50.9203 0
      vertex 51.7848 49.3892 3
      vertex 51.1094 50.7798 0
    endloop
  endfacet
  facet normal 0.221698 -0.864676 -0.450761
    outer loop
      vertex 51.7848 49.3892 3
      vertex 51.6568 50.9203 0
      vertex 51.9412 49.4293 3
    endloop
  endfacet
  facet normal -0.328952 -0.829843 -0.450722
    outer loop
      vertex 53.8906 50.7798 0
      vertex 53.7697 49.1983 3
      vertex 53.6196 49.2578 3
    endloop
  endfacet
  facet normal -0.328714 -0.829921 -0.450754
    outer loop
      vertex 53.7697 49.1983 3
      vertex 53.8906 50.7798 0
      vertex 54.416 50.5717 0
    endloop
  endfacet
  facet normal -0.430079 -0.782213 -0.45075
    outer loop
      vertex 54.416 50.5717 0
      vertex 53.9112 49.1205 3
      vertex 53.7697 49.1983 3
    endloop
  endfacet
  facet normal -0.429989 -0.782258 -0.450757
    outer loop
      vertex 53.9112 49.1205 3
      vertex 54.416 50.5717 0
      vertex 54.9112 50.2995 0
    endloop
  endfacet
  facet normal -0.328483 -0.830007 -0.450763
    outer loop
      vertex 53.8906 50.7798 0
      vertex 53.6196 49.2578 3
      vertex 53.4215 49.3362 3
    endloop
  endfacet
  facet normal -0.52474 -0.722139 -0.450737
    outer loop
      vertex 54.9112 50.2995 0
      vertex 54.4009 48.7978 3
      vertex 54.2703 48.8927 3
    endloop
  endfacet
  facet normal -0.524715 -0.722154 -0.45074
    outer loop
      vertex 54.4009 48.7978 3
      vertex 54.9112 50.2995 0
      vertex 55.3684 49.9673 0
    endloop
  endfacet
  facet normal -0.611208 -0.650587 -0.450735
    outer loop
      vertex 55.3684 49.9673 0
      vertex 54.5562 48.6519 3
      vertex 54.4009 48.7978 3
    endloop
  endfacet
  facet normal -0.807697 -0.380074 -0.450743
    outer loop
      vertex 56.684 48.1566 0
      vertex 55.1133 47.9367 3
      vertex 56.4434 48.6679 0
    endloop
  endfacet
  facet normal -0.807789 -0.379843 -0.450774
    outer loop
      vertex 55.1133 47.9367 3
      vertex 56.684 48.1566 0
      vertex 55.182 47.7906 3
    endloop
  endfacet
  facet normal -0.848988 -0.275783 -0.450736
    outer loop
      vertex 56.8586 47.6191 0
      vertex 55.3386 47.3952 3
      vertex 56.684 48.1566 0
    endloop
  endfacet
  facet normal -0.848981 -0.275808 -0.450735
    outer loop
      vertex 55.3386 47.3952 3
      vertex 56.8586 47.6191 0
      vertex 55.3885 47.2416 3
    endloop
  endfacet
  facet normal -0.876845 -0.167281 -0.450733
    outer loop
      vertex 56.9645 47.064 0
      vertex 55.3885 47.2416 3
      vertex 56.8586 47.6191 0
    endloop
  endfacet
  facet normal -0.876884 -0.166973 -0.450771
    outer loop
      vertex 55.3885 47.2416 3
      vertex 56.9645 47.064 0
      vertex 55.4187 47.083 3
    endloop
  endfacet
  facet normal -0.848866 -0.276112 -0.450765
    outer loop
      vertex 56.684 48.1566 0
      vertex 55.3386 47.3952 3
      vertex 55.2727 47.5978 3
    endloop
  endfacet
  facet normal -0.807729 -0.379985 -0.450761
    outer loop
      vertex 56.684 48.1566 0
      vertex 55.2727 47.5978 3
      vertex 55.182 47.7906 3
    endloop
  endfacet
  facet normal -0.890895 0.0558537 -0.450763
    outer loop
      vertex 57 46.5 0
      vertex 55.472 46.3389 3
      vertex 55.4821 46.5 3
    endloop
  endfacet
  facet normal -0.890888 0.0560754 -0.450748
    outer loop
      vertex 55.472 46.3389 3
      vertex 57 46.5 0
      vertex 56.9645 45.936 0
    endloop
  endfacet
  facet normal -0.890888 -0.0560754 -0.450748
    outer loop
      vertex 57 46.5 0
      vertex 55.472 46.6611 3
      vertex 56.9645 47.064 0
    endloop
  endfacet
  facet normal -0.890895 -0.0558537 -0.450763
    outer loop
      vertex 55.472 46.6611 3
      vertex 57 46.5 0
      vertex 55.4821 46.5 3
    endloop
  endfacet
  facet normal 0.328483 0.830007 -0.450763
    outer loop
      vertex 51.3804 43.7422 3
      vertex 51.5785 43.6638 3
      vertex 51.1094 42.2202 0
    endloop
  endfacet
  facet normal -0.753516 0.478596 -0.450733
    outer loop
      vertex 55.1133 45.0633 3
      vertex 56.4434 44.3321 0
      vertex 54.9991 44.8835 3
    endloop
  endfacet
  facet normal -0.687831 0.568954 -0.450754
    outer loop
      vertex 56.1406 43.855 0
      vertex 54.6739 44.4586 3
      vertex 54.7768 44.583 3
    endloop
  endfacet
  facet normal -0.687855 0.568922 -0.450759
    outer loop
      vertex 54.6739 44.4586 3
      vertex 56.1406 43.855 0
      vertex 55.7804 43.4195 0
    endloop
  endfacet
  facet normal -0.429989 0.782258 -0.450757
    outer loop
      vertex 54.416 42.4283 0
      vertex 53.9112 43.8795 3
      vertex 54.9112 42.7005 0
    endloop
  endfacet
  facet normal -0.430079 0.782213 -0.45075
    outer loop
      vertex 53.9112 43.8795 3
      vertex 54.416 42.4283 0
      vertex 53.7697 43.8017 3
    endloop
  endfacet
  facet normal -0.328714 0.829921 -0.450754
    outer loop
      vertex 53.8906 42.2202 0
      vertex 53.7697 43.8017 3
      vertex 54.416 42.4283 0
    endloop
  endfacet
  facet normal -0.328952 0.829843 -0.450722
    outer loop
      vertex 53.7697 43.8017 3
      vertex 53.8906 42.2202 0
      vertex 53.6196 43.7422 3
    endloop
  endfacet
  facet normal 0 0.892659 -0.450733
    outer loop
      vertex 52.7826 42.0089 0
      vertex 52.3128 43.5237 3
      vertex 52.6872 43.5237 3
    endloop
  endfacet
  facet normal 0 0.892659 -0.450733
    outer loop
      vertex 52.3128 43.5237 3
      vertex 52.7826 42.0089 0
      vertex 52.2174 42.0089 0
    endloop
  endfacet
  facet normal 0.848988 -0.275783 -0.450736
    outer loop
      vertex 49.6614 47.3952 3
      vertex 48.1414 47.6191 0
      vertex 48.316 48.1566 0
    endloop
  endfacet
  facet normal 0.848981 -0.275808 -0.450735
    outer loop
      vertex 48.1414 47.6191 0
      vertex 49.6614 47.3952 3
      vertex 49.6115 47.2416 3
    endloop
  endfacet
  facet normal 0.876884 -0.166973 -0.450771
    outer loop
      vertex 48.0355 47.064 0
      vertex 49.6115 47.2416 3
      vertex 49.5813 47.083 3
    endloop
  endfacet
  facet normal 0.876845 -0.167281 -0.450733
    outer loop
      vertex 49.6115 47.2416 3
      vertex 48.0355 47.064 0
      vertex 48.1414 47.6191 0
    endloop
  endfacet
  facet normal 0.610979 -0.650784 -0.45076
    outer loop
      vertex 49.6316 49.9673 0
      vertex 50.3261 48.5414 3
      vertex 49.2196 49.5805 0
    endloop
  endfacet
  facet normal 0.610976 -0.650787 -0.45076
    outer loop
      vertex 50.3261 48.5414 3
      vertex 49.6316 49.9673 0
      vertex 50.4438 48.6519 3
    endloop
  endfacet
  facet normal 0.753675 -0.478333 -0.450745
    outer loop
      vertex 50.0874 48.2529 3
      vertex 48.5566 48.6679 0
      vertex 48.8594 49.145 0
    endloop
  endfacet
  facet normal 0.75383 -0.478052 -0.450785
    outer loop
      vertex 48.5566 48.6679 0
      vertex 50.0874 48.2529 3
      vertex 50.0009 48.1165 3
    endloop
  endfacet
  facet normal 0 -0.892659 -0.450733
    outer loop
      vertex 52.2174 50.9911 0
      vertex 52.6872 49.4763 3
      vertex 52.3128 49.4763 3
    endloop
  endfacet
  facet normal 0 -0.892659 -0.450733
    outer loop
      vertex 52.6872 49.4763 3
      vertex 52.2174 50.9911 0
      vertex 52.7826 50.9911 0
    endloop
  endfacet
  facet normal 0.111855 -0.885621 -0.450737
    outer loop
      vertex 52.2174 50.9911 0
      vertex 52.3128 49.4763 3
      vertex 52.1014 49.4496 3
    endloop
  endfacet
  facet normal 0.328714 -0.829921 -0.450754
    outer loop
      vertex 51.1094 50.7798 0
      vertex 51.2303 49.1983 3
      vertex 50.584 50.5717 0
    endloop
  endfacet
  facet normal 0.328952 -0.829843 -0.450722
    outer loop
      vertex 51.2303 49.1983 3
      vertex 51.1094 50.7798 0
      vertex 51.3804 49.2578 3
    endloop
  endfacet
  facet normal 0.222114 -0.864569 -0.450762
    outer loop
      vertex 51.7848 49.3892 3
      vertex 51.5785 49.3362 3
      vertex 51.1094 50.7798 0
    endloop
  endfacet
  facet normal 0.328483 -0.830007 -0.450763
    outer loop
      vertex 51.5785 49.3362 3
      vertex 51.3804 49.2578 3
      vertex 51.1094 50.7798 0
    endloop
  endfacet
  facet normal -0.524531 -0.722278 -0.450757
    outer loop
      vertex 54.9112 50.2995 0
      vertex 54.2703 48.8927 3
      vertex 54.0979 49.0179 3
    endloop
  endfacet
  facet normal -0.610976 -0.650787 -0.45076
    outer loop
      vertex 55.3684 49.9673 0
      vertex 54.6739 48.5414 3
      vertex 54.5562 48.6519 3
    endloop
  endfacet
  facet normal -0.610979 -0.650784 -0.45076
    outer loop
      vertex 54.6739 48.5414 3
      vertex 55.3684 49.9673 0
      vertex 55.7804 49.5805 0
    endloop
  endfacet
  facet normal -0.890883 -0.0561252 -0.450752
    outer loop
      vertex 56.9645 47.064 0
      vertex 55.472 46.6611 3
      vertex 55.4586 46.8738 3
    endloop
  endfacet
  facet normal -0.807729 0.379985 -0.450761
    outer loop
      vertex 55.2727 45.4022 3
      vertex 56.684 44.8434 0
      vertex 55.182 45.2094 3
    endloop
  endfacet
  facet normal -0.848866 0.276112 -0.450765
    outer loop
      vertex 55.3386 45.6048 3
      vertex 56.684 44.8434 0
      vertex 55.2727 45.4022 3
    endloop
  endfacet
  facet normal -0.111855 0.885621 -0.450737
    outer loop
      vertex 52.8986 43.5504 3
      vertex 52.7826 42.0089 0
      vertex 52.6872 43.5237 3
    endloop
  endfacet
  facet normal 0.848866 -0.276112 -0.450765
    outer loop
      vertex 49.7273 47.5978 3
      vertex 49.6614 47.3952 3
      vertex 48.316 48.1566 0
    endloop
  endfacet
  facet normal 0.611208 -0.650587 -0.450735
    outer loop
      vertex 50.5991 48.7978 3
      vertex 50.4438 48.6519 3
      vertex 49.6316 49.9673 0
    endloop
  endfacet
  facet normal 0.524715 -0.722154 -0.45074
    outer loop
      vertex 50.0888 50.2995 0
      vertex 50.5991 48.7978 3
      vertex 49.6316 49.9673 0
    endloop
  endfacet
  facet normal 0.52474 -0.722139 -0.450737
    outer loop
      vertex 50.5991 48.7978 3
      vertex 50.0888 50.2995 0
      vertex 50.7297 48.8927 3
    endloop
  endfacet
  facet normal 0.807697 -0.380074 -0.450743
    outer loop
      vertex 49.8867 47.9367 3
      vertex 48.316 48.1566 0
      vertex 48.5566 48.6679 0
    endloop
  endfacet
  facet normal 0.807789 -0.379843 -0.450774
    outer loop
      vertex 48.316 48.1566 0
      vertex 49.8867 47.9367 3
      vertex 49.818 47.7906 3
    endloop
  endfacet
  facet normal 0.753516 -0.478596 -0.450733
    outer loop
      vertex 50.0009 48.1165 3
      vertex 49.8867 47.9367 3
      vertex 48.5566 48.6679 0
    endloop
  endfacet
  facet normal 0.687712 -0.569112 -0.450738
    outer loop
      vertex 50.2232 48.417 3
      vertex 50.0874 48.2529 3
      vertex 48.8594 49.145 0
    endloop
  endfacet
  facet normal -0.111855 -0.885621 -0.450737
    outer loop
      vertex 52.7826 50.9911 0
      vertex 52.8986 49.4496 3
      vertex 52.6872 49.4763 3
    endloop
  endfacet
  facet normal 0.807729 -0.379985 -0.450761
    outer loop
      vertex 49.818 47.7906 3
      vertex 49.7273 47.5978 3
      vertex 48.316 48.1566 0
    endloop
  endfacet
  facet normal 0.807729 0.379985 -0.450761
    outer loop
      vertex -55.2727 45.4022 3
      vertex -55.182 45.2094 3
      vertex -56.684 44.8434 0
    endloop
  endfacet
  facet normal 0.890895 -0.0558537 -0.450763
    outer loop
      vertex -57 46.5 0
      vertex -55.472 46.6611 3
      vertex -55.4821 46.5 3
    endloop
  endfacet
  facet normal 0.890888 -0.0560754 -0.450748
    outer loop
      vertex -55.472 46.6611 3
      vertex -57 46.5 0
      vertex -56.9645 47.064 0
    endloop
  endfacet
  facet normal 0.890883 -0.0561252 -0.450752
    outer loop
      vertex -55.4586 46.8738 3
      vertex -55.472 46.6611 3
      vertex -56.9645 47.064 0
    endloop
  endfacet
  facet normal 0.848981 0.275808 -0.450735
    outer loop
      vertex -55.3386 45.6048 3
      vertex -56.8586 45.3809 0
      vertex -55.3885 45.7584 3
    endloop
  endfacet
  facet normal 0.848988 0.275783 -0.450736
    outer loop
      vertex -56.8586 45.3809 0
      vertex -55.3386 45.6048 3
      vertex -56.684 44.8434 0
    endloop
  endfacet
  facet normal -0.876845 0.167238 -0.45075
    outer loop
      vertex -49.5414 46.1262 3
      vertex -48.0355 45.936 0
      vertex -49.5813 45.917 3
    endloop
  endfacet
  facet normal 0.328952 0.829843 -0.450722
    outer loop
      vertex -53.8906 42.2202 0
      vertex -53.7697 43.8017 3
      vertex -53.6196 43.7422 3
    endloop
  endfacet
  facet normal 0.328714 0.829921 -0.450754
    outer loop
      vertex -53.7697 43.8017 3
      vertex -53.8906 42.2202 0
      vertex -54.416 42.4283 0
    endloop
  endfacet
  facet normal 0.524531 -0.722278 -0.450757
    outer loop
      vertex -54.0979 49.0179 3
      vertex -54.2703 48.8927 3
      vertex -54.9112 50.2995 0
    endloop
  endfacet
  facet normal -0.222114 -0.864569 -0.450762
    outer loop
      vertex -51.1094 50.7798 0
      vertex -51.5785 49.3362 3
      vertex -51.7848 49.3892 3
    endloop
  endfacet
  facet normal 0.848866 0.276112 -0.450765
    outer loop
      vertex -55.3386 45.6048 3
      vertex -55.2727 45.4022 3
      vertex -56.684 44.8434 0
    endloop
  endfacet
  facet normal 0.807789 0.379843 -0.450774
    outer loop
      vertex -55.1133 45.0633 3
      vertex -56.684 44.8434 0
      vertex -55.182 45.2094 3
    endloop
  endfacet
  facet normal 0.807697 0.380074 -0.450743
    outer loop
      vertex -56.684 44.8434 0
      vertex -55.1133 45.0633 3
      vertex -56.4434 44.3321 0
    endloop
  endfacet
  facet normal 0.111855 0.885621 -0.450737
    outer loop
      vertex -52.6872 43.5237 3
      vertex -52.7826 42.0089 0
      vertex -52.8986 43.5504 3
    endloop
  endfacet
  facet normal -0.222114 0.864569 -0.450762
    outer loop
      vertex -51.5785 43.6638 3
      vertex -51.1094 42.2202 0
      vertex -51.7848 43.6108 3
    endloop
  endfacet
  facet normal -0.876884 0.166973 -0.450771
    outer loop
      vertex -48.0355 45.936 0
      vertex -49.6115 45.7584 3
      vertex -49.5813 45.917 3
    endloop
  endfacet
  facet normal -0.876845 0.167281 -0.450733
    outer loop
      vertex -49.6115 45.7584 3
      vertex -48.0355 45.936 0
      vertex -48.1414 45.3809 0
    endloop
  endfacet
  facet normal -0.753675 -0.478333 -0.450745
    outer loop
      vertex -48.5566 48.6679 0
      vertex -50.0874 48.2529 3
      vertex -48.8594 49.145 0
    endloop
  endfacet
  facet normal -0.75383 -0.478052 -0.450785
    outer loop
      vertex -50.0874 48.2529 3
      vertex -48.5566 48.6679 0
      vertex -50.0009 48.1165 3
    endloop
  endfacet
  facet normal 0.890895 0.0558537 -0.450763
    outer loop
      vertex -55.472 46.3389 3
      vertex -57 46.5 0
      vertex -55.4821 46.5 3
    endloop
  endfacet
  facet normal 0.890888 0.0560754 -0.450748
    outer loop
      vertex -57 46.5 0
      vertex -55.472 46.3389 3
      vertex -56.9645 45.936 0
    endloop
  endfacet
  facet normal 0.876845 0.167238 -0.45075
    outer loop
      vertex -55.4586 46.1262 3
      vertex -55.4187 45.917 3
      vertex -56.9645 45.936 0
    endloop
  endfacet
  facet normal 0.876884 0.166973 -0.450771
    outer loop
      vertex -55.3885 45.7584 3
      vertex -56.9645 45.936 0
      vertex -55.4187 45.917 3
    endloop
  endfacet
  facet normal 0.876845 0.167281 -0.450733
    outer loop
      vertex -56.9645 45.936 0
      vertex -55.3885 45.7584 3
      vertex -56.8586 45.3809 0
    endloop
  endfacet
  facet normal 0.687831 0.568954 -0.450754
    outer loop
      vertex -54.6739 44.4586 3
      vertex -56.1406 43.855 0
      vertex -54.7768 44.583 3
    endloop
  endfacet
  facet normal 0.687855 0.568922 -0.450759
    outer loop
      vertex -56.1406 43.855 0
      vertex -54.6739 44.4586 3
      vertex -55.7804 43.4195 0
    endloop
  endfacet
  facet normal 0.75383 0.478052 -0.450785
    outer loop
      vertex -54.9126 44.7471 3
      vertex -56.4434 44.3321 0
      vertex -54.9991 44.8835 3
    endloop
  endfacet
  facet normal 0.753675 0.478333 -0.450745
    outer loop
      vertex -56.4434 44.3321 0
      vertex -54.9126 44.7471 3
      vertex -56.1406 43.855 0
    endloop
  endfacet
  facet normal 0.687712 0.569112 -0.450738
    outer loop
      vertex -54.9126 44.7471 3
      vertex -54.7768 44.583 3
      vertex -56.1406 43.855 0
    endloop
  endfacet
  facet normal 0.430079 0.782213 -0.45075
    outer loop
      vertex -54.416 42.4283 0
      vertex -53.9112 43.8795 3
      vertex -53.7697 43.8017 3
    endloop
  endfacet
  facet normal 0.429989 0.782258 -0.450757
    outer loop
      vertex -53.9112 43.8795 3
      vertex -54.416 42.4283 0
      vertex -54.9112 42.7005 0
    endloop
  endfacet
  facet normal -0.75383 0.478052 -0.450785
    outer loop
      vertex -48.5566 44.3321 0
      vertex -50.0874 44.7471 3
      vertex -50.0009 44.8835 3
    endloop
  endfacet
  facet normal -0.753675 0.478333 -0.450745
    outer loop
      vertex -50.0874 44.7471 3
      vertex -48.5566 44.3321 0
      vertex -48.8594 43.855 0
    endloop
  endfacet
  facet normal -0.328483 0.830007 -0.450763
    outer loop
      vertex -51.3804 43.7422 3
      vertex -51.1094 42.2202 0
      vertex -51.5785 43.6638 3
    endloop
  endfacet
  facet normal -0.221698 -0.864676 -0.450761
    outer loop
      vertex -51.6568 50.9203 0
      vertex -51.7848 49.3892 3
      vertex -51.9412 49.4293 3
    endloop
  endfacet
  facet normal -0.221922 -0.864627 -0.450745
    outer loop
      vertex -51.7848 49.3892 3
      vertex -51.6568 50.9203 0
      vertex -51.1094 50.7798 0
    endloop
  endfacet
  facet normal -0.687712 -0.569112 -0.450738
    outer loop
      vertex -48.8594 49.145 0
      vertex -50.0874 48.2529 3
      vertex -50.2232 48.417 3
    endloop
  endfacet
  facet normal -0.876845 -0.167238 -0.45075
    outer loop
      vertex -48.0355 47.064 0
      vertex -49.5414 46.8738 3
      vertex -49.5813 47.083 3
    endloop
  endfacet
  facet normal 0.890883 0.0561252 -0.450752
    outer loop
      vertex -55.472 46.3389 3
      vertex -55.4586 46.1262 3
      vertex -56.9645 45.936 0
    endloop
  endfacet
  facet normal 0.753516 0.478596 -0.450733
    outer loop
      vertex -55.1133 45.0633 3
      vertex -54.9991 44.8835 3
      vertex -56.4434 44.3321 0
    endloop
  endfacet
  facet normal 0.221698 0.864676 -0.450761
    outer loop
      vertex -53.3432 42.0797 0
      vertex -53.2152 43.6108 3
      vertex -53.0588 43.5707 3
    endloop
  endfacet
  facet normal 0.221922 0.864627 -0.450745
    outer loop
      vertex -53.2152 43.6108 3
      vertex -53.3432 42.0797 0
      vertex -53.8906 42.2202 0
    endloop
  endfacet
  facet normal 0.112219 0.88559 -0.450707
    outer loop
      vertex -52.7826 42.0089 0
      vertex -53.0588 43.5707 3
      vertex -52.8986 43.5504 3
    endloop
  endfacet
  facet normal 0.111847 0.885614 -0.450753
    outer loop
      vertex -53.0588 43.5707 3
      vertex -52.7826 42.0089 0
      vertex -53.3432 42.0797 0
    endloop
  endfacet
  facet normal 0.429911 0.782305 -0.45075
    outer loop
      vertex -54.0979 43.9821 3
      vertex -53.9112 43.8795 3
      vertex -54.9112 42.7005 0
    endloop
  endfacet
  facet normal 0.610976 0.650787 -0.45076
    outer loop
      vertex -55.3684 43.0327 0
      vertex -54.6739 44.4586 3
      vertex -54.5562 44.3481 3
    endloop
  endfacet
  facet normal 0.610979 0.650784 -0.45076
    outer loop
      vertex -54.6739 44.4586 3
      vertex -55.3684 43.0327 0
      vertex -55.7804 43.4195 0
    endloop
  endfacet
  facet normal -0.524531 0.722278 -0.450757
    outer loop
      vertex -50.7297 44.1073 3
      vertex -50.0888 42.7005 0
      vertex -50.9021 43.9821 3
    endloop
  endfacet
  facet normal -0.687712 0.569112 -0.450738
    outer loop
      vertex -50.0874 44.7471 3
      vertex -48.8594 43.855 0
      vertex -50.2232 44.583 3
    endloop
  endfacet
  facet normal -0.111847 0.885614 -0.450753
    outer loop
      vertex -52.2174 42.0089 0
      vertex -51.9412 43.5707 3
      vertex -51.6568 42.0797 0
    endloop
  endfacet
  facet normal -0.112219 0.88559 -0.450707
    outer loop
      vertex -51.9412 43.5707 3
      vertex -52.2174 42.0089 0
      vertex -52.1014 43.5504 3
    endloop
  endfacet
  facet normal -0.524715 0.722154 -0.45074
    outer loop
      vertex -50.0888 42.7005 0
      vertex -50.5991 44.2022 3
      vertex -49.6316 43.0327 0
    endloop
  endfacet
  facet normal -0.52474 0.722139 -0.450737
    outer loop
      vertex -50.5991 44.2022 3
      vertex -50.0888 42.7005 0
      vertex -50.7297 44.1073 3
    endloop
  endfacet
  facet normal 0.429989 -0.782258 -0.450757
    outer loop
      vertex -54.416 50.5717 0
      vertex -53.9112 49.1205 3
      vertex -54.9112 50.2995 0
    endloop
  endfacet
  facet normal 0.430079 -0.782213 -0.45075
    outer loop
      vertex -53.9112 49.1205 3
      vertex -54.416 50.5717 0
      vertex -53.7697 49.1983 3
    endloop
  endfacet
  facet normal -0.112219 -0.88559 -0.450707
    outer loop
      vertex -52.2174 50.9911 0
      vertex -51.9412 49.4293 3
      vertex -52.1014 49.4496 3
    endloop
  endfacet
  facet normal -0.111847 -0.885614 -0.450753
    outer loop
      vertex -51.9412 49.4293 3
      vertex -52.2174 50.9911 0
      vertex -51.6568 50.9203 0
    endloop
  endfacet
  facet normal -0.429911 -0.782305 -0.45075
    outer loop
      vertex -50.0888 50.2995 0
      vertex -50.9021 49.0179 3
      vertex -51.0888 49.1205 3
    endloop
  endfacet
  facet normal -0.687855 -0.568922 -0.450759
    outer loop
      vertex -48.8594 49.145 0
      vertex -50.3261 48.5414 3
      vertex -49.2196 49.5805 0
    endloop
  endfacet
  facet normal -0.687831 -0.568954 -0.450754
    outer loop
      vertex -50.3261 48.5414 3
      vertex -48.8594 49.145 0
      vertex -50.2232 48.417 3
    endloop
  endfacet
  facet normal -0.753516 -0.478596 -0.450733
    outer loop
      vertex -48.5566 48.6679 0
      vertex -49.8867 47.9367 3
      vertex -50.0009 48.1165 3
    endloop
  endfacet
  facet normal -0.890883 0.0561252 -0.450752
    outer loop
      vertex -49.528 46.3389 3
      vertex -48.0355 45.936 0
      vertex -49.5414 46.1262 3
    endloop
  endfacet
  facet normal 0.222114 0.864569 -0.450762
    outer loop
      vertex -53.4215 43.6638 3
      vertex -53.2152 43.6108 3
      vertex -53.8906 42.2202 0
    endloop
  endfacet
  facet normal 0.611208 0.650587 -0.450735
    outer loop
      vertex -54.5562 44.3481 3
      vertex -54.4009 44.2022 3
      vertex -55.3684 43.0327 0
    endloop
  endfacet
  facet normal 0.52474 0.722139 -0.450737
    outer loop
      vertex -54.9112 42.7005 0
      vertex -54.4009 44.2022 3
      vertex -54.2703 44.1073 3
    endloop
  endfacet
  facet normal 0.524715 0.722154 -0.45074
    outer loop
      vertex -54.4009 44.2022 3
      vertex -54.9112 42.7005 0
      vertex -55.3684 43.0327 0
    endloop
  endfacet
  facet normal 0.524531 0.722278 -0.450757
    outer loop
      vertex -54.2703 44.1073 3
      vertex -54.0979 43.9821 3
      vertex -54.9112 42.7005 0
    endloop
  endfacet
  facet normal -0.848981 0.275808 -0.450735
    outer loop
      vertex -48.1414 45.3809 0
      vertex -49.6614 45.6048 3
      vertex -49.6115 45.7584 3
    endloop
  endfacet
  facet normal -0.848988 0.275783 -0.450736
    outer loop
      vertex -49.6614 45.6048 3
      vertex -48.1414 45.3809 0
      vertex -48.316 44.8434 0
    endloop
  endfacet
  facet normal -0.807789 0.379843 -0.450774
    outer loop
      vertex -48.316 44.8434 0
      vertex -49.8867 45.0633 3
      vertex -49.818 45.2094 3
    endloop
  endfacet
  facet normal -0.807697 0.380074 -0.450743
    outer loop
      vertex -49.8867 45.0633 3
      vertex -48.316 44.8434 0
      vertex -48.5566 44.3321 0
    endloop
  endfacet
  facet normal -0.610979 0.650784 -0.45076
    outer loop
      vertex -49.6316 43.0327 0
      vertex -50.3261 44.4586 3
      vertex -49.2196 43.4195 0
    endloop
  endfacet
  facet normal -0.610976 0.650787 -0.45076
    outer loop
      vertex -50.3261 44.4586 3
      vertex -49.6316 43.0327 0
      vertex -50.4438 44.3481 3
    endloop
  endfacet
  facet normal -0.611208 0.650587 -0.450735
    outer loop
      vertex -50.4438 44.3481 3
      vertex -49.6316 43.0327 0
      vertex -50.5991 44.2022 3
    endloop
  endfacet
  facet normal -0.429911 0.782305 -0.45075
    outer loop
      vertex -50.9021 43.9821 3
      vertex -50.0888 42.7005 0
      vertex -51.0888 43.8795 3
    endloop
  endfacet
  facet normal -0.221922 0.864627 -0.450745
    outer loop
      vertex -51.6568 42.0797 0
      vertex -51.7848 43.6108 3
      vertex -51.1094 42.2202 0
    endloop
  endfacet
  facet normal -0.221698 0.864676 -0.450761
    outer loop
      vertex -51.7848 43.6108 3
      vertex -51.6568 42.0797 0
      vertex -51.9412 43.5707 3
    endloop
  endfacet
  facet normal 0.876845 -0.167238 -0.45075
    outer loop
      vertex -55.4187 47.083 3
      vertex -55.4586 46.8738 3
      vertex -56.9645 47.064 0
    endloop
  endfacet
  facet normal 0.687855 -0.568922 -0.450759
    outer loop
      vertex -54.6739 48.5414 3
      vertex -56.1406 49.145 0
      vertex -55.7804 49.5805 0
    endloop
  endfacet
  facet normal 0.687831 -0.568954 -0.450754
    outer loop
      vertex -56.1406 49.145 0
      vertex -54.6739 48.5414 3
      vertex -54.7768 48.417 3
    endloop
  endfacet
  facet normal 0.429911 -0.782305 -0.45075
    outer loop
      vertex -53.9112 49.1205 3
      vertex -54.0979 49.0179 3
      vertex -54.9112 50.2995 0
    endloop
  endfacet
  facet normal 0.111847 -0.885614 -0.450753
    outer loop
      vertex -52.7826 50.9911 0
      vertex -53.0588 49.4293 3
      vertex -53.3432 50.9203 0
    endloop
  endfacet
  facet normal 0.112219 -0.88559 -0.450707
    outer loop
      vertex -53.0588 49.4293 3
      vertex -52.7826 50.9911 0
      vertex -52.8986 49.4496 3
    endloop
  endfacet
  facet normal 0.221922 -0.864627 -0.450745
    outer loop
      vertex -53.3432 50.9203 0
      vertex -53.2152 49.3892 3
      vertex -53.8906 50.7798 0
    endloop
  endfacet
  facet normal 0.221698 -0.864676 -0.450761
    outer loop
      vertex -53.2152 49.3892 3
      vertex -53.3432 50.9203 0
      vertex -53.0588 49.4293 3
    endloop
  endfacet
  facet normal -0.328952 -0.829843 -0.450722
    outer loop
      vertex -51.1094 50.7798 0
      vertex -51.2303 49.1983 3
      vertex -51.3804 49.2578 3
    endloop
  endfacet
  facet normal -0.328714 -0.829921 -0.450754
    outer loop
      vertex -51.2303 49.1983 3
      vertex -51.1094 50.7798 0
      vertex -50.584 50.5717 0
    endloop
  endfacet
  facet normal -0.430079 -0.782213 -0.45075
    outer loop
      vertex -50.584 50.5717 0
      vertex -51.0888 49.1205 3
      vertex -51.2303 49.1983 3
    endloop
  endfacet
  facet normal -0.429989 -0.782258 -0.450757
    outer loop
      vertex -51.0888 49.1205 3
      vertex -50.584 50.5717 0
      vertex -50.0888 50.2995 0
    endloop
  endfacet
  facet normal -0.328483 -0.830007 -0.450763
    outer loop
      vertex -51.1094 50.7798 0
      vertex -51.3804 49.2578 3
      vertex -51.5785 49.3362 3
    endloop
  endfacet
  facet normal -0.52474 -0.722139 -0.450737
    outer loop
      vertex -50.0888 50.2995 0
      vertex -50.5991 48.7978 3
      vertex -50.7297 48.8927 3
    endloop
  endfacet
  facet normal -0.524715 -0.722154 -0.45074
    outer loop
      vertex -50.5991 48.7978 3
      vertex -50.0888 50.2995 0
      vertex -49.6316 49.9673 0
    endloop
  endfacet
  facet normal -0.611208 -0.650587 -0.450735
    outer loop
      vertex -49.6316 49.9673 0
      vertex -50.4438 48.6519 3
      vertex -50.5991 48.7978 3
    endloop
  endfacet
  facet normal -0.807697 -0.380074 -0.450743
    outer loop
      vertex -48.316 48.1566 0
      vertex -49.8867 47.9367 3
      vertex -48.5566 48.6679 0
    endloop
  endfacet
  facet normal -0.807789 -0.379843 -0.450774
    outer loop
      vertex -49.8867 47.9367 3
      vertex -48.316 48.1566 0
      vertex -49.818 47.7906 3
    endloop
  endfacet
  facet normal -0.848988 -0.275783 -0.450736
    outer loop
      vertex -48.1414 47.6191 0
      vertex -49.6614 47.3952 3
      vertex -48.316 48.1566 0
    endloop
  endfacet
  facet normal -0.848981 -0.275808 -0.450735
    outer loop
      vertex -49.6614 47.3952 3
      vertex -48.1414 47.6191 0
      vertex -49.6115 47.2416 3
    endloop
  endfacet
  facet normal -0.876845 -0.167281 -0.450733
    outer loop
      vertex -48.0355 47.064 0
      vertex -49.6115 47.2416 3
      vertex -48.1414 47.6191 0
    endloop
  endfacet
  facet normal -0.876884 -0.166973 -0.450771
    outer loop
      vertex -49.6115 47.2416 3
      vertex -48.0355 47.064 0
      vertex -49.5813 47.083 3
    endloop
  endfacet
  facet normal -0.848866 -0.276112 -0.450765
    outer loop
      vertex -48.316 48.1566 0
      vertex -49.6614 47.3952 3
      vertex -49.7273 47.5978 3
    endloop
  endfacet
  facet normal -0.807729 -0.379985 -0.450761
    outer loop
      vertex -48.316 48.1566 0
      vertex -49.7273 47.5978 3
      vertex -49.818 47.7906 3
    endloop
  endfacet
  facet normal -0.890895 0.0558537 -0.450763
    outer loop
      vertex -48 46.5 0
      vertex -49.528 46.3389 3
      vertex -49.5179 46.5 3
    endloop
  endfacet
  facet normal -0.890888 0.0560754 -0.450748
    outer loop
      vertex -49.528 46.3389 3
      vertex -48 46.5 0
      vertex -48.0355 45.936 0
    endloop
  endfacet
  facet normal -0.890888 -0.0560754 -0.450748
    outer loop
      vertex -48 46.5 0
      vertex -49.528 46.6611 3
      vertex -48.0355 47.064 0
    endloop
  endfacet
  facet normal -0.890895 -0.0558537 -0.450763
    outer loop
      vertex -49.528 46.6611 3
      vertex -48 46.5 0
      vertex -49.5179 46.5 3
    endloop
  endfacet
  facet normal 0.328483 0.830007 -0.450763
    outer loop
      vertex -53.6196 43.7422 3
      vertex -53.4215 43.6638 3
      vertex -53.8906 42.2202 0
    endloop
  endfacet
  facet normal -0.753516 0.478596 -0.450733
    outer loop
      vertex -49.8867 45.0633 3
      vertex -48.5566 44.3321 0
      vertex -50.0009 44.8835 3
    endloop
  endfacet
  facet normal -0.687831 0.568954 -0.450754
    outer loop
      vertex -48.8594 43.855 0
      vertex -50.3261 44.4586 3
      vertex -50.2232 44.583 3
    endloop
  endfacet
  facet normal -0.687855 0.568922 -0.450759
    outer loop
      vertex -50.3261 44.4586 3
      vertex -48.8594 43.855 0
      vertex -49.2196 43.4195 0
    endloop
  endfacet
  facet normal -0.429989 0.782258 -0.450757
    outer loop
      vertex -50.584 42.4283 0
      vertex -51.0888 43.8795 3
      vertex -50.0888 42.7005 0
    endloop
  endfacet
  facet normal -0.430079 0.782213 -0.45075
    outer loop
      vertex -51.0888 43.8795 3
      vertex -50.584 42.4283 0
      vertex -51.2303 43.8017 3
    endloop
  endfacet
  facet normal -0.328714 0.829921 -0.450754
    outer loop
      vertex -51.1094 42.2202 0
      vertex -51.2303 43.8017 3
      vertex -50.584 42.4283 0
    endloop
  endfacet
  facet normal -0.328952 0.829843 -0.450722
    outer loop
      vertex -51.2303 43.8017 3
      vertex -51.1094 42.2202 0
      vertex -51.3804 43.7422 3
    endloop
  endfacet
  facet normal 0 0.892659 -0.450733
    outer loop
      vertex -52.2174 42.0089 0
      vertex -52.6872 43.5237 3
      vertex -52.3128 43.5237 3
    endloop
  endfacet
  facet normal 0 0.892659 -0.450733
    outer loop
      vertex -52.6872 43.5237 3
      vertex -52.2174 42.0089 0
      vertex -52.7826 42.0089 0
    endloop
  endfacet
  facet normal 0.848988 -0.275783 -0.450736
    outer loop
      vertex -55.3386 47.3952 3
      vertex -56.8586 47.6191 0
      vertex -56.684 48.1566 0
    endloop
  endfacet
  facet normal 0.848981 -0.275808 -0.450735
    outer loop
      vertex -56.8586 47.6191 0
      vertex -55.3386 47.3952 3
      vertex -55.3885 47.2416 3
    endloop
  endfacet
  facet normal 0.876884 -0.166973 -0.450771
    outer loop
      vertex -56.9645 47.064 0
      vertex -55.3885 47.2416 3
      vertex -55.4187 47.083 3
    endloop
  endfacet
  facet normal 0.876845 -0.167281 -0.450733
    outer loop
      vertex -55.3885 47.2416 3
      vertex -56.9645 47.064 0
      vertex -56.8586 47.6191 0
    endloop
  endfacet
  facet normal 0.610979 -0.650784 -0.45076
    outer loop
      vertex -55.3684 49.9673 0
      vertex -54.6739 48.5414 3
      vertex -55.7804 49.5805 0
    endloop
  endfacet
  facet normal 0.610976 -0.650787 -0.45076
    outer loop
      vertex -54.6739 48.5414 3
      vertex -55.3684 49.9673 0
      vertex -54.5562 48.6519 3
    endloop
  endfacet
  facet normal 0.753675 -0.478333 -0.450745
    outer loop
      vertex -54.9126 48.2529 3
      vertex -56.4434 48.6679 0
      vertex -56.1406 49.145 0
    endloop
  endfacet
  facet normal 0.75383 -0.478052 -0.450785
    outer loop
      vertex -56.4434 48.6679 0
      vertex -54.9126 48.2529 3
      vertex -54.9991 48.1165 3
    endloop
  endfacet
  facet normal 0 -0.892659 -0.450733
    outer loop
      vertex -52.7826 50.9911 0
      vertex -52.3128 49.4763 3
      vertex -52.6872 49.4763 3
    endloop
  endfacet
  facet normal 0 -0.892659 -0.450733
    outer loop
      vertex -52.3128 49.4763 3
      vertex -52.7826 50.9911 0
      vertex -52.2174 50.9911 0
    endloop
  endfacet
  facet normal 0.111855 -0.885621 -0.450737
    outer loop
      vertex -52.7826 50.9911 0
      vertex -52.6872 49.4763 3
      vertex -52.8986 49.4496 3
    endloop
  endfacet
  facet normal 0.328714 -0.829921 -0.450754
    outer loop
      vertex -53.8906 50.7798 0
      vertex -53.7697 49.1983 3
      vertex -54.416 50.5717 0
    endloop
  endfacet
  facet normal 0.328952 -0.829843 -0.450722
    outer loop
      vertex -53.7697 49.1983 3
      vertex -53.8906 50.7798 0
      vertex -53.6196 49.2578 3
    endloop
  endfacet
  facet normal 0.222114 -0.864569 -0.450762
    outer loop
      vertex -53.2152 49.3892 3
      vertex -53.4215 49.3362 3
      vertex -53.8906 50.7798 0
    endloop
  endfacet
  facet normal 0.328483 -0.830007 -0.450763
    outer loop
      vertex -53.4215 49.3362 3
      vertex -53.6196 49.2578 3
      vertex -53.8906 50.7798 0
    endloop
  endfacet
  facet normal -0.524531 -0.722278 -0.450757
    outer loop
      vertex -50.0888 50.2995 0
      vertex -50.7297 48.8927 3
      vertex -50.9021 49.0179 3
    endloop
  endfacet
  facet normal -0.610976 -0.650787 -0.45076
    outer loop
      vertex -49.6316 49.9673 0
      vertex -50.3261 48.5414 3
      vertex -50.4438 48.6519 3
    endloop
  endfacet
  facet normal -0.610979 -0.650784 -0.45076
    outer loop
      vertex -50.3261 48.5414 3
      vertex -49.6316 49.9673 0
      vertex -49.2196 49.5805 0
    endloop
  endfacet
  facet normal -0.890883 -0.0561252 -0.450752
    outer loop
      vertex -48.0355 47.064 0
      vertex -49.528 46.6611 3
      vertex -49.5414 46.8738 3
    endloop
  endfacet
  facet normal -0.807729 0.379985 -0.450761
    outer loop
      vertex -49.7273 45.4022 3
      vertex -48.316 44.8434 0
      vertex -49.818 45.2094 3
    endloop
  endfacet
  facet normal -0.848866 0.276112 -0.450765
    outer loop
      vertex -49.6614 45.6048 3
      vertex -48.316 44.8434 0
      vertex -49.7273 45.4022 3
    endloop
  endfacet
  facet normal -0.111855 0.885621 -0.450737
    outer loop
      vertex -52.1014 43.5504 3
      vertex -52.2174 42.0089 0
      vertex -52.3128 43.5237 3
    endloop
  endfacet
  facet normal 0.848866 -0.276112 -0.450765
    outer loop
      vertex -55.2727 47.5978 3
      vertex -55.3386 47.3952 3
      vertex -56.684 48.1566 0
    endloop
  endfacet
  facet normal 0.611208 -0.650587 -0.450735
    outer loop
      vertex -54.4009 48.7978 3
      vertex -54.5562 48.6519 3
      vertex -55.3684 49.9673 0
    endloop
  endfacet
  facet normal 0.524715 -0.722154 -0.45074
    outer loop
      vertex -54.9112 50.2995 0
      vertex -54.4009 48.7978 3
      vertex -55.3684 49.9673 0
    endloop
  endfacet
  facet normal 0.52474 -0.722139 -0.450737
    outer loop
      vertex -54.4009 48.7978 3
      vertex -54.9112 50.2995 0
      vertex -54.2703 48.8927 3
    endloop
  endfacet
  facet normal 0.807697 -0.380074 -0.450743
    outer loop
      vertex -55.1133 47.9367 3
      vertex -56.684 48.1566 0
      vertex -56.4434 48.6679 0
    endloop
  endfacet
  facet normal 0.807789 -0.379843 -0.450774
    outer loop
      vertex -56.684 48.1566 0
      vertex -55.1133 47.9367 3
      vertex -55.182 47.7906 3
    endloop
  endfacet
  facet normal 0.753516 -0.478596 -0.450733
    outer loop
      vertex -54.9991 48.1165 3
      vertex -55.1133 47.9367 3
      vertex -56.4434 48.6679 0
    endloop
  endfacet
  facet normal 0.687712 -0.569112 -0.450738
    outer loop
      vertex -54.7768 48.417 3
      vertex -54.9126 48.2529 3
      vertex -56.1406 49.145 0
    endloop
  endfacet
  facet normal -0.111855 -0.885621 -0.450737
    outer loop
      vertex -52.2174 50.9911 0
      vertex -52.1014 49.4496 3
      vertex -52.3128 49.4763 3
    endloop
  endfacet
  facet normal 0.807729 -0.379985 -0.450761
    outer loop
      vertex -55.182 47.7906 3
      vertex -55.2727 47.5978 3
      vertex -56.684 48.1566 0
    endloop
  endfacet
  facet normal 0 0 1
    outer loop
      vertex 69.8139 54.9901 3
      vertex 55.472 46.6611 3
      vertex 55.4821 46.5 3
    endloop
  endfacet
  facet normal 0 0 1
    outer loop
      vertex 69.8139 54.9901 3
      vertex 55.4586 46.8738 3
      vertex 55.472 46.6611 3
    endloop
  endfacet
  facet normal 0 0 1
    outer loop
      vertex 69.8139 54.9901 3
      vertex 55.4187 47.083 3
      vertex 55.4586 46.8738 3
    endloop
  endfacet
  facet normal 0 0 1
    outer loop
      vertex 69.8139 54.9901 3
      vertex 55.3885 47.2416 3
      vertex 55.4187 47.083 3
    endloop
  endfacet
  facet normal 0 0 1
    outer loop
      vertex 69.8139 54.9901 3
      vertex 55.3386 47.3952 3
      vertex 55.3885 47.2416 3
    endloop
  endfacet
  facet normal 0 0 1
    outer loop
      vertex 69.8139 54.9901 3
      vertex 55.2727 47.5978 3
      vertex 55.3386 47.3952 3
    endloop
  endfacet
  facet normal 0 0 1
    outer loop
      vertex 69.8139 54.9901 3
      vertex 55.182 47.7906 3
      vertex 55.2727 47.5978 3
    endloop
  endfacet
  facet normal 0 0 1
    outer loop
      vertex 69.8139 54.9901 3
      vertex 55.1133 47.9367 3
      vertex 55.182 47.7906 3
    endloop
  endfacet
  facet normal 0 0 1
    outer loop
      vertex 69.8139 54.9901 3
      vertex 54.9991 48.1165 3
      vertex 55.1133 47.9367 3
    endloop
  endfacet
  facet normal 0 0 1
    outer loop
      vertex 69.8139 54.9901 3
      vertex 54.9126 48.2529 3
      vertex 54.9991 48.1165 3
    endloop
  endfacet
  facet normal 0 0 1
    outer loop
      vertex 69.8139 54.9901 3
      vertex 54.7768 48.417 3
      vertex 54.9126 48.2529 3
    endloop
  endfacet
  facet normal 0 0 1
    outer loop
      vertex 69.8139 54.9901 3
      vertex 54.6739 48.5414 3
      vertex 54.7768 48.417 3
    endloop
  endfacet
  facet normal 0 0 1
    outer loop
      vertex 69.8139 54.9901 3
      vertex 54.5562 48.6519 3
      vertex 54.6739 48.5414 3
    endloop
  endfacet
  facet normal 0 0 1
    outer loop
      vertex 69.8139 54.9901 3
      vertex 54.4009 48.7978 3
      vertex 54.5562 48.6519 3
    endloop
  endfacet
  facet normal 0 0 1
    outer loop
      vertex 69.8139 54.9901 3
      vertex 54.2703 48.8927 3
      vertex 54.4009 48.7978 3
    endloop
  endfacet
  facet normal 0 0 1
    outer loop
      vertex 69.8139 54.9901 3
      vertex 54.0979 49.0179 3
      vertex 54.2703 48.8927 3
    endloop
  endfacet
  facet normal 0 0 1
    outer loop
      vertex 69.8139 54.9901 3
      vertex 53.9112 49.1205 3
      vertex 54.0979 49.0179 3
    endloop
  endfacet
  facet normal 0 0 1
    outer loop
      vertex 69.8139 54.9901 3
      vertex 53.7697 49.1983 3
      vertex 53.9112 49.1205 3
    endloop
  endfacet
  facet normal 0 0 1
    outer loop
      vertex 69.8139 54.9901 3
      vertex 53.6196 49.2578 3
      vertex 53.7697 49.1983 3
    endloop
  endfacet
  facet normal 0 0 1
    outer loop
      vertex 69.8139 54.9901 3
      vertex 53.4215 49.3362 3
      vertex 53.6196 49.2578 3
    endloop
  endfacet
  facet normal 0 0 1
    outer loop
      vertex 69.8139 54.9901 3
      vertex 53.2152 49.3892 3
      vertex 53.4215 49.3362 3
    endloop
  endfacet
  facet normal 0 0 1
    outer loop
      vertex 69.8139 54.9901 3
      vertex 53.0588 49.4293 3
      vertex 53.2152 49.3892 3
    endloop
  endfacet
  facet normal 0 0 1
    outer loop
      vertex 69.8139 54.9901 3
      vertex 52.8986 49.4496 3
      vertex 53.0588 49.4293 3
    endloop
  endfacet
  facet normal 0 0 1
    outer loop
      vertex 69.8139 54.9901 3
      vertex 52.6872 49.4763 3
      vertex 52.8986 49.4496 3
    endloop
  endfacet
  facet normal 0 0 1
    outer loop
      vertex 69.8139 54.9901 3
      vertex 52.3128 49.4763 3
      vertex 52.6872 49.4763 3
    endloop
  endfacet
  facet normal 0 0 1
    outer loop
      vertex 69.8139 54.9901 3
      vertex 52.1014 49.4496 3
      vertex 52.3128 49.4763 3
    endloop
  endfacet
  facet normal 0 0 1
    outer loop
      vertex 69.8139 54.9901 3
      vertex 51.9412 49.4293 3
      vertex 52.1014 49.4496 3
    endloop
  endfacet
  facet normal 0 0 1
    outer loop
      vertex 69.8139 54.9901 3
      vertex 51.7848 49.3892 3
      vertex 51.9412 49.4293 3
    endloop
  endfacet
  facet normal 0 0 1
    outer loop
      vertex 69.8139 54.9901 3
      vertex 51.5785 49.3362 3
      vertex 51.7848 49.3892 3
    endloop
  endfacet
  facet normal 0 0 -1
    outer loop
      vertex 51.5785 49.3362 3
      vertex 51.2303 49.1983 3
      vertex 51.3804 49.2578 3
    endloop
  endfacet
  facet normal 0 0 1
    outer loop
      vertex 51.2303 49.1983 3
      vertex 50.9021 49.0179 3
      vertex 51.0888 49.1205 3
    endloop
  endfacet
  facet normal 0 0 -1
    outer loop
      vertex 50.9021 49.0179 3
      vertex 50.5991 48.7978 3
      vertex 50.7297 48.8927 3
    endloop
  endfacet
  facet normal 0 0 1
    outer loop
      vertex 50.5991 48.7978 3
      vertex 50.3261 48.5414 3
      vertex 50.4438 48.6519 3
    endloop
  endfacet
  facet normal 0 0 1
    outer loop
      vertex 50.3261 48.5414 3
      vertex 50.0874 48.2529 3
      vertex 50.2232 48.417 3
    endloop
  endfacet
  facet normal 0 0 1
    outer loop
      vertex 50.0874 48.2529 3
      vertex 49.8867 47.9367 3
      vertex 50.0009 48.1165 3
    endloop
  endfacet
  facet normal 0 0 -1
    outer loop
      vertex 49.7273 47.5978 3
      vertex 49.6115 47.2416 3
      vertex 49.6614 47.3952 3
    endloop
  endfacet
  facet normal 0 0 -1
    outer loop
      vertex 49.5414 46.8738 3
      vertex 49.5179 46.5 3
      vertex 49.528 46.6611 3
    endloop
  endfacet
  facet normal 0 0 1
    outer loop
      vertex 49.5414 46.8738 3
      vertex -49.5179 46.5 3
      vertex 49.5179 46.5 3
    endloop
  endfacet
  facet normal 0 0 1
    outer loop
      vertex -49.5414 46.8738 3
      vertex 49.5414 46.8738 3
      vertex 49.5813 47.083 3
    endloop
  endfacet
  facet normal 0 0 1
    outer loop
      vertex -49.5414 46.8738 3
      vertex 49.5813 47.083 3
      vertex 49.6115 47.2416 3
    endloop
  endfacet
  facet normal 0 0 1
    outer loop
      vertex -49.6115 47.2416 3
      vertex 49.6115 47.2416 3
      vertex 49.7273 47.5978 3
    endloop
  endfacet
  facet normal 0 0 1
    outer loop
      vertex -49.7273 47.5978 3
      vertex 49.7273 47.5978 3
      vertex 49.818 47.7906 3
    endloop
  endfacet
  facet normal 0 0 1
    outer loop
      vertex -49.7273 47.5978 3
      vertex 49.818 47.7906 3
      vertex 49.8867 47.9367 3
    endloop
  endfacet
  facet normal 0 0 1
    outer loop
      vertex -49.8867 47.9367 3
      vertex 49.8867 47.9367 3
      vertex 50.0874 48.2529 3
    endloop
  endfacet
  facet normal 0 0 1
    outer loop
      vertex -50.0874 48.2529 3
      vertex 50.0874 48.2529 3
      vertex 50.3261 48.5414 3
    endloop
  endfacet
  facet normal 0 0 1
    outer loop
      vertex -50.3261 48.5414 3
      vertex 50.3261 48.5414 3
      vertex 50.5991 48.7978 3
    endloop
  endfacet
  facet normal 0 0 1
    outer loop
      vertex -50.5991 48.7978 3
      vertex 50.5991 48.7978 3
      vertex 50.9021 49.0179 3
    endloop
  endfacet
  facet normal 0 0 1
    outer loop
      vertex -50.9021 49.0179 3
      vertex 50.9021 49.0179 3
      vertex 51.2303 49.1983 3
    endloop
  endfacet
  facet normal 0 0 1
    outer loop
      vertex -51.2303 49.1983 3
      vertex 51.2303 49.1983 3
      vertex 51.5785 49.3362 3
    endloop
  endfacet
  facet normal 0 0 1
    outer loop
      vertex -51.5785 49.3362 3
      vertex 51.5785 49.3362 3
      vertex 69.8139 54.9901 3
    endloop
  endfacet
  facet normal 0 0 1
    outer loop
      vertex 49.5414 46.8738 3
      vertex -49.528 46.6611 3
      vertex -49.5179 46.5 3
    endloop
  endfacet
  facet normal 0 0 1
    outer loop
      vertex 49.5414 46.8738 3
      vertex -49.5414 46.8738 3
      vertex -49.528 46.6611 3
    endloop
  endfacet
  facet normal 0 0 1
    outer loop
      vertex 49.6115 47.2416 3
      vertex -49.5813 47.083 3
      vertex -49.5414 46.8738 3
    endloop
  endfacet
  facet normal 0 0 1
    outer loop
      vertex 49.6115 47.2416 3
      vertex -49.6115 47.2416 3
      vertex -49.5813 47.083 3
    endloop
  endfacet
  facet normal 0 0 1
    outer loop
      vertex 49.7273 47.5978 3
      vertex -49.6614 47.3952 3
      vertex -49.6115 47.2416 3
    endloop
  endfacet
  facet normal 0 0 1
    outer loop
      vertex 49.7273 47.5978 3
      vertex -49.7273 47.5978 3
      vertex -49.6614 47.3952 3
    endloop
  endfacet
  facet normal 0 0 1
    outer loop
      vertex 49.8867 47.9367 3
      vertex -49.818 47.7906 3
      vertex -49.7273 47.5978 3
    endloop
  endfacet
  facet normal 0 0 1
    outer loop
      vertex 49.8867 47.9367 3
      vertex -49.8867 47.9367 3
      vertex -49.818 47.7906 3
    endloop
  endfacet
  facet normal 0 0 1
    outer loop
      vertex 50.0874 48.2529 3
      vertex -50.0009 48.1165 3
      vertex -49.8867 47.9367 3
    endloop
  endfacet
  facet normal 0 0 1
    outer loop
      vertex 50.0874 48.2529 3
      vertex -50.0874 48.2529 3
      vertex -50.0009 48.1165 3
    endloop
  endfacet
  facet normal 0 0 1
    outer loop
      vertex 50.3261 48.5414 3
      vertex -50.2232 48.417 3
      vertex -50.0874 48.2529 3
    endloop
  endfacet
  facet normal 0 0 1
    outer loop
      vertex 50.3261 48.5414 3
      vertex -50.3261 48.5414 3
      vertex -50.2232 48.417 3
    endloop
  endfacet
  facet normal 0 0 1
    outer loop
      vertex 50.5991 48.7978 3
      vertex -50.4438 48.6519 3
      vertex -50.3261 48.5414 3
    endloop
  endfacet
  facet normal 0 0 1
    outer loop
      vertex 50.5991 48.7978 3
      vertex -50.5991 48.7978 3
      vertex -50.4438 48.6519 3
    endloop
  endfacet
  facet normal 0 0 1
    outer loop
      vertex 50.9021 49.0179 3
      vertex -50.7297 48.8927 3
      vertex -50.5991 48.7978 3
    endloop
  endfacet
  facet normal 0 0 1
    outer loop
      vertex 50.9021 49.0179 3
      vertex -50.9021 49.0179 3
      vertex -50.7297 48.8927 3
    endloop
  endfacet
  facet normal 0 0 1
    outer loop
      vertex 51.2303 49.1983 3
      vertex -51.0888 49.1205 3
      vertex -50.9021 49.0179 3
    endloop
  endfacet
  facet normal 0 0 1
    outer loop
      vertex 51.2303 49.1983 3
      vertex -51.2303 49.1983 3
      vertex -51.0888 49.1205 3
    endloop
  endfacet
  facet normal 0 0 1
    outer loop
      vertex 51.5785 49.3362 3
      vertex -51.3804 49.2578 3
      vertex -51.2303 49.1983 3
    endloop
  endfacet
  facet normal 0 0 1
    outer loop
      vertex 51.5785 49.3362 3
      vertex -51.5785 49.3362 3
      vertex -51.3804 49.2578 3
    endloop
  endfacet
  facet normal 0 0 1
    outer loop
      vertex 69.8139 54.9901 3
      vertex -51.7848 49.3892 3
      vertex -51.5785 49.3362 3
    endloop
  endfacet
  facet normal 0 0 1
    outer loop
      vertex 69.8139 54.9901 3
      vertex -51.9412 49.4293 3
      vertex -51.7848 49.3892 3
    endloop
  endfacet
  facet normal -0 0 1
    outer loop
      vertex -69.8139 54.9901 3
      vertex -51.9412 49.4293 3
      vertex 69.8139 54.9901 3
    endloop
  endfacet
  facet normal 0 0 1
    outer loop
      vertex -51.9412 49.4293 3
      vertex -69.8139 54.9901 3
      vertex -52.1014 49.4496 3
    endloop
  endfacet
  facet normal 0 0 1
    outer loop
      vertex -52.1014 49.4496 3
      vertex -69.8139 54.9901 3
      vertex -52.3128 49.4763 3
    endloop
  endfacet
  facet normal 0 0 1
    outer loop
      vertex -69.8139 54.9901 3
      vertex -53.6196 49.2578 3
      vertex -53.4215 49.3362 3
    endloop
  endfacet
  facet normal 0 0 1
    outer loop
      vertex -69.8139 54.9901 3
      vertex -53.9112 49.1205 3
      vertex -53.7697 49.1983 3
    endloop
  endfacet
  facet normal 0 0 1
    outer loop
      vertex -69.8139 54.9901 3
      vertex -54.2703 48.8927 3
      vertex -54.0979 49.0179 3
    endloop
  endfacet
  facet normal 0 0 1
    outer loop
      vertex -69.8139 54.9901 3
      vertex -54.5562 48.6519 3
      vertex -54.4009 48.7978 3
    endloop
  endfacet
  facet normal 0 0 1
    outer loop
      vertex -69.8139 54.9901 3
      vertex -54.7768 48.417 3
      vertex -54.6739 48.5414 3
    endloop
  endfacet
  facet normal 0 0 1
    outer loop
      vertex -69.8139 54.9901 3
      vertex -54.9991 48.1165 3
      vertex -54.9126 48.2529 3
    endloop
  endfacet
  facet normal 0 0 1
    outer loop
      vertex -69.8139 54.9901 3
      vertex -55.3386 47.3952 3
      vertex -55.2727 47.5978 3
    endloop
  endfacet
  facet normal 0 0 1
    outer loop
      vertex -69.8139 54.9901 3
      vertex -55.472 46.6611 3
      vertex -55.4586 46.8738 3
    endloop
  endfacet
  facet normal 0 0 1
    outer loop
      vertex -55.472 46.6611 3
      vertex -69.8139 54.9901 3
      vertex -55.4821 46.5 3
    endloop
  endfacet
  facet normal 0 0 1
    outer loop
      vertex -55.4187 47.083 3
      vertex -69.8139 54.9901 3
      vertex -55.4586 46.8738 3
    endloop
  endfacet
  facet normal 0 0 1
    outer loop
      vertex -55.3885 47.2416 3
      vertex -69.8139 54.9901 3
      vertex -55.4187 47.083 3
    endloop
  endfacet
  facet normal 0 0 1
    outer loop
      vertex -55.3386 47.3952 3
      vertex -69.8139 54.9901 3
      vertex -55.3885 47.2416 3
    endloop
  endfacet
  facet normal 0 0 1
    outer loop
      vertex -55.182 47.7906 3
      vertex -69.8139 54.9901 3
      vertex -55.2727 47.5978 3
    endloop
  endfacet
  facet normal 0 0 1
    outer loop
      vertex -55.1133 47.9367 3
      vertex -69.8139 54.9901 3
      vertex -55.182 47.7906 3
    endloop
  endfacet
  facet normal 0 0 1
    outer loop
      vertex -54.9991 48.1165 3
      vertex -69.8139 54.9901 3
      vertex -55.1133 47.9367 3
    endloop
  endfacet
  facet normal 0 0 1
    outer loop
      vertex -54.7768 48.417 3
      vertex -69.8139 54.9901 3
      vertex -54.9126 48.2529 3
    endloop
  endfacet
  facet normal 0 0 1
    outer loop
      vertex -54.5562 48.6519 3
      vertex -69.8139 54.9901 3
      vertex -54.6739 48.5414 3
    endloop
  endfacet
  facet normal 0 0 1
    outer loop
      vertex -54.2703 48.8927 3
      vertex -69.8139 54.9901 3
      vertex -54.4009 48.7978 3
    endloop
  endfacet
  facet normal 0 0 1
    outer loop
      vertex -53.9112 49.1205 3
      vertex -69.8139 54.9901 3
      vertex -54.0979 49.0179 3
    endloop
  endfacet
  facet normal 0 0 1
    outer loop
      vertex -53.6196 49.2578 3
      vertex -69.8139 54.9901 3
      vertex -53.7697 49.1983 3
    endloop
  endfacet
  facet normal 0 0 1
    outer loop
      vertex -53.2152 49.3892 3
      vertex -69.8139 54.9901 3
      vertex -53.4215 49.3362 3
    endloop
  endfacet
  facet normal 0 0 1
    outer loop
      vertex -53.0588 49.4293 3
      vertex -69.8139 54.9901 3
      vertex -53.2152 49.3892 3
    endloop
  endfacet
  facet normal 0 0 1
    outer loop
      vertex -52.8986 49.4496 3
      vertex -69.8139 54.9901 3
      vertex -53.0588 49.4293 3
    endloop
  endfacet
  facet normal 0 0 1
    outer loop
      vertex -52.6872 49.4763 3
      vertex -69.8139 54.9901 3
      vertex -52.8986 49.4496 3
    endloop
  endfacet
  facet normal 0 0 1
    outer loop
      vertex -52.3128 49.4763 3
      vertex -69.8139 54.9901 3
      vertex -52.6872 49.4763 3
    endloop
  endfacet
  facet normal 0 0 1
    outer loop
      vertex 69.8139 54.9901 3
      vertex 74.5 50 3
      vertex 74.4606 50.6267 3
    endloop
  endfacet
  facet normal 0 0 1
    outer loop
      vertex 69.8139 54.9901 3
      vertex 74.4606 50.6267 3
      vertex 74.3429 51.2435 3
    endloop
  endfacet
  facet normal 0 0 1
    outer loop
      vertex 69.8139 54.9901 3
      vertex 74.3429 51.2435 3
      vertex 74.1489 51.8406 3
    endloop
  endfacet
  facet normal 0 0 1
    outer loop
      vertex 69.8139 54.9901 3
      vertex 74.1489 51.8406 3
      vertex 73.8815 52.4088 3
    endloop
  endfacet
  facet normal 0 0 1
    outer loop
      vertex 69.8139 54.9901 3
      vertex 73.8815 52.4088 3
      vertex 73.5451 52.9389 3
    endloop
  endfacet
  facet normal 0 0 1
    outer loop
      vertex 69.8139 54.9901 3
      vertex 73.5451 52.9389 3
      vertex 73.1448 53.4227 3
    endloop
  endfacet
  facet normal 0 0 1
    outer loop
      vertex 69.8139 54.9901 3
      vertex 73.1448 53.4227 3
      vertex 72.6871 53.8526 3
    endloop
  endfacet
  facet normal 0 0 1
    outer loop
      vertex 69.8139 54.9901 3
      vertex 72.6871 53.8526 3
      vertex 72.1791 54.2216 3
    endloop
  endfacet
  facet normal 0 0 1
    outer loop
      vertex 69.8139 54.9901 3
      vertex 72.1791 54.2216 3
      vertex 71.6289 54.5241 3
    endloop
  endfacet
  facet normal 0 0 1
    outer loop
      vertex 69.8139 54.9901 3
      vertex 71.6289 54.5241 3
      vertex 71.0451 54.7553 3
    endloop
  endfacet
  facet normal 0 0 1
    outer loop
      vertex 69.8139 54.9901 3
      vertex 71.0451 54.7553 3
      vertex 70.4369 54.9114 3
    endloop
  endfacet
  facet normal 0 0 1
    outer loop
      vertex 55.4821 46.5 3
      vertex 74.5 50 3
      vertex 69.8139 54.9901 3
    endloop
  endfacet
  facet normal 0 0 1
    outer loop
      vertex 74.5 50 3
      vertex 55.4821 46.5 3
      vertex 55.472 46.3389 3
    endloop
  endfacet
  facet normal 0 0 1
    outer loop
      vertex 74.5 50 3
      vertex 55.472 46.3389 3
      vertex 55.4586 46.1262 3
    endloop
  endfacet
  facet normal 0 0 1
    outer loop
      vertex 55.4187 45.917 3
      vertex 74.5 50 3
      vertex 55.4586 46.1262 3
    endloop
  endfacet
  facet normal 0 0 1
    outer loop
      vertex 74.5 50 3
      vertex 55.4187 45.917 3
      vertex 74.5 37.5 3
    endloop
  endfacet
  facet normal -0 0 1
    outer loop
      vertex 55.3885 45.7584 3
      vertex 74.5 37.5 3
      vertex 55.4187 45.917 3
    endloop
  endfacet
  facet normal -0 0 1
    outer loop
      vertex 55.3386 45.6048 3
      vertex 74.5 37.5 3
      vertex 55.3885 45.7584 3
    endloop
  endfacet
  facet normal -0 0 1
    outer loop
      vertex 55.2727 45.4022 3
      vertex 74.5 37.5 3
      vertex 55.3386 45.6048 3
    endloop
  endfacet
  facet normal -0 0 1
    outer loop
      vertex 55.182 45.2094 3
      vertex 74.5 37.5 3
      vertex 55.2727 45.4022 3
    endloop
  endfacet
  facet normal -0 0 1
    outer loop
      vertex 55.1133 45.0633 3
      vertex 74.5 37.5 3
      vertex 55.182 45.2094 3
    endloop
  endfacet
  facet normal -0 0 1
    outer loop
      vertex 54.9991 44.8835 3
      vertex 74.5 37.5 3
      vertex 55.1133 45.0633 3
    endloop
  endfacet
  facet normal -0 0 1
    outer loop
      vertex 54.9126 44.7471 3
      vertex 74.5 37.5 3
      vertex 54.9991 44.8835 3
    endloop
  endfacet
  facet normal -0 0 1
    outer loop
      vertex 54.7768 44.583 3
      vertex 74.5 37.5 3
      vertex 54.9126 44.7471 3
    endloop
  endfacet
  facet normal -0 0 1
    outer loop
      vertex 54.6739 44.4586 3
      vertex 74.5 37.5 3
      vertex 54.7768 44.583 3
    endloop
  endfacet
  facet normal -0 0 1
    outer loop
      vertex 54.5562 44.3481 3
      vertex 74.5 37.5 3
      vertex 54.6739 44.4586 3
    endloop
  endfacet
  facet normal -0 0 1
    outer loop
      vertex 54.4009 44.2022 3
      vertex 74.5 37.5 3
      vertex 54.5562 44.3481 3
    endloop
  endfacet
  facet normal -0 0 1
    outer loop
      vertex 54.2703 44.1073 3
      vertex 74.5 37.5 3
      vertex 54.4009 44.2022 3
    endloop
  endfacet
  facet normal -0 0 1
    outer loop
      vertex 54.0979 43.9821 3
      vertex 74.5 37.5 3
      vertex 54.2703 44.1073 3
    endloop
  endfacet
  facet normal -0 0 1
    outer loop
      vertex 53.9112 43.8795 3
      vertex 74.5 37.5 3
      vertex 54.0979 43.9821 3
    endloop
  endfacet
  facet normal -0 0 1
    outer loop
      vertex 53.7697 43.8017 3
      vertex 74.5 37.5 3
      vertex 53.9112 43.8795 3
    endloop
  endfacet
  facet normal -0 0 1
    outer loop
      vertex 53.6196 43.7422 3
      vertex 74.5 37.5 3
      vertex 53.7697 43.8017 3
    endloop
  endfacet
  facet normal -0 0 1
    outer loop
      vertex 53.4215 43.6638 3
      vertex 74.5 37.5 3
      vertex 53.6196 43.7422 3
    endloop
  endfacet
  facet normal -0 0 1
    outer loop
      vertex 53.2152 43.6108 3
      vertex 74.5 37.5 3
      vertex 53.4215 43.6638 3
    endloop
  endfacet
  facet normal -0 0 1
    outer loop
      vertex 53.0588 43.5707 3
      vertex 74.5 37.5 3
      vertex 53.2152 43.6108 3
    endloop
  endfacet
  facet normal -0 0 1
    outer loop
      vertex 52.8986 43.5504 3
      vertex 74.5 37.5 3
      vertex 53.0588 43.5707 3
    endloop
  endfacet
  facet normal -0 0 1
    outer loop
      vertex 52.6872 43.5237 3
      vertex 74.5 37.5 3
      vertex 52.8986 43.5504 3
    endloop
  endfacet
  facet normal -0 0 1
    outer loop
      vertex 52.3128 43.5237 3
      vertex 74.5 37.5 3
      vertex 52.6872 43.5237 3
    endloop
  endfacet
  facet normal 0 0 1
    outer loop
      vertex 52.1014 43.5504 3
      vertex 74.5 37.5 3
      vertex 52.3128 43.5237 3
    endloop
  endfacet
  facet normal 0 0 1
    outer loop
      vertex 51.9412 43.5707 3
      vertex 74.5 37.5 3
      vertex 52.1014 43.5504 3
    endloop
  endfacet
  facet normal 0 0 1
    outer loop
      vertex -51.9412 43.5707 3
      vertex 51.9412 43.5707 3
      vertex 51.7848 43.6108 3
    endloop
  endfacet
  facet normal 0 0 1
    outer loop
      vertex -51.9412 43.5707 3
      vertex 51.7848 43.6108 3
      vertex 51.5785 43.6638 3
    endloop
  endfacet
  facet normal 0 0 -1
    outer loop
      vertex 51.2303 43.8017 3
      vertex 51.5785 43.6638 3
      vertex 51.3804 43.7422 3
    endloop
  endfacet
  facet normal 0 0 1
    outer loop
      vertex 50.9021 43.9821 3
      vertex 51.2303 43.8017 3
      vertex 51.0888 43.8795 3
    endloop
  endfacet
  facet normal 0 0 -1
    outer loop
      vertex 50.5991 44.2022 3
      vertex 50.9021 43.9821 3
      vertex 50.7297 44.1073 3
    endloop
  endfacet
  facet normal 0 0 1
    outer loop
      vertex 50.3261 44.4586 3
      vertex 50.5991 44.2022 3
      vertex 50.4438 44.3481 3
    endloop
  endfacet
  facet normal 0 0 1
    outer loop
      vertex 50.0874 44.7471 3
      vertex 50.3261 44.4586 3
      vertex 50.2232 44.583 3
    endloop
  endfacet
  facet normal 0 0 1
    outer loop
      vertex 49.8867 45.0633 3
      vertex 50.0874 44.7471 3
      vertex 50.0009 44.8835 3
    endloop
  endfacet
  facet normal 0 0 -1
    outer loop
      vertex 49.6115 45.7584 3
      vertex 49.7273 45.4022 3
      vertex 49.6614 45.6048 3
    endloop
  endfacet
  facet normal 0 0 -1
    outer loop
      vertex 49.5179 46.5 3
      vertex 49.5414 46.1262 3
      vertex 49.528 46.3389 3
    endloop
  endfacet
  facet normal -0 0 1
    outer loop
      vertex -49.5179 46.5 3
      vertex 49.5414 46.1262 3
      vertex 49.5179 46.5 3
    endloop
  endfacet
  facet normal -0 0 1
    outer loop
      vertex -49.528 46.3389 3
      vertex 49.5414 46.1262 3
      vertex -49.5179 46.5 3
    endloop
  endfacet
  facet normal 0 0 1
    outer loop
      vertex -49.5414 46.1262 3
      vertex 49.5414 46.1262 3
      vertex -49.528 46.3389 3
    endloop
  endfacet
  facet normal 0 0 1
    outer loop
      vertex 49.5414 46.1262 3
      vertex -49.5414 46.1262 3
      vertex 49.5813 45.917 3
    endloop
  endfacet
  facet normal 0 0 1
    outer loop
      vertex 49.5813 45.917 3
      vertex -49.5414 46.1262 3
      vertex 49.6115 45.7584 3
    endloop
  endfacet
  facet normal -0 0 1
    outer loop
      vertex -49.5813 45.917 3
      vertex 49.6115 45.7584 3
      vertex -49.5414 46.1262 3
    endloop
  endfacet
  facet normal 0 0 1
    outer loop
      vertex -49.6115 45.7584 3
      vertex 49.6115 45.7584 3
      vertex -49.5813 45.917 3
    endloop
  endfacet
  facet normal 0 0 1
    outer loop
      vertex 49.6115 45.7584 3
      vertex -49.6115 45.7584 3
      vertex 49.7273 45.4022 3
    endloop
  endfacet
  facet normal -0 0 1
    outer loop
      vertex -49.6614 45.6048 3
      vertex 49.7273 45.4022 3
      vertex -49.6115 45.7584 3
    endloop
  endfacet
  facet normal 0 0 1
    outer loop
      vertex -49.7273 45.4022 3
      vertex 49.7273 45.4022 3
      vertex -49.6614 45.6048 3
    endloop
  endfacet
  facet normal 0 0 1
    outer loop
      vertex 49.7273 45.4022 3
      vertex -49.7273 45.4022 3
      vertex 49.818 45.2094 3
    endloop
  endfacet
  facet normal 0 0 1
    outer loop
      vertex 49.818 45.2094 3
      vertex -49.7273 45.4022 3
      vertex 49.8867 45.0633 3
    endloop
  endfacet
  facet normal -0 0 1
    outer loop
      vertex -49.818 45.2094 3
      vertex 49.8867 45.0633 3
      vertex -49.7273 45.4022 3
    endloop
  endfacet
  facet normal 0 0 1
    outer loop
      vertex -49.8867 45.0633 3
      vertex 49.8867 45.0633 3
      vertex -49.818 45.2094 3
    endloop
  endfacet
  facet normal 0 0 1
    outer loop
      vertex 49.8867 45.0633 3
      vertex -49.8867 45.0633 3
      vertex 50.0874 44.7471 3
    endloop
  endfacet
  facet normal -0 0 1
    outer loop
      vertex -50.0009 44.8835 3
      vertex 50.0874 44.7471 3
      vertex -49.8867 45.0633 3
    endloop
  endfacet
  facet normal 0 0 1
    outer loop
      vertex -50.0874 44.7471 3
      vertex 50.0874 44.7471 3
      vertex -50.0009 44.8835 3
    endloop
  endfacet
  facet normal 0 0 1
    outer loop
      vertex 50.0874 44.7471 3
      vertex -50.0874 44.7471 3
      vertex 50.3261 44.4586 3
    endloop
  endfacet
  facet normal -0 0 1
    outer loop
      vertex -50.2232 44.583 3
      vertex 50.3261 44.4586 3
      vertex -50.0874 44.7471 3
    endloop
  endfacet
  facet normal 0 0 1
    outer loop
      vertex -50.3261 44.4586 3
      vertex 50.3261 44.4586 3
      vertex -50.2232 44.583 3
    endloop
  endfacet
  facet normal 0 0 1
    outer loop
      vertex 50.3261 44.4586 3
      vertex -50.3261 44.4586 3
      vertex 50.5991 44.2022 3
    endloop
  endfacet
  facet normal -0 0 1
    outer loop
      vertex -50.4438 44.3481 3
      vertex 50.5991 44.2022 3
      vertex -50.3261 44.4586 3
    endloop
  endfacet
  facet normal 0 0 1
    outer loop
      vertex -50.5991 44.2022 3
      vertex 50.5991 44.2022 3
      vertex -50.4438 44.3481 3
    endloop
  endfacet
  facet normal 0 0 1
    outer loop
      vertex 50.5991 44.2022 3
      vertex -50.5991 44.2022 3
      vertex 50.9021 43.9821 3
    endloop
  endfacet
  facet normal -0 0 1
    outer loop
      vertex -50.7297 44.1073 3
      vertex 50.9021 43.9821 3
      vertex -50.5991 44.2022 3
    endloop
  endfacet
  facet normal 0 0 1
    outer loop
      vertex -50.9021 43.9821 3
      vertex 50.9021 43.9821 3
      vertex -50.7297 44.1073 3
    endloop
  endfacet
  facet normal 0 0 1
    outer loop
      vertex 50.9021 43.9821 3
      vertex -50.9021 43.9821 3
      vertex 51.2303 43.8017 3
    endloop
  endfacet
  facet normal -0 0 1
    outer loop
      vertex -51.0888 43.8795 3
      vertex 51.2303 43.8017 3
      vertex -50.9021 43.9821 3
    endloop
  endfacet
  facet normal 0 0 1
    outer loop
      vertex -51.2303 43.8017 3
      vertex 51.2303 43.8017 3
      vertex -51.0888 43.8795 3
    endloop
  endfacet
  facet normal 0 0 1
    outer loop
      vertex 51.2303 43.8017 3
      vertex -51.2303 43.8017 3
      vertex 51.5785 43.6638 3
    endloop
  endfacet
  facet normal -0 0 1
    outer loop
      vertex -51.3804 43.7422 3
      vertex 51.5785 43.6638 3
      vertex -51.2303 43.8017 3
    endloop
  endfacet
  facet normal 0 0 1
    outer loop
      vertex -51.5785 43.6638 3
      vertex 51.5785 43.6638 3
      vertex -51.3804 43.7422 3
    endloop
  endfacet
  facet normal 0 0 1
    outer loop
      vertex -51.7848 43.6108 3
      vertex 51.5785 43.6638 3
      vertex -51.5785 43.6638 3
    endloop
  endfacet
  facet normal 0 0 1
    outer loop
      vertex -51.9412 43.5707 3
      vertex 51.5785 43.6638 3
      vertex -51.7848 43.6108 3
    endloop
  endfacet
  facet normal 0 0 1
    outer loop
      vertex 51.9412 43.5707 3
      vertex -51.9412 43.5707 3
      vertex 74.5 37.5 3
    endloop
  endfacet
  facet normal 0 0 1
    outer loop
      vertex -74.5 37.5 3
      vertex -51.9412 43.5707 3
      vertex -52.1014 43.5504 3
    endloop
  endfacet
  facet normal 0 0 1
    outer loop
      vertex -74.5 37.5 3
      vertex -52.1014 43.5504 3
      vertex -52.3128 43.5237 3
    endloop
  endfacet
  facet normal 0 0 1
    outer loop
      vertex -74.5 37.5 3
      vertex -52.3128 43.5237 3
      vertex -52.6872 43.5237 3
    endloop
  endfacet
  facet normal 0 0 1
    outer loop
      vertex -74.5 37.5 3
      vertex -53.6196 43.7422 3
      vertex -53.7697 43.8017 3
    endloop
  endfacet
  facet normal 0 0 1
    outer loop
      vertex -74.5 37.5 3
      vertex -53.9112 43.8795 3
      vertex -54.0979 43.9821 3
    endloop
  endfacet
  facet normal 0 0 1
    outer loop
      vertex -74.5 37.5 3
      vertex -54.2703 44.1073 3
      vertex -54.4009 44.2022 3
    endloop
  endfacet
  facet normal 0 0 1
    outer loop
      vertex -74.5 37.5 3
      vertex -54.5562 44.3481 3
      vertex -54.6739 44.4586 3
    endloop
  endfacet
  facet normal 0 0 1
    outer loop
      vertex -74.5 37.5 3
      vertex -54.7768 44.583 3
      vertex -54.9126 44.7471 3
    endloop
  endfacet
  facet normal 0 0 1
    outer loop
      vertex -74.5 37.5 3
      vertex -54.9991 44.8835 3
      vertex -55.1133 45.0633 3
    endloop
  endfacet
  facet normal 0 0 1
    outer loop
      vertex -74.5 37.5 3
      vertex -55.3386 45.6048 3
      vertex -55.3885 45.7584 3
    endloop
  endfacet
  facet normal 0 0 1
    outer loop
      vertex -74.5 50 3
      vertex -55.472 46.3389 3
      vertex -55.4821 46.5 3
    endloop
  endfacet
  facet normal -0 0 1
    outer loop
      vertex -74.5 50 3
      vertex -55.4821 46.5 3
      vertex -69.8139 54.9901 3
    endloop
  endfacet
  facet normal 0 0 1
    outer loop
      vertex -55.472 46.3389 3
      vertex -74.5 50 3
      vertex -55.4586 46.1262 3
    endloop
  endfacet
  facet normal 0 0 1
    outer loop
      vertex -55.4586 46.1262 3
      vertex -74.5 50 3
      vertex -55.4187 45.917 3
    endloop
  endfacet
  facet normal 0 0 1
    outer loop
      vertex -55.4187 45.917 3
      vertex -74.5 50 3
      vertex -55.3885 45.7584 3
    endloop
  endfacet
  facet normal 0 0 1
    outer loop
      vertex -74.5 37.5 3
      vertex -55.3885 45.7584 3
      vertex -74.5 50 3
    endloop
  endfacet
  facet normal 0 0 1
    outer loop
      vertex -55.3386 45.6048 3
      vertex -74.5 37.5 3
      vertex -55.2727 45.4022 3
    endloop
  endfacet
  facet normal 0 0 1
    outer loop
      vertex -55.2727 45.4022 3
      vertex -74.5 37.5 3
      vertex -55.182 45.2094 3
    endloop
  endfacet
  facet normal 0 0 1
    outer loop
      vertex -55.182 45.2094 3
      vertex -74.5 37.5 3
      vertex -55.1133 45.0633 3
    endloop
  endfacet
  facet normal 0 0 1
    outer loop
      vertex -54.9991 44.8835 3
      vertex -74.5 37.5 3
      vertex -54.9126 44.7471 3
    endloop
  endfacet
  facet normal 0 0 1
    outer loop
      vertex -54.7768 44.583 3
      vertex -74.5 37.5 3
      vertex -54.6739 44.4586 3
    endloop
  endfacet
  facet normal 0 0 1
    outer loop
      vertex -74.5 50 3
      vertex -69.8139 54.9901 3
      vertex -70.4369 54.9114 3
    endloop
  endfacet
  facet normal 0 0 1
    outer loop
      vertex -74.5 50 3
      vertex -70.4369 54.9114 3
      vertex -71.0451 54.7553 3
    endloop
  endfacet
  facet normal 0 0 1
    outer loop
      vertex -74.5 50 3
      vertex -71.0451 54.7553 3
      vertex -71.6289 54.5241 3
    endloop
  endfacet
  facet normal 0 0 1
    outer loop
      vertex -74.5 50 3
      vertex -71.6289 54.5241 3
      vertex -72.1791 54.2216 3
    endloop
  endfacet
  facet normal 0 0 1
    outer loop
      vertex -74.5 50 3
      vertex -72.1791 54.2216 3
      vertex -72.6871 53.8526 3
    endloop
  endfacet
  facet normal 0 0 1
    outer loop
      vertex -54.5562 44.3481 3
      vertex -74.5 37.5 3
      vertex -54.4009 44.2022 3
    endloop
  endfacet
  facet normal 0 0 1
    outer loop
      vertex -74.5 50 3
      vertex -72.6871 53.8526 3
      vertex -73.1448 53.4227 3
    endloop
  endfacet
  facet normal 0 0 1
    outer loop
      vertex -74.5 50 3
      vertex -73.1448 53.4227 3
      vertex -73.5451 52.9389 3
    endloop
  endfacet
  facet normal 0 0 1
    outer loop
      vertex -74.5 50 3
      vertex -73.5451 52.9389 3
      vertex -73.8815 52.4088 3
    endloop
  endfacet
  facet normal 0 0 1
    outer loop
      vertex -74.5 50 3
      vertex -73.8815 52.4088 3
      vertex -74.1489 51.8406 3
    endloop
  endfacet
  facet normal 0 0 1
    outer loop
      vertex -54.2703 44.1073 3
      vertex -74.5 37.5 3
      vertex -54.0979 43.9821 3
    endloop
  endfacet
  facet normal 0 0 1
    outer loop
      vertex -74.5 50 3
      vertex -74.1489 51.8406 3
      vertex -74.3429 51.2435 3
    endloop
  endfacet
  facet normal 0 0 1
    outer loop
      vertex -74.5 50 3
      vertex -74.3429 51.2435 3
      vertex -74.4606 50.6267 3
    endloop
  endfacet
  facet normal 0 0 1
    outer loop
      vertex -53.9112 43.8795 3
      vertex -74.5 37.5 3
      vertex -53.7697 43.8017 3
    endloop
  endfacet
  facet normal 0 0 1
    outer loop
      vertex -51.9412 43.5707 3
      vertex -74.5 37.5 3
      vertex 74.5 37.5 3
    endloop
  endfacet
  facet normal 0 0 1
    outer loop
      vertex -52.8986 43.5504 3
      vertex -74.5 37.5 3
      vertex -52.6872 43.5237 3
    endloop
  endfacet
  facet normal 0 0 1
    outer loop
      vertex -53.0588 43.5707 3
      vertex -74.5 37.5 3
      vertex -52.8986 43.5504 3
    endloop
  endfacet
  facet normal 0 0 1
    outer loop
      vertex -53.2152 43.6108 3
      vertex -74.5 37.5 3
      vertex -53.0588 43.5707 3
    endloop
  endfacet
  facet normal 0 0 1
    outer loop
      vertex -53.4215 43.6638 3
      vertex -74.5 37.5 3
      vertex -53.2152 43.6108 3
    endloop
  endfacet
  facet normal 0 0 1
    outer loop
      vertex -53.6196 43.7422 3
      vertex -74.5 37.5 3
      vertex -53.4215 43.6638 3
    endloop
  endfacet
  facet normal 0 1 -0
    outer loop
      vertex 74.5 37.5 3
      vertex -74.5 37.5 14
      vertex 74.5 37.5 14
    endloop
  endfacet
  facet normal 0 1 0
    outer loop
      vertex -74.5 37.5 14
      vertex 74.5 37.5 3
      vertex -74.5 37.5 3
    endloop
  endfacet
endsolid OpenSCAD_Model
