solid OpenSCAD_Model
  facet normal -1 0 0
    outer loop
      vertex -74.5 37.5 0
      vertex -74.5 17.1208 6.86657
      vertex -74.5 37.5 11
    endloop
  endfacet
  facet normal -1 0 0
    outer loop
      vertex -74.5 37.5 0
      vertex -74.5 17.0874 6.60182
      vertex -74.5 17.1208 6.86657
    endloop
  endfacet
  facet normal -1 0 0
    outer loop
      vertex -74.5 37.5 0
      vertex -74.5 17.021 6.34334
      vertex -74.5 17.0874 6.60182
    endloop
  endfacet
  facet normal -1 0 0
    outer loop
      vertex -74.5 37.5 0
      vertex -74.5 16.9228 6.09522
      vertex -74.5 17.021 6.34334
    endloop
  endfacet
  facet normal -1 0 0
    outer loop
      vertex -74.5 37.5 0
      vertex -74.5 16.7942 5.86137
      vertex -74.5 16.9228 6.09522
    endloop
  endfacet
  facet normal -1 0 0
    outer loop
      vertex -74.5 37.5 0
      vertex -74.5 16.6373 5.64547
      vertex -74.5 16.7942 5.86137
    endloop
  endfacet
  facet normal -1 0 0
    outer loop
      vertex -74.5 37.5 0
      vertex -74.5 16.4547 5.45094
      vertex -74.5 16.6373 5.64547
    endloop
  endfacet
  facet normal -1 0 0
    outer loop
      vertex -74.5 37.5 0
      vertex -74.5 16.249 5.28084
      vertex -74.5 16.4547 5.45094
    endloop
  endfacet
  facet normal -1 0 0
    outer loop
      vertex -74.5 37.5 0
      vertex -74.5 16.0237 5.13785
      vertex -74.5 16.249 5.28084
    endloop
  endfacet
  facet normal -1 0 0
    outer loop
      vertex -74.5 37.5 0
      vertex -74.5 15.7823 5.02423
      vertex -74.5 16.0237 5.13785
    endloop
  endfacet
  facet normal -1 0 0
    outer loop
      vertex -74.5 37.5 0
      vertex -74.5 15.5285 4.94176
      vertex -74.5 15.7823 5.02423
    endloop
  endfacet
  facet normal -1 0 0
    outer loop
      vertex -74.5 37.5 0
      vertex -74.5 15.2663 4.89176
      vertex -74.5 15.5285 4.94176
    endloop
  endfacet
  facet normal -1 0 0
    outer loop
      vertex -74.5 37.5 0
      vertex -74.5 15 4.875
      vertex -74.5 15.2663 4.89176
    endloop
  endfacet
  facet normal -1 0 0
    outer loop
      vertex -74.5 37.5 0
      vertex -74.5 14.7337 4.89176
      vertex -74.5 15 4.875
    endloop
  endfacet
  facet normal -1 0 0
    outer loop
      vertex -74.5 -32 0
      vertex -74.5 14.7337 4.89176
      vertex -74.5 37.5 0
    endloop
  endfacet
  facet normal -1 0 0
    outer loop
      vertex -74.5 12.8792 6.86657
      vertex -74.5 -27.8792 6.86657
      vertex -74.5 12.8792 7.13343
    endloop
  endfacet
  facet normal -1 0 0
    outer loop
      vertex -74.5 12.9126 6.60182
      vertex -74.5 -27.8792 6.86657
      vertex -74.5 12.8792 6.86657
    endloop
  endfacet
  facet normal -1 0 0
    outer loop
      vertex -74.5 -27.9126 6.60182
      vertex -74.5 12.9126 6.60182
      vertex -74.5 12.979 6.34334
    endloop
  endfacet
  facet normal -1 0 0
    outer loop
      vertex -74.5 -27.979 6.34334
      vertex -74.5 12.979 6.34334
      vertex -74.5 13.0772 6.09522
    endloop
  endfacet
  facet normal -1 0 0
    outer loop
      vertex -74.5 -28.0772 6.09522
      vertex -74.5 13.0772 6.09522
      vertex -74.5 13.2058 5.86137
    endloop
  endfacet
  facet normal -1 0 0
    outer loop
      vertex -74.5 -28.2058 5.86137
      vertex -74.5 13.2058 5.86137
      vertex -74.5 13.3627 5.64547
    endloop
  endfacet
  facet normal -1 0 0
    outer loop
      vertex -74.5 -32 0
      vertex -74.5 13.3627 5.64547
      vertex -74.5 13.5453 5.45094
    endloop
  endfacet
  facet normal -1 0 0
    outer loop
      vertex -74.5 -32 0
      vertex -74.5 13.5453 5.45094
      vertex -74.5 13.751 5.28084
    endloop
  endfacet
  facet normal -1 0 0
    outer loop
      vertex -74.5 -32 0
      vertex -74.5 13.751 5.28084
      vertex -74.5 13.9763 5.13785
    endloop
  endfacet
  facet normal -1 0 0
    outer loop
      vertex -74.5 -32 0
      vertex -74.5 13.9763 5.13785
      vertex -74.5 14.2177 5.02423
    endloop
  endfacet
  facet normal -1 0 0
    outer loop
      vertex -74.5 -32 0
      vertex -74.5 14.2177 5.02423
      vertex -74.5 14.4715 4.94176
    endloop
  endfacet
  facet normal -1 -0 0
    outer loop
      vertex -74.5 14.7337 4.89176
      vertex -74.5 -32 0
      vertex -74.5 14.4715 4.94176
    endloop
  endfacet
  facet normal -1 0 0
    outer loop
      vertex -74.5 12.9126 6.60182
      vertex -74.5 -27.9126 6.60182
      vertex -74.5 -27.8792 6.86657
    endloop
  endfacet
  facet normal -1 0 0
    outer loop
      vertex -74.5 12.979 6.34334
      vertex -74.5 -27.979 6.34334
      vertex -74.5 -27.9126 6.60182
    endloop
  endfacet
  facet normal -1 0 0
    outer loop
      vertex -74.5 13.0772 6.09522
      vertex -74.5 -28.0772 6.09522
      vertex -74.5 -27.979 6.34334
    endloop
  endfacet
  facet normal -1 0 0
    outer loop
      vertex -74.5 13.2058 5.86137
      vertex -74.5 -28.2058 5.86137
      vertex -74.5 -28.0772 6.09522
    endloop
  endfacet
  facet normal -1 0 0
    outer loop
      vertex -74.5 13.3627 5.64547
      vertex -74.5 -28.3627 5.64547
      vertex -74.5 -28.2058 5.86137
    endloop
  endfacet
  facet normal -1 -0 0
    outer loop
      vertex -74.5 13.3627 5.64547
      vertex -74.5 -32 0
      vertex -74.5 -28.3627 5.64547
    endloop
  endfacet
  facet normal -1 0 0
    outer loop
      vertex -74.5 -28.3627 5.64547
      vertex -74.5 -32 0
      vertex -74.5 -28.5453 5.45094
    endloop
  endfacet
  facet normal -1 0 0
    outer loop
      vertex -74.5 -28.5453 5.45094
      vertex -74.5 -32 0
      vertex -74.5 -28.751 5.28084
    endloop
  endfacet
  facet normal -1 0 0
    outer loop
      vertex -74.5 -28.751 5.28084
      vertex -74.5 -32 0
      vertex -74.5 -28.9763 5.13785
    endloop
  endfacet
  facet normal -1 0 0
    outer loop
      vertex -74.5 -28.9763 5.13785
      vertex -74.5 -32 0
      vertex -74.5 -29.2177 5.02423
    endloop
  endfacet
  facet normal -1 0 0
    outer loop
      vertex -74.5 -29.2177 5.02423
      vertex -74.5 -32 0
      vertex -74.5 -29.4715 4.94176
    endloop
  endfacet
  facet normal -1 0 0
    outer loop
      vertex -74.5 -29.4715 4.94176
      vertex -74.5 -32 0
      vertex -74.5 -29.7337 4.89176
    endloop
  endfacet
  facet normal -1 0 0
    outer loop
      vertex -74.5 -29.7337 4.89176
      vertex -74.5 -32 0
      vertex -74.5 -30 4.875
    endloop
  endfacet
  facet normal -1 -0 0
    outer loop
      vertex -74.5 -30 4.875
      vertex -74.5 -32 0
      vertex -74.5 -30.2663 4.89176
    endloop
  endfacet
  facet normal -1 0 0
    outer loop
      vertex -74.5 -32 0
      vertex -74.5 -30.5285 4.94176
      vertex -74.5 -30.2663 4.89176
    endloop
  endfacet
  facet normal -1 0 0
    outer loop
      vertex -74.5 -32 0
      vertex -74.5 -30.7823 5.02423
      vertex -74.5 -30.5285 4.94176
    endloop
  endfacet
  facet normal -1 0 0
    outer loop
      vertex -74.5 -32 0
      vertex -74.5 -31.0237 5.13785
      vertex -74.5 -30.7823 5.02423
    endloop
  endfacet
  facet normal -1 0 0
    outer loop
      vertex -74.5 -32 0
      vertex -74.5 -31.249 5.28084
      vertex -74.5 -31.0237 5.13785
    endloop
  endfacet
  facet normal -1 0 0
    outer loop
      vertex -74.5 -32 0
      vertex -74.5 -31.4547 5.45094
      vertex -74.5 -31.249 5.28084
    endloop
  endfacet
  facet normal -1 0 0
    outer loop
      vertex -74.5 -32 0
      vertex -74.5 -31.6373 5.64547
      vertex -74.5 -31.4547 5.45094
    endloop
  endfacet
  facet normal -1 0 0
    outer loop
      vertex -74.5 -32 0
      vertex -74.5 -31.7942 5.86137
      vertex -74.5 -31.6373 5.64547
    endloop
  endfacet
  facet normal -1 0 0
    outer loop
      vertex -74.5 -32 0
      vertex -74.5 -31.9228 6.09522
      vertex -74.5 -31.7942 5.86137
    endloop
  endfacet
  facet normal -1 -0 0
    outer loop
      vertex -74.5 -31.9228 6.09522
      vertex -74.5 -32 0
      vertex -74.5 -32 6.29031
    endloop
  endfacet
  facet normal -1 0 0
    outer loop
      vertex -74.5 37.5 11
      vertex -74.5 50 14
      vertex -74.5 50 11
    endloop
  endfacet
  facet normal -1 0 0
    outer loop
      vertex -74.5 17.1208 7.13343
      vertex -74.5 37.5 11
      vertex -74.5 17.1208 6.86657
    endloop
  endfacet
  facet normal -1 0 0
    outer loop
      vertex -74.5 17.0874 7.39818
      vertex -74.5 37.5 11
      vertex -74.5 17.1208 7.13343
    endloop
  endfacet
  facet normal -1 0 0
    outer loop
      vertex -74.5 17.021 7.65666
      vertex -74.5 37.5 11
      vertex -74.5 17.0874 7.39818
    endloop
  endfacet
  facet normal -1 0 0
    outer loop
      vertex -74.5 16.9228 7.90478
      vertex -74.5 37.5 11
      vertex -74.5 17.021 7.65666
    endloop
  endfacet
  facet normal -1 0 0
    outer loop
      vertex -74.5 16.7942 8.13863
      vertex -74.5 37.5 11
      vertex -74.5 16.9228 7.90478
    endloop
  endfacet
  facet normal -1 0 0
    outer loop
      vertex -74.5 16.6373 8.35453
      vertex -74.5 37.5 11
      vertex -74.5 16.7942 8.13863
    endloop
  endfacet
  facet normal -1 0 0
    outer loop
      vertex -74.5 16.4547 8.54906
      vertex -74.5 37.5 11
      vertex -74.5 16.6373 8.35453
    endloop
  endfacet
  facet normal -1 0 0
    outer loop
      vertex -74.5 16.249 8.71916
      vertex -74.5 37.5 11
      vertex -74.5 16.4547 8.54906
    endloop
  endfacet
  facet normal -1 0 0
    outer loop
      vertex -74.5 16.0237 8.86215
      vertex -74.5 37.5 11
      vertex -74.5 16.249 8.71916
    endloop
  endfacet
  facet normal -1 0 0
    outer loop
      vertex -74.5 15.7823 8.97577
      vertex -74.5 37.5 11
      vertex -74.5 16.0237 8.86215
    endloop
  endfacet
  facet normal -1 0 0
    outer loop
      vertex -74.5 15.5285 9.05824
      vertex -74.5 37.5 11
      vertex -74.5 15.7823 8.97577
    endloop
  endfacet
  facet normal -1 0 0
    outer loop
      vertex -74.5 15.2663 9.10824
      vertex -74.5 37.5 11
      vertex -74.5 15.5285 9.05824
    endloop
  endfacet
  facet normal -1 0 0
    outer loop
      vertex -74.5 15 9.125
      vertex -74.5 37.5 11
      vertex -74.5 15.2663 9.10824
    endloop
  endfacet
  facet normal -1 -0 0
    outer loop
      vertex -74.5 37.5 11
      vertex -74.5 15 9.125
      vertex -74.5 50 14
    endloop
  endfacet
  facet normal -1 0 0
    outer loop
      vertex -74.5 -32 14
      vertex -74.5 15 9.125
      vertex -74.5 14.7337 9.10824
    endloop
  endfacet
  facet normal -1 0 0
    outer loop
      vertex -74.5 -27.8792 7.13343
      vertex -74.5 12.8792 7.13343
      vertex -74.5 -27.8792 6.86657
    endloop
  endfacet
  facet normal -1 0 0
    outer loop
      vertex -74.5 12.8792 7.13343
      vertex -74.5 -27.8792 7.13343
      vertex -74.5 12.9126 7.39818
    endloop
  endfacet
  facet normal -1 0 0
    outer loop
      vertex -74.5 -27.9126 7.39818
      vertex -74.5 12.9126 7.39818
      vertex -74.5 -27.8792 7.13343
    endloop
  endfacet
  facet normal -1 0 0
    outer loop
      vertex -74.5 12.9126 7.39818
      vertex -74.5 -27.9126 7.39818
      vertex -74.5 12.979 7.65666
    endloop
  endfacet
  facet normal -1 0 0
    outer loop
      vertex -74.5 -27.979 7.65666
      vertex -74.5 12.979 7.65666
      vertex -74.5 -27.9126 7.39818
    endloop
  endfacet
  facet normal -1 0 0
    outer loop
      vertex -74.5 12.979 7.65666
      vertex -74.5 -27.979 7.65666
      vertex -74.5 13.0772 7.90478
    endloop
  endfacet
  facet normal -1 0 0
    outer loop
      vertex -74.5 -28.0772 7.90478
      vertex -74.5 13.0772 7.90478
      vertex -74.5 -27.979 7.65666
    endloop
  endfacet
  facet normal -1 0 0
    outer loop
      vertex -74.5 13.0772 7.90478
      vertex -74.5 -28.0772 7.90478
      vertex -74.5 13.2058 8.13863
    endloop
  endfacet
  facet normal -1 0 0
    outer loop
      vertex -74.5 -28.2058 8.13863
      vertex -74.5 13.2058 8.13863
      vertex -74.5 -28.0772 7.90478
    endloop
  endfacet
  facet normal -1 0 0
    outer loop
      vertex -74.5 13.2058 8.13863
      vertex -74.5 -28.2058 8.13863
      vertex -74.5 13.3627 8.35453
    endloop
  endfacet
  facet normal -1 0 0
    outer loop
      vertex -74.5 -28.3627 8.35453
      vertex -74.5 13.3627 8.35453
      vertex -74.5 -28.2058 8.13863
    endloop
  endfacet
  facet normal -1 0 0
    outer loop
      vertex -74.5 -32 14
      vertex -74.5 13.3627 8.35453
      vertex -74.5 -28.3627 8.35453
    endloop
  endfacet
  facet normal -1 0 0
    outer loop
      vertex -74.5 13.3627 8.35453
      vertex -74.5 -32 14
      vertex -74.5 13.5453 8.54906
    endloop
  endfacet
  facet normal -1 0 0
    outer loop
      vertex -74.5 13.5453 8.54906
      vertex -74.5 -32 14
      vertex -74.5 13.751 8.71916
    endloop
  endfacet
  facet normal -1 0 0
    outer loop
      vertex -74.5 13.751 8.71916
      vertex -74.5 -32 14
      vertex -74.5 13.9763 8.86215
    endloop
  endfacet
  facet normal -1 0 0
    outer loop
      vertex -74.5 13.9763 8.86215
      vertex -74.5 -32 14
      vertex -74.5 14.2177 8.97577
    endloop
  endfacet
  facet normal -1 0 0
    outer loop
      vertex -74.5 14.2177 8.97577
      vertex -74.5 -32 14
      vertex -74.5 14.4715 9.05824
    endloop
  endfacet
  facet normal -1 0 0
    outer loop
      vertex -74.5 14.4715 9.05824
      vertex -74.5 -32 14
      vertex -74.5 14.7337 9.10824
    endloop
  endfacet
  facet normal -1 0 0
    outer loop
      vertex -74.5 -32 14
      vertex -74.5 -28.3627 8.35453
      vertex -74.5 -28.5453 8.54906
    endloop
  endfacet
  facet normal -1 0 0
    outer loop
      vertex -74.5 -32 14
      vertex -74.5 -28.5453 8.54906
      vertex -74.5 -28.751 8.71916
    endloop
  endfacet
  facet normal -1 0 0
    outer loop
      vertex -74.5 -32 14
      vertex -74.5 -28.751 8.71916
      vertex -74.5 -28.9763 8.86215
    endloop
  endfacet
  facet normal -1 0 0
    outer loop
      vertex -74.5 -32 14
      vertex -74.5 -28.9763 8.86215
      vertex -74.5 -29.2177 8.97577
    endloop
  endfacet
  facet normal -1 0 0
    outer loop
      vertex -74.5 -32 14
      vertex -74.5 -29.2177 8.97577
      vertex -74.5 -29.4715 9.05824
    endloop
  endfacet
  facet normal -1 0 0
    outer loop
      vertex -74.5 -32 14
      vertex -74.5 -29.4715 9.05824
      vertex -74.5 -29.7337 9.10824
    endloop
  endfacet
  facet normal -1 0 0
    outer loop
      vertex -74.5 -32 14
      vertex -74.5 -29.7337 9.10824
      vertex -74.5 -30 9.125
    endloop
  endfacet
  facet normal -1 0 0
    outer loop
      vertex -74.5 15 9.125
      vertex -74.5 -32 14
      vertex -74.5 50 14
    endloop
  endfacet
  facet normal -1 0 0
    outer loop
      vertex -74.5 -30.2663 9.10824
      vertex -74.5 -32 14
      vertex -74.5 -30 9.125
    endloop
  endfacet
  facet normal -1 0 0
    outer loop
      vertex -74.5 -30.5285 9.05824
      vertex -74.5 -32 14
      vertex -74.5 -30.2663 9.10824
    endloop
  endfacet
  facet normal -1 0 0
    outer loop
      vertex -74.5 -30.7823 8.97577
      vertex -74.5 -32 14
      vertex -74.5 -30.5285 9.05824
    endloop
  endfacet
  facet normal -1 0 0
    outer loop
      vertex -74.5 -31.0237 8.86215
      vertex -74.5 -32 14
      vertex -74.5 -30.7823 8.97577
    endloop
  endfacet
  facet normal -1 0 0
    outer loop
      vertex -74.5 -31.249 8.71916
      vertex -74.5 -32 14
      vertex -74.5 -31.0237 8.86215
    endloop
  endfacet
  facet normal -1 0 0
    outer loop
      vertex -74.5 -31.4547 8.54906
      vertex -74.5 -32 14
      vertex -74.5 -31.249 8.71916
    endloop
  endfacet
  facet normal -1 0 0
    outer loop
      vertex -74.5 -31.6373 8.35453
      vertex -74.5 -32 14
      vertex -74.5 -31.4547 8.54906
    endloop
  endfacet
  facet normal -1 0 0
    outer loop
      vertex -74.5 -31.7942 8.13863
      vertex -74.5 -32 14
      vertex -74.5 -31.6373 8.35453
    endloop
  endfacet
  facet normal -1 0 0
    outer loop
      vertex -74.5 -31.9228 7.90478
      vertex -74.5 -32 14
      vertex -74.5 -31.7942 8.13863
    endloop
  endfacet
  facet normal -1 0 0
    outer loop
      vertex -74.5 -32 14
      vertex -74.5 -31.9228 7.90478
      vertex -74.5 -32 7.70969
    endloop
  endfacet
  facet normal 0.770462 0.637486 0
    outer loop
      vertex 73.5451 52.9389 14
      vertex 73.1448 53.4227 11
      vertex 73.1448 53.4227 14
    endloop
  endfacet
  facet normal 0.770462 0.637486 0
    outer loop
      vertex 73.1448 53.4227 11
      vertex 73.5451 52.9389 14
      vertex 73.5451 52.9389 11
    endloop
  endfacet
  facet normal 0 0 1
    outer loop
      vertex 69.8139 54.9901 14
      vertex 74.5 50 14
      vertex 74.4606 50.6267 14
    endloop
  endfacet
  facet normal 0 0 1
    outer loop
      vertex 74.5 50 14
      vertex 55.7861 44.6934 14
      vertex 74.5 28 14
    endloop
  endfacet
  facet normal 0 0 1
    outer loop
      vertex 69.8139 54.9901 14
      vertex 74.4606 50.6267 14
      vertex 74.3429 51.2435 14
    endloop
  endfacet
  facet normal 0 0 1
    outer loop
      vertex 74.5 50 14
      vertex 55.9867 45.1195 14
      vertex 55.7861 44.6934 14
    endloop
  endfacet
  facet normal 0 0 1
    outer loop
      vertex 69.8139 54.9901 14
      vertex 74.3429 51.2435 14
      vertex 74.1489 51.8406 14
    endloop
  endfacet
  facet normal -0 0 1
    outer loop
      vertex 55.5338 44.2958 14
      vertex 74.5 28 14
      vertex 55.7861 44.6934 14
    endloop
  endfacet
  facet normal 0 0 1
    outer loop
      vertex 69.8139 54.9901 14
      vertex 74.1489 51.8406 14
      vertex 73.8815 52.4088 14
    endloop
  endfacet
  facet normal -0 0 1
    outer loop
      vertex 55.2336 43.9329 14
      vertex 74.5 28 14
      vertex 55.5338 44.2958 14
    endloop
  endfacet
  facet normal 0 0 1
    outer loop
      vertex 69.8139 54.9901 14
      vertex 73.8815 52.4088 14
      vertex 73.5451 52.9389 14
    endloop
  endfacet
  facet normal 0 -0 1
    outer loop
      vertex 68.9834 23.0099 14
      vertex 74.5 28 14
      vertex 55.2336 43.9329 14
    endloop
  endfacet
  facet normal 0 0 1
    outer loop
      vertex 69.8139 54.9901 14
      vertex 73.5451 52.9389 14
      vertex 73.1448 53.4227 14
    endloop
  endfacet
  facet normal 0 -0 1
    outer loop
      vertex 69.8139 23.0099 14
      vertex 74.5 28 14
      vertex 68.9834 23.0099 14
    endloop
  endfacet
  facet normal 0 0 1
    outer loop
      vertex 69.8139 54.9901 14
      vertex 73.1448 53.4227 14
      vertex 72.6871 53.8526 14
    endloop
  endfacet
  facet normal 0 0 1
    outer loop
      vertex 74.5 28 14
      vertex 69.8139 23.0099 14
      vertex 74.4606 27.3733 14
    endloop
  endfacet
  facet normal 0 0 1
    outer loop
      vertex 69.8139 54.9901 14
      vertex 72.6871 53.8526 14
      vertex 72.1791 54.2216 14
    endloop
  endfacet
  facet normal 0 0 1
    outer loop
      vertex 74.3429 26.7565 14
      vertex 69.8139 23.0099 14
      vertex 74.1489 26.1594 14
    endloop
  endfacet
  facet normal 0 0 1
    outer loop
      vertex 69.8139 54.9901 14
      vertex 72.1791 54.2216 14
      vertex 71.6289 54.5241 14
    endloop
  endfacet
  facet normal 0 0 1
    outer loop
      vertex 74.1489 26.1594 14
      vertex 69.8139 23.0099 14
      vertex 73.8815 25.5912 14
    endloop
  endfacet
  facet normal 0 0 1
    outer loop
      vertex 69.8139 54.9901 14
      vertex 71.6289 54.5241 14
      vertex 71.0451 54.7553 14
    endloop
  endfacet
  facet normal 0 0 1
    outer loop
      vertex 73.8815 25.5912 14
      vertex 69.8139 23.0099 14
      vertex 73.5451 25.0611 14
    endloop
  endfacet
  facet normal 0 0 1
    outer loop
      vertex 69.8139 54.9901 14
      vertex 71.0451 54.7553 14
      vertex 70.4369 54.9114 14
    endloop
  endfacet
  facet normal 0 0 1
    outer loop
      vertex 73.5451 25.0611 14
      vertex 69.8139 23.0099 14
      vertex 73.1448 24.5773 14
    endloop
  endfacet
  facet normal 0 0 1
    outer loop
      vertex 74.5 50 14
      vertex 69.8139 54.9901 14
      vertex 56.25 46.5 14
    endloop
  endfacet
  facet normal 0 0 1
    outer loop
      vertex 72.6871 24.1474 14
      vertex 69.8139 23.0099 14
      vertex 72.1791 23.7784 14
    endloop
  endfacet
  facet normal 0 0 1
    outer loop
      vertex 72.1791 23.7784 14
      vertex 69.8139 23.0099 14
      vertex 71.6289 23.4759 14
    endloop
  endfacet
  facet normal 0 0 1
    outer loop
      vertex 74.5 50 14
      vertex 56.25 46.5 14
      vertex 56.2204 46.03 14
    endloop
  endfacet
  facet normal 0 0 1
    outer loop
      vertex 69.8139 54.9901 14
      vertex 56.2204 46.97 14
      vertex 56.25 46.5 14
    endloop
  endfacet
  facet normal 0 0 1
    outer loop
      vertex 69.8139 54.9901 14
      vertex 56.1322 47.4326 14
      vertex 56.2204 46.97 14
    endloop
  endfacet
  facet normal 0 0 1
    outer loop
      vertex 69.8139 54.9901 14
      vertex 55.9867 47.8805 14
      vertex 56.1322 47.4326 14
    endloop
  endfacet
  facet normal 0 0 1
    outer loop
      vertex 69.8139 54.9901 14
      vertex 55.7861 48.3066 14
      vertex 55.9867 47.8805 14
    endloop
  endfacet
  facet normal 0 0 1
    outer loop
      vertex 69.8139 54.9901 14
      vertex 55.5338 48.7042 14
      vertex 55.7861 48.3066 14
    endloop
  endfacet
  facet normal 0 0 1
    outer loop
      vertex 69.8139 54.9901 14
      vertex 55.2336 49.0671 14
      vertex 55.5338 48.7042 14
    endloop
  endfacet
  facet normal 0 0 1
    outer loop
      vertex 69.8139 54.9901 14
      vertex 54.8903 49.3894 14
      vertex 55.2336 49.0671 14
    endloop
  endfacet
  facet normal 0 0 1
    outer loop
      vertex 69.8139 54.9901 14
      vertex 54.5093 49.6662 14
      vertex 54.8903 49.3894 14
    endloop
  endfacet
  facet normal 0 0 1
    outer loop
      vertex 69.8139 54.9901 14
      vertex 54.0967 49.8931 14
      vertex 54.5093 49.6662 14
    endloop
  endfacet
  facet normal 0 0 1
    outer loop
      vertex 69.8139 54.9901 14
      vertex 53.6588 50.0665 14
      vertex 54.0967 49.8931 14
    endloop
  endfacet
  facet normal 0 0 1
    outer loop
      vertex 69.8139 54.9901 14
      vertex 53.2027 50.1836 14
      vertex 53.6588 50.0665 14
    endloop
  endfacet
  facet normal 0 0 1
    outer loop
      vertex 69.8139 54.9901 14
      vertex 52.7355 50.2426 14
      vertex 53.2027 50.1836 14
    endloop
  endfacet
  facet normal 0 0 1
    outer loop
      vertex 69.8139 54.9901 14
      vertex 52.2645 50.2426 14
      vertex 52.7355 50.2426 14
    endloop
  endfacet
  facet normal 0 0 1
    outer loop
      vertex 69.8139 54.9901 14
      vertex 51.7973 50.1836 14
      vertex 52.2645 50.2426 14
    endloop
  endfacet
  facet normal 0 0 1
    outer loop
      vertex -51.7973 50.1836 14
      vertex 51.7973 50.1836 14
      vertex 69.8139 54.9901 14
    endloop
  endfacet
  facet normal 0 0 1
    outer loop
      vertex 48.7796 46.97 14
      vertex 34.561 23.0099 14
      vertex 48.75 46.5 14
    endloop
  endfacet
  facet normal 0 0 1
    outer loop
      vertex 48.8678 47.4326 14
      vertex 34.561 23.0099 14
      vertex 48.7796 46.97 14
    endloop
  endfacet
  facet normal 0 0 1
    outer loop
      vertex -48.8678 47.4326 14
      vertex 48.8678 47.4326 14
      vertex 49.0133 47.8805 14
    endloop
  endfacet
  facet normal 0 0 1
    outer loop
      vertex -49.0133 47.8805 14
      vertex 49.0133 47.8805 14
      vertex 49.2139 48.3066 14
    endloop
  endfacet
  facet normal 0 0 1
    outer loop
      vertex 48.8678 47.4326 14
      vertex -48.8678 47.4326 14
      vertex 34.561 23.0099 14
    endloop
  endfacet
  facet normal 0 0 1
    outer loop
      vertex -49.2139 48.3066 14
      vertex 49.2139 48.3066 14
      vertex 49.4662 48.7042 14
    endloop
  endfacet
  facet normal 0 0 1
    outer loop
      vertex -49.4662 48.7042 14
      vertex 49.4662 48.7042 14
      vertex 49.7664 49.0671 14
    endloop
  endfacet
  facet normal 0 0 1
    outer loop
      vertex -49.7664 49.0671 14
      vertex 49.7664 49.0671 14
      vertex 50.1097 49.3894 14
    endloop
  endfacet
  facet normal 0 0 1
    outer loop
      vertex -50.1097 49.3894 14
      vertex 50.1097 49.3894 14
      vertex 50.4907 49.6662 14
    endloop
  endfacet
  facet normal 0 0 1
    outer loop
      vertex -50.4907 49.6662 14
      vertex 50.4907 49.6662 14
      vertex 50.9033 49.8931 14
    endloop
  endfacet
  facet normal 0 0 1
    outer loop
      vertex -50.9033 49.8931 14
      vertex 50.9033 49.8931 14
      vertex 51.3412 50.0665 14
    endloop
  endfacet
  facet normal 0 0 1
    outer loop
      vertex 51.7973 50.1836 14
      vertex -51.7973 50.1836 14
      vertex 51.3412 50.0665 14
    endloop
  endfacet
  facet normal 0 0 1
    outer loop
      vertex 34.561 23.0099 14
      vertex -48.7796 46.97 14
      vertex -48.75 46.5 14
    endloop
  endfacet
  facet normal 0 0 1
    outer loop
      vertex 34.561 23.0099 14
      vertex -48.8678 47.4326 14
      vertex -48.7796 46.97 14
    endloop
  endfacet
  facet normal 0 0 1
    outer loop
      vertex 49.0133 47.8805 14
      vertex -49.0133 47.8805 14
      vertex -48.8678 47.4326 14
    endloop
  endfacet
  facet normal 0 0 1
    outer loop
      vertex 49.2139 48.3066 14
      vertex -49.2139 48.3066 14
      vertex -49.0133 47.8805 14
    endloop
  endfacet
  facet normal 0 0 1
    outer loop
      vertex 49.4662 48.7042 14
      vertex -49.4662 48.7042 14
      vertex -49.2139 48.3066 14
    endloop
  endfacet
  facet normal 0 0 1
    outer loop
      vertex 49.7664 49.0671 14
      vertex -49.7664 49.0671 14
      vertex -49.4662 48.7042 14
    endloop
  endfacet
  facet normal 0 0 1
    outer loop
      vertex 50.1097 49.3894 14
      vertex -50.1097 49.3894 14
      vertex -49.7664 49.0671 14
    endloop
  endfacet
  facet normal 0 0 1
    outer loop
      vertex 50.4907 49.6662 14
      vertex -50.4907 49.6662 14
      vertex -50.1097 49.3894 14
    endloop
  endfacet
  facet normal 0 0 1
    outer loop
      vertex 50.9033 49.8931 14
      vertex -50.9033 49.8931 14
      vertex -50.4907 49.6662 14
    endloop
  endfacet
  facet normal 0 0 1
    outer loop
      vertex 51.3412 50.0665 14
      vertex -51.3412 50.0665 14
      vertex -50.9033 49.8931 14
    endloop
  endfacet
  facet normal 0 0 1
    outer loop
      vertex 51.3412 50.0665 14
      vertex -51.7973 50.1836 14
      vertex -51.3412 50.0665 14
    endloop
  endfacet
  facet normal -0 0 1
    outer loop
      vertex -69.8139 54.9901 14
      vertex -51.7973 50.1836 14
      vertex 69.8139 54.9901 14
    endloop
  endfacet
  facet normal 0 0 1
    outer loop
      vertex -51.7973 50.1836 14
      vertex -69.8139 54.9901 14
      vertex -52.2645 50.2426 14
    endloop
  endfacet
  facet normal 0 0 1
    outer loop
      vertex -69.8139 54.9901 14
      vertex -56.25 46.5 14
      vertex -56.2204 46.97 14
    endloop
  endfacet
  facet normal 0 0 1
    outer loop
      vertex -74.5 -32 14
      vertex -60.5 -19.2395 14
      vertex -60.5 23.0099 14
    endloop
  endfacet
  facet normal 0 0 1
    outer loop
      vertex -60.5 -19.2395 14
      vertex -74.5 -32 14
      vertex -61.486 -34.9766 14
    endloop
  endfacet
  facet normal 0 -0 1
    outer loop
      vertex -65.1861 -36.9901 14
      vertex -61.486 -34.9766 14
      vertex -74.5 -32 14
    endloop
  endfacet
  facet normal 0 0 1
    outer loop
      vertex -61.486 -34.9766 14
      vertex -65.1861 -36.9901 14
      vertex -61.8552 -35.4227 14
    endloop
  endfacet
  facet normal 0 0 1
    outer loop
      vertex -61.8552 -35.4227 14
      vertex -65.1861 -36.9901 14
      vertex -62.3129 -35.8526 14
    endloop
  endfacet
  facet normal 0 0 1
    outer loop
      vertex -62.3129 -35.8526 14
      vertex -65.1861 -36.9901 14
      vertex -62.8209 -36.2216 14
    endloop
  endfacet
  facet normal 0 0 1
    outer loop
      vertex -62.8209 -36.2216 14
      vertex -65.1861 -36.9901 14
      vertex -63.3711 -36.5241 14
    endloop
  endfacet
  facet normal 0 0 1
    outer loop
      vertex -63.3711 -36.5241 14
      vertex -65.1861 -36.9901 14
      vertex -63.9549 -36.7553 14
    endloop
  endfacet
  facet normal 0 0 1
    outer loop
      vertex -52.2645 50.2426 14
      vertex -69.8139 54.9901 14
      vertex -52.7355 50.2426 14
    endloop
  endfacet
  facet normal 0 0 1
    outer loop
      vertex -69.8139 54.9901 14
      vertex -53.2027 50.1836 14
      vertex -52.7355 50.2426 14
    endloop
  endfacet
  facet normal 0 0 1
    outer loop
      vertex -69.8139 54.9901 14
      vertex -53.6588 50.0665 14
      vertex -53.2027 50.1836 14
    endloop
  endfacet
  facet normal 0 0 1
    outer loop
      vertex -69.8139 54.9901 14
      vertex -54.0967 49.8931 14
      vertex -53.6588 50.0665 14
    endloop
  endfacet
  facet normal 0 0 1
    outer loop
      vertex -69.8139 54.9901 14
      vertex -54.5093 49.6662 14
      vertex -54.0967 49.8931 14
    endloop
  endfacet
  facet normal 0 0 1
    outer loop
      vertex -69.8139 54.9901 14
      vertex -54.8903 49.3894 14
      vertex -54.5093 49.6662 14
    endloop
  endfacet
  facet normal 0 0 1
    outer loop
      vertex -69.8139 54.9901 14
      vertex -55.2336 49.0671 14
      vertex -54.8903 49.3894 14
    endloop
  endfacet
  facet normal 0 0 1
    outer loop
      vertex -69.8139 54.9901 14
      vertex -55.5338 48.7042 14
      vertex -55.2336 49.0671 14
    endloop
  endfacet
  facet normal 0 0 1
    outer loop
      vertex -69.8139 54.9901 14
      vertex -55.7861 48.3066 14
      vertex -55.5338 48.7042 14
    endloop
  endfacet
  facet normal 0 0 1
    outer loop
      vertex -69.8139 54.9901 14
      vertex -55.9867 47.8805 14
      vertex -55.7861 48.3066 14
    endloop
  endfacet
  facet normal 0 0 1
    outer loop
      vertex -69.8139 54.9901 14
      vertex -56.1322 47.4326 14
      vertex -55.9867 47.8805 14
    endloop
  endfacet
  facet normal 0 0 1
    outer loop
      vertex -69.8139 54.9901 14
      vertex -56.2204 46.97 14
      vertex -56.1322 47.4326 14
    endloop
  endfacet
  facet normal 0 0 1
    outer loop
      vertex -56.25 46.5 14
      vertex -69.8139 54.9901 14
      vertex -74.5 50 14
    endloop
  endfacet
  facet normal 0 0 1
    outer loop
      vertex -56.25 46.5 14
      vertex -74.5 50 14
      vertex -60.5 23.0099 14
    endloop
  endfacet
  facet normal 0 0 1
    outer loop
      vertex -74.5 -32 14
      vertex -60.5 23.0099 14
      vertex -74.5 50 14
    endloop
  endfacet
  facet normal 0 0 1
    outer loop
      vertex -74.5 50 14
      vertex -69.8139 54.9901 14
      vertex -70.4369 54.9114 14
    endloop
  endfacet
  facet normal 0 0 1
    outer loop
      vertex -63.9549 -36.7553 14
      vertex -65.1861 -36.9901 14
      vertex -64.5631 -36.9114 14
    endloop
  endfacet
  facet normal 0 0 1
    outer loop
      vertex -74.5 50 14
      vertex -70.4369 54.9114 14
      vertex -71.0451 54.7553 14
    endloop
  endfacet
  facet normal 0 0 1
    outer loop
      vertex -65.1861 -36.9901 14
      vertex -74.5 -32 14
      vertex -69.8139 -36.9901 14
    endloop
  endfacet
  facet normal 0 0 1
    outer loop
      vertex -74.5 50 14
      vertex -71.0451 54.7553 14
      vertex -71.6289 54.5241 14
    endloop
  endfacet
  facet normal 0 0 1
    outer loop
      vertex -69.8139 -36.9901 14
      vertex -74.5 -32 14
      vertex -70.4369 -36.9114 14
    endloop
  endfacet
  facet normal 0 0 1
    outer loop
      vertex -74.5 50 14
      vertex -71.6289 54.5241 14
      vertex -72.1791 54.2216 14
    endloop
  endfacet
  facet normal 0 0 1
    outer loop
      vertex -70.4369 -36.9114 14
      vertex -74.5 -32 14
      vertex -71.0451 -36.7553 14
    endloop
  endfacet
  facet normal 0 0 1
    outer loop
      vertex -74.5 50 14
      vertex -72.1791 54.2216 14
      vertex -72.6871 53.8526 14
    endloop
  endfacet
  facet normal 0 0 1
    outer loop
      vertex -71.0451 -36.7553 14
      vertex -74.5 -32 14
      vertex -71.6289 -36.5241 14
    endloop
  endfacet
  facet normal 0 0 1
    outer loop
      vertex -74.5 50 14
      vertex -72.6871 53.8526 14
      vertex -73.1448 53.4227 14
    endloop
  endfacet
  facet normal 0 0 1
    outer loop
      vertex -71.6289 -36.5241 14
      vertex -74.5 -32 14
      vertex -72.1791 -36.2216 14
    endloop
  endfacet
  facet normal 0 0 1
    outer loop
      vertex -74.5 50 14
      vertex -73.1448 53.4227 14
      vertex -73.5451 52.9389 14
    endloop
  endfacet
  facet normal 0 0 1
    outer loop
      vertex -72.1791 -36.2216 14
      vertex -74.5 -32 14
      vertex -72.6871 -35.8526 14
    endloop
  endfacet
  facet normal 0 0 1
    outer loop
      vertex -74.5 50 14
      vertex -73.5451 52.9389 14
      vertex -73.8815 52.4088 14
    endloop
  endfacet
  facet normal 0 0 1
    outer loop
      vertex -72.6871 -35.8526 14
      vertex -74.5 -32 14
      vertex -73.1448 -35.4227 14
    endloop
  endfacet
  facet normal 0 0 1
    outer loop
      vertex -74.5 50 14
      vertex -73.8815 52.4088 14
      vertex -74.1489 51.8406 14
    endloop
  endfacet
  facet normal 0 0 1
    outer loop
      vertex -73.1448 -35.4227 14
      vertex -74.5 -32 14
      vertex -73.5451 -34.9389 14
    endloop
  endfacet
  facet normal 0 0 1
    outer loop
      vertex -74.5 50 14
      vertex -74.1489 51.8406 14
      vertex -74.3429 51.2435 14
    endloop
  endfacet
  facet normal 0 0 1
    outer loop
      vertex -73.5451 -34.9389 14
      vertex -74.5 -32 14
      vertex -73.8815 -34.4088 14
    endloop
  endfacet
  facet normal 0 0 1
    outer loop
      vertex -74.5 50 14
      vertex -74.3429 51.2435 14
      vertex -74.4606 50.6267 14
    endloop
  endfacet
  facet normal 0 0 1
    outer loop
      vertex -73.8815 -34.4088 14
      vertex -74.5 -32 14
      vertex -74.1489 -33.8406 14
    endloop
  endfacet
  facet normal 0 0 1
    outer loop
      vertex -74.1489 -33.8406 14
      vertex -74.5 -32 14
      vertex -74.3429 -33.2435 14
    endloop
  endfacet
  facet normal 0 0 1
    outer loop
      vertex -74.3429 -33.2435 14
      vertex -74.5 -32 14
      vertex -74.4606 -32.6267 14
    endloop
  endfacet
  facet normal 0 0 1
    outer loop
      vertex 74.5 50 14
      vertex 56.2204 46.03 14
      vertex 56.1322 45.5674 14
    endloop
  endfacet
  facet normal 0 0 1
    outer loop
      vertex 74.5 50 14
      vertex 56.1322 45.5674 14
      vertex 55.9867 45.1195 14
    endloop
  endfacet
  facet normal 0 0 1
    outer loop
      vertex 71.6289 23.4759 14
      vertex 69.8139 23.0099 14
      vertex 71.0451 23.2447 14
    endloop
  endfacet
  facet normal 0 0 1
    outer loop
      vertex 71.0451 23.2447 14
      vertex 69.8139 23.0099 14
      vertex 70.4369 23.0886 14
    endloop
  endfacet
  facet normal 0 0 1
    outer loop
      vertex 73.1448 24.5773 14
      vertex 69.8139 23.0099 14
      vertex 72.6871 24.1474 14
    endloop
  endfacet
  facet normal 0 0 1
    outer loop
      vertex 74.4606 27.3733 14
      vertex 69.8139 23.0099 14
      vertex 74.3429 26.7565 14
    endloop
  endfacet
  facet normal -0 0 1
    outer loop
      vertex 54.8903 43.6106 14
      vertex 68.9834 23.0099 14
      vertex 55.2336 43.9329 14
    endloop
  endfacet
  facet normal -0 0 1
    outer loop
      vertex 54.5093 43.3338 14
      vertex 68.9834 23.0099 14
      vertex 54.8903 43.6106 14
    endloop
  endfacet
  facet normal -0 0 1
    outer loop
      vertex 54.0967 43.1069 14
      vertex 68.9834 23.0099 14
      vertex 54.5093 43.3338 14
    endloop
  endfacet
  facet normal -0 0 1
    outer loop
      vertex 53.6588 42.9335 14
      vertex 68.9834 23.0099 14
      vertex 54.0967 43.1069 14
    endloop
  endfacet
  facet normal -0 0 1
    outer loop
      vertex 53.2027 42.8164 14
      vertex 68.9834 23.0099 14
      vertex 53.6588 42.9335 14
    endloop
  endfacet
  facet normal -0 0 1
    outer loop
      vertex 52.7355 42.7574 14
      vertex 68.9834 23.0099 14
      vertex 53.2027 42.8164 14
    endloop
  endfacet
  facet normal -0 0 1
    outer loop
      vertex 52.2645 42.7574 14
      vertex 68.9834 23.0099 14
      vertex 52.7355 42.7574 14
    endloop
  endfacet
  facet normal 0 0 1
    outer loop
      vertex 34.561 23.0099 14
      vertex 52.2645 42.7574 14
      vertex 51.7973 42.8164 14
    endloop
  endfacet
  facet normal 0 0 1
    outer loop
      vertex 34.561 23.0099 14
      vertex 51.7973 42.8164 14
      vertex 51.3412 42.9335 14
    endloop
  endfacet
  facet normal 0 0 1
    outer loop
      vertex 34.561 23.0099 14
      vertex 51.3412 42.9335 14
      vertex 50.9033 43.1069 14
    endloop
  endfacet
  facet normal 0 0 1
    outer loop
      vertex 34.561 23.0099 14
      vertex 50.9033 43.1069 14
      vertex 50.4907 43.3338 14
    endloop
  endfacet
  facet normal 0 0 1
    outer loop
      vertex 34.561 23.0099 14
      vertex 50.4907 43.3338 14
      vertex 50.1097 43.6106 14
    endloop
  endfacet
  facet normal 0 0 1
    outer loop
      vertex 34.561 23.0099 14
      vertex 50.1097 43.6106 14
      vertex 49.7664 43.9329 14
    endloop
  endfacet
  facet normal 0 0 1
    outer loop
      vertex 34.561 23.0099 14
      vertex 48.7796 46.03 14
      vertex 48.75 46.5 14
    endloop
  endfacet
  facet normal 0 0 1
    outer loop
      vertex 34.561 23.0099 14
      vertex 48.8678 45.5674 14
      vertex 48.7796 46.03 14
    endloop
  endfacet
  facet normal 0 0 1
    outer loop
      vertex 34.561 23.0099 14
      vertex 49.0133 45.1195 14
      vertex 48.8678 45.5674 14
    endloop
  endfacet
  facet normal 0 0 1
    outer loop
      vertex 34.561 23.0099 14
      vertex 49.2139 44.6934 14
      vertex 49.0133 45.1195 14
    endloop
  endfacet
  facet normal 0 0 1
    outer loop
      vertex 34.561 23.0099 14
      vertex 49.4662 44.2958 14
      vertex 49.2139 44.6934 14
    endloop
  endfacet
  facet normal 0 0 1
    outer loop
      vertex 34.561 23.0099 14
      vertex 49.7664 43.9329 14
      vertex 49.4662 44.2958 14
    endloop
  endfacet
  facet normal 0 0 1
    outer loop
      vertex 52.2645 42.7574 14
      vertex 34.561 23.0099 14
      vertex 68.9834 23.0099 14
    endloop
  endfacet
  facet normal 0 0 1
    outer loop
      vertex -61.486 -34.9766 14
      vertex 34.561 23.0099 14
      vertex -60.5 -19.2395 14
    endloop
  endfacet
  facet normal -0 0 1
    outer loop
      vertex 34.561 23.0099 14
      vertex -61.486 -34.9766 14
      vertex 68.9834 23.0099 14
    endloop
  endfacet
  facet normal -0 0 1
    outer loop
      vertex -48.7796 46.03 14
      vertex 34.561 23.0099 14
      vertex -48.75 46.5 14
    endloop
  endfacet
  facet normal -0 0 1
    outer loop
      vertex -48.8678 45.5674 14
      vertex 34.561 23.0099 14
      vertex -48.7796 46.03 14
    endloop
  endfacet
  facet normal -0 0 1
    outer loop
      vertex -49.0133 45.1195 14
      vertex 34.561 23.0099 14
      vertex -48.8678 45.5674 14
    endloop
  endfacet
  facet normal -0 0 1
    outer loop
      vertex -49.2139 44.6934 14
      vertex 34.561 23.0099 14
      vertex -49.0133 45.1195 14
    endloop
  endfacet
  facet normal -0 0 1
    outer loop
      vertex -49.4662 44.2958 14
      vertex 34.561 23.0099 14
      vertex -49.2139 44.6934 14
    endloop
  endfacet
  facet normal -0 0 1
    outer loop
      vertex -49.7664 43.9329 14
      vertex 34.561 23.0099 14
      vertex -49.4662 44.2958 14
    endloop
  endfacet
  facet normal 0 0 1
    outer loop
      vertex -60.5 23.0099 14
      vertex -49.7664 43.9329 14
      vertex -50.1097 43.6106 14
    endloop
  endfacet
  facet normal 0 0 1
    outer loop
      vertex -60.5 23.0099 14
      vertex -50.1097 43.6106 14
      vertex -50.4907 43.3338 14
    endloop
  endfacet
  facet normal 0 0 1
    outer loop
      vertex -60.5 23.0099 14
      vertex -50.4907 43.3338 14
      vertex -50.9033 43.1069 14
    endloop
  endfacet
  facet normal 0 0 1
    outer loop
      vertex -60.5 23.0099 14
      vertex -50.9033 43.1069 14
      vertex -51.3412 42.9335 14
    endloop
  endfacet
  facet normal 0 0 1
    outer loop
      vertex -60.5 23.0099 14
      vertex -51.3412 42.9335 14
      vertex -51.7973 42.8164 14
    endloop
  endfacet
  facet normal 0 0 1
    outer loop
      vertex -60.5 23.0099 14
      vertex -51.7973 42.8164 14
      vertex -52.2645 42.7574 14
    endloop
  endfacet
  facet normal 0 0 1
    outer loop
      vertex -60.5 23.0099 14
      vertex -52.2645 42.7574 14
      vertex -52.7355 42.7574 14
    endloop
  endfacet
  facet normal 0 0 1
    outer loop
      vertex -60.5 23.0099 14
      vertex -52.7355 42.7574 14
      vertex -53.2027 42.8164 14
    endloop
  endfacet
  facet normal 0 0 1
    outer loop
      vertex -49.7664 43.9329 14
      vertex -60.5 23.0099 14
      vertex 34.561 23.0099 14
    endloop
  endfacet
  facet normal 0 0 1
    outer loop
      vertex -53.6588 42.9335 14
      vertex -60.5 23.0099 14
      vertex -53.2027 42.8164 14
    endloop
  endfacet
  facet normal 0 0 1
    outer loop
      vertex -54.0967 43.1069 14
      vertex -60.5 23.0099 14
      vertex -53.6588 42.9335 14
    endloop
  endfacet
  facet normal 0 0 1
    outer loop
      vertex -54.5093 43.3338 14
      vertex -60.5 23.0099 14
      vertex -54.0967 43.1069 14
    endloop
  endfacet
  facet normal 0 0 1
    outer loop
      vertex -54.8903 43.6106 14
      vertex -60.5 23.0099 14
      vertex -54.5093 43.3338 14
    endloop
  endfacet
  facet normal 0 0 1
    outer loop
      vertex -55.2336 43.9329 14
      vertex -60.5 23.0099 14
      vertex -54.8903 43.6106 14
    endloop
  endfacet
  facet normal 0 0 1
    outer loop
      vertex -55.5338 44.2958 14
      vertex -60.5 23.0099 14
      vertex -55.2336 43.9329 14
    endloop
  endfacet
  facet normal 0 0 1
    outer loop
      vertex -55.7861 44.6934 14
      vertex -60.5 23.0099 14
      vertex -55.5338 44.2958 14
    endloop
  endfacet
  facet normal 0 0 1
    outer loop
      vertex -55.9867 45.1195 14
      vertex -60.5 23.0099 14
      vertex -55.7861 44.6934 14
    endloop
  endfacet
  facet normal 0 0 1
    outer loop
      vertex -56.1322 45.5674 14
      vertex -60.5 23.0099 14
      vertex -55.9867 45.1195 14
    endloop
  endfacet
  facet normal 0 0 1
    outer loop
      vertex -56.2204 46.03 14
      vertex -60.5 23.0099 14
      vertex -56.1322 45.5674 14
    endloop
  endfacet
  facet normal 0 0 1
    outer loop
      vertex -60.5 23.0099 14
      vertex -56.2204 46.03 14
      vertex -56.25 46.5 14
    endloop
  endfacet
  facet normal 0.982276 -0.187441 0
    outer loop
      vertex 74.3429 26.7565 14
      vertex 74.4606 27.3733 0
      vertex 74.4606 27.3733 14
    endloop
  endfacet
  facet normal 0.982276 -0.187441 0
    outer loop
      vertex 74.4606 27.3733 0
      vertex 74.3429 26.7565 14
      vertex 74.3429 26.7565 0
    endloop
  endfacet
  facet normal 0 1 -0
    outer loop
      vertex 69.8139 54.9901 11
      vertex -69.8139 54.9901 14
      vertex 69.8139 54.9901 14
    endloop
  endfacet
  facet normal 0 1 0
    outer loop
      vertex -69.8139 54.9901 14
      vertex 69.8139 54.9901 11
      vertex -69.8139 54.9901 11
    endloop
  endfacet
  facet normal 0 -1 0
    outer loop
      vertex 68.9834 23.0099 0
      vertex 69.8139 23.0099 14
      vertex 68.9834 23.0099 14
    endloop
  endfacet
  facet normal 0 -1 -0
    outer loop
      vertex 69.8139 23.0099 14
      vertex 68.9834 23.0099 0
      vertex 69.8139 23.0099 0
    endloop
  endfacet
  facet normal 0 -1 0
    outer loop
      vertex -60.5 23.0099 0
      vertex 34.561 23.0099 14
      vertex -60.5 23.0099 14
    endloop
  endfacet
  facet normal 0 -1 -0
    outer loop
      vertex 34.561 23.0099 14
      vertex -60.5 23.0099 0
      vertex 34.561 23.0099 0
    endloop
  endfacet
  facet normal 0.125328 -0.992115 0
    outer loop
      vertex 69.8139 23.0099 0
      vertex 70.4369 23.0886 14
      vertex 69.8139 23.0099 14
    endloop
  endfacet
  facet normal 0.125328 -0.992115 0
    outer loop
      vertex 70.4369 23.0886 14
      vertex 69.8139 23.0099 0
      vertex 70.4369 23.0886 0
    endloop
  endfacet
  facet normal 0.99803 -0.0627451 0
    outer loop
      vertex 74.4606 27.3733 14
      vertex 74.5 28 0
      vertex 74.5 28 14
    endloop
  endfacet
  facet normal 0.99803 -0.0627451 0
    outer loop
      vertex 74.5 28 0
      vertex 74.4606 27.3733 14
      vertex 74.4606 27.3733 0
    endloop
  endfacet
  facet normal 1 0 0
    outer loop
      vertex 74.5 50 14
      vertex 74.5 37.5 11
      vertex 74.5 50 11
    endloop
  endfacet
  facet normal 1 -0 0
    outer loop
      vertex 74.5 28 14
      vertex 74.5 37.5 11
      vertex 74.5 50 14
    endloop
  endfacet
  facet normal 1 0 0
    outer loop
      vertex 74.5 28 0
      vertex 74.5 37.5 11
      vertex 74.5 28 14
    endloop
  endfacet
  facet normal 1 0 0
    outer loop
      vertex 74.5 37.5 11
      vertex 74.5 28 0
      vertex 74.5 37.5 0
    endloop
  endfacet
  facet normal 0.481784 -0.87629 0
    outer loop
      vertex 71.6289 23.4759 0
      vertex 72.1791 23.7784 14
      vertex 71.6289 23.4759 14
    endloop
  endfacet
  facet normal 0.481784 -0.87629 0
    outer loop
      vertex 72.1791 23.7784 14
      vertex 71.6289 23.4759 0
      vertex 72.1791 23.7784 0
    endloop
  endfacet
  facet normal 0.951061 0.309003 0
    outer loop
      vertex 74.3429 51.2435 14
      vertex 74.1489 51.8406 11
      vertex 74.1489 51.8406 14
    endloop
  endfacet
  facet normal 0.951061 0.309003 0
    outer loop
      vertex 74.1489 51.8406 11
      vertex 74.3429 51.2435 14
      vertex 74.3429 51.2435 11
    endloop
  endfacet
  facet normal 0.481784 0.87629 -0
    outer loop
      vertex 72.1791 54.2216 11
      vertex 71.6289 54.5241 14
      vertex 72.1791 54.2216 14
    endloop
  endfacet
  facet normal 0.481784 0.87629 0
    outer loop
      vertex 71.6289 54.5241 14
      vertex 72.1791 54.2216 11
      vertex 71.6289 54.5241 11
    endloop
  endfacet
  facet normal 0.125328 0.992115 -0
    outer loop
      vertex 70.4369 54.9114 11
      vertex 69.8139 54.9901 14
      vertex 70.4369 54.9114 14
    endloop
  endfacet
  facet normal 0.125328 0.992115 0
    outer loop
      vertex 69.8139 54.9901 14
      vertex 70.4369 54.9114 11
      vertex 69.8139 54.9901 11
    endloop
  endfacet
  facet normal -0.368203 0.929745 0
    outer loop
      vertex -71.0451 54.7553 11
      vertex -71.6289 54.5241 14
      vertex -71.0451 54.7553 14
    endloop
  endfacet
  facet normal -0.368203 0.929745 0
    outer loop
      vertex -71.6289 54.5241 14
      vertex -71.0451 54.7553 11
      vertex -71.6289 54.5241 11
    endloop
  endfacet
  facet normal -0.904811 0.425812 0
    outer loop
      vertex -74.1489 51.8406 11
      vertex -73.8815 52.4088 14
      vertex -73.8815 52.4088 11
    endloop
  endfacet
  facet normal -0.904811 0.425812 0
    outer loop
      vertex -73.8815 52.4088 14
      vertex -74.1489 51.8406 11
      vertex -74.1489 51.8406 14
    endloop
  endfacet
  facet normal 0 0 -1
    outer loop
      vertex -61.486 -34.9766 0
      vertex 34.561 23.0099 0
      vertex 68.9834 23.0099 0
    endloop
  endfacet
  facet normal 0 0 -1
    outer loop
      vertex -74.5 -32 0
      vertex -60.5 -19.2395 0
      vertex -61.486 -34.9766 0
    endloop
  endfacet
  facet normal 0 0 -1
    outer loop
      vertex 34.561 23.0099 0
      vertex -61.486 -34.9766 0
      vertex -60.5 -19.2395 0
    endloop
  endfacet
  facet normal 0 0 -1
    outer loop
      vertex 69.8139 23.0099 0
      vertex 74.5 28 0
      vertex 74.4606 27.3733 0
    endloop
  endfacet
  facet normal 0 0 -1
    outer loop
      vertex 69.8139 23.0099 0
      vertex 74.4606 27.3733 0
      vertex 74.3429 26.7565 0
    endloop
  endfacet
  facet normal 0 0 -1
    outer loop
      vertex 69.8139 23.0099 0
      vertex 74.3429 26.7565 0
      vertex 74.1489 26.1594 0
    endloop
  endfacet
  facet normal 0 0 -1
    outer loop
      vertex 69.8139 23.0099 0
      vertex 74.1489 26.1594 0
      vertex 73.8815 25.5912 0
    endloop
  endfacet
  facet normal 0 0 -1
    outer loop
      vertex 69.8139 23.0099 0
      vertex 73.8815 25.5912 0
      vertex 73.5451 25.0611 0
    endloop
  endfacet
  facet normal 0 0 -1
    outer loop
      vertex 69.8139 23.0099 0
      vertex 73.5451 25.0611 0
      vertex 73.1448 24.5773 0
    endloop
  endfacet
  facet normal 0 0 -1
    outer loop
      vertex 69.8139 23.0099 0
      vertex 73.1448 24.5773 0
      vertex 72.6871 24.1474 0
    endloop
  endfacet
  facet normal 0 0 -1
    outer loop
      vertex 69.8139 23.0099 0
      vertex 72.6871 24.1474 0
      vertex 72.1791 23.7784 0
    endloop
  endfacet
  facet normal 0 0 -1
    outer loop
      vertex 69.8139 23.0099 0
      vertex 72.1791 23.7784 0
      vertex 71.6289 23.4759 0
    endloop
  endfacet
  facet normal 0 0 -1
    outer loop
      vertex 69.8139 23.0099 0
      vertex 71.6289 23.4759 0
      vertex 71.0451 23.2447 0
    endloop
  endfacet
  facet normal 0 0 -1
    outer loop
      vertex 69.8139 23.0099 0
      vertex 71.0451 23.2447 0
      vertex 70.4369 23.0886 0
    endloop
  endfacet
  facet normal 0 0 -1
    outer loop
      vertex 74.5 28 0
      vertex 69.8139 23.0099 0
      vertex 68.9834 23.0099 0
    endloop
  endfacet
  facet normal -0 0 -1
    outer loop
      vertex 74.5 28 0
      vertex 68.9834 23.0099 0
      vertex 74.5 37.5 0
    endloop
  endfacet
  facet normal 0 0 -1
    outer loop
      vertex 34.561 23.0099 0
      vertex 74.5 37.5 0
      vertex 68.9834 23.0099 0
    endloop
  endfacet
  facet normal 0 0 -1
    outer loop
      vertex -74.5 37.5 0
      vertex 34.561 23.0099 0
      vertex -60.5 23.0099 0
    endloop
  endfacet
  facet normal 0 0 -1
    outer loop
      vertex -65.1861 -36.9901 0
      vertex -61.486 -34.9766 0
      vertex -61.8552 -35.4227 0
    endloop
  endfacet
  facet normal 0 0 -1
    outer loop
      vertex -65.1861 -36.9901 0
      vertex -61.8552 -35.4227 0
      vertex -62.3129 -35.8526 0
    endloop
  endfacet
  facet normal 0 0 -1
    outer loop
      vertex -65.1861 -36.9901 0
      vertex -62.3129 -35.8526 0
      vertex -62.8209 -36.2216 0
    endloop
  endfacet
  facet normal 0 0 -1
    outer loop
      vertex -65.1861 -36.9901 0
      vertex -62.8209 -36.2216 0
      vertex -63.3711 -36.5241 0
    endloop
  endfacet
  facet normal 0 0 -1
    outer loop
      vertex -65.1861 -36.9901 0
      vertex -63.3711 -36.5241 0
      vertex -63.9549 -36.7553 0
    endloop
  endfacet
  facet normal 0 0 -1
    outer loop
      vertex -65.1861 -36.9901 0
      vertex -63.9549 -36.7553 0
      vertex -64.5631 -36.9114 0
    endloop
  endfacet
  facet normal -0 0 -1
    outer loop
      vertex -61.486 -34.9766 0
      vertex -65.1861 -36.9901 0
      vertex -74.5 -32 0
    endloop
  endfacet
  facet normal 0 0 -1
    outer loop
      vertex -74.5 -32 0
      vertex -65.1861 -36.9901 0
      vertex -69.8139 -36.9901 0
    endloop
  endfacet
  facet normal 0 0 -1
    outer loop
      vertex -74.5 -32 0
      vertex -69.8139 -36.9901 0
      vertex -70.4369 -36.9114 0
    endloop
  endfacet
  facet normal 0 0 -1
    outer loop
      vertex -74.5 -32 0
      vertex -70.4369 -36.9114 0
      vertex -71.0451 -36.7553 0
    endloop
  endfacet
  facet normal 0 0 -1
    outer loop
      vertex -74.5 -32 0
      vertex -71.0451 -36.7553 0
      vertex -71.6289 -36.5241 0
    endloop
  endfacet
  facet normal 0 0 -1
    outer loop
      vertex -74.5 -32 0
      vertex -71.6289 -36.5241 0
      vertex -72.1791 -36.2216 0
    endloop
  endfacet
  facet normal 0 0 -1
    outer loop
      vertex -74.5 -32 0
      vertex -72.1791 -36.2216 0
      vertex -72.6871 -35.8526 0
    endloop
  endfacet
  facet normal 0 0 -1
    outer loop
      vertex -74.5 -32 0
      vertex -72.6871 -35.8526 0
      vertex -73.1448 -35.4227 0
    endloop
  endfacet
  facet normal 0 0 -1
    outer loop
      vertex -74.5 -32 0
      vertex -73.1448 -35.4227 0
      vertex -73.5451 -34.9389 0
    endloop
  endfacet
  facet normal 0 0 -1
    outer loop
      vertex -74.5 -32 0
      vertex -73.5451 -34.9389 0
      vertex -73.8815 -34.4088 0
    endloop
  endfacet
  facet normal 0 0 -1
    outer loop
      vertex -74.5 -32 0
      vertex -73.8815 -34.4088 0
      vertex -74.1489 -33.8406 0
    endloop
  endfacet
  facet normal 0 0 -1
    outer loop
      vertex -74.5 -32 0
      vertex -74.1489 -33.8406 0
      vertex -74.3429 -33.2435 0
    endloop
  endfacet
  facet normal 0 0 -1
    outer loop
      vertex -74.5 -32 0
      vertex -74.3429 -33.2435 0
      vertex -74.4606 -32.6267 0
    endloop
  endfacet
  facet normal -0 0 -1
    outer loop
      vertex -60.5 -19.2395 0
      vertex -74.5 -32 0
      vertex -60.5 23.0099 0
    endloop
  endfacet
  facet normal 0 0 -1
    outer loop
      vertex 34.561 23.0099 0
      vertex -74.5 37.5 0
      vertex 74.5 37.5 0
    endloop
  endfacet
  facet normal 0 0 -1
    outer loop
      vertex -74.5 37.5 0
      vertex -60.5 23.0099 0
      vertex -74.5 -32 0
    endloop
  endfacet
  facet normal 0.770462 -0.637486 0
    outer loop
      vertex 73.1448 24.5773 14
      vertex 73.5451 25.0611 0
      vertex 73.5451 25.0611 14
    endloop
  endfacet
  facet normal 0.770462 -0.637486 0
    outer loop
      vertex 73.5451 25.0611 0
      vertex 73.1448 24.5773 14
      vertex 73.1448 24.5773 0
    endloop
  endfacet
  facet normal 0.951061 -0.309003 0
    outer loop
      vertex 74.1489 26.1594 14
      vertex 74.3429 26.7565 0
      vertex 74.3429 26.7565 14
    endloop
  endfacet
  facet normal 0.951061 -0.309003 0
    outer loop
      vertex 74.3429 26.7565 0
      vertex 74.1489 26.1594 14
      vertex 74.1489 26.1594 0
    endloop
  endfacet
  facet normal 0.982276 0.187441 0
    outer loop
      vertex 74.4606 50.6267 14
      vertex 74.3429 51.2435 11
      vertex 74.3429 51.2435 14
    endloop
  endfacet
  facet normal 0.982276 0.187441 0
    outer loop
      vertex 74.3429 51.2435 11
      vertex 74.4606 50.6267 14
      vertex 74.4606 50.6267 11
    endloop
  endfacet
  facet normal 0.99803 0.0627451 0
    outer loop
      vertex 74.5 50 14
      vertex 74.4606 50.6267 11
      vertex 74.4606 50.6267 14
    endloop
  endfacet
  facet normal 0.99803 0.0627451 0
    outer loop
      vertex 74.4606 50.6267 11
      vertex 74.5 50 14
      vertex 74.5 50 11
    endloop
  endfacet
  facet normal 0.904811 0.425812 0
    outer loop
      vertex 74.1489 51.8406 14
      vertex 73.8815 52.4088 11
      vertex 73.8815 52.4088 14
    endloop
  endfacet
  facet normal 0.904811 0.425812 0
    outer loop
      vertex 73.8815 52.4088 11
      vertex 74.1489 51.8406 14
      vertex 74.1489 51.8406 11
    endloop
  endfacet
  facet normal 0.844336 0.535814 0
    outer loop
      vertex 73.8815 52.4088 14
      vertex 73.5451 52.9389 11
      vertex 73.5451 52.9389 14
    endloop
  endfacet
  facet normal 0.844336 0.535814 0
    outer loop
      vertex 73.5451 52.9389 11
      vertex 73.8815 52.4088 14
      vertex 73.8815 52.4088 11
    endloop
  endfacet
  facet normal 0.684624 0.728896 -0
    outer loop
      vertex 73.1448 53.4227 11
      vertex 72.6871 53.8526 14
      vertex 73.1448 53.4227 14
    endloop
  endfacet
  facet normal 0.684624 0.728896 0
    outer loop
      vertex 72.6871 53.8526 14
      vertex 73.1448 53.4227 11
      vertex 72.6871 53.8526 11
    endloop
  endfacet
  facet normal 0.368203 0.929745 -0
    outer loop
      vertex 71.6289 54.5241 11
      vertex 71.0451 54.7553 14
      vertex 71.6289 54.5241 14
    endloop
  endfacet
  facet normal 0.368203 0.929745 0
    outer loop
      vertex 71.0451 54.7553 14
      vertex 71.6289 54.5241 11
      vertex 71.0451 54.7553 11
    endloop
  endfacet
  facet normal -0.770462 0.637486 0
    outer loop
      vertex -73.5451 52.9389 11
      vertex -73.1448 53.4227 14
      vertex -73.1448 53.4227 11
    endloop
  endfacet
  facet normal -0.770462 0.637486 0
    outer loop
      vertex -73.1448 53.4227 14
      vertex -73.5451 52.9389 11
      vertex -73.5451 52.9389 14
    endloop
  endfacet
  facet normal -0.248601 0.968606 0
    outer loop
      vertex -70.4369 54.9114 11
      vertex -71.0451 54.7553 14
      vertex -70.4369 54.9114 14
    endloop
  endfacet
  facet normal -0.248601 0.968606 0
    outer loop
      vertex -71.0451 54.7553 14
      vertex -70.4369 54.9114 11
      vertex -71.0451 54.7553 11
    endloop
  endfacet
  facet normal -0.684624 0.728896 0
    outer loop
      vertex -72.6871 53.8526 11
      vertex -73.1448 53.4227 14
      vertex -72.6871 53.8526 14
    endloop
  endfacet
  facet normal -0.684624 0.728896 0
    outer loop
      vertex -73.1448 53.4227 14
      vertex -72.6871 53.8526 11
      vertex -73.1448 53.4227 11
    endloop
  endfacet
  facet normal 0.368203 -0.929745 0
    outer loop
      vertex 71.0451 23.2447 0
      vertex 71.6289 23.4759 14
      vertex 71.0451 23.2447 14
    endloop
  endfacet
  facet normal 0.368203 -0.929745 0
    outer loop
      vertex 71.6289 23.4759 14
      vertex 71.0451 23.2447 0
      vertex 71.6289 23.4759 0
    endloop
  endfacet
  facet normal 0.844336 -0.535814 0
    outer loop
      vertex 73.5451 25.0611 14
      vertex 73.8815 25.5912 0
      vertex 73.8815 25.5912 14
    endloop
  endfacet
  facet normal 0.844336 -0.535814 0
    outer loop
      vertex 73.8815 25.5912 0
      vertex 73.5451 25.0611 14
      vertex 73.5451 25.0611 0
    endloop
  endfacet
  facet normal 0.587698 0.80908 -0
    outer loop
      vertex 72.6871 53.8526 11
      vertex 72.1791 54.2216 14
      vertex 72.6871 53.8526 14
    endloop
  endfacet
  facet normal 0.587698 0.80908 0
    outer loop
      vertex 72.1791 54.2216 14
      vertex 72.6871 53.8526 11
      vertex 72.1791 54.2216 11
    endloop
  endfacet
  facet normal -0.99803 0.0627451 0
    outer loop
      vertex -74.5 50 11
      vertex -74.4606 50.6267 14
      vertex -74.4606 50.6267 11
    endloop
  endfacet
  facet normal -0.99803 0.0627451 0
    outer loop
      vertex -74.4606 50.6267 14
      vertex -74.5 50 11
      vertex -74.5 50 14
    endloop
  endfacet
  facet normal -0.982276 0.187441 0
    outer loop
      vertex -74.4606 50.6267 11
      vertex -74.3429 51.2435 14
      vertex -74.3429 51.2435 11
    endloop
  endfacet
  facet normal -0.982276 0.187441 0
    outer loop
      vertex -74.3429 51.2435 14
      vertex -74.4606 50.6267 11
      vertex -74.4606 50.6267 14
    endloop
  endfacet
  facet normal -0.951061 0.309003 0
    outer loop
      vertex -74.3429 51.2435 11
      vertex -74.1489 51.8406 14
      vertex -74.1489 51.8406 11
    endloop
  endfacet
  facet normal -0.951061 0.309003 0
    outer loop
      vertex -74.1489 51.8406 14
      vertex -74.3429 51.2435 11
      vertex -74.3429 51.2435 14
    endloop
  endfacet
  facet normal -0.844336 0.535814 0
    outer loop
      vertex -73.8815 52.4088 11
      vertex -73.5451 52.9389 14
      vertex -73.5451 52.9389 11
    endloop
  endfacet
  facet normal -0.844336 0.535814 0
    outer loop
      vertex -73.5451 52.9389 14
      vertex -73.8815 52.4088 11
      vertex -73.8815 52.4088 14
    endloop
  endfacet
  facet normal -0.125328 0.992115 0
    outer loop
      vertex -69.8139 54.9901 11
      vertex -70.4369 54.9114 14
      vertex -69.8139 54.9901 14
    endloop
  endfacet
  facet normal -0.125328 0.992115 0
    outer loop
      vertex -70.4369 54.9114 14
      vertex -69.8139 54.9901 11
      vertex -70.4369 54.9114 11
    endloop
  endfacet
  facet normal -0.587698 0.80908 0
    outer loop
      vertex -72.1791 54.2216 11
      vertex -72.6871 53.8526 14
      vertex -72.1791 54.2216 14
    endloop
  endfacet
  facet normal -0.587698 0.80908 0
    outer loop
      vertex -72.6871 53.8526 14
      vertex -72.1791 54.2216 11
      vertex -72.6871 53.8526 11
    endloop
  endfacet
  facet normal -0.481784 0.87629 0
    outer loop
      vertex -71.6289 54.5241 11
      vertex -72.1791 54.2216 14
      vertex -71.6289 54.5241 14
    endloop
  endfacet
  facet normal -0.481784 0.87629 0
    outer loop
      vertex -72.1791 54.2216 14
      vertex -71.6289 54.5241 11
      vertex -72.1791 54.2216 11
    endloop
  endfacet
  facet normal 0.684624 -0.728896 0
    outer loop
      vertex 72.6871 24.1474 0
      vertex 73.1448 24.5773 14
      vertex 72.6871 24.1474 14
    endloop
  endfacet
  facet normal 0.684624 -0.728896 0
    outer loop
      vertex 73.1448 24.5773 14
      vertex 72.6871 24.1474 0
      vertex 73.1448 24.5773 0
    endloop
  endfacet
  facet normal 0.248601 -0.968606 0
    outer loop
      vertex 70.4369 23.0886 0
      vertex 71.0451 23.2447 14
      vertex 70.4369 23.0886 14
    endloop
  endfacet
  facet normal 0.248601 -0.968606 0
    outer loop
      vertex 71.0451 23.2447 14
      vertex 70.4369 23.0886 0
      vertex 71.0451 23.2447 0
    endloop
  endfacet
  facet normal 0.904811 -0.425812 0
    outer loop
      vertex 73.8815 25.5912 14
      vertex 74.1489 26.1594 0
      vertex 74.1489 26.1594 14
    endloop
  endfacet
  facet normal 0.904811 -0.425812 0
    outer loop
      vertex 74.1489 26.1594 0
      vertex 73.8815 25.5912 14
      vertex 73.8815 25.5912 0
    endloop
  endfacet
  facet normal 0.248601 0.968606 -0
    outer loop
      vertex 71.0451 54.7553 11
      vertex 70.4369 54.9114 14
      vertex 71.0451 54.7553 14
    endloop
  endfacet
  facet normal 0.248601 0.968606 0
    outer loop
      vertex 70.4369 54.9114 14
      vertex 71.0451 54.7553 11
      vertex 70.4369 54.9114 11
    endloop
  endfacet
  facet normal 0.587698 -0.80908 0
    outer loop
      vertex 72.1791 23.7784 0
      vertex 72.6871 24.1474 14
      vertex 72.1791 23.7784 14
    endloop
  endfacet
  facet normal 0.587698 -0.80908 0
    outer loop
      vertex 72.6871 24.1474 14
      vertex 72.1791 23.7784 0
      vertex 72.6871 24.1474 0
    endloop
  endfacet
  facet normal 1 0 0
    outer loop
      vertex -60.5 23.0099 14
      vertex -60.5 18.7426 7.23546
      vertex -60.5 23.0099 0
    endloop
  endfacet
  facet normal 1 0 0
    outer loop
      vertex -60.5 23.0099 14
      vertex -60.5 18.6836 7.70268
      vertex -60.5 18.7426 7.23546
    endloop
  endfacet
  facet normal 1 0 0
    outer loop
      vertex -60.5 23.0099 14
      vertex -60.5 18.5665 8.15881
      vertex -60.5 18.6836 7.70268
    endloop
  endfacet
  facet normal 1 0 0
    outer loop
      vertex -60.5 23.0099 14
      vertex -60.5 18.3931 8.59667
      vertex -60.5 18.5665 8.15881
    endloop
  endfacet
  facet normal 1 0 0
    outer loop
      vertex -60.5 23.0099 14
      vertex -60.5 18.1662 9.00935
      vertex -60.5 18.3931 8.59667
    endloop
  endfacet
  facet normal 1 0 0
    outer loop
      vertex -60.5 23.0099 14
      vertex -60.5 17.8894 9.39034
      vertex -60.5 18.1662 9.00935
    endloop
  endfacet
  facet normal 1 0 0
    outer loop
      vertex -60.5 23.0099 14
      vertex -60.5 17.5671 9.73363
      vertex -60.5 17.8894 9.39034
    endloop
  endfacet
  facet normal 1 0 0
    outer loop
      vertex -60.5 23.0099 14
      vertex -60.5 17.2042 10.0338
      vertex -60.5 17.5671 9.73363
    endloop
  endfacet
  facet normal 1 0 0
    outer loop
      vertex -60.5 23.0099 14
      vertex -60.5 16.8066 10.2861
      vertex -60.5 17.2042 10.0338
    endloop
  endfacet
  facet normal 1 0 0
    outer loop
      vertex -60.5 23.0099 14
      vertex -60.5 16.3805 10.4867
      vertex -60.5 16.8066 10.2861
    endloop
  endfacet
  facet normal 1 0 0
    outer loop
      vertex -60.5 23.0099 14
      vertex -60.5 15.9326 10.6322
      vertex -60.5 16.3805 10.4867
    endloop
  endfacet
  facet normal 1 0 0
    outer loop
      vertex -60.5 23.0099 14
      vertex -60.5 15.47 10.7204
      vertex -60.5 15.9326 10.6322
    endloop
  endfacet
  facet normal 1 0 0
    outer loop
      vertex -60.5 23.0099 14
      vertex -60.5 15 10.75
      vertex -60.5 15.47 10.7204
    endloop
  endfacet
  facet normal 1 0 0
    outer loop
      vertex -60.5 23.0099 14
      vertex -60.5 14.53 10.7204
      vertex -60.5 15 10.75
    endloop
  endfacet
  facet normal 1 0 0
    outer loop
      vertex -60.5 23.0099 14
      vertex -60.5 14.0674 10.6322
      vertex -60.5 14.53 10.7204
    endloop
  endfacet
  facet normal 1 -0 0
    outer loop
      vertex -60.5 -19.2395 14
      vertex -60.5 14.0674 10.6322
      vertex -60.5 23.0099 14
    endloop
  endfacet
  facet normal 1 0 0
    outer loop
      vertex -60.5 11.2574 7.23546
      vertex -60.5 -19.2395 14
      vertex -60.5 11.2574 6.76454
    endloop
  endfacet
  facet normal 1 0 0
    outer loop
      vertex -60.5 11.3164 7.70268
      vertex -60.5 -19.2395 14
      vertex -60.5 11.2574 7.23546
    endloop
  endfacet
  facet normal 1 0 0
    outer loop
      vertex -60.5 11.4335 8.15881
      vertex -60.5 -19.2395 14
      vertex -60.5 11.3164 7.70268
    endloop
  endfacet
  facet normal 1 0 0
    outer loop
      vertex -60.5 11.6069 8.59667
      vertex -60.5 -19.2395 14
      vertex -60.5 11.4335 8.15881
    endloop
  endfacet
  facet normal 1 0 0
    outer loop
      vertex -60.5 11.8338 9.00935
      vertex -60.5 -19.2395 14
      vertex -60.5 11.6069 8.59667
    endloop
  endfacet
  facet normal 1 0 0
    outer loop
      vertex -60.5 12.1106 9.39034
      vertex -60.5 -19.2395 14
      vertex -60.5 11.8338 9.00935
    endloop
  endfacet
  facet normal 1 0 0
    outer loop
      vertex -60.5 12.4329 9.73363
      vertex -60.5 -19.2395 14
      vertex -60.5 12.1106 9.39034
    endloop
  endfacet
  facet normal 1 0 0
    outer loop
      vertex -60.5 12.7958 10.0338
      vertex -60.5 -19.2395 14
      vertex -60.5 12.4329 9.73363
    endloop
  endfacet
  facet normal 1 0 0
    outer loop
      vertex -60.5 13.1934 10.2861
      vertex -60.5 -19.2395 14
      vertex -60.5 12.7958 10.0338
    endloop
  endfacet
  facet normal 1 0 0
    outer loop
      vertex -60.5 13.6195 10.4867
      vertex -60.5 -19.2395 14
      vertex -60.5 13.1934 10.2861
    endloop
  endfacet
  facet normal 1 0 0
    outer loop
      vertex -60.5 14.0674 10.6322
      vertex -60.5 -19.2395 14
      vertex -60.5 13.6195 10.4867
    endloop
  endfacet
  facet normal 1 -0 0
    outer loop
      vertex -60.5 18.7426 6.76454
      vertex -60.5 23.0099 0
      vertex -60.5 18.7426 7.23546
    endloop
  endfacet
  facet normal 1 -0 0
    outer loop
      vertex -60.5 18.6836 6.29732
      vertex -60.5 23.0099 0
      vertex -60.5 18.7426 6.76454
    endloop
  endfacet
  facet normal 1 -0 0
    outer loop
      vertex -60.5 18.5665 5.84119
      vertex -60.5 23.0099 0
      vertex -60.5 18.6836 6.29732
    endloop
  endfacet
  facet normal 1 -0 0
    outer loop
      vertex -60.5 18.3931 5.40333
      vertex -60.5 23.0099 0
      vertex -60.5 18.5665 5.84119
    endloop
  endfacet
  facet normal 1 -0 0
    outer loop
      vertex -60.5 18.1662 4.99065
      vertex -60.5 23.0099 0
      vertex -60.5 18.3931 5.40333
    endloop
  endfacet
  facet normal 1 -0 0
    outer loop
      vertex -60.5 17.8894 4.60966
      vertex -60.5 23.0099 0
      vertex -60.5 18.1662 4.99065
    endloop
  endfacet
  facet normal 1 -0 0
    outer loop
      vertex -60.5 17.5671 4.26637
      vertex -60.5 23.0099 0
      vertex -60.5 17.8894 4.60966
    endloop
  endfacet
  facet normal 1 -0 0
    outer loop
      vertex -60.5 17.2042 3.96619
      vertex -60.5 23.0099 0
      vertex -60.5 17.5671 4.26637
    endloop
  endfacet
  facet normal 1 -0 0
    outer loop
      vertex -60.5 16.8066 3.71385
      vertex -60.5 23.0099 0
      vertex -60.5 17.2042 3.96619
    endloop
  endfacet
  facet normal 1 -0 0
    outer loop
      vertex -60.5 16.3805 3.51334
      vertex -60.5 23.0099 0
      vertex -60.5 16.8066 3.71385
    endloop
  endfacet
  facet normal 1 -0 0
    outer loop
      vertex -60.5 15.9326 3.36781
      vertex -60.5 23.0099 0
      vertex -60.5 16.3805 3.51334
    endloop
  endfacet
  facet normal 1 -0 0
    outer loop
      vertex -60.5 15.47 3.27957
      vertex -60.5 23.0099 0
      vertex -60.5 15.9326 3.36781
    endloop
  endfacet
  facet normal 1 -0 0
    outer loop
      vertex -60.5 15 3.25
      vertex -60.5 23.0099 0
      vertex -60.5 15.47 3.27957
    endloop
  endfacet
  facet normal 1 0 0
    outer loop
      vertex -60.5 14.53 3.27957
      vertex -60.5 23.0099 0
      vertex -60.5 15 3.25
    endloop
  endfacet
  facet normal 1 0 0
    outer loop
      vertex -60.5 14.0674 3.36781
      vertex -60.5 23.0099 0
      vertex -60.5 14.53 3.27957
    endloop
  endfacet
  facet normal 1 0 0
    outer loop
      vertex -60.5 -19.2395 0
      vertex -60.5 14.0674 3.36781
      vertex -60.5 13.6195 3.51334
    endloop
  endfacet
  facet normal 1 0 0
    outer loop
      vertex -60.5 -19.2395 0
      vertex -60.5 11.2574 6.76454
      vertex -60.5 -19.2395 14
    endloop
  endfacet
  facet normal 1 0 0
    outer loop
      vertex -60.5 11.2574 6.76454
      vertex -60.5 -19.2395 0
      vertex -60.5 11.3164 6.29732
    endloop
  endfacet
  facet normal 1 0 0
    outer loop
      vertex -60.5 11.3164 6.29732
      vertex -60.5 -19.2395 0
      vertex -60.5 11.4335 5.84119
    endloop
  endfacet
  facet normal 1 0 0
    outer loop
      vertex -60.5 11.4335 5.84119
      vertex -60.5 -19.2395 0
      vertex -60.5 11.6069 5.40333
    endloop
  endfacet
  facet normal 1 0 0
    outer loop
      vertex -60.5 11.6069 5.40333
      vertex -60.5 -19.2395 0
      vertex -60.5 11.8338 4.99065
    endloop
  endfacet
  facet normal 1 0 0
    outer loop
      vertex -60.5 11.8338 4.99065
      vertex -60.5 -19.2395 0
      vertex -60.5 12.1106 4.60966
    endloop
  endfacet
  facet normal 1 0 0
    outer loop
      vertex -60.5 12.1106 4.60966
      vertex -60.5 -19.2395 0
      vertex -60.5 12.4329 4.26637
    endloop
  endfacet
  facet normal 1 0 0
    outer loop
      vertex -60.5 12.4329 4.26637
      vertex -60.5 -19.2395 0
      vertex -60.5 12.7958 3.96619
    endloop
  endfacet
  facet normal 1 0 0
    outer loop
      vertex -60.5 12.7958 3.96619
      vertex -60.5 -19.2395 0
      vertex -60.5 13.1934 3.71385
    endloop
  endfacet
  facet normal 1 0 0
    outer loop
      vertex -60.5 13.1934 3.71385
      vertex -60.5 -19.2395 0
      vertex -60.5 13.6195 3.51334
    endloop
  endfacet
  facet normal 1 0 0
    outer loop
      vertex -60.5 14.0674 3.36781
      vertex -60.5 -19.2395 0
      vertex -60.5 23.0099 0
    endloop
  endfacet
  facet normal -0.684624 -0.728896 0
    outer loop
      vertex -73.1448 -35.4227 0
      vertex -72.6871 -35.8526 14
      vertex -73.1448 -35.4227 14
    endloop
  endfacet
  facet normal -0.684624 -0.728896 -0
    outer loop
      vertex -72.6871 -35.8526 14
      vertex -73.1448 -35.4227 0
      vertex -72.6871 -35.8526 0
    endloop
  endfacet
  facet normal -0.99803 -0.0627451 0
    outer loop
      vertex -74.4606 -32.6267 0
      vertex -74.5 -32 6.29031
      vertex -74.5 -32 0
    endloop
  endfacet
  facet normal -0.998077 -0.0619792 -7.66078e-05
    outer loop
      vertex -74.5 -32 6.29031
      vertex -74.4606 -32.6267 0
      vertex -74.4987 -32.021 6.34334
    endloop
  endfacet
  facet normal -0.998011 -0.0630324 2.43561e-05
    outer loop
      vertex -74.4987 -32.021 6.34334
      vertex -74.4606 -32.6267 0
      vertex -74.4945 -32.0874 6.60182
    endloop
  endfacet
  facet normal -0.99803 -0.0627345 0
    outer loop
      vertex -74.4924 -32.1208 6.86657
      vertex -74.4606 -32.6267 0
      vertex -74.4924 -32.1208 7.13343
    endloop
  endfacet
  facet normal -0.99803 -0.0627445 7.41763e-07
    outer loop
      vertex -74.4945 -32.0874 6.60182
      vertex -74.4606 -32.6267 0
      vertex -74.4924 -32.1208 6.86657
    endloop
  endfacet
  facet normal -0.998077 -0.0619792 7.66078e-05
    outer loop
      vertex -74.4606 -32.6267 14
      vertex -74.5 -32 7.70969
      vertex -74.4987 -32.021 7.65666
    endloop
  endfacet
  facet normal -0.998011 -0.0630324 -2.43561e-05
    outer loop
      vertex -74.4606 -32.6267 14
      vertex -74.4987 -32.021 7.65666
      vertex -74.4945 -32.0874 7.39818
    endloop
  endfacet
  facet normal -0.99803 -0.0627445 -7.41763e-07
    outer loop
      vertex -74.4606 -32.6267 14
      vertex -74.4945 -32.0874 7.39818
      vertex -74.4924 -32.1208 7.13343
    endloop
  endfacet
  facet normal -0.99803 -0.0627345 -0
    outer loop
      vertex -74.4606 -32.6267 14
      vertex -74.4924 -32.1208 7.13343
      vertex -74.4606 -32.6267 0
    endloop
  endfacet
  facet normal -0.99803 -0.0627451 0
    outer loop
      vertex -74.5 -32 7.70969
      vertex -74.4606 -32.6267 14
      vertex -74.5 -32 14
    endloop
  endfacet
  facet normal -0.125328 -0.992115 0
    outer loop
      vertex -70.4369 -36.9114 0
      vertex -69.8139 -36.9901 14
      vertex -70.4369 -36.9114 14
    endloop
  endfacet
  facet normal -0.125328 -0.992115 -0
    outer loop
      vertex -69.8139 -36.9901 14
      vertex -70.4369 -36.9114 0
      vertex -69.8139 -36.9901 0
    endloop
  endfacet
  facet normal 0 -1 0
    outer loop
      vertex -69.8139 -36.9901 0
      vertex -65.1861 -36.9901 14
      vertex -69.8139 -36.9901 14
    endloop
  endfacet
  facet normal 0 -1 -0
    outer loop
      vertex -65.1861 -36.9901 14
      vertex -69.8139 -36.9901 0
      vertex -65.1861 -36.9901 0
    endloop
  endfacet
  facet normal -0.368203 -0.929745 0
    outer loop
      vertex -71.6289 -36.5241 0
      vertex -71.0451 -36.7553 14
      vertex -71.6289 -36.5241 14
    endloop
  endfacet
  facet normal -0.368203 -0.929745 -0
    outer loop
      vertex -71.0451 -36.7553 14
      vertex -71.6289 -36.5241 0
      vertex -71.0451 -36.7553 0
    endloop
  endfacet
  facet normal -0.982276 -0.187441 0
    outer loop
      vertex -74.3429 -33.2435 0
      vertex -74.4606 -32.6267 14
      vertex -74.4606 -32.6267 0
    endloop
  endfacet
  facet normal -0.982276 -0.187441 0
    outer loop
      vertex -74.4606 -32.6267 14
      vertex -74.3429 -33.2435 0
      vertex -74.3429 -33.2435 14
    endloop
  endfacet
  facet normal -0.904811 -0.425812 0
    outer loop
      vertex -73.8815 -34.4088 0
      vertex -74.1489 -33.8406 14
      vertex -74.1489 -33.8406 0
    endloop
  endfacet
  facet normal -0.904811 -0.425812 0
    outer loop
      vertex -74.1489 -33.8406 14
      vertex -73.8815 -34.4088 0
      vertex -73.8815 -34.4088 14
    endloop
  endfacet
  facet normal -0.770462 -0.637486 0
    outer loop
      vertex -73.1448 -35.4227 0
      vertex -73.5451 -34.9389 14
      vertex -73.5451 -34.9389 0
    endloop
  endfacet
  facet normal -0.770462 -0.637486 0
    outer loop
      vertex -73.5451 -34.9389 14
      vertex -73.1448 -35.4227 0
      vertex -73.1448 -35.4227 14
    endloop
  endfacet
  facet normal 0.684624 -0.728896 0
    outer loop
      vertex -62.3129 -35.8526 0
      vertex -61.8552 -35.4227 14
      vertex -62.3129 -35.8526 14
    endloop
  endfacet
  facet normal 0.684624 -0.728896 0
    outer loop
      vertex -61.8552 -35.4227 14
      vertex -62.3129 -35.8526 0
      vertex -61.8552 -35.4227 0
    endloop
  endfacet
  facet normal 0.770383 -0.637582 0
    outer loop
      vertex -61.8552 -35.4227 14
      vertex -61.486 -34.9766 0
      vertex -61.486 -34.9766 14
    endloop
  endfacet
  facet normal 0.770383 -0.637582 0
    outer loop
      vertex -61.486 -34.9766 0
      vertex -61.8552 -35.4227 14
      vertex -61.8552 -35.4227 0
    endloop
  endfacet
  facet normal -0.481784 -0.87629 0
    outer loop
      vertex -72.1791 -36.2216 0
      vertex -71.6289 -36.5241 14
      vertex -72.1791 -36.2216 14
    endloop
  endfacet
  facet normal -0.481784 -0.87629 -0
    outer loop
      vertex -71.6289 -36.5241 14
      vertex -72.1791 -36.2216 0
      vertex -71.6289 -36.5241 0
    endloop
  endfacet
  facet normal -0.587698 -0.80908 0
    outer loop
      vertex -72.6871 -35.8526 0
      vertex -72.1791 -36.2216 14
      vertex -72.6871 -35.8526 14
    endloop
  endfacet
  facet normal -0.587698 -0.80908 -0
    outer loop
      vertex -72.1791 -36.2216 14
      vertex -72.6871 -35.8526 0
      vertex -72.1791 -36.2216 0
    endloop
  endfacet
  facet normal -0.248601 -0.968606 0
    outer loop
      vertex -71.0451 -36.7553 0
      vertex -70.4369 -36.9114 14
      vertex -71.0451 -36.7553 14
    endloop
  endfacet
  facet normal -0.248601 -0.968606 -0
    outer loop
      vertex -70.4369 -36.9114 14
      vertex -71.0451 -36.7553 0
      vertex -70.4369 -36.9114 0
    endloop
  endfacet
  facet normal 0.125328 -0.992115 0
    outer loop
      vertex -65.1861 -36.9901 0
      vertex -64.5631 -36.9114 14
      vertex -65.1861 -36.9901 14
    endloop
  endfacet
  facet normal 0.125328 -0.992115 0
    outer loop
      vertex -64.5631 -36.9114 14
      vertex -65.1861 -36.9901 0
      vertex -64.5631 -36.9114 0
    endloop
  endfacet
  facet normal 0.248601 -0.968606 0
    outer loop
      vertex -64.5631 -36.9114 0
      vertex -63.9549 -36.7553 14
      vertex -64.5631 -36.9114 14
    endloop
  endfacet
  facet normal 0.248601 -0.968606 0
    outer loop
      vertex -63.9549 -36.7553 14
      vertex -64.5631 -36.9114 0
      vertex -63.9549 -36.7553 0
    endloop
  endfacet
  facet normal 0.587698 -0.80908 0
    outer loop
      vertex -62.8209 -36.2216 0
      vertex -62.3129 -35.8526 14
      vertex -62.8209 -36.2216 14
    endloop
  endfacet
  facet normal 0.587698 -0.80908 0
    outer loop
      vertex -62.3129 -35.8526 14
      vertex -62.8209 -36.2216 0
      vertex -62.3129 -35.8526 0
    endloop
  endfacet
  facet normal 0.481784 -0.87629 0
    outer loop
      vertex -63.3711 -36.5241 0
      vertex -62.8209 -36.2216 14
      vertex -63.3711 -36.5241 14
    endloop
  endfacet
  facet normal 0.481784 -0.87629 0
    outer loop
      vertex -62.8209 -36.2216 14
      vertex -63.3711 -36.5241 0
      vertex -62.8209 -36.2216 0
    endloop
  endfacet
  facet normal 0.368203 -0.929745 0
    outer loop
      vertex -63.9549 -36.7553 0
      vertex -63.3711 -36.5241 14
      vertex -63.9549 -36.7553 14
    endloop
  endfacet
  facet normal 0.368203 -0.929745 0
    outer loop
      vertex -63.3711 -36.5241 14
      vertex -63.9549 -36.7553 0
      vertex -63.3711 -36.5241 0
    endloop
  endfacet
  facet normal -0.951061 -0.309003 0
    outer loop
      vertex -74.1489 -33.8406 0
      vertex -74.3429 -33.2435 14
      vertex -74.3429 -33.2435 0
    endloop
  endfacet
  facet normal -0.951061 -0.309003 0
    outer loop
      vertex -74.3429 -33.2435 14
      vertex -74.1489 -33.8406 0
      vertex -74.1489 -33.8406 14
    endloop
  endfacet
  facet normal -0.844336 -0.535814 0
    outer loop
      vertex -73.5451 -34.9389 0
      vertex -73.8815 -34.4088 14
      vertex -73.8815 -34.4088 0
    endloop
  endfacet
  facet normal -0.844336 -0.535814 0
    outer loop
      vertex -73.8815 -34.4088 14
      vertex -73.5451 -34.9389 0
      vertex -73.5451 -34.9389 14
    endloop
  endfacet
  facet normal 0.40616 -0.913802 7.95042e-05
    outer loop
      vertex -48.1905 -29.0674 10.6322
      vertex -61.486 -34.9766 14
      vertex -49.2313 -29.53 10.7204
    endloop
  endfacet
  facet normal 0.406139 -0.913811 -9.52265e-06
    outer loop
      vertex -61.486 -34.9766 14
      vertex 49.9037 14.53 10.7204
      vertex 50.9612 15 10.75
    endloop
  endfacet
  facet normal 0.406112 -0.913823 -0.000148577
    outer loop
      vertex -47.1827 -28.6195 10.4867
      vertex -61.486 -34.9766 14
      vertex -48.1905 -29.0674 10.6322
    endloop
  endfacet
  facet normal 0.406143 -0.91381 0.000166081
    outer loop
      vertex -61.486 -34.9766 14
      vertex 48.8629 14.0674 10.6322
      vertex 49.9037 14.53 10.7204
    endloop
  endfacet
  facet normal 0.406138 -0.913812 -2.28397e-05
    outer loop
      vertex 47.8552 13.6195 10.4867
      vertex -61.486 -34.9766 14
      vertex -47.1827 -28.6195 10.4867
    endloop
  endfacet
  facet normal 0.406143 -0.913809 0.000170716
    outer loop
      vertex -61.486 -34.9766 14
      vertex 47.8552 13.6195 10.4867
      vertex 48.8629 14.0674 10.6322
    endloop
  endfacet
  facet normal 0.406138 -0.913812 -5.3679e-05
    outer loop
      vertex -46.224 -28.1934 10.2861
      vertex 47.8552 13.6195 10.4867
      vertex -47.1827 -28.6195 10.4867
    endloop
  endfacet
  facet normal 0.406138 -0.913812 -0.000149762
    outer loop
      vertex -46.224 -28.1934 10.2861
      vertex 46.8964 13.1934 10.2861
      vertex 47.8552 13.6195 10.4867
    endloop
  endfacet
  facet normal 0.406138 -0.913812 -1.54647e-06
    outer loop
      vertex -45.3294 -27.7958 10.0338
      vertex 46.8964 13.1934 10.2861
      vertex -46.224 -28.1934 10.2861
    endloop
  endfacet
  facet normal 0.406138 -0.913812 1.57676e-06
    outer loop
      vertex -45.3294 -27.7958 10.0338
      vertex 46.0018 12.7958 10.0338
      vertex 46.8964 13.1934 10.2861
    endloop
  endfacet
  facet normal 0.406138 -0.913812 -3.50353e-05
    outer loop
      vertex -44.5129 -27.4329 9.73363
      vertex 46.0018 12.7958 10.0338
      vertex -45.3294 -27.7958 10.0338
    endloop
  endfacet
  facet normal 0.406138 -0.913812 3.56732e-05
    outer loop
      vertex -44.5129 -27.4329 9.73363
      vertex 45.1853 12.4329 9.73363
      vertex 46.0018 12.7958 10.0338
    endloop
  endfacet
  facet normal 0.406138 -0.913812 0.00014645
    outer loop
      vertex -43.7876 -27.1106 9.39034
      vertex 45.1853 12.4329 9.73363
      vertex -44.5129 -27.4329 9.73363
    endloop
  endfacet
  facet normal 0.406139 -0.913811 -0.000148857
    outer loop
      vertex -43.7876 -27.1106 9.39034
      vertex 44.46 12.1106 9.39034
      vertex 45.1853 12.4329 9.73363
    endloop
  endfacet
  facet normal 0.406139 -0.913811 7.52326e-07
    outer loop
      vertex -43.1648 -26.8338 9.00935
      vertex 44.46 12.1106 9.39034
      vertex -43.7876 -27.1106 9.39034
    endloop
  endfacet
  facet normal 0.406139 -0.913811 -7.63097e-07
    outer loop
      vertex -43.1648 -26.8338 9.00935
      vertex 43.8372 11.8338 9.00935
      vertex 44.46 12.1106 9.39034
    endloop
  endfacet
  facet normal 0.406139 -0.913811 -2.40262e-05
    outer loop
      vertex -42.6543 -26.6069 8.59667
      vertex 43.8372 11.8338 9.00935
      vertex -43.1648 -26.8338 9.00935
    endloop
  endfacet
  facet normal 0.406139 -0.913811 2.43116e-05
    outer loop
      vertex -42.6543 -26.6069 8.59667
      vertex 43.3267 11.6069 8.59667
      vertex 43.8372 11.8338 9.00935
    endloop
  endfacet
  facet normal 0.406139 -0.913811 -0.000138923
    outer loop
      vertex -42.2643 -26.4335 8.15881
      vertex 43.3267 11.6069 8.59667
      vertex -42.6543 -26.6069 8.59667
    endloop
  endfacet
  facet normal 0.406137 -0.913812 0.000140195
    outer loop
      vertex -42.2643 -26.4335 8.15881
      vertex 42.9367 11.4335 8.15881
      vertex 43.3267 11.6069 8.59667
    endloop
  endfacet
  facet normal 0.406137 -0.913812 0.000110611
    outer loop
      vertex -42.0007 -26.3164 7.70268
      vertex 42.9367 11.4335 8.15881
      vertex -42.2643 -26.4335 8.15881
    endloop
  endfacet
  facet normal 0.406138 -0.913812 -2.19829e-05
    outer loop
      vertex -42.0007 -26.3164 7.70268
      vertex 42.6732 11.3164 7.70268
      vertex 42.9367 11.4335 8.15881
    endloop
  endfacet
  facet normal 0.406138 -0.913812 4.3327e-05
    outer loop
      vertex -41.8679 -26.2574 7.23546
      vertex 42.6732 11.3164 7.70268
      vertex -42.0007 -26.3164 7.70268
    endloop
  endfacet
  facet normal 0.406138 -0.913812 -4.34633e-05
    outer loop
      vertex -41.8679 -26.2574 7.23546
      vertex 42.5404 11.2574 7.23546
      vertex 42.6732 11.3164 7.70268
    endloop
  endfacet
  facet normal 0.406138 -0.913812 0
    outer loop
      vertex -41.8679 -26.2574 6.76454
      vertex 42.5404 11.2574 7.23546
      vertex -41.8679 -26.2574 7.23546
    endloop
  endfacet
  facet normal 0.406138 -0.913812 0
    outer loop
      vertex -41.8679 -26.2574 6.76454
      vertex 42.5404 11.2574 6.76454
      vertex 42.5404 11.2574 7.23546
    endloop
  endfacet
  facet normal 0.406138 -0.913812 -4.34633e-05
    outer loop
      vertex -42.0007 -26.3164 6.29732
      vertex 42.5404 11.2574 6.76454
      vertex -41.8679 -26.2574 6.76454
    endloop
  endfacet
  facet normal 0.406138 -0.913812 4.3327e-05
    outer loop
      vertex -42.0007 -26.3164 6.29732
      vertex 42.6732 11.3164 6.29732
      vertex 42.5404 11.2574 6.76454
    endloop
  endfacet
  facet normal 0.406138 -0.913812 -0.000111023
    outer loop
      vertex -42.2643 -26.4335 5.84119
      vertex 42.6732 11.3164 6.29732
      vertex -42.0007 -26.3164 6.29732
    endloop
  endfacet
  facet normal 0.406137 -0.913812 2.15716e-05
    outer loop
      vertex -42.2643 -26.4335 5.84119
      vertex 42.9367 11.4335 5.84119
      vertex 42.6732 11.3164 6.29732
    endloop
  endfacet
  facet normal 0.406137 -0.913812 0.000140195
    outer loop
      vertex -42.6543 -26.6069 5.40333
      vertex 42.9367 11.4335 5.84119
      vertex -42.2643 -26.4335 5.84119
    endloop
  endfacet
  facet normal 0.406139 -0.913811 -0.000138923
    outer loop
      vertex -42.6543 -26.6069 5.40333
      vertex 43.3267 11.6069 5.40333
      vertex 42.9367 11.4335 5.84119
    endloop
  endfacet
  facet normal 0.406139 -0.913811 2.43116e-05
    outer loop
      vertex -43.1648 -26.8338 4.99065
      vertex 43.3267 11.6069 5.40333
      vertex -42.6543 -26.6069 5.40333
    endloop
  endfacet
  facet normal 0.406139 -0.913811 -2.40262e-05
    outer loop
      vertex -43.1648 -26.8338 4.99065
      vertex 43.8372 11.8338 4.99065
      vertex 43.3267 11.6069 5.40333
    endloop
  endfacet
  facet normal 0.406139 -0.913811 -7.63097e-07
    outer loop
      vertex -43.7876 -27.1106 4.60966
      vertex 43.8372 11.8338 4.99065
      vertex -43.1648 -26.8338 4.99065
    endloop
  endfacet
  facet normal 0.406139 -0.913811 7.52326e-07
    outer loop
      vertex -43.7876 -27.1106 4.60966
      vertex 44.46 12.1106 4.60966
      vertex 43.8372 11.8338 4.99065
    endloop
  endfacet
  facet normal 0.406139 -0.913811 -0.000148857
    outer loop
      vertex -44.5129 -27.4329 4.26637
      vertex 44.46 12.1106 4.60966
      vertex -43.7876 -27.1106 4.60966
    endloop
  endfacet
  facet normal 0.406138 -0.913812 0.00014645
    outer loop
      vertex -44.5129 -27.4329 4.26637
      vertex 45.1853 12.4329 4.26637
      vertex 44.46 12.1106 4.60966
    endloop
  endfacet
  facet normal 0.406138 -0.913812 3.5672e-05
    outer loop
      vertex -45.3294 -27.7958 3.96619
      vertex 45.1853 12.4329 4.26637
      vertex -44.5129 -27.4329 4.26637
    endloop
  endfacet
  facet normal 0.406138 -0.913812 -3.50341e-05
    outer loop
      vertex -45.3294 -27.7958 3.96619
      vertex 46.0018 12.7958 3.96619
      vertex 45.1853 12.4329 4.26637
    endloop
  endfacet
  facet normal 0.406138 -0.913812 1.57651e-06
    outer loop
      vertex -46.224 -28.1934 3.71385
      vertex 46.0018 12.7958 3.96619
      vertex -45.3294 -27.7958 3.96619
    endloop
  endfacet
  facet normal 0.406138 -0.913812 -1.54622e-06
    outer loop
      vertex -46.224 -28.1934 3.71385
      vertex 46.8964 13.1934 3.71385
      vertex 46.0018 12.7958 3.96619
    endloop
  endfacet
  facet normal 0.406138 -0.913812 5.27235e-05
    outer loop
      vertex -47.1827 -28.6195 3.51334
      vertex 46.8964 13.1934 3.71385
      vertex -46.224 -28.1934 3.71385
    endloop
  endfacet
  facet normal 0.406138 -0.913812 0.000148849
    outer loop
      vertex -47.1827 -28.6195 3.51334
      vertex 47.8552 13.6195 3.51334
      vertex 46.8964 13.1934 3.71385
    endloop
  endfacet
  facet normal 0.406112 -0.913823 0.000148617
    outer loop
      vertex -61.486 -34.9766 0
      vertex -47.1827 -28.6195 3.51334
      vertex -48.1905 -29.0674 3.36781
    endloop
  endfacet
  facet normal 0.406138 -0.913812 2.28395e-05
    outer loop
      vertex -47.1827 -28.6195 3.51334
      vertex -61.486 -34.9766 0
      vertex 47.8552 13.6195 3.51334
    endloop
  endfacet
  facet normal 0.40616 -0.913802 -7.9522e-05
    outer loop
      vertex -61.486 -34.9766 0
      vertex -48.1905 -29.0674 3.36781
      vertex -49.2313 -29.53 3.27957
    endloop
  endfacet
  facet normal 0.406143 -0.913809 -0.000170687
    outer loop
      vertex 47.8552 13.6195 3.51334
      vertex -61.486 -34.9766 0
      vertex 48.8629 14.0674 3.36781
    endloop
  endfacet
  facet normal 0.406138 -0.913812 2.07432e-05
    outer loop
      vertex -61.486 -34.9766 0
      vertex -49.2313 -29.53 3.27957
      vertex -50.2888 -30 3.25
    endloop
  endfacet
  facet normal 0.406139 -0.913811 -1.08898e-05
    outer loop
      vertex 68.9834 23.0099 0
      vertex 48.8629 14.0674 3.36781
      vertex -61.486 -34.9766 0
    endloop
  endfacet
  facet normal 0.406138 -0.913812 -2.07455e-05
    outer loop
      vertex -49.2313 -29.53 10.7204
      vertex -61.486 -34.9766 14
      vertex -50.2888 -30 10.75
    endloop
  endfacet
  facet normal 0.406139 -0.913811 -1.70962e-05
    outer loop
      vertex -61.486 -34.9766 14
      vertex -51.3463 -30.47 10.7204
      vertex -50.2888 -30 10.75
    endloop
  endfacet
  facet normal 0.406152 -0.913805 3.30798e-05
    outer loop
      vertex -61.486 -34.9766 14
      vertex -52.3871 -30.9326 10.6322
      vertex -51.3463 -30.47 10.7204
    endloop
  endfacet
  facet normal 0.406158 -0.913803 5.00734e-05
    outer loop
      vertex -61.486 -34.9766 14
      vertex -53.3948 -31.3805 10.4867
      vertex -52.3871 -30.9326 10.6322
    endloop
  endfacet
  facet normal 0.406121 -0.913819 -5.13254e-05
    outer loop
      vertex -61.486 -34.9766 14
      vertex -54.3536 -31.8066 10.2861
      vertex -53.3948 -31.3805 10.4867
    endloop
  endfacet
  facet normal 0.40614 -0.913811 -7.0936e-06
    outer loop
      vertex -61.486 -34.9766 14
      vertex -55.2482 -32.2042 10.0338
      vertex -54.3536 -31.8066 10.2861
    endloop
  endfacet
  facet normal 0.406147 -0.913808 5.90395e-06
    outer loop
      vertex -61.486 -34.9766 14
      vertex -56.0647 -32.5671 9.73363
      vertex -55.2482 -32.2042 10.0338
    endloop
  endfacet
  facet normal 0.406104 -0.913827 -5.99988e-05
    outer loop
      vertex -61.486 -34.9766 14
      vertex -56.79 -32.8894 9.39034
      vertex -56.0647 -32.5671 9.73363
    endloop
  endfacet
  facet normal 0.406144 -0.913809 -1.08558e-05
    outer loop
      vertex -61.486 -34.9766 14
      vertex -57.4128 -33.1662 9.00935
      vertex -56.79 -32.8894 9.39034
    endloop
  endfacet
  facet normal 0.406155 -0.913804 -2.59318e-08
    outer loop
      vertex -61.486 -34.9766 14
      vertex -57.9233 -33.3931 8.59667
      vertex -57.4128 -33.1662 9.00935
    endloop
  endfacet
  facet normal 0.406221 -0.913775 5.16232e-05
    outer loop
      vertex -61.486 -34.9766 14
      vertex -58.3133 -33.5665 8.15881
      vertex -57.9233 -33.3931 8.59667
    endloop
  endfacet
  facet normal 0.406123 -0.913818 -1.16831e-05
    outer loop
      vertex -61.486 -34.9766 14
      vertex -58.5768 -33.6836 7.70268
      vertex -58.3133 -33.5665 8.15881
    endloop
  endfacet
  facet normal 0.406093 -0.913832 -2.81368e-05
    outer loop
      vertex -61.486 -34.9766 14
      vertex -58.7096 -33.7426 7.23546
      vertex -58.5768 -33.6836 7.70268
    endloop
  endfacet
  facet normal 0.406151 -0.913806 0
    outer loop
      vertex -61.486 -34.9766 14
      vertex -58.7096 -33.7426 6.76454
      vertex -58.7096 -33.7426 7.23546
    endloop
  endfacet
  facet normal 0.406151 -0.913806 0
    outer loop
      vertex -61.486 -34.9766 0
      vertex -58.7096 -33.7426 6.76454
      vertex -61.486 -34.9766 14
    endloop
  endfacet
  facet normal 0.406169 -0.913798 0.000205657
    outer loop
      vertex 48.8629 14.0674 3.36781
      vertex 68.9834 23.0099 0
      vertex 49.9037 14.53 3.27957
    endloop
  endfacet
  facet normal 0.406139 -0.913811 1.70977e-05
    outer loop
      vertex -51.3463 -30.47 3.27957
      vertex -61.486 -34.9766 0
      vertex -50.2888 -30 3.25
    endloop
  endfacet
  facet normal 0.406152 -0.913805 -3.30769e-05
    outer loop
      vertex -52.3871 -30.9326 3.36781
      vertex -61.486 -34.9766 0
      vertex -51.3463 -30.47 3.27957
    endloop
  endfacet
  facet normal 0.406158 -0.913803 -5.00704e-05
    outer loop
      vertex -53.3948 -31.3805 3.51334
      vertex -61.486 -34.9766 0
      vertex -52.3871 -30.9326 3.36781
    endloop
  endfacet
  facet normal 0.406121 -0.913819 5.13325e-05
    outer loop
      vertex -54.3536 -31.8066 3.71385
      vertex -61.486 -34.9766 0
      vertex -53.3948 -31.3805 3.51334
    endloop
  endfacet
  facet normal 0.40614 -0.913811 7.09326e-06
    outer loop
      vertex -55.2482 -32.2042 3.96619
      vertex -61.486 -34.9766 0
      vertex -54.3536 -31.8066 3.71385
    endloop
  endfacet
  facet normal 0.406147 -0.913808 -5.90389e-06
    outer loop
      vertex -56.0647 -32.5671 4.26637
      vertex -61.486 -34.9766 0
      vertex -55.2482 -32.2042 3.96619
    endloop
  endfacet
  facet normal 0.406104 -0.913827 5.99988e-05
    outer loop
      vertex -56.79 -32.8894 4.60966
      vertex -61.486 -34.9766 0
      vertex -56.0647 -32.5671 4.26637
    endloop
  endfacet
  facet normal 0.406144 -0.913809 1.08558e-05
    outer loop
      vertex -57.4128 -33.1662 4.99065
      vertex -61.486 -34.9766 0
      vertex -56.79 -32.8894 4.60966
    endloop
  endfacet
  facet normal 0.406155 -0.913804 2.59318e-08
    outer loop
      vertex -57.9233 -33.3931 5.40333
      vertex -61.486 -34.9766 0
      vertex -57.4128 -33.1662 4.99065
    endloop
  endfacet
  facet normal 0.406221 -0.913775 -5.16232e-05
    outer loop
      vertex -58.3133 -33.5665 5.84119
      vertex -61.486 -34.9766 0
      vertex -57.9233 -33.3931 5.40333
    endloop
  endfacet
  facet normal 0.406123 -0.913818 1.16831e-05
    outer loop
      vertex -58.5768 -33.6836 6.29732
      vertex -61.486 -34.9766 0
      vertex -58.3133 -33.5665 5.84119
    endloop
  endfacet
  facet normal 0.406093 -0.913832 2.81368e-05
    outer loop
      vertex -58.7096 -33.7426 6.76454
      vertex -61.486 -34.9766 0
      vertex -58.5768 -33.6836 6.29732
    endloop
  endfacet
  facet normal 0.406139 -0.913811 5.48849e-06
    outer loop
      vertex -61.486 -34.9766 14
      vertex 50.9612 15 10.75
      vertex 68.9834 23.0099 14
    endloop
  endfacet
  facet normal 0.406139 -0.913811 8.11314e-06
    outer loop
      vertex 52.0187 15.47 10.7204
      vertex 68.9834 23.0099 14
      vertex 50.9612 15 10.75
    endloop
  endfacet
  facet normal 0.40615 -0.913806 -6.37099e-05
    outer loop
      vertex 53.0595 15.9326 10.6322
      vertex 68.9834 23.0099 14
      vertex 52.0187 15.47 10.7204
    endloop
  endfacet
  facet normal 0.406134 -0.913814 3.01026e-05
    outer loop
      vertex 54.0673 16.3805 10.4867
      vertex 68.9834 23.0099 14
      vertex 53.0595 15.9326 10.6322
    endloop
  endfacet
  facet normal 0.406144 -0.913809 -2.07506e-05
    outer loop
      vertex 55.026 16.8066 10.2861
      vertex 68.9834 23.0099 14
      vertex 54.0673 16.3805 10.4867
    endloop
  endfacet
  facet normal 0.406139 -0.913811 1.32721e-06
    outer loop
      vertex 55.9206 17.2042 10.0338
      vertex 68.9834 23.0099 14
      vertex 55.026 16.8066 10.2861
    endloop
  endfacet
  facet normal 0.406144 -0.913809 -1.73675e-05
    outer loop
      vertex 56.7371 17.5671 9.73363
      vertex 68.9834 23.0099 14
      vertex 55.9206 17.2042 10.0338
    endloop
  endfacet
  facet normal 0.406114 -0.913823 8.51853e-05
    outer loop
      vertex 57.4624 17.8894 9.39034
      vertex 68.9834 23.0099 14
      vertex 56.7371 17.5671 9.73363
    endloop
  endfacet
  facet normal 0.406141 -0.913811 4.35491e-06
    outer loop
      vertex 58.0852 18.1662 9.00935
      vertex 68.9834 23.0099 14
      vertex 57.4624 17.8894 9.39034
    endloop
  endfacet
  facet normal 0.406147 -0.913808 -1.20277e-05
    outer loop
      vertex 58.5957 18.3931 8.59667
      vertex 68.9834 23.0099 14
      vertex 58.0852 18.1662 9.00935
    endloop
  endfacet
  facet normal 0.406182 -0.913792 -9.26992e-05
    outer loop
      vertex 58.9857 18.5665 8.15881
      vertex 68.9834 23.0099 14
      vertex 58.5957 18.3931 8.59667
    endloop
  endfacet
  facet normal 0.406097 -0.91383 8.23303e-05
    outer loop
      vertex 59.2493 18.6836 7.70268
      vertex 68.9834 23.0099 14
      vertex 58.9857 18.5665 8.15881
    endloop
  endfacet
  facet normal 0.406121 -0.913819 3.74642e-05
    outer loop
      vertex 59.3821 18.7426 7.23546
      vertex 68.9834 23.0099 14
      vertex 59.2493 18.6836 7.70268
    endloop
  endfacet
  facet normal 0.406143 -0.91381 0
    outer loop
      vertex 59.3821 18.7426 6.76454
      vertex 68.9834 23.0099 14
      vertex 59.3821 18.7426 7.23546
    endloop
  endfacet
  facet normal 0.406121 -0.913819 -3.74642e-05
    outer loop
      vertex 68.9834 23.0099 0
      vertex 59.3821 18.7426 6.76454
      vertex 59.2493 18.6836 6.29732
    endloop
  endfacet
  facet normal 0.406097 -0.91383 -8.23303e-05
    outer loop
      vertex 68.9834 23.0099 0
      vertex 59.2493 18.6836 6.29732
      vertex 58.9857 18.5665 5.84119
    endloop
  endfacet
  facet normal 0.406182 -0.913792 9.26992e-05
    outer loop
      vertex 68.9834 23.0099 0
      vertex 58.9857 18.5665 5.84119
      vertex 58.5957 18.3931 5.40333
    endloop
  endfacet
  facet normal 0.406138 -0.913812 -1.10924e-05
    outer loop
      vertex 49.9037 14.53 3.27957
      vertex 68.9834 23.0099 0
      vertex 50.9612 15 3.25
    endloop
  endfacet
  facet normal 0.406143 -0.91381 0
    outer loop
      vertex 59.3821 18.7426 6.76454
      vertex 68.9834 23.0099 0
      vertex 68.9834 23.0099 14
    endloop
  endfacet
  facet normal 0.406147 -0.913808 1.20277e-05
    outer loop
      vertex 58.0852 18.1662 4.99065
      vertex 68.9834 23.0099 0
      vertex 58.5957 18.3931 5.40333
    endloop
  endfacet
  facet normal 0.406141 -0.913811 -4.35491e-06
    outer loop
      vertex 57.4624 17.8894 4.60966
      vertex 68.9834 23.0099 0
      vertex 58.0852 18.1662 4.99065
    endloop
  endfacet
  facet normal 0.406114 -0.913823 -8.51853e-05
    outer loop
      vertex 56.7371 17.5671 4.26637
      vertex 68.9834 23.0099 0
      vertex 57.4624 17.8894 4.60966
    endloop
  endfacet
  facet normal 0.406144 -0.913809 1.73672e-05
    outer loop
      vertex 55.9206 17.2042 3.96619
      vertex 68.9834 23.0099 0
      vertex 56.7371 17.5671 4.26637
    endloop
  endfacet
  facet normal 0.406139 -0.913811 -1.32711e-06
    outer loop
      vertex 55.026 16.8066 3.71385
      vertex 68.9834 23.0099 0
      vertex 55.9206 17.2042 3.96619
    endloop
  endfacet
  facet normal 0.406144 -0.913809 2.07549e-05
    outer loop
      vertex 54.0673 16.3805 3.51334
      vertex 68.9834 23.0099 0
      vertex 55.026 16.8066 3.71385
    endloop
  endfacet
  facet normal 0.406134 -0.913814 -3.01e-05
    outer loop
      vertex 53.0595 15.9326 3.36781
      vertex 68.9834 23.0099 0
      vertex 54.0673 16.3805 3.51334
    endloop
  endfacet
  facet normal 0.40615 -0.913806 6.37015e-05
    outer loop
      vertex 52.0187 15.47 3.27957
      vertex 68.9834 23.0099 0
      vertex 53.0595 15.9326 3.36781
    endloop
  endfacet
  facet normal 0.406139 -0.913811 -8.11424e-06
    outer loop
      vertex 50.9612 15 3.25
      vertex 68.9834 23.0099 0
      vertex 52.0187 15.47 3.27957
    endloop
  endfacet
  facet normal -0.406138 0.913812 -1.10945e-05
    outer loop
      vertex 15.4813 14.53 10.7204
      vertex 34.561 23.0099 14
      vertex 16.5388 15 10.75
    endloop
  endfacet
  facet normal -0.406139 0.913811 -8.11314e-06
    outer loop
      vertex 34.561 23.0099 14
      vertex 17.5963 15.47 10.7204
      vertex 16.5388 15 10.75
    endloop
  endfacet
  facet normal -0.40615 0.913806 6.37099e-05
    outer loop
      vertex 34.561 23.0099 14
      vertex 18.6371 15.9326 10.6322
      vertex 17.5963 15.47 10.7204
    endloop
  endfacet
  facet normal -0.406154 0.913805 8.3145e-05
    outer loop
      vertex 34.561 23.0099 14
      vertex 19.6448 16.3805 10.4867
      vertex 18.6371 15.9326 10.6322
    endloop
  endfacet
  facet normal -0.406124 0.913818 -6.83703e-05
    outer loop
      vertex 34.561 23.0099 14
      vertex 20.6036 16.8066 10.2861
      vertex 19.6448 16.3805 10.4867
    endloop
  endfacet
  facet normal -0.406139 0.913811 -1.32721e-06
    outer loop
      vertex 34.561 23.0099 14
      vertex 21.4982 17.2042 10.0338
      vertex 20.6036 16.8066 10.2861
    endloop
  endfacet
  facet normal -0.406144 0.913809 1.73675e-05
    outer loop
      vertex 34.561 23.0099 14
      vertex 22.3147 17.5671 9.73363
      vertex 21.4982 17.2042 10.0338
    endloop
  endfacet
  facet normal -0.406114 0.913823 -8.51853e-05
    outer loop
      vertex 34.561 23.0099 14
      vertex 23.04 17.8894 9.39034
      vertex 22.3147 17.5671 9.73363
    endloop
  endfacet
  facet normal -0.406141 0.913811 -4.35491e-06
    outer loop
      vertex 34.561 23.0099 14
      vertex 23.6628 18.1662 9.00935
      vertex 23.04 17.8894 9.39034
    endloop
  endfacet
  facet normal -0.406147 0.913808 1.20277e-05
    outer loop
      vertex 34.561 23.0099 14
      vertex 24.1733 18.3931 8.59667
      vertex 23.6628 18.1662 9.00935
    endloop
  endfacet
  facet normal -0.406182 0.913792 9.26992e-05
    outer loop
      vertex 34.561 23.0099 14
      vertex 24.5633 18.5665 8.15881
      vertex 24.1733 18.3931 8.59667
    endloop
  endfacet
  facet normal -0.406129 0.913816 -1.57656e-05
    outer loop
      vertex 34.561 23.0099 14
      vertex 24.8268 18.6836 7.70268
      vertex 24.5633 18.5665 8.15881
    endloop
  endfacet
  facet normal -0.406118 0.913821 -3.64626e-05
    outer loop
      vertex 34.561 23.0099 14
      vertex 24.9596 18.7426 7.23546
      vertex 24.8268 18.6836 7.70268
    endloop
  endfacet
  facet normal -0.406139 0.913811 0
    outer loop
      vertex 34.561 23.0099 14
      vertex 24.9596 18.7426 6.76454
      vertex 24.9596 18.7426 7.23546
    endloop
  endfacet
  facet normal -0.406139 0.913811 0
    outer loop
      vertex 34.561 23.0099 0
      vertex 24.9596 18.7426 6.76454
      vertex 34.561 23.0099 14
    endloop
  endfacet
  facet normal -0.406118 0.913821 3.64626e-05
    outer loop
      vertex 24.9596 18.7426 6.76454
      vertex 34.561 23.0099 0
      vertex 24.8268 18.6836 6.29732
    endloop
  endfacet
  facet normal -0.406129 0.913816 1.57656e-05
    outer loop
      vertex 24.8268 18.6836 6.29732
      vertex 34.561 23.0099 0
      vertex 24.5633 18.5665 5.84119
    endloop
  endfacet
  facet normal -0.406139 0.913811 8.11424e-06
    outer loop
      vertex 17.5963 15.47 3.27957
      vertex 34.561 23.0099 0
      vertex 16.5388 15 3.25
    endloop
  endfacet
  facet normal -0.40615 0.913806 -6.37015e-05
    outer loop
      vertex 18.6371 15.9326 3.36781
      vertex 34.561 23.0099 0
      vertex 17.5963 15.47 3.27957
    endloop
  endfacet
  facet normal -0.406154 0.913805 -8.31379e-05
    outer loop
      vertex 19.6448 16.3805 3.51334
      vertex 34.561 23.0099 0
      vertex 18.6371 15.9326 3.36781
    endloop
  endfacet
  facet normal -0.406124 0.913818 6.83843e-05
    outer loop
      vertex 20.6036 16.8066 3.71385
      vertex 34.561 23.0099 0
      vertex 19.6448 16.3805 3.51334
    endloop
  endfacet
  facet normal -0.406139 0.913811 1.32711e-06
    outer loop
      vertex 21.4982 17.2042 3.96619
      vertex 34.561 23.0099 0
      vertex 20.6036 16.8066 3.71385
    endloop
  endfacet
  facet normal -0.406144 0.913809 -1.73672e-05
    outer loop
      vertex 22.3147 17.5671 4.26637
      vertex 34.561 23.0099 0
      vertex 21.4982 17.2042 3.96619
    endloop
  endfacet
  facet normal -0.406114 0.913823 8.51853e-05
    outer loop
      vertex 23.04 17.8894 4.60966
      vertex 34.561 23.0099 0
      vertex 22.3147 17.5671 4.26637
    endloop
  endfacet
  facet normal -0.406141 0.913811 4.35491e-06
    outer loop
      vertex 23.6628 18.1662 4.99065
      vertex 34.561 23.0099 0
      vertex 23.04 17.8894 4.60966
    endloop
  endfacet
  facet normal -0.406147 0.913808 -1.20277e-05
    outer loop
      vertex 24.1733 18.3931 5.40333
      vertex 34.561 23.0099 0
      vertex 23.6628 18.1662 4.99065
    endloop
  endfacet
  facet normal -0.406182 0.913792 -9.26992e-05
    outer loop
      vertex 24.5633 18.5665 5.84119
      vertex 34.561 23.0099 0
      vertex 24.1733 18.3931 5.40333
    endloop
  endfacet
  facet normal -0.406169 0.913798 0.000205562
    outer loop
      vertex 14.4405 14.0674 10.6322
      vertex 34.561 23.0099 14
      vertex 15.4813 14.53 10.7204
    endloop
  endfacet
  facet normal -0.406139 0.913811 -1.12456e-05
    outer loop
      vertex 34.561 23.0099 14
      vertex 14.4405 14.0674 10.6322
      vertex -60.5 -19.2395 14
    endloop
  endfacet
  facet normal -0.406137 0.913812 5.39337e-05
    outer loop
      vertex 13.4327 13.6195 10.4867
      vertex -60.5 -19.2395 14
      vertex 14.4405 14.0674 10.6322
    endloop
  endfacet
  facet normal -0.40614 0.913811 -4.0178e-05
    outer loop
      vertex 12.474 13.1934 10.2861
      vertex -60.5 -19.2395 14
      vertex 13.4327 13.6195 10.4867
    endloop
  endfacet
  facet normal -0.406139 0.913812 4.17934e-07
    outer loop
      vertex 11.5794 12.7958 10.0338
      vertex -60.5 -19.2395 14
      vertex 12.474 13.1934 10.2861
    endloop
  endfacet
  facet normal -0.40614 0.913811 -2.90886e-05
    outer loop
      vertex 10.7629 12.4329 9.73363
      vertex -60.5 -19.2395 14
      vertex 11.5794 12.7958 10.0338
    endloop
  endfacet
  facet normal -0.406132 0.913814 0.00013128
    outer loop
      vertex 10.0376 12.1106 9.39034
      vertex -60.5 -19.2395 14
      vertex 10.7629 12.4329 9.73363
    endloop
  endfacet
  facet normal -0.406138 0.913812 2.03253e-05
    outer loop
      vertex 9.41478 11.8338 9.00935
      vertex -60.5 -19.2395 14
      vertex 10.0376 12.1106 9.39034
    endloop
  endfacet
  facet normal -0.406143 0.91381 -5.78222e-05
    outer loop
      vertex 8.90432 11.6069 8.59667
      vertex -60.5 -19.2395 14
      vertex 9.41478 11.8338 9.00935
    endloop
  endfacet
  facet normal -0.406143 0.913809 -6.90014e-05
    outer loop
      vertex 8.51425 11.4335 8.15881
      vertex -60.5 -19.2395 14
      vertex 8.90432 11.6069 8.59667
    endloop
  endfacet
  facet normal -0.406136 0.913812 2.97113e-05
    outer loop
      vertex 8.25074 11.3164 7.70268
      vertex -60.5 -19.2395 14
      vertex 8.51425 11.4335 8.15881
    endloop
  endfacet
  facet normal -0.406135 0.913813 4.24178e-05
    outer loop
      vertex 8.11794 11.2574 7.23546
      vertex -60.5 -19.2395 14
      vertex 8.25074 11.3164 7.70268
    endloop
  endfacet
  facet normal -0.406139 0.913811 0
    outer loop
      vertex 8.11794 11.2574 6.76454
      vertex -60.5 -19.2395 14
      vertex 8.11794 11.2574 7.23546
    endloop
  endfacet
  facet normal -0.406135 0.913813 -4.24178e-05
    outer loop
      vertex -60.5 -19.2395 0
      vertex 8.11794 11.2574 6.76454
      vertex 8.25074 11.3164 6.29732
    endloop
  endfacet
  facet normal -0.406136 0.913812 -2.97113e-05
    outer loop
      vertex -60.5 -19.2395 0
      vertex 8.25074 11.3164 6.29732
      vertex 8.51425 11.4335 5.84119
    endloop
  endfacet
  facet normal -0.406143 0.913809 6.90014e-05
    outer loop
      vertex -60.5 -19.2395 0
      vertex 8.51425 11.4335 5.84119
      vertex 8.90432 11.6069 5.40333
    endloop
  endfacet
  facet normal -0.406143 0.91381 5.78222e-05
    outer loop
      vertex -60.5 -19.2395 0
      vertex 8.90432 11.6069 5.40333
      vertex 9.41478 11.8338 4.99065
    endloop
  endfacet
  facet normal -0.406138 0.913812 -2.03253e-05
    outer loop
      vertex -60.5 -19.2395 0
      vertex 9.41478 11.8338 4.99065
      vertex 10.0376 12.1106 4.60966
    endloop
  endfacet
  facet normal -0.406132 0.913814 -0.00013128
    outer loop
      vertex -60.5 -19.2395 0
      vertex 10.0376 12.1106 4.60966
      vertex 10.7629 12.4329 4.26637
    endloop
  endfacet
  facet normal -0.40614 0.913811 2.90878e-05
    outer loop
      vertex -60.5 -19.2395 0
      vertex 10.7629 12.4329 4.26637
      vertex 11.5794 12.7958 3.96619
    endloop
  endfacet
  facet normal -0.406139 0.913812 -4.17878e-07
    outer loop
      vertex -60.5 -19.2395 0
      vertex 11.5794 12.7958 3.96619
      vertex 12.474 13.1934 3.71385
    endloop
  endfacet
  facet normal -0.40614 0.913811 4.01926e-05
    outer loop
      vertex -60.5 -19.2395 0
      vertex 12.474 13.1934 3.71385
      vertex 13.4327 13.6195 3.51334
    endloop
  endfacet
  facet normal -0.406137 0.913812 -5.39252e-05
    outer loop
      vertex -60.5 -19.2395 0
      vertex 13.4327 13.6195 3.51334
      vertex 14.4405 14.0674 3.36781
    endloop
  endfacet
  facet normal -0.406138 0.913812 1.10924e-05
    outer loop
      vertex 34.561 23.0099 0
      vertex 15.4813 14.53 3.27957
      vertex 16.5388 15 3.25
    endloop
  endfacet
  facet normal -0.406169 0.913798 -0.000205657
    outer loop
      vertex 34.561 23.0099 0
      vertex 14.4405 14.0674 3.36781
      vertex 15.4813 14.53 3.27957
    endloop
  endfacet
  facet normal -0.406139 0.913811 1.12456e-05
    outer loop
      vertex -60.5 -19.2395 0
      vertex 14.4405 14.0674 3.36781
      vertex 34.561 23.0099 0
    endloop
  endfacet
  facet normal -0.406139 0.913811 0
    outer loop
      vertex 8.11794 11.2574 6.76454
      vertex -60.5 -19.2395 0
      vertex -60.5 -19.2395 14
    endloop
  endfacet
  facet normal 0.475559 0.872753 0.11021
    outer loop
      vertex -60.5 -33.7426 6.76454
      vertex -60.5 -33.6836 6.29732
      vertex -63.5 -32.1208 6.86657
    endloop
  endfacet
  facet normal 0.475556 -0.0552361 0.87795
    outer loop
      vertex -60.5 -30 3.25
      vertex -60.5 -29.53 3.27957
      vertex -63.5 -30 4.875
    endloop
  endfacet
  facet normal 0.475558 -0.055255 0.877947
    outer loop
      vertex -60.5 -29.53 3.27957
      vertex -63.5 -29.7337 4.89176
      vertex -63.5 -30 4.875
    endloop
  endfacet
  facet normal 0.475558 0.055255 0.877947
    outer loop
      vertex -60.5 -30.47 3.27957
      vertex -63.5 -30 4.875
      vertex -63.5 -30.2663 4.89176
    endloop
  endfacet
  facet normal 0.475553 0.164782 -0.864116
    outer loop
      vertex -63.5 -30.2663 9.10824
      vertex -60.5 -30.47 10.7204
      vertex -63.5 -30.5285 9.05824
    endloop
  endfacet
  facet normal 0.475553 -0.852056 -0.218744
    outer loop
      vertex -60.5 -26.3164 7.70268
      vertex -60.5 -26.4335 8.15881
      vertex -63.5 -27.9126 7.39818
    endloop
  endfacet
  facet normal 0.475555 0.164826 0.864106
    outer loop
      vertex -60.5 -30.9326 3.36781
      vertex -60.5 -30.47 3.27957
      vertex -63.5 -30.5285 4.94176
    endloop
  endfacet
  facet normal 0.475552 0.560597 0.677924
    outer loop
      vertex -60.5 -32.5671 4.26637
      vertex -63.5 -31.249 5.28084
      vertex -63.5 -31.4547 5.45094
    endloop
  endfacet
  facet normal 0.475546 0.770858 0.423833
    outer loop
      vertex -60.5 -33.3931 5.40333
      vertex -60.5 -33.1662 4.99065
      vertex -63.5 -31.9228 6.09522
    endloop
  endfacet
  facet normal 0.475548 0.81789 0.323898
    outer loop
      vertex -60.5 -33.5665 5.84119
      vertex -60.5 -33.3931 5.40333
      vertex -63.5 -31.9228 6.09522
    endloop
  endfacet
  facet normal 0.475558 0.711684 0.517059
    outer loop
      vertex -60.5 -33.1662 4.99065
      vertex -60.5 -32.8894 4.60966
      vertex -63.5 -31.6373 5.64547
    endloop
  endfacet
  facet normal 0.475555 0.64133 0.602116
    outer loop
      vertex -60.5 -32.8894 4.60966
      vertex -60.5 -32.5671 4.26637
      vertex -63.5 -31.4547 5.45094
    endloop
  endfacet
  facet normal 0.475558 0.711684 -0.517059
    outer loop
      vertex -60.5 -32.8894 9.39034
      vertex -60.5 -33.1662 9.00935
      vertex -63.5 -31.6373 8.35453
    endloop
  endfacet
  facet normal 0.475558 -0.711684 0.517059
    outer loop
      vertex -60.5 -27.1106 4.60966
      vertex -60.5 -26.8338 4.99065
      vertex -63.5 -28.3627 5.64547
    endloop
  endfacet
  facet normal 0.475558 -0.711684 -0.517059
    outer loop
      vertex -60.5 -26.8338 9.00935
      vertex -60.5 -27.1106 9.39034
      vertex -63.5 -28.3627 8.35453
    endloop
  endfacet
  facet normal 0.475555 0.271835 0.836632
    outer loop
      vertex -60.5 -31.3805 3.51334
      vertex -60.5 -30.9326 3.36781
      vertex -63.5 -30.5285 4.94176
    endloop
  endfacet
  facet normal 0.475556 0.0552361 0.87795
    outer loop
      vertex -60.5 -30.47 3.27957
      vertex -60.5 -30 3.25
      vertex -63.5 -30 4.875
    endloop
  endfacet
  facet normal 0.475557 0.271854 0.836625
    outer loop
      vertex -60.5 -31.3805 3.51334
      vertex -63.5 -30.5285 4.94176
      vertex -63.5 -30.7823 5.02423
    endloop
  endfacet
  facet normal 0.475556 0.374556 0.795961
    outer loop
      vertex -60.5 -31.8066 3.71385
      vertex -60.5 -31.3805 3.51334
      vertex -63.5 -30.7823 5.02423
    endloop
  endfacet
  facet normal 0.475566 0.817948 0.323725
    outer loop
      vertex -60.5 -33.5665 5.84119
      vertex -63.5 -31.9228 6.09522
      vertex -63.5 -32.021 6.34334
    endloop
  endfacet
  facet normal 0.475566 0.852017 0.218871
    outer loop
      vertex -60.5 -33.5665 5.84119
      vertex -63.5 -32.021 6.34334
      vertex -63.5 -32.0874 6.60182
    endloop
  endfacet
  facet normal 0.475563 0.641385 0.602051
    outer loop
      vertex -60.5 -32.8894 4.60966
      vertex -63.5 -31.4547 5.45094
      vertex -63.5 -31.6373 5.64547
    endloop
  endfacet
  facet normal 0.475548 0.81789 -0.323898
    outer loop
      vertex -60.5 -33.3931 8.59667
      vertex -60.5 -33.5665 8.15881
      vertex -63.5 -31.9228 7.90478
    endloop
  endfacet
  facet normal 0.475553 -0.77082 -0.423893
    outer loop
      vertex -63.5 -28.0772 7.90478
      vertex -60.5 -26.8338 9.00935
      vertex -63.5 -28.2058 8.13863
    endloop
  endfacet
  facet normal 0.47556 0.164781 0.864112
    outer loop
      vertex -60.5 -30.47 3.27957
      vertex -63.5 -30.2663 4.89176
      vertex -63.5 -30.5285 4.94176
    endloop
  endfacet
  facet normal 0.475563 0.37462 0.795927
    outer loop
      vertex -60.5 -31.8066 3.71385
      vertex -63.5 -30.7823 5.02423
      vertex -63.5 -31.0237 5.13785
    endloop
  endfacet
  facet normal 0.475562 0.471382 0.742725
    outer loop
      vertex -60.5 -31.8066 3.71385
      vertex -63.5 -31.0237 5.13785
      vertex -63.5 -31.249 5.28084
    endloop
  endfacet
  facet normal 0.475553 0.852056 0.218744
    outer loop
      vertex -60.5 -33.6836 6.29732
      vertex -60.5 -33.5665 5.84119
      vertex -63.5 -32.0874 6.60182
    endloop
  endfacet
  facet normal 0.475548 0.872772 0.110106
    outer loop
      vertex -60.5 -33.6836 6.29732
      vertex -63.5 -32.0874 6.60182
      vertex -63.5 -32.1208 6.86657
    endloop
  endfacet
  facet normal 0.475559 0.271784 -0.836647
    outer loop
      vertex -60.5 -30.9326 10.6322
      vertex -60.5 -31.3805 10.4867
      vertex -63.5 -30.5285 9.05824
    endloop
  endfacet
  facet normal 0.475556 0.164754 -0.86412
    outer loop
      vertex -60.5 -30.47 10.7204
      vertex -60.5 -30.9326 10.6322
      vertex -63.5 -30.5285 9.05824
    endloop
  endfacet
  facet normal 0.475553 0.852056 -0.218744
    outer loop
      vertex -60.5 -33.5665 8.15881
      vertex -60.5 -33.6836 7.70268
      vertex -63.5 -32.0874 7.39818
    endloop
  endfacet
  facet normal 0.475547 0.711622 -0.517154
    outer loop
      vertex -63.5 -31.6373 8.35453
      vertex -60.5 -33.1662 9.00935
      vertex -63.5 -31.7942 8.13863
    endloop
  endfacet
  facet normal 0.475559 0.471325 -0.742763
    outer loop
      vertex -60.5 -31.8066 10.2861
      vertex -60.5 -32.2042 10.0338
      vertex -63.5 -31.249 8.71916
    endloop
  endfacet
  facet normal 0.475563 0.560678 -0.67785
    outer loop
      vertex -60.5 -32.2042 10.0338
      vertex -60.5 -32.5671 9.73363
      vertex -63.5 -31.249 8.71916
    endloop
  endfacet
  facet normal 0.475566 -0.817948 0.323725
    outer loop
      vertex -60.5 -26.4335 5.84119
      vertex -63.5 -27.979 6.34334
      vertex -63.5 -28.0772 6.09522
    endloop
  endfacet
  facet normal 0.475553 -0.852056 0.218744
    outer loop
      vertex -60.5 -26.4335 5.84119
      vertex -60.5 -26.3164 6.29732
      vertex -63.5 -27.9126 6.60182
    endloop
  endfacet
  facet normal 0.475559 -0.271784 -0.836647
    outer loop
      vertex -60.5 -28.6195 10.4867
      vertex -60.5 -29.0674 10.6322
      vertex -63.5 -29.4715 9.05824
    endloop
  endfacet
  facet normal 0.475556 -0.164754 -0.86412
    outer loop
      vertex -60.5 -29.0674 10.6322
      vertex -60.5 -29.53 10.7204
      vertex -63.5 -29.4715 9.05824
    endloop
  endfacet
  facet normal 0.475552 -0.471384 -0.742729
    outer loop
      vertex -63.5 -28.751 8.71916
      vertex -60.5 -28.1934 10.2861
      vertex -63.5 -28.9763 8.86215
    endloop
  endfacet
  facet normal 0.475559 -0.471325 -0.742763
    outer loop
      vertex -60.5 -27.7958 10.0338
      vertex -60.5 -28.1934 10.2861
      vertex -63.5 -28.751 8.71916
    endloop
  endfacet
  facet normal 0.475562 0.471378 0.742727
    outer loop
      vertex -60.5 -32.2042 3.96619
      vertex -60.5 -31.8066 3.71385
      vertex -63.5 -31.249 5.28084
    endloop
  endfacet
  facet normal 0.475564 0.560689 0.67784
    outer loop
      vertex -60.5 -32.5671 4.26637
      vertex -60.5 -32.2042 3.96619
      vertex -63.5 -31.249 5.28084
    endloop
  endfacet
  facet normal 0.475547 0.711622 0.517154
    outer loop
      vertex -60.5 -33.1662 4.99065
      vertex -63.5 -31.6373 5.64547
      vertex -63.5 -31.7942 5.86137
    endloop
  endfacet
  facet normal 0.475553 0.77082 0.423893
    outer loop
      vertex -60.5 -33.1662 4.99065
      vertex -63.5 -31.7942 5.86137
      vertex -63.5 -31.9228 6.09522
    endloop
  endfacet
  facet normal 0.475553 0.374622 -0.795932
    outer loop
      vertex -63.5 -30.7823 8.97577
      vertex -60.5 -31.8066 10.2861
      vertex -63.5 -31.0237 8.86215
    endloop
  endfacet
  facet normal 0.475566 0.817948 -0.323725
    outer loop
      vertex -63.5 -31.9228 7.90478
      vertex -60.5 -33.5665 8.15881
      vertex -63.5 -32.021 7.65666
    endloop
  endfacet
  facet normal 0.475546 0.770858 -0.423833
    outer loop
      vertex -60.5 -33.1662 9.00935
      vertex -60.5 -33.3931 8.59667
      vertex -63.5 -31.9228 7.90478
    endloop
  endfacet
  facet normal 0.475553 0.77082 -0.423893
    outer loop
      vertex -63.5 -31.7942 8.13863
      vertex -60.5 -33.1662 9.00935
      vertex -63.5 -31.9228 7.90478
    endloop
  endfacet
  facet normal 0.475563 0.641385 -0.602051
    outer loop
      vertex -63.5 -31.4547 8.54906
      vertex -60.5 -32.8894 9.39034
      vertex -63.5 -31.6373 8.35453
    endloop
  endfacet
  facet normal 0.475562 -0.471378 0.742727
    outer loop
      vertex -60.5 -28.1934 3.71385
      vertex -60.5 -27.7958 3.96619
      vertex -63.5 -28.751 5.28084
    endloop
  endfacet
  facet normal 0.475562 -0.471382 0.742725
    outer loop
      vertex -60.5 -28.1934 3.71385
      vertex -63.5 -28.751 5.28084
      vertex -63.5 -28.9763 5.13785
    endloop
  endfacet
  facet normal 0.475548 -0.81789 0.323898
    outer loop
      vertex -60.5 -26.6069 5.40333
      vertex -60.5 -26.4335 5.84119
      vertex -63.5 -28.0772 6.09522
    endloop
  endfacet
  facet normal 0.475559 -0.872753 0.11021
    outer loop
      vertex -60.5 -26.3164 6.29732
      vertex -60.5 -26.2574 6.76454
      vertex -63.5 -27.8792 6.86657
    endloop
  endfacet
  facet normal 0.475546 -0.770858 0.423833
    outer loop
      vertex -60.5 -26.8338 4.99065
      vertex -60.5 -26.6069 5.40333
      vertex -63.5 -28.0772 6.09522
    endloop
  endfacet
  facet normal 0.475555 0.055292 -0.877947
    outer loop
      vertex -60.5 -30 10.75
      vertex -60.5 -30.47 10.7204
      vertex -63.5 -30 9.125
    endloop
  endfacet
  facet normal 0.475555 -0.055292 -0.877947
    outer loop
      vertex -60.5 -29.53 10.7204
      vertex -60.5 -30 10.75
      vertex -63.5 -30 9.125
    endloop
  endfacet
  facet normal 0.475566 -0.271852 -0.83662
    outer loop
      vertex -63.5 -29.2177 8.97577
      vertex -60.5 -28.6195 10.4867
      vertex -63.5 -29.4715 9.05824
    endloop
  endfacet
  facet normal 0.475552 -0.560597 -0.677924
    outer loop
      vertex -63.5 -28.5453 8.54906
      vertex -60.5 -27.4329 9.73363
      vertex -63.5 -28.751 8.71916
    endloop
  endfacet
  facet normal 0.475563 -0.560678 -0.67785
    outer loop
      vertex -60.5 -27.4329 9.73363
      vertex -60.5 -27.7958 10.0338
      vertex -63.5 -28.751 8.71916
    endloop
  endfacet
  facet normal 0.475547 -0.711622 -0.517154
    outer loop
      vertex -63.5 -28.2058 8.13863
      vertex -60.5 -26.8338 9.00935
      vertex -63.5 -28.3627 8.35453
    endloop
  endfacet
  facet normal 0.475548 -0.81789 -0.323898
    outer loop
      vertex -60.5 -26.4335 8.15881
      vertex -60.5 -26.6069 8.59667
      vertex -63.5 -28.0772 7.90478
    endloop
  endfacet
  facet normal 0.475546 -0.770858 -0.423833
    outer loop
      vertex -60.5 -26.6069 8.59667
      vertex -60.5 -26.8338 9.00935
      vertex -63.5 -28.0772 7.90478
    endloop
  endfacet
  facet normal 0.475566 -0.817948 -0.323725
    outer loop
      vertex -63.5 -27.979 7.65666
      vertex -60.5 -26.4335 8.15881
      vertex -63.5 -28.0772 7.90478
    endloop
  endfacet
  facet normal 0.475566 -0.852017 -0.218871
    outer loop
      vertex -63.5 -27.9126 7.39818
      vertex -60.5 -26.4335 8.15881
      vertex -63.5 -27.979 7.65666
    endloop
  endfacet
  facet normal 0.475566 0.271852 -0.83662
    outer loop
      vertex -63.5 -30.5285 9.05824
      vertex -60.5 -31.3805 10.4867
      vertex -63.5 -30.7823 8.97577
    endloop
  endfacet
  facet normal 0.475561 0.374692 -0.795894
    outer loop
      vertex -60.5 -31.3805 10.4867
      vertex -60.5 -31.8066 10.2861
      vertex -63.5 -30.7823 8.97577
    endloop
  endfacet
  facet normal 0.475552 0.471384 -0.742729
    outer loop
      vertex -63.5 -31.0237 8.86215
      vertex -60.5 -31.8066 10.2861
      vertex -63.5 -31.249 8.71916
    endloop
  endfacet
  facet normal 0.475566 0.852017 -0.218871
    outer loop
      vertex -63.5 -32.021 7.65666
      vertex -60.5 -33.5665 8.15881
      vertex -63.5 -32.0874 7.39818
    endloop
  endfacet
  facet normal 0.475559 0.872753 -0.11021
    outer loop
      vertex -60.5 -33.6836 7.70268
      vertex -60.5 -33.7426 7.23546
      vertex -63.5 -32.1208 7.13343
    endloop
  endfacet
  facet normal 0.475558 0.879685 0
    outer loop
      vertex -60.5 -33.7426 7.23546
      vertex -63.5 -32.1208 6.86657
      vertex -63.5 -32.1208 7.13343
    endloop
  endfacet
  facet normal 0.475558 0.879685 0
    outer loop
      vertex -63.5 -32.1208 6.86657
      vertex -60.5 -33.7426 7.23546
      vertex -60.5 -33.7426 6.76454
    endloop
  endfacet
  facet normal 0.475552 0.560597 -0.677924
    outer loop
      vertex -63.5 -31.249 8.71916
      vertex -60.5 -32.5671 9.73363
      vertex -63.5 -31.4547 8.54906
    endloop
  endfacet
  facet normal 0.475555 0.64133 -0.602116
    outer loop
      vertex -60.5 -32.5671 9.73363
      vertex -60.5 -32.8894 9.39034
      vertex -63.5 -31.4547 8.54906
    endloop
  endfacet
  facet normal 0.475563 -0.37462 0.795927
    outer loop
      vertex -60.5 -28.1934 3.71385
      vertex -63.5 -28.9763 5.13785
      vertex -63.5 -29.2177 5.02423
    endloop
  endfacet
  facet normal 0.475564 -0.560689 0.67784
    outer loop
      vertex -60.5 -27.7958 3.96619
      vertex -60.5 -27.4329 4.26637
      vertex -63.5 -28.751 5.28084
    endloop
  endfacet
  facet normal 0.475548 -0.872772 0.110106
    outer loop
      vertex -60.5 -26.3164 6.29732
      vertex -63.5 -27.8792 6.86657
      vertex -63.5 -27.9126 6.60182
    endloop
  endfacet
  facet normal 0.475566 -0.852017 0.218871
    outer loop
      vertex -60.5 -26.4335 5.84119
      vertex -63.5 -27.9126 6.60182
      vertex -63.5 -27.979 6.34334
    endloop
  endfacet
  facet normal 0.475553 -0.77082 0.423893
    outer loop
      vertex -60.5 -26.8338 4.99065
      vertex -63.5 -28.0772 6.09522
      vertex -63.5 -28.2058 5.86137
    endloop
  endfacet
  facet normal 0.475547 -0.711622 0.517154
    outer loop
      vertex -60.5 -26.8338 4.99065
      vertex -63.5 -28.2058 5.86137
      vertex -63.5 -28.3627 5.64547
    endloop
  endfacet
  facet normal 0.475551 0.0552552 -0.877951
    outer loop
      vertex -63.5 -30 9.125
      vertex -60.5 -30.47 10.7204
      vertex -63.5 -30.2663 9.10824
    endloop
  endfacet
  facet normal 0.475561 -0.374692 -0.795894
    outer loop
      vertex -60.5 -28.1934 10.2861
      vertex -60.5 -28.6195 10.4867
      vertex -63.5 -29.2177 8.97577
    endloop
  endfacet
  facet normal 0.475553 -0.374622 -0.795932
    outer loop
      vertex -63.5 -28.9763 8.86215
      vertex -60.5 -28.1934 10.2861
      vertex -63.5 -29.2177 8.97577
    endloop
  endfacet
  facet normal 0.475555 -0.64133 -0.602116
    outer loop
      vertex -60.5 -27.1106 9.39034
      vertex -60.5 -27.4329 9.73363
      vertex -63.5 -28.5453 8.54906
    endloop
  endfacet
  facet normal 0.475563 -0.641385 -0.602051
    outer loop
      vertex -63.5 -28.3627 8.35453
      vertex -60.5 -27.1106 9.39034
      vertex -63.5 -28.5453 8.54906
    endloop
  endfacet
  facet normal 0.475548 0.872772 -0.110106
    outer loop
      vertex -63.5 -32.0874 7.39818
      vertex -60.5 -33.6836 7.70268
      vertex -63.5 -32.1208 7.13343
    endloop
  endfacet
  facet normal 0.475555 -0.164826 0.864106
    outer loop
      vertex -60.5 -29.53 3.27957
      vertex -60.5 -29.0674 3.36781
      vertex -63.5 -29.4715 4.94176
    endloop
  endfacet
  facet normal 0.47556 -0.164781 0.864112
    outer loop
      vertex -60.5 -29.53 3.27957
      vertex -63.5 -29.4715 4.94176
      vertex -63.5 -29.7337 4.89176
    endloop
  endfacet
  facet normal 0.475555 -0.64133 0.602116
    outer loop
      vertex -60.5 -27.4329 4.26637
      vertex -60.5 -27.1106 4.60966
      vertex -63.5 -28.5453 5.45094
    endloop
  endfacet
  facet normal 0.475552 -0.560597 0.677924
    outer loop
      vertex -60.5 -27.4329 4.26637
      vertex -63.5 -28.5453 5.45094
      vertex -63.5 -28.751 5.28084
    endloop
  endfacet
  facet normal 0.475559 -0.872753 -0.11021
    outer loop
      vertex -60.5 -26.2574 7.23546
      vertex -60.5 -26.3164 7.70268
      vertex -63.5 -27.8792 7.13343
    endloop
  endfacet
  facet normal 0.475558 -0.879685 0
    outer loop
      vertex -63.5 -27.8792 6.86657
      vertex -60.5 -26.2574 7.23546
      vertex -63.5 -27.8792 7.13343
    endloop
  endfacet
  facet normal 0.475558 -0.879685 0
    outer loop
      vertex -60.5 -26.2574 7.23546
      vertex -63.5 -27.8792 6.86657
      vertex -60.5 -26.2574 6.76454
    endloop
  endfacet
  facet normal 0.475551 -0.0552552 -0.877951
    outer loop
      vertex -63.5 -29.7337 9.10824
      vertex -60.5 -29.53 10.7204
      vertex -63.5 -30 9.125
    endloop
  endfacet
  facet normal 0.475553 -0.164782 -0.864116
    outer loop
      vertex -63.5 -29.4715 9.05824
      vertex -60.5 -29.53 10.7204
      vertex -63.5 -29.7337 9.10824
    endloop
  endfacet
  facet normal 0.475555 -0.271835 0.836632
    outer loop
      vertex -60.5 -29.0674 3.36781
      vertex -60.5 -28.6195 3.51334
      vertex -63.5 -29.4715 4.94176
    endloop
  endfacet
  facet normal 0.475563 -0.641385 0.602051
    outer loop
      vertex -60.5 -27.1106 4.60966
      vertex -63.5 -28.3627 5.64547
      vertex -63.5 -28.5453 5.45094
    endloop
  endfacet
  facet normal 0.475548 -0.872772 -0.110106
    outer loop
      vertex -63.5 -27.8792 7.13343
      vertex -60.5 -26.3164 7.70268
      vertex -63.5 -27.9126 7.39818
    endloop
  endfacet
  facet normal 0.475556 -0.374556 0.795961
    outer loop
      vertex -60.5 -28.6195 3.51334
      vertex -60.5 -28.1934 3.71385
      vertex -63.5 -29.2177 5.02423
    endloop
  endfacet
  facet normal 0.475557 -0.271854 0.836625
    outer loop
      vertex -60.5 -28.6195 3.51334
      vertex -63.5 -29.2177 5.02423
      vertex -63.5 -29.4715 4.94176
    endloop
  endfacet
  facet normal 0 -0.0627907 0.998027
    outer loop
      vertex -60.5 -29.53 3.27957
      vertex -50.2888 -30 3.25
      vertex -49.2313 -29.53 3.27957
    endloop
  endfacet
  facet normal 0 -0.0627907 0.998027
    outer loop
      vertex -50.2888 -30 3.25
      vertex -60.5 -29.53 3.27957
      vertex -60.5 -30 3.25
    endloop
  endfacet
  facet normal 0 -0.0628542 -0.998023
    outer loop
      vertex -60.5 -29.53 10.7204
      vertex -50.2888 -30 10.75
      vertex -60.5 -30 10.75
    endloop
  endfacet
  facet normal 0 -0.0628542 -0.998023
    outer loop
      vertex -50.2888 -30 10.75
      vertex -60.5 -29.53 10.7204
      vertex -49.2313 -29.53 10.7204
    endloop
  endfacet
  facet normal 0 -1 0
    outer loop
      vertex -60.5 -26.2574 6.76454
      vertex -41.8679 -26.2574 7.23546
      vertex -60.5 -26.2574 7.23546
    endloop
  endfacet
  facet normal 0 -1 -0
    outer loop
      vertex -41.8679 -26.2574 7.23546
      vertex -60.5 -26.2574 6.76454
      vertex -41.8679 -26.2574 6.76454
    endloop
  endfacet
  facet normal 0 1 -0
    outer loop
      vertex -58.7096 -33.7426 6.76454
      vertex -60.5 -33.7426 7.23546
      vertex -58.7096 -33.7426 7.23546
    endloop
  endfacet
  facet normal 0 1 0
    outer loop
      vertex -60.5 -33.7426 7.23546
      vertex -58.7096 -33.7426 6.76454
      vertex -60.5 -33.7426 6.76454
    endloop
  endfacet
  facet normal 0 -0.729044 0.684467
    outer loop
      vertex -44.5129 -27.4329 4.26637
      vertex -60.5 -27.1106 4.60966
      vertex -60.5 -27.4329 4.26637
    endloop
  endfacet
  facet normal 0 -0.729044 0.684467
    outer loop
      vertex -60.5 -27.1106 4.60966
      vertex -44.5129 -27.4329 4.26637
      vertex -43.7876 -27.1106 4.60966
    endloop
  endfacet
  facet normal 0 -0.729044 -0.684467
    outer loop
      vertex -60.5 -27.1106 9.39034
      vertex -44.5129 -27.4329 9.73363
      vertex -60.5 -27.4329 9.73363
    endloop
  endfacet
  facet normal 0 -0.729044 -0.684467
    outer loop
      vertex -44.5129 -27.4329 9.73363
      vertex -60.5 -27.1106 9.39034
      vertex -43.7876 -27.1106 9.39034
    endloop
  endfacet
  facet normal 0 -0.929748 -0.368196
    outer loop
      vertex -60.5 -26.4335 8.15881
      vertex -42.6543 -26.6069 8.59667
      vertex -60.5 -26.6069 8.59667
    endloop
  endfacet
  facet normal 0 -0.929748 -0.368196
    outer loop
      vertex -42.6543 -26.6069 8.59667
      vertex -60.5 -26.4335 8.15881
      vertex -42.2643 -26.4335 8.15881
    endloop
  endfacet
  facet normal 0 -0.425784 0.904825
    outer loop
      vertex -60.5 -28.1934 3.71385
      vertex -47.1827 -28.6195 3.51334
      vertex -46.224 -28.1934 3.71385
    endloop
  endfacet
  facet normal 0 -0.425784 0.904825
    outer loop
      vertex -47.1827 -28.6195 3.51334
      vertex -60.5 -28.1934 3.71385
      vertex -60.5 -28.6195 3.51334
    endloop
  endfacet
  facet normal 0 -0.18737 0.982289
    outer loop
      vertex -60.5 -29.0674 3.36781
      vertex -49.2313 -29.53 3.27957
      vertex -48.1905 -29.0674 3.36781
    endloop
  endfacet
  facet normal 0 -0.18737 0.982289
    outer loop
      vertex -49.2313 -29.53 3.27957
      vertex -60.5 -29.0674 3.36781
      vertex -60.5 -29.53 3.27957
    endloop
  endfacet
  facet normal 0 -0.53585 0.844313
    outer loop
      vertex -60.5 -27.7958 3.96619
      vertex -46.224 -28.1934 3.71385
      vertex -45.3294 -27.7958 3.96619
    endloop
  endfacet
  facet normal 0 -0.53585 0.844313
    outer loop
      vertex -46.224 -28.1934 3.71385
      vertex -60.5 -27.7958 3.96619
      vertex -60.5 -28.1934 3.71385
    endloop
  endfacet
  facet normal 0 -0.929748 0.368196
    outer loop
      vertex -42.6543 -26.6069 5.40333
      vertex -60.5 -26.4335 5.84119
      vertex -60.5 -26.6069 5.40333
    endloop
  endfacet
  facet normal 0 -0.929748 0.368196
    outer loop
      vertex -60.5 -26.4335 5.84119
      vertex -42.6543 -26.6069 5.40333
      vertex -42.2643 -26.4335 5.84119
    endloop
  endfacet
  facet normal 0 -0.96859 0.248661
    outer loop
      vertex -42.2643 -26.4335 5.84119
      vertex -60.5 -26.3164 6.29732
      vertex -60.5 -26.4335 5.84119
    endloop
  endfacet
  facet normal 0 -0.96859 0.248661
    outer loop
      vertex -60.5 -26.3164 6.29732
      vertex -42.2643 -26.4335 5.84119
      vertex -42.0007 -26.3164 6.29732
    endloop
  endfacet
  facet normal 0 -0.876282 0.481798
    outer loop
      vertex -43.1648 -26.8338 4.99065
      vertex -60.5 -26.6069 5.40333
      vertex -60.5 -26.8338 4.99065
    endloop
  endfacet
  facet normal 0 -0.876282 0.481798
    outer loop
      vertex -60.5 -26.6069 5.40333
      vertex -43.1648 -26.8338 4.99065
      vertex -42.6543 -26.6069 5.40333
    endloop
  endfacet
  facet normal 0 -0.42594 -0.904751
    outer loop
      vertex -60.5 -28.1934 10.2861
      vertex -47.1827 -28.6195 10.4867
      vertex -60.5 -28.6195 10.4867
    endloop
  endfacet
  facet normal 0 -0.42594 -0.904751
    outer loop
      vertex -47.1827 -28.6195 10.4867
      vertex -60.5 -28.1934 10.2861
      vertex -46.224 -28.1934 10.2861
    endloop
  endfacet
  facet normal 0 -0.53579 -0.844352
    outer loop
      vertex -60.5 -27.7958 10.0338
      vertex -46.224 -28.1934 10.2861
      vertex -60.5 -28.1934 10.2861
    endloop
  endfacet
  facet normal 0 -0.53579 -0.844352
    outer loop
      vertex -46.224 -28.1934 10.2861
      vertex -60.5 -27.7958 10.0338
      vertex -45.3294 -27.7958 10.0338
    endloop
  endfacet
  facet normal 0 -0.308956 -0.951076
    outer loop
      vertex -60.5 -28.6195 10.4867
      vertex -48.1905 -29.0674 10.6322
      vertex -60.5 -29.0674 10.6322
    endloop
  endfacet
  facet normal 0 -0.308956 -0.951076
    outer loop
      vertex -48.1905 -29.0674 10.6322
      vertex -60.5 -28.6195 10.4867
      vertex -47.1827 -28.6195 10.4867
    endloop
  endfacet
  facet normal 0 -0.809022 -0.587778
    outer loop
      vertex -60.5 -26.8338 9.00935
      vertex -43.7876 -27.1106 9.39034
      vertex -60.5 -27.1106 9.39034
    endloop
  endfacet
  facet normal 0 -0.809022 -0.587778
    outer loop
      vertex -43.7876 -27.1106 9.39034
      vertex -60.5 -26.8338 9.00935
      vertex -43.1648 -26.8338 9.00935
    endloop
  endfacet
  facet normal 0 -0.96859 -0.248661
    outer loop
      vertex -60.5 -26.3164 7.70268
      vertex -42.2643 -26.4335 8.15881
      vertex -60.5 -26.4335 8.15881
    endloop
  endfacet
  facet normal 0 -0.96859 -0.248661
    outer loop
      vertex -42.2643 -26.4335 8.15881
      vertex -60.5 -26.3164 7.70268
      vertex -42.0007 -26.3164 7.70268
    endloop
  endfacet
  facet normal -0 0.929748 0.368196
    outer loop
      vertex -60.5 -33.3931 5.40333
      vertex -58.3133 -33.5665 5.84119
      vertex -57.9233 -33.3931 5.40333
    endloop
  endfacet
  facet normal 0 0.929748 0.368196
    outer loop
      vertex -58.3133 -33.5665 5.84119
      vertex -60.5 -33.3931 5.40333
      vertex -60.5 -33.5665 5.84119
    endloop
  endfacet
  facet normal 0 -0.309014 0.951057
    outer loop
      vertex -60.5 -28.6195 3.51334
      vertex -48.1905 -29.0674 3.36781
      vertex -47.1827 -28.6195 3.51334
    endloop
  endfacet
  facet normal 0 -0.309014 0.951057
    outer loop
      vertex -48.1905 -29.0674 3.36781
      vertex -60.5 -28.6195 3.51334
      vertex -60.5 -29.0674 3.36781
    endloop
  endfacet
  facet normal 0 -0.637377 0.770552
    outer loop
      vertex -60.5 -27.4329 4.26637
      vertex -45.3294 -27.7958 3.96619
      vertex -44.5129 -27.4329 4.26637
    endloop
  endfacet
  facet normal 0 -0.637377 0.770552
    outer loop
      vertex -45.3294 -27.7958 3.96619
      vertex -60.5 -27.4329 4.26637
      vertex -60.5 -27.7958 3.96619
    endloop
  endfacet
  facet normal 0 -0.992121 0.125284
    outer loop
      vertex -42.0007 -26.3164 6.29732
      vertex -60.5 -26.2574 6.76454
      vertex -60.5 -26.3164 6.29732
    endloop
  endfacet
  facet normal 0 -0.992121 0.125284
    outer loop
      vertex -60.5 -26.2574 6.76454
      vertex -42.0007 -26.3164 6.29732
      vertex -41.8679 -26.2574 6.76454
    endloop
  endfacet
  facet normal 0 -0.809022 0.587778
    outer loop
      vertex -43.7876 -27.1106 4.60966
      vertex -60.5 -26.8338 4.99065
      vertex -60.5 -27.1106 4.60966
    endloop
  endfacet
  facet normal 0 -0.809022 0.587778
    outer loop
      vertex -60.5 -26.8338 4.99065
      vertex -43.7876 -27.1106 4.60966
      vertex -43.1648 -26.8338 4.99065
    endloop
  endfacet
  facet normal 0 -0.187288 -0.982305
    outer loop
      vertex -60.5 -29.0674 10.6322
      vertex -49.2313 -29.53 10.7204
      vertex -60.5 -29.53 10.7204
    endloop
  endfacet
  facet normal 0 -0.187288 -0.982305
    outer loop
      vertex -49.2313 -29.53 10.7204
      vertex -60.5 -29.0674 10.6322
      vertex -48.1905 -29.0674 10.6322
    endloop
  endfacet
  facet normal 0 -0.876282 -0.481798
    outer loop
      vertex -60.5 -26.6069 8.59667
      vertex -43.1648 -26.8338 9.00935
      vertex -60.5 -26.8338 9.00935
    endloop
  endfacet
  facet normal 0 -0.876282 -0.481798
    outer loop
      vertex -43.1648 -26.8338 9.00935
      vertex -60.5 -26.6069 8.59667
      vertex -42.6543 -26.6069 8.59667
    endloop
  endfacet
  facet normal 0 -0.992121 -0.125284
    outer loop
      vertex -60.5 -26.2574 7.23546
      vertex -42.0007 -26.3164 7.70268
      vertex -60.5 -26.3164 7.70268
    endloop
  endfacet
  facet normal 0 -0.992121 -0.125284
    outer loop
      vertex -42.0007 -26.3164 7.70268
      vertex -60.5 -26.2574 7.23546
      vertex -41.8679 -26.2574 7.23546
    endloop
  endfacet
  facet normal -0 0.53585 0.844313
    outer loop
      vertex -60.5 -31.8066 3.71385
      vertex -55.2482 -32.2042 3.96619
      vertex -54.3536 -31.8066 3.71385
    endloop
  endfacet
  facet normal 0 0.53585 0.844313
    outer loop
      vertex -55.2482 -32.2042 3.96619
      vertex -60.5 -31.8066 3.71385
      vertex -60.5 -32.2042 3.96619
    endloop
  endfacet
  facet normal -0 0.18737 0.982289
    outer loop
      vertex -60.5 -30.47 3.27957
      vertex -52.3871 -30.9326 3.36781
      vertex -51.3463 -30.47 3.27957
    endloop
  endfacet
  facet normal 0 0.18737 0.982289
    outer loop
      vertex -52.3871 -30.9326 3.36781
      vertex -60.5 -30.47 3.27957
      vertex -60.5 -30.9326 3.36781
    endloop
  endfacet
  facet normal 0 0.53579 -0.844352
    outer loop
      vertex -60.5 -31.8066 10.2861
      vertex -55.2482 -32.2042 10.0338
      vertex -60.5 -32.2042 10.0338
    endloop
  endfacet
  facet normal 0 0.53579 -0.844352
    outer loop
      vertex -55.2482 -32.2042 10.0338
      vertex -60.5 -31.8066 10.2861
      vertex -54.3536 -31.8066 10.2861
    endloop
  endfacet
  facet normal 0 0.42594 -0.904751
    outer loop
      vertex -60.5 -31.3805 10.4867
      vertex -54.3536 -31.8066 10.2861
      vertex -60.5 -31.8066 10.2861
    endloop
  endfacet
  facet normal 0 0.42594 -0.904751
    outer loop
      vertex -54.3536 -31.8066 10.2861
      vertex -60.5 -31.3805 10.4867
      vertex -53.3948 -31.3805 10.4867
    endloop
  endfacet
  facet normal -0 0.809022 0.587778
    outer loop
      vertex -60.5 -32.8894 4.60966
      vertex -57.4128 -33.1662 4.99065
      vertex -56.79 -32.8894 4.60966
    endloop
  endfacet
  facet normal 0 0.809022 0.587778
    outer loop
      vertex -57.4128 -33.1662 4.99065
      vertex -60.5 -32.8894 4.60966
      vertex -60.5 -33.1662 4.99065
    endloop
  endfacet
  facet normal -0 0.876282 0.481798
    outer loop
      vertex -60.5 -33.1662 4.99065
      vertex -57.9233 -33.3931 5.40333
      vertex -57.4128 -33.1662 4.99065
    endloop
  endfacet
  facet normal 0 0.876282 0.481798
    outer loop
      vertex -57.9233 -33.3931 5.40333
      vertex -60.5 -33.1662 4.99065
      vertex -60.5 -33.3931 5.40333
    endloop
  endfacet
  facet normal 0 -0.637365 -0.770562
    outer loop
      vertex -60.5 -27.4329 9.73363
      vertex -45.3294 -27.7958 10.0338
      vertex -60.5 -27.7958 10.0338
    endloop
  endfacet
  facet normal 0 -0.637365 -0.770562
    outer loop
      vertex -45.3294 -27.7958 10.0338
      vertex -60.5 -27.4329 9.73363
      vertex -44.5129 -27.4329 9.73363
    endloop
  endfacet
  facet normal -0 0.309014 0.951057
    outer loop
      vertex -60.5 -30.9326 3.36781
      vertex -53.3948 -31.3805 3.51334
      vertex -52.3871 -30.9326 3.36781
    endloop
  endfacet
  facet normal 0 0.309014 0.951057
    outer loop
      vertex -53.3948 -31.3805 3.51334
      vertex -60.5 -30.9326 3.36781
      vertex -60.5 -31.3805 3.51334
    endloop
  endfacet
  facet normal -0 0.425784 0.904825
    outer loop
      vertex -60.5 -31.3805 3.51334
      vertex -54.3536 -31.8066 3.71385
      vertex -53.3948 -31.3805 3.51334
    endloop
  endfacet
  facet normal 0 0.425784 0.904825
    outer loop
      vertex -54.3536 -31.8066 3.71385
      vertex -60.5 -31.3805 3.51334
      vertex -60.5 -31.8066 3.71385
    endloop
  endfacet
  facet normal -0 0.0627907 0.998027
    outer loop
      vertex -60.5 -30 3.25
      vertex -51.3463 -30.47 3.27957
      vertex -50.2888 -30 3.25
    endloop
  endfacet
  facet normal 0 0.0627907 0.998027
    outer loop
      vertex -51.3463 -30.47 3.27957
      vertex -60.5 -30 3.25
      vertex -60.5 -30.47 3.27957
    endloop
  endfacet
  facet normal 0 0.929748 -0.368196
    outer loop
      vertex -58.3133 -33.5665 8.15881
      vertex -60.5 -33.3931 8.59667
      vertex -57.9233 -33.3931 8.59667
    endloop
  endfacet
  facet normal 0 0.929748 -0.368196
    outer loop
      vertex -60.5 -33.3931 8.59667
      vertex -58.3133 -33.5665 8.15881
      vertex -60.5 -33.5665 8.15881
    endloop
  endfacet
  facet normal 0 0.96859 -0.248661
    outer loop
      vertex -58.5768 -33.6836 7.70268
      vertex -60.5 -33.5665 8.15881
      vertex -58.3133 -33.5665 8.15881
    endloop
  endfacet
  facet normal 0 0.96859 -0.248661
    outer loop
      vertex -60.5 -33.5665 8.15881
      vertex -58.5768 -33.6836 7.70268
      vertex -60.5 -33.6836 7.70268
    endloop
  endfacet
  facet normal 0 0.637365 -0.770562
    outer loop
      vertex -60.5 -32.2042 10.0338
      vertex -56.0647 -32.5671 9.73363
      vertex -60.5 -32.5671 9.73363
    endloop
  endfacet
  facet normal 0 0.637365 -0.770562
    outer loop
      vertex -56.0647 -32.5671 9.73363
      vertex -60.5 -32.2042 10.0338
      vertex -55.2482 -32.2042 10.0338
    endloop
  endfacet
  facet normal 0 0.308956 -0.951076
    outer loop
      vertex -60.5 -30.9326 10.6322
      vertex -53.3948 -31.3805 10.4867
      vertex -60.5 -31.3805 10.4867
    endloop
  endfacet
  facet normal 0 0.308956 -0.951076
    outer loop
      vertex -53.3948 -31.3805 10.4867
      vertex -60.5 -30.9326 10.6322
      vertex -52.3871 -30.9326 10.6322
    endloop
  endfacet
  facet normal -0 0.729044 0.684467
    outer loop
      vertex -60.5 -32.5671 4.26637
      vertex -56.79 -32.8894 4.60966
      vertex -56.0647 -32.5671 4.26637
    endloop
  endfacet
  facet normal 0 0.729044 0.684467
    outer loop
      vertex -56.79 -32.8894 4.60966
      vertex -60.5 -32.5671 4.26637
      vertex -60.5 -32.8894 4.60966
    endloop
  endfacet
  facet normal 0 0.992121 -0.125284
    outer loop
      vertex -58.7096 -33.7426 7.23546
      vertex -60.5 -33.6836 7.70268
      vertex -58.5768 -33.6836 7.70268
    endloop
  endfacet
  facet normal 0 0.992121 -0.125284
    outer loop
      vertex -60.5 -33.6836 7.70268
      vertex -58.7096 -33.7426 7.23546
      vertex -60.5 -33.7426 7.23546
    endloop
  endfacet
  facet normal 0 0.729044 -0.684467
    outer loop
      vertex -56.79 -32.8894 9.39034
      vertex -60.5 -32.5671 9.73363
      vertex -56.0647 -32.5671 9.73363
    endloop
  endfacet
  facet normal 0 0.729044 -0.684467
    outer loop
      vertex -60.5 -32.5671 9.73363
      vertex -56.79 -32.8894 9.39034
      vertex -60.5 -32.8894 9.39034
    endloop
  endfacet
  facet normal 0 0.187288 -0.982305
    outer loop
      vertex -60.5 -30.47 10.7204
      vertex -52.3871 -30.9326 10.6322
      vertex -60.5 -30.9326 10.6322
    endloop
  endfacet
  facet normal 0 0.187288 -0.982305
    outer loop
      vertex -52.3871 -30.9326 10.6322
      vertex -60.5 -30.47 10.7204
      vertex -51.3463 -30.47 10.7204
    endloop
  endfacet
  facet normal 0 0.0628542 -0.998023
    outer loop
      vertex -60.5 -30 10.75
      vertex -51.3463 -30.47 10.7204
      vertex -60.5 -30.47 10.7204
    endloop
  endfacet
  facet normal 0 0.0628542 -0.998023
    outer loop
      vertex -51.3463 -30.47 10.7204
      vertex -60.5 -30 10.75
      vertex -50.2888 -30 10.75
    endloop
  endfacet
  facet normal -0 0.637377 0.770552
    outer loop
      vertex -60.5 -32.2042 3.96619
      vertex -56.0647 -32.5671 4.26637
      vertex -55.2482 -32.2042 3.96619
    endloop
  endfacet
  facet normal 0 0.637377 0.770552
    outer loop
      vertex -56.0647 -32.5671 4.26637
      vertex -60.5 -32.2042 3.96619
      vertex -60.5 -32.5671 4.26637
    endloop
  endfacet
  facet normal -0 0.96859 0.248661
    outer loop
      vertex -60.5 -33.5665 5.84119
      vertex -58.5768 -33.6836 6.29732
      vertex -58.3133 -33.5665 5.84119
    endloop
  endfacet
  facet normal 0 0.96859 0.248661
    outer loop
      vertex -58.5768 -33.6836 6.29732
      vertex -60.5 -33.5665 5.84119
      vertex -60.5 -33.6836 6.29732
    endloop
  endfacet
  facet normal -0 0.992121 0.125284
    outer loop
      vertex -60.5 -33.6836 6.29732
      vertex -58.7096 -33.7426 6.76454
      vertex -58.5768 -33.6836 6.29732
    endloop
  endfacet
  facet normal 0 0.992121 0.125284
    outer loop
      vertex -58.7096 -33.7426 6.76454
      vertex -60.5 -33.6836 6.29732
      vertex -60.5 -33.7426 6.76454
    endloop
  endfacet
  facet normal 0 0.876282 -0.481798
    outer loop
      vertex -57.9233 -33.3931 8.59667
      vertex -60.5 -33.1662 9.00935
      vertex -57.4128 -33.1662 9.00935
    endloop
  endfacet
  facet normal 0 0.876282 -0.481798
    outer loop
      vertex -60.5 -33.1662 9.00935
      vertex -57.9233 -33.3931 8.59667
      vertex -60.5 -33.3931 8.59667
    endloop
  endfacet
  facet normal 0 0.809022 -0.587778
    outer loop
      vertex -57.4128 -33.1662 9.00935
      vertex -60.5 -32.8894 9.39034
      vertex -56.79 -32.8894 9.39034
    endloop
  endfacet
  facet normal 0 0.809022 -0.587778
    outer loop
      vertex -60.5 -32.8894 9.39034
      vertex -57.4128 -33.1662 9.00935
      vertex -60.5 -33.1662 9.00935
    endloop
  endfacet
  facet normal 0 -0.0628123 0.998025
    outer loop
      vertex -74.5 -29.7337 4.89176
      vertex -63.5 -30 4.875
      vertex -63.5 -29.7337 4.89176
    endloop
  endfacet
  facet normal 0 -0.0628123 0.998025
    outer loop
      vertex -63.5 -30 4.875
      vertex -74.5 -29.7337 4.89176
      vertex -74.5 -30 4.875
    endloop
  endfacet
  facet normal 0 -0.0628123 -0.998025
    outer loop
      vertex -74.5 -30 9.125
      vertex -63.5 -29.7337 9.10824
      vertex -63.5 -30 9.125
    endloop
  endfacet
  facet normal -0 -0.0628123 -0.998025
    outer loop
      vertex -63.5 -29.7337 9.10824
      vertex -74.5 -30 9.125
      vertex -74.5 -29.7337 9.10824
    endloop
  endfacet
  facet normal 0 -1 0
    outer loop
      vertex -74.5 -27.8792 6.86657
      vertex -63.5 -27.8792 7.13343
      vertex -74.5 -27.8792 7.13343
    endloop
  endfacet
  facet normal 0 -1 -0
    outer loop
      vertex -63.5 -27.8792 7.13343
      vertex -74.5 -27.8792 6.86657
      vertex -63.5 -27.8792 6.86657
    endloop
  endfacet
  facet normal 0 1 -0
    outer loop
      vertex -63.5 -32.1208 6.86657
      vertex -74.4924 -32.1208 7.13343
      vertex -63.5 -32.1208 7.13343
    endloop
  endfacet
  facet normal 0 1 0
    outer loop
      vertex -74.4924 -32.1208 7.13343
      vertex -63.5 -32.1208 6.86657
      vertex -74.4924 -32.1208 6.86657
    endloop
  endfacet
  facet normal 0 -0.72911 0.684396
    outer loop
      vertex -74.5 -28.5453 5.45094
      vertex -63.5 -28.3627 5.64547
      vertex -74.5 -28.3627 5.64547
    endloop
  endfacet
  facet normal 0 -0.72911 0.684396
    outer loop
      vertex -63.5 -28.3627 5.64547
      vertex -74.5 -28.5453 5.45094
      vertex -63.5 -28.5453 5.45094
    endloop
  endfacet
  facet normal 0 -0.72911 -0.684396
    outer loop
      vertex -74.5 -28.3627 8.35453
      vertex -63.5 -28.5453 8.54906
      vertex -74.5 -28.5453 8.54906
    endloop
  endfacet
  facet normal 0 -0.72911 -0.684396
    outer loop
      vertex -63.5 -28.5453 8.54906
      vertex -74.5 -28.3627 8.35453
      vertex -63.5 -28.3627 8.35453
    endloop
  endfacet
  facet normal 0 -0.929825 -0.368003
    outer loop
      vertex -74.5 -27.979 7.65666
      vertex -63.5 -28.0772 7.90478
      vertex -74.5 -28.0772 7.90478
    endloop
  endfacet
  facet normal 0 -0.929825 -0.368003
    outer loop
      vertex -63.5 -28.0772 7.90478
      vertex -74.5 -27.979 7.65666
      vertex -63.5 -27.979 7.65666
    endloop
  endfacet
  facet normal 0 -0.425858 0.90479
    outer loop
      vertex -74.5 -28.9763 5.13785
      vertex -63.5 -29.2177 5.02423
      vertex -63.5 -28.9763 5.13785
    endloop
  endfacet
  facet normal 0 -0.425858 0.90479
    outer loop
      vertex -63.5 -29.2177 5.02423
      vertex -74.5 -28.9763 5.13785
      vertex -74.5 -29.2177 5.02423
    endloop
  endfacet
  facet normal 0 -0.187319 0.982299
    outer loop
      vertex -74.5 -29.4715 4.94176
      vertex -63.5 -29.7337 4.89176
      vertex -63.5 -29.4715 4.94176
    endloop
  endfacet
  facet normal 0 -0.187319 0.982299
    outer loop
      vertex -63.5 -29.7337 4.89176
      vertex -74.5 -29.4715 4.94176
      vertex -74.5 -29.7337 4.89176
    endloop
  endfacet
  facet normal 0 -0.535854 0.844311
    outer loop
      vertex -74.5 -28.751 5.28084
      vertex -63.5 -28.9763 5.13785
      vertex -63.5 -28.751 5.28084
    endloop
  endfacet
  facet normal 0 -0.535854 0.844311
    outer loop
      vertex -63.5 -28.9763 5.13785
      vertex -74.5 -28.751 5.28084
      vertex -74.5 -28.9763 5.13785
    endloop
  endfacet
  facet normal 0 -0.929825 0.368003
    outer loop
      vertex -74.5 -28.0772 6.09522
      vertex -63.5 -27.979 6.34334
      vertex -74.5 -27.979 6.34334
    endloop
  endfacet
  facet normal 0 -0.929825 0.368003
    outer loop
      vertex -63.5 -27.979 6.34334
      vertex -74.5 -28.0772 6.09522
      vertex -63.5 -28.0772 6.09522
    endloop
  endfacet
  facet normal 0 -0.968553 0.248808
    outer loop
      vertex -74.5 -27.979 6.34334
      vertex -63.5 -27.9126 6.60182
      vertex -74.5 -27.9126 6.60182
    endloop
  endfacet
  facet normal 0 -0.968553 0.248808
    outer loop
      vertex -63.5 -27.9126 6.60182
      vertex -74.5 -27.979 6.34334
      vertex -63.5 -27.979 6.34334
    endloop
  endfacet
  facet normal 0 -0.876244 0.481868
    outer loop
      vertex -74.5 -28.2058 5.86137
      vertex -63.5 -28.0772 6.09522
      vertex -74.5 -28.0772 6.09522
    endloop
  endfacet
  facet normal 0 -0.876244 0.481868
    outer loop
      vertex -63.5 -28.0772 6.09522
      vertex -74.5 -28.2058 5.86137
      vertex -63.5 -28.2058 5.86137
    endloop
  endfacet
  facet normal 0 -0.535854 -0.844311
    outer loop
      vertex -74.5 -28.9763 8.86215
      vertex -63.5 -28.751 8.71916
      vertex -63.5 -28.9763 8.86215
    endloop
  endfacet
  facet normal -0 -0.535854 -0.844311
    outer loop
      vertex -63.5 -28.751 8.71916
      vertex -74.5 -28.9763 8.86215
      vertex -74.5 -28.751 8.71916
    endloop
  endfacet
  facet normal 0 -0.637269 -0.770642
    outer loop
      vertex -74.5 -28.751 8.71916
      vertex -63.5 -28.5453 8.54906
      vertex -63.5 -28.751 8.71916
    endloop
  endfacet
  facet normal -0 -0.637269 -0.770642
    outer loop
      vertex -63.5 -28.5453 8.54906
      vertex -74.5 -28.751 8.71916
      vertex -74.5 -28.5453 8.54906
    endloop
  endfacet
  facet normal 0 -0.309035 -0.951051
    outer loop
      vertex -74.5 -29.4715 9.05824
      vertex -63.5 -29.2177 8.97577
      vertex -63.5 -29.4715 9.05824
    endloop
  endfacet
  facet normal -0 -0.309035 -0.951051
    outer loop
      vertex -63.5 -29.2177 8.97577
      vertex -74.5 -29.4715 9.05824
      vertex -74.5 -29.2177 8.97577
    endloop
  endfacet
  facet normal 0 -0.808947 -0.587882
    outer loop
      vertex -74.5 -28.2058 8.13863
      vertex -63.5 -28.3627 8.35453
      vertex -74.5 -28.3627 8.35453
    endloop
  endfacet
  facet normal 0 -0.808947 -0.587882
    outer loop
      vertex -63.5 -28.3627 8.35453
      vertex -74.5 -28.2058 8.13863
      vertex -63.5 -28.2058 8.13863
    endloop
  endfacet
  facet normal 0 -0.992136 -0.125165
    outer loop
      vertex -74.5 -27.8792 7.13343
      vertex -63.5 -27.9126 7.39818
      vertex -74.5 -27.9126 7.39818
    endloop
  endfacet
  facet normal 0 -0.992136 -0.125165
    outer loop
      vertex -63.5 -27.9126 7.39818
      vertex -74.5 -27.8792 7.13343
      vertex -63.5 -27.8792 7.13343
    endloop
  endfacet
  facet normal 0 0.992136 0.125165
    outer loop
      vertex -63.5 -32.0874 6.60182
      vertex -74.4924 -32.1208 6.86657
      vertex -63.5 -32.1208 6.86657
    endloop
  endfacet
  facet normal 0 0.992136 0.125165
    outer loop
      vertex -74.4924 -32.1208 6.86657
      vertex -63.5 -32.0874 6.60182
      vertex -74.4945 -32.0874 6.60182
    endloop
  endfacet
  facet normal 0 -0.309035 0.951051
    outer loop
      vertex -74.5 -29.2177 5.02423
      vertex -63.5 -29.4715 4.94176
      vertex -63.5 -29.2177 5.02423
    endloop
  endfacet
  facet normal 0 -0.309035 0.951051
    outer loop
      vertex -63.5 -29.4715 4.94176
      vertex -74.5 -29.2177 5.02423
      vertex -74.5 -29.4715 4.94176
    endloop
  endfacet
  facet normal 0 -0.637269 0.770642
    outer loop
      vertex -74.5 -28.5453 5.45094
      vertex -63.5 -28.751 5.28084
      vertex -63.5 -28.5453 5.45094
    endloop
  endfacet
  facet normal 0 -0.637269 0.770642
    outer loop
      vertex -63.5 -28.751 5.28084
      vertex -74.5 -28.5453 5.45094
      vertex -74.5 -28.751 5.28084
    endloop
  endfacet
  facet normal 0 -0.992136 0.125165
    outer loop
      vertex -74.5 -27.9126 6.60182
      vertex -63.5 -27.8792 6.86657
      vertex -74.5 -27.8792 6.86657
    endloop
  endfacet
  facet normal 0 -0.992136 0.125165
    outer loop
      vertex -63.5 -27.8792 6.86657
      vertex -74.5 -27.9126 6.60182
      vertex -63.5 -27.9126 6.60182
    endloop
  endfacet
  facet normal 0 -0.808947 0.587882
    outer loop
      vertex -74.5 -28.3627 5.64547
      vertex -63.5 -28.2058 5.86137
      vertex -74.5 -28.2058 5.86137
    endloop
  endfacet
  facet normal 0 -0.808947 0.587882
    outer loop
      vertex -63.5 -28.2058 5.86137
      vertex -74.5 -28.3627 5.64547
      vertex -63.5 -28.3627 5.64547
    endloop
  endfacet
  facet normal 0 -0.425858 -0.90479
    outer loop
      vertex -74.5 -29.2177 8.97577
      vertex -63.5 -28.9763 8.86215
      vertex -63.5 -29.2177 8.97577
    endloop
  endfacet
  facet normal -0 -0.425858 -0.90479
    outer loop
      vertex -63.5 -28.9763 8.86215
      vertex -74.5 -29.2177 8.97577
      vertex -74.5 -28.9763 8.86215
    endloop
  endfacet
  facet normal 0 -0.187319 -0.982299
    outer loop
      vertex -74.5 -29.7337 9.10824
      vertex -63.5 -29.4715 9.05824
      vertex -63.5 -29.7337 9.10824
    endloop
  endfacet
  facet normal -0 -0.187319 -0.982299
    outer loop
      vertex -63.5 -29.4715 9.05824
      vertex -74.5 -29.7337 9.10824
      vertex -74.5 -29.4715 9.05824
    endloop
  endfacet
  facet normal -0 0.0628123 0.998025
    outer loop
      vertex -74.5 -30 4.875
      vertex -63.5 -30.2663 4.89176
      vertex -63.5 -30 4.875
    endloop
  endfacet
  facet normal 0 0.0628123 0.998025
    outer loop
      vertex -63.5 -30.2663 4.89176
      vertex -74.5 -30 4.875
      vertex -74.5 -30.2663 4.89176
    endloop
  endfacet
  facet normal -0 0.637269 0.770642
    outer loop
      vertex -74.5 -31.249 5.28084
      vertex -63.5 -31.4547 5.45094
      vertex -63.5 -31.249 5.28084
    endloop
  endfacet
  facet normal 0 0.637269 0.770642
    outer loop
      vertex -63.5 -31.4547 5.45094
      vertex -74.5 -31.249 5.28084
      vertex -74.5 -31.4547 5.45094
    endloop
  endfacet
  facet normal -0 0.309035 0.951051
    outer loop
      vertex -74.5 -30.5285 4.94176
      vertex -63.5 -30.7823 5.02423
      vertex -63.5 -30.5285 4.94176
    endloop
  endfacet
  facet normal 0 0.309035 0.951051
    outer loop
      vertex -63.5 -30.7823 5.02423
      vertex -74.5 -30.5285 4.94176
      vertex -74.5 -30.7823 5.02423
    endloop
  endfacet
  facet normal -0 0.187319 0.982299
    outer loop
      vertex -74.5 -30.2663 4.89176
      vertex -63.5 -30.5285 4.94176
      vertex -63.5 -30.2663 4.89176
    endloop
  endfacet
  facet normal 0 0.187319 0.982299
    outer loop
      vertex -63.5 -30.5285 4.94176
      vertex -74.5 -30.2663 4.89176
      vertex -74.5 -30.5285 4.94176
    endloop
  endfacet
  facet normal 0 0.425858 -0.90479
    outer loop
      vertex -74.5 -31.0237 8.86215
      vertex -63.5 -30.7823 8.97577
      vertex -63.5 -31.0237 8.86215
    endloop
  endfacet
  facet normal 0 0.425858 -0.90479
    outer loop
      vertex -63.5 -30.7823 8.97577
      vertex -74.5 -31.0237 8.86215
      vertex -74.5 -30.7823 8.97577
    endloop
  endfacet
  facet normal 0 0.929753 0.368184
    outer loop
      vertex -63.5 -32.021 6.34334
      vertex -74.5 -32 6.29031
      vertex -74.4987 -32.021 6.34334
    endloop
  endfacet
  facet normal 1.01318e-06 0.929825 0.368003
    outer loop
      vertex -63.5 -31.9228 6.09522
      vertex -74.5 -32 6.29031
      vertex -63.5 -32.021 6.34334
    endloop
  endfacet
  facet normal 0 0.929844 0.367953
    outer loop
      vertex -74.5 -32 6.29031
      vertex -63.5 -31.9228 6.09522
      vertex -74.5 -31.9228 6.09522
    endloop
  endfacet
  facet normal 0 -0.876244 -0.481868
    outer loop
      vertex -74.5 -28.0772 7.90478
      vertex -63.5 -28.2058 8.13863
      vertex -74.5 -28.2058 8.13863
    endloop
  endfacet
  facet normal 0 -0.876244 -0.481868
    outer loop
      vertex -63.5 -28.2058 8.13863
      vertex -74.5 -28.0772 7.90478
      vertex -63.5 -28.0772 7.90478
    endloop
  endfacet
  facet normal 0 -0.968553 -0.248808
    outer loop
      vertex -74.5 -27.9126 7.39818
      vertex -63.5 -27.979 7.65666
      vertex -74.5 -27.979 7.65666
    endloop
  endfacet
  facet normal 0 -0.968553 -0.248808
    outer loop
      vertex -63.5 -27.979 7.65666
      vertex -74.5 -27.9126 7.39818
      vertex -63.5 -27.9126 7.39818
    endloop
  endfacet
  facet normal 0 0.72911 0.684396
    outer loop
      vertex -63.5 -31.4547 5.45094
      vertex -74.5 -31.6373 5.64547
      vertex -63.5 -31.6373 5.64547
    endloop
  endfacet
  facet normal 0 0.72911 0.684396
    outer loop
      vertex -74.5 -31.6373 5.64547
      vertex -63.5 -31.4547 5.45094
      vertex -74.5 -31.4547 5.45094
    endloop
  endfacet
  facet normal -0 0.535854 0.844311
    outer loop
      vertex -74.5 -31.0237 5.13785
      vertex -63.5 -31.249 5.28084
      vertex -63.5 -31.0237 5.13785
    endloop
  endfacet
  facet normal 0 0.535854 0.844311
    outer loop
      vertex -63.5 -31.249 5.28084
      vertex -74.5 -31.0237 5.13785
      vertex -74.5 -31.249 5.28084
    endloop
  endfacet
  facet normal 0 0.929844 -0.367953
    outer loop
      vertex -63.5 -31.9228 7.90478
      vertex -74.5 -32 7.70969
      vertex -74.5 -31.9228 7.90478
    endloop
  endfacet
  facet normal 1.01318e-06 0.929825 -0.368003
    outer loop
      vertex -63.5 -32.021 7.65666
      vertex -74.5 -32 7.70969
      vertex -63.5 -31.9228 7.90478
    endloop
  endfacet
  facet normal 0 0.929753 -0.368184
    outer loop
      vertex -74.5 -32 7.70969
      vertex -63.5 -32.021 7.65666
      vertex -74.4987 -32.021 7.65666
    endloop
  endfacet
  facet normal 0 0.637269 -0.770642
    outer loop
      vertex -74.5 -31.4547 8.54906
      vertex -63.5 -31.249 8.71916
      vertex -63.5 -31.4547 8.54906
    endloop
  endfacet
  facet normal 0 0.637269 -0.770642
    outer loop
      vertex -63.5 -31.249 8.71916
      vertex -74.5 -31.4547 8.54906
      vertex -74.5 -31.249 8.71916
    endloop
  endfacet
  facet normal 0 0.309035 -0.951051
    outer loop
      vertex -74.5 -30.7823 8.97577
      vertex -63.5 -30.5285 9.05824
      vertex -63.5 -30.7823 8.97577
    endloop
  endfacet
  facet normal 0 0.309035 -0.951051
    outer loop
      vertex -63.5 -30.5285 9.05824
      vertex -74.5 -30.7823 8.97577
      vertex -74.5 -30.5285 9.05824
    endloop
  endfacet
  facet normal 0 0.968553 0.248808
    outer loop
      vertex -63.5 -32.021 6.34334
      vertex -74.4945 -32.0874 6.60182
      vertex -63.5 -32.0874 6.60182
    endloop
  endfacet
  facet normal 0 0.968553 0.248808
    outer loop
      vertex -74.4945 -32.0874 6.60182
      vertex -63.5 -32.021 6.34334
      vertex -74.4987 -32.021 6.34334
    endloop
  endfacet
  facet normal 0 0.876244 0.481868
    outer loop
      vertex -63.5 -31.7942 5.86137
      vertex -74.5 -31.9228 6.09522
      vertex -63.5 -31.9228 6.09522
    endloop
  endfacet
  facet normal 0 0.876244 0.481868
    outer loop
      vertex -74.5 -31.9228 6.09522
      vertex -63.5 -31.7942 5.86137
      vertex -74.5 -31.7942 5.86137
    endloop
  endfacet
  facet normal 0 0.808947 0.587882
    outer loop
      vertex -63.5 -31.6373 5.64547
      vertex -74.5 -31.7942 5.86137
      vertex -63.5 -31.7942 5.86137
    endloop
  endfacet
  facet normal 0 0.808947 0.587882
    outer loop
      vertex -74.5 -31.7942 5.86137
      vertex -63.5 -31.6373 5.64547
      vertex -74.5 -31.6373 5.64547
    endloop
  endfacet
  facet normal -0 0.425858 0.90479
    outer loop
      vertex -74.5 -30.7823 5.02423
      vertex -63.5 -31.0237 5.13785
      vertex -63.5 -30.7823 5.02423
    endloop
  endfacet
  facet normal 0 0.425858 0.90479
    outer loop
      vertex -63.5 -31.0237 5.13785
      vertex -74.5 -30.7823 5.02423
      vertex -74.5 -31.0237 5.13785
    endloop
  endfacet
  facet normal 0 0.992136 -0.125165
    outer loop
      vertex -63.5 -32.1208 7.13343
      vertex -74.4945 -32.0874 7.39818
      vertex -63.5 -32.0874 7.39818
    endloop
  endfacet
  facet normal 0 0.992136 -0.125165
    outer loop
      vertex -74.4945 -32.0874 7.39818
      vertex -63.5 -32.1208 7.13343
      vertex -74.4924 -32.1208 7.13343
    endloop
  endfacet
  facet normal 0 0.808947 -0.587882
    outer loop
      vertex -63.5 -31.7942 8.13863
      vertex -74.5 -31.6373 8.35453
      vertex -63.5 -31.6373 8.35453
    endloop
  endfacet
  facet normal 0 0.808947 -0.587882
    outer loop
      vertex -74.5 -31.6373 8.35453
      vertex -63.5 -31.7942 8.13863
      vertex -74.5 -31.7942 8.13863
    endloop
  endfacet
  facet normal 0 0.968553 -0.248808
    outer loop
      vertex -74.4945 -32.0874 7.39818
      vertex -63.5 -32.021 7.65666
      vertex -63.5 -32.0874 7.39818
    endloop
  endfacet
  facet normal 0 0.968553 -0.248808
    outer loop
      vertex -63.5 -32.021 7.65666
      vertex -74.4945 -32.0874 7.39818
      vertex -74.4987 -32.021 7.65666
    endloop
  endfacet
  facet normal 0 0.72911 -0.684396
    outer loop
      vertex -63.5 -31.6373 8.35453
      vertex -74.5 -31.4547 8.54906
      vertex -63.5 -31.4547 8.54906
    endloop
  endfacet
  facet normal 0 0.72911 -0.684396
    outer loop
      vertex -74.5 -31.4547 8.54906
      vertex -63.5 -31.6373 8.35453
      vertex -74.5 -31.6373 8.35453
    endloop
  endfacet
  facet normal 0 0.535854 -0.844311
    outer loop
      vertex -74.5 -31.249 8.71916
      vertex -63.5 -31.0237 8.86215
      vertex -63.5 -31.249 8.71916
    endloop
  endfacet
  facet normal 0 0.535854 -0.844311
    outer loop
      vertex -63.5 -31.0237 8.86215
      vertex -74.5 -31.249 8.71916
      vertex -74.5 -31.0237 8.86215
    endloop
  endfacet
  facet normal 0 0.187319 -0.982299
    outer loop
      vertex -74.5 -30.5285 9.05824
      vertex -63.5 -30.2663 9.10824
      vertex -63.5 -30.5285 9.05824
    endloop
  endfacet
  facet normal 0 0.187319 -0.982299
    outer loop
      vertex -63.5 -30.2663 9.10824
      vertex -74.5 -30.5285 9.05824
      vertex -74.5 -30.2663 9.10824
    endloop
  endfacet
  facet normal 0 0.0628123 -0.998025
    outer loop
      vertex -74.5 -30.2663 9.10824
      vertex -63.5 -30 9.125
      vertex -63.5 -30.2663 9.10824
    endloop
  endfacet
  facet normal 0 0.0628123 -0.998025
    outer loop
      vertex -63.5 -30 9.125
      vertex -74.5 -30.2663 9.10824
      vertex -74.5 -30 9.125
    endloop
  endfacet
  facet normal 0 0.876244 -0.481868
    outer loop
      vertex -63.5 -31.9228 7.90478
      vertex -74.5 -31.7942 8.13863
      vertex -63.5 -31.7942 8.13863
    endloop
  endfacet
  facet normal 0 0.876244 -0.481868
    outer loop
      vertex -74.5 -31.7942 8.13863
      vertex -63.5 -31.9228 7.90478
      vertex -74.5 -31.9228 7.90478
    endloop
  endfacet
  facet normal 0.475559 0.872753 0.11021
    outer loop
      vertex -60.5 11.2574 6.76454
      vertex -60.5 11.3164 6.29732
      vertex -63.5 12.8792 6.86657
    endloop
  endfacet
  facet normal 0.475556 -0.0552361 0.87795
    outer loop
      vertex -60.5 15 3.25
      vertex -60.5 15.47 3.27957
      vertex -63.5 15 4.875
    endloop
  endfacet
  facet normal 0.475558 -0.055255 0.877947
    outer loop
      vertex -60.5 15.47 3.27957
      vertex -63.5 15.2663 4.89176
      vertex -63.5 15 4.875
    endloop
  endfacet
  facet normal 0.475558 0.055255 0.877947
    outer loop
      vertex -60.5 14.53 3.27957
      vertex -63.5 15 4.875
      vertex -63.5 14.7337 4.89176
    endloop
  endfacet
  facet normal 0.475553 0.164782 -0.864116
    outer loop
      vertex -63.5 14.7337 9.10824
      vertex -60.5 14.53 10.7204
      vertex -63.5 14.4715 9.05824
    endloop
  endfacet
  facet normal 0.475553 -0.852056 -0.218744
    outer loop
      vertex -60.5 18.6836 7.70268
      vertex -60.5 18.5665 8.15881
      vertex -63.5 17.0874 7.39818
    endloop
  endfacet
  facet normal 0.475555 0.164826 0.864106
    outer loop
      vertex -60.5 14.0674 3.36781
      vertex -60.5 14.53 3.27957
      vertex -63.5 14.4715 4.94176
    endloop
  endfacet
  facet normal 0.475552 0.560597 0.677924
    outer loop
      vertex -60.5 12.4329 4.26637
      vertex -63.5 13.751 5.28084
      vertex -63.5 13.5453 5.45094
    endloop
  endfacet
  facet normal 0.475546 0.770858 0.423833
    outer loop
      vertex -60.5 11.6069 5.40333
      vertex -60.5 11.8338 4.99065
      vertex -63.5 13.0772 6.09522
    endloop
  endfacet
  facet normal 0.475548 0.81789 0.323898
    outer loop
      vertex -60.5 11.4335 5.84119
      vertex -60.5 11.6069 5.40333
      vertex -63.5 13.0772 6.09522
    endloop
  endfacet
  facet normal 0.475558 0.711684 0.517059
    outer loop
      vertex -60.5 11.8338 4.99065
      vertex -60.5 12.1106 4.60966
      vertex -63.5 13.3627 5.64547
    endloop
  endfacet
  facet normal 0.475555 0.64133 0.602116
    outer loop
      vertex -60.5 12.1106 4.60966
      vertex -60.5 12.4329 4.26637
      vertex -63.5 13.5453 5.45094
    endloop
  endfacet
  facet normal 0.475558 0.711684 -0.517059
    outer loop
      vertex -60.5 12.1106 9.39034
      vertex -60.5 11.8338 9.00935
      vertex -63.5 13.3627 8.35453
    endloop
  endfacet
  facet normal 0.475558 -0.711684 0.517059
    outer loop
      vertex -60.5 17.8894 4.60966
      vertex -60.5 18.1662 4.99065
      vertex -63.5 16.6373 5.64547
    endloop
  endfacet
  facet normal 0.475558 -0.711684 -0.517059
    outer loop
      vertex -60.5 18.1662 9.00935
      vertex -60.5 17.8894 9.39034
      vertex -63.5 16.6373 8.35453
    endloop
  endfacet
  facet normal 0.475555 0.271835 0.836632
    outer loop
      vertex -60.5 13.6195 3.51334
      vertex -60.5 14.0674 3.36781
      vertex -63.5 14.4715 4.94176
    endloop
  endfacet
  facet normal 0.475556 0.0552361 0.87795
    outer loop
      vertex -60.5 14.53 3.27957
      vertex -60.5 15 3.25
      vertex -63.5 15 4.875
    endloop
  endfacet
  facet normal 0.475557 0.271854 0.836625
    outer loop
      vertex -60.5 13.6195 3.51334
      vertex -63.5 14.4715 4.94176
      vertex -63.5 14.2177 5.02423
    endloop
  endfacet
  facet normal 0.475556 0.374556 0.795961
    outer loop
      vertex -60.5 13.1934 3.71385
      vertex -60.5 13.6195 3.51334
      vertex -63.5 14.2177 5.02423
    endloop
  endfacet
  facet normal 0.475566 0.817948 0.323725
    outer loop
      vertex -60.5 11.4335 5.84119
      vertex -63.5 13.0772 6.09522
      vertex -63.5 12.979 6.34334
    endloop
  endfacet
  facet normal 0.475566 0.852017 0.218871
    outer loop
      vertex -60.5 11.4335 5.84119
      vertex -63.5 12.979 6.34334
      vertex -63.5 12.9126 6.60182
    endloop
  endfacet
  facet normal 0.475563 0.641385 0.602051
    outer loop
      vertex -60.5 12.1106 4.60966
      vertex -63.5 13.5453 5.45094
      vertex -63.5 13.3627 5.64547
    endloop
  endfacet
  facet normal 0.475548 0.81789 -0.323898
    outer loop
      vertex -60.5 11.6069 8.59667
      vertex -60.5 11.4335 8.15881
      vertex -63.5 13.0772 7.90478
    endloop
  endfacet
  facet normal 0.475553 -0.77082 -0.423893
    outer loop
      vertex -63.5 16.9228 7.90478
      vertex -60.5 18.1662 9.00935
      vertex -63.5 16.7942 8.13863
    endloop
  endfacet
  facet normal 0.47556 0.164781 0.864112
    outer loop
      vertex -60.5 14.53 3.27957
      vertex -63.5 14.7337 4.89176
      vertex -63.5 14.4715 4.94176
    endloop
  endfacet
  facet normal 0.475563 0.37462 0.795927
    outer loop
      vertex -60.5 13.1934 3.71385
      vertex -63.5 14.2177 5.02423
      vertex -63.5 13.9763 5.13785
    endloop
  endfacet
  facet normal 0.475562 0.471382 0.742725
    outer loop
      vertex -60.5 13.1934 3.71385
      vertex -63.5 13.9763 5.13785
      vertex -63.5 13.751 5.28084
    endloop
  endfacet
  facet normal 0.475553 0.852056 0.218744
    outer loop
      vertex -60.5 11.3164 6.29732
      vertex -60.5 11.4335 5.84119
      vertex -63.5 12.9126 6.60182
    endloop
  endfacet
  facet normal 0.475548 0.872772 0.110106
    outer loop
      vertex -60.5 11.3164 6.29732
      vertex -63.5 12.9126 6.60182
      vertex -63.5 12.8792 6.86657
    endloop
  endfacet
  facet normal 0.475559 0.271784 -0.836647
    outer loop
      vertex -60.5 14.0674 10.6322
      vertex -60.5 13.6195 10.4867
      vertex -63.5 14.4715 9.05824
    endloop
  endfacet
  facet normal 0.475556 0.164754 -0.86412
    outer loop
      vertex -60.5 14.53 10.7204
      vertex -60.5 14.0674 10.6322
      vertex -63.5 14.4715 9.05824
    endloop
  endfacet
  facet normal 0.475553 0.852056 -0.218744
    outer loop
      vertex -60.5 11.4335 8.15881
      vertex -60.5 11.3164 7.70268
      vertex -63.5 12.9126 7.39818
    endloop
  endfacet
  facet normal 0.475547 0.711622 -0.517154
    outer loop
      vertex -63.5 13.3627 8.35453
      vertex -60.5 11.8338 9.00935
      vertex -63.5 13.2058 8.13863
    endloop
  endfacet
  facet normal 0.475559 0.471325 -0.742763
    outer loop
      vertex -60.5 13.1934 10.2861
      vertex -60.5 12.7958 10.0338
      vertex -63.5 13.751 8.71916
    endloop
  endfacet
  facet normal 0.475563 0.560678 -0.67785
    outer loop
      vertex -60.5 12.7958 10.0338
      vertex -60.5 12.4329 9.73363
      vertex -63.5 13.751 8.71916
    endloop
  endfacet
  facet normal 0.475566 -0.817948 0.323725
    outer loop
      vertex -60.5 18.5665 5.84119
      vertex -63.5 17.021 6.34334
      vertex -63.5 16.9228 6.09522
    endloop
  endfacet
  facet normal 0.475553 -0.852056 0.218744
    outer loop
      vertex -60.5 18.5665 5.84119
      vertex -60.5 18.6836 6.29732
      vertex -63.5 17.0874 6.60182
    endloop
  endfacet
  facet normal 0.475559 -0.271784 -0.836647
    outer loop
      vertex -60.5 16.3805 10.4867
      vertex -60.5 15.9326 10.6322
      vertex -63.5 15.5285 9.05824
    endloop
  endfacet
  facet normal 0.475556 -0.164754 -0.86412
    outer loop
      vertex -60.5 15.9326 10.6322
      vertex -60.5 15.47 10.7204
      vertex -63.5 15.5285 9.05824
    endloop
  endfacet
  facet normal 0.475552 -0.471384 -0.742729
    outer loop
      vertex -63.5 16.249 8.71916
      vertex -60.5 16.8066 10.2861
      vertex -63.5 16.0237 8.86215
    endloop
  endfacet
  facet normal 0.475559 -0.471325 -0.742763
    outer loop
      vertex -60.5 17.2042 10.0338
      vertex -60.5 16.8066 10.2861
      vertex -63.5 16.249 8.71916
    endloop
  endfacet
  facet normal 0.475562 0.471378 0.742727
    outer loop
      vertex -60.5 12.7958 3.96619
      vertex -60.5 13.1934 3.71385
      vertex -63.5 13.751 5.28084
    endloop
  endfacet
  facet normal 0.475564 0.560689 0.67784
    outer loop
      vertex -60.5 12.4329 4.26637
      vertex -60.5 12.7958 3.96619
      vertex -63.5 13.751 5.28084
    endloop
  endfacet
  facet normal 0.475547 0.711622 0.517154
    outer loop
      vertex -60.5 11.8338 4.99065
      vertex -63.5 13.3627 5.64547
      vertex -63.5 13.2058 5.86137
    endloop
  endfacet
  facet normal 0.475553 0.77082 0.423893
    outer loop
      vertex -60.5 11.8338 4.99065
      vertex -63.5 13.2058 5.86137
      vertex -63.5 13.0772 6.09522
    endloop
  endfacet
  facet normal 0.475553 0.374622 -0.795932
    outer loop
      vertex -63.5 14.2177 8.97577
      vertex -60.5 13.1934 10.2861
      vertex -63.5 13.9763 8.86215
    endloop
  endfacet
  facet normal 0.475566 0.817948 -0.323725
    outer loop
      vertex -63.5 13.0772 7.90478
      vertex -60.5 11.4335 8.15881
      vertex -63.5 12.979 7.65666
    endloop
  endfacet
  facet normal 0.475546 0.770858 -0.423833
    outer loop
      vertex -60.5 11.8338 9.00935
      vertex -60.5 11.6069 8.59667
      vertex -63.5 13.0772 7.90478
    endloop
  endfacet
  facet normal 0.475553 0.77082 -0.423893
    outer loop
      vertex -63.5 13.2058 8.13863
      vertex -60.5 11.8338 9.00935
      vertex -63.5 13.0772 7.90478
    endloop
  endfacet
  facet normal 0.475563 0.641385 -0.602051
    outer loop
      vertex -63.5 13.5453 8.54906
      vertex -60.5 12.1106 9.39034
      vertex -63.5 13.3627 8.35453
    endloop
  endfacet
  facet normal 0.475562 -0.471378 0.742727
    outer loop
      vertex -60.5 16.8066 3.71385
      vertex -60.5 17.2042 3.96619
      vertex -63.5 16.249 5.28084
    endloop
  endfacet
  facet normal 0.475562 -0.471382 0.742725
    outer loop
      vertex -60.5 16.8066 3.71385
      vertex -63.5 16.249 5.28084
      vertex -63.5 16.0237 5.13785
    endloop
  endfacet
  facet normal 0.475548 -0.81789 0.323898
    outer loop
      vertex -60.5 18.3931 5.40333
      vertex -60.5 18.5665 5.84119
      vertex -63.5 16.9228 6.09522
    endloop
  endfacet
  facet normal 0.475559 -0.872753 0.11021
    outer loop
      vertex -60.5 18.6836 6.29732
      vertex -60.5 18.7426 6.76454
      vertex -63.5 17.1208 6.86657
    endloop
  endfacet
  facet normal 0.475546 -0.770858 0.423833
    outer loop
      vertex -60.5 18.1662 4.99065
      vertex -60.5 18.3931 5.40333
      vertex -63.5 16.9228 6.09522
    endloop
  endfacet
  facet normal 0.475555 0.055292 -0.877947
    outer loop
      vertex -60.5 15 10.75
      vertex -60.5 14.53 10.7204
      vertex -63.5 15 9.125
    endloop
  endfacet
  facet normal 0.475555 -0.055292 -0.877947
    outer loop
      vertex -60.5 15.47 10.7204
      vertex -60.5 15 10.75
      vertex -63.5 15 9.125
    endloop
  endfacet
  facet normal 0.475566 -0.271852 -0.83662
    outer loop
      vertex -63.5 15.7823 8.97577
      vertex -60.5 16.3805 10.4867
      vertex -63.5 15.5285 9.05824
    endloop
  endfacet
  facet normal 0.475552 -0.560597 -0.677924
    outer loop
      vertex -63.5 16.4547 8.54906
      vertex -60.5 17.5671 9.73363
      vertex -63.5 16.249 8.71916
    endloop
  endfacet
  facet normal 0.475563 -0.560678 -0.67785
    outer loop
      vertex -60.5 17.5671 9.73363
      vertex -60.5 17.2042 10.0338
      vertex -63.5 16.249 8.71916
    endloop
  endfacet
  facet normal 0.475547 -0.711622 -0.517154
    outer loop
      vertex -63.5 16.7942 8.13863
      vertex -60.5 18.1662 9.00935
      vertex -63.5 16.6373 8.35453
    endloop
  endfacet
  facet normal 0.475548 -0.81789 -0.323898
    outer loop
      vertex -60.5 18.5665 8.15881
      vertex -60.5 18.3931 8.59667
      vertex -63.5 16.9228 7.90478
    endloop
  endfacet
  facet normal 0.475546 -0.770858 -0.423833
    outer loop
      vertex -60.5 18.3931 8.59667
      vertex -60.5 18.1662 9.00935
      vertex -63.5 16.9228 7.90478
    endloop
  endfacet
  facet normal 0.475566 -0.817948 -0.323725
    outer loop
      vertex -63.5 17.021 7.65666
      vertex -60.5 18.5665 8.15881
      vertex -63.5 16.9228 7.90478
    endloop
  endfacet
  facet normal 0.475566 -0.852017 -0.218871
    outer loop
      vertex -63.5 17.0874 7.39818
      vertex -60.5 18.5665 8.15881
      vertex -63.5 17.021 7.65666
    endloop
  endfacet
  facet normal 0.475566 0.271852 -0.83662
    outer loop
      vertex -63.5 14.4715 9.05824
      vertex -60.5 13.6195 10.4867
      vertex -63.5 14.2177 8.97577
    endloop
  endfacet
  facet normal 0.475561 0.374692 -0.795894
    outer loop
      vertex -60.5 13.6195 10.4867
      vertex -60.5 13.1934 10.2861
      vertex -63.5 14.2177 8.97577
    endloop
  endfacet
  facet normal 0.475552 0.471384 -0.742729
    outer loop
      vertex -63.5 13.9763 8.86215
      vertex -60.5 13.1934 10.2861
      vertex -63.5 13.751 8.71916
    endloop
  endfacet
  facet normal 0.475566 0.852017 -0.218871
    outer loop
      vertex -63.5 12.979 7.65666
      vertex -60.5 11.4335 8.15881
      vertex -63.5 12.9126 7.39818
    endloop
  endfacet
  facet normal 0.475559 0.872753 -0.11021
    outer loop
      vertex -60.5 11.3164 7.70268
      vertex -60.5 11.2574 7.23546
      vertex -63.5 12.8792 7.13343
    endloop
  endfacet
  facet normal 0.475558 0.879685 0
    outer loop
      vertex -60.5 11.2574 7.23546
      vertex -63.5 12.8792 6.86657
      vertex -63.5 12.8792 7.13343
    endloop
  endfacet
  facet normal 0.475558 0.879685 0
    outer loop
      vertex -63.5 12.8792 6.86657
      vertex -60.5 11.2574 7.23546
      vertex -60.5 11.2574 6.76454
    endloop
  endfacet
  facet normal 0.475552 0.560597 -0.677924
    outer loop
      vertex -63.5 13.751 8.71916
      vertex -60.5 12.4329 9.73363
      vertex -63.5 13.5453 8.54906
    endloop
  endfacet
  facet normal 0.475555 0.64133 -0.602116
    outer loop
      vertex -60.5 12.4329 9.73363
      vertex -60.5 12.1106 9.39034
      vertex -63.5 13.5453 8.54906
    endloop
  endfacet
  facet normal 0.475563 -0.37462 0.795927
    outer loop
      vertex -60.5 16.8066 3.71385
      vertex -63.5 16.0237 5.13785
      vertex -63.5 15.7823 5.02423
    endloop
  endfacet
  facet normal 0.475564 -0.560689 0.67784
    outer loop
      vertex -60.5 17.2042 3.96619
      vertex -60.5 17.5671 4.26637
      vertex -63.5 16.249 5.28084
    endloop
  endfacet
  facet normal 0.475548 -0.872772 0.110106
    outer loop
      vertex -60.5 18.6836 6.29732
      vertex -63.5 17.1208 6.86657
      vertex -63.5 17.0874 6.60182
    endloop
  endfacet
  facet normal 0.475566 -0.852017 0.218871
    outer loop
      vertex -60.5 18.5665 5.84119
      vertex -63.5 17.0874 6.60182
      vertex -63.5 17.021 6.34334
    endloop
  endfacet
  facet normal 0.475553 -0.77082 0.423893
    outer loop
      vertex -60.5 18.1662 4.99065
      vertex -63.5 16.9228 6.09522
      vertex -63.5 16.7942 5.86137
    endloop
  endfacet
  facet normal 0.475547 -0.711622 0.517154
    outer loop
      vertex -60.5 18.1662 4.99065
      vertex -63.5 16.7942 5.86137
      vertex -63.5 16.6373 5.64547
    endloop
  endfacet
  facet normal 0.475551 0.0552552 -0.877951
    outer loop
      vertex -63.5 15 9.125
      vertex -60.5 14.53 10.7204
      vertex -63.5 14.7337 9.10824
    endloop
  endfacet
  facet normal 0.475561 -0.374692 -0.795894
    outer loop
      vertex -60.5 16.8066 10.2861
      vertex -60.5 16.3805 10.4867
      vertex -63.5 15.7823 8.97577
    endloop
  endfacet
  facet normal 0.475553 -0.374622 -0.795932
    outer loop
      vertex -63.5 16.0237 8.86215
      vertex -60.5 16.8066 10.2861
      vertex -63.5 15.7823 8.97577
    endloop
  endfacet
  facet normal 0.475555 -0.64133 -0.602116
    outer loop
      vertex -60.5 17.8894 9.39034
      vertex -60.5 17.5671 9.73363
      vertex -63.5 16.4547 8.54906
    endloop
  endfacet
  facet normal 0.475563 -0.641385 -0.602051
    outer loop
      vertex -63.5 16.6373 8.35453
      vertex -60.5 17.8894 9.39034
      vertex -63.5 16.4547 8.54906
    endloop
  endfacet
  facet normal 0.475548 0.872772 -0.110106
    outer loop
      vertex -63.5 12.9126 7.39818
      vertex -60.5 11.3164 7.70268
      vertex -63.5 12.8792 7.13343
    endloop
  endfacet
  facet normal 0.475555 -0.164826 0.864106
    outer loop
      vertex -60.5 15.47 3.27957
      vertex -60.5 15.9326 3.36781
      vertex -63.5 15.5285 4.94176
    endloop
  endfacet
  facet normal 0.47556 -0.164781 0.864112
    outer loop
      vertex -60.5 15.47 3.27957
      vertex -63.5 15.5285 4.94176
      vertex -63.5 15.2663 4.89176
    endloop
  endfacet
  facet normal 0.475555 -0.64133 0.602116
    outer loop
      vertex -60.5 17.5671 4.26637
      vertex -60.5 17.8894 4.60966
      vertex -63.5 16.4547 5.45094
    endloop
  endfacet
  facet normal 0.475552 -0.560597 0.677924
    outer loop
      vertex -60.5 17.5671 4.26637
      vertex -63.5 16.4547 5.45094
      vertex -63.5 16.249 5.28084
    endloop
  endfacet
  facet normal 0.475559 -0.872753 -0.11021
    outer loop
      vertex -60.5 18.7426 7.23546
      vertex -60.5 18.6836 7.70268
      vertex -63.5 17.1208 7.13343
    endloop
  endfacet
  facet normal 0.475558 -0.879685 0
    outer loop
      vertex -63.5 17.1208 6.86657
      vertex -60.5 18.7426 7.23546
      vertex -63.5 17.1208 7.13343
    endloop
  endfacet
  facet normal 0.475558 -0.879685 0
    outer loop
      vertex -60.5 18.7426 7.23546
      vertex -63.5 17.1208 6.86657
      vertex -60.5 18.7426 6.76454
    endloop
  endfacet
  facet normal 0.475551 -0.0552552 -0.877951
    outer loop
      vertex -63.5 15.2663 9.10824
      vertex -60.5 15.47 10.7204
      vertex -63.5 15 9.125
    endloop
  endfacet
  facet normal 0.475553 -0.164782 -0.864116
    outer loop
      vertex -63.5 15.5285 9.05824
      vertex -60.5 15.47 10.7204
      vertex -63.5 15.2663 9.10824
    endloop
  endfacet
  facet normal 0.475555 -0.271835 0.836632
    outer loop
      vertex -60.5 15.9326 3.36781
      vertex -60.5 16.3805 3.51334
      vertex -63.5 15.5285 4.94176
    endloop
  endfacet
  facet normal 0.475563 -0.641385 0.602051
    outer loop
      vertex -60.5 17.8894 4.60966
      vertex -63.5 16.6373 5.64547
      vertex -63.5 16.4547 5.45094
    endloop
  endfacet
  facet normal 0.475548 -0.872772 -0.110106
    outer loop
      vertex -63.5 17.1208 7.13343
      vertex -60.5 18.6836 7.70268
      vertex -63.5 17.0874 7.39818
    endloop
  endfacet
  facet normal 0.475556 -0.374556 0.795961
    outer loop
      vertex -60.5 16.3805 3.51334
      vertex -60.5 16.8066 3.71385
      vertex -63.5 15.7823 5.02423
    endloop
  endfacet
  facet normal 0.475557 -0.271854 0.836625
    outer loop
      vertex -60.5 16.3805 3.51334
      vertex -63.5 15.7823 5.02423
      vertex -63.5 15.5285 4.94176
    endloop
  endfacet
  facet normal 0 -0.0627907 0.998027
    outer loop
      vertex 17.5963 15.47 3.27957
      vertex 50.9612 15 3.25
      vertex 52.0187 15.47 3.27957
    endloop
  endfacet
  facet normal 0 -0.0627907 0.998027
    outer loop
      vertex 50.9612 15 3.25
      vertex 17.5963 15.47 3.27957
      vertex 16.5388 15 3.25
    endloop
  endfacet
  facet normal 0 -0.0628542 -0.998023
    outer loop
      vertex 50.9612 15 10.75
      vertex 17.5963 15.47 10.7204
      vertex 52.0187 15.47 10.7204
    endloop
  endfacet
  facet normal 0 -0.0628542 -0.998023
    outer loop
      vertex 17.5963 15.47 10.7204
      vertex 50.9612 15 10.75
      vertex 16.5388 15 10.75
    endloop
  endfacet
  facet normal 0 -1 0
    outer loop
      vertex 24.9596 18.7426 6.76454
      vertex 59.3821 18.7426 7.23546
      vertex 24.9596 18.7426 7.23546
    endloop
  endfacet
  facet normal 0 -1 -0
    outer loop
      vertex 59.3821 18.7426 7.23546
      vertex 24.9596 18.7426 6.76454
      vertex 59.3821 18.7426 6.76454
    endloop
  endfacet
  facet normal 0 1 -0
    outer loop
      vertex 42.5404 11.2574 6.76454
      vertex 8.11794 11.2574 7.23546
      vertex 42.5404 11.2574 7.23546
    endloop
  endfacet
  facet normal 0 1 0
    outer loop
      vertex 8.11794 11.2574 7.23546
      vertex 42.5404 11.2574 6.76454
      vertex 8.11794 11.2574 6.76454
    endloop
  endfacet
  facet normal 0 -0.729044 0.684467
    outer loop
      vertex 56.7371 17.5671 4.26637
      vertex 23.04 17.8894 4.60966
      vertex 22.3147 17.5671 4.26637
    endloop
  endfacet
  facet normal 0 -0.729044 0.684467
    outer loop
      vertex 23.04 17.8894 4.60966
      vertex 56.7371 17.5671 4.26637
      vertex 57.4624 17.8894 4.60966
    endloop
  endfacet
  facet normal 0 -0.729044 -0.684467
    outer loop
      vertex 23.04 17.8894 9.39034
      vertex 56.7371 17.5671 9.73363
      vertex 22.3147 17.5671 9.73363
    endloop
  endfacet
  facet normal 0 -0.729044 -0.684467
    outer loop
      vertex 56.7371 17.5671 9.73363
      vertex 23.04 17.8894 9.39034
      vertex 57.4624 17.8894 9.39034
    endloop
  endfacet
  facet normal 0 -0.929748 -0.368196
    outer loop
      vertex 24.5633 18.5665 8.15881
      vertex 58.5957 18.3931 8.59667
      vertex 24.1733 18.3931 8.59667
    endloop
  endfacet
  facet normal 0 -0.929748 -0.368196
    outer loop
      vertex 58.5957 18.3931 8.59667
      vertex 24.5633 18.5665 8.15881
      vertex 58.9857 18.5665 8.15881
    endloop
  endfacet
  facet normal 0 -0.425784 0.904825
    outer loop
      vertex 20.6036 16.8066 3.71385
      vertex 54.0673 16.3805 3.51334
      vertex 55.026 16.8066 3.71385
    endloop
  endfacet
  facet normal 0 -0.425784 0.904825
    outer loop
      vertex 54.0673 16.3805 3.51334
      vertex 20.6036 16.8066 3.71385
      vertex 19.6448 16.3805 3.51334
    endloop
  endfacet
  facet normal 0 -0.18737 0.982289
    outer loop
      vertex 18.6371 15.9326 3.36781
      vertex 52.0187 15.47 3.27957
      vertex 53.0595 15.9326 3.36781
    endloop
  endfacet
  facet normal 0 -0.18737 0.982289
    outer loop
      vertex 52.0187 15.47 3.27957
      vertex 18.6371 15.9326 3.36781
      vertex 17.5963 15.47 3.27957
    endloop
  endfacet
  facet normal 0 -0.53585 0.844313
    outer loop
      vertex 21.4982 17.2042 3.96619
      vertex 55.026 16.8066 3.71385
      vertex 55.9206 17.2042 3.96619
    endloop
  endfacet
  facet normal 0 -0.53585 0.844313
    outer loop
      vertex 55.026 16.8066 3.71385
      vertex 21.4982 17.2042 3.96619
      vertex 20.6036 16.8066 3.71385
    endloop
  endfacet
  facet normal 0 -0.929748 0.368196
    outer loop
      vertex 58.5957 18.3931 5.40333
      vertex 24.5633 18.5665 5.84119
      vertex 24.1733 18.3931 5.40333
    endloop
  endfacet
  facet normal 0 -0.929748 0.368196
    outer loop
      vertex 24.5633 18.5665 5.84119
      vertex 58.5957 18.3931 5.40333
      vertex 58.9857 18.5665 5.84119
    endloop
  endfacet
  facet normal 0 -0.96859 0.248661
    outer loop
      vertex 58.9857 18.5665 5.84119
      vertex 24.8268 18.6836 6.29732
      vertex 24.5633 18.5665 5.84119
    endloop
  endfacet
  facet normal 0 -0.96859 0.248661
    outer loop
      vertex 24.8268 18.6836 6.29732
      vertex 58.9857 18.5665 5.84119
      vertex 59.2493 18.6836 6.29732
    endloop
  endfacet
  facet normal 0 -0.876282 0.481798
    outer loop
      vertex 58.0852 18.1662 4.99065
      vertex 24.1733 18.3931 5.40333
      vertex 23.6628 18.1662 4.99065
    endloop
  endfacet
  facet normal 0 -0.876282 0.481798
    outer loop
      vertex 24.1733 18.3931 5.40333
      vertex 58.0852 18.1662 4.99065
      vertex 58.5957 18.3931 5.40333
    endloop
  endfacet
  facet normal 0 -0.42594 -0.904751
    outer loop
      vertex 54.0673 16.3805 10.4867
      vertex 20.6036 16.8066 10.2861
      vertex 55.026 16.8066 10.2861
    endloop
  endfacet
  facet normal 0 -0.42594 -0.904751
    outer loop
      vertex 20.6036 16.8066 10.2861
      vertex 54.0673 16.3805 10.4867
      vertex 19.6448 16.3805 10.4867
    endloop
  endfacet
  facet normal 0 -0.53579 -0.844352
    outer loop
      vertex 55.026 16.8066 10.2861
      vertex 21.4982 17.2042 10.0338
      vertex 55.9206 17.2042 10.0338
    endloop
  endfacet
  facet normal 0 -0.53579 -0.844352
    outer loop
      vertex 21.4982 17.2042 10.0338
      vertex 55.026 16.8066 10.2861
      vertex 20.6036 16.8066 10.2861
    endloop
  endfacet
  facet normal 0 -0.308956 -0.951076
    outer loop
      vertex 53.0595 15.9326 10.6322
      vertex 19.6448 16.3805 10.4867
      vertex 54.0673 16.3805 10.4867
    endloop
  endfacet
  facet normal 0 -0.308956 -0.951076
    outer loop
      vertex 19.6448 16.3805 10.4867
      vertex 53.0595 15.9326 10.6322
      vertex 18.6371 15.9326 10.6322
    endloop
  endfacet
  facet normal 0 -0.809022 -0.587778
    outer loop
      vertex 23.6628 18.1662 9.00935
      vertex 57.4624 17.8894 9.39034
      vertex 23.04 17.8894 9.39034
    endloop
  endfacet
  facet normal 0 -0.809022 -0.587778
    outer loop
      vertex 57.4624 17.8894 9.39034
      vertex 23.6628 18.1662 9.00935
      vertex 58.0852 18.1662 9.00935
    endloop
  endfacet
  facet normal 0 -0.96859 -0.248661
    outer loop
      vertex 24.8268 18.6836 7.70268
      vertex 58.9857 18.5665 8.15881
      vertex 24.5633 18.5665 8.15881
    endloop
  endfacet
  facet normal 0 -0.96859 -0.248661
    outer loop
      vertex 58.9857 18.5665 8.15881
      vertex 24.8268 18.6836 7.70268
      vertex 59.2493 18.6836 7.70268
    endloop
  endfacet
  facet normal -0 0.929748 0.368196
    outer loop
      vertex 8.90432 11.6069 5.40333
      vertex 42.9367 11.4335 5.84119
      vertex 43.3267 11.6069 5.40333
    endloop
  endfacet
  facet normal 0 0.929748 0.368196
    outer loop
      vertex 42.9367 11.4335 5.84119
      vertex 8.90432 11.6069 5.40333
      vertex 8.51425 11.4335 5.84119
    endloop
  endfacet
  facet normal 0 -0.309014 0.951057
    outer loop
      vertex 19.6448 16.3805 3.51334
      vertex 53.0595 15.9326 3.36781
      vertex 54.0673 16.3805 3.51334
    endloop
  endfacet
  facet normal 0 -0.309014 0.951057
    outer loop
      vertex 53.0595 15.9326 3.36781
      vertex 19.6448 16.3805 3.51334
      vertex 18.6371 15.9326 3.36781
    endloop
  endfacet
  facet normal 0 -0.637377 0.770552
    outer loop
      vertex 22.3147 17.5671 4.26637
      vertex 55.9206 17.2042 3.96619
      vertex 56.7371 17.5671 4.26637
    endloop
  endfacet
  facet normal 0 -0.637377 0.770552
    outer loop
      vertex 55.9206 17.2042 3.96619
      vertex 22.3147 17.5671 4.26637
      vertex 21.4982 17.2042 3.96619
    endloop
  endfacet
  facet normal 0 -0.992121 0.125284
    outer loop
      vertex 59.2493 18.6836 6.29732
      vertex 24.9596 18.7426 6.76454
      vertex 24.8268 18.6836 6.29732
    endloop
  endfacet
  facet normal 0 -0.992121 0.125284
    outer loop
      vertex 24.9596 18.7426 6.76454
      vertex 59.2493 18.6836 6.29732
      vertex 59.3821 18.7426 6.76454
    endloop
  endfacet
  facet normal 0 -0.809022 0.587778
    outer loop
      vertex 57.4624 17.8894 4.60966
      vertex 23.6628 18.1662 4.99065
      vertex 23.04 17.8894 4.60966
    endloop
  endfacet
  facet normal 0 -0.809022 0.587778
    outer loop
      vertex 23.6628 18.1662 4.99065
      vertex 57.4624 17.8894 4.60966
      vertex 58.0852 18.1662 4.99065
    endloop
  endfacet
  facet normal 0 -0.187288 -0.982305
    outer loop
      vertex 52.0187 15.47 10.7204
      vertex 18.6371 15.9326 10.6322
      vertex 53.0595 15.9326 10.6322
    endloop
  endfacet
  facet normal 0 -0.187288 -0.982305
    outer loop
      vertex 18.6371 15.9326 10.6322
      vertex 52.0187 15.47 10.7204
      vertex 17.5963 15.47 10.7204
    endloop
  endfacet
  facet normal 0 -0.876282 -0.481798
    outer loop
      vertex 24.1733 18.3931 8.59667
      vertex 58.0852 18.1662 9.00935
      vertex 23.6628 18.1662 9.00935
    endloop
  endfacet
  facet normal 0 -0.876282 -0.481798
    outer loop
      vertex 58.0852 18.1662 9.00935
      vertex 24.1733 18.3931 8.59667
      vertex 58.5957 18.3931 8.59667
    endloop
  endfacet
  facet normal 0 -0.992121 -0.125284
    outer loop
      vertex 24.9596 18.7426 7.23546
      vertex 59.2493 18.6836 7.70268
      vertex 24.8268 18.6836 7.70268
    endloop
  endfacet
  facet normal 0 -0.992121 -0.125284
    outer loop
      vertex 59.2493 18.6836 7.70268
      vertex 24.9596 18.7426 7.23546
      vertex 59.3821 18.7426 7.23546
    endloop
  endfacet
  facet normal -0 0.53585 0.844313
    outer loop
      vertex 12.474 13.1934 3.71385
      vertex 46.0018 12.7958 3.96619
      vertex 46.8964 13.1934 3.71385
    endloop
  endfacet
  facet normal 0 0.53585 0.844313
    outer loop
      vertex 46.0018 12.7958 3.96619
      vertex 12.474 13.1934 3.71385
      vertex 11.5794 12.7958 3.96619
    endloop
  endfacet
  facet normal -0 0.18737 0.982289
    outer loop
      vertex 15.4813 14.53 3.27957
      vertex 48.8629 14.0674 3.36781
      vertex 49.9037 14.53 3.27957
    endloop
  endfacet
  facet normal 0 0.18737 0.982289
    outer loop
      vertex 48.8629 14.0674 3.36781
      vertex 15.4813 14.53 3.27957
      vertex 14.4405 14.0674 3.36781
    endloop
  endfacet
  facet normal 0 0.53579 -0.844352
    outer loop
      vertex 46.0018 12.7958 10.0338
      vertex 12.474 13.1934 10.2861
      vertex 46.8964 13.1934 10.2861
    endloop
  endfacet
  facet normal 0 0.53579 -0.844352
    outer loop
      vertex 12.474 13.1934 10.2861
      vertex 46.0018 12.7958 10.0338
      vertex 11.5794 12.7958 10.0338
    endloop
  endfacet
  facet normal 0 0.42594 -0.904751
    outer loop
      vertex 46.8964 13.1934 10.2861
      vertex 13.4327 13.6195 10.4867
      vertex 47.8552 13.6195 10.4867
    endloop
  endfacet
  facet normal 0 0.42594 -0.904751
    outer loop
      vertex 13.4327 13.6195 10.4867
      vertex 46.8964 13.1934 10.2861
      vertex 12.474 13.1934 10.2861
    endloop
  endfacet
  facet normal -0 0.809022 0.587778
    outer loop
      vertex 10.0376 12.1106 4.60966
      vertex 43.8372 11.8338 4.99065
      vertex 44.46 12.1106 4.60966
    endloop
  endfacet
  facet normal 0 0.809022 0.587778
    outer loop
      vertex 43.8372 11.8338 4.99065
      vertex 10.0376 12.1106 4.60966
      vertex 9.41478 11.8338 4.99065
    endloop
  endfacet
  facet normal -0 0.876282 0.481798
    outer loop
      vertex 9.41478 11.8338 4.99065
      vertex 43.3267 11.6069 5.40333
      vertex 43.8372 11.8338 4.99065
    endloop
  endfacet
  facet normal 0 0.876282 0.481798
    outer loop
      vertex 43.3267 11.6069 5.40333
      vertex 9.41478 11.8338 4.99065
      vertex 8.90432 11.6069 5.40333
    endloop
  endfacet
  facet normal 0 -0.637365 -0.770562
    outer loop
      vertex 55.9206 17.2042 10.0338
      vertex 22.3147 17.5671 9.73363
      vertex 56.7371 17.5671 9.73363
    endloop
  endfacet
  facet normal 0 -0.637365 -0.770562
    outer loop
      vertex 22.3147 17.5671 9.73363
      vertex 55.9206 17.2042 10.0338
      vertex 21.4982 17.2042 10.0338
    endloop
  endfacet
  facet normal -0 0.309014 0.951057
    outer loop
      vertex 14.4405 14.0674 3.36781
      vertex 47.8552 13.6195 3.51334
      vertex 48.8629 14.0674 3.36781
    endloop
  endfacet
  facet normal 0 0.309014 0.951057
    outer loop
      vertex 47.8552 13.6195 3.51334
      vertex 14.4405 14.0674 3.36781
      vertex 13.4327 13.6195 3.51334
    endloop
  endfacet
  facet normal -0 0.425784 0.904825
    outer loop
      vertex 13.4327 13.6195 3.51334
      vertex 46.8964 13.1934 3.71385
      vertex 47.8552 13.6195 3.51334
    endloop
  endfacet
  facet normal 0 0.425784 0.904825
    outer loop
      vertex 46.8964 13.1934 3.71385
      vertex 13.4327 13.6195 3.51334
      vertex 12.474 13.1934 3.71385
    endloop
  endfacet
  facet normal -0 0.0627907 0.998027
    outer loop
      vertex 16.5388 15 3.25
      vertex 49.9037 14.53 3.27957
      vertex 50.9612 15 3.25
    endloop
  endfacet
  facet normal 0 0.0627907 0.998027
    outer loop
      vertex 49.9037 14.53 3.27957
      vertex 16.5388 15 3.25
      vertex 15.4813 14.53 3.27957
    endloop
  endfacet
  facet normal 0 0.929748 -0.368196
    outer loop
      vertex 42.9367 11.4335 8.15881
      vertex 8.90432 11.6069 8.59667
      vertex 43.3267 11.6069 8.59667
    endloop
  endfacet
  facet normal 0 0.929748 -0.368196
    outer loop
      vertex 8.90432 11.6069 8.59667
      vertex 42.9367 11.4335 8.15881
      vertex 8.51425 11.4335 8.15881
    endloop
  endfacet
  facet normal 0 0.96859 -0.248661
    outer loop
      vertex 42.6732 11.3164 7.70268
      vertex 8.51425 11.4335 8.15881
      vertex 42.9367 11.4335 8.15881
    endloop
  endfacet
  facet normal 0 0.96859 -0.248661
    outer loop
      vertex 8.51425 11.4335 8.15881
      vertex 42.6732 11.3164 7.70268
      vertex 8.25074 11.3164 7.70268
    endloop
  endfacet
  facet normal 0 0.637365 -0.770562
    outer loop
      vertex 45.1853 12.4329 9.73363
      vertex 11.5794 12.7958 10.0338
      vertex 46.0018 12.7958 10.0338
    endloop
  endfacet
  facet normal 0 0.637365 -0.770562
    outer loop
      vertex 11.5794 12.7958 10.0338
      vertex 45.1853 12.4329 9.73363
      vertex 10.7629 12.4329 9.73363
    endloop
  endfacet
  facet normal 0 0.308956 -0.951076
    outer loop
      vertex 47.8552 13.6195 10.4867
      vertex 14.4405 14.0674 10.6322
      vertex 48.8629 14.0674 10.6322
    endloop
  endfacet
  facet normal 0 0.308956 -0.951076
    outer loop
      vertex 14.4405 14.0674 10.6322
      vertex 47.8552 13.6195 10.4867
      vertex 13.4327 13.6195 10.4867
    endloop
  endfacet
  facet normal -0 0.729044 0.684467
    outer loop
      vertex 10.7629 12.4329 4.26637
      vertex 44.46 12.1106 4.60966
      vertex 45.1853 12.4329 4.26637
    endloop
  endfacet
  facet normal 0 0.729044 0.684467
    outer loop
      vertex 44.46 12.1106 4.60966
      vertex 10.7629 12.4329 4.26637
      vertex 10.0376 12.1106 4.60966
    endloop
  endfacet
  facet normal 0 0.992121 -0.125284
    outer loop
      vertex 42.5404 11.2574 7.23546
      vertex 8.25074 11.3164 7.70268
      vertex 42.6732 11.3164 7.70268
    endloop
  endfacet
  facet normal 0 0.992121 -0.125284
    outer loop
      vertex 8.25074 11.3164 7.70268
      vertex 42.5404 11.2574 7.23546
      vertex 8.11794 11.2574 7.23546
    endloop
  endfacet
  facet normal 0 0.729044 -0.684467
    outer loop
      vertex 44.46 12.1106 9.39034
      vertex 10.7629 12.4329 9.73363
      vertex 45.1853 12.4329 9.73363
    endloop
  endfacet
  facet normal 0 0.729044 -0.684467
    outer loop
      vertex 10.7629 12.4329 9.73363
      vertex 44.46 12.1106 9.39034
      vertex 10.0376 12.1106 9.39034
    endloop
  endfacet
  facet normal 0 0.187288 -0.982305
    outer loop
      vertex 48.8629 14.0674 10.6322
      vertex 15.4813 14.53 10.7204
      vertex 49.9037 14.53 10.7204
    endloop
  endfacet
  facet normal 0 0.187288 -0.982305
    outer loop
      vertex 15.4813 14.53 10.7204
      vertex 48.8629 14.0674 10.6322
      vertex 14.4405 14.0674 10.6322
    endloop
  endfacet
  facet normal 0 0.0628542 -0.998023
    outer loop
      vertex 49.9037 14.53 10.7204
      vertex 16.5388 15 10.75
      vertex 50.9612 15 10.75
    endloop
  endfacet
  facet normal 0 0.0628542 -0.998023
    outer loop
      vertex 16.5388 15 10.75
      vertex 49.9037 14.53 10.7204
      vertex 15.4813 14.53 10.7204
    endloop
  endfacet
  facet normal -0 0.637377 0.770552
    outer loop
      vertex 11.5794 12.7958 3.96619
      vertex 45.1853 12.4329 4.26637
      vertex 46.0018 12.7958 3.96619
    endloop
  endfacet
  facet normal 0 0.637377 0.770552
    outer loop
      vertex 45.1853 12.4329 4.26637
      vertex 11.5794 12.7958 3.96619
      vertex 10.7629 12.4329 4.26637
    endloop
  endfacet
  facet normal -0 0.96859 0.248661
    outer loop
      vertex 8.51425 11.4335 5.84119
      vertex 42.6732 11.3164 6.29732
      vertex 42.9367 11.4335 5.84119
    endloop
  endfacet
  facet normal 0 0.96859 0.248661
    outer loop
      vertex 42.6732 11.3164 6.29732
      vertex 8.51425 11.4335 5.84119
      vertex 8.25074 11.3164 6.29732
    endloop
  endfacet
  facet normal -0 0.992121 0.125284
    outer loop
      vertex 8.25074 11.3164 6.29732
      vertex 42.5404 11.2574 6.76454
      vertex 42.6732 11.3164 6.29732
    endloop
  endfacet
  facet normal 0 0.992121 0.125284
    outer loop
      vertex 42.5404 11.2574 6.76454
      vertex 8.25074 11.3164 6.29732
      vertex 8.11794 11.2574 6.76454
    endloop
  endfacet
  facet normal 0 0.876282 -0.481798
    outer loop
      vertex 43.3267 11.6069 8.59667
      vertex 9.41478 11.8338 9.00935
      vertex 43.8372 11.8338 9.00935
    endloop
  endfacet
  facet normal 0 0.876282 -0.481798
    outer loop
      vertex 9.41478 11.8338 9.00935
      vertex 43.3267 11.6069 8.59667
      vertex 8.90432 11.6069 8.59667
    endloop
  endfacet
  facet normal 0 0.809022 -0.587778
    outer loop
      vertex 43.8372 11.8338 9.00935
      vertex 10.0376 12.1106 9.39034
      vertex 44.46 12.1106 9.39034
    endloop
  endfacet
  facet normal 0 0.809022 -0.587778
    outer loop
      vertex 10.0376 12.1106 9.39034
      vertex 43.8372 11.8338 9.00935
      vertex 9.41478 11.8338 9.00935
    endloop
  endfacet
  facet normal 0 -0.0628123 0.998025
    outer loop
      vertex -74.5 15.2663 4.89176
      vertex -63.5 15 4.875
      vertex -63.5 15.2663 4.89176
    endloop
  endfacet
  facet normal 0 -0.0628123 0.998025
    outer loop
      vertex -63.5 15 4.875
      vertex -74.5 15.2663 4.89176
      vertex -74.5 15 4.875
    endloop
  endfacet
  facet normal 0 -0.0628123 -0.998025
    outer loop
      vertex -74.5 15 9.125
      vertex -63.5 15.2663 9.10824
      vertex -63.5 15 9.125
    endloop
  endfacet
  facet normal -0 -0.0628123 -0.998025
    outer loop
      vertex -63.5 15.2663 9.10824
      vertex -74.5 15 9.125
      vertex -74.5 15.2663 9.10824
    endloop
  endfacet
  facet normal 0 -1 0
    outer loop
      vertex -74.5 17.1208 6.86657
      vertex -63.5 17.1208 7.13343
      vertex -74.5 17.1208 7.13343
    endloop
  endfacet
  facet normal 0 -1 -0
    outer loop
      vertex -63.5 17.1208 7.13343
      vertex -74.5 17.1208 6.86657
      vertex -63.5 17.1208 6.86657
    endloop
  endfacet
  facet normal 0 1 -0
    outer loop
      vertex -63.5 12.8792 6.86657
      vertex -74.5 12.8792 7.13343
      vertex -63.5 12.8792 7.13343
    endloop
  endfacet
  facet normal 0 1 0
    outer loop
      vertex -74.5 12.8792 7.13343
      vertex -63.5 12.8792 6.86657
      vertex -74.5 12.8792 6.86657
    endloop
  endfacet
  facet normal 0 -0.72911 0.684396
    outer loop
      vertex -74.5 16.4547 5.45094
      vertex -63.5 16.6373 5.64547
      vertex -74.5 16.6373 5.64547
    endloop
  endfacet
  facet normal 0 -0.72911 0.684396
    outer loop
      vertex -63.5 16.6373 5.64547
      vertex -74.5 16.4547 5.45094
      vertex -63.5 16.4547 5.45094
    endloop
  endfacet
  facet normal 0 -0.72911 -0.684396
    outer loop
      vertex -74.5 16.6373 8.35453
      vertex -63.5 16.4547 8.54906
      vertex -74.5 16.4547 8.54906
    endloop
  endfacet
  facet normal 0 -0.72911 -0.684396
    outer loop
      vertex -63.5 16.4547 8.54906
      vertex -74.5 16.6373 8.35453
      vertex -63.5 16.6373 8.35453
    endloop
  endfacet
  facet normal 0 -0.929825 -0.368003
    outer loop
      vertex -74.5 17.021 7.65666
      vertex -63.5 16.9228 7.90478
      vertex -74.5 16.9228 7.90478
    endloop
  endfacet
  facet normal 0 -0.929825 -0.368003
    outer loop
      vertex -63.5 16.9228 7.90478
      vertex -74.5 17.021 7.65666
      vertex -63.5 17.021 7.65666
    endloop
  endfacet
  facet normal 0 -0.425858 0.90479
    outer loop
      vertex -74.5 16.0237 5.13785
      vertex -63.5 15.7823 5.02423
      vertex -63.5 16.0237 5.13785
    endloop
  endfacet
  facet normal 0 -0.425858 0.90479
    outer loop
      vertex -63.5 15.7823 5.02423
      vertex -74.5 16.0237 5.13785
      vertex -74.5 15.7823 5.02423
    endloop
  endfacet
  facet normal 0 -0.187319 0.982299
    outer loop
      vertex -74.5 15.5285 4.94176
      vertex -63.5 15.2663 4.89176
      vertex -63.5 15.5285 4.94176
    endloop
  endfacet
  facet normal 0 -0.187319 0.982299
    outer loop
      vertex -63.5 15.2663 4.89176
      vertex -74.5 15.5285 4.94176
      vertex -74.5 15.2663 4.89176
    endloop
  endfacet
  facet normal 0 -0.535854 0.844311
    outer loop
      vertex -74.5 16.249 5.28084
      vertex -63.5 16.0237 5.13785
      vertex -63.5 16.249 5.28084
    endloop
  endfacet
  facet normal 0 -0.535854 0.844311
    outer loop
      vertex -63.5 16.0237 5.13785
      vertex -74.5 16.249 5.28084
      vertex -74.5 16.0237 5.13785
    endloop
  endfacet
  facet normal 0 -0.929825 0.368003
    outer loop
      vertex -74.5 16.9228 6.09522
      vertex -63.5 17.021 6.34334
      vertex -74.5 17.021 6.34334
    endloop
  endfacet
  facet normal 0 -0.929825 0.368003
    outer loop
      vertex -63.5 17.021 6.34334
      vertex -74.5 16.9228 6.09522
      vertex -63.5 16.9228 6.09522
    endloop
  endfacet
  facet normal 0 -0.968553 0.248808
    outer loop
      vertex -74.5 17.021 6.34334
      vertex -63.5 17.0874 6.60182
      vertex -74.5 17.0874 6.60182
    endloop
  endfacet
  facet normal 0 -0.968553 0.248808
    outer loop
      vertex -63.5 17.0874 6.60182
      vertex -74.5 17.021 6.34334
      vertex -63.5 17.021 6.34334
    endloop
  endfacet
  facet normal 0 -0.876244 0.481868
    outer loop
      vertex -74.5 16.7942 5.86137
      vertex -63.5 16.9228 6.09522
      vertex -74.5 16.9228 6.09522
    endloop
  endfacet
  facet normal 0 -0.876244 0.481868
    outer loop
      vertex -63.5 16.9228 6.09522
      vertex -74.5 16.7942 5.86137
      vertex -63.5 16.7942 5.86137
    endloop
  endfacet
  facet normal 0 -0.535854 -0.844311
    outer loop
      vertex -74.5 16.0237 8.86215
      vertex -63.5 16.249 8.71916
      vertex -63.5 16.0237 8.86215
    endloop
  endfacet
  facet normal -0 -0.535854 -0.844311
    outer loop
      vertex -63.5 16.249 8.71916
      vertex -74.5 16.0237 8.86215
      vertex -74.5 16.249 8.71916
    endloop
  endfacet
  facet normal 0 -0.637269 -0.770642
    outer loop
      vertex -74.5 16.249 8.71916
      vertex -63.5 16.4547 8.54906
      vertex -63.5 16.249 8.71916
    endloop
  endfacet
  facet normal -0 -0.637269 -0.770642
    outer loop
      vertex -63.5 16.4547 8.54906
      vertex -74.5 16.249 8.71916
      vertex -74.5 16.4547 8.54906
    endloop
  endfacet
  facet normal 0 -0.309035 -0.951051
    outer loop
      vertex -74.5 15.5285 9.05824
      vertex -63.5 15.7823 8.97577
      vertex -63.5 15.5285 9.05824
    endloop
  endfacet
  facet normal -0 -0.309035 -0.951051
    outer loop
      vertex -63.5 15.7823 8.97577
      vertex -74.5 15.5285 9.05824
      vertex -74.5 15.7823 8.97577
    endloop
  endfacet
  facet normal 0 -0.808947 -0.587882
    outer loop
      vertex -74.5 16.7942 8.13863
      vertex -63.5 16.6373 8.35453
      vertex -74.5 16.6373 8.35453
    endloop
  endfacet
  facet normal 0 -0.808947 -0.587882
    outer loop
      vertex -63.5 16.6373 8.35453
      vertex -74.5 16.7942 8.13863
      vertex -63.5 16.7942 8.13863
    endloop
  endfacet
  facet normal 0 -0.992136 -0.125165
    outer loop
      vertex -74.5 17.1208 7.13343
      vertex -63.5 17.0874 7.39818
      vertex -74.5 17.0874 7.39818
    endloop
  endfacet
  facet normal 0 -0.992136 -0.125165
    outer loop
      vertex -63.5 17.0874 7.39818
      vertex -74.5 17.1208 7.13343
      vertex -63.5 17.1208 7.13343
    endloop
  endfacet
  facet normal 0 0.992136 0.125165
    outer loop
      vertex -63.5 12.9126 6.60182
      vertex -74.5 12.8792 6.86657
      vertex -63.5 12.8792 6.86657
    endloop
  endfacet
  facet normal 0 0.992136 0.125165
    outer loop
      vertex -74.5 12.8792 6.86657
      vertex -63.5 12.9126 6.60182
      vertex -74.5 12.9126 6.60182
    endloop
  endfacet
  facet normal 0 -0.309035 0.951051
    outer loop
      vertex -74.5 15.7823 5.02423
      vertex -63.5 15.5285 4.94176
      vertex -63.5 15.7823 5.02423
    endloop
  endfacet
  facet normal 0 -0.309035 0.951051
    outer loop
      vertex -63.5 15.5285 4.94176
      vertex -74.5 15.7823 5.02423
      vertex -74.5 15.5285 4.94176
    endloop
  endfacet
  facet normal 0 -0.637269 0.770642
    outer loop
      vertex -74.5 16.4547 5.45094
      vertex -63.5 16.249 5.28084
      vertex -63.5 16.4547 5.45094
    endloop
  endfacet
  facet normal 0 -0.637269 0.770642
    outer loop
      vertex -63.5 16.249 5.28084
      vertex -74.5 16.4547 5.45094
      vertex -74.5 16.249 5.28084
    endloop
  endfacet
  facet normal 0 -0.992136 0.125165
    outer loop
      vertex -74.5 17.0874 6.60182
      vertex -63.5 17.1208 6.86657
      vertex -74.5 17.1208 6.86657
    endloop
  endfacet
  facet normal 0 -0.992136 0.125165
    outer loop
      vertex -63.5 17.1208 6.86657
      vertex -74.5 17.0874 6.60182
      vertex -63.5 17.0874 6.60182
    endloop
  endfacet
  facet normal 0 -0.808947 0.587882
    outer loop
      vertex -74.5 16.6373 5.64547
      vertex -63.5 16.7942 5.86137
      vertex -74.5 16.7942 5.86137
    endloop
  endfacet
  facet normal 0 -0.808947 0.587882
    outer loop
      vertex -63.5 16.7942 5.86137
      vertex -74.5 16.6373 5.64547
      vertex -63.5 16.6373 5.64547
    endloop
  endfacet
  facet normal 0 -0.425858 -0.90479
    outer loop
      vertex -74.5 15.7823 8.97577
      vertex -63.5 16.0237 8.86215
      vertex -63.5 15.7823 8.97577
    endloop
  endfacet
  facet normal -0 -0.425858 -0.90479
    outer loop
      vertex -63.5 16.0237 8.86215
      vertex -74.5 15.7823 8.97577
      vertex -74.5 16.0237 8.86215
    endloop
  endfacet
  facet normal 0 -0.187319 -0.982299
    outer loop
      vertex -74.5 15.2663 9.10824
      vertex -63.5 15.5285 9.05824
      vertex -63.5 15.2663 9.10824
    endloop
  endfacet
  facet normal -0 -0.187319 -0.982299
    outer loop
      vertex -63.5 15.5285 9.05824
      vertex -74.5 15.2663 9.10824
      vertex -74.5 15.5285 9.05824
    endloop
  endfacet
  facet normal -0 0.0628123 0.998025
    outer loop
      vertex -74.5 15 4.875
      vertex -63.5 14.7337 4.89176
      vertex -63.5 15 4.875
    endloop
  endfacet
  facet normal 0 0.0628123 0.998025
    outer loop
      vertex -63.5 14.7337 4.89176
      vertex -74.5 15 4.875
      vertex -74.5 14.7337 4.89176
    endloop
  endfacet
  facet normal -0 0.637269 0.770642
    outer loop
      vertex -74.5 13.751 5.28084
      vertex -63.5 13.5453 5.45094
      vertex -63.5 13.751 5.28084
    endloop
  endfacet
  facet normal 0 0.637269 0.770642
    outer loop
      vertex -63.5 13.5453 5.45094
      vertex -74.5 13.751 5.28084
      vertex -74.5 13.5453 5.45094
    endloop
  endfacet
  facet normal -0 0.309035 0.951051
    outer loop
      vertex -74.5 14.4715 4.94176
      vertex -63.5 14.2177 5.02423
      vertex -63.5 14.4715 4.94176
    endloop
  endfacet
  facet normal 0 0.309035 0.951051
    outer loop
      vertex -63.5 14.2177 5.02423
      vertex -74.5 14.4715 4.94176
      vertex -74.5 14.2177 5.02423
    endloop
  endfacet
  facet normal -0 0.187319 0.982299
    outer loop
      vertex -74.5 14.7337 4.89176
      vertex -63.5 14.4715 4.94176
      vertex -63.5 14.7337 4.89176
    endloop
  endfacet
  facet normal 0 0.187319 0.982299
    outer loop
      vertex -63.5 14.4715 4.94176
      vertex -74.5 14.7337 4.89176
      vertex -74.5 14.4715 4.94176
    endloop
  endfacet
  facet normal 0 0.425858 -0.90479
    outer loop
      vertex -74.5 13.9763 8.86215
      vertex -63.5 14.2177 8.97577
      vertex -63.5 13.9763 8.86215
    endloop
  endfacet
  facet normal 0 0.425858 -0.90479
    outer loop
      vertex -63.5 14.2177 8.97577
      vertex -74.5 13.9763 8.86215
      vertex -74.5 14.2177 8.97577
    endloop
  endfacet
  facet normal 0 0.929825 0.368003
    outer loop
      vertex -63.5 13.0772 6.09522
      vertex -74.5 12.979 6.34334
      vertex -63.5 12.979 6.34334
    endloop
  endfacet
  facet normal 0 0.929825 0.368003
    outer loop
      vertex -74.5 12.979 6.34334
      vertex -63.5 13.0772 6.09522
      vertex -74.5 13.0772 6.09522
    endloop
  endfacet
  facet normal 0 -0.876244 -0.481868
    outer loop
      vertex -74.5 16.9228 7.90478
      vertex -63.5 16.7942 8.13863
      vertex -74.5 16.7942 8.13863
    endloop
  endfacet
  facet normal 0 -0.876244 -0.481868
    outer loop
      vertex -63.5 16.7942 8.13863
      vertex -74.5 16.9228 7.90478
      vertex -63.5 16.9228 7.90478
    endloop
  endfacet
  facet normal 0 -0.968553 -0.248808
    outer loop
      vertex -74.5 17.0874 7.39818
      vertex -63.5 17.021 7.65666
      vertex -74.5 17.021 7.65666
    endloop
  endfacet
  facet normal 0 -0.968553 -0.248808
    outer loop
      vertex -63.5 17.021 7.65666
      vertex -74.5 17.0874 7.39818
      vertex -63.5 17.0874 7.39818
    endloop
  endfacet
  facet normal 0 0.72911 0.684396
    outer loop
      vertex -63.5 13.5453 5.45094
      vertex -74.5 13.3627 5.64547
      vertex -63.5 13.3627 5.64547
    endloop
  endfacet
  facet normal 0 0.72911 0.684396
    outer loop
      vertex -74.5 13.3627 5.64547
      vertex -63.5 13.5453 5.45094
      vertex -74.5 13.5453 5.45094
    endloop
  endfacet
  facet normal -0 0.535854 0.844311
    outer loop
      vertex -74.5 13.9763 5.13785
      vertex -63.5 13.751 5.28084
      vertex -63.5 13.9763 5.13785
    endloop
  endfacet
  facet normal 0 0.535854 0.844311
    outer loop
      vertex -63.5 13.751 5.28084
      vertex -74.5 13.9763 5.13785
      vertex -74.5 13.751 5.28084
    endloop
  endfacet
  facet normal 0 0.929825 -0.368003
    outer loop
      vertex -63.5 12.979 7.65666
      vertex -74.5 13.0772 7.90478
      vertex -63.5 13.0772 7.90478
    endloop
  endfacet
  facet normal 0 0.929825 -0.368003
    outer loop
      vertex -74.5 13.0772 7.90478
      vertex -63.5 12.979 7.65666
      vertex -74.5 12.979 7.65666
    endloop
  endfacet
  facet normal 0 0.637269 -0.770642
    outer loop
      vertex -74.5 13.5453 8.54906
      vertex -63.5 13.751 8.71916
      vertex -63.5 13.5453 8.54906
    endloop
  endfacet
  facet normal 0 0.637269 -0.770642
    outer loop
      vertex -63.5 13.751 8.71916
      vertex -74.5 13.5453 8.54906
      vertex -74.5 13.751 8.71916
    endloop
  endfacet
  facet normal 0 0.309035 -0.951051
    outer loop
      vertex -74.5 14.2177 8.97577
      vertex -63.5 14.4715 9.05824
      vertex -63.5 14.2177 8.97577
    endloop
  endfacet
  facet normal 0 0.309035 -0.951051
    outer loop
      vertex -63.5 14.4715 9.05824
      vertex -74.5 14.2177 8.97577
      vertex -74.5 14.4715 9.05824
    endloop
  endfacet
  facet normal 0 0.968553 0.248808
    outer loop
      vertex -63.5 12.979 6.34334
      vertex -74.5 12.9126 6.60182
      vertex -63.5 12.9126 6.60182
    endloop
  endfacet
  facet normal 0 0.968553 0.248808
    outer loop
      vertex -74.5 12.9126 6.60182
      vertex -63.5 12.979 6.34334
      vertex -74.5 12.979 6.34334
    endloop
  endfacet
  facet normal 0 0.876244 0.481868
    outer loop
      vertex -63.5 13.2058 5.86137
      vertex -74.5 13.0772 6.09522
      vertex -63.5 13.0772 6.09522
    endloop
  endfacet
  facet normal 0 0.876244 0.481868
    outer loop
      vertex -74.5 13.0772 6.09522
      vertex -63.5 13.2058 5.86137
      vertex -74.5 13.2058 5.86137
    endloop
  endfacet
  facet normal 0 0.808947 0.587882
    outer loop
      vertex -63.5 13.3627 5.64547
      vertex -74.5 13.2058 5.86137
      vertex -63.5 13.2058 5.86137
    endloop
  endfacet
  facet normal 0 0.808947 0.587882
    outer loop
      vertex -74.5 13.2058 5.86137
      vertex -63.5 13.3627 5.64547
      vertex -74.5 13.3627 5.64547
    endloop
  endfacet
  facet normal -0 0.425858 0.90479
    outer loop
      vertex -74.5 14.2177 5.02423
      vertex -63.5 13.9763 5.13785
      vertex -63.5 14.2177 5.02423
    endloop
  endfacet
  facet normal 0 0.425858 0.90479
    outer loop
      vertex -63.5 13.9763 5.13785
      vertex -74.5 14.2177 5.02423
      vertex -74.5 13.9763 5.13785
    endloop
  endfacet
  facet normal 0 0.992136 -0.125165
    outer loop
      vertex -63.5 12.8792 7.13343
      vertex -74.5 12.9126 7.39818
      vertex -63.5 12.9126 7.39818
    endloop
  endfacet
  facet normal 0 0.992136 -0.125165
    outer loop
      vertex -74.5 12.9126 7.39818
      vertex -63.5 12.8792 7.13343
      vertex -74.5 12.8792 7.13343
    endloop
  endfacet
  facet normal 0 0.808947 -0.587882
    outer loop
      vertex -63.5 13.2058 8.13863
      vertex -74.5 13.3627 8.35453
      vertex -63.5 13.3627 8.35453
    endloop
  endfacet
  facet normal 0 0.808947 -0.587882
    outer loop
      vertex -74.5 13.3627 8.35453
      vertex -63.5 13.2058 8.13863
      vertex -74.5 13.2058 8.13863
    endloop
  endfacet
  facet normal 0 0.968553 -0.248808
    outer loop
      vertex -63.5 12.9126 7.39818
      vertex -74.5 12.979 7.65666
      vertex -63.5 12.979 7.65666
    endloop
  endfacet
  facet normal 0 0.968553 -0.248808
    outer loop
      vertex -74.5 12.979 7.65666
      vertex -63.5 12.9126 7.39818
      vertex -74.5 12.9126 7.39818
    endloop
  endfacet
  facet normal 0 0.72911 -0.684396
    outer loop
      vertex -63.5 13.3627 8.35453
      vertex -74.5 13.5453 8.54906
      vertex -63.5 13.5453 8.54906
    endloop
  endfacet
  facet normal 0 0.72911 -0.684396
    outer loop
      vertex -74.5 13.5453 8.54906
      vertex -63.5 13.3627 8.35453
      vertex -74.5 13.3627 8.35453
    endloop
  endfacet
  facet normal 0 0.535854 -0.844311
    outer loop
      vertex -74.5 13.751 8.71916
      vertex -63.5 13.9763 8.86215
      vertex -63.5 13.751 8.71916
    endloop
  endfacet
  facet normal 0 0.535854 -0.844311
    outer loop
      vertex -63.5 13.9763 8.86215
      vertex -74.5 13.751 8.71916
      vertex -74.5 13.9763 8.86215
    endloop
  endfacet
  facet normal 0 0.187319 -0.982299
    outer loop
      vertex -74.5 14.4715 9.05824
      vertex -63.5 14.7337 9.10824
      vertex -63.5 14.4715 9.05824
    endloop
  endfacet
  facet normal 0 0.187319 -0.982299
    outer loop
      vertex -63.5 14.7337 9.10824
      vertex -74.5 14.4715 9.05824
      vertex -74.5 14.7337 9.10824
    endloop
  endfacet
  facet normal 0 0.0628123 -0.998025
    outer loop
      vertex -74.5 14.7337 9.10824
      vertex -63.5 15 9.125
      vertex -63.5 14.7337 9.10824
    endloop
  endfacet
  facet normal 0 0.0628123 -0.998025
    outer loop
      vertex -63.5 15 9.125
      vertex -74.5 14.7337 9.10824
      vertex -74.5 15 9.125
    endloop
  endfacet
  facet normal 0 0.876244 -0.481868
    outer loop
      vertex -63.5 13.0772 7.90478
      vertex -74.5 13.2058 8.13863
      vertex -63.5 13.2058 8.13863
    endloop
  endfacet
  facet normal 0 0.876244 -0.481868
    outer loop
      vertex -74.5 13.2058 8.13863
      vertex -63.5 13.0772 7.90478
      vertex -74.5 13.0772 7.90478
    endloop
  endfacet
  facet normal -0.110215 0.872751 0.47556
    outer loop
      vertex 52.7355 42.7574 14
      vertex 53.2027 42.8164 14
      vertex 52.6334 44.3792 11
    endloop
  endfacet
  facet normal -0.877947 -0.055292 0.475555
    outer loop
      vertex 56.25 46.5 14
      vertex 56.2204 46.97 14
      vertex 54.625 46.5 11
    endloop
  endfacet
  facet normal -0.877936 -0.0553861 0.475564
    outer loop
      vertex 54.625 46.5 11
      vertex 56.2204 46.97 14
      vertex 54.6082 46.7663 11
    endloop
  endfacet
  facet normal -0.877936 0.0553861 0.475564
    outer loop
      vertex 56.2204 46.03 14
      vertex 54.625 46.5 11
      vertex 54.6082 46.2337 11
    endloop
  endfacet
  facet normal 0.864111 0.164781 0.475562
    outer loop
      vertex 50.4418 45.9715 11
      vertex 50.3918 46.2337 11
      vertex 48.7796 46.03 14
    endloop
  endfacet
  facet normal 0.218758 -0.852053 0.475553
    outer loop
      vertex 52.1018 48.5874 11
      vertex 51.7973 50.1836 14
      vertex 51.3412 50.0665 14
    endloop
  endfacet
  facet normal -0.864115 0.164753 0.475565
    outer loop
      vertex 56.1322 45.5674 14
      vertex 56.2204 46.03 14
      vertex 54.5582 45.9715 11
    endloop
  endfacet
  facet normal -0.677929 0.560601 0.47554
    outer loop
      vertex 55.2336 43.9329 14
      vertex 54.2192 45.251 11
      vertex 54.0491 45.0453 11
    endloop
  endfacet
  facet normal -0.423897 0.770823 0.475545
    outer loop
      vertex 54.0967 43.1069 14
      vertex 54.5093 43.3338 14
      vertex 53.4048 44.5772 11
    endloop
  endfacet
  facet normal -0.323873 0.8179 0.475549
    outer loop
      vertex 53.6588 42.9335 14
      vertex 54.0967 43.1069 14
      vertex 53.4048 44.5772 11
    endloop
  endfacet
  facet normal -0.51705 0.711692 0.475557
    outer loop
      vertex 54.5093 43.3338 14
      vertex 54.8903 43.6106 14
      vertex 53.8545 44.8627 11
    endloop
  endfacet
  facet normal -0.602111 0.641343 0.475543
    outer loop
      vertex 54.8903 43.6106 14
      vertex 55.2336 43.9329 14
      vertex 54.0491 45.0453 11
    endloop
  endfacet
  facet normal 0.51705 0.711692 0.475557
    outer loop
      vertex 50.4907 43.3338 14
      vertex 51.1455 44.8627 11
      vertex 50.1097 43.6106 14
    endloop
  endfacet
  facet normal -0.51705 -0.711692 0.475557
    outer loop
      vertex 54.8903 49.3894 14
      vertex 54.5093 49.6662 14
      vertex 53.8545 48.1373 11
    endloop
  endfacet
  facet normal 0.51705 -0.711692 0.475557
    outer loop
      vertex 51.1455 48.1373 11
      vertex 50.4907 49.6662 14
      vertex 50.1097 49.3894 14
    endloop
  endfacet
  facet normal -0.836642 0.271783 0.475567
    outer loop
      vertex 55.9867 45.1195 14
      vertex 56.1322 45.5674 14
      vertex 54.5582 45.9715 11
    endloop
  endfacet
  facet normal -0.877947 0.055292 0.475555
    outer loop
      vertex 56.2204 46.03 14
      vertex 56.25 46.5 14
      vertex 54.625 46.5 11
    endloop
  endfacet
  facet normal -0.836695 0.271646 0.475553
    outer loop
      vertex 55.9867 45.1195 14
      vertex 54.5582 45.9715 11
      vertex 54.4758 45.7177 11
    endloop
  endfacet
  facet normal -0.795897 0.374694 0.475554
    outer loop
      vertex 55.7861 44.6934 14
      vertex 55.9867 45.1195 14
      vertex 54.4758 45.7177 11
    endloop
  endfacet
  facet normal -0.323748 0.817942 0.475561
    outer loop
      vertex 53.6588 42.9335 14
      vertex 53.4048 44.5772 11
      vertex 53.1567 44.479 11
    endloop
  endfacet
  facet normal -0.218856 0.852022 0.475563
    outer loop
      vertex 53.6588 42.9335 14
      vertex 53.1567 44.479 11
      vertex 52.8982 44.4126 11
    endloop
  endfacet
  facet normal -0.601935 0.641492 0.475565
    outer loop
      vertex 54.8903 43.6106 14
      vertex 54.0491 45.0453 11
      vertex 53.8545 44.8627 11
    endloop
  endfacet
  facet normal 0.323873 0.8179 0.475549
    outer loop
      vertex 51.3412 42.9335 14
      vertex 51.5952 44.5772 11
      vertex 50.9033 43.1069 14
    endloop
  endfacet
  facet normal 0.423963 -0.770782 0.475553
    outer loop
      vertex 51.3614 48.2942 11
      vertex 51.5952 48.4228 11
      vertex 50.4907 49.6662 14
    endloop
  endfacet
  facet normal -0.864111 0.164781 0.475562
    outer loop
      vertex 56.2204 46.03 14
      vertex 54.6082 46.2337 11
      vertex 54.5582 45.9715 11
    endloop
  endfacet
  facet normal -0.795963 0.374571 0.475541
    outer loop
      vertex 55.7861 44.6934 14
      vertex 54.4758 45.7177 11
      vertex 54.3622 45.4763 11
    endloop
  endfacet
  facet normal -0.742719 0.471411 0.475542
    outer loop
      vertex 55.7861 44.6934 14
      vertex 54.3622 45.4763 11
      vertex 54.2192 45.251 11
    endloop
  endfacet
  facet normal -0.218758 0.852053 0.475553
    outer loop
      vertex 53.2027 42.8164 14
      vertex 53.6588 42.9335 14
      vertex 52.8982 44.4126 11
    endloop
  endfacet
  facet normal -0.110086 0.872775 0.475548
    outer loop
      vertex 53.2027 42.8164 14
      vertex 52.8982 44.4126 11
      vertex 52.6334 44.3792 11
    endloop
  endfacet
  facet normal 0.836642 0.271783 0.475567
    outer loop
      vertex 49.0133 45.1195 14
      vertex 50.4418 45.9715 11
      vertex 48.8678 45.5674 14
    endloop
  endfacet
  facet normal 0.864115 0.164753 0.475565
    outer loop
      vertex 48.8678 45.5674 14
      vertex 50.4418 45.9715 11
      vertex 48.7796 46.03 14
    endloop
  endfacet
  facet normal 0.218758 0.852053 0.475553
    outer loop
      vertex 51.7973 42.8164 14
      vertex 52.1018 44.4126 11
      vertex 51.3412 42.9335 14
    endloop
  endfacet
  facet normal 0.517155 0.711624 0.475545
    outer loop
      vertex 51.3614 44.7058 11
      vertex 51.1455 44.8627 11
      vertex 50.4907 43.3338 14
    endloop
  endfacet
  facet normal 0.742766 0.471328 0.475551
    outer loop
      vertex 49.4662 44.2958 14
      vertex 50.7808 45.251 11
      vertex 49.2139 44.6934 14
    endloop
  endfacet
  facet normal 0.677825 0.560714 0.475555
    outer loop
      vertex 49.7664 43.9329 14
      vertex 50.7808 45.251 11
      vertex 49.4662 44.2958 14
    endloop
  endfacet
  facet normal -0.323748 -0.817942 0.475561
    outer loop
      vertex 53.4048 48.4228 11
      vertex 53.6588 50.0665 14
      vertex 53.1567 48.521 11
    endloop
  endfacet
  facet normal -0.218758 -0.852053 0.475553
    outer loop
      vertex 53.6588 50.0665 14
      vertex 53.2027 50.1836 14
      vertex 52.8982 48.5874 11
    endloop
  endfacet
  facet normal 0.836642 -0.271783 0.475567
    outer loop
      vertex 50.4418 47.0285 11
      vertex 49.0133 47.8805 14
      vertex 48.8678 47.4326 14
    endloop
  endfacet
  facet normal 0.864115 -0.164753 0.475565
    outer loop
      vertex 50.4418 47.0285 11
      vertex 48.8678 47.4326 14
      vertex 48.7796 46.97 14
    endloop
  endfacet
  facet normal 0.742719 -0.471411 0.475542
    outer loop
      vertex 50.6378 47.5237 11
      vertex 50.7808 47.749 11
      vertex 49.2139 48.3066 14
    endloop
  endfacet
  facet normal 0.742766 -0.471328 0.475551
    outer loop
      vertex 50.7808 47.749 11
      vertex 49.4662 48.7042 14
      vertex 49.2139 48.3066 14
    endloop
  endfacet
  facet normal -0.742766 0.471328 0.475551
    outer loop
      vertex 55.5338 44.2958 14
      vertex 55.7861 44.6934 14
      vertex 54.2192 45.251 11
    endloop
  endfacet
  facet normal -0.677825 0.560714 0.475555
    outer loop
      vertex 55.2336 43.9329 14
      vertex 55.5338 44.2958 14
      vertex 54.2192 45.251 11
    endloop
  endfacet
  facet normal -0.517155 0.711624 0.475545
    outer loop
      vertex 54.5093 43.3338 14
      vertex 53.8545 44.8627 11
      vertex 53.6386 44.7058 11
    endloop
  endfacet
  facet normal -0.423963 0.770782 0.475553
    outer loop
      vertex 54.5093 43.3338 14
      vertex 53.6386 44.7058 11
      vertex 53.4048 44.5772 11
    endloop
  endfacet
  facet normal 0.795963 0.374571 0.475541
    outer loop
      vertex 50.6378 45.4763 11
      vertex 50.5242 45.7177 11
      vertex 49.2139 44.6934 14
    endloop
  endfacet
  facet normal 0.323748 0.817942 0.475561
    outer loop
      vertex 51.8433 44.479 11
      vertex 51.5952 44.5772 11
      vertex 51.3412 42.9335 14
    endloop
  endfacet
  facet normal 0.423897 0.770823 0.475545
    outer loop
      vertex 50.9033 43.1069 14
      vertex 51.5952 44.5772 11
      vertex 50.4907 43.3338 14
    endloop
  endfacet
  facet normal 0.423963 0.770782 0.475553
    outer loop
      vertex 51.5952 44.5772 11
      vertex 51.3614 44.7058 11
      vertex 50.4907 43.3338 14
    endloop
  endfacet
  facet normal 0.601935 0.641492 0.475565
    outer loop
      vertex 51.1455 44.8627 11
      vertex 50.9509 45.0453 11
      vertex 50.1097 43.6106 14
    endloop
  endfacet
  facet normal -0.742766 -0.471328 0.475551
    outer loop
      vertex 55.7861 48.3066 14
      vertex 55.5338 48.7042 14
      vertex 54.2192 47.749 11
    endloop
  endfacet
  facet normal -0.742719 -0.471411 0.475542
    outer loop
      vertex 54.3622 47.5237 11
      vertex 55.7861 48.3066 14
      vertex 54.2192 47.749 11
    endloop
  endfacet
  facet normal -0.323873 -0.8179 0.475549
    outer loop
      vertex 54.0967 49.8931 14
      vertex 53.6588 50.0665 14
      vertex 53.4048 48.4228 11
    endloop
  endfacet
  facet normal -0.110215 -0.872751 0.47556
    outer loop
      vertex 53.2027 50.1836 14
      vertex 52.7355 50.2426 14
      vertex 52.6334 48.6208 11
    endloop
  endfacet
  facet normal -0.423897 -0.770823 0.475545
    outer loop
      vertex 54.5093 49.6662 14
      vertex 54.0967 49.8931 14
      vertex 53.4048 48.4228 11
    endloop
  endfacet
  facet normal 0.877947 0.055292 0.475555
    outer loop
      vertex 48.7796 46.03 14
      vertex 50.375 46.5 11
      vertex 48.75 46.5 14
    endloop
  endfacet
  facet normal 0.877947 -0.055292 0.475555
    outer loop
      vertex 50.375 46.5 11
      vertex 48.7796 46.97 14
      vertex 48.75 46.5 14
    endloop
  endfacet
  facet normal 0.836695 -0.271646 0.475553
    outer loop
      vertex 50.4418 47.0285 11
      vertex 50.5242 47.2823 11
      vertex 49.0133 47.8805 14
    endloop
  endfacet
  facet normal 0.677929 -0.560601 0.47554
    outer loop
      vertex 50.7808 47.749 11
      vertex 50.9509 47.9547 11
      vertex 49.7664 49.0671 14
    endloop
  endfacet
  facet normal 0.677825 -0.560714 0.475555
    outer loop
      vertex 50.7808 47.749 11
      vertex 49.7664 49.0671 14
      vertex 49.4662 48.7042 14
    endloop
  endfacet
  facet normal 0.517155 -0.711624 0.475545
    outer loop
      vertex 51.1455 48.1373 11
      vertex 51.3614 48.2942 11
      vertex 50.4907 49.6662 14
    endloop
  endfacet
  facet normal 0.323873 -0.8179 0.475549
    outer loop
      vertex 51.5952 48.4228 11
      vertex 51.3412 50.0665 14
      vertex 50.9033 49.8931 14
    endloop
  endfacet
  facet normal 0.423897 -0.770823 0.475545
    outer loop
      vertex 51.5952 48.4228 11
      vertex 50.9033 49.8931 14
      vertex 50.4907 49.6662 14
    endloop
  endfacet
  facet normal 0.323748 -0.817942 0.475561
    outer loop
      vertex 51.5952 48.4228 11
      vertex 51.8433 48.521 11
      vertex 51.3412 50.0665 14
    endloop
  endfacet
  facet normal 0.218856 -0.852022 0.475563
    outer loop
      vertex 51.8433 48.521 11
      vertex 52.1018 48.5874 11
      vertex 51.3412 50.0665 14
    endloop
  endfacet
  facet normal 0.836695 0.271646 0.475553
    outer loop
      vertex 50.5242 45.7177 11
      vertex 50.4418 45.9715 11
      vertex 49.0133 45.1195 14
    endloop
  endfacet
  facet normal 0.795897 0.374694 0.475554
    outer loop
      vertex 49.2139 44.6934 14
      vertex 50.5242 45.7177 11
      vertex 49.0133 45.1195 14
    endloop
  endfacet
  facet normal 0.742719 0.471411 0.475542
    outer loop
      vertex 50.7808 45.251 11
      vertex 50.6378 45.4763 11
      vertex 49.2139 44.6934 14
    endloop
  endfacet
  facet normal 0.218856 0.852022 0.475563
    outer loop
      vertex 52.1018 44.4126 11
      vertex 51.8433 44.479 11
      vertex 51.3412 42.9335 14
    endloop
  endfacet
  facet normal 0.110215 0.872751 0.47556
    outer loop
      vertex 52.2645 42.7574 14
      vertex 52.3666 44.3792 11
      vertex 51.7973 42.8164 14
    endloop
  endfacet
  facet normal 0 0.879685 0.475558
    outer loop
      vertex 52.6334 44.3792 11
      vertex 52.2645 42.7574 14
      vertex 52.7355 42.7574 14
    endloop
  endfacet
  facet normal 0 0.879685 0.475558
    outer loop
      vertex 52.2645 42.7574 14
      vertex 52.6334 44.3792 11
      vertex 52.3666 44.3792 11
    endloop
  endfacet
  facet normal 0.677929 0.560601 0.47554
    outer loop
      vertex 50.9509 45.0453 11
      vertex 50.7808 45.251 11
      vertex 49.7664 43.9329 14
    endloop
  endfacet
  facet normal 0.602111 0.641343 0.475543
    outer loop
      vertex 50.1097 43.6106 14
      vertex 50.9509 45.0453 11
      vertex 49.7664 43.9329 14
    endloop
  endfacet
  facet normal -0.795963 -0.374571 0.475541
    outer loop
      vertex 54.4758 47.2823 11
      vertex 55.7861 48.3066 14
      vertex 54.3622 47.5237 11
    endloop
  endfacet
  facet normal -0.677825 -0.560714 0.475555
    outer loop
      vertex 55.5338 48.7042 14
      vertex 55.2336 49.0671 14
      vertex 54.2192 47.749 11
    endloop
  endfacet
  facet normal -0.110086 -0.872775 0.475548
    outer loop
      vertex 52.8982 48.5874 11
      vertex 53.2027 50.1836 14
      vertex 52.6334 48.6208 11
    endloop
  endfacet
  facet normal -0.218856 -0.852022 0.475563
    outer loop
      vertex 53.1567 48.521 11
      vertex 53.6588 50.0665 14
      vertex 52.8982 48.5874 11
    endloop
  endfacet
  facet normal -0.423963 -0.770782 0.475553
    outer loop
      vertex 53.6386 48.2942 11
      vertex 54.5093 49.6662 14
      vertex 53.4048 48.4228 11
    endloop
  endfacet
  facet normal -0.517155 -0.711624 0.475545
    outer loop
      vertex 53.8545 48.1373 11
      vertex 54.5093 49.6662 14
      vertex 53.6386 48.2942 11
    endloop
  endfacet
  facet normal 0.877936 0.0553861 0.475564
    outer loop
      vertex 50.3918 46.2337 11
      vertex 50.375 46.5 11
      vertex 48.7796 46.03 14
    endloop
  endfacet
  facet normal 0.795897 -0.374694 0.475554
    outer loop
      vertex 50.5242 47.2823 11
      vertex 49.2139 48.3066 14
      vertex 49.0133 47.8805 14
    endloop
  endfacet
  facet normal 0.795963 -0.374571 0.475541
    outer loop
      vertex 50.5242 47.2823 11
      vertex 50.6378 47.5237 11
      vertex 49.2139 48.3066 14
    endloop
  endfacet
  facet normal 0.602111 -0.641343 0.475543
    outer loop
      vertex 50.9509 47.9547 11
      vertex 50.1097 49.3894 14
      vertex 49.7664 49.0671 14
    endloop
  endfacet
  facet normal 0.601935 -0.641492 0.475565
    outer loop
      vertex 50.9509 47.9547 11
      vertex 51.1455 48.1373 11
      vertex 50.1097 49.3894 14
    endloop
  endfacet
  facet normal 0.110086 0.872775 0.475548
    outer loop
      vertex 52.3666 44.3792 11
      vertex 52.1018 44.4126 11
      vertex 51.7973 42.8164 14
    endloop
  endfacet
  facet normal -0.864115 -0.164753 0.475565
    outer loop
      vertex 56.2204 46.97 14
      vertex 56.1322 47.4326 14
      vertex 54.5582 47.0285 11
    endloop
  endfacet
  facet normal -0.864111 -0.164781 0.475562
    outer loop
      vertex 54.6082 46.7663 11
      vertex 56.2204 46.97 14
      vertex 54.5582 47.0285 11
    endloop
  endfacet
  facet normal -0.602111 -0.641343 0.475543
    outer loop
      vertex 55.2336 49.0671 14
      vertex 54.8903 49.3894 14
      vertex 54.0491 47.9547 11
    endloop
  endfacet
  facet normal -0.677929 -0.560601 0.47554
    outer loop
      vertex 54.2192 47.749 11
      vertex 55.2336 49.0671 14
      vertex 54.0491 47.9547 11
    endloop
  endfacet
  facet normal 0.110215 -0.872751 0.47556
    outer loop
      vertex 52.3666 48.6208 11
      vertex 52.2645 50.2426 14
      vertex 51.7973 50.1836 14
    endloop
  endfacet
  facet normal 0 -0.879685 0.475558
    outer loop
      vertex 52.3666 48.6208 11
      vertex 52.7355 50.2426 14
      vertex 52.2645 50.2426 14
    endloop
  endfacet
  facet normal 0 -0.879685 0.475558
    outer loop
      vertex 52.7355 50.2426 14
      vertex 52.3666 48.6208 11
      vertex 52.6334 48.6208 11
    endloop
  endfacet
  facet normal 0.877936 -0.0553861 0.475564
    outer loop
      vertex 50.375 46.5 11
      vertex 50.3918 46.7663 11
      vertex 48.7796 46.97 14
    endloop
  endfacet
  facet normal 0.864111 -0.164781 0.475562
    outer loop
      vertex 50.3918 46.7663 11
      vertex 50.4418 47.0285 11
      vertex 48.7796 46.97 14
    endloop
  endfacet
  facet normal -0.836642 -0.271783 0.475567
    outer loop
      vertex 56.1322 47.4326 14
      vertex 55.9867 47.8805 14
      vertex 54.5582 47.0285 11
    endloop
  endfacet
  facet normal -0.601935 -0.641492 0.475565
    outer loop
      vertex 54.0491 47.9547 11
      vertex 54.8903 49.3894 14
      vertex 53.8545 48.1373 11
    endloop
  endfacet
  facet normal 0.110086 -0.872775 0.475548
    outer loop
      vertex 52.1018 48.5874 11
      vertex 52.3666 48.6208 11
      vertex 51.7973 50.1836 14
    endloop
  endfacet
  facet normal -0.795897 -0.374694 0.475554
    outer loop
      vertex 55.9867 47.8805 14
      vertex 55.7861 48.3066 14
      vertex 54.4758 47.2823 11
    endloop
  endfacet
  facet normal -0.836695 -0.271646 0.475553
    outer loop
      vertex 54.5582 47.0285 11
      vertex 55.9867 47.8805 14
      vertex 54.4758 47.2823 11
    endloop
  endfacet
  facet normal -0.110215 0.872751 0.47556
    outer loop
      vertex -52.2645 42.7574 14
      vertex -51.7973 42.8164 14
      vertex -52.3666 44.3792 11
    endloop
  endfacet
  facet normal -0.877947 -0.055292 0.475555
    outer loop
      vertex -48.75 46.5 14
      vertex -48.7796 46.97 14
      vertex -50.375 46.5 11
    endloop
  endfacet
  facet normal -0.877936 -0.0553861 0.475564
    outer loop
      vertex -50.375 46.5 11
      vertex -48.7796 46.97 14
      vertex -50.3918 46.7663 11
    endloop
  endfacet
  facet normal -0.877936 0.0553861 0.475564
    outer loop
      vertex -48.7796 46.03 14
      vertex -50.375 46.5 11
      vertex -50.3918 46.2337 11
    endloop
  endfacet
  facet normal 0.864111 0.164781 0.475562
    outer loop
      vertex -54.5582 45.9715 11
      vertex -54.6082 46.2337 11
      vertex -56.2204 46.03 14
    endloop
  endfacet
  facet normal 0.218758 -0.852053 0.475553
    outer loop
      vertex -52.8982 48.5874 11
      vertex -53.2027 50.1836 14
      vertex -53.6588 50.0665 14
    endloop
  endfacet
  facet normal -0.864115 0.164753 0.475565
    outer loop
      vertex -48.8678 45.5674 14
      vertex -48.7796 46.03 14
      vertex -50.4418 45.9715 11
    endloop
  endfacet
  facet normal -0.677929 0.560601 0.47554
    outer loop
      vertex -49.7664 43.9329 14
      vertex -50.7808 45.251 11
      vertex -50.9509 45.0453 11
    endloop
  endfacet
  facet normal -0.423897 0.770823 0.475545
    outer loop
      vertex -50.9033 43.1069 14
      vertex -50.4907 43.3338 14
      vertex -51.5952 44.5772 11
    endloop
  endfacet
  facet normal -0.323873 0.8179 0.475549
    outer loop
      vertex -51.3412 42.9335 14
      vertex -50.9033 43.1069 14
      vertex -51.5952 44.5772 11
    endloop
  endfacet
  facet normal -0.51705 0.711692 0.475557
    outer loop
      vertex -50.4907 43.3338 14
      vertex -50.1097 43.6106 14
      vertex -51.1455 44.8627 11
    endloop
  endfacet
  facet normal -0.602111 0.641343 0.475543
    outer loop
      vertex -50.1097 43.6106 14
      vertex -49.7664 43.9329 14
      vertex -50.9509 45.0453 11
    endloop
  endfacet
  facet normal 0.51705 0.711692 0.475557
    outer loop
      vertex -54.5093 43.3338 14
      vertex -53.8545 44.8627 11
      vertex -54.8903 43.6106 14
    endloop
  endfacet
  facet normal -0.51705 -0.711692 0.475557
    outer loop
      vertex -50.1097 49.3894 14
      vertex -50.4907 49.6662 14
      vertex -51.1455 48.1373 11
    endloop
  endfacet
  facet normal 0.51705 -0.711692 0.475557
    outer loop
      vertex -53.8545 48.1373 11
      vertex -54.5093 49.6662 14
      vertex -54.8903 49.3894 14
    endloop
  endfacet
  facet normal -0.836642 0.271783 0.475567
    outer loop
      vertex -49.0133 45.1195 14
      vertex -48.8678 45.5674 14
      vertex -50.4418 45.9715 11
    endloop
  endfacet
  facet normal -0.877947 0.055292 0.475555
    outer loop
      vertex -48.7796 46.03 14
      vertex -48.75 46.5 14
      vertex -50.375 46.5 11
    endloop
  endfacet
  facet normal -0.836695 0.271646 0.475553
    outer loop
      vertex -49.0133 45.1195 14
      vertex -50.4418 45.9715 11
      vertex -50.5242 45.7177 11
    endloop
  endfacet
  facet normal -0.795897 0.374694 0.475554
    outer loop
      vertex -49.2139 44.6934 14
      vertex -49.0133 45.1195 14
      vertex -50.5242 45.7177 11
    endloop
  endfacet
  facet normal -0.323748 0.817942 0.475561
    outer loop
      vertex -51.3412 42.9335 14
      vertex -51.5952 44.5772 11
      vertex -51.8433 44.479 11
    endloop
  endfacet
  facet normal -0.218856 0.852022 0.475563
    outer loop
      vertex -51.3412 42.9335 14
      vertex -51.8433 44.479 11
      vertex -52.1018 44.4126 11
    endloop
  endfacet
  facet normal -0.601935 0.641492 0.475565
    outer loop
      vertex -50.1097 43.6106 14
      vertex -50.9509 45.0453 11
      vertex -51.1455 44.8627 11
    endloop
  endfacet
  facet normal 0.323873 0.8179 0.475549
    outer loop
      vertex -53.6588 42.9335 14
      vertex -53.4048 44.5772 11
      vertex -54.0967 43.1069 14
    endloop
  endfacet
  facet normal 0.423963 -0.770782 0.475553
    outer loop
      vertex -53.6386 48.2942 11
      vertex -53.4048 48.4228 11
      vertex -54.5093 49.6662 14
    endloop
  endfacet
  facet normal -0.864111 0.164781 0.475562
    outer loop
      vertex -48.7796 46.03 14
      vertex -50.3918 46.2337 11
      vertex -50.4418 45.9715 11
    endloop
  endfacet
  facet normal -0.795963 0.374571 0.475541
    outer loop
      vertex -49.2139 44.6934 14
      vertex -50.5242 45.7177 11
      vertex -50.6378 45.4763 11
    endloop
  endfacet
  facet normal -0.742719 0.471411 0.475542
    outer loop
      vertex -49.2139 44.6934 14
      vertex -50.6378 45.4763 11
      vertex -50.7808 45.251 11
    endloop
  endfacet
  facet normal -0.218758 0.852053 0.475553
    outer loop
      vertex -51.7973 42.8164 14
      vertex -51.3412 42.9335 14
      vertex -52.1018 44.4126 11
    endloop
  endfacet
  facet normal -0.110086 0.872775 0.475548
    outer loop
      vertex -51.7973 42.8164 14
      vertex -52.1018 44.4126 11
      vertex -52.3666 44.3792 11
    endloop
  endfacet
  facet normal 0.836642 0.271783 0.475567
    outer loop
      vertex -55.9867 45.1195 14
      vertex -54.5582 45.9715 11
      vertex -56.1322 45.5674 14
    endloop
  endfacet
  facet normal 0.864115 0.164753 0.475565
    outer loop
      vertex -56.1322 45.5674 14
      vertex -54.5582 45.9715 11
      vertex -56.2204 46.03 14
    endloop
  endfacet
  facet normal 0.218758 0.852053 0.475553
    outer loop
      vertex -53.2027 42.8164 14
      vertex -52.8982 44.4126 11
      vertex -53.6588 42.9335 14
    endloop
  endfacet
  facet normal 0.517155 0.711624 0.475545
    outer loop
      vertex -53.6386 44.7058 11
      vertex -53.8545 44.8627 11
      vertex -54.5093 43.3338 14
    endloop
  endfacet
  facet normal 0.742766 0.471328 0.475551
    outer loop
      vertex -55.5338 44.2958 14
      vertex -54.2192 45.251 11
      vertex -55.7861 44.6934 14
    endloop
  endfacet
  facet normal 0.677825 0.560714 0.475555
    outer loop
      vertex -55.2336 43.9329 14
      vertex -54.2192 45.251 11
      vertex -55.5338 44.2958 14
    endloop
  endfacet
  facet normal -0.323748 -0.817942 0.475561
    outer loop
      vertex -51.5952 48.4228 11
      vertex -51.3412 50.0665 14
      vertex -51.8433 48.521 11
    endloop
  endfacet
  facet normal -0.218758 -0.852053 0.475553
    outer loop
      vertex -51.3412 50.0665 14
      vertex -51.7973 50.1836 14
      vertex -52.1018 48.5874 11
    endloop
  endfacet
  facet normal 0.836642 -0.271783 0.475567
    outer loop
      vertex -54.5582 47.0285 11
      vertex -55.9867 47.8805 14
      vertex -56.1322 47.4326 14
    endloop
  endfacet
  facet normal 0.864115 -0.164753 0.475565
    outer loop
      vertex -54.5582 47.0285 11
      vertex -56.1322 47.4326 14
      vertex -56.2204 46.97 14
    endloop
  endfacet
  facet normal 0.742719 -0.471411 0.475542
    outer loop
      vertex -54.3622 47.5237 11
      vertex -54.2192 47.749 11
      vertex -55.7861 48.3066 14
    endloop
  endfacet
  facet normal 0.742766 -0.471328 0.475551
    outer loop
      vertex -54.2192 47.749 11
      vertex -55.5338 48.7042 14
      vertex -55.7861 48.3066 14
    endloop
  endfacet
  facet normal -0.742766 0.471328 0.475551
    outer loop
      vertex -49.4662 44.2958 14
      vertex -49.2139 44.6934 14
      vertex -50.7808 45.251 11
    endloop
  endfacet
  facet normal -0.677825 0.560714 0.475555
    outer loop
      vertex -49.7664 43.9329 14
      vertex -49.4662 44.2958 14
      vertex -50.7808 45.251 11
    endloop
  endfacet
  facet normal -0.517155 0.711624 0.475545
    outer loop
      vertex -50.4907 43.3338 14
      vertex -51.1455 44.8627 11
      vertex -51.3614 44.7058 11
    endloop
  endfacet
  facet normal -0.423963 0.770782 0.475553
    outer loop
      vertex -50.4907 43.3338 14
      vertex -51.3614 44.7058 11
      vertex -51.5952 44.5772 11
    endloop
  endfacet
  facet normal 0.795963 0.374571 0.475541
    outer loop
      vertex -54.3622 45.4763 11
      vertex -54.4758 45.7177 11
      vertex -55.7861 44.6934 14
    endloop
  endfacet
  facet normal 0.323748 0.817942 0.475561
    outer loop
      vertex -53.1567 44.479 11
      vertex -53.4048 44.5772 11
      vertex -53.6588 42.9335 14
    endloop
  endfacet
  facet normal 0.423897 0.770823 0.475545
    outer loop
      vertex -54.0967 43.1069 14
      vertex -53.4048 44.5772 11
      vertex -54.5093 43.3338 14
    endloop
  endfacet
  facet normal 0.423963 0.770782 0.475553
    outer loop
      vertex -53.4048 44.5772 11
      vertex -53.6386 44.7058 11
      vertex -54.5093 43.3338 14
    endloop
  endfacet
  facet normal 0.601935 0.641492 0.475565
    outer loop
      vertex -53.8545 44.8627 11
      vertex -54.0491 45.0453 11
      vertex -54.8903 43.6106 14
    endloop
  endfacet
  facet normal -0.742766 -0.471328 0.475551
    outer loop
      vertex -49.2139 48.3066 14
      vertex -49.4662 48.7042 14
      vertex -50.7808 47.749 11
    endloop
  endfacet
  facet normal -0.742719 -0.471411 0.475542
    outer loop
      vertex -50.6378 47.5237 11
      vertex -49.2139 48.3066 14
      vertex -50.7808 47.749 11
    endloop
  endfacet
  facet normal -0.323873 -0.8179 0.475549
    outer loop
      vertex -50.9033 49.8931 14
      vertex -51.3412 50.0665 14
      vertex -51.5952 48.4228 11
    endloop
  endfacet
  facet normal -0.110215 -0.872751 0.47556
    outer loop
      vertex -51.7973 50.1836 14
      vertex -52.2645 50.2426 14
      vertex -52.3666 48.6208 11
    endloop
  endfacet
  facet normal -0.423897 -0.770823 0.475545
    outer loop
      vertex -50.4907 49.6662 14
      vertex -50.9033 49.8931 14
      vertex -51.5952 48.4228 11
    endloop
  endfacet
  facet normal 0.877947 0.055292 0.475555
    outer loop
      vertex -56.2204 46.03 14
      vertex -54.625 46.5 11
      vertex -56.25 46.5 14
    endloop
  endfacet
  facet normal 0.877947 -0.055292 0.475555
    outer loop
      vertex -54.625 46.5 11
      vertex -56.2204 46.97 14
      vertex -56.25 46.5 14
    endloop
  endfacet
  facet normal 0.836695 -0.271646 0.475553
    outer loop
      vertex -54.5582 47.0285 11
      vertex -54.4758 47.2823 11
      vertex -55.9867 47.8805 14
    endloop
  endfacet
  facet normal 0.677929 -0.560601 0.47554
    outer loop
      vertex -54.2192 47.749 11
      vertex -54.0491 47.9547 11
      vertex -55.2336 49.0671 14
    endloop
  endfacet
  facet normal 0.677825 -0.560714 0.475555
    outer loop
      vertex -54.2192 47.749 11
      vertex -55.2336 49.0671 14
      vertex -55.5338 48.7042 14
    endloop
  endfacet
  facet normal 0.517155 -0.711624 0.475545
    outer loop
      vertex -53.8545 48.1373 11
      vertex -53.6386 48.2942 11
      vertex -54.5093 49.6662 14
    endloop
  endfacet
  facet normal 0.323873 -0.8179 0.475549
    outer loop
      vertex -53.4048 48.4228 11
      vertex -53.6588 50.0665 14
      vertex -54.0967 49.8931 14
    endloop
  endfacet
  facet normal 0.423897 -0.770823 0.475545
    outer loop
      vertex -53.4048 48.4228 11
      vertex -54.0967 49.8931 14
      vertex -54.5093 49.6662 14
    endloop
  endfacet
  facet normal 0.323748 -0.817942 0.475561
    outer loop
      vertex -53.4048 48.4228 11
      vertex -53.1567 48.521 11
      vertex -53.6588 50.0665 14
    endloop
  endfacet
  facet normal 0.218856 -0.852022 0.475563
    outer loop
      vertex -53.1567 48.521 11
      vertex -52.8982 48.5874 11
      vertex -53.6588 50.0665 14
    endloop
  endfacet
  facet normal 0.836695 0.271646 0.475553
    outer loop
      vertex -54.4758 45.7177 11
      vertex -54.5582 45.9715 11
      vertex -55.9867 45.1195 14
    endloop
  endfacet
  facet normal 0.795897 0.374694 0.475554
    outer loop
      vertex -55.7861 44.6934 14
      vertex -54.4758 45.7177 11
      vertex -55.9867 45.1195 14
    endloop
  endfacet
  facet normal 0.742719 0.471411 0.475542
    outer loop
      vertex -54.2192 45.251 11
      vertex -54.3622 45.4763 11
      vertex -55.7861 44.6934 14
    endloop
  endfacet
  facet normal 0.218856 0.852022 0.475563
    outer loop
      vertex -52.8982 44.4126 11
      vertex -53.1567 44.479 11
      vertex -53.6588 42.9335 14
    endloop
  endfacet
  facet normal 0.110215 0.872751 0.47556
    outer loop
      vertex -52.7355 42.7574 14
      vertex -52.6334 44.3792 11
      vertex -53.2027 42.8164 14
    endloop
  endfacet
  facet normal 0 0.879685 0.475558
    outer loop
      vertex -52.3666 44.3792 11
      vertex -52.7355 42.7574 14
      vertex -52.2645 42.7574 14
    endloop
  endfacet
  facet normal 0 0.879685 0.475558
    outer loop
      vertex -52.7355 42.7574 14
      vertex -52.3666 44.3792 11
      vertex -52.6334 44.3792 11
    endloop
  endfacet
  facet normal 0.677929 0.560601 0.47554
    outer loop
      vertex -54.0491 45.0453 11
      vertex -54.2192 45.251 11
      vertex -55.2336 43.9329 14
    endloop
  endfacet
  facet normal 0.602111 0.641343 0.475543
    outer loop
      vertex -54.8903 43.6106 14
      vertex -54.0491 45.0453 11
      vertex -55.2336 43.9329 14
    endloop
  endfacet
  facet normal -0.795963 -0.374571 0.475541
    outer loop
      vertex -50.5242 47.2823 11
      vertex -49.2139 48.3066 14
      vertex -50.6378 47.5237 11
    endloop
  endfacet
  facet normal -0.677825 -0.560714 0.475555
    outer loop
      vertex -49.4662 48.7042 14
      vertex -49.7664 49.0671 14
      vertex -50.7808 47.749 11
    endloop
  endfacet
  facet normal -0.110086 -0.872775 0.475548
    outer loop
      vertex -52.1018 48.5874 11
      vertex -51.7973 50.1836 14
      vertex -52.3666 48.6208 11
    endloop
  endfacet
  facet normal -0.218856 -0.852022 0.475563
    outer loop
      vertex -51.8433 48.521 11
      vertex -51.3412 50.0665 14
      vertex -52.1018 48.5874 11
    endloop
  endfacet
  facet normal -0.423963 -0.770782 0.475553
    outer loop
      vertex -51.3614 48.2942 11
      vertex -50.4907 49.6662 14
      vertex -51.5952 48.4228 11
    endloop
  endfacet
  facet normal -0.517155 -0.711624 0.475545
    outer loop
      vertex -51.1455 48.1373 11
      vertex -50.4907 49.6662 14
      vertex -51.3614 48.2942 11
    endloop
  endfacet
  facet normal 0.877936 0.0553861 0.475564
    outer loop
      vertex -54.6082 46.2337 11
      vertex -54.625 46.5 11
      vertex -56.2204 46.03 14
    endloop
  endfacet
  facet normal 0.795897 -0.374694 0.475554
    outer loop
      vertex -54.4758 47.2823 11
      vertex -55.7861 48.3066 14
      vertex -55.9867 47.8805 14
    endloop
  endfacet
  facet normal 0.795963 -0.374571 0.475541
    outer loop
      vertex -54.4758 47.2823 11
      vertex -54.3622 47.5237 11
      vertex -55.7861 48.3066 14
    endloop
  endfacet
  facet normal 0.602111 -0.641343 0.475543
    outer loop
      vertex -54.0491 47.9547 11
      vertex -54.8903 49.3894 14
      vertex -55.2336 49.0671 14
    endloop
  endfacet
  facet normal 0.601935 -0.641492 0.475565
    outer loop
      vertex -54.0491 47.9547 11
      vertex -53.8545 48.1373 11
      vertex -54.8903 49.3894 14
    endloop
  endfacet
  facet normal 0.110086 0.872775 0.475548
    outer loop
      vertex -52.6334 44.3792 11
      vertex -52.8982 44.4126 11
      vertex -53.2027 42.8164 14
    endloop
  endfacet
  facet normal -0.864115 -0.164753 0.475565
    outer loop
      vertex -48.7796 46.97 14
      vertex -48.8678 47.4326 14
      vertex -50.4418 47.0285 11
    endloop
  endfacet
  facet normal -0.864111 -0.164781 0.475562
    outer loop
      vertex -50.3918 46.7663 11
      vertex -48.7796 46.97 14
      vertex -50.4418 47.0285 11
    endloop
  endfacet
  facet normal -0.602111 -0.641343 0.475543
    outer loop
      vertex -49.7664 49.0671 14
      vertex -50.1097 49.3894 14
      vertex -50.9509 47.9547 11
    endloop
  endfacet
  facet normal -0.677929 -0.560601 0.47554
    outer loop
      vertex -50.7808 47.749 11
      vertex -49.7664 49.0671 14
      vertex -50.9509 47.9547 11
    endloop
  endfacet
  facet normal 0.110215 -0.872751 0.47556
    outer loop
      vertex -52.6334 48.6208 11
      vertex -52.7355 50.2426 14
      vertex -53.2027 50.1836 14
    endloop
  endfacet
  facet normal 0 -0.879685 0.475558
    outer loop
      vertex -52.6334 48.6208 11
      vertex -52.2645 50.2426 14
      vertex -52.7355 50.2426 14
    endloop
  endfacet
  facet normal 0 -0.879685 0.475558
    outer loop
      vertex -52.2645 50.2426 14
      vertex -52.6334 48.6208 11
      vertex -52.3666 48.6208 11
    endloop
  endfacet
  facet normal 0.877936 -0.0553861 0.475564
    outer loop
      vertex -54.625 46.5 11
      vertex -54.6082 46.7663 11
      vertex -56.2204 46.97 14
    endloop
  endfacet
  facet normal 0.864111 -0.164781 0.475562
    outer loop
      vertex -54.6082 46.7663 11
      vertex -54.5582 47.0285 11
      vertex -56.2204 46.97 14
    endloop
  endfacet
  facet normal -0.836642 -0.271783 0.475567
    outer loop
      vertex -48.8678 47.4326 14
      vertex -49.0133 47.8805 14
      vertex -50.4418 47.0285 11
    endloop
  endfacet
  facet normal -0.601935 -0.641492 0.475565
    outer loop
      vertex -50.9509 47.9547 11
      vertex -50.1097 49.3894 14
      vertex -51.1455 48.1373 11
    endloop
  endfacet
  facet normal 0.110086 -0.872775 0.475548
    outer loop
      vertex -52.8982 48.5874 11
      vertex -52.6334 48.6208 11
      vertex -53.2027 50.1836 14
    endloop
  endfacet
  facet normal -0.795897 -0.374694 0.475554
    outer loop
      vertex -49.0133 47.8805 14
      vertex -49.2139 48.3066 14
      vertex -50.5242 47.2823 11
    endloop
  endfacet
  facet normal -0.836695 -0.271646 0.475553
    outer loop
      vertex -50.4418 47.0285 11
      vertex -49.0133 47.8805 14
      vertex -50.5242 47.2823 11
    endloop
  endfacet
  facet normal 0 0 -1
    outer loop
      vertex 54.5582 45.9715 11
      vertex 74.5 50 11
      vertex 74.5 37.5 11
    endloop
  endfacet
  facet normal 0 -0 -1
    outer loop
      vertex 69.8139 54.9901 11
      vertex 74.5 50 11
      vertex 54.6082 46.2337 11
    endloop
  endfacet
  facet normal 0 0 -1
    outer loop
      vertex 74.5 50 11
      vertex 69.8139 54.9901 11
      vertex 74.4606 50.6267 11
    endloop
  endfacet
  facet normal 0 0 -1
    outer loop
      vertex 74.4606 50.6267 11
      vertex 69.8139 54.9901 11
      vertex 74.3429 51.2435 11
    endloop
  endfacet
  facet normal 0 0 -1
    outer loop
      vertex 74.1489 51.8406 11
      vertex 69.8139 54.9901 11
      vertex 73.8815 52.4088 11
    endloop
  endfacet
  facet normal 0 0 -1
    outer loop
      vertex 73.8815 52.4088 11
      vertex 69.8139 54.9901 11
      vertex 73.5451 52.9389 11
    endloop
  endfacet
  facet normal 0 0 -1
    outer loop
      vertex 73.5451 52.9389 11
      vertex 69.8139 54.9901 11
      vertex 73.1448 53.4227 11
    endloop
  endfacet
  facet normal 0 0 -1
    outer loop
      vertex 73.1448 53.4227 11
      vertex 69.8139 54.9901 11
      vertex 72.6871 53.8526 11
    endloop
  endfacet
  facet normal 0 0 -1
    outer loop
      vertex 72.6871 53.8526 11
      vertex 69.8139 54.9901 11
      vertex 72.1791 54.2216 11
    endloop
  endfacet
  facet normal 0 0 -1
    outer loop
      vertex 72.1791 54.2216 11
      vertex 69.8139 54.9901 11
      vertex 71.6289 54.5241 11
    endloop
  endfacet
  facet normal 0 0 -1
    outer loop
      vertex 71.6289 54.5241 11
      vertex 69.8139 54.9901 11
      vertex 71.0451 54.7553 11
    endloop
  endfacet
  facet normal 0 0 -1
    outer loop
      vertex 71.0451 54.7553 11
      vertex 69.8139 54.9901 11
      vertex 70.4369 54.9114 11
    endloop
  endfacet
  facet normal 0 0 -1
    outer loop
      vertex 74.3429 51.2435 11
      vertex 69.8139 54.9901 11
      vertex 74.1489 51.8406 11
    endloop
  endfacet
  facet normal 0 0 -1
    outer loop
      vertex 69.8139 54.9901 11
      vertex 54.6082 46.2337 11
      vertex 54.625 46.5 11
    endloop
  endfacet
  facet normal 0 0 -1
    outer loop
      vertex 74.5 50 11
      vertex 54.5582 45.9715 11
      vertex 54.6082 46.2337 11
    endloop
  endfacet
  facet normal 0 0 -1
    outer loop
      vertex 74.5 37.5 11
      vertex 54.4758 45.7177 11
      vertex 54.5582 45.9715 11
    endloop
  endfacet
  facet normal 0 0 -1
    outer loop
      vertex 74.5 37.5 11
      vertex 54.3622 45.4763 11
      vertex 54.4758 45.7177 11
    endloop
  endfacet
  facet normal 0 0 -1
    outer loop
      vertex 74.5 37.5 11
      vertex 54.2192 45.251 11
      vertex 54.3622 45.4763 11
    endloop
  endfacet
  facet normal 0 0 -1
    outer loop
      vertex 74.5 37.5 11
      vertex 54.0491 45.0453 11
      vertex 54.2192 45.251 11
    endloop
  endfacet
  facet normal 0 0 -1
    outer loop
      vertex 74.5 37.5 11
      vertex 53.8545 44.8627 11
      vertex 54.0491 45.0453 11
    endloop
  endfacet
  facet normal 0 0 -1
    outer loop
      vertex 74.5 37.5 11
      vertex 53.6386 44.7058 11
      vertex 53.8545 44.8627 11
    endloop
  endfacet
  facet normal 0 0 -1
    outer loop
      vertex 74.5 37.5 11
      vertex 53.4048 44.5772 11
      vertex 53.6386 44.7058 11
    endloop
  endfacet
  facet normal 0 0 -1
    outer loop
      vertex 74.5 37.5 11
      vertex 53.1567 44.479 11
      vertex 53.4048 44.5772 11
    endloop
  endfacet
  facet normal 0 0 -1
    outer loop
      vertex 74.5 37.5 11
      vertex 52.8982 44.4126 11
      vertex 53.1567 44.479 11
    endloop
  endfacet
  facet normal 0 0 -1
    outer loop
      vertex 74.5 37.5 11
      vertex 52.6334 44.3792 11
      vertex 52.8982 44.4126 11
    endloop
  endfacet
  facet normal 0 0 -1
    outer loop
      vertex 74.5 37.5 11
      vertex 52.3666 44.3792 11
      vertex 52.6334 44.3792 11
    endloop
  endfacet
  facet normal 0 0 -1
    outer loop
      vertex 74.5 37.5 11
      vertex 52.1018 44.4126 11
      vertex 52.3666 44.3792 11
    endloop
  endfacet
  facet normal 0 0 -1
    outer loop
      vertex 74.5 37.5 11
      vertex 51.8433 44.479 11
      vertex 52.1018 44.4126 11
    endloop
  endfacet
  facet normal 0 0 -1
    outer loop
      vertex 50.3918 46.2337 11
      vertex -50.375 46.5 11
      vertex 50.375 46.5 11
    endloop
  endfacet
  facet normal 0 0 -1
    outer loop
      vertex -50.3918 46.2337 11
      vertex 50.3918 46.2337 11
      vertex 50.4418 45.9715 11
    endloop
  endfacet
  facet normal 0 0 -1
    outer loop
      vertex -50.4418 45.9715 11
      vertex 50.4418 45.9715 11
      vertex 50.5242 45.7177 11
    endloop
  endfacet
  facet normal 0 0 -1
    outer loop
      vertex -50.5242 45.7177 11
      vertex 50.5242 45.7177 11
      vertex 50.6378 45.4763 11
    endloop
  endfacet
  facet normal 0 0 -1
    outer loop
      vertex -50.6378 45.4763 11
      vertex 50.6378 45.4763 11
      vertex 50.7808 45.251 11
    endloop
  endfacet
  facet normal 0 0 -1
    outer loop
      vertex -50.7808 45.251 11
      vertex 50.7808 45.251 11
      vertex 50.9509 45.0453 11
    endloop
  endfacet
  facet normal 0 0 -1
    outer loop
      vertex -50.9509 45.0453 11
      vertex 50.9509 45.0453 11
      vertex 51.1455 44.8627 11
    endloop
  endfacet
  facet normal 0 0 -1
    outer loop
      vertex -51.1455 44.8627 11
      vertex 51.1455 44.8627 11
      vertex 51.3614 44.7058 11
    endloop
  endfacet
  facet normal 0 0 -1
    outer loop
      vertex -51.3614 44.7058 11
      vertex 51.3614 44.7058 11
      vertex 51.5952 44.5772 11
    endloop
  endfacet
  facet normal 0 0 -1
    outer loop
      vertex -51.5952 44.5772 11
      vertex 51.5952 44.5772 11
      vertex 51.8433 44.479 11
    endloop
  endfacet
  facet normal 0 0 -1
    outer loop
      vertex -51.8433 44.479 11
      vertex 51.8433 44.479 11
      vertex 74.5 37.5 11
    endloop
  endfacet
  facet normal 0 0 -1
    outer loop
      vertex 50.3918 46.2337 11
      vertex -50.3918 46.2337 11
      vertex -50.375 46.5 11
    endloop
  endfacet
  facet normal 0 0 -1
    outer loop
      vertex 50.4418 45.9715 11
      vertex -50.4418 45.9715 11
      vertex -50.3918 46.2337 11
    endloop
  endfacet
  facet normal 0 0 -1
    outer loop
      vertex 50.5242 45.7177 11
      vertex -50.5242 45.7177 11
      vertex -50.4418 45.9715 11
    endloop
  endfacet
  facet normal 0 0 -1
    outer loop
      vertex 50.6378 45.4763 11
      vertex -50.6378 45.4763 11
      vertex -50.5242 45.7177 11
    endloop
  endfacet
  facet normal 0 0 -1
    outer loop
      vertex 50.7808 45.251 11
      vertex -50.7808 45.251 11
      vertex -50.6378 45.4763 11
    endloop
  endfacet
  facet normal 0 0 -1
    outer loop
      vertex 50.9509 45.0453 11
      vertex -50.9509 45.0453 11
      vertex -50.7808 45.251 11
    endloop
  endfacet
  facet normal 0 0 -1
    outer loop
      vertex 51.1455 44.8627 11
      vertex -51.1455 44.8627 11
      vertex -50.9509 45.0453 11
    endloop
  endfacet
  facet normal 0 0 -1
    outer loop
      vertex 51.3614 44.7058 11
      vertex -51.3614 44.7058 11
      vertex -51.1455 44.8627 11
    endloop
  endfacet
  facet normal 0 0 -1
    outer loop
      vertex 51.5952 44.5772 11
      vertex -51.5952 44.5772 11
      vertex -51.3614 44.7058 11
    endloop
  endfacet
  facet normal 0 0 -1
    outer loop
      vertex 51.8433 44.479 11
      vertex -51.8433 44.479 11
      vertex -51.5952 44.5772 11
    endloop
  endfacet
  facet normal 0 0 -1
    outer loop
      vertex 74.5 37.5 11
      vertex -52.1018 44.4126 11
      vertex -51.8433 44.479 11
    endloop
  endfacet
  facet normal 0 0 -1
    outer loop
      vertex -74.5 37.5 11
      vertex -52.1018 44.4126 11
      vertex 74.5 37.5 11
    endloop
  endfacet
  facet normal 0 0 -1
    outer loop
      vertex -52.1018 44.4126 11
      vertex -74.5 37.5 11
      vertex -52.3666 44.3792 11
    endloop
  endfacet
  facet normal 0 0 -1
    outer loop
      vertex -54.6082 46.2337 11
      vertex -69.8139 54.9901 11
      vertex -54.625 46.5 11
    endloop
  endfacet
  facet normal 0 0 -1
    outer loop
      vertex -74.5 50 11
      vertex -54.6082 46.2337 11
      vertex -54.5582 45.9715 11
    endloop
  endfacet
  facet normal 0 0 -1
    outer loop
      vertex -74.5 37.5 11
      vertex -54.5582 45.9715 11
      vertex -54.4758 45.7177 11
    endloop
  endfacet
  facet normal 0 0 -1
    outer loop
      vertex -74.5 37.5 11
      vertex -54.4758 45.7177 11
      vertex -54.3622 45.4763 11
    endloop
  endfacet
  facet normal 0 0 -1
    outer loop
      vertex -74.5 37.5 11
      vertex -54.3622 45.4763 11
      vertex -54.2192 45.251 11
    endloop
  endfacet
  facet normal 0 0 -1
    outer loop
      vertex -74.5 37.5 11
      vertex -54.2192 45.251 11
      vertex -54.0491 45.0453 11
    endloop
  endfacet
  facet normal 0 0 -1
    outer loop
      vertex -74.5 37.5 11
      vertex -54.0491 45.0453 11
      vertex -53.8545 44.8627 11
    endloop
  endfacet
  facet normal 0 0 -1
    outer loop
      vertex -74.5 37.5 11
      vertex -53.8545 44.8627 11
      vertex -53.6386 44.7058 11
    endloop
  endfacet
  facet normal 0 0 -1
    outer loop
      vertex -54.6082 46.2337 11
      vertex -74.5 50 11
      vertex -69.8139 54.9901 11
    endloop
  endfacet
  facet normal 0 0 -1
    outer loop
      vertex -69.8139 54.9901 11
      vertex -74.5 50 11
      vertex -70.4369 54.9114 11
    endloop
  endfacet
  facet normal 0 0 -1
    outer loop
      vertex -70.4369 54.9114 11
      vertex -74.5 50 11
      vertex -71.0451 54.7553 11
    endloop
  endfacet
  facet normal 0 0 -1
    outer loop
      vertex -74.5 37.5 11
      vertex -53.6386 44.7058 11
      vertex -53.4048 44.5772 11
    endloop
  endfacet
  facet normal 0 0 -1
    outer loop
      vertex -71.0451 54.7553 11
      vertex -74.5 50 11
      vertex -71.6289 54.5241 11
    endloop
  endfacet
  facet normal 0 0 -1
    outer loop
      vertex -71.6289 54.5241 11
      vertex -74.5 50 11
      vertex -72.1791 54.2216 11
    endloop
  endfacet
  facet normal 0 0 -1
    outer loop
      vertex -72.1791 54.2216 11
      vertex -74.5 50 11
      vertex -72.6871 53.8526 11
    endloop
  endfacet
  facet normal 0 0 -1
    outer loop
      vertex -72.6871 53.8526 11
      vertex -74.5 50 11
      vertex -73.1448 53.4227 11
    endloop
  endfacet
  facet normal 0 0 -1
    outer loop
      vertex -73.1448 53.4227 11
      vertex -74.5 50 11
      vertex -73.5451 52.9389 11
    endloop
  endfacet
  facet normal 0 0 -1
    outer loop
      vertex -74.5 37.5 11
      vertex -53.4048 44.5772 11
      vertex -53.1567 44.479 11
    endloop
  endfacet
  facet normal 0 0 -1
    outer loop
      vertex -73.5451 52.9389 11
      vertex -74.5 50 11
      vertex -73.8815 52.4088 11
    endloop
  endfacet
  facet normal 0 0 -1
    outer loop
      vertex -73.8815 52.4088 11
      vertex -74.5 50 11
      vertex -74.1489 51.8406 11
    endloop
  endfacet
  facet normal 0 0 -1
    outer loop
      vertex -74.1489 51.8406 11
      vertex -74.5 50 11
      vertex -74.3429 51.2435 11
    endloop
  endfacet
  facet normal -0 0 -1
    outer loop
      vertex -52.3666 44.3792 11
      vertex -74.5 37.5 11
      vertex -52.6334 44.3792 11
    endloop
  endfacet
  facet normal 0 0 -1
    outer loop
      vertex -74.5 37.5 11
      vertex -52.8982 44.4126 11
      vertex -52.6334 44.3792 11
    endloop
  endfacet
  facet normal 0 0 -1
    outer loop
      vertex -74.5 37.5 11
      vertex -53.1567 44.479 11
      vertex -52.8982 44.4126 11
    endloop
  endfacet
  facet normal -0 0 -1
    outer loop
      vertex -54.5582 45.9715 11
      vertex -74.5 37.5 11
      vertex -74.5 50 11
    endloop
  endfacet
  facet normal 0 0 -1
    outer loop
      vertex -74.3429 51.2435 11
      vertex -74.5 50 11
      vertex -74.4606 50.6267 11
    endloop
  endfacet
  facet normal 0 0 -1
    outer loop
      vertex 54.6082 46.7663 11
      vertex 69.8139 54.9901 11
      vertex 54.625 46.5 11
    endloop
  endfacet
  facet normal 0 0 -1
    outer loop
      vertex 54.5582 47.0285 11
      vertex 69.8139 54.9901 11
      vertex 54.6082 46.7663 11
    endloop
  endfacet
  facet normal 0 0 -1
    outer loop
      vertex 54.4758 47.2823 11
      vertex 69.8139 54.9901 11
      vertex 54.5582 47.0285 11
    endloop
  endfacet
  facet normal 0 0 -1
    outer loop
      vertex 54.3622 47.5237 11
      vertex 69.8139 54.9901 11
      vertex 54.4758 47.2823 11
    endloop
  endfacet
  facet normal 0 0 -1
    outer loop
      vertex 54.2192 47.749 11
      vertex 69.8139 54.9901 11
      vertex 54.3622 47.5237 11
    endloop
  endfacet
  facet normal 0 0 -1
    outer loop
      vertex 54.0491 47.9547 11
      vertex 69.8139 54.9901 11
      vertex 54.2192 47.749 11
    endloop
  endfacet
  facet normal 0 0 -1
    outer loop
      vertex 53.8545 48.1373 11
      vertex 69.8139 54.9901 11
      vertex 54.0491 47.9547 11
    endloop
  endfacet
  facet normal 0 0 -1
    outer loop
      vertex 53.6386 48.2942 11
      vertex 69.8139 54.9901 11
      vertex 53.8545 48.1373 11
    endloop
  endfacet
  facet normal 0 0 -1
    outer loop
      vertex 53.4048 48.4228 11
      vertex 69.8139 54.9901 11
      vertex 53.6386 48.2942 11
    endloop
  endfacet
  facet normal 0 0 -1
    outer loop
      vertex 53.1567 48.521 11
      vertex 69.8139 54.9901 11
      vertex 53.4048 48.4228 11
    endloop
  endfacet
  facet normal 0 0 -1
    outer loop
      vertex 52.8982 48.5874 11
      vertex 69.8139 54.9901 11
      vertex 53.1567 48.521 11
    endloop
  endfacet
  facet normal 0 0 -1
    outer loop
      vertex 52.6334 48.6208 11
      vertex 69.8139 54.9901 11
      vertex 52.8982 48.5874 11
    endloop
  endfacet
  facet normal 0 0 -1
    outer loop
      vertex 52.3666 48.6208 11
      vertex 69.8139 54.9901 11
      vertex 52.6334 48.6208 11
    endloop
  endfacet
  facet normal 0 0 -1
    outer loop
      vertex 52.1018 48.5874 11
      vertex 69.8139 54.9901 11
      vertex 52.3666 48.6208 11
    endloop
  endfacet
  facet normal 0 0 -1
    outer loop
      vertex 51.8433 48.521 11
      vertex 69.8139 54.9901 11
      vertex 52.1018 48.5874 11
    endloop
  endfacet
  facet normal 0 0 -1
    outer loop
      vertex -50.375 46.5 11
      vertex 50.3918 46.7663 11
      vertex 50.375 46.5 11
    endloop
  endfacet
  facet normal 0 0 -1
    outer loop
      vertex -50.3918 46.7663 11
      vertex 50.3918 46.7663 11
      vertex -50.375 46.5 11
    endloop
  endfacet
  facet normal 0 0 -1
    outer loop
      vertex 50.3918 46.7663 11
      vertex -50.3918 46.7663 11
      vertex 50.4418 47.0285 11
    endloop
  endfacet
  facet normal 0 0 -1
    outer loop
      vertex -50.4418 47.0285 11
      vertex 50.4418 47.0285 11
      vertex -50.3918 46.7663 11
    endloop
  endfacet
  facet normal 0 0 -1
    outer loop
      vertex 50.4418 47.0285 11
      vertex -50.4418 47.0285 11
      vertex 50.5242 47.2823 11
    endloop
  endfacet
  facet normal 0 0 -1
    outer loop
      vertex -50.5242 47.2823 11
      vertex 50.5242 47.2823 11
      vertex -50.4418 47.0285 11
    endloop
  endfacet
  facet normal 0 0 -1
    outer loop
      vertex 50.5242 47.2823 11
      vertex -50.5242 47.2823 11
      vertex 50.6378 47.5237 11
    endloop
  endfacet
  facet normal 0 0 -1
    outer loop
      vertex -50.6378 47.5237 11
      vertex 50.6378 47.5237 11
      vertex -50.5242 47.2823 11
    endloop
  endfacet
  facet normal 0 0 -1
    outer loop
      vertex 50.6378 47.5237 11
      vertex -50.6378 47.5237 11
      vertex 50.7808 47.749 11
    endloop
  endfacet
  facet normal 0 0 -1
    outer loop
      vertex -50.7808 47.749 11
      vertex 50.7808 47.749 11
      vertex -50.6378 47.5237 11
    endloop
  endfacet
  facet normal 0 0 -1
    outer loop
      vertex 50.7808 47.749 11
      vertex -50.7808 47.749 11
      vertex 50.9509 47.9547 11
    endloop
  endfacet
  facet normal 0 0 -1
    outer loop
      vertex -50.9509 47.9547 11
      vertex 50.9509 47.9547 11
      vertex -50.7808 47.749 11
    endloop
  endfacet
  facet normal 0 0 -1
    outer loop
      vertex 50.9509 47.9547 11
      vertex -50.9509 47.9547 11
      vertex 51.1455 48.1373 11
    endloop
  endfacet
  facet normal 0 0 -1
    outer loop
      vertex -51.1455 48.1373 11
      vertex 51.1455 48.1373 11
      vertex -50.9509 47.9547 11
    endloop
  endfacet
  facet normal 0 0 -1
    outer loop
      vertex 51.1455 48.1373 11
      vertex -51.1455 48.1373 11
      vertex 51.3614 48.2942 11
    endloop
  endfacet
  facet normal 0 0 -1
    outer loop
      vertex -51.3614 48.2942 11
      vertex 51.3614 48.2942 11
      vertex -51.1455 48.1373 11
    endloop
  endfacet
  facet normal 0 0 -1
    outer loop
      vertex 51.3614 48.2942 11
      vertex -51.3614 48.2942 11
      vertex 51.5952 48.4228 11
    endloop
  endfacet
  facet normal 0 0 -1
    outer loop
      vertex -51.5952 48.4228 11
      vertex 51.5952 48.4228 11
      vertex -51.3614 48.2942 11
    endloop
  endfacet
  facet normal 0 0 -1
    outer loop
      vertex 51.5952 48.4228 11
      vertex -51.5952 48.4228 11
      vertex 51.8433 48.521 11
    endloop
  endfacet
  facet normal 0 0 -1
    outer loop
      vertex -51.8433 48.521 11
      vertex 51.8433 48.521 11
      vertex -51.5952 48.4228 11
    endloop
  endfacet
  facet normal 0 0 -1
    outer loop
      vertex 51.8433 48.521 11
      vertex -51.8433 48.521 11
      vertex 69.8139 54.9901 11
    endloop
  endfacet
  facet normal 0 0 -1
    outer loop
      vertex -69.8139 54.9901 11
      vertex -51.8433 48.521 11
      vertex -52.1018 48.5874 11
    endloop
  endfacet
  facet normal 0 0 -1
    outer loop
      vertex -69.8139 54.9901 11
      vertex -52.1018 48.5874 11
      vertex -52.3666 48.6208 11
    endloop
  endfacet
  facet normal 0 0 -1
    outer loop
      vertex -69.8139 54.9901 11
      vertex -52.3666 48.6208 11
      vertex -52.6334 48.6208 11
    endloop
  endfacet
  facet normal 0 0 -1
    outer loop
      vertex -51.8433 48.521 11
      vertex -69.8139 54.9901 11
      vertex 69.8139 54.9901 11
    endloop
  endfacet
  facet normal 0 0 -1
    outer loop
      vertex -52.8982 48.5874 11
      vertex -69.8139 54.9901 11
      vertex -52.6334 48.6208 11
    endloop
  endfacet
  facet normal 0 0 -1
    outer loop
      vertex -53.1567 48.521 11
      vertex -69.8139 54.9901 11
      vertex -52.8982 48.5874 11
    endloop
  endfacet
  facet normal 0 0 -1
    outer loop
      vertex -53.4048 48.4228 11
      vertex -69.8139 54.9901 11
      vertex -53.1567 48.521 11
    endloop
  endfacet
  facet normal 0 0 -1
    outer loop
      vertex -53.6386 48.2942 11
      vertex -69.8139 54.9901 11
      vertex -53.4048 48.4228 11
    endloop
  endfacet
  facet normal 0 0 -1
    outer loop
      vertex -53.8545 48.1373 11
      vertex -69.8139 54.9901 11
      vertex -53.6386 48.2942 11
    endloop
  endfacet
  facet normal 0 0 -1
    outer loop
      vertex -54.0491 47.9547 11
      vertex -69.8139 54.9901 11
      vertex -53.8545 48.1373 11
    endloop
  endfacet
  facet normal 0 0 -1
    outer loop
      vertex -54.2192 47.749 11
      vertex -69.8139 54.9901 11
      vertex -54.0491 47.9547 11
    endloop
  endfacet
  facet normal 0 0 -1
    outer loop
      vertex -54.3622 47.5237 11
      vertex -69.8139 54.9901 11
      vertex -54.2192 47.749 11
    endloop
  endfacet
  facet normal 0 0 -1
    outer loop
      vertex -54.4758 47.2823 11
      vertex -69.8139 54.9901 11
      vertex -54.3622 47.5237 11
    endloop
  endfacet
  facet normal 0 0 -1
    outer loop
      vertex -54.5582 47.0285 11
      vertex -69.8139 54.9901 11
      vertex -54.4758 47.2823 11
    endloop
  endfacet
  facet normal 0 0 -1
    outer loop
      vertex -54.6082 46.7663 11
      vertex -69.8139 54.9901 11
      vertex -54.5582 47.0285 11
    endloop
  endfacet
  facet normal 0 0 -1
    outer loop
      vertex -69.8139 54.9901 11
      vertex -54.6082 46.7663 11
      vertex -54.625 46.5 11
    endloop
  endfacet
  facet normal 0 1 -0
    outer loop
      vertex 74.5 37.5 0
      vertex -74.5 37.5 11
      vertex 74.5 37.5 11
    endloop
  endfacet
  facet normal 0 1 0
    outer loop
      vertex -74.5 37.5 11
      vertex 74.5 37.5 0
      vertex -74.5 37.5 0
    endloop
  endfacet
endsolid OpenSCAD_Model
