solid OpenSCAD_Model
  facet normal -1 0 0
    outer loop
      vertex -37 17 0
      vertex -37 2.74457 10.3273
      vertex -37 17 21
    endloop
  endfacet
  facet normal -1 0 0
    outer loop
      vertex -37 17 0
      vertex -37 2.70129 9.9847
      vertex -37 2.74457 10.3273
    endloop
  endfacet
  facet normal -1 0 0
    outer loop
      vertex -37 17 0
      vertex -37 2.61541 9.6502
      vertex -37 2.70129 9.9847
    endloop
  endfacet
  facet normal -1 0 0
    outer loop
      vertex -37 17 0
      vertex -37 2.48827 9.32911
      vertex -37 2.61541 9.6502
    endloop
  endfacet
  facet normal -1 0 0
    outer loop
      vertex -37 17 0
      vertex -37 2.3219 9.02648
      vertex -37 2.48827 9.32911
    endloop
  endfacet
  facet normal -1 0 0
    outer loop
      vertex -37 17 0
      vertex -37 2.11891 8.74708
      vertex -37 2.3219 9.02648
    endloop
  endfacet
  facet normal -1 0 0
    outer loop
      vertex -37 17 0
      vertex -37 1.8825 8.49534
      vertex -37 2.11891 8.74708
    endloop
  endfacet
  facet normal -1 0 0
    outer loop
      vertex -37 17 0
      vertex -37 1.61641 8.2752
      vertex -37 1.8825 8.49534
    endloop
  endfacet
  facet normal -1 0 0
    outer loop
      vertex -37 17 0
      vertex -37 1.32482 8.09016
      vertex -37 1.61641 8.2752
    endloop
  endfacet
  facet normal -1 0 0
    outer loop
      vertex -37 17 0
      vertex -37 1.01234 7.94312
      vertex -37 1.32482 8.09016
    endloop
  endfacet
  facet normal -1 0 0
    outer loop
      vertex -37 17 0
      vertex -37 0.683897 7.8364
      vertex -37 1.01234 7.94312
    endloop
  endfacet
  facet normal -1 0 0
    outer loop
      vertex -37 17 0
      vertex -37 0.344666 7.77168
      vertex -37 0.683897 7.8364
    endloop
  endfacet
  facet normal -1 0 0
    outer loop
      vertex -37 17 0
      vertex -37 0 7.75
      vertex -37 0.344666 7.77168
    endloop
  endfacet
  facet normal -1 0 0
    outer loop
      vertex -37 -17 0
      vertex -37 0 7.75
      vertex -37 17 0
    endloop
  endfacet
  facet normal -1 -0 0
    outer loop
      vertex -37 0 7.75
      vertex -37 -17 0
      vertex -37 -0.344666 7.77168
    endloop
  endfacet
  facet normal -1 -0 0
    outer loop
      vertex -37 -0.344666 7.77168
      vertex -37 -17 0
      vertex -37 -0.683897 7.8364
    endloop
  endfacet
  facet normal -1 0 0
    outer loop
      vertex -37 -2.74457 10.3273
      vertex -37 -12.2554 10.3273
      vertex -37 -2.74457 10.6727
    endloop
  endfacet
  facet normal -1 0 0
    outer loop
      vertex -37 -2.70129 9.9847
      vertex -37 -12.2554 10.3273
      vertex -37 -2.74457 10.3273
    endloop
  endfacet
  facet normal -1 0 0
    outer loop
      vertex -37 -12.2987 9.9847
      vertex -37 -2.70129 9.9847
      vertex -37 -2.61541 9.6502
    endloop
  endfacet
  facet normal -1 0 0
    outer loop
      vertex -37 -12.3846 9.6502
      vertex -37 -2.61541 9.6502
      vertex -37 -2.48827 9.32911
    endloop
  endfacet
  facet normal -1 0 0
    outer loop
      vertex -37 -12.5117 9.32911
      vertex -37 -2.48827 9.32911
      vertex -37 -2.3219 9.02648
    endloop
  endfacet
  facet normal -1 0 0
    outer loop
      vertex -37 -12.6781 9.02648
      vertex -37 -2.3219 9.02648
      vertex -37 -2.11891 8.74708
    endloop
  endfacet
  facet normal -1 0 0
    outer loop
      vertex -37 -12.8811 8.74708
      vertex -37 -2.11891 8.74708
      vertex -37 -1.8825 8.49534
    endloop
  endfacet
  facet normal -1 0 0
    outer loop
      vertex -37 -13.1175 8.49534
      vertex -37 -1.8825 8.49534
      vertex -37 -1.61641 8.2752
    endloop
  endfacet
  facet normal -1 0 0
    outer loop
      vertex -37 -17 0
      vertex -37 -1.61641 8.2752
      vertex -37 -1.32482 8.09016
    endloop
  endfacet
  facet normal -1 0 0
    outer loop
      vertex -37 -17 0
      vertex -37 -1.32482 8.09016
      vertex -37 -1.01234 7.94312
    endloop
  endfacet
  facet normal -1 -0 0
    outer loop
      vertex -37 -0.683897 7.8364
      vertex -37 -17 0
      vertex -37 -1.01234 7.94312
    endloop
  endfacet
  facet normal -1 0 0
    outer loop
      vertex -37 -2.70129 9.9847
      vertex -37 -12.2987 9.9847
      vertex -37 -12.2554 10.3273
    endloop
  endfacet
  facet normal -1 0 0
    outer loop
      vertex -37 -2.61541 9.6502
      vertex -37 -12.3846 9.6502
      vertex -37 -12.2987 9.9847
    endloop
  endfacet
  facet normal -1 0 0
    outer loop
      vertex -37 -2.48827 9.32911
      vertex -37 -12.5117 9.32911
      vertex -37 -12.3846 9.6502
    endloop
  endfacet
  facet normal -1 0 0
    outer loop
      vertex -37 -2.3219 9.02648
      vertex -37 -12.6781 9.02648
      vertex -37 -12.5117 9.32911
    endloop
  endfacet
  facet normal -1 0 0
    outer loop
      vertex -37 -2.11891 8.74708
      vertex -37 -12.8811 8.74708
      vertex -37 -12.6781 9.02648
    endloop
  endfacet
  facet normal -1 -0 0
    outer loop
      vertex -37 -1.61641 8.2752
      vertex -37 -17 0
      vertex -37 -13.3836 8.2752
    endloop
  endfacet
  facet normal -1 0 0
    outer loop
      vertex -37 -1.8825 8.49534
      vertex -37 -13.1175 8.49534
      vertex -37 -12.8811 8.74708
    endloop
  endfacet
  facet normal -1 0 0
    outer loop
      vertex -37 -1.61641 8.2752
      vertex -37 -13.3836 8.2752
      vertex -37 -13.1175 8.49534
    endloop
  endfacet
  facet normal -1 0 0
    outer loop
      vertex -37 -13.3836 8.2752
      vertex -37 -17 0
      vertex -37 -13.6752 8.09016
    endloop
  endfacet
  facet normal -1 0 0
    outer loop
      vertex -37 -13.6752 8.09016
      vertex -37 -17 0
      vertex -37 -13.9877 7.94312
    endloop
  endfacet
  facet normal -1 0 0
    outer loop
      vertex -37 -13.9877 7.94312
      vertex -37 -17 0
      vertex -37 -14.3161 7.8364
    endloop
  endfacet
  facet normal -1 0 0
    outer loop
      vertex -37 -14.3161 7.8364
      vertex -37 -17 0
      vertex -37 -14.6553 7.77168
    endloop
  endfacet
  facet normal -1 0 0
    outer loop
      vertex -37 -14.6553 7.77168
      vertex -37 -17 0
      vertex -37 -15 7.75
    endloop
  endfacet
  facet normal -1 -0 0
    outer loop
      vertex -37 -15 7.75
      vertex -37 -17 0
      vertex -37 -15.3447 7.77168
    endloop
  endfacet
  facet normal -1 -0 0
    outer loop
      vertex -37 -15.3447 7.77168
      vertex -37 -17 0
      vertex -37 -15.6839 7.8364
    endloop
  endfacet
  facet normal -1 0 0
    outer loop
      vertex -37 -17 0
      vertex -37 -16.0123 7.94312
      vertex -37 -15.6839 7.8364
    endloop
  endfacet
  facet normal -1 0 0
    outer loop
      vertex -37 -17 0
      vertex -37 -16.3248 8.09016
      vertex -37 -16.0123 7.94312
    endloop
  endfacet
  facet normal -1 0 0
    outer loop
      vertex -37 -17 0
      vertex -37 -16.6164 8.2752
      vertex -37 -16.3248 8.09016
    endloop
  endfacet
  facet normal -1 0 0
    outer loop
      vertex -37 -17 0
      vertex -37 -16.8825 8.49534
      vertex -37 -16.6164 8.2752
    endloop
  endfacet
  facet normal -1 -0 0
    outer loop
      vertex -37 -16.8825 8.49534
      vertex -37 -17 0
      vertex -37 -17 8.62046
    endloop
  endfacet
  facet normal -1 0 0
    outer loop
      vertex -37 2.74457 10.6727
      vertex -37 17 21
      vertex -37 2.74457 10.3273
    endloop
  endfacet
  facet normal -1 0 0
    outer loop
      vertex -37 2.70129 11.0153
      vertex -37 17 21
      vertex -37 2.74457 10.6727
    endloop
  endfacet
  facet normal -1 0 0
    outer loop
      vertex -37 2.61541 11.3498
      vertex -37 17 21
      vertex -37 2.70129 11.0153
    endloop
  endfacet
  facet normal -1 0 0
    outer loop
      vertex -37 2.48827 11.6709
      vertex -37 17 21
      vertex -37 2.61541 11.3498
    endloop
  endfacet
  facet normal -1 0 0
    outer loop
      vertex -37 2.3219 11.9735
      vertex -37 17 21
      vertex -37 2.48827 11.6709
    endloop
  endfacet
  facet normal -1 0 0
    outer loop
      vertex -37 2.11891 12.2529
      vertex -37 17 21
      vertex -37 2.3219 11.9735
    endloop
  endfacet
  facet normal -1 0 0
    outer loop
      vertex -37 1.8825 12.5047
      vertex -37 17 21
      vertex -37 2.11891 12.2529
    endloop
  endfacet
  facet normal -1 0 0
    outer loop
      vertex -37 1.61641 12.7248
      vertex -37 17 21
      vertex -37 1.8825 12.5047
    endloop
  endfacet
  facet normal -1 0 0
    outer loop
      vertex -37 1.32482 12.9098
      vertex -37 17 21
      vertex -37 1.61641 12.7248
    endloop
  endfacet
  facet normal -1 0 0
    outer loop
      vertex -37 1.01234 13.0569
      vertex -37 17 21
      vertex -37 1.32482 12.9098
    endloop
  endfacet
  facet normal -1 0 0
    outer loop
      vertex -37 0.683897 13.1636
      vertex -37 17 21
      vertex -37 1.01234 13.0569
    endloop
  endfacet
  facet normal -1 0 0
    outer loop
      vertex -37 0.344666 13.2283
      vertex -37 17 21
      vertex -37 0.683897 13.1636
    endloop
  endfacet
  facet normal -1 0 0
    outer loop
      vertex -37 0 13.25
      vertex -37 17 21
      vertex -37 0.344666 13.2283
    endloop
  endfacet
  facet normal -1 0 0
    outer loop
      vertex -37 -17 21
      vertex -37 0 13.25
      vertex -37 -0.344666 13.2283
    endloop
  endfacet
  facet normal -1 0 0
    outer loop
      vertex -37 -17 21
      vertex -37 -0.344666 13.2283
      vertex -37 -0.683897 13.1636
    endloop
  endfacet
  facet normal -1 0 0
    outer loop
      vertex -37 -17 21
      vertex -37 -0.683897 13.1636
      vertex -37 -1.01234 13.0569
    endloop
  endfacet
  facet normal -1 0 0
    outer loop
      vertex -37 -12.2554 10.6727
      vertex -37 -2.74457 10.6727
      vertex -37 -12.2554 10.3273
    endloop
  endfacet
  facet normal -1 0 0
    outer loop
      vertex -37 -2.74457 10.6727
      vertex -37 -12.2554 10.6727
      vertex -37 -2.70129 11.0153
    endloop
  endfacet
  facet normal -1 0 0
    outer loop
      vertex -37 -12.2987 11.0153
      vertex -37 -2.70129 11.0153
      vertex -37 -12.2554 10.6727
    endloop
  endfacet
  facet normal -1 0 0
    outer loop
      vertex -37 -2.70129 11.0153
      vertex -37 -12.2987 11.0153
      vertex -37 -2.61541 11.3498
    endloop
  endfacet
  facet normal -1 0 0
    outer loop
      vertex -37 -12.3846 11.3498
      vertex -37 -2.61541 11.3498
      vertex -37 -12.2987 11.0153
    endloop
  endfacet
  facet normal -1 0 0
    outer loop
      vertex -37 -2.61541 11.3498
      vertex -37 -12.3846 11.3498
      vertex -37 -2.48827 11.6709
    endloop
  endfacet
  facet normal -1 0 0
    outer loop
      vertex -37 -12.5117 11.6709
      vertex -37 -2.48827 11.6709
      vertex -37 -12.3846 11.3498
    endloop
  endfacet
  facet normal -1 0 0
    outer loop
      vertex -37 -2.48827 11.6709
      vertex -37 -12.5117 11.6709
      vertex -37 -2.3219 11.9735
    endloop
  endfacet
  facet normal -1 0 0
    outer loop
      vertex -37 -12.6781 11.9735
      vertex -37 -2.3219 11.9735
      vertex -37 -12.5117 11.6709
    endloop
  endfacet
  facet normal -1 0 0
    outer loop
      vertex -37 -2.3219 11.9735
      vertex -37 -12.6781 11.9735
      vertex -37 -2.11891 12.2529
    endloop
  endfacet
  facet normal -1 0 0
    outer loop
      vertex -37 -12.8811 12.2529
      vertex -37 -2.11891 12.2529
      vertex -37 -12.6781 11.9735
    endloop
  endfacet
  facet normal -1 0 0
    outer loop
      vertex -37 -2.11891 12.2529
      vertex -37 -12.8811 12.2529
      vertex -37 -1.8825 12.5047
    endloop
  endfacet
  facet normal -1 0 0
    outer loop
      vertex -37 -13.1175 12.5047
      vertex -37 -1.8825 12.5047
      vertex -37 -12.8811 12.2529
    endloop
  endfacet
  facet normal -1 0 0
    outer loop
      vertex -37 -1.8825 12.5047
      vertex -37 -13.1175 12.5047
      vertex -37 -1.61641 12.7248
    endloop
  endfacet
  facet normal -1 0 0
    outer loop
      vertex -37 -13.3836 12.7248
      vertex -37 -1.61641 12.7248
      vertex -37 -13.1175 12.5047
    endloop
  endfacet
  facet normal -1 0 0
    outer loop
      vertex -37 -17 21
      vertex -37 -1.61641 12.7248
      vertex -37 -13.3836 12.7248
    endloop
  endfacet
  facet normal -1 0 0
    outer loop
      vertex -37 -1.61641 12.7248
      vertex -37 -17 21
      vertex -37 -1.32482 12.9098
    endloop
  endfacet
  facet normal -1 0 0
    outer loop
      vertex -37 -1.32482 12.9098
      vertex -37 -17 21
      vertex -37 -1.01234 13.0569
    endloop
  endfacet
  facet normal -1 0 0
    outer loop
      vertex -37 -17 21
      vertex -37 -13.3836 12.7248
      vertex -37 -13.6752 12.9098
    endloop
  endfacet
  facet normal -1 0 0
    outer loop
      vertex -37 -17 21
      vertex -37 -13.6752 12.9098
      vertex -37 -13.9877 13.0569
    endloop
  endfacet
  facet normal -1 0 0
    outer loop
      vertex -37 -17 21
      vertex -37 -13.9877 13.0569
      vertex -37 -14.3161 13.1636
    endloop
  endfacet
  facet normal -1 0 0
    outer loop
      vertex -37 -17 21
      vertex -37 -14.3161 13.1636
      vertex -37 -14.6553 13.2283
    endloop
  endfacet
  facet normal -1 0 0
    outer loop
      vertex -37 -17 21
      vertex -37 -14.6553 13.2283
      vertex -37 -15 13.25
    endloop
  endfacet
  facet normal -1 0 0
    outer loop
      vertex -37 -17 21
      vertex -37 -15 13.25
      vertex -37 -15.3447 13.2283
    endloop
  endfacet
  facet normal -1 0 0
    outer loop
      vertex -37 -17 21
      vertex -37 -15.3447 13.2283
      vertex -37 -15.6839 13.1636
    endloop
  endfacet
  facet normal -1 0 0
    outer loop
      vertex -37 0 13.25
      vertex -37 -17 21
      vertex -37 17 21
    endloop
  endfacet
  facet normal -1 0 0
    outer loop
      vertex -37 -16.0123 13.0569
      vertex -37 -17 21
      vertex -37 -15.6839 13.1636
    endloop
  endfacet
  facet normal -1 0 0
    outer loop
      vertex -37 -16.3248 12.9098
      vertex -37 -17 21
      vertex -37 -16.0123 13.0569
    endloop
  endfacet
  facet normal -1 0 0
    outer loop
      vertex -37 -16.6164 12.7248
      vertex -37 -17 21
      vertex -37 -16.3248 12.9098
    endloop
  endfacet
  facet normal -1 0 0
    outer loop
      vertex -37 -16.8825 12.5047
      vertex -37 -17 21
      vertex -37 -16.6164 12.7248
    endloop
  endfacet
  facet normal -1 0 0
    outer loop
      vertex -37 -17 21
      vertex -37 -16.8825 12.5047
      vertex -37 -17 12.3795
    endloop
  endfacet
  facet normal -0.99803 0.0627451 0
    outer loop
      vertex -37 17 0
      vertex -36.9606 17.6267 21
      vertex -36.9606 17.6267 0
    endloop
  endfacet
  facet normal -0.99803 0.0627451 0
    outer loop
      vertex -36.9606 17.6267 21
      vertex -37 17 0
      vertex -37 17 21
    endloop
  endfacet
  facet normal 0 0 1
    outer loop
      vertex 32.314 21.9901 21
      vertex 37 17 21
      vertex 36.9606 17.6267 21
    endloop
  endfacet
  facet normal 0 0 1
    outer loop
      vertex 31.6501 8.00987 21
      vertex 37 17 21
      vertex 32.314 21.9901 21
    endloop
  endfacet
  facet normal 0 0 1
    outer loop
      vertex 32.314 21.9901 21
      vertex 36.9606 17.6267 21
      vertex 36.8429 18.2435 21
    endloop
  endfacet
  facet normal 0 0 1
    outer loop
      vertex 37 17 21
      vertex 31.6501 8.00987 21
      vertex 37 13 21
    endloop
  endfacet
  facet normal 0 0 1
    outer loop
      vertex 32.314 21.9901 21
      vertex 36.8429 18.2435 21
      vertex 36.6489 18.8406 21
    endloop
  endfacet
  facet normal 0 0 1
    outer loop
      vertex 37 13 21
      vertex 31.6501 8.00987 21
      vertex 36.9606 12.3733 21
    endloop
  endfacet
  facet normal 0 0 1
    outer loop
      vertex 32.314 21.9901 21
      vertex 36.6489 18.8406 21
      vertex 36.3815 19.4088 21
    endloop
  endfacet
  facet normal 0 0 1
    outer loop
      vertex 36.9606 12.3733 21
      vertex 31.6501 8.00987 21
      vertex 36.8429 11.7565 21
    endloop
  endfacet
  facet normal 0 0 1
    outer loop
      vertex 32.314 21.9901 21
      vertex 36.3815 19.4088 21
      vertex 36.0451 19.9389 21
    endloop
  endfacet
  facet normal 0 0 1
    outer loop
      vertex 36.6489 11.1594 21
      vertex 31.6501 8.00987 21
      vertex 36.3815 10.5912 21
    endloop
  endfacet
  facet normal 0 0 1
    outer loop
      vertex 32.314 21.9901 21
      vertex 36.0451 19.9389 21
      vertex 35.6448 20.4227 21
    endloop
  endfacet
  facet normal 0 0 1
    outer loop
      vertex 36.3815 10.5912 21
      vertex 31.6501 8.00987 21
      vertex 36.0451 10.0611 21
    endloop
  endfacet
  facet normal 0 0 1
    outer loop
      vertex 32.314 21.9901 21
      vertex 35.6448 20.4227 21
      vertex 35.1871 20.8526 21
    endloop
  endfacet
  facet normal 0 0 1
    outer loop
      vertex 36.0451 10.0611 21
      vertex 31.6501 8.00987 21
      vertex 35.6448 9.57726 21
    endloop
  endfacet
  facet normal 0 0 1
    outer loop
      vertex 32.314 21.9901 21
      vertex 35.1871 20.8526 21
      vertex 34.6791 21.2216 21
    endloop
  endfacet
  facet normal 0 0 1
    outer loop
      vertex 35.6448 9.57726 21
      vertex 31.6501 8.00987 21
      vertex 35.1871 9.14743 21
    endloop
  endfacet
  facet normal 0 0 1
    outer loop
      vertex 32.314 21.9901 21
      vertex 34.6791 21.2216 21
      vertex 34.1289 21.5241 21
    endloop
  endfacet
  facet normal 0 0 1
    outer loop
      vertex 35.1871 9.14743 21
      vertex 31.6501 8.00987 21
      vertex 34.6791 8.77836 21
    endloop
  endfacet
  facet normal 0 0 1
    outer loop
      vertex 32.314 21.9901 21
      vertex 34.1289 21.5241 21
      vertex 33.5451 21.7553 21
    endloop
  endfacet
  facet normal 0 0 1
    outer loop
      vertex 34.6791 8.77836 21
      vertex 31.6501 8.00987 21
      vertex 34.1289 8.47586 21
    endloop
  endfacet
  facet normal 0 0 1
    outer loop
      vertex 32.314 21.9901 21
      vertex 33.5451 21.7553 21
      vertex 32.9369 21.9114 21
    endloop
  endfacet
  facet normal 0 0 1
    outer loop
      vertex 34.1289 8.47586 21
      vertex 31.6501 8.00987 21
      vertex 33.5451 8.24472 21
    endloop
  endfacet
  facet normal 0 0 1
    outer loop
      vertex 36.8429 11.7565 21
      vertex 31.6501 8.00987 21
      vertex 36.6489 11.1594 21
    endloop
  endfacet
  facet normal 0 0 1
    outer loop
      vertex 33.5451 8.24472 21
      vertex 31.6501 8.00987 21
      vertex 32.9369 8.08856 21
    endloop
  endfacet
  facet normal 0 0 1
    outer loop
      vertex 32.9369 8.08856 21
      vertex 31.6501 8.00987 21
      vertex 32.314 8.00987 21
    endloop
  endfacet
  facet normal 0 0 1
    outer loop
      vertex 32.314 21.9901 21
      vertex 0.389317 8.00987 21
      vertex 31.6501 8.00987 21
    endloop
  endfacet
  facet normal -0 0 1
    outer loop
      vertex -32.314 21.9901 21
      vertex 0.389317 8.00987 21
      vertex 32.314 21.9901 21
    endloop
  endfacet
  facet normal 0 0 1
    outer loop
      vertex -37 17 21
      vertex -23 -3.68479 21
      vertex -23 8.00987 21
    endloop
  endfacet
  facet normal 0 0 1
    outer loop
      vertex -23 -3.68479 21
      vertex -37 -17 21
      vertex -23.819 -19.7247 21
    endloop
  endfacet
  facet normal 0 -0 1
    outer loop
      vertex -27.686 -21.9901 21
      vertex -23.819 -19.7247 21
      vertex -37 -17 21
    endloop
  endfacet
  facet normal 0 -0 1
    outer loop
      vertex -24.3552 -20.4227 21
      vertex -23.819 -19.7247 21
      vertex -27.686 -21.9901 21
    endloop
  endfacet
  facet normal 0 0 1
    outer loop
      vertex -23.819 -19.7247 21
      vertex -24.3552 -20.4227 21
      vertex -23.9549 -19.9389 21
    endloop
  endfacet
  facet normal 0 0 1
    outer loop
      vertex -24.3552 -20.4227 21
      vertex -27.686 -21.9901 21
      vertex -24.8129 -20.8526 21
    endloop
  endfacet
  facet normal 0 0 1
    outer loop
      vertex -24.8129 -20.8526 21
      vertex -27.686 -21.9901 21
      vertex -25.3209 -21.2216 21
    endloop
  endfacet
  facet normal 0 0 1
    outer loop
      vertex -25.3209 -21.2216 21
      vertex -27.686 -21.9901 21
      vertex -25.8711 -21.5241 21
    endloop
  endfacet
  facet normal 0 0 1
    outer loop
      vertex -25.8711 -21.5241 21
      vertex -27.686 -21.9901 21
      vertex -26.4549 -21.7553 21
    endloop
  endfacet
  facet normal 0 0 1
    outer loop
      vertex 0.389317 8.00987 21
      vertex -32.314 21.9901 21
      vertex -23 8.00987 21
    endloop
  endfacet
  facet normal -0 0 1
    outer loop
      vertex -37 17 21
      vertex -23 8.00987 21
      vertex -32.314 21.9901 21
    endloop
  endfacet
  facet normal 0 0 1
    outer loop
      vertex -23 -3.68479 21
      vertex -37 17 21
      vertex -37 -17 21
    endloop
  endfacet
  facet normal 0 0 1
    outer loop
      vertex -37 17 21
      vertex -32.314 21.9901 21
      vertex -32.9369 21.9114 21
    endloop
  endfacet
  facet normal 0 0 1
    outer loop
      vertex -26.4549 -21.7553 21
      vertex -27.686 -21.9901 21
      vertex -27.0631 -21.9114 21
    endloop
  endfacet
  facet normal 0 0 1
    outer loop
      vertex -37 17 21
      vertex -32.9369 21.9114 21
      vertex -33.5451 21.7553 21
    endloop
  endfacet
  facet normal 0 0 1
    outer loop
      vertex -27.686 -21.9901 21
      vertex -37 -17 21
      vertex -32.314 -21.9901 21
    endloop
  endfacet
  facet normal 0 0 1
    outer loop
      vertex -37 17 21
      vertex -33.5451 21.7553 21
      vertex -34.1289 21.5241 21
    endloop
  endfacet
  facet normal 0 0 1
    outer loop
      vertex -32.314 -21.9901 21
      vertex -37 -17 21
      vertex -32.9369 -21.9114 21
    endloop
  endfacet
  facet normal 0 0 1
    outer loop
      vertex -37 17 21
      vertex -34.1289 21.5241 21
      vertex -34.6791 21.2216 21
    endloop
  endfacet
  facet normal 0 0 1
    outer loop
      vertex -32.9369 -21.9114 21
      vertex -37 -17 21
      vertex -33.5451 -21.7553 21
    endloop
  endfacet
  facet normal 0 0 1
    outer loop
      vertex -37 17 21
      vertex -34.6791 21.2216 21
      vertex -35.1871 20.8526 21
    endloop
  endfacet
  facet normal 0 0 1
    outer loop
      vertex -33.5451 -21.7553 21
      vertex -37 -17 21
      vertex -34.1289 -21.5241 21
    endloop
  endfacet
  facet normal 0 0 1
    outer loop
      vertex -37 17 21
      vertex -35.1871 20.8526 21
      vertex -35.6448 20.4227 21
    endloop
  endfacet
  facet normal 0 0 1
    outer loop
      vertex -34.1289 -21.5241 21
      vertex -37 -17 21
      vertex -34.6791 -21.2216 21
    endloop
  endfacet
  facet normal 0 0 1
    outer loop
      vertex -37 17 21
      vertex -35.6448 20.4227 21
      vertex -36.0451 19.9389 21
    endloop
  endfacet
  facet normal 0 0 1
    outer loop
      vertex -34.6791 -21.2216 21
      vertex -37 -17 21
      vertex -35.1871 -20.8526 21
    endloop
  endfacet
  facet normal 0 0 1
    outer loop
      vertex -37 17 21
      vertex -36.0451 19.9389 21
      vertex -36.3815 19.4088 21
    endloop
  endfacet
  facet normal 0 0 1
    outer loop
      vertex -35.1871 -20.8526 21
      vertex -37 -17 21
      vertex -35.6448 -20.4227 21
    endloop
  endfacet
  facet normal 0 0 1
    outer loop
      vertex -37 17 21
      vertex -36.3815 19.4088 21
      vertex -36.6489 18.8406 21
    endloop
  endfacet
  facet normal 0 0 1
    outer loop
      vertex -35.6448 -20.4227 21
      vertex -37 -17 21
      vertex -36.0451 -19.9389 21
    endloop
  endfacet
  facet normal 0 0 1
    outer loop
      vertex -37 17 21
      vertex -36.6489 18.8406 21
      vertex -36.8429 18.2435 21
    endloop
  endfacet
  facet normal 0 0 1
    outer loop
      vertex -36.0451 -19.9389 21
      vertex -37 -17 21
      vertex -36.3815 -19.4088 21
    endloop
  endfacet
  facet normal 0 0 1
    outer loop
      vertex -37 17 21
      vertex -36.8429 18.2435 21
      vertex -36.9606 17.6267 21
    endloop
  endfacet
  facet normal 0 0 1
    outer loop
      vertex -36.3815 -19.4088 21
      vertex -37 -17 21
      vertex -36.6489 -18.8406 21
    endloop
  endfacet
  facet normal 0 0 1
    outer loop
      vertex -36.6489 -18.8406 21
      vertex -37 -17 21
      vertex -36.8429 -18.2435 21
    endloop
  endfacet
  facet normal 0 0 1
    outer loop
      vertex -36.8429 -18.2435 21
      vertex -37 -17 21
      vertex -36.9606 -17.6267 21
    endloop
  endfacet
  facet normal 0 0 1
    outer loop
      vertex -23.819 -19.7247 21
      vertex 0.389317 8.00987 21
      vertex -23 -3.68479 21
    endloop
  endfacet
  facet normal -0 0 1
    outer loop
      vertex 0.389317 8.00987 21
      vertex -23.819 -19.7247 21
      vertex 31.6501 8.00987 21
    endloop
  endfacet
  facet normal 0 -1 0
    outer loop
      vertex 31.6501 8.00987 0
      vertex 32.314 8.00987 21
      vertex 31.6501 8.00987 21
    endloop
  endfacet
  facet normal 0 -1 -0
    outer loop
      vertex 32.314 8.00987 21
      vertex 31.6501 8.00987 0
      vertex 32.314 8.00987 0
    endloop
  endfacet
  facet normal 0 -1 0
    outer loop
      vertex -14.436 8.00987 14.9645
      vertex -23 8.00987 21
      vertex -15 8.00987 15
    endloop
  endfacet
  facet normal 0 -1 0
    outer loop
      vertex -23 8.00987 21
      vertex -15.564 8.00987 14.9645
      vertex -15 8.00987 15
    endloop
  endfacet
  facet normal 0 -1 0
    outer loop
      vertex -23 8.00987 21
      vertex -16.1191 8.00987 14.8586
      vertex -15.564 8.00987 14.9645
    endloop
  endfacet
  facet normal 0 -1 0
    outer loop
      vertex -23 8.00987 21
      vertex -16.6566 8.00987 14.684
      vertex -16.1191 8.00987 14.8586
    endloop
  endfacet
  facet normal 0 -1 0
    outer loop
      vertex -23 8.00987 21
      vertex -17.1679 8.00987 14.4434
      vertex -16.6566 8.00987 14.684
    endloop
  endfacet
  facet normal 0 -1 0
    outer loop
      vertex -23 8.00987 21
      vertex -17.645 8.00987 14.1406
      vertex -17.1679 8.00987 14.4434
    endloop
  endfacet
  facet normal 0 -1 0
    outer loop
      vertex -23 8.00987 21
      vertex -18.0805 8.00987 13.7804
      vertex -17.645 8.00987 14.1406
    endloop
  endfacet
  facet normal 0 -1 0
    outer loop
      vertex -23 8.00987 21
      vertex -18.4673 8.00987 13.3684
      vertex -18.0805 8.00987 13.7804
    endloop
  endfacet
  facet normal 0 -1 0
    outer loop
      vertex -23 8.00987 21
      vertex -18.7995 8.00987 12.9112
      vertex -18.4673 8.00987 13.3684
    endloop
  endfacet
  facet normal 0 -1 0
    outer loop
      vertex -23 8.00987 21
      vertex -19.0717 8.00987 12.416
      vertex -18.7995 8.00987 12.9112
    endloop
  endfacet
  facet normal 0 -1 0
    outer loop
      vertex -23 8.00987 21
      vertex -19.2798 8.00987 11.8906
      vertex -19.0717 8.00987 12.416
    endloop
  endfacet
  facet normal 0 -1 0
    outer loop
      vertex -23 8.00987 21
      vertex -19.4203 8.00987 11.3432
      vertex -19.2798 8.00987 11.8906
    endloop
  endfacet
  facet normal 0 -1 0
    outer loop
      vertex -23 8.00987 21
      vertex -19.4911 8.00987 10.7826
      vertex -19.4203 8.00987 11.3432
    endloop
  endfacet
  facet normal 0 -1 0
    outer loop
      vertex -23 8.00987 21
      vertex -19.4911 8.00987 10.2174
      vertex -19.4911 8.00987 10.7826
    endloop
  endfacet
  facet normal 0 -1 0
    outer loop
      vertex -23 8.00987 0
      vertex -19.4911 8.00987 10.2174
      vertex -23 8.00987 21
    endloop
  endfacet
  facet normal 0 -1 -0
    outer loop
      vertex -19.4911 8.00987 10.2174
      vertex -23 8.00987 0
      vertex -19.4203 8.00987 9.65679
    endloop
  endfacet
  facet normal 0 -1 -0
    outer loop
      vertex -15.564 8.00987 6.03548
      vertex -23 8.00987 0
      vertex -15 8.00987 6
    endloop
  endfacet
  facet normal 0 -1 -0
    outer loop
      vertex -16.1191 8.00987 6.14138
      vertex -23 8.00987 0
      vertex -15.564 8.00987 6.03548
    endloop
  endfacet
  facet normal 0 -1 -0
    outer loop
      vertex -16.6566 8.00987 6.31601
      vertex -23 8.00987 0
      vertex -16.1191 8.00987 6.14138
    endloop
  endfacet
  facet normal 0 -1 -0
    outer loop
      vertex -17.1679 8.00987 6.55662
      vertex -23 8.00987 0
      vertex -16.6566 8.00987 6.31601
    endloop
  endfacet
  facet normal 0 -1 -0
    outer loop
      vertex -17.645 8.00987 6.85942
      vertex -23 8.00987 0
      vertex -17.1679 8.00987 6.55662
    endloop
  endfacet
  facet normal 0 -1 -0
    outer loop
      vertex -18.0805 8.00987 7.21964
      vertex -23 8.00987 0
      vertex -17.645 8.00987 6.85942
    endloop
  endfacet
  facet normal 0 -1 -0
    outer loop
      vertex -18.4673 8.00987 7.63159
      vertex -23 8.00987 0
      vertex -18.0805 8.00987 7.21964
    endloop
  endfacet
  facet normal 0 -1 -0
    outer loop
      vertex -18.7995 8.00987 8.08878
      vertex -23 8.00987 0
      vertex -18.4673 8.00987 7.63159
    endloop
  endfacet
  facet normal 0 -1 -0
    outer loop
      vertex -19.0717 8.00987 8.58399
      vertex -23 8.00987 0
      vertex -18.7995 8.00987 8.08878
    endloop
  endfacet
  facet normal 0 -1 -0
    outer loop
      vertex -19.2798 8.00987 9.10942
      vertex -23 8.00987 0
      vertex -19.0717 8.00987 8.58399
    endloop
  endfacet
  facet normal 0 -1 -0
    outer loop
      vertex -19.4203 8.00987 9.65679
      vertex -23 8.00987 0
      vertex -19.2798 8.00987 9.10942
    endloop
  endfacet
  facet normal 0 -1 0
    outer loop
      vertex -13.8809 8.00987 14.8586
      vertex -23 8.00987 21
      vertex -14.436 8.00987 14.9645
    endloop
  endfacet
  facet normal 0 -1 0
    outer loop
      vertex -23 8.00987 21
      vertex -13.8809 8.00987 14.8586
      vertex 0.389317 8.00987 21
    endloop
  endfacet
  facet normal 0 -1 0
    outer loop
      vertex -13.3434 8.00987 14.684
      vertex 0.389317 8.00987 21
      vertex -13.8809 8.00987 14.8586
    endloop
  endfacet
  facet normal 0 -1 0
    outer loop
      vertex -12.8321 8.00987 14.4434
      vertex 0.389317 8.00987 21
      vertex -13.3434 8.00987 14.684
    endloop
  endfacet
  facet normal 0 -1 0
    outer loop
      vertex -12.355 8.00987 14.1406
      vertex 0.389317 8.00987 21
      vertex -12.8321 8.00987 14.4434
    endloop
  endfacet
  facet normal 0 -1 0
    outer loop
      vertex -11.9195 8.00987 13.7804
      vertex 0.389317 8.00987 21
      vertex -12.355 8.00987 14.1406
    endloop
  endfacet
  facet normal 0 -1 0
    outer loop
      vertex -11.5327 8.00987 13.3684
      vertex 0.389317 8.00987 21
      vertex -11.9195 8.00987 13.7804
    endloop
  endfacet
  facet normal 0 -1 0
    outer loop
      vertex -11.2005 8.00987 12.9112
      vertex 0.389317 8.00987 21
      vertex -11.5327 8.00987 13.3684
    endloop
  endfacet
  facet normal 0 -1 0
    outer loop
      vertex -10.9283 8.00987 12.416
      vertex 0.389317 8.00987 21
      vertex -11.2005 8.00987 12.9112
    endloop
  endfacet
  facet normal 0 -1 0
    outer loop
      vertex -10.7202 8.00987 11.8906
      vertex 0.389317 8.00987 21
      vertex -10.9283 8.00987 12.416
    endloop
  endfacet
  facet normal 0 -1 0
    outer loop
      vertex -10.5797 8.00987 11.3432
      vertex 0.389317 8.00987 21
      vertex -10.7202 8.00987 11.8906
    endloop
  endfacet
  facet normal 0 -1 0
    outer loop
      vertex -10.5089 8.00987 10.7826
      vertex 0.389317 8.00987 21
      vertex -10.5797 8.00987 11.3432
    endloop
  endfacet
  facet normal 0 -1 0
    outer loop
      vertex -10.5089 8.00987 10.2174
      vertex 0.389317 8.00987 21
      vertex -10.5089 8.00987 10.7826
    endloop
  endfacet
  facet normal 0 -1 0
    outer loop
      vertex 0.389317 8.00987 0
      vertex -10.5089 8.00987 10.2174
      vertex -10.5797 8.00987 9.65679
    endloop
  endfacet
  facet normal 0 -1 0
    outer loop
      vertex 0.389317 8.00987 0
      vertex -10.5797 8.00987 9.65679
      vertex -10.7202 8.00987 9.10942
    endloop
  endfacet
  facet normal 0 -1 0
    outer loop
      vertex 0.389317 8.00987 0
      vertex -10.7202 8.00987 9.10942
      vertex -10.9283 8.00987 8.58399
    endloop
  endfacet
  facet normal 0 -1 0
    outer loop
      vertex 0.389317 8.00987 0
      vertex -10.9283 8.00987 8.58399
      vertex -11.2005 8.00987 8.08878
    endloop
  endfacet
  facet normal 0 -1 0
    outer loop
      vertex 0.389317 8.00987 0
      vertex -11.2005 8.00987 8.08878
      vertex -11.5327 8.00987 7.63159
    endloop
  endfacet
  facet normal 0 -1 0
    outer loop
      vertex -23 8.00987 0
      vertex -14.436 8.00987 6.03548
      vertex -15 8.00987 6
    endloop
  endfacet
  facet normal 0 -1 0
    outer loop
      vertex -23 8.00987 0
      vertex -13.8809 8.00987 6.14138
      vertex -14.436 8.00987 6.03548
    endloop
  endfacet
  facet normal 0 -1 0
    outer loop
      vertex 0.389317 8.00987 0
      vertex -13.8809 8.00987 6.14138
      vertex -23 8.00987 0
    endloop
  endfacet
  facet normal 0 -1 0
    outer loop
      vertex -13.8809 8.00987 6.14138
      vertex 0.389317 8.00987 0
      vertex -13.3434 8.00987 6.31601
    endloop
  endfacet
  facet normal 0 -1 0
    outer loop
      vertex -13.3434 8.00987 6.31601
      vertex 0.389317 8.00987 0
      vertex -12.8321 8.00987 6.55662
    endloop
  endfacet
  facet normal 0 -1 0
    outer loop
      vertex -10.5089 8.00987 10.2174
      vertex 0.389317 8.00987 0
      vertex 0.389317 8.00987 21
    endloop
  endfacet
  facet normal 0 -1 0
    outer loop
      vertex -11.9195 8.00987 7.21964
      vertex 0.389317 8.00987 0
      vertex -11.5327 8.00987 7.63159
    endloop
  endfacet
  facet normal 0 -1 0
    outer loop
      vertex -12.355 8.00987 6.85942
      vertex 0.389317 8.00987 0
      vertex -11.9195 8.00987 7.21964
    endloop
  endfacet
  facet normal 0 -1 0
    outer loop
      vertex -12.8321 8.00987 6.55662
      vertex 0.389317 8.00987 0
      vertex -12.355 8.00987 6.85942
    endloop
  endfacet
  facet normal 0 1 0
    outer loop
      vertex 32.314 21.9901 21
      vertex 14.4094 21.9901 12.8004
      vertex -32.314 21.9901 21
    endloop
  endfacet
  facet normal 0 1 0
    outer loop
      vertex -32.314 21.9901 21
      vertex -14.7023 21.9901 12.8563
      vertex -15 21.9901 12.875
    endloop
  endfacet
  facet normal 0 1 -0
    outer loop
      vertex -14.4094 21.9901 12.8004
      vertex -32.314 21.9901 21
      vertex 14.4094 21.9901 12.8004
    endloop
  endfacet
  facet normal 0 1 0
    outer loop
      vertex -32.314 21.9901 21
      vertex -14.4094 21.9901 12.8004
      vertex -14.7023 21.9901 12.8563
    endloop
  endfacet
  facet normal 0 1 -0
    outer loop
      vertex 14.1257 21.9901 12.7082
      vertex -14.4094 21.9901 12.8004
      vertex 14.4094 21.9901 12.8004
    endloop
  endfacet
  facet normal 0 1 0
    outer loop
      vertex 14.1257 21.9901 12.7082
      vertex -14.1257 21.9901 12.7082
      vertex -14.4094 21.9901 12.8004
    endloop
  endfacet
  facet normal 0 1 -0
    outer loop
      vertex 13.8558 21.9901 12.5812
      vertex -14.1257 21.9901 12.7082
      vertex 14.1257 21.9901 12.7082
    endloop
  endfacet
  facet normal 0 1 0
    outer loop
      vertex 13.8558 21.9901 12.5812
      vertex -13.8558 21.9901 12.5812
      vertex -14.1257 21.9901 12.7082
    endloop
  endfacet
  facet normal 0 1 -0
    outer loop
      vertex 13.604 21.9901 12.4214
      vertex -13.8558 21.9901 12.5812
      vertex 13.8558 21.9901 12.5812
    endloop
  endfacet
  facet normal 0 1 0
    outer loop
      vertex 13.604 21.9901 12.4214
      vertex -13.604 21.9901 12.4214
      vertex -13.8558 21.9901 12.5812
    endloop
  endfacet
  facet normal 0 1 -0
    outer loop
      vertex 13.3742 21.9901 12.2313
      vertex -13.604 21.9901 12.4214
      vertex 13.604 21.9901 12.4214
    endloop
  endfacet
  facet normal 0 1 0
    outer loop
      vertex 13.3742 21.9901 12.2313
      vertex -13.3742 21.9901 12.2313
      vertex -13.604 21.9901 12.4214
    endloop
  endfacet
  facet normal 0 1 -0
    outer loop
      vertex 13.17 21.9901 12.0139
      vertex -13.3742 21.9901 12.2313
      vertex 13.3742 21.9901 12.2313
    endloop
  endfacet
  facet normal 0 1 0
    outer loop
      vertex 13.17 21.9901 12.0139
      vertex -13.17 21.9901 12.0139
      vertex -13.3742 21.9901 12.2313
    endloop
  endfacet
  facet normal 0 1 -0
    outer loop
      vertex 12.9947 21.9901 11.7726
      vertex -13.17 21.9901 12.0139
      vertex 13.17 21.9901 12.0139
    endloop
  endfacet
  facet normal 0 1 0
    outer loop
      vertex 12.9947 21.9901 11.7726
      vertex -12.9947 21.9901 11.7726
      vertex -13.17 21.9901 12.0139
    endloop
  endfacet
  facet normal 0 1 -0
    outer loop
      vertex 12.851 21.9901 11.5112
      vertex -12.9947 21.9901 11.7726
      vertex 12.9947 21.9901 11.7726
    endloop
  endfacet
  facet normal 0 1 0
    outer loop
      vertex 12.851 21.9901 11.5112
      vertex -12.851 21.9901 11.5112
      vertex -12.9947 21.9901 11.7726
    endloop
  endfacet
  facet normal 0 1 -0
    outer loop
      vertex 12.7412 21.9901 11.2339
      vertex -12.851 21.9901 11.5112
      vertex 12.851 21.9901 11.5112
    endloop
  endfacet
  facet normal 0 1 0
    outer loop
      vertex 12.7412 21.9901 11.2339
      vertex -12.7412 21.9901 11.2339
      vertex -12.851 21.9901 11.5112
    endloop
  endfacet
  facet normal 0 1 -0
    outer loop
      vertex 12.6671 21.9901 10.945
      vertex -12.7412 21.9901 11.2339
      vertex 12.7412 21.9901 11.2339
    endloop
  endfacet
  facet normal 0 1 0
    outer loop
      vertex 12.6671 21.9901 10.945
      vertex -12.6671 21.9901 10.945
      vertex -12.7412 21.9901 11.2339
    endloop
  endfacet
  facet normal 0 1 -0
    outer loop
      vertex 12.6297 21.9901 10.6491
      vertex -12.6671 21.9901 10.945
      vertex 12.6671 21.9901 10.945
    endloop
  endfacet
  facet normal 0 1 0
    outer loop
      vertex 12.6297 21.9901 10.6491
      vertex -12.6297 21.9901 10.6491
      vertex -12.6671 21.9901 10.945
    endloop
  endfacet
  facet normal 0 1 -0
    outer loop
      vertex 12.6297 21.9901 10.3509
      vertex -12.6297 21.9901 10.6491
      vertex 12.6297 21.9901 10.6491
    endloop
  endfacet
  facet normal 0 1 0
    outer loop
      vertex 12.6297 21.9901 10.3509
      vertex -12.6297 21.9901 10.3509
      vertex -12.6297 21.9901 10.6491
    endloop
  endfacet
  facet normal 0 1 0
    outer loop
      vertex 12.6671 21.9901 10.055
      vertex -12.6297 21.9901 10.3509
      vertex 12.6297 21.9901 10.3509
    endloop
  endfacet
  facet normal 0 1 0
    outer loop
      vertex 12.6671 21.9901 10.055
      vertex -12.6671 21.9901 10.055
      vertex -12.6297 21.9901 10.3509
    endloop
  endfacet
  facet normal 0 1 0
    outer loop
      vertex 12.7412 21.9901 9.76608
      vertex -12.6671 21.9901 10.055
      vertex 12.6671 21.9901 10.055
    endloop
  endfacet
  facet normal 0 1 0
    outer loop
      vertex 12.7412 21.9901 9.76608
      vertex -12.7412 21.9901 9.76608
      vertex -12.6671 21.9901 10.055
    endloop
  endfacet
  facet normal 0 1 0
    outer loop
      vertex 12.851 21.9901 9.48877
      vertex -12.7412 21.9901 9.76608
      vertex 12.7412 21.9901 9.76608
    endloop
  endfacet
  facet normal 0 1 0
    outer loop
      vertex 12.851 21.9901 9.48877
      vertex -12.851 21.9901 9.48877
      vertex -12.7412 21.9901 9.76608
    endloop
  endfacet
  facet normal 0 1 0
    outer loop
      vertex 12.9947 21.9901 9.22741
      vertex -12.851 21.9901 9.48877
      vertex 12.851 21.9901 9.48877
    endloop
  endfacet
  facet normal 0 1 0
    outer loop
      vertex 12.9947 21.9901 9.22741
      vertex -12.9947 21.9901 9.22741
      vertex -12.851 21.9901 9.48877
    endloop
  endfacet
  facet normal 0 1 0
    outer loop
      vertex 13.17 21.9901 8.98612
      vertex -12.9947 21.9901 9.22741
      vertex 12.9947 21.9901 9.22741
    endloop
  endfacet
  facet normal 0 1 0
    outer loop
      vertex 13.17 21.9901 8.98612
      vertex -13.17 21.9901 8.98612
      vertex -12.9947 21.9901 9.22741
    endloop
  endfacet
  facet normal 0 1 0
    outer loop
      vertex 13.3742 21.9901 8.7687
      vertex -13.17 21.9901 8.98612
      vertex 13.17 21.9901 8.98612
    endloop
  endfacet
  facet normal 0 1 0
    outer loop
      vertex 13.3742 21.9901 8.7687
      vertex -13.3742 21.9901 8.7687
      vertex -13.17 21.9901 8.98612
    endloop
  endfacet
  facet normal 0 1 0
    outer loop
      vertex 13.604 21.9901 8.57858
      vertex -13.3742 21.9901 8.7687
      vertex 13.3742 21.9901 8.7687
    endloop
  endfacet
  facet normal 0 1 0
    outer loop
      vertex 13.604 21.9901 8.57858
      vertex -13.604 21.9901 8.57858
      vertex -13.3742 21.9901 8.7687
    endloop
  endfacet
  facet normal 0 1 0
    outer loop
      vertex 13.8558 21.9901 8.41877
      vertex -13.604 21.9901 8.57858
      vertex 13.604 21.9901 8.57858
    endloop
  endfacet
  facet normal 0 1 0
    outer loop
      vertex 13.8558 21.9901 8.41877
      vertex -13.8558 21.9901 8.41877
      vertex -13.604 21.9901 8.57858
    endloop
  endfacet
  facet normal 0 1 0
    outer loop
      vertex 14.1257 21.9901 8.29178
      vertex -13.8558 21.9901 8.41877
      vertex 13.8558 21.9901 8.41877
    endloop
  endfacet
  facet normal 0 1 0
    outer loop
      vertex 14.1257 21.9901 8.29178
      vertex -14.1257 21.9901 8.29178
      vertex -13.8558 21.9901 8.41877
    endloop
  endfacet
  facet normal 0 1 0
    outer loop
      vertex 14.4094 21.9901 8.19962
      vertex -14.1257 21.9901 8.29178
      vertex 14.1257 21.9901 8.29178
    endloop
  endfacet
  facet normal 0 1 0
    outer loop
      vertex 14.4094 21.9901 8.19962
      vertex -14.4094 21.9901 8.19962
      vertex -14.1257 21.9901 8.29178
    endloop
  endfacet
  facet normal 0 1 0
    outer loop
      vertex 32.314 21.9901 0
      vertex 14.4094 21.9901 8.19962
      vertex 14.7023 21.9901 8.14373
    endloop
  endfacet
  facet normal 0 1 0
    outer loop
      vertex 14.4094 21.9901 8.19962
      vertex 32.314 21.9901 0
      vertex -14.4094 21.9901 8.19962
    endloop
  endfacet
  facet normal 0 1 0
    outer loop
      vertex 32.314 21.9901 0
      vertex 14.7023 21.9901 8.14373
      vertex 15 21.9901 8.125
    endloop
  endfacet
  facet normal 0 1 0
    outer loop
      vertex -32.314 21.9901 0
      vertex -14.4094 21.9901 8.19962
      vertex 32.314 21.9901 0
    endloop
  endfacet
  facet normal 0 1 0
    outer loop
      vertex 14.7023 21.9901 12.8563
      vertex 32.314 21.9901 21
      vertex 15 21.9901 12.875
    endloop
  endfacet
  facet normal 0 1 0
    outer loop
      vertex 32.314 21.9901 21
      vertex 15.2977 21.9901 12.8563
      vertex 15 21.9901 12.875
    endloop
  endfacet
  facet normal 0 1 0
    outer loop
      vertex 32.314 21.9901 21
      vertex 15.5906 21.9901 12.8004
      vertex 15.2977 21.9901 12.8563
    endloop
  endfacet
  facet normal 0 1 0
    outer loop
      vertex 32.314 21.9901 21
      vertex 15.8743 21.9901 12.7082
      vertex 15.5906 21.9901 12.8004
    endloop
  endfacet
  facet normal 0 1 0
    outer loop
      vertex 32.314 21.9901 21
      vertex 16.1442 21.9901 12.5812
      vertex 15.8743 21.9901 12.7082
    endloop
  endfacet
  facet normal 0 1 0
    outer loop
      vertex 32.314 21.9901 21
      vertex 16.396 21.9901 12.4214
      vertex 16.1442 21.9901 12.5812
    endloop
  endfacet
  facet normal 0 1 0
    outer loop
      vertex 32.314 21.9901 21
      vertex 16.6258 21.9901 12.2313
      vertex 16.396 21.9901 12.4214
    endloop
  endfacet
  facet normal 0 1 0
    outer loop
      vertex 32.314 21.9901 21
      vertex 16.83 21.9901 12.0139
      vertex 16.6258 21.9901 12.2313
    endloop
  endfacet
  facet normal 0 1 0
    outer loop
      vertex 32.314 21.9901 21
      vertex 17.0053 21.9901 11.7726
      vertex 16.83 21.9901 12.0139
    endloop
  endfacet
  facet normal 0 1 0
    outer loop
      vertex 32.314 21.9901 21
      vertex 17.149 21.9901 11.5112
      vertex 17.0053 21.9901 11.7726
    endloop
  endfacet
  facet normal 0 1 0
    outer loop
      vertex 32.314 21.9901 21
      vertex 17.2588 21.9901 11.2339
      vertex 17.149 21.9901 11.5112
    endloop
  endfacet
  facet normal 0 1 0
    outer loop
      vertex 32.314 21.9901 21
      vertex 17.3329 21.9901 10.945
      vertex 17.2588 21.9901 11.2339
    endloop
  endfacet
  facet normal 0 1 0
    outer loop
      vertex 32.314 21.9901 21
      vertex 17.3703 21.9901 10.6491
      vertex 17.3329 21.9901 10.945
    endloop
  endfacet
  facet normal 0 1 0
    outer loop
      vertex 32.314 21.9901 21
      vertex 17.3703 21.9901 10.3509
      vertex 17.3703 21.9901 10.6491
    endloop
  endfacet
  facet normal 0 1 -0
    outer loop
      vertex 32.314 21.9901 0
      vertex 17.3703 21.9901 10.3509
      vertex 32.314 21.9901 21
    endloop
  endfacet
  facet normal 0 1 0
    outer loop
      vertex 17.3703 21.9901 10.3509
      vertex 32.314 21.9901 0
      vertex 17.3329 21.9901 10.055
    endloop
  endfacet
  facet normal 0 1 0
    outer loop
      vertex 17.3329 21.9901 10.055
      vertex 32.314 21.9901 0
      vertex 17.2588 21.9901 9.76608
    endloop
  endfacet
  facet normal 0 1 0
    outer loop
      vertex 17.2588 21.9901 9.76608
      vertex 32.314 21.9901 0
      vertex 17.149 21.9901 9.48877
    endloop
  endfacet
  facet normal 0 1 0
    outer loop
      vertex 17.149 21.9901 9.48877
      vertex 32.314 21.9901 0
      vertex 17.0053 21.9901 9.22741
    endloop
  endfacet
  facet normal 0 1 0
    outer loop
      vertex 17.0053 21.9901 9.22741
      vertex 32.314 21.9901 0
      vertex 16.83 21.9901 8.98612
    endloop
  endfacet
  facet normal 0 1 0
    outer loop
      vertex 16.83 21.9901 8.98612
      vertex 32.314 21.9901 0
      vertex 16.6258 21.9901 8.7687
    endloop
  endfacet
  facet normal 0 1 0
    outer loop
      vertex -14.4094 21.9901 8.19962
      vertex -32.314 21.9901 0
      vertex -14.7023 21.9901 8.14373
    endloop
  endfacet
  facet normal 0 1 0
    outer loop
      vertex 15.2977 21.9901 8.14373
      vertex 32.314 21.9901 0
      vertex 15 21.9901 8.125
    endloop
  endfacet
  facet normal 0 1 0
    outer loop
      vertex 15.5906 21.9901 8.19962
      vertex 32.314 21.9901 0
      vertex 15.2977 21.9901 8.14373
    endloop
  endfacet
  facet normal 0 1 0
    outer loop
      vertex 15.8743 21.9901 8.29178
      vertex 32.314 21.9901 0
      vertex 15.5906 21.9901 8.19962
    endloop
  endfacet
  facet normal 0 1 0
    outer loop
      vertex 16.1442 21.9901 8.41877
      vertex 32.314 21.9901 0
      vertex 15.8743 21.9901 8.29178
    endloop
  endfacet
  facet normal 0 1 0
    outer loop
      vertex 16.396 21.9901 8.57858
      vertex 32.314 21.9901 0
      vertex 16.1442 21.9901 8.41877
    endloop
  endfacet
  facet normal 0 1 0
    outer loop
      vertex 16.6258 21.9901 8.7687
      vertex 32.314 21.9901 0
      vertex 16.396 21.9901 8.57858
    endloop
  endfacet
  facet normal 0 1 0
    outer loop
      vertex 14.4094 21.9901 12.8004
      vertex 32.314 21.9901 21
      vertex 14.7023 21.9901 12.8563
    endloop
  endfacet
  facet normal 0 1 -0
    outer loop
      vertex -15.2977 21.9901 12.8563
      vertex -32.314 21.9901 21
      vertex -15 21.9901 12.875
    endloop
  endfacet
  facet normal 0 1 -0
    outer loop
      vertex -15.5906 21.9901 12.8004
      vertex -32.314 21.9901 21
      vertex -15.2977 21.9901 12.8563
    endloop
  endfacet
  facet normal 0 1 -0
    outer loop
      vertex -15.8743 21.9901 12.7082
      vertex -32.314 21.9901 21
      vertex -15.5906 21.9901 12.8004
    endloop
  endfacet
  facet normal 0 1 -0
    outer loop
      vertex -16.1442 21.9901 12.5812
      vertex -32.314 21.9901 21
      vertex -15.8743 21.9901 12.7082
    endloop
  endfacet
  facet normal 0 1 -0
    outer loop
      vertex -16.396 21.9901 12.4214
      vertex -32.314 21.9901 21
      vertex -16.1442 21.9901 12.5812
    endloop
  endfacet
  facet normal 0 1 -0
    outer loop
      vertex -16.6258 21.9901 12.2313
      vertex -32.314 21.9901 21
      vertex -16.396 21.9901 12.4214
    endloop
  endfacet
  facet normal 0 1 -0
    outer loop
      vertex -16.83 21.9901 12.0139
      vertex -32.314 21.9901 21
      vertex -16.6258 21.9901 12.2313
    endloop
  endfacet
  facet normal 0 1 -0
    outer loop
      vertex -17.0053 21.9901 11.7726
      vertex -32.314 21.9901 21
      vertex -16.83 21.9901 12.0139
    endloop
  endfacet
  facet normal 0 1 -0
    outer loop
      vertex -17.149 21.9901 11.5112
      vertex -32.314 21.9901 21
      vertex -17.0053 21.9901 11.7726
    endloop
  endfacet
  facet normal 0 1 -0
    outer loop
      vertex -17.2588 21.9901 11.2339
      vertex -32.314 21.9901 21
      vertex -17.149 21.9901 11.5112
    endloop
  endfacet
  facet normal 0 1 -0
    outer loop
      vertex -17.3329 21.9901 10.945
      vertex -32.314 21.9901 21
      vertex -17.2588 21.9901 11.2339
    endloop
  endfacet
  facet normal 0 1 -0
    outer loop
      vertex -17.3703 21.9901 10.6491
      vertex -32.314 21.9901 21
      vertex -17.3329 21.9901 10.945
    endloop
  endfacet
  facet normal 0 1 -0
    outer loop
      vertex -17.3703 21.9901 10.3509
      vertex -32.314 21.9901 21
      vertex -17.3703 21.9901 10.6491
    endloop
  endfacet
  facet normal 0 1 0
    outer loop
      vertex -32.314 21.9901 0
      vertex -17.3703 21.9901 10.3509
      vertex -17.3329 21.9901 10.055
    endloop
  endfacet
  facet normal 0 1 0
    outer loop
      vertex -32.314 21.9901 0
      vertex -17.3329 21.9901 10.055
      vertex -17.2588 21.9901 9.76608
    endloop
  endfacet
  facet normal 0 1 0
    outer loop
      vertex -32.314 21.9901 0
      vertex -17.2588 21.9901 9.76608
      vertex -17.149 21.9901 9.48877
    endloop
  endfacet
  facet normal 0 1 0
    outer loop
      vertex -32.314 21.9901 0
      vertex -17.149 21.9901 9.48877
      vertex -17.0053 21.9901 9.22741
    endloop
  endfacet
  facet normal 0 1 0
    outer loop
      vertex -32.314 21.9901 0
      vertex -17.0053 21.9901 9.22741
      vertex -16.83 21.9901 8.98612
    endloop
  endfacet
  facet normal 0 1 0
    outer loop
      vertex -32.314 21.9901 0
      vertex -16.83 21.9901 8.98612
      vertex -16.6258 21.9901 8.7687
    endloop
  endfacet
  facet normal 0 1 0
    outer loop
      vertex -32.314 21.9901 0
      vertex -16.6258 21.9901 8.7687
      vertex -16.396 21.9901 8.57858
    endloop
  endfacet
  facet normal 0 1 0
    outer loop
      vertex -14.7023 21.9901 8.14373
      vertex -32.314 21.9901 0
      vertex -15 21.9901 8.125
    endloop
  endfacet
  facet normal 0 1 0
    outer loop
      vertex -17.3703 21.9901 10.3509
      vertex -32.314 21.9901 0
      vertex -32.314 21.9901 21
    endloop
  endfacet
  facet normal 0 1 0
    outer loop
      vertex -16.1442 21.9901 8.41877
      vertex -32.314 21.9901 0
      vertex -16.396 21.9901 8.57858
    endloop
  endfacet
  facet normal 0 1 0
    outer loop
      vertex -15.8743 21.9901 8.29178
      vertex -32.314 21.9901 0
      vertex -16.1442 21.9901 8.41877
    endloop
  endfacet
  facet normal 0 1 0
    outer loop
      vertex -15.5906 21.9901 8.19962
      vertex -32.314 21.9901 0
      vertex -15.8743 21.9901 8.29178
    endloop
  endfacet
  facet normal 0 1 0
    outer loop
      vertex -15.2977 21.9901 8.14373
      vertex -32.314 21.9901 0
      vertex -15.5906 21.9901 8.19962
    endloop
  endfacet
  facet normal 0 1 0
    outer loop
      vertex -15 21.9901 8.125
      vertex -32.314 21.9901 0
      vertex -15.2977 21.9901 8.14373
    endloop
  endfacet
  facet normal 0.904811 -0.425812 0
    outer loop
      vertex 36.3815 10.5912 21
      vertex 36.6489 11.1594 0
      vertex 36.6489 11.1594 21
    endloop
  endfacet
  facet normal 0.904811 -0.425812 0
    outer loop
      vertex 36.6489 11.1594 0
      vertex 36.3815 10.5912 21
      vertex 36.3815 10.5912 0
    endloop
  endfacet
  facet normal -0.125348 0.992113 0
    outer loop
      vertex -32.314 21.9901 0
      vertex -32.9369 21.9114 21
      vertex -32.314 21.9901 21
    endloop
  endfacet
  facet normal -0.125348 0.992113 0
    outer loop
      vertex -32.9369 21.9114 21
      vertex -32.314 21.9901 0
      vertex -32.9369 21.9114 0
    endloop
  endfacet
  facet normal 1 -0 0
    outer loop
      vertex 37 13 21
      vertex 37 17 0
      vertex 37 17 21
    endloop
  endfacet
  facet normal 1 0 0
    outer loop
      vertex 37 17 0
      vertex 37 13 21
      vertex 37 13 0
    endloop
  endfacet
  facet normal 0.951061 -0.309003 0
    outer loop
      vertex 36.6489 11.1594 21
      vertex 36.8429 11.7565 0
      vertex 36.8429 11.7565 21
    endloop
  endfacet
  facet normal 0.951061 -0.309003 0
    outer loop
      vertex 36.8429 11.7565 0
      vertex 36.6489 11.1594 21
      vertex 36.6489 11.1594 0
    endloop
  endfacet
  facet normal 0.982276 -0.187441 0
    outer loop
      vertex 36.8429 11.7565 21
      vertex 36.9606 12.3733 0
      vertex 36.9606 12.3733 21
    endloop
  endfacet
  facet normal 0.982276 -0.187441 0
    outer loop
      vertex 36.9606 12.3733 0
      vertex 36.8429 11.7565 21
      vertex 36.8429 11.7565 0
    endloop
  endfacet
  facet normal 0.481784 -0.87629 0
    outer loop
      vertex 34.1289 8.47586 0
      vertex 34.6791 8.77836 21
      vertex 34.1289 8.47586 21
    endloop
  endfacet
  facet normal 0.481784 -0.87629 0
    outer loop
      vertex 34.6791 8.77836 21
      vertex 34.1289 8.47586 0
      vertex 34.6791 8.77836 0
    endloop
  endfacet
  facet normal 0.951061 0.309003 0
    outer loop
      vertex 36.8429 18.2435 21
      vertex 36.6489 18.8406 0
      vertex 36.6489 18.8406 21
    endloop
  endfacet
  facet normal 0.951061 0.309003 0
    outer loop
      vertex 36.6489 18.8406 0
      vertex 36.8429 18.2435 21
      vertex 36.8429 18.2435 0
    endloop
  endfacet
  facet normal 0.684624 0.728896 -0
    outer loop
      vertex 35.6448 20.4227 0
      vertex 35.1871 20.8526 21
      vertex 35.6448 20.4227 21
    endloop
  endfacet
  facet normal 0.684624 0.728896 0
    outer loop
      vertex 35.1871 20.8526 21
      vertex 35.6448 20.4227 0
      vertex 35.1871 20.8526 0
    endloop
  endfacet
  facet normal 0.368203 0.929745 -0
    outer loop
      vertex 34.1289 21.5241 0
      vertex 33.5451 21.7553 21
      vertex 34.1289 21.5241 21
    endloop
  endfacet
  facet normal 0.368203 0.929745 0
    outer loop
      vertex 33.5451 21.7553 21
      vertex 34.1289 21.5241 0
      vertex 33.5451 21.7553 0
    endloop
  endfacet
  facet normal 0.248601 0.968606 -0
    outer loop
      vertex 33.5451 21.7553 0
      vertex 32.9369 21.9114 21
      vertex 33.5451 21.7553 21
    endloop
  endfacet
  facet normal 0.248601 0.968606 0
    outer loop
      vertex 32.9369 21.9114 21
      vertex 33.5451 21.7553 0
      vertex 32.9369 21.9114 0
    endloop
  endfacet
  facet normal 0.125348 0.992113 -0
    outer loop
      vertex 32.9369 21.9114 0
      vertex 32.314 21.9901 21
      vertex 32.9369 21.9114 21
    endloop
  endfacet
  facet normal 0.125348 0.992113 0
    outer loop
      vertex 32.314 21.9901 21
      vertex 32.9369 21.9114 0
      vertex 32.314 21.9901 0
    endloop
  endfacet
  facet normal 0 0 -1
    outer loop
      vertex -23.819 -19.7247 0
      vertex 0.389317 8.00987 0
      vertex 31.6501 8.00987 0
    endloop
  endfacet
  facet normal 0 0 -1
    outer loop
      vertex -37 -17 0
      vertex -23 -3.68479 0
      vertex -23.819 -19.7247 0
    endloop
  endfacet
  facet normal 0 0 -1
    outer loop
      vertex 0.389317 8.00987 0
      vertex -23.819 -19.7247 0
      vertex -23 -3.68479 0
    endloop
  endfacet
  facet normal 0 0 -1
    outer loop
      vertex 31.6501 8.00987 0
      vertex 37 13 0
      vertex 36.9606 12.3733 0
    endloop
  endfacet
  facet normal -0 0 -1
    outer loop
      vertex 37 13 0
      vertex 31.6501 8.00987 0
      vertex 37 17 0
    endloop
  endfacet
  facet normal 0 0 -1
    outer loop
      vertex 31.6501 8.00987 0
      vertex 36.9606 12.3733 0
      vertex 36.8429 11.7565 0
    endloop
  endfacet
  facet normal 0 -0 -1
    outer loop
      vertex 32.314 21.9901 0
      vertex 37 17 0
      vertex 31.6501 8.00987 0
    endloop
  endfacet
  facet normal 0 0 -1
    outer loop
      vertex 31.6501 8.00987 0
      vertex 36.8429 11.7565 0
      vertex 36.6489 11.1594 0
    endloop
  endfacet
  facet normal 0 0 -1
    outer loop
      vertex 37 17 0
      vertex 32.314 21.9901 0
      vertex 36.9606 17.6267 0
    endloop
  endfacet
  facet normal 0 0 -1
    outer loop
      vertex 31.6501 8.00987 0
      vertex 36.6489 11.1594 0
      vertex 36.3815 10.5912 0
    endloop
  endfacet
  facet normal 0 0 -1
    outer loop
      vertex 36.9606 17.6267 0
      vertex 32.314 21.9901 0
      vertex 36.8429 18.2435 0
    endloop
  endfacet
  facet normal 0 0 -1
    outer loop
      vertex 31.6501 8.00987 0
      vertex 36.3815 10.5912 0
      vertex 36.0451 10.0611 0
    endloop
  endfacet
  facet normal 0 0 -1
    outer loop
      vertex 36.8429 18.2435 0
      vertex 32.314 21.9901 0
      vertex 36.6489 18.8406 0
    endloop
  endfacet
  facet normal 0 0 -1
    outer loop
      vertex 31.6501 8.00987 0
      vertex 36.0451 10.0611 0
      vertex 35.6448 9.57726 0
    endloop
  endfacet
  facet normal 0 0 -1
    outer loop
      vertex 36.6489 18.8406 0
      vertex 32.314 21.9901 0
      vertex 36.3815 19.4088 0
    endloop
  endfacet
  facet normal 0 0 -1
    outer loop
      vertex 31.6501 8.00987 0
      vertex 35.6448 9.57726 0
      vertex 35.1871 9.14743 0
    endloop
  endfacet
  facet normal 0 0 -1
    outer loop
      vertex 36.3815 19.4088 0
      vertex 32.314 21.9901 0
      vertex 36.0451 19.9389 0
    endloop
  endfacet
  facet normal 0 0 -1
    outer loop
      vertex 31.6501 8.00987 0
      vertex 35.1871 9.14743 0
      vertex 34.6791 8.77836 0
    endloop
  endfacet
  facet normal 0 0 -1
    outer loop
      vertex 36.0451 19.9389 0
      vertex 32.314 21.9901 0
      vertex 35.6448 20.4227 0
    endloop
  endfacet
  facet normal 0 0 -1
    outer loop
      vertex 31.6501 8.00987 0
      vertex 34.6791 8.77836 0
      vertex 34.1289 8.47586 0
    endloop
  endfacet
  facet normal 0 0 -1
    outer loop
      vertex 35.6448 20.4227 0
      vertex 32.314 21.9901 0
      vertex 35.1871 20.8526 0
    endloop
  endfacet
  facet normal 0 0 -1
    outer loop
      vertex 31.6501 8.00987 0
      vertex 34.1289 8.47586 0
      vertex 33.5451 8.24472 0
    endloop
  endfacet
  facet normal 0 0 -1
    outer loop
      vertex 35.1871 20.8526 0
      vertex 32.314 21.9901 0
      vertex 34.6791 21.2216 0
    endloop
  endfacet
  facet normal 0 0 -1
    outer loop
      vertex 31.6501 8.00987 0
      vertex 33.5451 8.24472 0
      vertex 32.9369 8.08856 0
    endloop
  endfacet
  facet normal 0 0 -1
    outer loop
      vertex 34.6791 21.2216 0
      vertex 32.314 21.9901 0
      vertex 34.1289 21.5241 0
    endloop
  endfacet
  facet normal 0 0 -1
    outer loop
      vertex 31.6501 8.00987 0
      vertex 32.9369 8.08856 0
      vertex 32.314 8.00987 0
    endloop
  endfacet
  facet normal 0 0 -1
    outer loop
      vertex 34.1289 21.5241 0
      vertex 32.314 21.9901 0
      vertex 33.5451 21.7553 0
    endloop
  endfacet
  facet normal 0 0 -1
    outer loop
      vertex 33.5451 21.7553 0
      vertex 32.314 21.9901 0
      vertex 32.9369 21.9114 0
    endloop
  endfacet
  facet normal 0 0 -1
    outer loop
      vertex 0.389317 8.00987 0
      vertex 32.314 21.9901 0
      vertex 31.6501 8.00987 0
    endloop
  endfacet
  facet normal 0 0 -1
    outer loop
      vertex -32.314 21.9901 0
      vertex 0.389317 8.00987 0
      vertex -23 8.00987 0
    endloop
  endfacet
  facet normal 0 0 -1
    outer loop
      vertex -24.3552 -20.4227 0
      vertex -23.819 -19.7247 0
      vertex -23.9549 -19.9389 0
    endloop
  endfacet
  facet normal 0 0 -1
    outer loop
      vertex -23.819 -19.7247 0
      vertex -24.3552 -20.4227 0
      vertex -27.686 -21.9901 0
    endloop
  endfacet
  facet normal 0 0 -1
    outer loop
      vertex -27.686 -21.9901 0
      vertex -24.3552 -20.4227 0
      vertex -24.8129 -20.8526 0
    endloop
  endfacet
  facet normal 0 0 -1
    outer loop
      vertex -27.686 -21.9901 0
      vertex -24.8129 -20.8526 0
      vertex -25.3209 -21.2216 0
    endloop
  endfacet
  facet normal 0 0 -1
    outer loop
      vertex -27.686 -21.9901 0
      vertex -25.3209 -21.2216 0
      vertex -25.8711 -21.5241 0
    endloop
  endfacet
  facet normal 0 0 -1
    outer loop
      vertex -27.686 -21.9901 0
      vertex -25.8711 -21.5241 0
      vertex -26.4549 -21.7553 0
    endloop
  endfacet
  facet normal 0 0 -1
    outer loop
      vertex -27.686 -21.9901 0
      vertex -26.4549 -21.7553 0
      vertex -27.0631 -21.9114 0
    endloop
  endfacet
  facet normal -0 0 -1
    outer loop
      vertex -23.819 -19.7247 0
      vertex -27.686 -21.9901 0
      vertex -37 -17 0
    endloop
  endfacet
  facet normal 0 0 -1
    outer loop
      vertex -37 -17 0
      vertex -27.686 -21.9901 0
      vertex -32.314 -21.9901 0
    endloop
  endfacet
  facet normal 0 0 -1
    outer loop
      vertex 0.389317 8.00987 0
      vertex -32.314 21.9901 0
      vertex 32.314 21.9901 0
    endloop
  endfacet
  facet normal 0 0 -1
    outer loop
      vertex -37 17 0
      vertex -23 -3.68479 0
      vertex -37 -17 0
    endloop
  endfacet
  facet normal 0 0 -1
    outer loop
      vertex -37 -17 0
      vertex -32.314 -21.9901 0
      vertex -32.9369 -21.9114 0
    endloop
  endfacet
  facet normal 0 0 -1
    outer loop
      vertex -23 -3.68479 0
      vertex -37 17 0
      vertex -23 8.00987 0
    endloop
  endfacet
  facet normal 0 0 -1
    outer loop
      vertex -37 -17 0
      vertex -32.9369 -21.9114 0
      vertex -33.5451 -21.7553 0
    endloop
  endfacet
  facet normal 0 0 -1
    outer loop
      vertex -23 8.00987 0
      vertex -37 17 0
      vertex -32.314 21.9901 0
    endloop
  endfacet
  facet normal 0 0 -1
    outer loop
      vertex -37 -17 0
      vertex -33.5451 -21.7553 0
      vertex -34.1289 -21.5241 0
    endloop
  endfacet
  facet normal 0 0 -1
    outer loop
      vertex -32.314 21.9901 0
      vertex -37 17 0
      vertex -32.9369 21.9114 0
    endloop
  endfacet
  facet normal 0 0 -1
    outer loop
      vertex -37 -17 0
      vertex -34.1289 -21.5241 0
      vertex -34.6791 -21.2216 0
    endloop
  endfacet
  facet normal 0 0 -1
    outer loop
      vertex -32.9369 21.9114 0
      vertex -37 17 0
      vertex -33.5451 21.7553 0
    endloop
  endfacet
  facet normal 0 0 -1
    outer loop
      vertex -37 -17 0
      vertex -34.6791 -21.2216 0
      vertex -35.1871 -20.8526 0
    endloop
  endfacet
  facet normal 0 0 -1
    outer loop
      vertex -33.5451 21.7553 0
      vertex -37 17 0
      vertex -34.1289 21.5241 0
    endloop
  endfacet
  facet normal 0 0 -1
    outer loop
      vertex -37 -17 0
      vertex -35.1871 -20.8526 0
      vertex -35.6448 -20.4227 0
    endloop
  endfacet
  facet normal 0 0 -1
    outer loop
      vertex -34.1289 21.5241 0
      vertex -37 17 0
      vertex -34.6791 21.2216 0
    endloop
  endfacet
  facet normal 0 0 -1
    outer loop
      vertex -37 -17 0
      vertex -35.6448 -20.4227 0
      vertex -36.0451 -19.9389 0
    endloop
  endfacet
  facet normal 0 0 -1
    outer loop
      vertex -34.6791 21.2216 0
      vertex -37 17 0
      vertex -35.1871 20.8526 0
    endloop
  endfacet
  facet normal 0 0 -1
    outer loop
      vertex -37 -17 0
      vertex -36.0451 -19.9389 0
      vertex -36.3815 -19.4088 0
    endloop
  endfacet
  facet normal 0 0 -1
    outer loop
      vertex -35.1871 20.8526 0
      vertex -37 17 0
      vertex -35.6448 20.4227 0
    endloop
  endfacet
  facet normal 0 0 -1
    outer loop
      vertex -37 -17 0
      vertex -36.3815 -19.4088 0
      vertex -36.6489 -18.8406 0
    endloop
  endfacet
  facet normal 0 0 -1
    outer loop
      vertex -35.6448 20.4227 0
      vertex -37 17 0
      vertex -36.0451 19.9389 0
    endloop
  endfacet
  facet normal 0 0 -1
    outer loop
      vertex -37 -17 0
      vertex -36.6489 -18.8406 0
      vertex -36.8429 -18.2435 0
    endloop
  endfacet
  facet normal 0 0 -1
    outer loop
      vertex -36.0451 19.9389 0
      vertex -37 17 0
      vertex -36.3815 19.4088 0
    endloop
  endfacet
  facet normal 0 0 -1
    outer loop
      vertex -37 -17 0
      vertex -36.8429 -18.2435 0
      vertex -36.9606 -17.6267 0
    endloop
  endfacet
  facet normal 0 0 -1
    outer loop
      vertex -36.3815 19.4088 0
      vertex -37 17 0
      vertex -36.6489 18.8406 0
    endloop
  endfacet
  facet normal 0 0 -1
    outer loop
      vertex -36.6489 18.8406 0
      vertex -37 17 0
      vertex -36.8429 18.2435 0
    endloop
  endfacet
  facet normal 0 0 -1
    outer loop
      vertex -36.8429 18.2435 0
      vertex -37 17 0
      vertex -36.9606 17.6267 0
    endloop
  endfacet
  facet normal 0.99803 -0.0627451 0
    outer loop
      vertex 36.9606 12.3733 21
      vertex 37 13 0
      vertex 37 13 21
    endloop
  endfacet
  facet normal 0.99803 -0.0627451 0
    outer loop
      vertex 37 13 0
      vertex 36.9606 12.3733 21
      vertex 36.9606 12.3733 0
    endloop
  endfacet
  facet normal 0.684565 -0.728952 0
    outer loop
      vertex 35.1871 9.14743 0
      vertex 35.6448 9.57726 21
      vertex 35.1871 9.14743 21
    endloop
  endfacet
  facet normal 0.684565 -0.728952 0
    outer loop
      vertex 35.6448 9.57726 21
      vertex 35.1871 9.14743 0
      vertex 35.6448 9.57726 0
    endloop
  endfacet
  facet normal 0.587771 -0.809027 0
    outer loop
      vertex 34.6791 8.77836 0
      vertex 35.1871 9.14743 21
      vertex 34.6791 8.77836 21
    endloop
  endfacet
  facet normal 0.587771 -0.809027 0
    outer loop
      vertex 35.1871 9.14743 21
      vertex 34.6791 8.77836 0
      vertex 35.1871 9.14743 0
    endloop
  endfacet
  facet normal 0.770488 -0.637455 0
    outer loop
      vertex 35.6448 9.57726 21
      vertex 36.0451 10.0611 0
      vertex 36.0451 10.0611 21
    endloop
  endfacet
  facet normal 0.770488 -0.637455 0
    outer loop
      vertex 36.0451 10.0611 0
      vertex 35.6448 9.57726 21
      vertex 35.6448 9.57726 0
    endloop
  endfacet
  facet normal 0.368121 -0.929778 0
    outer loop
      vertex 33.5451 8.24472 0
      vertex 34.1289 8.47586 21
      vertex 33.5451 8.24472 21
    endloop
  endfacet
  facet normal 0.368121 -0.929778 0
    outer loop
      vertex 34.1289 8.47586 21
      vertex 33.5451 8.24472 0
      vertex 34.1289 8.47586 0
    endloop
  endfacet
  facet normal 0.125332 -0.992115 0
    outer loop
      vertex 32.314 8.00987 0
      vertex 32.9369 8.08856 21
      vertex 32.314 8.00987 21
    endloop
  endfacet
  facet normal 0.125332 -0.992115 0
    outer loop
      vertex 32.9369 8.08856 21
      vertex 32.314 8.00987 0
      vertex 32.9369 8.08856 0
    endloop
  endfacet
  facet normal 0.770462 0.637486 0
    outer loop
      vertex 36.0451 19.9389 21
      vertex 35.6448 20.4227 0
      vertex 35.6448 20.4227 21
    endloop
  endfacet
  facet normal 0.770462 0.637486 0
    outer loop
      vertex 35.6448 20.4227 0
      vertex 36.0451 19.9389 21
      vertex 36.0451 19.9389 0
    endloop
  endfacet
  facet normal 0.481784 0.87629 -0
    outer loop
      vertex 34.6791 21.2216 0
      vertex 34.1289 21.5241 21
      vertex 34.6791 21.2216 21
    endloop
  endfacet
  facet normal 0.481784 0.87629 0
    outer loop
      vertex 34.1289 21.5241 21
      vertex 34.6791 21.2216 0
      vertex 34.1289 21.5241 0
    endloop
  endfacet
  facet normal -0.951061 0.309003 0
    outer loop
      vertex -36.8429 18.2435 0
      vertex -36.6489 18.8406 21
      vertex -36.6489 18.8406 0
    endloop
  endfacet
  facet normal -0.951061 0.309003 0
    outer loop
      vertex -36.6489 18.8406 21
      vertex -36.8429 18.2435 0
      vertex -36.8429 18.2435 21
    endloop
  endfacet
  facet normal -0.844336 0.535814 0
    outer loop
      vertex -36.3815 19.4088 0
      vertex -36.0451 19.9389 21
      vertex -36.0451 19.9389 0
    endloop
  endfacet
  facet normal -0.844336 0.535814 0
    outer loop
      vertex -36.0451 19.9389 21
      vertex -36.3815 19.4088 0
      vertex -36.3815 19.4088 21
    endloop
  endfacet
  facet normal -0.368203 0.929745 0
    outer loop
      vertex -33.5451 21.7553 0
      vertex -34.1289 21.5241 21
      vertex -33.5451 21.7553 21
    endloop
  endfacet
  facet normal -0.368203 0.929745 0
    outer loop
      vertex -34.1289 21.5241 21
      vertex -33.5451 21.7553 0
      vertex -34.1289 21.5241 0
    endloop
  endfacet
  facet normal -0.684624 0.728896 0
    outer loop
      vertex -35.1871 20.8526 0
      vertex -35.6448 20.4227 21
      vertex -35.1871 20.8526 21
    endloop
  endfacet
  facet normal -0.684624 0.728896 0
    outer loop
      vertex -35.6448 20.4227 21
      vertex -35.1871 20.8526 0
      vertex -35.6448 20.4227 0
    endloop
  endfacet
  facet normal 0.844336 -0.535814 0
    outer loop
      vertex 36.0451 10.0611 21
      vertex 36.3815 10.5912 0
      vertex 36.3815 10.5912 21
    endloop
  endfacet
  facet normal 0.844336 -0.535814 0
    outer loop
      vertex 36.3815 10.5912 0
      vertex 36.0451 10.0611 21
      vertex 36.0451 10.0611 0
    endloop
  endfacet
  facet normal 0.248691 -0.968583 0
    outer loop
      vertex 32.9369 8.08856 0
      vertex 33.5451 8.24472 21
      vertex 32.9369 8.08856 21
    endloop
  endfacet
  facet normal 0.248691 -0.968583 0
    outer loop
      vertex 33.5451 8.24472 21
      vertex 32.9369 8.08856 0
      vertex 33.5451 8.24472 0
    endloop
  endfacet
  facet normal 0.844336 0.535814 0
    outer loop
      vertex 36.3815 19.4088 21
      vertex 36.0451 19.9389 0
      vertex 36.0451 19.9389 21
    endloop
  endfacet
  facet normal 0.844336 0.535814 0
    outer loop
      vertex 36.0451 19.9389 0
      vertex 36.3815 19.4088 21
      vertex 36.3815 19.4088 0
    endloop
  endfacet
  facet normal 0.587698 0.80908 -0
    outer loop
      vertex 35.1871 20.8526 0
      vertex 34.6791 21.2216 21
      vertex 35.1871 20.8526 21
    endloop
  endfacet
  facet normal 0.587698 0.80908 0
    outer loop
      vertex 34.6791 21.2216 21
      vertex 35.1871 20.8526 0
      vertex 34.6791 21.2216 0
    endloop
  endfacet
  facet normal -0.982276 0.187441 0
    outer loop
      vertex -36.9606 17.6267 0
      vertex -36.8429 18.2435 21
      vertex -36.8429 18.2435 0
    endloop
  endfacet
  facet normal -0.982276 0.187441 0
    outer loop
      vertex -36.8429 18.2435 21
      vertex -36.9606 17.6267 0
      vertex -36.9606 17.6267 21
    endloop
  endfacet
  facet normal -0.770462 0.637486 0
    outer loop
      vertex -36.0451 19.9389 0
      vertex -35.6448 20.4227 21
      vertex -35.6448 20.4227 0
    endloop
  endfacet
  facet normal -0.770462 0.637486 0
    outer loop
      vertex -35.6448 20.4227 21
      vertex -36.0451 19.9389 0
      vertex -36.0451 19.9389 21
    endloop
  endfacet
  facet normal -0.904811 0.425812 0
    outer loop
      vertex -36.6489 18.8406 0
      vertex -36.3815 19.4088 21
      vertex -36.3815 19.4088 0
    endloop
  endfacet
  facet normal -0.904811 0.425812 0
    outer loop
      vertex -36.3815 19.4088 21
      vertex -36.6489 18.8406 0
      vertex -36.6489 18.8406 21
    endloop
  endfacet
  facet normal -0.248601 0.968606 0
    outer loop
      vertex -32.9369 21.9114 0
      vertex -33.5451 21.7553 21
      vertex -32.9369 21.9114 21
    endloop
  endfacet
  facet normal -0.248601 0.968606 0
    outer loop
      vertex -33.5451 21.7553 21
      vertex -32.9369 21.9114 0
      vertex -33.5451 21.7553 0
    endloop
  endfacet
  facet normal -0.587698 0.80908 0
    outer loop
      vertex -34.6791 21.2216 0
      vertex -35.1871 20.8526 21
      vertex -34.6791 21.2216 21
    endloop
  endfacet
  facet normal -0.587698 0.80908 0
    outer loop
      vertex -35.1871 20.8526 21
      vertex -34.6791 21.2216 0
      vertex -35.1871 20.8526 0
    endloop
  endfacet
  facet normal 0.982276 0.187441 0
    outer loop
      vertex 36.9606 17.6267 21
      vertex 36.8429 18.2435 0
      vertex 36.8429 18.2435 21
    endloop
  endfacet
  facet normal 0.982276 0.187441 0
    outer loop
      vertex 36.8429 18.2435 0
      vertex 36.9606 17.6267 21
      vertex 36.9606 17.6267 0
    endloop
  endfacet
  facet normal 0.99803 0.0627451 0
    outer loop
      vertex 37 17 21
      vertex 36.9606 17.6267 0
      vertex 36.9606 17.6267 21
    endloop
  endfacet
  facet normal 0.99803 0.0627451 0
    outer loop
      vertex 36.9606 17.6267 0
      vertex 37 17 21
      vertex 37 17 0
    endloop
  endfacet
  facet normal 0.904811 0.425812 0
    outer loop
      vertex 36.6489 18.8406 21
      vertex 36.3815 19.4088 0
      vertex 36.3815 19.4088 21
    endloop
  endfacet
  facet normal 0.904811 0.425812 0
    outer loop
      vertex 36.3815 19.4088 0
      vertex 36.6489 18.8406 21
      vertex 36.6489 18.8406 0
    endloop
  endfacet
  facet normal -0.481784 0.87629 0
    outer loop
      vertex -34.1289 21.5241 0
      vertex -34.6791 21.2216 21
      vertex -34.1289 21.5241 21
    endloop
  endfacet
  facet normal -0.481784 0.87629 0
    outer loop
      vertex -34.6791 21.2216 21
      vertex -34.1289 21.5241 0
      vertex -34.6791 21.2216 0
    endloop
  endfacet
  facet normal 1 0 0
    outer loop
      vertex -23 8.00987 21
      vertex -23 5.48915 10.8453
      vertex -23 8.00987 0
    endloop
  endfacet
  facet normal 1 0 0
    outer loop
      vertex -23 8.00987 21
      vertex -23 5.40258 11.5306
      vertex -23 5.48915 10.8453
    endloop
  endfacet
  facet normal 1 0 0
    outer loop
      vertex -23 8.00987 21
      vertex -23 5.23081 12.1996
      vertex -23 5.40258 11.5306
    endloop
  endfacet
  facet normal 1 0 0
    outer loop
      vertex -23 8.00987 21
      vertex -23 4.97655 12.8418
      vertex -23 5.23081 12.1996
    endloop
  endfacet
  facet normal 1 0 0
    outer loop
      vertex -23 8.00987 21
      vertex -23 4.6438 13.447
      vertex -23 4.97655 12.8418
    endloop
  endfacet
  facet normal 1 0 0
    outer loop
      vertex -23 8.00987 21
      vertex -23 4.23782 14.0058
      vertex -23 4.6438 13.447
    endloop
  endfacet
  facet normal 1 0 0
    outer loop
      vertex -23 8.00987 21
      vertex -23 3.76501 14.5093
      vertex -23 4.23782 14.0058
    endloop
  endfacet
  facet normal 1 0 0
    outer loop
      vertex -23 8.00987 21
      vertex -23 3.23282 14.9496
      vertex -23 3.76501 14.5093
    endloop
  endfacet
  facet normal 1 0 0
    outer loop
      vertex -23 8.00987 21
      vertex -23 2.64964 15.3197
      vertex -23 3.23282 14.9496
    endloop
  endfacet
  facet normal 1 0 0
    outer loop
      vertex -23 8.00987 21
      vertex -23 2.02468 15.6138
      vertex -23 2.64964 15.3197
    endloop
  endfacet
  facet normal 1 0 0
    outer loop
      vertex -23 8.00987 21
      vertex -23 1.36779 15.8272
      vertex -23 2.02468 15.6138
    endloop
  endfacet
  facet normal 1 0 0
    outer loop
      vertex -23 8.00987 21
      vertex -23 0.689332 15.9566
      vertex -23 1.36779 15.8272
    endloop
  endfacet
  facet normal 1 -0 0
    outer loop
      vertex -23 -3.68479 21
      vertex -23 0.689332 15.9566
      vertex -23 8.00987 21
    endloop
  endfacet
  facet normal 1 0 0
    outer loop
      vertex -23 0.689332 15.9566
      vertex -23 -3.68479 21
      vertex -23 0 16
    endloop
  endfacet
  facet normal 1 0 0
    outer loop
      vertex -23 0 16
      vertex -23 -3.68479 21
      vertex -23 -0.689332 15.9566
    endloop
  endfacet
  facet normal 1 0 0
    outer loop
      vertex -23 -0.689332 15.9566
      vertex -23 -3.68479 21
      vertex -23 -1.36779 15.8272
    endloop
  endfacet
  facet normal 1 0 0
    outer loop
      vertex -23 -1.36779 15.8272
      vertex -23 -3.68479 21
      vertex -23 -2.02468 15.6138
    endloop
  endfacet
  facet normal 1 0 0
    outer loop
      vertex -23 -2.02468 15.6138
      vertex -23 -3.68479 21
      vertex -23 -2.64964 15.3197
    endloop
  endfacet
  facet normal 1 0 0
    outer loop
      vertex -23 -3.68479 21
      vertex -23 -3.23282 14.9496
      vertex -23 -2.64964 15.3197
    endloop
  endfacet
  facet normal 1 0 0
    outer loop
      vertex -23 -3.23282 14.9496
      vertex -23 -3.68479 21
      vertex -23 -3.68479 14.5757
    endloop
  endfacet
  facet normal 1 -0 0
    outer loop
      vertex -23 5.48915 10.1547
      vertex -23 8.00987 0
      vertex -23 5.48915 10.8453
    endloop
  endfacet
  facet normal 1 -0 0
    outer loop
      vertex -23 5.40258 9.4694
      vertex -23 8.00987 0
      vertex -23 5.48915 10.1547
    endloop
  endfacet
  facet normal 1 -0 0
    outer loop
      vertex -23 5.23081 8.80041
      vertex -23 8.00987 0
      vertex -23 5.40258 9.4694
    endloop
  endfacet
  facet normal 1 -0 0
    outer loop
      vertex -23 4.97655 8.15821
      vertex -23 8.00987 0
      vertex -23 5.23081 8.80041
    endloop
  endfacet
  facet normal 1 -0 0
    outer loop
      vertex -23 4.6438 7.55295
      vertex -23 8.00987 0
      vertex -23 4.97655 8.15821
    endloop
  endfacet
  facet normal 1 -0 0
    outer loop
      vertex -23 4.23782 6.99417
      vertex -23 8.00987 0
      vertex -23 4.6438 7.55295
    endloop
  endfacet
  facet normal 1 -0 0
    outer loop
      vertex -23 3.76501 6.49067
      vertex -23 8.00987 0
      vertex -23 4.23782 6.99417
    endloop
  endfacet
  facet normal 1 -0 0
    outer loop
      vertex -23 3.23282 6.05041
      vertex -23 8.00987 0
      vertex -23 3.76501 6.49067
    endloop
  endfacet
  facet normal 1 -0 0
    outer loop
      vertex -23 2.64964 5.68031
      vertex -23 8.00987 0
      vertex -23 3.23282 6.05041
    endloop
  endfacet
  facet normal 1 -0 0
    outer loop
      vertex -23 2.02468 5.38623
      vertex -23 8.00987 0
      vertex -23 2.64964 5.68031
    endloop
  endfacet
  facet normal 1 -0 0
    outer loop
      vertex -23 1.36779 5.17279
      vertex -23 8.00987 0
      vertex -23 2.02468 5.38623
    endloop
  endfacet
  facet normal 1 -0 0
    outer loop
      vertex -23 0.689332 5.04337
      vertex -23 8.00987 0
      vertex -23 1.36779 5.17279
    endloop
  endfacet
  facet normal 1 0 0
    outer loop
      vertex -23 -3.68479 0
      vertex -23 0.689332 5.04337
      vertex -23 0 5
    endloop
  endfacet
  facet normal 1 0 0
    outer loop
      vertex -23 -3.68479 0
      vertex -23 0 5
      vertex -23 -0.689332 5.04337
    endloop
  endfacet
  facet normal 1 0 0
    outer loop
      vertex -23 -3.68479 0
      vertex -23 -0.689332 5.04337
      vertex -23 -1.36779 5.17279
    endloop
  endfacet
  facet normal 1 0 0
    outer loop
      vertex -23 -3.68479 0
      vertex -23 -1.36779 5.17279
      vertex -23 -2.02468 5.38623
    endloop
  endfacet
  facet normal 1 0 0
    outer loop
      vertex -23 -3.68479 0
      vertex -23 -2.02468 5.38623
      vertex -23 -2.64964 5.68031
    endloop
  endfacet
  facet normal 1 0 0
    outer loop
      vertex -23 0.689332 5.04337
      vertex -23 -3.68479 0
      vertex -23 8.00987 0
    endloop
  endfacet
  facet normal 1 0 0
    outer loop
      vertex -23 -3.23282 6.05041
      vertex -23 -3.68479 0
      vertex -23 -2.64964 5.68031
    endloop
  endfacet
  facet normal 1 0 0
    outer loop
      vertex -23 -3.68479 0
      vertex -23 -3.23282 6.05041
      vertex -23 -3.68479 6.42431
    endloop
  endfacet
  facet normal -0.684624 -0.728896 0
    outer loop
      vertex -35.6448 -20.4227 0
      vertex -35.1871 -20.8526 21
      vertex -35.6448 -20.4227 21
    endloop
  endfacet
  facet normal -0.684624 -0.728896 -0
    outer loop
      vertex -35.1871 -20.8526 21
      vertex -35.6448 -20.4227 0
      vertex -35.1871 -20.8526 0
    endloop
  endfacet
  facet normal 0.248601 -0.968606 0
    outer loop
      vertex -27.0631 -21.9114 0
      vertex -26.4549 -21.7553 21
      vertex -27.0631 -21.9114 21
    endloop
  endfacet
  facet normal 0.248601 -0.968606 0
    outer loop
      vertex -26.4549 -21.7553 21
      vertex -27.0631 -21.9114 0
      vertex -26.4549 -21.7553 0
    endloop
  endfacet
  facet normal -0.951061 -0.309003 0
    outer loop
      vertex -36.6489 -18.8406 0
      vertex -36.8429 -18.2435 21
      vertex -36.8429 -18.2435 0
    endloop
  endfacet
  facet normal -0.951061 -0.309003 0
    outer loop
      vertex -36.8429 -18.2435 21
      vertex -36.6489 -18.8406 0
      vertex -36.6489 -18.8406 21
    endloop
  endfacet
  facet normal -0.998017 -0.0629382 -1.40893e-05
    outer loop
      vertex -36.9606 -17.6267 21
      vertex -37 -17 12.3795
      vertex -36.9925 -17.1189 12.2529
    endloop
  endfacet
  facet normal -0.998019 -0.062912 -1.25641e-05
    outer loop
      vertex -36.9606 -17.6267 21
      vertex -36.9925 -17.1189 12.2529
      vertex -36.9797 -17.3219 11.9735
    endloop
  endfacet
  facet normal -0.998052 -0.0623877 5.20861e-06
    outer loop
      vertex -36.9606 -17.6267 21
      vertex -36.9797 -17.3219 11.9735
      vertex -36.9693 -17.4883 11.6709
    endloop
  endfacet
  facet normal -0.998025 -0.0628153 -1.16015e-06
    outer loop
      vertex -36.9606 -17.6267 21
      vertex -36.9693 -17.4883 11.6709
      vertex -36.9613 -17.6154 11.3498
    endloop
  endfacet
  facet normal -0.998087 -0.0618284 -0
    outer loop
      vertex -36.9606 -17.6267 21
      vertex -36.9613 -17.6154 11.3498
      vertex -36.9606 -17.6267 11.3059
    endloop
  endfacet
  facet normal -0.99803 -0.0627451 0
    outer loop
      vertex -37 -17 12.3795
      vertex -36.9606 -17.6267 21
      vertex -37 -17 21
    endloop
  endfacet
  facet normal -0.99803 -0.0627451 0
    outer loop
      vertex -36.9606 -17.6267 0
      vertex -37 -17 8.62046
      vertex -37 -17 0
    endloop
  endfacet
  facet normal -0.998017 -0.0629382 1.40892e-05
    outer loop
      vertex -37 -17 8.62046
      vertex -36.9606 -17.6267 0
      vertex -36.9925 -17.1189 8.74708
    endloop
  endfacet
  facet normal -0.998019 -0.062912 1.25641e-05
    outer loop
      vertex -36.9925 -17.1189 8.74708
      vertex -36.9606 -17.6267 0
      vertex -36.9797 -17.3219 9.02648
    endloop
  endfacet
  facet normal -0.998052 -0.0623877 -5.2086e-06
    outer loop
      vertex -36.9797 -17.3219 9.02648
      vertex -36.9606 -17.6267 0
      vertex -36.9693 -17.4883 9.32911
    endloop
  endfacet
  facet normal -0.998025 -0.0628153 1.16015e-06
    outer loop
      vertex -36.9693 -17.4883 9.32911
      vertex -36.9606 -17.6267 0
      vertex -36.9613 -17.6154 9.6502
    endloop
  endfacet
  facet normal -0.998087 -0.0618284 0
    outer loop
      vertex -36.9613 -17.6154 9.6502
      vertex -36.9606 -17.6267 0
      vertex -36.9606 -17.6267 9.69406
    endloop
  endfacet
  facet normal -0.982276 -0.187441 0
    outer loop
      vertex -36.8429 -18.2435 0
      vertex -36.9606 -17.6267 9.69406
      vertex -36.9606 -17.6267 0
    endloop
  endfacet
  facet normal -0.98215 -0.188099 4.3337e-05
    outer loop
      vertex -36.9606 -17.6267 9.69406
      vertex -36.8429 -18.2435 0
      vertex -36.9463 -17.7013 9.9847
    endloop
  endfacet
  facet normal -0.982276 -0.187438 0
    outer loop
      vertex -36.9381 -17.7446 10.3273
      vertex -36.8429 -18.2435 0
      vertex -36.9381 -17.7446 10.6727
    endloop
  endfacet
  facet normal -0.982465 -0.186448 -4.95607e-05
    outer loop
      vertex -36.9463 -17.7013 9.9847
      vertex -36.8429 -18.2435 0
      vertex -36.9381 -17.7446 10.3273
    endloop
  endfacet
  facet normal -0.98215 -0.188099 -4.33381e-05
    outer loop
      vertex -36.8429 -18.2435 21
      vertex -36.9606 -17.6267 11.3059
      vertex -36.9463 -17.7013 11.0153
    endloop
  endfacet
  facet normal -0.982465 -0.186448 4.95607e-05
    outer loop
      vertex -36.8429 -18.2435 21
      vertex -36.9463 -17.7013 11.0153
      vertex -36.9381 -17.7446 10.6727
    endloop
  endfacet
  facet normal -0.982276 -0.187438 -0
    outer loop
      vertex -36.8429 -18.2435 21
      vertex -36.9381 -17.7446 10.6727
      vertex -36.8429 -18.2435 0
    endloop
  endfacet
  facet normal -0.982276 -0.187441 0
    outer loop
      vertex -36.9606 -17.6267 11.3059
      vertex -36.8429 -18.2435 21
      vertex -36.9606 -17.6267 21
    endloop
  endfacet
  facet normal -0.770462 -0.637486 0
    outer loop
      vertex -35.6448 -20.4227 0
      vertex -36.0451 -19.9389 21
      vertex -36.0451 -19.9389 0
    endloop
  endfacet
  facet normal -0.770462 -0.637486 0
    outer loop
      vertex -36.0451 -19.9389 21
      vertex -35.6448 -20.4227 0
      vertex -35.6448 -20.4227 21
    endloop
  endfacet
  facet normal -0.904811 -0.425812 0
    outer loop
      vertex -36.3815 -19.4088 0
      vertex -36.6489 -18.8406 21
      vertex -36.6489 -18.8406 0
    endloop
  endfacet
  facet normal -0.904811 -0.425812 0
    outer loop
      vertex -36.6489 -18.8406 21
      vertex -36.3815 -19.4088 0
      vertex -36.3815 -19.4088 21
    endloop
  endfacet
  facet normal -0.368203 -0.929745 0
    outer loop
      vertex -34.1289 -21.5241 0
      vertex -33.5451 -21.7553 21
      vertex -34.1289 -21.5241 21
    endloop
  endfacet
  facet normal -0.368203 -0.929745 -0
    outer loop
      vertex -33.5451 -21.7553 21
      vertex -34.1289 -21.5241 0
      vertex -33.5451 -21.7553 0
    endloop
  endfacet
  facet normal 0 -1 0
    outer loop
      vertex -32.314 -21.9901 0
      vertex -27.686 -21.9901 21
      vertex -32.314 -21.9901 21
    endloop
  endfacet
  facet normal 0 -1 -0
    outer loop
      vertex -27.686 -21.9901 21
      vertex -32.314 -21.9901 0
      vertex -27.686 -21.9901 0
    endloop
  endfacet
  facet normal 0.770462 -0.637486 0
    outer loop
      vertex -24.3552 -20.4227 21
      vertex -23.9549 -19.9389 0
      vertex -23.9549 -19.9389 21
    endloop
  endfacet
  facet normal 0.770462 -0.637486 0
    outer loop
      vertex -23.9549 -19.9389 0
      vertex -24.3552 -20.4227 21
      vertex -24.3552 -20.4227 0
    endloop
  endfacet
  facet normal -0.844336 -0.535814 0
    outer loop
      vertex -36.0451 -19.9389 0
      vertex -36.3815 -19.4088 21
      vertex -36.3815 -19.4088 0
    endloop
  endfacet
  facet normal -0.844336 -0.535814 0
    outer loop
      vertex -36.3815 -19.4088 21
      vertex -36.0451 -19.9389 0
      vertex -36.0451 -19.9389 21
    endloop
  endfacet
  facet normal -0.481784 -0.87629 0
    outer loop
      vertex -34.6791 -21.2216 0
      vertex -34.1289 -21.5241 21
      vertex -34.6791 -21.2216 21
    endloop
  endfacet
  facet normal -0.481784 -0.87629 -0
    outer loop
      vertex -34.1289 -21.5241 21
      vertex -34.6791 -21.2216 0
      vertex -34.1289 -21.5241 0
    endloop
  endfacet
  facet normal -0.587698 -0.80908 0
    outer loop
      vertex -35.1871 -20.8526 0
      vertex -34.6791 -21.2216 21
      vertex -35.1871 -20.8526 21
    endloop
  endfacet
  facet normal -0.587698 -0.80908 -0
    outer loop
      vertex -34.6791 -21.2216 21
      vertex -35.1871 -20.8526 0
      vertex -34.6791 -21.2216 0
    endloop
  endfacet
  facet normal -0.248601 -0.968606 0
    outer loop
      vertex -33.5451 -21.7553 0
      vertex -32.9369 -21.9114 21
      vertex -33.5451 -21.7553 21
    endloop
  endfacet
  facet normal -0.248601 -0.968606 -0
    outer loop
      vertex -32.9369 -21.9114 21
      vertex -33.5451 -21.7553 0
      vertex -32.9369 -21.9114 0
    endloop
  endfacet
  facet normal -0.125348 -0.992113 0
    outer loop
      vertex -32.9369 -21.9114 0
      vertex -32.314 -21.9901 21
      vertex -32.9369 -21.9114 21
    endloop
  endfacet
  facet normal -0.125348 -0.992113 -0
    outer loop
      vertex -32.314 -21.9901 21
      vertex -32.9369 -21.9114 0
      vertex -32.314 -21.9901 0
    endloop
  endfacet
  facet normal 0.125348 -0.992113 0
    outer loop
      vertex -27.686 -21.9901 0
      vertex -27.0631 -21.9114 21
      vertex -27.686 -21.9901 21
    endloop
  endfacet
  facet normal 0.125348 -0.992113 0
    outer loop
      vertex -27.0631 -21.9114 21
      vertex -27.686 -21.9901 0
      vertex -27.0631 -21.9114 0
    endloop
  endfacet
  facet normal 0.844391 -0.535727 0
    outer loop
      vertex -23.9549 -19.9389 21
      vertex -23.819 -19.7247 12.0189
      vertex -23.819 -19.7247 21
    endloop
  endfacet
  facet normal 0.84446 -0.535619 3.63302e-06
    outer loop
      vertex -23.819 -19.7247 12.0189
      vertex -23.9549 -19.9389 21
      vertex -23.879 -19.8193 11.4928
    endloop
  endfacet
  facet normal 0.843194 -0.537609 -3.15138e-05
    outer loop
      vertex -23.879 -19.8193 11.4928
      vertex -23.9549 -19.9389 21
      vertex -23.8871 -19.832 11.4218
    endloop
  endfacet
  facet normal 0.844062 -0.536246 0
    outer loop
      vertex -23.9218 -19.8868 10.8074
      vertex -23.9549 -19.9389 21
      vertex -23.9218 -19.8868 10.1926
    endloop
  endfacet
  facet normal 0.844822 -0.535048 8.5975e-06
    outer loop
      vertex -23.8871 -19.832 11.4218
      vertex -23.9549 -19.9389 21
      vertex -23.9218 -19.8868 10.8074
    endloop
  endfacet
  facet normal 0.84446 -0.535619 -3.63298e-06
    outer loop
      vertex -23.9549 -19.9389 0
      vertex -23.819 -19.7247 8.98109
      vertex -23.879 -19.8193 9.50724
    endloop
  endfacet
  facet normal 0.843194 -0.537609 3.15137e-05
    outer loop
      vertex -23.9549 -19.9389 0
      vertex -23.879 -19.8193 9.50724
      vertex -23.8871 -19.832 9.57824
    endloop
  endfacet
  facet normal 0.844822 -0.535048 -8.59753e-06
    outer loop
      vertex -23.9549 -19.9389 0
      vertex -23.8871 -19.832 9.57824
      vertex -23.9218 -19.8868 10.1926
    endloop
  endfacet
  facet normal 0.844391 -0.535727 0
    outer loop
      vertex -23.819 -19.7247 8.98109
      vertex -23.9549 -19.9389 0
      vertex -23.819 -19.7247 0
    endloop
  endfacet
  facet normal 0.844062 -0.536246 0
    outer loop
      vertex -23.9549 -19.9389 0
      vertex -23.9218 -19.8868 10.1926
      vertex -23.9549 -19.9389 21
    endloop
  endfacet
  facet normal 0.684624 -0.728896 0
    outer loop
      vertex -24.8129 -20.8526 0
      vertex -24.3552 -20.4227 21
      vertex -24.8129 -20.8526 21
    endloop
  endfacet
  facet normal 0.684624 -0.728896 0
    outer loop
      vertex -24.3552 -20.4227 21
      vertex -24.8129 -20.8526 0
      vertex -24.3552 -20.4227 0
    endloop
  endfacet
  facet normal 0.481784 -0.87629 0
    outer loop
      vertex -25.8711 -21.5241 0
      vertex -25.3209 -21.2216 21
      vertex -25.8711 -21.5241 21
    endloop
  endfacet
  facet normal 0.481784 -0.87629 0
    outer loop
      vertex -25.3209 -21.2216 21
      vertex -25.8711 -21.5241 0
      vertex -25.3209 -21.2216 0
    endloop
  endfacet
  facet normal 0.368203 -0.929745 0
    outer loop
      vertex -26.4549 -21.7553 0
      vertex -25.8711 -21.5241 21
      vertex -26.4549 -21.7553 21
    endloop
  endfacet
  facet normal 0.368203 -0.929745 0
    outer loop
      vertex -25.8711 -21.5241 21
      vertex -26.4549 -21.7553 0
      vertex -25.8711 -21.5241 0
    endloop
  endfacet
  facet normal 0.587698 -0.80908 0
    outer loop
      vertex -25.3209 -21.2216 0
      vertex -24.8129 -20.8526 21
      vertex -25.3209 -21.2216 21
    endloop
  endfacet
  facet normal 0.587698 -0.80908 0
    outer loop
      vertex -24.8129 -20.8526 21
      vertex -25.3209 -21.2216 0
      vertex -24.8129 -20.8526 0
    endloop
  endfacet
  facet normal 0.447387 -0.894341 -5.07221e-06
    outer loop
      vertex -23.819 -19.7247 0
      vertex -23.6226 -19.6265 8.37939
      vertex -23.8155 -19.723 8.96542
    endloop
  endfacet
  facet normal 0.44718 -0.894444 -0.000156073
    outer loop
      vertex 12.8948 -1.36779 5.17279
      vertex 31.6501 8.00987 0
      vertex 14.2518 -0.689332 5.04337
    endloop
  endfacet
  facet normal 0.447189 -0.894439 5.78635e-05
    outer loop
      vertex -15.7483 -15.6893 5.04337
      vertex -23.819 -19.7247 0
      vertex -14.3696 -15 5
    endloop
  endfacet
  facet normal 0.447237 -0.894415 -3.80644e-05
    outer loop
      vertex -17.1052 -16.3678 5.17279
      vertex -23.819 -19.7247 0
      vertex -15.7483 -15.6893 5.04337
    endloop
  endfacet
  facet normal 0.447214 -0.894427 0
    outer loop
      vertex -18.419 -17.0247 5.38623
      vertex -23.819 -19.7247 0
      vertex -17.1052 -16.3678 5.17279
    endloop
  endfacet
  facet normal 0.44719 -0.894439 2.90253e-05
    outer loop
      vertex -19.6689 -17.6496 5.68031
      vertex -23.819 -19.7247 0
      vertex -18.419 -17.0247 5.38623
    endloop
  endfacet
  facet normal 0.44724 -0.894414 -1.63509e-05
    outer loop
      vertex -20.8352 -18.2328 6.05041
      vertex -23.819 -19.7247 0
      vertex -19.6689 -17.6496 5.68031
    endloop
  endfacet
  facet normal 0.447214 -0.894427 -2.30525e-16
    outer loop
      vertex -21.8996 -18.765 6.49067
      vertex -23.819 -19.7247 0
      vertex -20.8352 -18.2328 6.05041
    endloop
  endfacet
  facet normal 0.447214 -0.894427 -2.09674e-16
    outer loop
      vertex -22.8452 -19.2378 6.99417
      vertex -23.819 -19.7247 0
      vertex -21.8996 -18.765 6.49067
    endloop
  endfacet
  facet normal 0.447214 -0.894427 -2.09246e-16
    outer loop
      vertex -23 -19.3152 7.10068
      vertex -23.819 -19.7247 0
      vertex -22.8452 -19.2378 6.99417
    endloop
  endfacet
  facet normal 0.447309 -0.89438 -1.36853e-05
    outer loop
      vertex -23.3121 -19.4713 7.66245
      vertex -23.819 -19.7247 0
      vertex -23 -19.3152 7.10068
    endloop
  endfacet
  facet normal 0.44709 -0.894489 4.38016e-06
    outer loop
      vertex -23.5842 -19.6073 8.27898
      vertex -23.819 -19.7247 0
      vertex -23.3121 -19.4713 7.66245
    endloop
  endfacet
  facet normal 0.447214 -0.894427 0
    outer loop
      vertex -23.6054 -19.6179 8.32698
      vertex -23.819 -19.7247 0
      vertex -23.5842 -19.6073 8.27898
    endloop
  endfacet
  facet normal 0.447214 -0.894427 -2.19798e-15
    outer loop
      vertex -23.6226 -19.6265 8.37939
      vertex -23.819 -19.7247 0
      vertex -23.6054 -19.6179 8.32698
    endloop
  endfacet
  facet normal 0.436904 -0.899508 0
    outer loop
      vertex -23.819 -19.7247 0
      vertex -23.8155 -19.723 8.96542
      vertex -23.819 -19.7247 8.98109
    endloop
  endfacet
  facet normal 0.447248 -0.89441 0.000100128
    outer loop
      vertex -11.634 -13.6322 15.8272
      vertex -23.819 -19.7247 21
      vertex -12.9909 -14.3107 15.9566
    endloop
  endfacet
  facet normal 0.447227 -0.894421 0.000131213
    outer loop
      vertex -23.819 -19.7247 21
      vertex 14.2518 -0.689332 15.9566
      vertex 15.6304 0 16
    endloop
  endfacet
  facet normal 0.447214 -0.894427 -4.54409e-15
    outer loop
      vertex -10.3202 -12.9753 15.6138
      vertex -23.819 -19.7247 21
      vertex -11.634 -13.6322 15.8272
    endloop
  endfacet
  facet normal 0.4472 -0.894434 -0.000118208
    outer loop
      vertex -23.819 -19.7247 21
      vertex 12.8948 -1.36779 15.8272
      vertex 14.2518 -0.689332 15.9566
    endloop
  endfacet
  facet normal 0.447214 -0.894427 2.04701e-06
    outer loop
      vertex 11.581 -2.02468 15.6138
      vertex -23.819 -19.7247 21
      vertex -10.3202 -12.9753 15.6138
    endloop
  endfacet
  facet normal 0.447211 -0.894428 -2.32476e-05
    outer loop
      vertex -23.819 -19.7247 21
      vertex 11.581 -2.02468 15.6138
      vertex 12.8948 -1.36779 15.8272
    endloop
  endfacet
  facet normal 0.447214 -0.894427 0.000155533
    outer loop
      vertex -9.0703 -12.3504 15.3197
      vertex 11.581 -2.02468 15.6138
      vertex -10.3202 -12.9753 15.6138
    endloop
  endfacet
  facet normal 0.447216 -0.894426 1.86568e-05
    outer loop
      vertex -9.0703 -12.3504 15.3197
      vertex 10.3311 -2.64964 15.3197
      vertex 11.581 -2.02468 15.6138
    endloop
  endfacet
  facet normal 0.447216 -0.894426 -5.17008e-05
    outer loop
      vertex -7.90395 -11.7672 14.9496
      vertex 10.3311 -2.64964 15.3197
      vertex -9.0703 -12.3504 15.3197
    endloop
  endfacet
  facet normal 0.447214 -0.894427 4.58573e-05
    outer loop
      vertex -7.90395 -11.7672 14.9496
      vertex 9.16478 -3.23282 14.9496
      vertex 10.3311 -2.64964 15.3197
    endloop
  endfacet
  facet normal 0.447214 -0.894427 -1.84139e-05
    outer loop
      vertex -6.83957 -11.235 14.5093
      vertex 9.16478 -3.23282 14.9496
      vertex -7.90395 -11.7672 14.9496
    endloop
  endfacet
  facet normal 0.447214 -0.894427 -7.23624e-07
    outer loop
      vertex -6.83957 -11.235 14.5093
      vertex 8.1004 -3.76501 14.5093
      vertex 9.16478 -3.23282 14.9496
    endloop
  endfacet
  facet normal 0.447214 -0.894427 2.72085e-05
    outer loop
      vertex -5.89394 -10.7622 14.0058
      vertex 8.1004 -3.76501 14.5093
      vertex -6.83957 -11.235 14.5093
    endloop
  endfacet
  facet normal 0.447215 -0.894427 -1.21005e-05
    outer loop
      vertex -5.89394 -10.7622 14.0058
      vertex 7.15477 -4.23782 14.0058
      vertex 8.1004 -3.76501 14.5093
    endloop
  endfacet
  facet normal 0.447215 -0.894427 -2.95224e-05
    outer loop
      vertex -5.08198 -10.3562 13.447
      vertex 7.15477 -4.23782 14.0058
      vertex -5.89394 -10.7622 14.0058
    endloop
  endfacet
  facet normal 0.447214 -0.894427 -5.68781e-07
    outer loop
      vertex -5.08198 -10.3562 13.447
      vertex 6.34281 -4.6438 13.447
      vertex 7.15477 -4.23782 14.0058
    endloop
  endfacet
  facet normal 0.447214 -0.894427 6.69361e-05
    outer loop
      vertex -4.41649 -10.0235 12.8418
      vertex 6.34281 -4.6438 13.447
      vertex -5.08198 -10.3562 13.447
    endloop
  endfacet
  facet normal 0.447217 -0.894426 3.00476e-06
    outer loop
      vertex -4.41649 -10.0235 12.8418
      vertex 5.67732 -4.97655 12.8418
      vertex 6.34281 -4.6438 13.447
    endloop
  endfacet
  facet normal 0.447217 -0.894426 -6.64801e-05
    outer loop
      vertex -3.90797 -9.76919 12.1996
      vertex 5.67732 -4.97655 12.8418
      vertex -4.41649 -10.0235 12.8418
    endloop
  endfacet
  facet normal 0.447214 -0.894427 -6.96377e-06
    outer loop
      vertex -3.90797 -9.76919 12.1996
      vertex 5.16879 -5.23081 12.1996
      vertex 5.67732 -4.97655 12.8418
    endloop
  endfacet
  facet normal 0.447214 -0.894427 -6.21415e-16
    outer loop
      vertex -3.56443 -9.59742 11.5306
      vertex 5.16879 -5.23081 12.1996
      vertex -3.90797 -9.76919 12.1996
    endloop
  endfacet
  facet normal 0.447213 -0.894427 6.95853e-06
    outer loop
      vertex -3.56443 -9.59742 11.5306
      vertex 4.82526 -5.40258 11.5306
      vertex 5.16879 -5.23081 12.1996
    endloop
  endfacet
  facet normal 0.447213 -0.894427 -1.34675e-07
    outer loop
      vertex -3.39129 -9.51085 10.8453
      vertex 4.82526 -5.40258 11.5306
      vertex -3.56443 -9.59742 11.5306
    endloop
  endfacet
  facet normal 0.447213 -0.894427 1.40473e-07
    outer loop
      vertex -3.39129 -9.51085 10.8453
      vertex 4.65212 -5.48915 10.8453
      vertex 4.82526 -5.40258 11.5306
    endloop
  endfacet
  facet normal 0.447213 -0.894427 0
    outer loop
      vertex -3.39129 -9.51085 10.1547
      vertex 4.65212 -5.48915 10.8453
      vertex -3.39129 -9.51085 10.8453
    endloop
  endfacet
  facet normal 0.447213 -0.894427 0
    outer loop
      vertex -3.39129 -9.51085 10.1547
      vertex 4.65212 -5.48915 10.1547
      vertex 4.65212 -5.48915 10.8453
    endloop
  endfacet
  facet normal 0.447213 -0.894427 1.40473e-07
    outer loop
      vertex -3.56443 -9.59742 9.4694
      vertex 4.65212 -5.48915 10.1547
      vertex -3.39129 -9.51085 10.1547
    endloop
  endfacet
  facet normal 0.447213 -0.894427 -1.34675e-07
    outer loop
      vertex -3.56443 -9.59742 9.4694
      vertex 4.82526 -5.40258 9.4694
      vertex 4.65212 -5.48915 10.1547
    endloop
  endfacet
  facet normal 0.447213 -0.894427 2.73733e-07
    outer loop
      vertex -3.90797 -9.76919 8.80041
      vertex 4.82526 -5.40258 9.4694
      vertex -3.56443 -9.59742 9.4694
    endloop
  endfacet
  facet normal 0.447214 -0.894427 -6.68491e-06
    outer loop
      vertex -3.90797 -9.76919 8.80041
      vertex 5.16879 -5.23081 8.80041
      vertex 4.82526 -5.40258 9.4694
    endloop
  endfacet
  facet normal 0.447214 -0.894427 6.96377e-05
    outer loop
      vertex -4.41649 -10.0235 8.15821
      vertex 5.16879 -5.23081 8.80041
      vertex -3.90797 -9.76919 8.80041
    endloop
  endfacet
  facet normal 0.447217 -0.894426 1.01213e-05
    outer loop
      vertex -4.41649 -10.0235 8.15821
      vertex 5.67732 -4.97655 8.15821
      vertex 5.16879 -5.23081 8.80041
    endloop
  endfacet
  facet normal 0.447217 -0.894426 -7.08833e-05
    outer loop
      vertex -5.08198 -10.3562 7.55295
      vertex 5.67732 -4.97655 8.15821
      vertex -4.41649 -10.0235 8.15821
    endloop
  endfacet
  facet normal 0.447214 -0.894427 -6.95839e-06
    outer loop
      vertex -5.08198 -10.3562 7.55295
      vertex 6.34281 -4.6438 7.55295
      vertex 5.67732 -4.97655 8.15821
    endloop
  endfacet
  facet normal 0.447214 -0.894427 3.14448e-05
    outer loop
      vertex -5.89394 -10.7622 6.99417
      vertex 6.34281 -4.6438 7.55295
      vertex -5.08198 -10.3562 7.55295
    endloop
  endfacet
  facet normal 0.447215 -0.894427 2.49007e-06
    outer loop
      vertex -5.89394 -10.7622 6.99417
      vertex 7.15477 -4.23782 6.99417
      vertex 6.34281 -4.6438 7.55295
    endloop
  endfacet
  facet normal 0.447215 -0.894427 -2.98647e-05
    outer loop
      vertex -6.83957 -11.235 6.49067
      vertex 7.15477 -4.23782 6.99417
      vertex -5.89394 -10.7622 6.99417
    endloop
  endfacet
  facet normal 0.447214 -0.894427 9.44429e-06
    outer loop
      vertex -6.83957 -11.235 6.49067
      vertex 8.1004 -3.76501 6.49067
      vertex 7.15477 -4.23782 6.99417
    endloop
  endfacet
  facet normal 0.447214 -0.894427 1.95922e-05
    outer loop
      vertex -7.90395 -11.7672 6.05041
      vertex 8.1004 -3.76501 6.49067
      vertex -6.83957 -11.235 6.49067
    endloop
  endfacet
  facet normal 0.447214 -0.894427 1.9003e-06
    outer loop
      vertex -7.90395 -11.7672 6.05041
      vertex 9.16478 -3.23282 6.05041
      vertex 8.1004 -3.76501 6.49067
    endloop
  endfacet
  facet normal 0.447214 -0.894427 5.79408e-05
    outer loop
      vertex -9.0703 -12.3504 5.68031
      vertex 9.16478 -3.23282 6.05041
      vertex -7.90395 -11.7672 6.05041
    endloop
  endfacet
  facet normal 0.447216 -0.894426 -3.96174e-05
    outer loop
      vertex -9.0703 -12.3504 5.68031
      vertex 10.3311 -2.64964 5.68031
      vertex 9.16478 -3.23282 6.05041
    endloop
  endfacet
  facet normal 0.447216 -0.894426 -0.000163828
    outer loop
      vertex -10.3202 -12.9753 5.38623
      vertex 10.3311 -2.64964 5.68031
      vertex -9.0703 -12.3504 5.68031
    endloop
  endfacet
  facet normal 0.447214 -0.894427 -2.69429e-05
    outer loop
      vertex -10.3202 -12.9753 5.38623
      vertex 11.581 -2.02468 5.38623
      vertex 10.3311 -2.64964 5.68031
    endloop
  endfacet
  facet normal 0.447214 -0.894427 3.02976e-15
    outer loop
      vertex -23.819 -19.7247 0
      vertex -10.3202 -12.9753 5.38623
      vertex -11.634 -13.6322 5.17279
    endloop
  endfacet
  facet normal 0.447214 -0.894427 -2.047e-06
    outer loop
      vertex -10.3202 -12.9753 5.38623
      vertex -23.819 -19.7247 0
      vertex 11.581 -2.02468 5.38623
    endloop
  endfacet
  facet normal 0.447248 -0.89441 -0.000100133
    outer loop
      vertex -23.819 -19.7247 0
      vertex -11.634 -13.6322 5.17279
      vertex -12.9909 -14.3107 5.04337
    endloop
  endfacet
  facet normal 0.447211 -0.894428 2.32453e-05
    outer loop
      vertex 11.581 -2.02468 5.38623
      vertex -23.819 -19.7247 0
      vertex 12.8948 -1.36779 5.17279
    endloop
  endfacet
  facet normal 0.447186 -0.894441 6.51785e-05
    outer loop
      vertex -23.819 -19.7247 0
      vertex -12.9909 -14.3107 5.04337
      vertex -14.3696 -15 5
    endloop
  endfacet
  facet normal 0.447214 -0.894427 -5.59808e-07
    outer loop
      vertex 31.6501 8.00987 0
      vertex 12.8948 -1.36779 5.17279
      vertex -23.819 -19.7247 0
    endloop
  endfacet
  facet normal 0.447186 -0.894441 -6.51814e-05
    outer loop
      vertex -12.9909 -14.3107 15.9566
      vertex -23.819 -19.7247 21
      vertex -14.3696 -15 16
    endloop
  endfacet
  facet normal 0.447189 -0.894439 -5.78613e-05
    outer loop
      vertex -23.819 -19.7247 21
      vertex -15.7483 -15.6893 15.9566
      vertex -14.3696 -15 16
    endloop
  endfacet
  facet normal 0.447237 -0.894415 3.80649e-05
    outer loop
      vertex -23.819 -19.7247 21
      vertex -17.1052 -16.3678 15.8272
      vertex -15.7483 -15.6893 15.9566
    endloop
  endfacet
  facet normal 0.447214 -0.894427 0
    outer loop
      vertex -23.819 -19.7247 21
      vertex -18.419 -17.0247 15.6138
      vertex -17.1052 -16.3678 15.8272
    endloop
  endfacet
  facet normal 0.44719 -0.894439 -2.9025e-05
    outer loop
      vertex -23.819 -19.7247 21
      vertex -19.6689 -17.6496 15.3197
      vertex -18.419 -17.0247 15.6138
    endloop
  endfacet
  facet normal 0.44724 -0.894414 1.63509e-05
    outer loop
      vertex -23.819 -19.7247 21
      vertex -20.8352 -18.2328 14.9496
      vertex -19.6689 -17.6496 15.3197
    endloop
  endfacet
  facet normal 0.447214 -0.894427 2.04908e-16
    outer loop
      vertex -23.819 -19.7247 21
      vertex -21.8996 -18.765 14.5093
      vertex -20.8352 -18.2328 14.9496
    endloop
  endfacet
  facet normal 0.447214 -0.894427 2.09673e-16
    outer loop
      vertex -23.819 -19.7247 21
      vertex -22.8452 -19.2378 14.0058
      vertex -21.8996 -18.765 14.5093
    endloop
  endfacet
  facet normal 0.447214 -0.894427 2.09247e-16
    outer loop
      vertex -23.819 -19.7247 21
      vertex -23 -19.3152 13.8993
      vertex -22.8452 -19.2378 14.0058
    endloop
  endfacet
  facet normal 0.447309 -0.89438 1.36852e-05
    outer loop
      vertex -23.819 -19.7247 21
      vertex -23.3121 -19.4713 13.3375
      vertex -23 -19.3152 13.8993
    endloop
  endfacet
  facet normal 0.44709 -0.894489 -4.38016e-06
    outer loop
      vertex -23.819 -19.7247 21
      vertex -23.5842 -19.6073 12.721
      vertex -23.3121 -19.4713 13.3375
    endloop
  endfacet
  facet normal 0.447214 -0.894427 0
    outer loop
      vertex -23.819 -19.7247 21
      vertex -23.6054 -19.6179 12.673
      vertex -23.5842 -19.6073 12.721
    endloop
  endfacet
  facet normal 0.447214 -0.894427 2.19047e-15
    outer loop
      vertex -23.819 -19.7247 21
      vertex -23.6226 -19.6265 12.6206
      vertex -23.6054 -19.6179 12.673
    endloop
  endfacet
  facet normal 0.447387 -0.894341 5.07222e-06
    outer loop
      vertex -23.819 -19.7247 21
      vertex -23.8155 -19.723 12.0346
      vertex -23.6226 -19.6265 12.6206
    endloop
  endfacet
  facet normal 0.436904 -0.899508 0
    outer loop
      vertex -23.8155 -19.723 12.0346
      vertex -23.819 -19.7247 21
      vertex -23.819 -19.7247 12.0189
    endloop
  endfacet
  facet normal 0.447214 -0.894427 2.54445e-06
    outer loop
      vertex -23.819 -19.7247 21
      vertex 15.6304 0 16
      vertex 31.6501 8.00987 21
    endloop
  endfacet
  facet normal 0.447205 -0.894431 3.72362e-05
    outer loop
      vertex 17.0091 0.689332 15.9566
      vertex 31.6501 8.00987 21
      vertex 15.6304 0 16
    endloop
  endfacet
  facet normal 0.447217 -0.894425 -6.71139e-06
    outer loop
      vertex 18.366 1.36779 15.8272
      vertex 31.6501 8.00987 21
      vertex 17.0091 0.689332 15.9566
    endloop
  endfacet
  facet normal 0.44721 -0.894429 1.59975e-05
    outer loop
      vertex 19.6798 2.02468 15.6138
      vertex 31.6501 8.00987 21
      vertex 18.366 1.36779 15.8272
    endloop
  endfacet
  facet normal 0.447218 -0.894425 -6.08111e-06
    outer loop
      vertex 20.9297 2.64964 15.3197
      vertex 31.6501 8.00987 21
      vertex 19.6798 2.02468 15.6138
    endloop
  endfacet
  facet normal 0.447207 -0.894431 2.10581e-05
    outer loop
      vertex 22.0961 3.23282 14.9496
      vertex 31.6501 8.00987 21
      vertex 20.9297 2.64964 15.3197
    endloop
  endfacet
  facet normal 0.447231 -0.894418 -2.7636e-05
    outer loop
      vertex 23.1604 3.76501 14.5093
      vertex 31.6501 8.00987 21
      vertex 22.0961 3.23282 14.9496
    endloop
  endfacet
  facet normal 0.447196 -0.894436 2.99821e-05
    outer loop
      vertex 24.1061 4.23782 14.0058
      vertex 31.6501 8.00987 21
      vertex 23.1604 3.76501 14.5093
    endloop
  endfacet
  facet normal 0.447231 -0.894419 -1.67893e-05
    outer loop
      vertex 24.918 4.6438 13.447
      vertex 31.6501 8.00987 21
      vertex 24.1061 4.23782 14.0058
    endloop
  endfacet
  facet normal 0.447215 -0.894427 1.30811e-06
    outer loop
      vertex 25.5835 4.97655 12.8418
      vertex 31.6501 8.00987 21
      vertex 24.918 4.6438 13.447
    endloop
  endfacet
  facet normal 0.447222 -0.894423 -5.61443e-06
    outer loop
      vertex 26.092 5.23081 12.1996
      vertex 31.6501 8.00987 21
      vertex 25.5835 4.97655 12.8418
    endloop
  endfacet
  facet normal 0.447186 -0.894441 2.25765e-05
    outer loop
      vertex 26.4356 5.40258 11.5306
      vertex 31.6501 8.00987 21
      vertex 26.092 5.23081 12.1996
    endloop
  endfacet
  facet normal 0.447243 -0.894412 -1.67065e-05
    outer loop
      vertex 26.6087 5.48915 10.8453
      vertex 31.6501 8.00987 21
      vertex 26.4356 5.40258 11.5306
    endloop
  endfacet
  facet normal 0.447216 -0.894426 0
    outer loop
      vertex 26.6087 5.48915 10.1547
      vertex 31.6501 8.00987 21
      vertex 26.6087 5.48915 10.8453
    endloop
  endfacet
  facet normal 0.447243 -0.894412 1.67065e-05
    outer loop
      vertex 31.6501 8.00987 0
      vertex 26.6087 5.48915 10.1547
      vertex 26.4356 5.40258 9.4694
    endloop
  endfacet
  facet normal 0.447232 -0.894418 6.9995e-05
    outer loop
      vertex 14.2518 -0.689332 5.04337
      vertex 31.6501 8.00987 0
      vertex 15.6304 0 5
    endloop
  endfacet
  facet normal 0.447205 -0.894431 -3.72386e-05
    outer loop
      vertex 15.6304 0 5
      vertex 31.6501 8.00987 0
      vertex 17.0091 0.689332 5.04337
    endloop
  endfacet
  facet normal 0.447216 -0.894426 0
    outer loop
      vertex 26.6087 5.48915 10.1547
      vertex 31.6501 8.00987 0
      vertex 31.6501 8.00987 21
    endloop
  endfacet
  facet normal 0.447186 -0.894441 -2.25767e-05
    outer loop
      vertex 26.092 5.23081 8.80041
      vertex 31.6501 8.00987 0
      vertex 26.4356 5.40258 9.4694
    endloop
  endfacet
  facet normal 0.447222 -0.894423 5.61442e-06
    outer loop
      vertex 25.5835 4.97655 8.15821
      vertex 31.6501 8.00987 0
      vertex 26.092 5.23081 8.80041
    endloop
  endfacet
  facet normal 0.447215 -0.894427 -1.30806e-06
    outer loop
      vertex 24.918 4.6438 7.55295
      vertex 31.6501 8.00987 0
      vertex 25.5835 4.97655 8.15821
    endloop
  endfacet
  facet normal 0.447231 -0.894419 1.67896e-05
    outer loop
      vertex 24.1061 4.23782 6.99417
      vertex 31.6501 8.00987 0
      vertex 24.918 4.6438 7.55295
    endloop
  endfacet
  facet normal 0.447196 -0.894436 -2.99822e-05
    outer loop
      vertex 23.1604 3.76501 6.49067
      vertex 31.6501 8.00987 0
      vertex 24.1061 4.23782 6.99417
    endloop
  endfacet
  facet normal 0.447231 -0.894418 2.76369e-05
    outer loop
      vertex 22.0961 3.23282 6.05041
      vertex 31.6501 8.00987 0
      vertex 23.1604 3.76501 6.49067
    endloop
  endfacet
  facet normal 0.447207 -0.894431 -2.10581e-05
    outer loop
      vertex 20.9297 2.64964 5.68031
      vertex 31.6501 8.00987 0
      vertex 22.0961 3.23282 6.05041
    endloop
  endfacet
  facet normal 0.447218 -0.894425 6.08123e-06
    outer loop
      vertex 19.6798 2.02468 5.38623
      vertex 31.6501 8.00987 0
      vertex 20.9297 2.64964 5.68031
    endloop
  endfacet
  facet normal 0.44721 -0.894429 -1.59967e-05
    outer loop
      vertex 18.366 1.36779 5.17279
      vertex 31.6501 8.00987 0
      vertex 19.6798 2.02468 5.38623
    endloop
  endfacet
  facet normal 0.447217 -0.894425 6.7112e-06
    outer loop
      vertex 17.0091 0.689332 5.04337
      vertex 31.6501 8.00987 0
      vertex 18.366 1.36779 5.17279
    endloop
  endfacet
  facet normal -0.447214 0.894427 -3.57025e-06
    outer loop
      vertex -12.8948 1.36779 15.8272
      vertex -23 -3.68479 21
      vertex 0.389317 8.00987 21
    endloop
  endfacet
  facet normal -0.447231 0.894418 -3.39652e-05
    outer loop
      vertex -23 -3.68479 21
      vertex -14.2518 0.689332 15.9566
      vertex -15.6304 0 16
    endloop
  endfacet
  facet normal -0.447187 0.894441 6.22111e-05
    outer loop
      vertex -23 -3.68479 21
      vertex -12.8948 1.36779 15.8272
      vertex -14.2518 0.689332 15.9566
    endloop
  endfacet
  facet normal -0.44721 0.894429 -1.49604e-05
    outer loop
      vertex 0.389317 8.00987 21
      vertex -11.581 2.02468 15.6138
      vertex -12.8948 1.36779 15.8272
    endloop
  endfacet
  facet normal -0.447218 0.894425 7.00796e-06
    outer loop
      vertex 0.389317 8.00987 21
      vertex -10.3311 2.64964 15.3197
      vertex -11.581 2.02468 15.6138
    endloop
  endfacet
  facet normal -0.447222 0.894423 1.59868e-05
    outer loop
      vertex 0.389317 8.00987 21
      vertex -9.16478 3.23282 14.9496
      vertex -10.3311 2.64964 15.3197
    endloop
  endfacet
  facet normal -0.447214 0.894427 -1.34129e-07
    outer loop
      vertex 0.389317 8.00987 21
      vertex -8.1004 3.76501 14.5093
      vertex -9.16478 3.23282 14.9496
    endloop
  endfacet
  facet normal -0.447211 0.894428 -3.7682e-06
    outer loop
      vertex 0.389317 8.00987 21
      vertex -7.15477 4.23782 14.0058
      vertex -8.1004 3.76501 14.5093
    endloop
  endfacet
  facet normal -0.447214 0.894427 -4.77082e-07
    outer loop
      vertex 0.389317 8.00987 21
      vertex -6.34281 4.6438 13.447
      vertex -7.15477 4.23782 14.0058
    endloop
  endfacet
  facet normal -0.447217 0.894426 2.88306e-06
    outer loop
      vertex 0.389317 8.00987 21
      vertex -5.67732 4.97655 12.8418
      vertex -6.34281 4.6438 13.447
    endloop
  endfacet
  facet normal -0.44721 0.894429 -3.45733e-06
    outer loop
      vertex 0.389317 8.00987 21
      vertex -5.16879 5.23081 12.1996
      vertex -5.67732 4.97655 12.8418
    endloop
  endfacet
  facet normal -0.447219 0.894425 3.3908e-06
    outer loop
      vertex 0.389317 8.00987 21
      vertex -4.82526 5.40258 11.5306
      vertex -5.16879 5.23081 12.1996
    endloop
  endfacet
  facet normal -0.447214 0.894427 -4.45594e-08
    outer loop
      vertex 0.389317 8.00987 21
      vertex -4.65212 5.48915 10.8453
      vertex -4.82526 5.40258 11.5306
    endloop
  endfacet
  facet normal -0.447214 0.894427 0
    outer loop
      vertex 0.389317 8.00987 21
      vertex -4.65212 5.48915 10.1547
      vertex -4.65212 5.48915 10.8453
    endloop
  endfacet
  facet normal -0.447214 0.894427 0
    outer loop
      vertex 0.389317 8.00987 0
      vertex -4.65212 5.48915 10.1547
      vertex 0.389317 8.00987 21
    endloop
  endfacet
  facet normal -0.447187 0.894441 -6.22134e-05
    outer loop
      vertex -12.8948 1.36779 5.17279
      vertex -23 -3.68479 0
      vertex -14.2518 0.689332 5.04337
    endloop
  endfacet
  facet normal -0.447214 0.894427 3.57026e-06
    outer loop
      vertex -23 -3.68479 0
      vertex -12.8948 1.36779 5.17279
      vertex 0.389317 8.00987 0
    endloop
  endfacet
  facet normal -0.44721 0.894429 1.49596e-05
    outer loop
      vertex -11.581 2.02468 5.38623
      vertex 0.389317 8.00987 0
      vertex -12.8948 1.36779 5.17279
    endloop
  endfacet
  facet normal -0.447218 0.894425 -7.00809e-06
    outer loop
      vertex -10.3311 2.64964 5.68031
      vertex 0.389317 8.00987 0
      vertex -11.581 2.02468 5.38623
    endloop
  endfacet
  facet normal -0.447222 0.894423 -1.59868e-05
    outer loop
      vertex -9.16478 3.23282 6.05041
      vertex 0.389317 8.00987 0
      vertex -10.3311 2.64964 5.68031
    endloop
  endfacet
  facet normal -0.447214 0.894427 1.34134e-07
    outer loop
      vertex -8.1004 3.76501 6.49067
      vertex 0.389317 8.00987 0
      vertex -9.16478 3.23282 6.05041
    endloop
  endfacet
  facet normal -0.447211 0.894428 3.76821e-06
    outer loop
      vertex -7.15477 4.23782 6.99417
      vertex 0.389317 8.00987 0
      vertex -8.1004 3.76501 6.49067
    endloop
  endfacet
  facet normal -0.447214 0.894427 4.7709e-07
    outer loop
      vertex -6.34281 4.6438 7.55295
      vertex 0.389317 8.00987 0
      vertex -7.15477 4.23782 6.99417
    endloop
  endfacet
  facet normal -0.447217 0.894426 -2.88294e-06
    outer loop
      vertex -5.67732 4.97655 8.15821
      vertex 0.389317 8.00987 0
      vertex -6.34281 4.6438 7.55295
    endloop
  endfacet
  facet normal -0.44721 0.894429 3.45733e-06
    outer loop
      vertex -5.16879 5.23081 8.80041
      vertex 0.389317 8.00987 0
      vertex -5.67732 4.97655 8.15821
    endloop
  endfacet
  facet normal -0.447219 0.894425 -3.39083e-06
    outer loop
      vertex -4.82526 5.40258 9.4694
      vertex 0.389317 8.00987 0
      vertex -5.16879 5.23081 8.80041
    endloop
  endfacet
  facet normal -0.447214 0.894427 4.45594e-08
    outer loop
      vertex -4.65212 5.48915 10.1547
      vertex 0.389317 8.00987 0
      vertex -4.82526 5.40258 9.4694
    endloop
  endfacet
  facet normal -0.447205 0.894432 1.4739e-05
    outer loop
      vertex -17.0091 -0.689332 15.9566
      vertex -23 -3.68479 21
      vertex -15.6304 0 16
    endloop
  endfacet
  facet normal -0.447217 0.894425 -4.35225e-06
    outer loop
      vertex -18.366 -1.36779 15.8272
      vertex -23 -3.68479 21
      vertex -17.0091 -0.689332 15.9566
    endloop
  endfacet
  facet normal -0.447209 0.89443 5.32412e-06
    outer loop
      vertex -19.6798 -2.02468 15.6138
      vertex -23 -3.68479 21
      vertex -18.366 -1.36779 15.8272
    endloop
  endfacet
  facet normal -0.447219 0.894425 -2.40213e-06
    outer loop
      vertex -20.9297 -2.64964 15.3197
      vertex -23 -3.68479 21
      vertex -19.6798 -2.02468 15.6138
    endloop
  endfacet
  facet normal -0.447203 0.894433 5.01032e-06
    outer loop
      vertex -22.0961 -3.23282 14.9496
      vertex -23 -3.68479 21
      vertex -20.9297 -2.64964 15.3197
    endloop
  endfacet
  facet normal -0.447229 0.894419 0
    outer loop
      vertex -23 -3.68479 21
      vertex -22.0961 -3.23282 14.9496
      vertex -23 -3.68479 14.5757
    endloop
  endfacet
  facet normal -0.447231 0.894418 3.39641e-05
    outer loop
      vertex -14.2518 0.689332 5.04337
      vertex -23 -3.68479 0
      vertex -15.6304 0 5
    endloop
  endfacet
  facet normal -0.447205 0.894432 -1.47394e-05
    outer loop
      vertex -15.6304 0 5
      vertex -23 -3.68479 0
      vertex -17.0091 -0.689332 5.04337
    endloop
  endfacet
  facet normal -0.447217 0.894425 4.35221e-06
    outer loop
      vertex -17.0091 -0.689332 5.04337
      vertex -23 -3.68479 0
      vertex -18.366 -1.36779 5.17279
    endloop
  endfacet
  facet normal -0.447209 0.89443 -5.324e-06
    outer loop
      vertex -18.366 -1.36779 5.17279
      vertex -23 -3.68479 0
      vertex -19.6798 -2.02468 5.38623
    endloop
  endfacet
  facet normal -0.447229 0.894419 0
    outer loop
      vertex -22.0961 -3.23282 6.05041
      vertex -23 -3.68479 0
      vertex -23 -3.68479 6.42431
    endloop
  endfacet
  facet normal -0.447203 0.894433 -5.01031e-06
    outer loop
      vertex -20.9297 -2.64964 5.68031
      vertex -23 -3.68479 0
      vertex -22.0961 -3.23282 6.05041
    endloop
  endfacet
  facet normal -0.447219 0.894425 2.40214e-06
    outer loop
      vertex -19.6798 -2.02468 5.38623
      vertex -23 -3.68479 0
      vertex -20.9297 -2.64964 5.68031
    endloop
  endfacet
  facet normal 0.547027 0.533601 0.645005
    outer loop
      vertex -27.2 -16.8825 8.49534
      vertex -23 -18.2328 6.05041
      vertex -27.2 -16.6164 8.2752
    endloop
  endfacet
  facet normal 0.547029 0.533586 0.645016
    outer loop
      vertex -23 -18.2328 6.05041
      vertex -27.2 -16.8825 8.49534
      vertex -23 -18.765 6.49067
    endloop
  endfacet
  facet normal 0.547029 -0.0525663 0.835462
    outer loop
      vertex -23 -15 5
      vertex -23 -14.3107 5.04337
      vertex -27.2 -15 7.75
    endloop
  endfacet
  facet normal 0.547027 -0.0525467 0.835464
    outer loop
      vertex -23 -14.3107 5.04337
      vertex -27.2 -14.6553 7.77168
      vertex -27.2 -15 7.75
    endloop
  endfacet
  facet normal 0.547027 0.0525467 0.835464
    outer loop
      vertex -23 -15.6893 5.04337
      vertex -27.2 -15 7.75
      vertex -27.2 -15.3447 7.77168
    endloop
  endfacet
  facet normal 0.547026 0.156824 -0.822295
    outer loop
      vertex -23 -15.6893 15.9566
      vertex -23 -16.3678 15.8272
      vertex -27.2 -15.3447 13.2283
    endloop
  endfacet
  facet normal 0.547027 -0.830514 -0.104914
    outer loop
      vertex -27.2 -12.2987 11.0153
      vertex -23 -9.51085 10.8453
      vertex -23 -9.59742 11.5306
    endloop
  endfacet
  facet normal 0.547023 -0.830511 -0.104965
    outer loop
      vertex -23 -9.51085 10.8453
      vertex -27.2 -12.2987 11.0153
      vertex -27.2 -12.2554 10.6727
    endloop
  endfacet
  facet normal 0.547025 0.83051 0.104965
    outer loop
      vertex -23.9218 -19.8868 10.1926
      vertex -27.2 -17.7013 9.9847
      vertex -27.2 -17.7446 10.3273
    endloop
  endfacet
  facet normal 0.547024 0.830509 0.104977
    outer loop
      vertex -27.2 -17.7013 9.9847
      vertex -23.9218 -19.8868 10.1926
      vertex -23.8871 -19.832 9.57824
    endloop
  endfacet
  facet normal 0.547029 0.258718 0.796131
    outer loop
      vertex -27.2 -16.0123 7.94312
      vertex -23 -16.3678 5.17279
      vertex -27.2 -15.6839 7.8364
    endloop
  endfacet
  facet normal 0.547032 0.258682 0.796141
    outer loop
      vertex -23 -16.3678 5.17279
      vertex -27.2 -16.0123 7.94312
      vertex -23 -17.0247 5.38623
    endloop
  endfacet
  facet normal 0.547029 0.0525663 0.835462
    outer loop
      vertex -23 -15.6893 5.04337
      vertex -23 -15 5
      vertex -27.2 -15 7.75
    endloop
  endfacet
  facet normal 0.547026 0.677236 -0.49205
    outer loop
      vertex -27.2 -17.1189 12.2529
      vertex -23 -19.2378 14.0058
      vertex -27.2 -17.3219 11.9735
    endloop
  endfacet
  facet normal 0.547027 0.44854 0.706805
    outer loop
      vertex -23 -18.2328 6.05041
      vertex -23 -17.6496 5.68031
      vertex -27.2 -16.6164 8.2752
    endloop
  endfacet
  facet normal 0.547018 0.778359 0.308105
    outer loop
      vertex -23.6226 -19.6265 8.37939
      vertex -27.2 -17.4883 9.32911
      vertex -27.2 -17.6154 9.6502
    endloop
  endfacet
  facet normal 0.547001 0.778692 0.307292
    outer loop
      vertex -27.2 -17.4883 9.32911
      vertex -23.6226 -19.6265 8.37939
      vertex -23.6054 -19.6179 8.32698
    endloop
  endfacet
  facet normal 0.547033 0.733584 0.403249
    outer loop
      vertex -23.5842 -19.6073 8.27898
      vertex -23.3121 -19.4713 7.66245
      vertex -27.2 -17.3219 9.02648
    endloop
  endfacet
  facet normal 0.547036 0.356468 -0.757418
    outer loop
      vertex -27.2 -16.3248 12.9098
      vertex -23 -17.0247 15.6138
      vertex -23 -17.6496 15.3197
    endloop
  endfacet
  facet normal 0.547031 0.356522 -0.757397
    outer loop
      vertex -23 -17.0247 15.6138
      vertex -27.2 -16.3248 12.9098
      vertex -27.2 -16.0123 13.0569
    endloop
  endfacet
  facet normal 0.5471 0.810948 -0.207473
    outer loop
      vertex -23.8871 -19.832 11.4218
      vertex -27.2 -17.6154 11.3498
      vertex -23.879 -19.8193 11.4928
    endloop
  endfacet
  facet normal 0.547023 0.810809 -0.208217
    outer loop
      vertex -27.2 -17.6154 11.3498
      vertex -23.8871 -19.832 11.4218
      vertex -27.2 -17.7013 11.0153
    endloop
  endfacet
  facet normal 0.547077 0.810388 -0.209709
    outer loop
      vertex -23.819 -19.7247 12.0189
      vertex -27.2 -17.6154 11.3498
      vertex -23.8155 -19.723 12.0346
    endloop
  endfacet
  facet normal 0.547037 0.810808 -0.208182
    outer loop
      vertex -27.2 -17.6154 11.3498
      vertex -23.819 -19.7247 12.0189
      vertex -23.879 -19.8193 11.4928
    endloop
  endfacet
  facet normal 0.547027 -0.733576 -0.403273
    outer loop
      vertex -23 -10.0235 12.8418
      vertex -23 -10.3562 13.447
      vertex -27.2 -12.6781 11.9735
    endloop
  endfacet
  facet normal 0.547029 -0.810814 -0.208182
    outer loop
      vertex -23 -9.59742 11.5306
      vertex -23 -9.76919 12.1996
      vertex -27.2 -12.3846 11.3498
    endloop
  endfacet
  facet normal 0.54703 -0.533542 -0.645051
    outer loop
      vertex -27.2 -13.1175 12.5047
      vertex -23 -11.7672 14.9496
      vertex -27.2 -13.3836 12.7248
    endloop
  endfacet
  facet normal 0.547022 -0.533618 -0.644995
    outer loop
      vertex -23 -11.7672 14.9496
      vertex -27.2 -13.1175 12.5047
      vertex -23 -11.235 14.5093
    endloop
  endfacet
  facet normal 0.547027 0.156847 0.82229
    outer loop
      vertex -23 -16.3678 5.17279
      vertex -23 -15.6893 5.04337
      vertex -27.2 -15.3447 7.77168
    endloop
  endfacet
  facet normal 0.547033 0.356402 0.757451
    outer loop
      vertex -27.2 -16.3248 8.09016
      vertex -23 -17.0247 5.38623
      vertex -27.2 -16.0123 7.94312
    endloop
  endfacet
  facet normal 0.547029 0.35645 0.757432
    outer loop
      vertex -23 -17.0247 5.38623
      vertex -27.2 -16.3248 8.09016
      vertex -23 -17.6496 5.68031
    endloop
  endfacet
  facet normal 0.547027 0.61023 0.573045
    outer loop
      vertex -23 -19.2378 6.99417
      vertex -27.2 -16.8825 8.49534
      vertex -27.2 -17.1189 8.74708
    endloop
  endfacet
  facet normal 0.547028 0.610241 0.573032
    outer loop
      vertex -23 -19.2378 6.99417
      vertex -23 -18.765 6.49067
      vertex -27.2 -16.8825 8.49534
    endloop
  endfacet
  facet normal 0.547032 0.258638 -0.796155
    outer loop
      vertex -27.2 -16.0123 13.0569
      vertex -23 -16.3678 15.8272
      vertex -23 -17.0247 15.6138
    endloop
  endfacet
  facet normal 0.547029 0.258674 -0.796145
    outer loop
      vertex -23 -16.3678 15.8272
      vertex -27.2 -16.0123 13.0569
      vertex -27.2 -15.6839 13.1636
    endloop
  endfacet
  facet normal 0.54703 0.778298 -0.308239
    outer loop
      vertex -23.6226 -19.6265 12.6206
      vertex -23.8155 -19.723 12.0346
      vertex -27.2 -17.6154 11.3498
    endloop
  endfacet
  facet normal 0.547024 0.830509 -0.10497
    outer loop
      vertex -23.9218 -19.8868 10.8074
      vertex -27.2 -17.7013 11.0153
      vertex -23.8871 -19.832 11.4218
    endloop
  endfacet
  facet normal 0.547025 0.83051 -0.104965
    outer loop
      vertex -27.2 -17.7013 11.0153
      vertex -23.9218 -19.8868 10.8074
      vertex -27.2 -17.7446 10.6727
    endloop
  endfacet
  facet normal 0.547003 0.733435 -0.40356
    outer loop
      vertex -23.6054 -19.6179 12.673
      vertex -27.2 -17.3219 11.9735
      vertex -23.5842 -19.6073 12.721
    endloop
  endfacet
  facet normal 0.547024 0.733526 -0.403367
    outer loop
      vertex -27.2 -17.3219 11.9735
      vertex -23.6054 -19.6179 12.673
      vertex -27.2 -17.4883 11.6709
    endloop
  endfacet
  facet normal 0.547027 -0.677236 0.49205
    outer loop
      vertex -23 -10.7622 6.99417
      vertex -27.2 -12.6781 9.02648
      vertex -27.2 -12.8811 8.74708
    endloop
  endfacet
  facet normal 0.547025 -0.837116 0
    outer loop
      vertex -27.2 -12.2554 10.3273
      vertex -23 -9.51085 10.8453
      vertex -27.2 -12.2554 10.6727
    endloop
  endfacet
  facet normal 0.547025 -0.837116 0
    outer loop
      vertex -23 -9.51085 10.8453
      vertex -27.2 -12.2554 10.3273
      vertex -23 -9.51085 10.1547
    endloop
  endfacet
  facet normal 0.547027 -0.44854 0.706805
    outer loop
      vertex -23 -12.3504 5.68031
      vertex -23 -11.7672 6.05041
      vertex -27.2 -13.3836 8.2752
    endloop
  endfacet
  facet normal 0.547026 -0.810807 -0.208216
    outer loop
      vertex -27.2 -12.2987 11.0153
      vertex -23 -9.59742 11.5306
      vertex -27.2 -12.3846 11.3498
    endloop
  endfacet
  facet normal 0.547028 -0.0526026 -0.83546
    outer loop
      vertex -23 -14.3107 15.9566
      vertex -23 -15 16
      vertex -27.2 -15 13.25
    endloop
  endfacet
  facet normal 0.547029 -0.610297 -0.572972
    outer loop
      vertex -27.2 -12.8811 12.2529
      vertex -23 -10.7622 14.0058
      vertex -27.2 -13.1175 12.5047
    endloop
  endfacet
  facet normal 0.547026 -0.677236 -0.49205
    outer loop
      vertex -23 -10.3562 13.447
      vertex -23 -10.7622 14.0058
      vertex -27.2 -12.6781 11.9735
    endloop
  endfacet
  facet normal 0.547028 -0.44854 -0.706804
    outer loop
      vertex -23 -11.7672 14.9496
      vertex -23 -12.3504 15.3197
      vertex -27.2 -13.3836 12.7248
    endloop
  endfacet
  facet normal 0.547031 0.156892 0.822279
    outer loop
      vertex -23 -16.3678 5.17279
      vertex -27.2 -15.3447 7.77168
      vertex -27.2 -15.6839 7.8364
    endloop
  endfacet
  facet normal 0.547029 0.448522 0.706815
    outer loop
      vertex -23 -17.6496 5.68031
      vertex -27.2 -16.3248 8.09016
      vertex -27.2 -16.6164 8.2752
    endloop
  endfacet
  facet normal 0.547063 0.677173 0.492096
    outer loop
      vertex -23 -19.2378 6.99417
      vertex -23.3121 -19.4713 7.66245
      vertex -23 -19.3152 7.10068
    endloop
  endfacet
  facet normal 0.547032 0.677201 0.492092
    outer loop
      vertex -23.3121 -19.4713 7.66245
      vertex -23 -19.2378 6.99417
      vertex -27.2 -17.3219 9.02648
    endloop
  endfacet
  facet normal 0.547027 0.677236 0.49205
    outer loop
      vertex -23 -19.2378 6.99417
      vertex -27.2 -17.1189 8.74708
      vertex -27.2 -17.3219 9.02648
    endloop
  endfacet
  facet normal 0.547027 0.733541 0.403335
    outer loop
      vertex -23.6054 -19.6179 8.32698
      vertex -27.2 -17.3219 9.02648
      vertex -27.2 -17.4883 9.32911
    endloop
  endfacet
  facet normal 0.547003 0.733435 0.40356
    outer loop
      vertex -27.2 -17.3219 9.02648
      vertex -23.6054 -19.6179 8.32698
      vertex -23.5842 -19.6073 8.27898
    endloop
  endfacet
  facet normal 0.547037 0.810813 0.208163
    outer loop
      vertex -23.819 -19.7247 8.98109
      vertex -27.2 -17.6154 9.6502
      vertex -23.879 -19.8193 9.50724
    endloop
  endfacet
  facet normal 0.547088 0.810279 0.210101
    outer loop
      vertex -27.2 -17.6154 9.6502
      vertex -23.819 -19.7247 8.98109
      vertex -23.8155 -19.723 8.96542
    endloop
  endfacet
  facet normal 0.547029 0.778304 0.308224
    outer loop
      vertex -23.8155 -19.723 8.96542
      vertex -23.6226 -19.6265 8.37939
      vertex -27.2 -17.6154 9.6502
    endloop
  endfacet
  facet normal 0.547021 0.81081 0.208217
    outer loop
      vertex -23.8871 -19.832 9.57824
      vertex -27.2 -17.6154 9.6502
      vertex -27.2 -17.7013 9.9847
    endloop
  endfacet
  facet normal 0.547098 0.81095 0.207473
    outer loop
      vertex -27.2 -17.6154 9.6502
      vertex -23.8871 -19.832 9.57824
      vertex -23.879 -19.8193 9.50724
    endloop
  endfacet
  facet normal 0.547022 0.610244 -0.573035
    outer loop
      vertex -23 -18.765 14.5093
      vertex -23 -19.2378 14.0058
      vertex -27.2 -16.8825 12.5047
    endloop
  endfacet
  facet normal 0.547028 0.44854 -0.706804
    outer loop
      vertex -23 -17.6496 15.3197
      vertex -23 -18.2328 14.9496
      vertex -27.2 -16.6164 12.7248
    endloop
  endfacet
  facet normal 0.547028 0.156846 -0.822289
    outer loop
      vertex -27.2 -15.3447 13.2283
      vertex -23 -16.3678 15.8272
      vertex -27.2 -15.6839 13.1636
    endloop
  endfacet
  facet normal 0.547031 0.733576 -0.403266
    outer loop
      vertex -23.3121 -19.4713 13.3375
      vertex -23.5842 -19.6073 12.721
      vertex -27.2 -17.3219 11.9735
    endloop
  endfacet
  facet normal 0.547142 0.677109 -0.492096
    outer loop
      vertex -23.3121 -19.4713 13.3375
      vertex -23 -19.2378 14.0058
      vertex -23 -19.3152 13.8993
    endloop
  endfacet
  facet normal 0.54703 0.677212 -0.49208
    outer loop
      vertex -23 -19.2378 14.0058
      vertex -23.3121 -19.4713 13.3375
      vertex -27.2 -17.3219 11.9735
    endloop
  endfacet
  facet normal 0.547028 0.837114 0
    outer loop
      vertex -23.9218 -19.8868 10.8074
      vertex -27.2 -17.7446 10.3273
      vertex -27.2 -17.7446 10.6727
    endloop
  endfacet
  facet normal 0.547028 0.837114 0
    outer loop
      vertex -27.2 -17.7446 10.3273
      vertex -23.9218 -19.8868 10.8074
      vertex -23.9218 -19.8868 10.1926
    endloop
  endfacet
  facet normal 0.547018 -0.733546 0.403338
    outer loop
      vertex -23 -10.0235 8.15821
      vertex -27.2 -12.5117 9.32911
      vertex -27.2 -12.6781 9.02648
    endloop
  endfacet
  facet normal 0.547027 -0.61023 0.573045
    outer loop
      vertex -23 -10.7622 6.99417
      vertex -27.2 -12.8811 8.74708
      vertex -27.2 -13.1175 8.49534
    endloop
  endfacet
  facet normal 0.547029 -0.35645 0.757432
    outer loop
      vertex -27.2 -13.6752 8.09016
      vertex -23 -12.9753 5.38623
      vertex -23 -12.3504 5.68031
    endloop
  endfacet
  facet normal 0.547033 -0.356402 0.757451
    outer loop
      vertex -23 -12.9753 5.38623
      vertex -27.2 -13.6752 8.09016
      vertex -27.2 -13.9877 7.94312
    endloop
  endfacet
  facet normal 0.547027 -0.156847 0.82229
    outer loop
      vertex -23 -14.3107 5.04337
      vertex -23 -13.6322 5.17279
      vertex -27.2 -14.6553 7.77168
    endloop
  endfacet
  facet normal 0.547028 -0.778311 -0.30821
    outer loop
      vertex -23 -9.76919 12.1996
      vertex -23 -10.0235 12.8418
      vertex -27.2 -12.3846 11.3498
    endloop
  endfacet
  facet normal 0.547026 -0.156824 -0.822295
    outer loop
      vertex -23 -13.6322 15.8272
      vertex -23 -14.3107 15.9566
      vertex -27.2 -14.6553 13.2283
    endloop
  endfacet
  facet normal 0.547028 -0.156846 -0.822289
    outer loop
      vertex -27.2 -14.3161 13.1636
      vertex -23 -13.6322 15.8272
      vertex -27.2 -14.6553 13.2283
    endloop
  endfacet
  facet normal 0.547029 -0.258674 -0.796145
    outer loop
      vertex -27.2 -13.9877 13.0569
      vertex -23 -13.6322 15.8272
      vertex -27.2 -14.3161 13.1636
    endloop
  endfacet
  facet normal 0.547032 -0.258638 -0.796155
    outer loop
      vertex -23 -13.6322 15.8272
      vertex -27.2 -13.9877 13.0569
      vertex -23 -12.9753 15.6138
    endloop
  endfacet
  facet normal 0.547022 -0.610244 -0.573035
    outer loop
      vertex -23 -10.7622 14.0058
      vertex -23 -11.235 14.5093
      vertex -27.2 -13.1175 12.5047
    endloop
  endfacet
  facet normal 0.547017 -0.73353 -0.403369
    outer loop
      vertex -27.2 -12.5117 11.6709
      vertex -23 -10.0235 12.8418
      vertex -27.2 -12.6781 11.9735
    endloop
  endfacet
  facet normal 0.547017 -0.778363 -0.308097
    outer loop
      vertex -27.2 -12.3846 11.3498
      vertex -23 -10.0235 12.8418
      vertex -27.2 -12.5117 11.6709
    endloop
  endfacet
  facet normal 0.547026 -0.677236 -0.49205
    outer loop
      vertex -27.2 -12.6781 11.9735
      vertex -23 -10.7622 14.0058
      vertex -27.2 -12.8811 12.2529
    endloop
  endfacet
  facet normal 0.547031 -0.356522 -0.757397
    outer loop
      vertex -27.2 -13.6752 12.9098
      vertex -23 -12.9753 15.6138
      vertex -27.2 -13.9877 13.0569
    endloop
  endfacet
  facet normal 0.547036 -0.356468 -0.757418
    outer loop
      vertex -23 -12.9753 15.6138
      vertex -27.2 -13.6752 12.9098
      vertex -23 -12.3504 15.3197
    endloop
  endfacet
  facet normal 0.547037 0.44845 -0.706854
    outer loop
      vertex -27.2 -16.3248 12.9098
      vertex -23 -17.6496 15.3197
      vertex -27.2 -16.6164 12.7248
    endloop
  endfacet
  facet normal 0.547029 0.610297 -0.572972
    outer loop
      vertex -27.2 -16.8825 12.5047
      vertex -23 -19.2378 14.0058
      vertex -27.2 -17.1189 12.2529
    endloop
  endfacet
  facet normal 0.547022 0.533618 -0.644995
    outer loop
      vertex -27.2 -16.8825 12.5047
      vertex -23 -18.2328 14.9496
      vertex -23 -18.765 14.5093
    endloop
  endfacet
  facet normal 0.54703 0.533542 -0.645051
    outer loop
      vertex -23 -18.2328 14.9496
      vertex -27.2 -16.8825 12.5047
      vertex -27.2 -16.6164 12.7248
    endloop
  endfacet
  facet normal 0.547001 0.778671 -0.307347
    outer loop
      vertex -23.6226 -19.6265 12.6206
      vertex -27.2 -17.4883 11.6709
      vertex -23.6054 -19.6179 12.673
    endloop
  endfacet
  facet normal 0.547016 0.778363 -0.308097
    outer loop
      vertex -27.2 -17.4883 11.6709
      vertex -23.6226 -19.6265 12.6206
      vertex -27.2 -17.6154 11.3498
    endloop
  endfacet
  facet normal 0.547027 -0.778311 0.30821
    outer loop
      vertex -23 -10.0235 8.15821
      vertex -23 -9.76919 8.80041
      vertex -27.2 -12.3846 9.6502
    endloop
  endfacet
  facet normal 0.547029 -0.810813 0.208185
    outer loop
      vertex -23 -9.76919 8.80041
      vertex -23 -9.59742 9.4694
      vertex -27.2 -12.3846 9.6502
    endloop
  endfacet
  facet normal 0.547028 -0.733592 0.403242
    outer loop
      vertex -23 -10.3562 7.55295
      vertex -23 -10.0235 8.15821
      vertex -27.2 -12.6781 9.02648
    endloop
  endfacet
  facet normal 0.547028 -0.677227 0.492061
    outer loop
      vertex -23 -10.7622 6.99417
      vertex -23 -10.3562 7.55295
      vertex -27.2 -12.6781 9.02648
    endloop
  endfacet
  facet normal 0.547026 -0.810807 0.208216
    outer loop
      vertex -23 -9.59742 9.4694
      vertex -27.2 -12.2987 9.9847
      vertex -27.2 -12.3846 9.6502
    endloop
  endfacet
  facet normal 0.547029 -0.448522 0.706815
    outer loop
      vertex -23 -12.3504 5.68031
      vertex -27.2 -13.3836 8.2752
      vertex -27.2 -13.6752 8.09016
    endloop
  endfacet
  facet normal 0.547032 -0.258682 0.796141
    outer loop
      vertex -27.2 -13.9877 7.94312
      vertex -23 -13.6322 5.17279
      vertex -23 -12.9753 5.38623
    endloop
  endfacet
  facet normal 0.547029 -0.258718 0.796131
    outer loop
      vertex -23 -13.6322 5.17279
      vertex -27.2 -13.9877 7.94312
      vertex -27.2 -14.3161 7.8364
    endloop
  endfacet
  facet normal 0.547031 -0.156892 0.822279
    outer loop
      vertex -23 -13.6322 5.17279
      vertex -27.2 -14.3161 7.8364
      vertex -27.2 -14.6553 7.77168
    endloop
  endfacet
  facet normal 0.547027 -0.052595 -0.835461
    outer loop
      vertex -27.2 -14.6553 13.2283
      vertex -23 -14.3107 15.9566
      vertex -27.2 -15 13.25
    endloop
  endfacet
  facet normal 0.547037 -0.44845 -0.706854
    outer loop
      vertex -27.2 -13.3836 12.7248
      vertex -23 -12.3504 15.3197
      vertex -27.2 -13.6752 12.9098
    endloop
  endfacet
  facet normal 0.547018 -0.778359 0.308105
    outer loop
      vertex -23 -10.0235 8.15821
      vertex -27.2 -12.3846 9.6502
      vertex -27.2 -12.5117 9.32911
    endloop
  endfacet
  facet normal 0.547023 -0.830511 0.104965
    outer loop
      vertex -27.2 -12.2987 9.9847
      vertex -23 -9.51085 10.1547
      vertex -27.2 -12.2554 10.3273
    endloop
  endfacet
  facet normal 0.547027 -0.830514 0.104914
    outer loop
      vertex -23 -9.51085 10.1547
      vertex -27.2 -12.2987 9.9847
      vertex -23 -9.59742 9.4694
    endloop
  endfacet
  facet normal 0.547027 0.052595 -0.835461
    outer loop
      vertex -27.2 -15 13.25
      vertex -23 -15.6893 15.9566
      vertex -27.2 -15.3447 13.2283
    endloop
  endfacet
  facet normal 0.547028 0.0526026 -0.83546
    outer loop
      vertex -23 -15 16
      vertex -23 -15.6893 15.9566
      vertex -27.2 -15 13.25
    endloop
  endfacet
  facet normal 0.547028 -0.610241 0.573032
    outer loop
      vertex -23 -11.235 6.49067
      vertex -23 -10.7622 6.99417
      vertex -27.2 -13.1175 8.49534
    endloop
  endfacet
  facet normal 0.547029 -0.533586 0.645016
    outer loop
      vertex -27.2 -13.1175 8.49534
      vertex -23 -11.7672 6.05041
      vertex -23 -11.235 6.49067
    endloop
  endfacet
  facet normal 0.547027 -0.533601 0.645005
    outer loop
      vertex -23 -11.7672 6.05041
      vertex -27.2 -13.1175 8.49534
      vertex -27.2 -13.3836 8.2752
    endloop
  endfacet
  facet normal 0 -0.425808 0.904813
    outer loop
      vertex -23 -12.3504 5.68031
      vertex -10.3202 -12.9753 5.38623
      vertex -9.0703 -12.3504 5.68031
    endloop
  endfacet
  facet normal 0 -0.425808 0.904813
    outer loop
      vertex -10.3202 -12.9753 5.38623
      vertex -23 -12.3504 5.68031
      vertex -23 -12.9753 5.38623
    endloop
  endfacet
  facet normal 0 -0.535817 0.844334
    outer loop
      vertex -14.3578 -11.7672 6.05041
      vertex -9.0703 -12.3504 5.68031
      vertex -7.90395 -11.7672 6.05041
    endloop
  endfacet
  facet normal -4.88304e-05 -0.536132 0.844134
    outer loop
      vertex -14.436 -11.7907 6.03548
      vertex -9.0703 -12.3504 5.68031
      vertex -14.3578 -11.7672 6.05041
    endloop
  endfacet
  facet normal -5.69589e-06 -0.535837 0.844321
    outer loop
      vertex -15 -11.8466 6
      vertex -9.0703 -12.3504 5.68031
      vertex -14.436 -11.7907 6.03548
    endloop
  endfacet
  facet normal 0 -0.535817 0.844334
    outer loop
      vertex -23 -12.3504 5.68031
      vertex -15.6422 -11.7672 6.05041
      vertex -23 -11.7672 6.05041
    endloop
  endfacet
  facet normal 3.79577e-05 -0.536158 0.844118
    outer loop
      vertex -15.6422 -11.7672 6.05041
      vertex -23 -12.3504 5.68031
      vertex -15.564 -11.7907 6.03548
    endloop
  endfacet
  facet normal 4.79453e-06 -0.535844 0.844317
    outer loop
      vertex -15.564 -11.7907 6.03548
      vertex -23 -12.3504 5.68031
      vertex -15 -11.8466 6
    endloop
  endfacet
  facet normal 0 -0.53579 0.844352
    outer loop
      vertex -15 -11.8466 6
      vertex -23 -12.3504 5.68031
      vertex -9.0703 -12.3504 5.68031
    endloop
  endfacet
  facet normal 0 -0.929754 0.368181
    outer loop
      vertex -23 -10.0235 8.15821
      vertex -19.1574 -9.76919 8.80041
      vertex -23 -9.76919 8.80041
    endloop
  endfacet
  facet normal 1.47589e-05 -0.929784 0.368105
    outer loop
      vertex -19.1574 -9.76919 8.80041
      vertex -23 -10.0235 8.15821
      vertex -19.0717 -9.85487 8.58399
    endloop
  endfacet
  facet normal 0 -0.929738 0.368222
    outer loop
      vertex -19.0717 -9.85487 8.58399
      vertex -23 -10.0235 8.15821
      vertex -18.8376 -10.0235 8.15821
    endloop
  endfacet
  facet normal -9.05119e-06 -0.929785 0.368103
    outer loop
      vertex -4.41649 -10.0235 8.15821
      vertex -10.8426 -9.76919 8.80041
      vertex -10.9283 -9.85487 8.58399
    endloop
  endfacet
  facet normal 0 -0.929738 0.368222
    outer loop
      vertex -4.41649 -10.0235 8.15821
      vertex -10.9283 -9.85487 8.58399
      vertex -11.1624 -10.0235 8.15821
    endloop
  endfacet
  facet normal 0 -0.929754 0.368181
    outer loop
      vertex -10.8426 -9.76919 8.80041
      vertex -4.41649 -10.0235 8.15821
      vertex -3.90797 -9.76919 8.80041
    endloop
  endfacet
  facet normal 0 -0.929744 -0.368207
    outer loop
      vertex -23 -10.0235 12.8418
      vertex -19.0717 -9.85487 12.416
      vertex -18.8376 -10.0235 12.8418
    endloop
  endfacet
  facet normal -0 -0.929754 -0.368181
    outer loop
      vertex -19.1574 -9.76919 12.1996
      vertex -23 -10.0235 12.8418
      vertex -23 -9.76919 12.1996
    endloop
  endfacet
  facet normal 9.42594e-06 -0.929773 -0.368132
    outer loop
      vertex -23 -10.0235 12.8418
      vertex -19.1574 -9.76919 12.1996
      vertex -19.0717 -9.85487 12.416
    endloop
  endfacet
  facet normal 0 -0.929744 -0.368207
    outer loop
      vertex -10.9283 -9.85487 12.416
      vertex -4.41649 -10.0235 12.8418
      vertex -11.1624 -10.0235 12.8418
    endloop
  endfacet
  facet normal -5.78067e-06 -0.929774 -0.368131
    outer loop
      vertex -10.8426 -9.76919 12.1996
      vertex -4.41649 -10.0235 12.8418
      vertex -10.9283 -9.85487 12.416
    endloop
  endfacet
  facet normal 0 -0.929754 -0.368181
    outer loop
      vertex -4.41649 -10.0235 12.8418
      vertex -10.8426 -9.76919 12.1996
      vertex -3.90797 -9.76919 12.1996
    endloop
  endfacet
  facet normal 0 -0.425832 -0.904802
    outer loop
      vertex -23 -12.3504 15.3197
      vertex -10.3202 -12.9753 15.6138
      vertex -23 -12.9753 15.6138
    endloop
  endfacet
  facet normal 0 -0.425832 -0.904802
    outer loop
      vertex -10.3202 -12.9753 15.6138
      vertex -23 -12.3504 15.3197
      vertex -9.0703 -12.3504 15.3197
    endloop
  endfacet
  facet normal -0 0.0627947 0.998026
    outer loop
      vertex -23 -15 5
      vertex -15.7483 -15.6893 5.04337
      vertex -14.3696 -15 5
    endloop
  endfacet
  facet normal 0 0.0627947 0.998026
    outer loop
      vertex -15.7483 -15.6893 5.04337
      vertex -23 -15 5
      vertex -23 -15.6893 5.04337
    endloop
  endfacet
  facet normal 0 -0.728982 0.684533
    outer loop
      vertex -23 -11.235 6.49067
      vertex -17.8079 -10.7622 6.99417
      vertex -23 -10.7622 6.99417
    endloop
  endfacet
  facet normal 1.59028e-05 -0.729063 0.684446
    outer loop
      vertex -17.8079 -10.7622 6.99417
      vertex -23 -11.235 6.49067
      vertex -17.645 -10.8887 6.85942
    endloop
  endfacet
  facet normal -5.21512e-06 -0.72891 0.684609
    outer loop
      vertex -17.645 -10.8887 6.85942
      vertex -23 -11.235 6.49067
      vertex -17.1679 -11.1731 6.55662
    endloop
  endfacet
  facet normal 0 -0.729141 0.684364
    outer loop
      vertex -17.1679 -11.1731 6.55662
      vertex -23 -11.235 6.49067
      vertex -17.0277 -11.235 6.49067
    endloop
  endfacet
  facet normal -1.54748e-05 -0.729064 0.684446
    outer loop
      vertex -6.83957 -11.235 6.49067
      vertex -12.1921 -10.7622 6.99417
      vertex -12.355 -10.8887 6.85942
    endloop
  endfacet
  facet normal 5.07788e-06 -0.72891 0.684609
    outer loop
      vertex -6.83957 -11.235 6.49067
      vertex -12.355 -10.8887 6.85942
      vertex -12.8321 -11.1731 6.55662
    endloop
  endfacet
  facet normal 0 -0.729141 0.684364
    outer loop
      vertex -6.83957 -11.235 6.49067
      vertex -12.8321 -11.1731 6.55662
      vertex -12.9723 -11.235 6.49067
    endloop
  endfacet
  facet normal 0 -0.728982 0.684533
    outer loop
      vertex -12.1921 -10.7622 6.99417
      vertex -6.83957 -11.235 6.49067
      vertex -5.89394 -10.7622 6.99417
    endloop
  endfacet
  facet normal 0 -0.992115 0.125328
    outer loop
      vertex -23 -9.59742 9.4694
      vertex -19.4832 -9.51085 10.1547
      vertex -23 -9.51085 10.1547
    endloop
  endfacet
  facet normal -7.1958e-07 -0.992115 0.125332
    outer loop
      vertex -19.4832 -9.51085 10.1547
      vertex -23 -9.59742 9.4694
      vertex -19.4203 -9.57375 9.65679
    endloop
  endfacet
  facet normal 0 -0.992117 0.125318
    outer loop
      vertex -19.4203 -9.57375 9.65679
      vertex -23 -9.59742 9.4694
      vertex -19.3722 -9.59742 9.4694
    endloop
  endfacet
  facet normal 3.68367e-07 -0.992115 0.125332
    outer loop
      vertex -3.56443 -9.59742 9.4694
      vertex -10.5168 -9.51085 10.1547
      vertex -10.5797 -9.57375 9.65679
    endloop
  endfacet
  facet normal 0 -0.992117 0.125318
    outer loop
      vertex -3.56443 -9.59742 9.4694
      vertex -10.5797 -9.57375 9.65679
      vertex -10.6278 -9.59742 9.4694
    endloop
  endfacet
  facet normal 0 -0.992115 0.125328
    outer loop
      vertex -10.5168 -9.51085 10.1547
      vertex -3.56443 -9.59742 9.4694
      vertex -3.39129 -9.51085 10.1547
    endloop
  endfacet
  facet normal 0 -0.876334 0.481704
    outer loop
      vertex -23 -10.3562 7.55295
      vertex -18.8376 -10.0235 8.15821
      vertex -23 -10.0235 8.15821
    endloop
  endfacet
  facet normal 0.000109435 -0.876651 0.481126
    outer loop
      vertex -18.8376 -10.0235 8.15821
      vertex -23 -10.3562 7.55295
      vertex -18.7995 -10.0616 8.08878
    endloop
  endfacet
  facet normal -8.1378e-06 -0.876263 0.481834
    outer loop
      vertex -18.7995 -10.0616 8.08878
      vertex -23 -10.3562 7.55295
      vertex -18.4673 -10.313 7.63159
    endloop
  endfacet
  facet normal 0 -0.876461 0.481474
    outer loop
      vertex -18.4673 -10.313 7.63159
      vertex -23 -10.3562 7.55295
      vertex -18.3935 -10.3562 7.55295
    endloop
  endfacet
  facet normal -7.67035e-05 -0.876659 0.481112
    outer loop
      vertex -5.08198 -10.3562 7.55295
      vertex -11.1624 -10.0235 8.15821
      vertex -11.2005 -10.0616 8.08878
    endloop
  endfacet
  facet normal 5.7394e-06 -0.876262 0.481835
    outer loop
      vertex -5.08198 -10.3562 7.55295
      vertex -11.2005 -10.0616 8.08878
      vertex -11.5327 -10.313 7.63159
    endloop
  endfacet
  facet normal 0 -0.876461 0.481474
    outer loop
      vertex -5.08198 -10.3562 7.55295
      vertex -11.5327 -10.313 7.63159
      vertex -11.6065 -10.3562 7.55295
    endloop
  endfacet
  facet normal 0 -0.876334 0.481704
    outer loop
      vertex -11.1624 -10.0235 8.15821
      vertex -5.08198 -10.3562 7.55295
      vertex -4.41649 -10.0235 8.15821
    endloop
  endfacet
  facet normal 0 -0.062838 -0.998024
    outer loop
      vertex -23 -14.3107 15.9566
      vertex -14.3696 -15 16
      vertex -23 -15 16
    endloop
  endfacet
  facet normal 0 -0.062838 -0.998024
    outer loop
      vertex -14.3696 -15 16
      vertex -23 -14.3107 15.9566
      vertex -12.9909 -14.3107 15.9566
    endloop
  endfacet
  facet normal 0 -0.637424 -0.770513
    outer loop
      vertex -23 -11.7672 14.9496
      vertex -16.1191 -11.6572 14.8586
      vertex -15.6422 -11.7672 14.9496
    endloop
  endfacet
  facet normal -2.08997e-06 -0.637347 -0.770577
    outer loop
      vertex -23 -11.7672 14.9496
      vertex -16.6566 -11.4461 14.684
      vertex -16.1191 -11.6572 14.8586
    endloop
  endfacet
  facet normal 1.4798e-05 -0.637545 -0.770413
    outer loop
      vertex -23 -11.7672 14.9496
      vertex -17.0277 -11.235 14.5093
      vertex -16.6566 -11.4461 14.684
    endloop
  endfacet
  facet normal -0 -0.637446 -0.770495
    outer loop
      vertex -17.0277 -11.235 14.5093
      vertex -23 -11.7672 14.9496
      vertex -23 -11.235 14.5093
    endloop
  endfacet
  facet normal 0 -0.637446 -0.770495
    outer loop
      vertex -7.90395 -11.7672 14.9496
      vertex -12.9723 -11.235 14.5093
      vertex -6.83957 -11.235 14.5093
    endloop
  endfacet
  facet normal -1.70261e-05 -0.637542 -0.770415
    outer loop
      vertex -7.90395 -11.7672 14.9496
      vertex -13.3434 -11.4461 14.684
      vertex -12.9723 -11.235 14.5093
    endloop
  endfacet
  facet normal 2.3919e-06 -0.637347 -0.770577
    outer loop
      vertex -7.90395 -11.7672 14.9496
      vertex -13.8809 -11.6572 14.8586
      vertex -13.3434 -11.4461 14.684
    endloop
  endfacet
  facet normal 0 -0.637424 -0.770513
    outer loop
      vertex -13.8809 -11.6572 14.8586
      vertex -7.90395 -11.7672 14.9496
      vertex -14.3578 -11.7672 14.9496
    endloop
  endfacet
  facet normal 0 -0.992117 -0.125312
    outer loop
      vertex -23 -9.59742 11.5306
      vertex -19.4203 -9.57375 11.3432
      vertex -19.3722 -9.59742 11.5306
    endloop
  endfacet
  facet normal -0 -0.992115 -0.125328
    outer loop
      vertex -19.4832 -9.51085 10.8453
      vertex -23 -9.59742 11.5306
      vertex -23 -9.51085 10.8453
    endloop
  endfacet
  facet normal -1.19831e-06 -0.992115 -0.125334
    outer loop
      vertex -23 -9.59742 11.5306
      vertex -19.4832 -9.51085 10.8453
      vertex -19.4203 -9.57375 11.3432
    endloop
  endfacet
  facet normal 0 -0.992117 -0.125312
    outer loop
      vertex -10.5797 -9.57375 11.3432
      vertex -3.56443 -9.59742 11.5306
      vertex -10.6278 -9.59742 11.5306
    endloop
  endfacet
  facet normal 6.13439e-07 -0.992115 -0.125334
    outer loop
      vertex -10.5168 -9.51085 10.8453
      vertex -3.56443 -9.59742 11.5306
      vertex -10.5797 -9.57375 11.3432
    endloop
  endfacet
  facet normal 0 -0.992115 -0.125328
    outer loop
      vertex -3.56443 -9.59742 11.5306
      vertex -10.5168 -9.51085 10.8453
      vertex -3.39129 -9.51085 10.8453
    endloop
  endfacet
  facet normal 0 -0.728882 -0.68464
    outer loop
      vertex -23 -11.235 14.5093
      vertex -17.1679 -11.1731 14.4434
      vertex -17.0277 -11.235 14.5093
    endloop
  endfacet
  facet normal 5.51525e-07 -0.728906 -0.684614
    outer loop
      vertex -23 -11.235 14.5093
      vertex -17.645 -10.8887 14.1406
      vertex -17.1679 -11.1731 14.4434
    endloop
  endfacet
  facet normal -0 -0.728982 -0.684533
    outer loop
      vertex -17.8079 -10.7622 14.0058
      vertex -23 -11.235 14.5093
      vertex -23 -10.7622 14.0058
    endloop
  endfacet
  facet normal 3.79456e-05 -0.729177 -0.684325
    outer loop
      vertex -23 -11.235 14.5093
      vertex -17.8079 -10.7622 14.0058
      vertex -17.645 -10.8887 14.1406
    endloop
  endfacet
  facet normal 0 -0.728882 -0.68464
    outer loop
      vertex -12.8321 -11.1731 14.4434
      vertex -6.83957 -11.235 14.5093
      vertex -12.9723 -11.235 14.5093
    endloop
  endfacet
  facet normal -5.37012e-07 -0.728906 -0.684614
    outer loop
      vertex -12.355 -10.8887 14.1406
      vertex -6.83957 -11.235 14.5093
      vertex -12.8321 -11.1731 14.4434
    endloop
  endfacet
  facet normal -3.69243e-05 -0.729177 -0.684325
    outer loop
      vertex -12.1921 -10.7622 14.0058
      vertex -6.83957 -11.235 14.5093
      vertex -12.355 -10.8887 14.1406
    endloop
  endfacet
  facet normal 0 -0.728982 -0.684533
    outer loop
      vertex -6.83957 -11.235 14.5093
      vertex -12.1921 -10.7622 14.0058
      vertex -5.89394 -10.7622 14.0058
    endloop
  endfacet
  facet normal -0 0.425808 0.904813
    outer loop
      vertex -23 -17.0247 5.38623
      vertex -19.6689 -17.6496 5.68031
      vertex -18.419 -17.0247 5.38623
    endloop
  endfacet
  facet normal 0 0.425808 0.904813
    outer loop
      vertex -19.6689 -17.6496 5.68031
      vertex -23 -17.0247 5.38623
      vertex -23 -17.6496 5.68031
    endloop
  endfacet
  facet normal 0 -0.187366 0.98229
    outer loop
      vertex -23 -13.6322 5.17279
      vertex -12.9909 -14.3107 5.04337
      vertex -11.634 -13.6322 5.17279
    endloop
  endfacet
  facet normal 0 -0.187366 0.98229
    outer loop
      vertex -12.9909 -14.3107 5.04337
      vertex -23 -13.6322 5.17279
      vertex -23 -14.3107 5.04337
    endloop
  endfacet
  facet normal 0 -0.309017 0.951056
    outer loop
      vertex -23 -12.9753 5.38623
      vertex -11.634 -13.6322 5.17279
      vertex -10.3202 -12.9753 5.38623
    endloop
  endfacet
  facet normal 0 -0.309017 0.951056
    outer loop
      vertex -11.634 -13.6322 5.17279
      vertex -23 -12.9753 5.38623
      vertex -23 -13.6322 5.17279
    endloop
  endfacet
  facet normal 0 -0.637412 0.770523
    outer loop
      vertex -23 -11.7672 6.05041
      vertex -17.0277 -11.235 6.49067
      vertex -23 -11.235 6.49067
    endloop
  endfacet
  facet normal 8.01308e-06 -0.637465 0.770479
    outer loop
      vertex -17.0277 -11.235 6.49067
      vertex -23 -11.7672 6.05041
      vertex -16.6566 -11.4461 6.31601
    endloop
  endfacet
  facet normal 2.82026e-06 -0.637404 0.77053
    outer loop
      vertex -16.6566 -11.4461 6.31601
      vertex -23 -11.7672 6.05041
      vertex -16.1191 -11.6572 6.14138
    endloop
  endfacet
  facet normal 0 -0.6373 0.770616
    outer loop
      vertex -16.1191 -11.6572 6.14138
      vertex -23 -11.7672 6.05041
      vertex -15.6422 -11.7672 6.05041
    endloop
  endfacet
  facet normal 0 -0.637412 0.770523
    outer loop
      vertex -12.9723 -11.235 6.49067
      vertex -7.90395 -11.7672 6.05041
      vertex -6.83957 -11.235 6.49067
    endloop
  endfacet
  facet normal -9.21954e-06 -0.637464 0.77048
    outer loop
      vertex -13.3434 -11.4461 6.31601
      vertex -7.90395 -11.7672 6.05041
      vertex -12.9723 -11.235 6.49067
    endloop
  endfacet
  facet normal -3.2277e-06 -0.637404 0.77053
    outer loop
      vertex -13.8809 -11.6572 6.14138
      vertex -7.90395 -11.7672 6.05041
      vertex -13.3434 -11.4461 6.31601
    endloop
  endfacet
  facet normal 0 -0.6373 0.770616
    outer loop
      vertex -7.90395 -11.7672 6.05041
      vertex -13.8809 -11.6572 6.14138
      vertex -14.3578 -11.7672 6.05041
    endloop
  endfacet
  facet normal 0 -1 0
    outer loop
      vertex -23 -9.51085 10.8453
      vertex -19.4911 -9.51085 10.7826
      vertex -19.4832 -9.51085 10.8453
    endloop
  endfacet
  facet normal 0 -1 0
    outer loop
      vertex -23 -9.51085 10.8453
      vertex -19.4911 -9.51085 10.2174
      vertex -19.4911 -9.51085 10.7826
    endloop
  endfacet
  facet normal 0 -1 0
    outer loop
      vertex -23 -9.51085 10.1547
      vertex -19.4911 -9.51085 10.2174
      vertex -23 -9.51085 10.8453
    endloop
  endfacet
  facet normal 0 -1 -0
    outer loop
      vertex -19.4911 -9.51085 10.2174
      vertex -23 -9.51085 10.1547
      vertex -19.4832 -9.51085 10.1547
    endloop
  endfacet
  facet normal 0 -1 0
    outer loop
      vertex -10.5089 -9.51085 10.7826
      vertex -3.39129 -9.51085 10.8453
      vertex -10.5168 -9.51085 10.8453
    endloop
  endfacet
  facet normal 0 -1 0
    outer loop
      vertex -10.5089 -9.51085 10.2174
      vertex -3.39129 -9.51085 10.8453
      vertex -10.5089 -9.51085 10.7826
    endloop
  endfacet
  facet normal 0 -1 0
    outer loop
      vertex -3.39129 -9.51085 10.1547
      vertex -10.5089 -9.51085 10.2174
      vertex -10.5168 -9.51085 10.1547
    endloop
  endfacet
  facet normal 0 -1 0
    outer loop
      vertex -10.5089 -9.51085 10.2174
      vertex -3.39129 -9.51085 10.1547
      vertex -3.39129 -9.51085 10.8453
    endloop
  endfacet
  facet normal 0 -0.968582 0.248693
    outer loop
      vertex -23 -9.76919 8.80041
      vertex -19.3722 -9.59742 9.4694
      vertex -23 -9.59742 9.4694
    endloop
  endfacet
  facet normal -6.94773e-07 -0.968581 0.248697
    outer loop
      vertex -19.3722 -9.59742 9.4694
      vertex -23 -9.76919 8.80041
      vertex -19.2798 -9.68985 9.10942
    endloop
  endfacet
  facet normal 0 -0.968583 0.248689
    outer loop
      vertex -19.2798 -9.68985 9.10942
      vertex -23 -9.76919 8.80041
      vertex -19.1574 -9.76919 8.80041
    endloop
  endfacet
  facet normal 3.83049e-07 -0.968581 0.248697
    outer loop
      vertex -3.90797 -9.76919 8.80041
      vertex -10.6278 -9.59742 9.4694
      vertex -10.7202 -9.68985 9.10942
    endloop
  endfacet
  facet normal 0 -0.968583 0.248689
    outer loop
      vertex -3.90797 -9.76919 8.80041
      vertex -10.7202 -9.68985 9.10942
      vertex -10.8426 -9.76919 8.80041
    endloop
  endfacet
  facet normal 0 -0.968582 0.248693
    outer loop
      vertex -10.6278 -9.59742 9.4694
      vertex -3.90797 -9.76919 8.80041
      vertex -3.56443 -9.59742 9.4694
    endloop
  endfacet
  facet normal 0 -0.809001 0.587807
    outer loop
      vertex -23 -10.7622 6.99417
      vertex -18.3935 -10.3562 7.55295
      vertex -23 -10.3562 7.55295
    endloop
  endfacet
  facet normal -5.98637e-06 -0.808978 0.587839
    outer loop
      vertex -18.3935 -10.3562 7.55295
      vertex -23 -10.7622 6.99417
      vertex -18.0805 -10.5984 7.21964
    endloop
  endfacet
  facet normal 0 -0.80904 0.587753
    outer loop
      vertex -18.0805 -10.5984 7.21964
      vertex -23 -10.7622 6.99417
      vertex -17.8079 -10.7622 6.99417
    endloop
  endfacet
  facet normal 4.9248e-06 -0.808978 0.58784
    outer loop
      vertex -5.89394 -10.7622 6.99417
      vertex -11.6065 -10.3562 7.55295
      vertex -11.9195 -10.5984 7.21964
    endloop
  endfacet
  facet normal 0 -0.80904 0.587753
    outer loop
      vertex -5.89394 -10.7622 6.99417
      vertex -11.9195 -10.5984 7.21964
      vertex -12.1921 -10.7622 6.99417
    endloop
  endfacet
  facet normal 0 -0.809001 0.587807
    outer loop
      vertex -11.6065 -10.3562 7.55295
      vertex -5.89394 -10.7622 6.99417
      vertex -5.08198 -10.3562 7.55295
    endloop
  endfacet
  facet normal 0 -0.308965 -0.951073
    outer loop
      vertex -23 -12.9753 15.6138
      vertex -11.634 -13.6322 15.8272
      vertex -23 -13.6322 15.8272
    endloop
  endfacet
  facet normal 0 -0.308965 -0.951073
    outer loop
      vertex -11.634 -13.6322 15.8272
      vertex -23 -12.9753 15.6138
      vertex -10.3202 -12.9753 15.6138
    endloop
  endfacet
  facet normal 0 -0.187338 -0.982295
    outer loop
      vertex -23 -13.6322 15.8272
      vertex -12.9909 -14.3107 15.9566
      vertex -23 -14.3107 15.9566
    endloop
  endfacet
  facet normal 0 -0.187338 -0.982295
    outer loop
      vertex -12.9909 -14.3107 15.9566
      vertex -23 -13.6322 15.8272
      vertex -11.634 -13.6322 15.8272
    endloop
  endfacet
  facet normal 0 -0.535817 -0.844334
    outer loop
      vertex -9.0703 -12.3504 15.3197
      vertex -14.3578 -11.7672 14.9496
      vertex -7.90395 -11.7672 14.9496
    endloop
  endfacet
  facet normal 3.81323e-05 -0.53557 -0.844491
    outer loop
      vertex -9.0703 -12.3504 15.3197
      vertex -14.436 -11.7907 14.9645
      vertex -14.3578 -11.7672 14.9496
    endloop
  endfacet
  facet normal -1.87469e-05 -0.535959 -0.844244
    outer loop
      vertex -9.0703 -12.3504 15.3197
      vertex -15 -11.8466 15
      vertex -14.436 -11.7907 14.9645
    endloop
  endfacet
  facet normal 0 -0.535801 -0.844344
    outer loop
      vertex -23 -12.3504 15.3197
      vertex -15 -11.8466 15
      vertex -9.0703 -12.3504 15.3197
    endloop
  endfacet
  facet normal 1.57801e-05 -0.53598 -0.844231
    outer loop
      vertex -23 -12.3504 15.3197
      vertex -15.564 -11.7907 14.9645
      vertex -15 -11.8466 15
    endloop
  endfacet
  facet normal -2.96426e-05 -0.53555 -0.844504
    outer loop
      vertex -23 -12.3504 15.3197
      vertex -15.6422 -11.7672 14.9496
      vertex -15.564 -11.7907 14.9645
    endloop
  endfacet
  facet normal -0 -0.535817 -0.844334
    outer loop
      vertex -15.6422 -11.7672 14.9496
      vertex -23 -12.3504 15.3197
      vertex -23 -11.7672 14.9496
    endloop
  endfacet
  facet normal 0 -0.968581 -0.248697
    outer loop
      vertex -23 -9.76919 12.1996
      vertex -19.2798 -9.68985 11.8906
      vertex -19.1574 -9.76919 12.1996
    endloop
  endfacet
  facet normal -0 -0.968583 -0.24869
    outer loop
      vertex -19.3722 -9.59742 11.5306
      vertex -23 -9.76919 12.1996
      vertex -23 -9.59742 11.5306
    endloop
  endfacet
  facet normal 1.08343e-06 -0.968585 -0.248684
    outer loop
      vertex -23 -9.76919 12.1996
      vertex -19.3722 -9.59742 11.5306
      vertex -19.2798 -9.68985 11.8906
    endloop
  endfacet
  facet normal 0 -0.968581 -0.248697
    outer loop
      vertex -10.7202 -9.68985 11.8906
      vertex -3.90797 -9.76919 12.1996
      vertex -10.8426 -9.76919 12.1996
    endloop
  endfacet
  facet normal -5.97324e-07 -0.968585 -0.248684
    outer loop
      vertex -10.6278 -9.59742 11.5306
      vertex -3.90797 -9.76919 12.1996
      vertex -10.7202 -9.68985 11.8906
    endloop
  endfacet
  facet normal 0 -0.968583 -0.24869
    outer loop
      vertex -3.90797 -9.76919 12.1996
      vertex -10.6278 -9.59742 11.5306
      vertex -3.56443 -9.59742 11.5306
    endloop
  endfacet
  facet normal 0 -0.808953 -0.587873
    outer loop
      vertex -23 -10.7622 14.0058
      vertex -18.0805 -10.5984 13.7804
      vertex -17.8079 -10.7622 14.0058
    endloop
  endfacet
  facet normal -0 -0.809011 -0.587793
    outer loop
      vertex -18.3935 -10.3562 13.447
      vertex -23 -10.7622 14.0058
      vertex -23 -10.3562 13.447
    endloop
  endfacet
  facet normal 9.00459e-06 -0.809047 -0.587744
    outer loop
      vertex -23 -10.7622 14.0058
      vertex -18.3935 -10.3562 13.447
      vertex -18.0805 -10.5984 13.7804
    endloop
  endfacet
  facet normal 0 -0.808953 -0.587873
    outer loop
      vertex -11.9195 -10.5984 13.7804
      vertex -5.89394 -10.7622 14.0058
      vertex -12.1921 -10.7622 14.0058
    endloop
  endfacet
  facet normal -7.40778e-06 -0.809047 -0.587743
    outer loop
      vertex -11.6065 -10.3562 13.447
      vertex -5.89394 -10.7622 14.0058
      vertex -11.9195 -10.5984 13.7804
    endloop
  endfacet
  facet normal 0 -0.809011 -0.587793
    outer loop
      vertex -5.89394 -10.7622 14.0058
      vertex -11.6065 -10.3562 13.447
      vertex -5.08198 -10.3562 13.447
    endloop
  endfacet
  facet normal 0 -0.876357 -0.481662
    outer loop
      vertex -23 -10.3562 13.447
      vertex -18.4673 -10.313 13.3684
      vertex -18.3935 -10.3562 13.447
    endloop
  endfacet
  facet normal -3.75818e-06 -0.876266 -0.481828
    outer loop
      vertex -23 -10.3562 13.447
      vertex -18.7995 -10.0616 12.9112
      vertex -18.4673 -10.313 13.3684
    endloop
  endfacet
  facet normal -0 -0.876314 -0.481741
    outer loop
      vertex -18.8376 -10.0235 12.8418
      vertex -23 -10.3562 13.447
      vertex -23 -10.0235 12.8418
    endloop
  endfacet
  facet normal 8.78455e-05 -0.876569 -0.481277
    outer loop
      vertex -23 -10.3562 13.447
      vertex -18.8376 -10.0235 12.8418
      vertex -18.7995 -10.0616 12.9112
    endloop
  endfacet
  facet normal 0 -0.876357 -0.481662
    outer loop
      vertex -11.5327 -10.313 13.3684
      vertex -5.08198 -10.3562 13.447
      vertex -11.6065 -10.3562 13.447
    endloop
  endfacet
  facet normal 2.65055e-06 -0.876265 -0.481829
    outer loop
      vertex -11.2005 -10.0616 12.9112
      vertex -5.08198 -10.3562 13.447
      vertex -11.5327 -10.313 13.3684
    endloop
  endfacet
  facet normal -6.15715e-05 -0.876575 -0.481266
    outer loop
      vertex -11.1624 -10.0235 12.8418
      vertex -5.08198 -10.3562 13.447
      vertex -11.2005 -10.0616 12.9112
    endloop
  endfacet
  facet normal 0 -0.876314 -0.481741
    outer loop
      vertex -5.08198 -10.3562 13.447
      vertex -11.1624 -10.0235 12.8418
      vertex -4.41649 -10.0235 12.8418
    endloop
  endfacet
  facet normal 0 -0.0627947 0.998026
    outer loop
      vertex -23 -14.3107 5.04337
      vertex -14.3696 -15 5
      vertex -12.9909 -14.3107 5.04337
    endloop
  endfacet
  facet normal 0 -0.0627947 0.998026
    outer loop
      vertex -14.3696 -15 5
      vertex -23 -14.3107 5.04337
      vertex -23 -15 5
    endloop
  endfacet
  facet normal -0 0.309017 0.951056
    outer loop
      vertex -23 -16.3678 5.17279
      vertex -18.419 -17.0247 5.38623
      vertex -17.1052 -16.3678 5.17279
    endloop
  endfacet
  facet normal 0 0.309017 0.951056
    outer loop
      vertex -18.419 -17.0247 5.38623
      vertex -23 -16.3678 5.17279
      vertex -23 -17.0247 5.38623
    endloop
  endfacet
  facet normal 0 0.062838 -0.998024
    outer loop
      vertex -23 -15 16
      vertex -15.7483 -15.6893 15.9566
      vertex -23 -15.6893 15.9566
    endloop
  endfacet
  facet normal 0 0.062838 -0.998024
    outer loop
      vertex -15.7483 -15.6893 15.9566
      vertex -23 -15 16
      vertex -14.3696 -15 16
    endloop
  endfacet
  facet normal 0 0.425832 -0.904802
    outer loop
      vertex -23 -17.0247 15.6138
      vertex -19.6689 -17.6496 15.3197
      vertex -23 -17.6496 15.3197
    endloop
  endfacet
  facet normal 0 0.425832 -0.904802
    outer loop
      vertex -19.6689 -17.6496 15.3197
      vertex -23 -17.0247 15.6138
      vertex -18.419 -17.0247 15.6138
    endloop
  endfacet
  facet normal -0 0.187366 0.98229
    outer loop
      vertex -23 -15.6893 5.04337
      vertex -17.1052 -16.3678 5.17279
      vertex -15.7483 -15.6893 5.04337
    endloop
  endfacet
  facet normal 0 0.187366 0.98229
    outer loop
      vertex -17.1052 -16.3678 5.17279
      vertex -23 -15.6893 5.04337
      vertex -23 -16.3678 5.17279
    endloop
  endfacet
  facet normal -0 0.728982 0.684533
    outer loop
      vertex -23 -18.765 6.49067
      vertex -22.8452 -19.2378 6.99417
      vertex -21.8996 -18.765 6.49067
    endloop
  endfacet
  facet normal 0 0.728982 0.684533
    outer loop
      vertex -22.8452 -19.2378 6.99417
      vertex -23 -18.765 6.49067
      vertex -23 -19.2378 6.99417
    endloop
  endfacet
  facet normal -0 0.637412 0.770523
    outer loop
      vertex -23 -18.2328 6.05041
      vertex -21.8996 -18.765 6.49067
      vertex -20.8352 -18.2328 6.05041
    endloop
  endfacet
  facet normal 0 0.637412 0.770523
    outer loop
      vertex -21.8996 -18.765 6.49067
      vertex -23 -18.2328 6.05041
      vertex -23 -18.765 6.49067
    endloop
  endfacet
  facet normal -0 0.535817 0.844334
    outer loop
      vertex -23 -17.6496 5.68031
      vertex -20.8352 -18.2328 6.05041
      vertex -19.6689 -17.6496 5.68031
    endloop
  endfacet
  facet normal 0 0.535817 0.844334
    outer loop
      vertex -20.8352 -18.2328 6.05041
      vertex -23 -17.6496 5.68031
      vertex -23 -18.2328 6.05041
    endloop
  endfacet
  facet normal 0 0.308965 -0.951073
    outer loop
      vertex -23 -16.3678 15.8272
      vertex -18.419 -17.0247 15.6138
      vertex -23 -17.0247 15.6138
    endloop
  endfacet
  facet normal 0 0.308965 -0.951073
    outer loop
      vertex -18.419 -17.0247 15.6138
      vertex -23 -16.3678 15.8272
      vertex -17.1052 -16.3678 15.8272
    endloop
  endfacet
  facet normal 0 0.187338 -0.982295
    outer loop
      vertex -23 -15.6893 15.9566
      vertex -17.1052 -16.3678 15.8272
      vertex -23 -16.3678 15.8272
    endloop
  endfacet
  facet normal 0 0.187338 -0.982295
    outer loop
      vertex -17.1052 -16.3678 15.8272
      vertex -23 -15.6893 15.9566
      vertex -15.7483 -15.6893 15.9566
    endloop
  endfacet
  facet normal 0 0.808959 0.587865
    outer loop
      vertex -22.8452 -19.2378 6.99417
      vertex -23 -19.2378 6.99417
      vertex -23 -19.3152 7.10068
    endloop
  endfacet
  facet normal 0 0.637446 -0.770495
    outer loop
      vertex -23 -18.2328 14.9496
      vertex -21.8996 -18.765 14.5093
      vertex -23 -18.765 14.5093
    endloop
  endfacet
  facet normal 0 0.637446 -0.770495
    outer loop
      vertex -21.8996 -18.765 14.5093
      vertex -23 -18.2328 14.9496
      vertex -20.8352 -18.2328 14.9496
    endloop
  endfacet
  facet normal 0 0.728982 -0.684533
    outer loop
      vertex -22.8452 -19.2378 14.0058
      vertex -23 -18.765 14.5093
      vertex -21.8996 -18.765 14.5093
    endloop
  endfacet
  facet normal 0 0.728982 -0.684533
    outer loop
      vertex -23 -18.765 14.5093
      vertex -22.8452 -19.2378 14.0058
      vertex -23 -19.2378 14.0058
    endloop
  endfacet
  facet normal 0 0.535817 -0.844334
    outer loop
      vertex -23 -17.6496 15.3197
      vertex -20.8352 -18.2328 14.9496
      vertex -23 -18.2328 14.9496
    endloop
  endfacet
  facet normal 0 0.535817 -0.844334
    outer loop
      vertex -20.8352 -18.2328 14.9496
      vertex -23 -17.6496 15.3197
      vertex -19.6689 -17.6496 15.3197
    endloop
  endfacet
  facet normal 0 0.808933 -0.587901
    outer loop
      vertex -23 -19.2378 14.0058
      vertex -22.8452 -19.2378 14.0058
      vertex -23 -19.3152 13.8993
    endloop
  endfacet
  facet normal 0 -0.0627712 0.998028
    outer loop
      vertex -37 -14.6553 7.77168
      vertex -27.2 -15 7.75
      vertex -27.2 -14.6553 7.77168
    endloop
  endfacet
  facet normal 0 -0.0627712 0.998028
    outer loop
      vertex -27.2 -15 7.75
      vertex -37 -14.6553 7.77168
      vertex -37 -15 7.75
    endloop
  endfacet
  facet normal 0 -0.0628289 -0.998024
    outer loop
      vertex -37 -15 13.25
      vertex -27.2 -14.6553 13.2283
      vertex -27.2 -15 13.25
    endloop
  endfacet
  facet normal -0 -0.0628289 -0.998024
    outer loop
      vertex -27.2 -14.6553 13.2283
      vertex -37 -15 13.25
      vertex -37 -14.6553 13.2283
    endloop
  endfacet
  facet normal 0 -1 0
    outer loop
      vertex -37 -12.2554 10.3273
      vertex -27.2 -12.2554 10.6727
      vertex -37 -12.2554 10.6727
    endloop
  endfacet
  facet normal 0 -1 -0
    outer loop
      vertex -27.2 -12.2554 10.6727
      vertex -37 -12.2554 10.3273
      vertex -27.2 -12.2554 10.3273
    endloop
  endfacet
  facet normal 0 -0.728968 0.684548
    outer loop
      vertex -37 -13.1175 8.49534
      vertex -27.2 -12.8811 8.74708
      vertex -37 -12.8811 8.74708
    endloop
  endfacet
  facet normal 0 -0.728968 0.684548
    outer loop
      vertex -27.2 -12.8811 8.74708
      vertex -37 -13.1175 8.49534
      vertex -27.2 -13.1175 8.49534
    endloop
  endfacet
  facet normal 0 -0.729049 -0.684461
    outer loop
      vertex -37 -12.8811 12.2529
      vertex -27.2 -13.1175 12.5047
      vertex -37 -13.1175 12.5047
    endloop
  endfacet
  facet normal 0 -0.729049 -0.684461
    outer loop
      vertex -27.2 -13.1175 12.5047
      vertex -37 -12.8811 12.2529
      vertex -27.2 -12.8811 12.2529
    endloop
  endfacet
  facet normal 0 -0.929809 -0.368043
    outer loop
      vertex -37 -12.3846 11.3498
      vertex -27.2 -12.5117 11.6709
      vertex -37 -12.5117 11.6709
    endloop
  endfacet
  facet normal 0 -0.929809 -0.368043
    outer loop
      vertex -27.2 -12.5117 11.6709
      vertex -37 -12.3846 11.3498
      vertex -27.2 -12.3846 11.3498
    endloop
  endfacet
  facet normal 0 -0.425752 0.90484
    outer loop
      vertex -37 -13.6752 8.09016
      vertex -27.2 -13.9877 7.94312
      vertex -27.2 -13.6752 8.09016
    endloop
  endfacet
  facet normal 0 -0.425752 0.90484
    outer loop
      vertex -27.2 -13.9877 7.94312
      vertex -37 -13.6752 8.09016
      vertex -37 -13.9877 7.94312
    endloop
  endfacet
  facet normal 0 -0.929805 0.368053
    outer loop
      vertex -37 -12.5117 9.32911
      vertex -27.2 -12.3846 9.6502
      vertex -37 -12.3846 9.6502
    endloop
  endfacet
  facet normal 0 -0.929805 0.368053
    outer loop
      vertex -27.2 -12.3846 9.6502
      vertex -37 -12.5117 9.32911
      vertex -27.2 -12.5117 9.32911
    endloop
  endfacet
  facet normal 0 -0.809011 0.587793
    outer loop
      vertex -37 -12.8811 8.74708
      vertex -27.2 -12.6781 9.02648
      vertex -37 -12.6781 9.02648
    endloop
  endfacet
  facet normal 0 -0.809011 0.587793
    outer loop
      vertex -27.2 -12.6781 9.02648
      vertex -37 -12.8811 8.74708
      vertex -27.2 -12.8811 8.74708
    endloop
  endfacet
  facet normal 0 -0.535713 -0.8444
    outer loop
      vertex -37 -13.6752 12.9098
      vertex -27.2 -13.3836 12.7248
      vertex -27.2 -13.6752 12.9098
    endloop
  endfacet
  facet normal -0 -0.535713 -0.8444
    outer loop
      vertex -27.2 -13.3836 12.7248
      vertex -37 -13.6752 12.9098
      vertex -37 -13.3836 12.7248
    endloop
  endfacet
  facet normal 0 -0.63736 -0.770566
    outer loop
      vertex -37 -13.3836 12.7248
      vertex -27.2 -13.1175 12.5047
      vertex -27.2 -13.3836 12.7248
    endloop
  endfacet
  facet normal -0 -0.63736 -0.770566
    outer loop
      vertex -27.2 -13.1175 12.5047
      vertex -37 -13.3836 12.7248
      vertex -37 -13.1175 12.5047
    endloop
  endfacet
  facet normal 0 -0.187365 -0.98229
    outer loop
      vertex -37 -14.6553 13.2283
      vertex -27.2 -14.3161 13.1636
      vertex -27.2 -14.6553 13.2283
    endloop
  endfacet
  facet normal -0 -0.187365 -0.98229
    outer loop
      vertex -27.2 -14.3161 13.1636
      vertex -37 -14.6553 13.2283
      vertex -37 -14.3161 13.1636
    endloop
  endfacet
  facet normal 0 -0.876253 -0.481852
    outer loop
      vertex -37 -12.5117 11.6709
      vertex -27.2 -12.6781 11.9735
      vertex -37 -12.6781 11.9735
    endloop
  endfacet
  facet normal 0 -0.876253 -0.481852
    outer loop
      vertex -27.2 -12.6781 11.9735
      vertex -37 -12.5117 11.6709
      vertex -27.2 -12.5117 11.6709
    endloop
  endfacet
  facet normal 0 -0.992108 -0.125389
    outer loop
      vertex -37 -12.2554 10.6727
      vertex -27.2 -12.2987 11.0153
      vertex -37 -12.2987 11.0153
    endloop
  endfacet
  facet normal 0 -0.992108 -0.125389
    outer loop
      vertex -27.2 -12.2987 11.0153
      vertex -37 -12.2554 10.6727
      vertex -27.2 -12.2554 10.6727
    endloop
  endfacet
  facet normal -0 0.637429 0.770509
    outer loop
      vertex -37 -16.6164 8.2752
      vertex -27.2 -16.8825 8.49534
      vertex -27.2 -16.6164 8.2752
    endloop
  endfacet
  facet normal 0 0.637429 0.770509
    outer loop
      vertex -27.2 -16.8825 8.49534
      vertex -37 -16.6164 8.2752
      vertex -37 -16.8825 8.49534
    endloop
  endfacet
  facet normal 0 0.968432 -0.249278
    outer loop
      vertex -27.2 -17.6154 11.3498
      vertex -36.9606 -17.6267 11.3059
      vertex -36.9613 -17.6154 11.3498
    endloop
  endfacet
  facet normal 0 0.968573 -0.248731
    outer loop
      vertex -36.9463 -17.7013 11.0153
      vertex -27.2 -17.6154 11.3498
      vertex -27.2 -17.7013 11.0153
    endloop
  endfacet
  facet normal -3.01805e-06 0.968594 -0.248648
    outer loop
      vertex -27.2 -17.6154 11.3498
      vertex -36.9463 -17.7013 11.0153
      vertex -36.9606 -17.6267 11.3059
    endloop
  endfacet
  facet normal 0 0.992108 0.125389
    outer loop
      vertex -27.2 -17.7013 9.9847
      vertex -36.9381 -17.7446 10.3273
      vertex -27.2 -17.7446 10.3273
    endloop
  endfacet
  facet normal 0 0.992108 0.125389
    outer loop
      vertex -36.9381 -17.7446 10.3273
      vertex -27.2 -17.7013 9.9847
      vertex -36.9463 -17.7013 9.9847
    endloop
  endfacet
  facet normal 0 -0.30906 0.951043
    outer loop
      vertex -37 -13.9877 7.94312
      vertex -27.2 -14.3161 7.8364
      vertex -27.2 -13.9877 7.94312
    endloop
  endfacet
  facet normal 0 -0.30906 0.951043
    outer loop
      vertex -27.2 -14.3161 7.8364
      vertex -37 -13.9877 7.94312
      vertex -37 -14.3161 7.8364
    endloop
  endfacet
  facet normal 0 -0.187421 0.98228
    outer loop
      vertex -37 -14.3161 7.8364
      vertex -27.2 -14.6553 7.77168
      vertex -27.2 -14.3161 7.8364
    endloop
  endfacet
  facet normal 0 -0.187421 0.98228
    outer loop
      vertex -27.2 -14.6553 7.77168
      vertex -37 -14.3161 7.8364
      vertex -37 -14.6553 7.77168
    endloop
  endfacet
  facet normal 0 -0.637429 0.770509
    outer loop
      vertex -37 -13.1175 8.49534
      vertex -27.2 -13.3836 8.2752
      vertex -27.2 -13.1175 8.49534
    endloop
  endfacet
  facet normal 0 -0.637429 0.770509
    outer loop
      vertex -27.2 -13.3836 8.2752
      vertex -37 -13.1175 8.49534
      vertex -37 -13.3836 8.2752
    endloop
  endfacet
  facet normal 0 -0.535796 0.844348
    outer loop
      vertex -37 -13.3836 8.2752
      vertex -27.2 -13.6752 8.09016
      vertex -27.2 -13.3836 8.2752
    endloop
  endfacet
  facet normal 0 -0.535796 0.844348
    outer loop
      vertex -27.2 -13.6752 8.09016
      vertex -37 -13.3836 8.2752
      vertex -37 -13.6752 8.09016
    endloop
  endfacet
  facet normal 0 -0.968573 0.248731
    outer loop
      vertex -37 -12.3846 9.6502
      vertex -27.2 -12.2987 9.9847
      vertex -37 -12.2987 9.9847
    endloop
  endfacet
  facet normal 0 -0.968573 0.248731
    outer loop
      vertex -27.2 -12.2987 9.9847
      vertex -37 -12.3846 9.6502
      vertex -27.2 -12.3846 9.6502
    endloop
  endfacet
  facet normal 0 -0.992108 0.125389
    outer loop
      vertex -37 -12.2987 9.9847
      vertex -27.2 -12.2554 10.3273
      vertex -37 -12.2554 10.3273
    endloop
  endfacet
  facet normal 0 -0.992108 0.125389
    outer loop
      vertex -27.2 -12.2554 10.3273
      vertex -37 -12.2987 9.9847
      vertex -27.2 -12.2987 9.9847
    endloop
  endfacet
  facet normal 0 -0.876273 0.481815
    outer loop
      vertex -37 -12.6781 9.02648
      vertex -27.2 -12.5117 9.32911
      vertex -37 -12.5117 9.32911
    endloop
  endfacet
  facet normal 0 -0.876273 0.481815
    outer loop
      vertex -27.2 -12.5117 9.32911
      vertex -37 -12.6781 9.02648
      vertex -27.2 -12.6781 9.02648
    endloop
  endfacet
  facet normal 0 -0.425895 -0.904773
    outer loop
      vertex -37 -13.9877 13.0569
      vertex -27.2 -13.6752 12.9098
      vertex -27.2 -13.9877 13.0569
    endloop
  endfacet
  facet normal -0 -0.425895 -0.904773
    outer loop
      vertex -27.2 -13.6752 12.9098
      vertex -37 -13.9877 13.0569
      vertex -37 -13.6752 12.9098
    endloop
  endfacet
  facet normal 0 -0.309007 -0.95106
    outer loop
      vertex -37 -14.3161 13.1636
      vertex -27.2 -13.9877 13.0569
      vertex -27.2 -14.3161 13.1636
    endloop
  endfacet
  facet normal -0 -0.309007 -0.95106
    outer loop
      vertex -27.2 -13.9877 13.0569
      vertex -37 -14.3161 13.1636
      vertex -37 -13.9877 13.0569
    endloop
  endfacet
  facet normal 0 -0.968573 -0.248731
    outer loop
      vertex -37 -12.2987 11.0153
      vertex -27.2 -12.3846 11.3498
      vertex -37 -12.3846 11.3498
    endloop
  endfacet
  facet normal 0 -0.968573 -0.248731
    outer loop
      vertex -27.2 -12.3846 11.3498
      vertex -37 -12.2987 11.0153
      vertex -27.2 -12.2987 11.0153
    endloop
  endfacet
  facet normal -0 0.0627712 0.998028
    outer loop
      vertex -37 -15 7.75
      vertex -27.2 -15.3447 7.77168
      vertex -27.2 -15 7.75
    endloop
  endfacet
  facet normal 0 0.0627712 0.998028
    outer loop
      vertex -27.2 -15.3447 7.77168
      vertex -37 -15 7.75
      vertex -37 -15.3447 7.77168
    endloop
  endfacet
  facet normal 0 0.876273 0.481815
    outer loop
      vertex -27.2 -17.3219 9.02648
      vertex -36.9693 -17.4883 9.32911
      vertex -27.2 -17.4883 9.32911
    endloop
  endfacet
  facet normal 0 0.876273 0.481815
    outer loop
      vertex -36.9693 -17.4883 9.32911
      vertex -27.2 -17.3219 9.02648
      vertex -36.9797 -17.3219 9.02648
    endloop
  endfacet
  facet normal 0 0.0628289 -0.998024
    outer loop
      vertex -37 -15.3447 13.2283
      vertex -27.2 -15 13.25
      vertex -27.2 -15.3447 13.2283
    endloop
  endfacet
  facet normal 0 0.0628289 -0.998024
    outer loop
      vertex -27.2 -15 13.25
      vertex -37 -15.3447 13.2283
      vertex -37 -15 13.25
    endloop
  endfacet
  facet normal 0 0.309007 -0.95106
    outer loop
      vertex -37 -16.0123 13.0569
      vertex -27.2 -15.6839 13.1636
      vertex -27.2 -16.0123 13.0569
    endloop
  endfacet
  facet normal 0 0.309007 -0.95106
    outer loop
      vertex -27.2 -15.6839 13.1636
      vertex -37 -16.0123 13.0569
      vertex -37 -15.6839 13.1636
    endloop
  endfacet
  facet normal 0 0.929805 0.368053
    outer loop
      vertex -27.2 -17.4883 9.32911
      vertex -36.9613 -17.6154 9.6502
      vertex -27.2 -17.6154 9.6502
    endloop
  endfacet
  facet normal 0 0.929805 0.368053
    outer loop
      vertex -36.9613 -17.6154 9.6502
      vertex -27.2 -17.4883 9.32911
      vertex -36.9693 -17.4883 9.32911
    endloop
  endfacet
  facet normal 0 0.968573 0.248731
    outer loop
      vertex -27.2 -17.6154 9.6502
      vertex -36.9463 -17.7013 9.9847
      vertex -27.2 -17.7013 9.9847
    endloop
  endfacet
  facet normal -4.19058e-06 0.968602 0.248616
    outer loop
      vertex -36.9463 -17.7013 9.9847
      vertex -27.2 -17.6154 9.6502
      vertex -36.9606 -17.6267 9.69406
    endloop
  endfacet
  facet normal 0 0.968377 0.249491
    outer loop
      vertex -36.9606 -17.6267 9.69406
      vertex -27.2 -17.6154 9.6502
      vertex -36.9613 -17.6154 9.6502
    endloop
  endfacet
  facet normal 0 -0.809011 -0.587793
    outer loop
      vertex -37 -12.6781 11.9735
      vertex -27.2 -12.8811 12.2529
      vertex -37 -12.8811 12.2529
    endloop
  endfacet
  facet normal 0 -0.809011 -0.587793
    outer loop
      vertex -27.2 -12.8811 12.2529
      vertex -37 -12.6781 11.9735
      vertex -27.2 -12.6781 11.9735
    endloop
  endfacet
  facet normal -0 0.30906 0.951043
    outer loop
      vertex -37 -15.6839 7.8364
      vertex -27.2 -16.0123 7.94312
      vertex -27.2 -15.6839 7.8364
    endloop
  endfacet
  facet normal 0 0.30906 0.951043
    outer loop
      vertex -27.2 -16.0123 7.94312
      vertex -37 -15.6839 7.8364
      vertex -37 -16.0123 7.94312
    endloop
  endfacet
  facet normal -0 0.187421 0.98228
    outer loop
      vertex -37 -15.3447 7.77168
      vertex -27.2 -15.6839 7.8364
      vertex -27.2 -15.3447 7.77168
    endloop
  endfacet
  facet normal 0 0.187421 0.98228
    outer loop
      vertex -27.2 -15.6839 7.8364
      vertex -37 -15.3447 7.77168
      vertex -37 -15.6839 7.8364
    endloop
  endfacet
  facet normal -0 0.425752 0.90484
    outer loop
      vertex -37 -16.0123 7.94312
      vertex -27.2 -16.3248 8.09016
      vertex -27.2 -16.0123 7.94312
    endloop
  endfacet
  facet normal 0 0.425752 0.90484
    outer loop
      vertex -27.2 -16.3248 8.09016
      vertex -37 -16.0123 7.94312
      vertex -37 -16.3248 8.09016
    endloop
  endfacet
  facet normal -0 0.535796 0.844348
    outer loop
      vertex -37 -16.3248 8.09016
      vertex -27.2 -16.6164 8.2752
      vertex -27.2 -16.3248 8.09016
    endloop
  endfacet
  facet normal 0 0.535796 0.844348
    outer loop
      vertex -27.2 -16.6164 8.2752
      vertex -37 -16.3248 8.09016
      vertex -37 -16.6164 8.2752
    endloop
  endfacet
  facet normal 0 1 -0
    outer loop
      vertex -27.2 -17.7446 10.3273
      vertex -36.9381 -17.7446 10.6727
      vertex -27.2 -17.7446 10.6727
    endloop
  endfacet
  facet normal 0 1 0
    outer loop
      vertex -36.9381 -17.7446 10.6727
      vertex -27.2 -17.7446 10.3273
      vertex -36.9381 -17.7446 10.3273
    endloop
  endfacet
  facet normal 0 0.929809 -0.368043
    outer loop
      vertex -36.9613 -17.6154 11.3498
      vertex -27.2 -17.4883 11.6709
      vertex -27.2 -17.6154 11.3498
    endloop
  endfacet
  facet normal 0 0.929809 -0.368043
    outer loop
      vertex -27.2 -17.4883 11.6709
      vertex -36.9613 -17.6154 11.3498
      vertex -36.9693 -17.4883 11.6709
    endloop
  endfacet
  facet normal 0 0.63736 -0.770566
    outer loop
      vertex -37 -16.8825 12.5047
      vertex -27.2 -16.6164 12.7248
      vertex -27.2 -16.8825 12.5047
    endloop
  endfacet
  facet normal 0 0.63736 -0.770566
    outer loop
      vertex -27.2 -16.6164 12.7248
      vertex -37 -16.8825 12.5047
      vertex -37 -16.6164 12.7248
    endloop
  endfacet
  facet normal 0 0.425895 -0.904773
    outer loop
      vertex -37 -16.3248 12.9098
      vertex -27.2 -16.0123 13.0569
      vertex -27.2 -16.3248 12.9098
    endloop
  endfacet
  facet normal 0 0.425895 -0.904773
    outer loop
      vertex -27.2 -16.0123 13.0569
      vertex -37 -16.3248 12.9098
      vertex -37 -16.0123 13.0569
    endloop
  endfacet
  facet normal 0 0.187365 -0.98229
    outer loop
      vertex -37 -15.6839 13.1636
      vertex -27.2 -15.3447 13.2283
      vertex -27.2 -15.6839 13.1636
    endloop
  endfacet
  facet normal 0 0.187365 -0.98229
    outer loop
      vertex -27.2 -15.3447 13.2283
      vertex -37 -15.6839 13.1636
      vertex -37 -15.3447 13.2283
    endloop
  endfacet
  facet normal 0 0.809011 0.587793
    outer loop
      vertex -27.2 -17.1189 8.74708
      vertex -36.9797 -17.3219 9.02648
      vertex -27.2 -17.3219 9.02648
    endloop
  endfacet
  facet normal 0 0.809011 0.587793
    outer loop
      vertex -36.9797 -17.3219 9.02648
      vertex -27.2 -17.1189 8.74708
      vertex -36.9925 -17.1189 8.74708
    endloop
  endfacet
  facet normal 0 0.992108 -0.125389
    outer loop
      vertex -36.9381 -17.7446 10.6727
      vertex -27.2 -17.7013 11.0153
      vertex -27.2 -17.7446 10.6727
    endloop
  endfacet
  facet normal 0 0.992108 -0.125389
    outer loop
      vertex -27.2 -17.7013 11.0153
      vertex -36.9381 -17.7446 10.6727
      vertex -36.9463 -17.7013 11.0153
    endloop
  endfacet
  facet normal 0 0.876253 -0.481852
    outer loop
      vertex -36.9693 -17.4883 11.6709
      vertex -27.2 -17.3219 11.9735
      vertex -27.2 -17.4883 11.6709
    endloop
  endfacet
  facet normal 0 0.876253 -0.481852
    outer loop
      vertex -27.2 -17.3219 11.9735
      vertex -36.9693 -17.4883 11.6709
      vertex -36.9797 -17.3219 11.9735
    endloop
  endfacet
  facet normal 0 0.535713 -0.8444
    outer loop
      vertex -37 -16.6164 12.7248
      vertex -27.2 -16.3248 12.9098
      vertex -27.2 -16.6164 12.7248
    endloop
  endfacet
  facet normal 0 0.535713 -0.8444
    outer loop
      vertex -27.2 -16.3248 12.9098
      vertex -37 -16.6164 12.7248
      vertex -37 -16.3248 12.9098
    endloop
  endfacet
  facet normal 0 0.728968 0.684548
    outer loop
      vertex -27.2 -16.8825 8.49534
      vertex -36.9925 -17.1189 8.74708
      vertex -27.2 -17.1189 8.74708
    endloop
  endfacet
  facet normal -0 0.728968 0.684548
    outer loop
      vertex -37 -16.8825 8.49534
      vertex -36.9925 -17.1189 8.74708
      vertex -27.2 -16.8825 8.49534
    endloop
  endfacet
  facet normal -0.000840505 0.728955 0.684561
    outer loop
      vertex -36.9925 -17.1189 8.74708
      vertex -37 -16.8825 8.49534
      vertex -37 -17 8.62046
    endloop
  endfacet
  facet normal 0 0.809011 -0.587793
    outer loop
      vertex -36.9797 -17.3219 11.9735
      vertex -27.2 -17.1189 12.2529
      vertex -27.2 -17.3219 11.9735
    endloop
  endfacet
  facet normal 0 0.809011 -0.587793
    outer loop
      vertex -27.2 -17.1189 12.2529
      vertex -36.9797 -17.3219 11.9735
      vertex -36.9925 -17.1189 12.2529
    endloop
  endfacet
  facet normal 0 0.729049 -0.684461
    outer loop
      vertex -36.9925 -17.1189 12.2529
      vertex -37 -16.8825 12.5047
      vertex -27.2 -16.8825 12.5047
    endloop
  endfacet
  facet normal 0 0.729049 -0.684461
    outer loop
      vertex -36.9925 -17.1189 12.2529
      vertex -27.2 -16.8825 12.5047
      vertex -27.2 -17.1189 12.2529
    endloop
  endfacet
  facet normal 0.00837084 0.729148 -0.684305
    outer loop
      vertex -37 -16.8825 12.5047
      vertex -36.9925 -17.1189 12.2529
      vertex -37 -17 12.3795
    endloop
  endfacet
  facet normal 0.547029 0.533594 0.645008
    outer loop
      vertex -27.2 -1.8825 8.49534
      vertex -23 -3.68479 6.42431
      vertex -23 -3.23282 6.05041
    endloop
  endfacet
  facet normal 0.547027 0.533613 0.644995
    outer loop
      vertex -27.2 -1.8825 8.49534
      vertex -23 -3.23282 6.05041
      vertex -27.2 -1.61641 8.2752
    endloop
  endfacet
  facet normal 0.547029 0.533578 0.645022
    outer loop
      vertex -23 -3.68479 6.42431
      vertex -27.2 -1.8825 8.49534
      vertex -23 -3.76501 6.49067
    endloop
  endfacet
  facet normal 0.547029 -0.0525639 0.835462
    outer loop
      vertex -23 0 5
      vertex -23 0.689332 5.04337
      vertex -27.2 0 7.75
    endloop
  endfacet
  facet normal 0.547028 -0.0525519 0.835463
    outer loop
      vertex -23 0.689332 5.04337
      vertex -27.2 0.344666 7.77168
      vertex -27.2 0 7.75
    endloop
  endfacet
  facet normal 0.547028 0.0525519 0.835463
    outer loop
      vertex -23 -0.689332 5.04337
      vertex -27.2 0 7.75
      vertex -27.2 -0.344666 7.77168
    endloop
  endfacet
  facet normal 0.547027 0.156833 -0.822292
    outer loop
      vertex -23 -0.689332 15.9566
      vertex -23 -1.36779 15.8272
      vertex -27.2 -0.344666 13.2283
    endloop
  endfacet
  facet normal 0.547029 -0.830514 -0.104914
    outer loop
      vertex -27.2 2.70129 11.0153
      vertex -23 5.48915 10.8453
      vertex -23 5.40258 11.5306
    endloop
  endfacet
  facet normal 0.547028 -0.830513 -0.104917
    outer loop
      vertex -23 5.48915 10.8453
      vertex -27.2 2.70129 11.0153
      vertex -27.2 2.74457 10.6727
    endloop
  endfacet
  facet normal 0.547028 0.830513 0.104917
    outer loop
      vertex -23 -5.48915 10.1547
      vertex -27.2 -2.70129 9.9847
      vertex -27.2 -2.74457 10.3273
    endloop
  endfacet
  facet normal 0.547029 0.830514 0.104914
    outer loop
      vertex -27.2 -2.70129 9.9847
      vertex -23 -5.48915 10.1547
      vertex -23 -5.40258 9.4694
    endloop
  endfacet
  facet normal 0.547029 0.258688 0.796141
    outer loop
      vertex -27.2 -1.01234 7.94312
      vertex -23 -1.36779 5.17279
      vertex -27.2 -0.683897 7.8364
    endloop
  endfacet
  facet normal 0.547029 0.258686 0.796141
    outer loop
      vertex -23 -1.36779 5.17279
      vertex -27.2 -1.01234 7.94312
      vertex -23 -2.02468 5.38623
    endloop
  endfacet
  facet normal 0.547029 0.0525639 0.835462
    outer loop
      vertex -23 -0.689332 5.04337
      vertex -23 0 5
      vertex -27.2 0 7.75
    endloop
  endfacet
  facet normal 0.547027 0.677247 -0.492034
    outer loop
      vertex -27.2 -2.11891 12.2529
      vertex -23 -4.23782 14.0058
      vertex -27.2 -2.3219 11.9735
    endloop
  endfacet
  facet normal 0.547028 0.448551 0.706797
    outer loop
      vertex -23 -3.23282 6.05041
      vertex -23 -2.64964 5.68031
      vertex -27.2 -1.61641 8.2752
    endloop
  endfacet
  facet normal 0.547031 0.778318 0.308186
    outer loop
      vertex -23 -4.97655 8.15821
      vertex -27.2 -2.48827 9.32911
      vertex -27.2 -2.61541 9.6502
    endloop
  endfacet
  facet normal 0.547029 0.733565 0.403288
    outer loop
      vertex -23 -4.97655 8.15821
      vertex -23 -4.6438 7.55295
      vertex -27.2 -2.3219 9.02648
    endloop
  endfacet
  facet normal 0.547036 0.35644 -0.757431
    outer loop
      vertex -27.2 -1.32482 12.9098
      vertex -23 -2.02468 15.6138
      vertex -23 -2.64964 15.3197
    endloop
  endfacet
  facet normal 0.547027 0.356542 -0.75739
    outer loop
      vertex -23 -2.02468 15.6138
      vertex -27.2 -1.32482 12.9098
      vertex -27.2 -1.01234 13.0569
    endloop
  endfacet
  facet normal 0.547029 0.810817 -0.20817
    outer loop
      vertex -27.2 -2.61541 11.3498
      vertex -23 -5.40258 11.5306
      vertex -27.2 -2.70129 11.0153
    endloop
  endfacet
  facet normal 0.547028 0.810815 -0.208182
    outer loop
      vertex -23 -5.23081 12.1996
      vertex -23 -5.40258 11.5306
      vertex -27.2 -2.61541 11.3498
    endloop
  endfacet
  facet normal 0.547028 -0.733549 -0.403319
    outer loop
      vertex -23 4.97655 12.8418
      vertex -23 4.6438 13.447
      vertex -27.2 2.3219 11.9735
    endloop
  endfacet
  facet normal 0.547028 -0.810815 -0.208182
    outer loop
      vertex -23 5.40258 11.5306
      vertex -23 5.23081 12.1996
      vertex -27.2 2.61541 11.3498
    endloop
  endfacet
  facet normal 0.547031 -0.533554 -0.645041
    outer loop
      vertex -27.2 1.8825 12.5047
      vertex -23 3.23282 14.9496
      vertex -27.2 1.61641 12.7248
    endloop
  endfacet
  facet normal 0.547023 -0.533623 -0.64499
    outer loop
      vertex -23 3.23282 14.9496
      vertex -27.2 1.8825 12.5047
      vertex -23 3.76501 14.5093
    endloop
  endfacet
  facet normal 0.547028 0.156856 0.822287
    outer loop
      vertex -23 -1.36779 5.17279
      vertex -23 -0.689332 5.04337
      vertex -27.2 -0.344666 7.77168
    endloop
  endfacet
  facet normal 0.547029 0.356422 0.757445
    outer loop
      vertex -27.2 -1.32482 8.09016
      vertex -23 -2.02468 5.38623
      vertex -27.2 -1.01234 7.94312
    endloop
  endfacet
  facet normal 0.547029 0.356422 0.757445
    outer loop
      vertex -23 -2.02468 5.38623
      vertex -27.2 -1.32482 8.09016
      vertex -23 -2.64964 5.68031
    endloop
  endfacet
  facet normal 0.547027 0.610218 0.573058
    outer loop
      vertex -23 -4.23782 6.99417
      vertex -27.2 -1.8825 8.49534
      vertex -27.2 -2.11891 8.74708
    endloop
  endfacet
  facet normal 0.54703 0.610234 0.573038
    outer loop
      vertex -23 -4.23782 6.99417
      vertex -23 -3.76501 6.49067
      vertex -27.2 -1.8825 8.49534
    endloop
  endfacet
  facet normal 0.547029 0.258642 -0.796155
    outer loop
      vertex -27.2 -1.01234 13.0569
      vertex -23 -1.36779 15.8272
      vertex -23 -2.02468 15.6138
    endloop
  endfacet
  facet normal 0.547029 0.258644 -0.796155
    outer loop
      vertex -23 -1.36779 15.8272
      vertex -27.2 -1.01234 13.0569
      vertex -27.2 -0.683897 13.1636
    endloop
  endfacet
  facet normal 0.547028 0.778331 -0.308157
    outer loop
      vertex -23 -4.97655 12.8418
      vertex -23 -5.23081 12.1996
      vertex -27.2 -2.61541 11.3498
    endloop
  endfacet
  facet normal 0.547029 0.830514 -0.104914
    outer loop
      vertex -23 -5.48915 10.8453
      vertex -27.2 -2.70129 11.0153
      vertex -23 -5.40258 11.5306
    endloop
  endfacet
  facet normal 0.547028 0.830513 -0.104917
    outer loop
      vertex -27.2 -2.70129 11.0153
      vertex -23 -5.48915 10.8453
      vertex -27.2 -2.74457 10.6727
    endloop
  endfacet
  facet normal 0.547029 0.733554 -0.403309
    outer loop
      vertex -27.2 -2.3219 11.9735
      vertex -23 -4.97655 12.8418
      vertex -27.2 -2.48827 11.6709
    endloop
  endfacet
  facet normal 0.547028 -0.677247 0.492034
    outer loop
      vertex -23 4.23782 6.99417
      vertex -27.2 2.3219 9.02648
      vertex -27.2 2.11891 8.74708
    endloop
  endfacet
  facet normal 0.54703 -0.837113 0
    outer loop
      vertex -27.2 2.74457 10.3273
      vertex -23 5.48915 10.8453
      vertex -27.2 2.74457 10.6727
    endloop
  endfacet
  facet normal 0.54703 -0.837113 0
    outer loop
      vertex -23 5.48915 10.8453
      vertex -27.2 2.74457 10.3273
      vertex -23 5.48915 10.1547
    endloop
  endfacet
  facet normal 0.547028 -0.448551 0.706797
    outer loop
      vertex -23 2.64964 5.68031
      vertex -23 3.23282 6.05041
      vertex -27.2 1.61641 8.2752
    endloop
  endfacet
  facet normal 0.547029 -0.810817 -0.20817
    outer loop
      vertex -27.2 2.70129 11.0153
      vertex -23 5.40258 11.5306
      vertex -27.2 2.61541 11.3498
    endloop
  endfacet
  facet normal 0.547028 -0.0526002 -0.83546
    outer loop
      vertex -23 0.689332 15.9566
      vertex -23 0 16
      vertex -27.2 0 13.25
    endloop
  endfacet
  facet normal 0.547029 -0.610285 -0.572984
    outer loop
      vertex -27.2 2.11891 12.2529
      vertex -23 4.23782 14.0058
      vertex -27.2 1.8825 12.5047
    endloop
  endfacet
  facet normal 0.547027 -0.677247 -0.492034
    outer loop
      vertex -23 4.6438 13.447
      vertex -23 4.23782 14.0058
      vertex -27.2 2.3219 11.9735
    endloop
  endfacet
  facet normal 0.547029 -0.44855 -0.706797
    outer loop
      vertex -23 3.23282 14.9496
      vertex -23 2.64964 15.3197
      vertex -27.2 1.61641 12.7248
    endloop
  endfacet
  facet normal 0.54703 0.156879 0.822282
    outer loop
      vertex -23 -1.36779 5.17279
      vertex -27.2 -0.344666 7.77168
      vertex -27.2 -0.683897 7.8364
    endloop
  endfacet
  facet normal 0.54703 0.448533 0.706807
    outer loop
      vertex -23 -2.64964 5.68031
      vertex -27.2 -1.32482 8.09016
      vertex -27.2 -1.61641 8.2752
    endloop
  endfacet
  facet normal 0.547029 0.677238 0.492045
    outer loop
      vertex -23 -4.6438 7.55295
      vertex -23 -4.23782 6.99417
      vertex -27.2 -2.3219 9.02648
    endloop
  endfacet
  facet normal 0.547028 0.677247 0.492034
    outer loop
      vertex -23 -4.23782 6.99417
      vertex -27.2 -2.11891 8.74708
      vertex -27.2 -2.3219 9.02648
    endloop
  endfacet
  facet normal 0.54703 0.73357 0.403278
    outer loop
      vertex -23 -4.97655 8.15821
      vertex -27.2 -2.3219 9.02648
      vertex -27.2 -2.48827 9.32911
    endloop
  endfacet
  facet normal 0.547028 0.810814 0.208185
    outer loop
      vertex -23 -5.40258 9.4694
      vertex -23 -5.23081 8.80041
      vertex -27.2 -2.61541 9.6502
    endloop
  endfacet
  facet normal 0.547028 0.778331 0.308157
    outer loop
      vertex -23 -5.23081 8.80041
      vertex -23 -4.97655 8.15821
      vertex -27.2 -2.61541 9.6502
    endloop
  endfacet
  facet normal 0.547029 0.810817 0.20817
    outer loop
      vertex -23 -5.40258 9.4694
      vertex -27.2 -2.61541 9.6502
      vertex -27.2 -2.70129 9.9847
    endloop
  endfacet
  facet normal 0.547023 0.610237 -0.573041
    outer loop
      vertex -23 -3.76501 14.5093
      vertex -23 -4.23782 14.0058
      vertex -27.2 -1.8825 12.5047
    endloop
  endfacet
  facet normal 0.547029 0.44855 -0.706797
    outer loop
      vertex -23 -2.64964 15.3197
      vertex -23 -3.23282 14.9496
      vertex -27.2 -1.61641 12.7248
    endloop
  endfacet
  facet normal 0.547027 0.156832 -0.822292
    outer loop
      vertex -27.2 -0.344666 13.2283
      vertex -23 -1.36779 15.8272
      vertex -27.2 -0.683897 13.1636
    endloop
  endfacet
  facet normal 0.547028 0.733549 -0.403319
    outer loop
      vertex -23 -4.6438 13.447
      vertex -23 -4.97655 12.8418
      vertex -27.2 -2.3219 11.9735
    endloop
  endfacet
  facet normal 0.547027 0.677247 -0.492034
    outer loop
      vertex -23 -4.23782 14.0058
      vertex -23 -4.6438 13.447
      vertex -27.2 -2.3219 11.9735
    endloop
  endfacet
  facet normal 0.54703 0.837113 0
    outer loop
      vertex -23 -5.48915 10.8453
      vertex -27.2 -2.74457 10.3273
      vertex -27.2 -2.74457 10.6727
    endloop
  endfacet
  facet normal 0.54703 0.837113 0
    outer loop
      vertex -27.2 -2.74457 10.3273
      vertex -23 -5.48915 10.8453
      vertex -23 -5.48915 10.1547
    endloop
  endfacet
  facet normal 0.54703 -0.73357 0.403278
    outer loop
      vertex -23 4.97655 8.15821
      vertex -27.2 2.48827 9.32911
      vertex -27.2 2.3219 9.02648
    endloop
  endfacet
  facet normal 0.547027 -0.610218 0.573058
    outer loop
      vertex -23 4.23782 6.99417
      vertex -27.2 2.11891 8.74708
      vertex -27.2 1.8825 8.49534
    endloop
  endfacet
  facet normal 0.547029 -0.356422 0.757445
    outer loop
      vertex -27.2 1.32482 8.09016
      vertex -23 2.02468 5.38623
      vertex -23 2.64964 5.68031
    endloop
  endfacet
  facet normal 0.547029 -0.356422 0.757445
    outer loop
      vertex -23 2.02468 5.38623
      vertex -27.2 1.32482 8.09016
      vertex -27.2 1.01234 7.94312
    endloop
  endfacet
  facet normal 0.547028 -0.156856 0.822287
    outer loop
      vertex -23 0.689332 5.04337
      vertex -23 1.36779 5.17279
      vertex -27.2 0.344666 7.77168
    endloop
  endfacet
  facet normal 0.547028 -0.778331 -0.308157
    outer loop
      vertex -23 5.23081 12.1996
      vertex -23 4.97655 12.8418
      vertex -27.2 2.61541 11.3498
    endloop
  endfacet
  facet normal 0.547027 -0.156833 -0.822292
    outer loop
      vertex -23 1.36779 15.8272
      vertex -23 0.689332 15.9566
      vertex -27.2 0.344666 13.2283
    endloop
  endfacet
  facet normal 0.547027 -0.156832 -0.822292
    outer loop
      vertex -27.2 0.683897 13.1636
      vertex -23 1.36779 15.8272
      vertex -27.2 0.344666 13.2283
    endloop
  endfacet
  facet normal 0.547029 -0.258644 -0.796155
    outer loop
      vertex -27.2 1.01234 13.0569
      vertex -23 1.36779 15.8272
      vertex -27.2 0.683897 13.1636
    endloop
  endfacet
  facet normal 0.547029 -0.258642 -0.796155
    outer loop
      vertex -23 1.36779 15.8272
      vertex -27.2 1.01234 13.0569
      vertex -23 2.02468 15.6138
    endloop
  endfacet
  facet normal 0.547023 -0.610237 -0.573041
    outer loop
      vertex -23 4.23782 14.0058
      vertex -23 3.76501 14.5093
      vertex -27.2 1.8825 12.5047
    endloop
  endfacet
  facet normal 0.547029 -0.733554 -0.403309
    outer loop
      vertex -27.2 2.48827 11.6709
      vertex -23 4.97655 12.8418
      vertex -27.2 2.3219 11.9735
    endloop
  endfacet
  facet normal 0.54703 -0.778322 -0.308178
    outer loop
      vertex -27.2 2.61541 11.3498
      vertex -23 4.97655 12.8418
      vertex -27.2 2.48827 11.6709
    endloop
  endfacet
  facet normal 0.547027 -0.677247 -0.492034
    outer loop
      vertex -27.2 2.3219 11.9735
      vertex -23 4.23782 14.0058
      vertex -27.2 2.11891 12.2529
    endloop
  endfacet
  facet normal 0.547027 -0.356542 -0.75739
    outer loop
      vertex -27.2 1.32482 12.9098
      vertex -23 2.02468 15.6138
      vertex -27.2 1.01234 13.0569
    endloop
  endfacet
  facet normal 0.547036 -0.35644 -0.757431
    outer loop
      vertex -23 2.02468 15.6138
      vertex -27.2 1.32482 12.9098
      vertex -23 2.64964 15.3197
    endloop
  endfacet
  facet normal 0.547038 0.448461 -0.706847
    outer loop
      vertex -27.2 -1.32482 12.9098
      vertex -23 -2.64964 15.3197
      vertex -27.2 -1.61641 12.7248
    endloop
  endfacet
  facet normal 0.547029 0.610285 -0.572984
    outer loop
      vertex -27.2 -1.8825 12.5047
      vertex -23 -4.23782 14.0058
      vertex -27.2 -2.11891 12.2529
    endloop
  endfacet
  facet normal 0.547029 0.533769 -0.644864
    outer loop
      vertex -27.2 -1.8825 12.5047
      vertex -23 -3.68479 14.5757
      vertex -23 -3.76501 14.5093
    endloop
  endfacet
  facet normal 0.547026 0.533596 -0.64501
    outer loop
      vertex -23 -3.68479 14.5757
      vertex -27.2 -1.8825 12.5047
      vertex -23 -3.23282 14.9496
    endloop
  endfacet
  facet normal 0.547031 0.533554 -0.645041
    outer loop
      vertex -23 -3.23282 14.9496
      vertex -27.2 -1.8825 12.5047
      vertex -27.2 -1.61641 12.7248
    endloop
  endfacet
  facet normal 0.54703 0.778322 -0.308178
    outer loop
      vertex -27.2 -2.48827 11.6709
      vertex -23 -4.97655 12.8418
      vertex -27.2 -2.61541 11.3498
    endloop
  endfacet
  facet normal 0.547028 -0.778331 0.308157
    outer loop
      vertex -23 4.97655 8.15821
      vertex -23 5.23081 8.80041
      vertex -27.2 2.61541 9.6502
    endloop
  endfacet
  facet normal 0.547028 -0.810814 0.208185
    outer loop
      vertex -23 5.23081 8.80041
      vertex -23 5.40258 9.4694
      vertex -27.2 2.61541 9.6502
    endloop
  endfacet
  facet normal 0.547029 -0.733565 0.403288
    outer loop
      vertex -23 4.6438 7.55295
      vertex -23 4.97655 8.15821
      vertex -27.2 2.3219 9.02648
    endloop
  endfacet
  facet normal 0.547029 -0.677238 0.492045
    outer loop
      vertex -23 4.23782 6.99417
      vertex -23 4.6438 7.55295
      vertex -27.2 2.3219 9.02648
    endloop
  endfacet
  facet normal 0.547029 -0.810817 0.20817
    outer loop
      vertex -23 5.40258 9.4694
      vertex -27.2 2.70129 9.9847
      vertex -27.2 2.61541 9.6502
    endloop
  endfacet
  facet normal 0.54703 -0.448533 0.706807
    outer loop
      vertex -23 2.64964 5.68031
      vertex -27.2 1.61641 8.2752
      vertex -27.2 1.32482 8.09016
    endloop
  endfacet
  facet normal 0.547029 -0.258686 0.796141
    outer loop
      vertex -27.2 1.01234 7.94312
      vertex -23 1.36779 5.17279
      vertex -23 2.02468 5.38623
    endloop
  endfacet
  facet normal 0.547029 -0.258688 0.796141
    outer loop
      vertex -23 1.36779 5.17279
      vertex -27.2 1.01234 7.94312
      vertex -27.2 0.683897 7.8364
    endloop
  endfacet
  facet normal 0.54703 -0.156879 0.822282
    outer loop
      vertex -23 1.36779 5.17279
      vertex -27.2 0.683897 7.8364
      vertex -27.2 0.344666 7.77168
    endloop
  endfacet
  facet normal 0.547028 -0.0526002 -0.83546
    outer loop
      vertex -27.2 0.344666 13.2283
      vertex -23 0.689332 15.9566
      vertex -27.2 0 13.25
    endloop
  endfacet
  facet normal 0.547038 -0.448461 -0.706847
    outer loop
      vertex -27.2 1.61641 12.7248
      vertex -23 2.64964 15.3197
      vertex -27.2 1.32482 12.9098
    endloop
  endfacet
  facet normal 0.547031 -0.778318 0.308186
    outer loop
      vertex -23 4.97655 8.15821
      vertex -27.2 2.61541 9.6502
      vertex -27.2 2.48827 9.32911
    endloop
  endfacet
  facet normal 0.547028 -0.830513 0.104917
    outer loop
      vertex -27.2 2.70129 9.9847
      vertex -23 5.48915 10.1547
      vertex -27.2 2.74457 10.3273
    endloop
  endfacet
  facet normal 0.547029 -0.830514 0.104914
    outer loop
      vertex -23 5.48915 10.1547
      vertex -27.2 2.70129 9.9847
      vertex -23 5.40258 9.4694
    endloop
  endfacet
  facet normal 0.547028 0.0526002 -0.83546
    outer loop
      vertex -27.2 0 13.25
      vertex -23 -0.689332 15.9566
      vertex -27.2 -0.344666 13.2283
    endloop
  endfacet
  facet normal 0.547028 0.0526002 -0.83546
    outer loop
      vertex -23 0 16
      vertex -23 -0.689332 15.9566
      vertex -27.2 0 13.25
    endloop
  endfacet
  facet normal 0.54703 -0.610234 0.573038
    outer loop
      vertex -23 3.76501 6.49067
      vertex -23 4.23782 6.99417
      vertex -27.2 1.8825 8.49534
    endloop
  endfacet
  facet normal 0.54703 -0.533592 0.64501
    outer loop
      vertex -27.2 1.8825 8.49534
      vertex -23 3.23282 6.05041
      vertex -23 3.76501 6.49067
    endloop
  endfacet
  facet normal 0.547027 -0.533613 0.644995
    outer loop
      vertex -23 3.23282 6.05041
      vertex -27.2 1.8825 8.49534
      vertex -27.2 1.61641 8.2752
    endloop
  endfacet
  facet normal 0 -0.425775 0.904829
    outer loop
      vertex -10.3311 2.64964 5.68031
      vertex 19.6798 2.02468 5.38623
      vertex 20.9297 2.64964 5.68031
    endloop
  endfacet
  facet normal 0 -0.425775 0.904829
    outer loop
      vertex 19.6798 2.02468 5.38623
      vertex -10.3311 2.64964 5.68031
      vertex -11.581 2.02468 5.38623
    endloop
  endfacet
  facet normal 0 -0.53583 0.844326
    outer loop
      vertex 15.6422 3.23282 6.05041
      vertex 20.9297 2.64964 5.68031
      vertex 22.0961 3.23282 6.05041
    endloop
  endfacet
  facet normal -1.05576e-05 -0.535898 0.844283
    outer loop
      vertex 15.564 3.2093 6.03548
      vertex 20.9297 2.64964 5.68031
      vertex 15.6422 3.23282 6.05041
    endloop
  endfacet
  facet normal 1.12172e-06 -0.535818 0.844333
    outer loop
      vertex 15 3.15339 6
      vertex 20.9297 2.64964 5.68031
      vertex 15.564 3.2093 6.03548
    endloop
  endfacet
  facet normal 0 -0.53583 0.844326
    outer loop
      vertex -10.3311 2.64964 5.68031
      vertex 14.3578 3.23282 6.05041
      vertex -9.16478 3.23282 6.05041
    endloop
  endfacet
  facet normal 2.86516e-06 -0.535916 0.844271
    outer loop
      vertex 14.3578 3.23282 6.05041
      vertex -10.3311 2.64964 5.68031
      vertex 14.436 3.2093 6.03548
    endloop
  endfacet
  facet normal -4.06135e-07 -0.535813 0.844337
    outer loop
      vertex 14.436 3.2093 6.03548
      vertex -10.3311 2.64964 5.68031
      vertex 15 3.15339 6
    endloop
  endfacet
  facet normal 0 -0.535827 0.844328
    outer loop
      vertex 15 3.15339 6
      vertex -10.3311 2.64964 5.68031
      vertex 20.9297 2.64964 5.68031
    endloop
  endfacet
  facet normal 0 -0.929786 0.3681
    outer loop
      vertex -5.16879 5.23081 8.80041
      vertex 10.9283 5.14513 8.58399
      vertex 10.8426 5.23081 8.80041
    endloop
  endfacet
  facet normal 0 -0.929779 0.368118
    outer loop
      vertex 11.1624 4.97655 8.15821
      vertex -5.16879 5.23081 8.80041
      vertex -5.67732 4.97655 8.15821
    endloop
  endfacet
  facet normal 4.44609e-07 -0.929775 0.368128
    outer loop
      vertex -5.16879 5.23081 8.80041
      vertex 11.1624 4.97655 8.15821
      vertex 10.9283 5.14513 8.58399
    endloop
  endfacet
  facet normal -2.09215e-06 -0.929786 0.3681
    outer loop
      vertex 25.5835 4.97655 8.15821
      vertex 19.1574 5.23081 8.80041
      vertex 19.0717 5.14513 8.58399
    endloop
  endfacet
  facet normal 0 -0.929775 0.368128
    outer loop
      vertex 25.5835 4.97655 8.15821
      vertex 19.0717 5.14513 8.58399
      vertex 18.8376 4.97655 8.15821
    endloop
  endfacet
  facet normal 0 -0.929779 0.368118
    outer loop
      vertex 19.1574 5.23081 8.80041
      vertex 25.5835 4.97655 8.15821
      vertex 26.092 5.23081 8.80041
    endloop
  endfacet
  facet normal 0 -0.929779 -0.368118
    outer loop
      vertex -5.16879 5.23081 12.1996
      vertex 11.1624 4.97655 12.8418
      vertex -5.67732 4.97655 12.8418
    endloop
  endfacet
  facet normal -2.50366e-07 -0.929781 -0.368113
    outer loop
      vertex 11.1624 4.97655 12.8418
      vertex -5.16879 5.23081 12.1996
      vertex 10.9283 5.14513 12.416
    endloop
  endfacet
  facet normal 0 -0.929775 -0.368129
    outer loop
      vertex 10.9283 5.14513 12.416
      vertex -5.16879 5.23081 12.1996
      vertex 10.8426 5.23081 12.1996
    endloop
  endfacet
  facet normal 0 -0.929781 -0.368113
    outer loop
      vertex 19.0717 5.14513 12.416
      vertex 25.5835 4.97655 12.8418
      vertex 18.8376 4.97655 12.8418
    endloop
  endfacet
  facet normal 1.17826e-06 -0.929775 -0.368129
    outer loop
      vertex 19.1574 5.23081 12.1996
      vertex 25.5835 4.97655 12.8418
      vertex 19.0717 5.14513 12.416
    endloop
  endfacet
  facet normal 0 -0.929779 -0.368118
    outer loop
      vertex 25.5835 4.97655 12.8418
      vertex 19.1574 5.23081 12.1996
      vertex 26.092 5.23081 12.1996
    endloop
  endfacet
  facet normal 0 -0.425798 -0.904818
    outer loop
      vertex 19.6798 2.02468 15.6138
      vertex -10.3311 2.64964 15.3197
      vertex 20.9297 2.64964 15.3197
    endloop
  endfacet
  facet normal 0 -0.425798 -0.904818
    outer loop
      vertex -10.3311 2.64964 15.3197
      vertex 19.6798 2.02468 15.6138
      vertex -11.581 2.02468 15.6138
    endloop
  endfacet
  facet normal -0 0.0627918 0.998027
    outer loop
      vertex -15.6304 0 5
      vertex 14.2518 -0.689332 5.04337
      vertex 15.6304 0 5
    endloop
  endfacet
  facet normal 0 0.0627918 0.998027
    outer loop
      vertex 14.2518 -0.689332 5.04337
      vertex -15.6304 0 5
      vertex -17.0091 -0.689332 5.04337
    endloop
  endfacet
  facet normal 0 -0.728992 0.684522
    outer loop
      vertex -7.15477 4.23782 6.99417
      vertex 12.355 4.11129 6.85942
      vertex 12.1921 4.23782 6.99417
    endloop
  endfacet
  facet normal 3.59102e-07 -0.728966 0.68455
    outer loop
      vertex -7.15477 4.23782 6.99417
      vertex 12.8321 3.82694 6.55662
      vertex 12.355 4.11129 6.85942
    endloop
  endfacet
  facet normal -4.48775e-09 -0.728974 0.684541
    outer loop
      vertex -8.1004 3.76501 6.49067
      vertex 12.8321 3.82694 6.55662
      vertex -7.15477 4.23782 6.99417
    endloop
  endfacet
  facet normal 0 -0.728975 0.68454
    outer loop
      vertex 12.8321 3.82694 6.55662
      vertex -8.1004 3.76501 6.49067
      vertex 12.9723 3.76501 6.49067
    endloop
  endfacet
  facet normal -2.98804e-06 -0.72899 0.684524
    outer loop
      vertex 23.1604 3.76501 6.49067
      vertex 17.8079 4.23782 6.99417
      vertex 17.645 4.11129 6.85942
    endloop
  endfacet
  facet normal 1.88955e-07 -0.728967 0.684549
    outer loop
      vertex 23.1604 3.76501 6.49067
      vertex 17.645 4.11129 6.85942
      vertex 17.1679 3.82694 6.55662
    endloop
  endfacet
  facet normal 0 -0.728975 0.68454
    outer loop
      vertex 23.1604 3.76501 6.49067
      vertex 17.1679 3.82694 6.55662
      vertex 17.0277 3.76501 6.49067
    endloop
  endfacet
  facet normal 0 -0.728974 0.684541
    outer loop
      vertex 17.8079 4.23782 6.99417
      vertex 23.1604 3.76501 6.49067
      vertex 24.1061 4.23782 6.99417
    endloop
  endfacet
  facet normal 0 -0.992115 0.125332
    outer loop
      vertex -4.65212 5.48915 10.1547
      vertex 10.5797 5.42625 9.65679
      vertex 10.5168 5.48915 10.1547
    endloop
  endfacet
  facet normal -1.22669e-07 -0.992115 0.125328
    outer loop
      vertex -4.82526 5.40258 9.4694
      vertex 10.5797 5.42625 9.65679
      vertex -4.65212 5.48915 10.1547
    endloop
  endfacet
  facet normal 0 -0.992117 0.125318
    outer loop
      vertex 10.5797 5.42625 9.65679
      vertex -4.82526 5.40258 9.4694
      vertex 10.6278 5.40258 9.4694
    endloop
  endfacet
  facet normal 3.68366e-07 -0.992115 0.125332
    outer loop
      vertex 26.4356 5.40258 9.4694
      vertex 19.4832 5.48915 10.1547
      vertex 19.4203 5.42625 9.65679
    endloop
  endfacet
  facet normal 0 -0.992117 0.125318
    outer loop
      vertex 26.4356 5.40258 9.4694
      vertex 19.4203 5.42625 9.65679
      vertex 19.3722 5.40258 9.4694
    endloop
  endfacet
  facet normal 0 -0.992115 0.125328
    outer loop
      vertex 19.4832 5.48915 10.1547
      vertex 26.4356 5.40258 9.4694
      vertex 26.6087 5.48915 10.1547
    endloop
  endfacet
  facet normal 0 -0.876304 0.481759
    outer loop
      vertex -5.67732 4.97655 8.15821
      vertex 11.2005 4.93838 8.08878
      vertex 11.1624 4.97655 8.15821
    endloop
  endfacet
  facet normal -4.6257e-08 -0.876309 0.48175
    outer loop
      vertex -5.67732 4.97655 8.15821
      vertex 11.5327 4.68704 7.63159
      vertex 11.2005 4.93838 8.08878
    endloop
  endfacet
  facet normal 0 -0.876303 0.48176
    outer loop
      vertex 11.6065 4.6438 7.55295
      vertex -5.67732 4.97655 8.15821
      vertex -6.34281 4.6438 7.55295
    endloop
  endfacet
  facet normal 2.65468e-06 -0.876271 0.481818
    outer loop
      vertex -5.67732 4.97655 8.15821
      vertex 11.6065 4.6438 7.55295
      vertex 11.5327 4.68704 7.63159
    endloop
  endfacet
  facet normal -1.14748e-07 -0.876304 0.481759
    outer loop
      vertex 24.918 4.6438 7.55295
      vertex 18.8376 4.97655 8.15821
      vertex 18.7995 4.93838 8.08878
    endloop
  endfacet
  facet normal -1.03614e-06 -0.876308 0.481751
    outer loop
      vertex 24.918 4.6438 7.55295
      vertex 18.7995 4.93838 8.08878
      vertex 18.4673 4.68704 7.63159
    endloop
  endfacet
  facet normal 0 -0.876272 0.481816
    outer loop
      vertex 24.918 4.6438 7.55295
      vertex 18.4673 4.68704 7.63159
      vertex 18.3935 4.6438 7.55295
    endloop
  endfacet
  facet normal 0 -0.876303 0.48176
    outer loop
      vertex 18.8376 4.97655 8.15821
      vertex 24.918 4.6438 7.55295
      vertex 25.5835 4.97655 8.15821
    endloop
  endfacet
  facet normal 0 -0.0628351 -0.998024
    outer loop
      vertex 15.6304 0 16
      vertex -14.2518 0.689332 15.9566
      vertex 17.0091 0.689332 15.9566
    endloop
  endfacet
  facet normal 0 -0.0628351 -0.998024
    outer loop
      vertex -14.2518 0.689332 15.9566
      vertex 15.6304 0 16
      vertex -15.6304 0 16
    endloop
  endfacet
  facet normal 0 -0.637489 -0.77046
    outer loop
      vertex 13.3434 3.55387 14.684
      vertex -8.1004 3.76501 14.5093
      vertex 12.9723 3.76501 14.5093
    endloop
  endfacet
  facet normal -1.5922e-06 -0.637364 -0.770563
    outer loop
      vertex -9.16478 3.23282 14.9496
      vertex 13.3434 3.55387 14.684
      vertex 13.8809 3.34278 14.8586
    endloop
  endfacet
  facet normal 0 -0.637562 -0.770399
    outer loop
      vertex -9.16478 3.23282 14.9496
      vertex 13.8809 3.34278 14.8586
      vertex 14.3578 3.23282 14.9496
    endloop
  endfacet
  facet normal 5.72789e-07 -0.637454 -0.770488
    outer loop
      vertex 13.3434 3.55387 14.684
      vertex -9.16478 3.23282 14.9496
      vertex -8.1004 3.76501 14.5093
    endloop
  endfacet
  facet normal 0 -0.637453 -0.770489
    outer loop
      vertex 22.0961 3.23282 14.9496
      vertex 17.0277 3.76501 14.5093
      vertex 23.1604 3.76501 14.5093
    endloop
  endfacet
  facet normal -5.25804e-06 -0.637483 -0.770464
    outer loop
      vertex 22.0961 3.23282 14.9496
      vertex 16.6566 3.55387 14.684
      vertex 17.0277 3.76501 14.5093
    endloop
  endfacet
  facet normal 5.93559e-06 -0.63737 -0.770558
    outer loop
      vertex 22.0961 3.23282 14.9496
      vertex 16.1191 3.34278 14.8586
      vertex 16.6566 3.55387 14.684
    endloop
  endfacet
  facet normal 0 -0.637562 -0.770399
    outer loop
      vertex 16.1191 3.34278 14.8586
      vertex 22.0961 3.23282 14.9496
      vertex 15.6422 3.23282 14.9496
    endloop
  endfacet
  facet normal 0 -0.992117 -0.125312
    outer loop
      vertex -4.82526 5.40258 11.5306
      vertex 10.5797 5.42625 11.3432
      vertex 10.6278 5.40258 11.5306
    endloop
  endfacet
  facet normal -2.04276e-07 -0.992115 -0.125328
    outer loop
      vertex -4.65212 5.48915 10.8453
      vertex 10.5797 5.42625 11.3432
      vertex -4.82526 5.40258 11.5306
    endloop
  endfacet
  facet normal 0 -0.992115 -0.125334
    outer loop
      vertex 10.5797 5.42625 11.3432
      vertex -4.65212 5.48915 10.8453
      vertex 10.5168 5.48915 10.8453
    endloop
  endfacet
  facet normal 0 -0.992117 -0.125312
    outer loop
      vertex 19.4203 5.42625 11.3432
      vertex 26.4356 5.40258 11.5306
      vertex 19.3722 5.40258 11.5306
    endloop
  endfacet
  facet normal 6.13436e-07 -0.992115 -0.125334
    outer loop
      vertex 19.4832 5.48915 10.8453
      vertex 26.4356 5.40258 11.5306
      vertex 19.4203 5.42625 11.3432
    endloop
  endfacet
  facet normal 0 -0.992115 -0.125328
    outer loop
      vertex 26.4356 5.40258 11.5306
      vertex 19.4832 5.48915 10.8453
      vertex 26.6087 5.48915 10.8453
    endloop
  endfacet
  facet normal 0 -0.728716 -0.684816
    outer loop
      vertex -8.1004 3.76501 14.5093
      vertex 12.8321 3.82694 14.4434
      vertex 12.9723 3.76501 14.5093
    endloop
  endfacet
  facet normal 1.64036e-06 -0.728976 -0.684539
    outer loop
      vertex -7.15477 4.23782 14.0058
      vertex 12.8321 3.82694 14.4434
      vertex -8.1004 3.76501 14.5093
    endloop
  endfacet
  facet normal 2.13278e-06 -0.728965 -0.684551
    outer loop
      vertex 12.8321 3.82694 14.4434
      vertex -7.15477 4.23782 14.0058
      vertex 12.355 4.11129 14.1406
    endloop
  endfacet
  facet normal 0 -0.729119 -0.684387
    outer loop
      vertex 12.355 4.11129 14.1406
      vertex -7.15477 4.23782 14.0058
      vertex 12.1921 4.23782 14.0058
    endloop
  endfacet
  facet normal 0 -0.728716 -0.684816
    outer loop
      vertex 17.1679 3.82694 14.4434
      vertex 23.1604 3.76501 14.5093
      vertex 17.0277 3.76501 14.5093
    endloop
  endfacet
  facet normal -5.42545e-06 -0.728962 -0.684554
    outer loop
      vertex 17.645 4.11129 14.1406
      vertex 23.1604 3.76501 14.5093
      vertex 17.1679 3.82694 14.4434
    endloop
  endfacet
  facet normal -2.44381e-05 -0.729104 -0.684403
    outer loop
      vertex 17.8079 4.23782 14.0058
      vertex 23.1604 3.76501 14.5093
      vertex 17.645 4.11129 14.1406
    endloop
  endfacet
  facet normal 0 -0.728974 -0.684541
    outer loop
      vertex 23.1604 3.76501 14.5093
      vertex 17.8079 4.23782 14.0058
      vertex 24.1061 4.23782 14.0058
    endloop
  endfacet
  facet normal 1.63716e-07 0.876304 0.481759
    outer loop
      vertex -23 -4.6438 7.55295
      vertex -18.8376 -4.97655 8.15821
      vertex -18.7995 -4.93838 8.08878
    endloop
  endfacet
  facet normal 1.46912e-06 0.876308 0.481751
    outer loop
      vertex -23 -4.6438 7.55295
      vertex -18.7995 -4.93838 8.08878
      vertex -18.4673 -4.68704 7.63159
    endloop
  endfacet
  facet normal -0 0.876272 0.481816
    outer loop
      vertex -23 -4.6438 7.55295
      vertex -18.4673 -4.68704 7.63159
      vertex -18.3935 -4.6438 7.55295
    endloop
  endfacet
  facet normal 0 0.876303 0.48176
    outer loop
      vertex -18.8376 -4.97655 8.15821
      vertex -23 -4.6438 7.55295
      vertex -23 -4.97655 8.15821
    endloop
  endfacet
  facet normal 0 0.876304 0.481759
    outer loop
      vertex 5.67732 -4.97655 8.15821
      vertex -11.2005 -4.93838 8.08878
      vertex -11.1624 -4.97655 8.15821
    endloop
  endfacet
  facet normal 4.6257e-08 0.876309 0.48175
    outer loop
      vertex 5.67732 -4.97655 8.15821
      vertex -11.5327 -4.68704 7.63159
      vertex -11.2005 -4.93838 8.08878
    endloop
  endfacet
  facet normal -0 0.876303 0.48176
    outer loop
      vertex -11.6065 -4.6438 7.55295
      vertex 5.67732 -4.97655 8.15821
      vertex 6.34281 -4.6438 7.55295
    endloop
  endfacet
  facet normal -2.65468e-06 0.876271 0.481818
    outer loop
      vertex 5.67732 -4.97655 8.15821
      vertex -11.6065 -4.6438 7.55295
      vertex -11.5327 -4.68704 7.63159
    endloop
  endfacet
  facet normal -0 0.425775 0.904829
    outer loop
      vertex -19.6798 -2.02468 5.38623
      vertex 10.3311 -2.64964 5.68031
      vertex 11.581 -2.02468 5.38623
    endloop
  endfacet
  facet normal 0 0.425775 0.904829
    outer loop
      vertex 10.3311 -2.64964 5.68031
      vertex -19.6798 -2.02468 5.38623
      vertex -20.9297 -2.64964 5.68031
    endloop
  endfacet
  facet normal 0 -0.187377 0.982288
    outer loop
      vertex -12.8948 1.36779 5.17279
      vertex 17.0091 0.689332 5.04337
      vertex 18.366 1.36779 5.17279
    endloop
  endfacet
  facet normal 0 -0.187377 0.982288
    outer loop
      vertex 17.0091 0.689332 5.04337
      vertex -12.8948 1.36779 5.17279
      vertex -14.2518 0.689332 5.04337
    endloop
  endfacet
  facet normal 0 -0.309022 0.951055
    outer loop
      vertex -11.581 2.02468 5.38623
      vertex 18.366 1.36779 5.17279
      vertex 19.6798 2.02468 5.38623
    endloop
  endfacet
  facet normal 0 -0.309022 0.951055
    outer loop
      vertex 18.366 1.36779 5.17279
      vertex -11.581 2.02468 5.38623
      vertex -12.8948 1.36779 5.17279
    endloop
  endfacet
  facet normal 0 -0.637402 0.770532
    outer loop
      vertex -8.1004 3.76501 6.49067
      vertex 13.3434 3.55387 6.31601
      vertex 12.9723 3.76501 6.49067
    endloop
  endfacet
  facet normal -2.775e-07 -0.637419 0.770518
    outer loop
      vertex -9.16478 3.23282 6.05041
      vertex 13.3434 3.55387 6.31601
      vertex -8.1004 3.76501 6.49067
    endloop
  endfacet
  facet normal -8.4894e-08 -0.637427 0.770511
    outer loop
      vertex 13.3434 3.55387 6.31601
      vertex -9.16478 3.23282 6.05041
      vertex 13.8809 3.34278 6.14138
    endloop
  endfacet
  facet normal 0 -0.637437 0.770502
    outer loop
      vertex 13.8809 3.34278 6.14138
      vertex -9.16478 3.23282 6.05041
      vertex 14.3578 3.23282 6.05041
    endloop
  endfacet
  facet normal 0 -0.637419 0.770517
    outer loop
      vertex 17.0277 3.76501 6.49067
      vertex 22.0961 3.23282 6.05041
      vertex 23.1604 3.76501 6.49067
    endloop
  endfacet
  facet normal 2.54749e-06 -0.637405 0.770529
    outer loop
      vertex 16.6566 3.55387 6.31601
      vertex 22.0961 3.23282 6.05041
      vertex 17.0277 3.76501 6.49067
    endloop
  endfacet
  facet normal 3.16479e-07 -0.637427 0.770511
    outer loop
      vertex 16.1191 3.34278 6.14138
      vertex 22.0961 3.23282 6.05041
      vertex 16.6566 3.55387 6.31601
    endloop
  endfacet
  facet normal 0 -0.637437 0.770502
    outer loop
      vertex 22.0961 3.23282 6.05041
      vertex 16.1191 3.34278 6.14138
      vertex 15.6422 3.23282 6.05041
    endloop
  endfacet
  facet normal 0 -1 0
    outer loop
      vertex -4.65212 5.48915 10.8453
      vertex 10.5089 5.48915 10.7826
      vertex 10.5168 5.48915 10.8453
    endloop
  endfacet
  facet normal 0 -1 0
    outer loop
      vertex -4.65212 5.48915 10.8453
      vertex 10.5089 5.48915 10.2174
      vertex 10.5089 5.48915 10.7826
    endloop
  endfacet
  facet normal 0 -1 0
    outer loop
      vertex -4.65212 5.48915 10.1547
      vertex 10.5089 5.48915 10.2174
      vertex -4.65212 5.48915 10.8453
    endloop
  endfacet
  facet normal 0 -1 -0
    outer loop
      vertex 10.5089 5.48915 10.2174
      vertex -4.65212 5.48915 10.1547
      vertex 10.5168 5.48915 10.1547
    endloop
  endfacet
  facet normal 0 -1 0
    outer loop
      vertex 19.4911 5.48915 10.7826
      vertex 26.6087 5.48915 10.8453
      vertex 19.4832 5.48915 10.8453
    endloop
  endfacet
  facet normal 0 -1 0
    outer loop
      vertex 19.4911 5.48915 10.2174
      vertex 26.6087 5.48915 10.8453
      vertex 19.4911 5.48915 10.7826
    endloop
  endfacet
  facet normal 0 -1 0
    outer loop
      vertex 26.6087 5.48915 10.1547
      vertex 19.4911 5.48915 10.2174
      vertex 19.4832 5.48915 10.1547
    endloop
  endfacet
  facet normal 0 -1 0
    outer loop
      vertex 19.4911 5.48915 10.2174
      vertex 26.6087 5.48915 10.1547
      vertex 26.6087 5.48915 10.8453
    endloop
  endfacet
  facet normal 0 -0.968581 0.248697
    outer loop
      vertex -4.82526 5.40258 9.4694
      vertex 10.7202 5.31015 9.10942
      vertex 10.6278 5.40258 9.4694
    endloop
  endfacet
  facet normal 0 -0.968582 0.248693
    outer loop
      vertex 10.8426 5.23081 8.80041
      vertex -4.82526 5.40258 9.4694
      vertex -5.16879 5.23081 8.80041
    endloop
  endfacet
  facet normal -1.99653e-07 -0.968583 0.248689
    outer loop
      vertex -4.82526 5.40258 9.4694
      vertex 10.8426 5.23081 8.80041
      vertex 10.7202 5.31015 9.10942
    endloop
  endfacet
  facet normal 3.83051e-07 -0.968581 0.248697
    outer loop
      vertex 26.092 5.23081 8.80041
      vertex 19.3722 5.40258 9.4694
      vertex 19.2798 5.31015 9.10942
    endloop
  endfacet
  facet normal 0 -0.968583 0.248689
    outer loop
      vertex 26.092 5.23081 8.80041
      vertex 19.2798 5.31015 9.10942
      vertex 19.1574 5.23081 8.80041
    endloop
  endfacet
  facet normal 0 -0.968582 0.248693
    outer loop
      vertex 19.3722 5.40258 9.4694
      vertex 26.092 5.23081 8.80041
      vertex 26.4356 5.40258 9.4694
    endloop
  endfacet
  facet normal 0 -0.809021 0.587779
    outer loop
      vertex -6.34281 4.6438 7.55295
      vertex 11.9195 4.40164 7.21964
      vertex 11.6065 4.6438 7.55295
    endloop
  endfacet
  facet normal 0 -0.809015 0.587788
    outer loop
      vertex 12.1921 4.23782 6.99417
      vertex -6.34281 4.6438 7.55295
      vertex -7.15477 4.23782 6.99417
    endloop
  endfacet
  facet normal 6.08551e-07 -0.809006 0.587801
    outer loop
      vertex -6.34281 4.6438 7.55295
      vertex 12.1921 4.23782 6.99417
      vertex 11.9195 4.40164 7.21964
    endloop
  endfacet
  facet normal -1.17872e-06 -0.809021 0.58778
    outer loop
      vertex 24.1061 4.23782 6.99417
      vertex 18.3935 4.6438 7.55295
      vertex 18.0805 4.40164 7.21964
    endloop
  endfacet
  facet normal 0 -0.809006 0.5878
    outer loop
      vertex 24.1061 4.23782 6.99417
      vertex 18.0805 4.40164 7.21964
      vertex 17.8079 4.23782 6.99417
    endloop
  endfacet
  facet normal 0 -0.809015 0.587788
    outer loop
      vertex 18.3935 4.6438 7.55295
      vertex 24.1061 4.23782 6.99417
      vertex 24.918 4.6438 7.55295
    endloop
  endfacet
  facet normal 0 -0.308969 -0.951072
    outer loop
      vertex 18.366 1.36779 15.8272
      vertex -11.581 2.02468 15.6138
      vertex 19.6798 2.02468 15.6138
    endloop
  endfacet
  facet normal 0 -0.308969 -0.951072
    outer loop
      vertex -11.581 2.02468 15.6138
      vertex 18.366 1.36779 15.8272
      vertex -12.8948 1.36779 15.8272
    endloop
  endfacet
  facet normal 0 -0.187349 -0.982293
    outer loop
      vertex 17.0091 0.689332 15.9566
      vertex -12.8948 1.36779 15.8272
      vertex 18.366 1.36779 15.8272
    endloop
  endfacet
  facet normal 0 -0.187349 -0.982293
    outer loop
      vertex -12.8948 1.36779 15.8272
      vertex 17.0091 0.689332 15.9566
      vertex -14.2518 0.689332 15.9566
    endloop
  endfacet
  facet normal 0 -0.53583 -0.844326
    outer loop
      vertex 20.9297 2.64964 15.3197
      vertex 15.6422 3.23282 14.9496
      vertex 22.0961 3.23282 14.9496
    endloop
  endfacet
  facet normal 7.63803e-05 -0.535336 -0.844639
    outer loop
      vertex 20.9297 2.64964 15.3197
      vertex 15.564 3.2093 14.9645
      vertex 15.6422 3.23282 14.9496
    endloop
  endfacet
  facet normal -1.19279e-05 -0.535939 -0.844256
    outer loop
      vertex 20.9297 2.64964 15.3197
      vertex 15 3.15339 15
      vertex 15.564 3.2093 14.9645
    endloop
  endfacet
  facet normal -2.07307e-05 -0.535204 -0.844723
    outer loop
      vertex -10.3311 2.64964 15.3197
      vertex 14.3578 3.23282 14.9496
      vertex 14.436 3.2093 14.9645
    endloop
  endfacet
  facet normal 4.31848e-06 -0.535994 -0.844222
    outer loop
      vertex -10.3311 2.64964 15.3197
      vertex 14.436 3.2093 14.9645
      vertex 15 3.15339 15
    endloop
  endfacet
  facet normal 0 -0.535839 -0.84432
    outer loop
      vertex -10.3311 2.64964 15.3197
      vertex 15 3.15339 15
      vertex 20.9297 2.64964 15.3197
    endloop
  endfacet
  facet normal -0 -0.53583 -0.844326
    outer loop
      vertex 14.3578 3.23282 14.9496
      vertex -10.3311 2.64964 15.3197
      vertex -9.16478 3.23282 14.9496
    endloop
  endfacet
  facet normal 0 -0.968583 -0.24869
    outer loop
      vertex -4.82526 5.40258 11.5306
      vertex 10.8426 5.23081 12.1996
      vertex -5.16879 5.23081 12.1996
    endloop
  endfacet
  facet normal 3.11364e-07 -0.968581 -0.248697
    outer loop
      vertex 10.8426 5.23081 12.1996
      vertex -4.82526 5.40258 11.5306
      vertex 10.7202 5.31015 11.8906
    endloop
  endfacet
  facet normal 0 -0.968585 -0.248684
    outer loop
      vertex 10.7202 5.31015 11.8906
      vertex -4.82526 5.40258 11.5306
      vertex 10.6278 5.40258 11.5306
    endloop
  endfacet
  facet normal 0 -0.968581 -0.248697
    outer loop
      vertex 19.2798 5.31015 11.8906
      vertex 26.092 5.23081 12.1996
      vertex 19.1574 5.23081 12.1996
    endloop
  endfacet
  facet normal -5.97327e-07 -0.968585 -0.248684
    outer loop
      vertex 19.3722 5.40258 11.5306
      vertex 26.092 5.23081 12.1996
      vertex 19.2798 5.31015 11.8906
    endloop
  endfacet
  facet normal 0 -0.968583 -0.24869
    outer loop
      vertex 26.092 5.23081 12.1996
      vertex 19.3722 5.40258 11.5306
      vertex 26.4356 5.40258 11.5306
    endloop
  endfacet
  facet normal 0 -0.809025 -0.587774
    outer loop
      vertex -6.34281 4.6438 13.447
      vertex 12.1921 4.23782 14.0058
      vertex -7.15477 4.23782 14.0058
    endloop
  endfacet
  facet normal 6.97781e-06 -0.808915 -0.587925
    outer loop
      vertex 12.1921 4.23782 14.0058
      vertex -6.34281 4.6438 13.447
      vertex 11.9195 4.40164 13.7804
    endloop
  endfacet
  facet normal 0 -0.809097 -0.587675
    outer loop
      vertex 11.9195 4.40164 13.7804
      vertex -6.34281 4.6438 13.447
      vertex 11.6065 4.6438 13.447
    endloop
  endfacet
  facet normal 0 -0.808919 -0.58792
    outer loop
      vertex 18.0805 4.40164 13.7804
      vertex 24.1061 4.23782 14.0058
      vertex 17.8079 4.23782 14.0058
    endloop
  endfacet
  facet normal -1.35105e-05 -0.809091 -0.587684
    outer loop
      vertex 18.3935 4.6438 13.447
      vertex 24.1061 4.23782 14.0058
      vertex 18.0805 4.40164 13.7804
    endloop
  endfacet
  facet normal 0 -0.809025 -0.587774
    outer loop
      vertex 24.1061 4.23782 14.0058
      vertex 18.3935 4.6438 13.447
      vertex 24.918 4.6438 13.447
    endloop
  endfacet
  facet normal 0 -0.876283 -0.481796
    outer loop
      vertex -5.67732 4.97655 12.8418
      vertex 11.6065 4.6438 13.447
      vertex -6.34281 4.6438 13.447
    endloop
  endfacet
  facet normal 9.80167e-06 -0.876165 -0.482011
    outer loop
      vertex 11.6065 4.6438 13.447
      vertex -5.67732 4.97655 12.8418
      vertex 11.5327 4.68704 13.3684
    endloop
  endfacet
  facet normal -9.48587e-07 -0.876313 -0.481742
    outer loop
      vertex 11.5327 4.68704 13.3684
      vertex -5.67732 4.97655 12.8418
      vertex 11.2005 4.93838 12.9112
    endloop
  endfacet
  facet normal 0 -0.876216 -0.481919
    outer loop
      vertex 11.2005 4.93838 12.9112
      vertex -5.67732 4.97655 12.8418
      vertex 11.1624 4.97655 12.8418
    endloop
  endfacet
  facet normal 0 -0.876169 -0.482004
    outer loop
      vertex 18.4673 4.68704 13.3684
      vertex 24.918 4.6438 13.447
      vertex 18.3935 4.6438 13.447
    endloop
  endfacet
  facet normal -4.12448e-06 -0.876312 -0.481744
    outer loop
      vertex 18.7995 4.93838 12.9112
      vertex 24.918 4.6438 13.447
      vertex 18.4673 4.68704 13.3684
    endloop
  endfacet
  facet normal 1.50303e-05 -0.876219 -0.481912
    outer loop
      vertex 18.8376 4.97655 12.8418
      vertex 24.918 4.6438 13.447
      vertex 18.7995 4.93838 12.9112
    endloop
  endfacet
  facet normal 0 -0.876283 -0.481796
    outer loop
      vertex 24.918 4.6438 13.447
      vertex 18.8376 4.97655 12.8418
      vertex 25.5835 4.97655 12.8418
    endloop
  endfacet
  facet normal 0 -0.0627918 0.998027
    outer loop
      vertex -14.2518 0.689332 5.04337
      vertex 15.6304 0 5
      vertex 17.0091 0.689332 5.04337
    endloop
  endfacet
  facet normal 0 -0.0627918 0.998027
    outer loop
      vertex 15.6304 0 5
      vertex -14.2518 0.689332 5.04337
      vertex -15.6304 0 5
    endloop
  endfacet
  facet normal -0 0.309022 0.951055
    outer loop
      vertex -18.366 -1.36779 5.17279
      vertex 11.581 -2.02468 5.38623
      vertex 12.8948 -1.36779 5.17279
    endloop
  endfacet
  facet normal 0 0.309022 0.951055
    outer loop
      vertex 11.581 -2.02468 5.38623
      vertex -18.366 -1.36779 5.17279
      vertex -19.6798 -2.02468 5.38623
    endloop
  endfacet
  facet normal 0 1 -0
    outer loop
      vertex -19.4911 -5.48915 10.7826
      vertex -23 -5.48915 10.8453
      vertex -19.4832 -5.48915 10.8453
    endloop
  endfacet
  facet normal 0 1 -0
    outer loop
      vertex -19.4911 -5.48915 10.2174
      vertex -23 -5.48915 10.8453
      vertex -19.4911 -5.48915 10.7826
    endloop
  endfacet
  facet normal 0 1 0
    outer loop
      vertex -23 -5.48915 10.1547
      vertex -19.4911 -5.48915 10.2174
      vertex -19.4832 -5.48915 10.1547
    endloop
  endfacet
  facet normal 0 1 0
    outer loop
      vertex -19.4911 -5.48915 10.2174
      vertex -23 -5.48915 10.1547
      vertex -23 -5.48915 10.8453
    endloop
  endfacet
  facet normal 0 1 0
    outer loop
      vertex 4.65212 -5.48915 10.8453
      vertex -10.5089 -5.48915 10.7826
      vertex -10.5168 -5.48915 10.8453
    endloop
  endfacet
  facet normal 0 1 0
    outer loop
      vertex 4.65212 -5.48915 10.8453
      vertex -10.5089 -5.48915 10.2174
      vertex -10.5089 -5.48915 10.7826
    endloop
  endfacet
  facet normal 0 1 -0
    outer loop
      vertex 4.65212 -5.48915 10.1547
      vertex -10.5089 -5.48915 10.2174
      vertex 4.65212 -5.48915 10.8453
    endloop
  endfacet
  facet normal 0 1 0
    outer loop
      vertex -10.5089 -5.48915 10.2174
      vertex 4.65212 -5.48915 10.1547
      vertex -10.5168 -5.48915 10.1547
    endloop
  endfacet
  facet normal 0 0.0628351 -0.998024
    outer loop
      vertex 14.2518 -0.689332 15.9566
      vertex -15.6304 0 16
      vertex 15.6304 0 16
    endloop
  endfacet
  facet normal 0 0.0628351 -0.998024
    outer loop
      vertex -15.6304 0 16
      vertex 14.2518 -0.689332 15.9566
      vertex -17.0091 -0.689332 15.9566
    endloop
  endfacet
  facet normal 0 0.425798 -0.904818
    outer loop
      vertex 10.3311 -2.64964 15.3197
      vertex -19.6798 -2.02468 15.6138
      vertex 11.581 -2.02468 15.6138
    endloop
  endfacet
  facet normal 0 0.425798 -0.904818
    outer loop
      vertex -19.6798 -2.02468 15.6138
      vertex 10.3311 -2.64964 15.3197
      vertex -20.9297 -2.64964 15.3197
    endloop
  endfacet
  facet normal -7.1958e-07 0.992115 0.125332
    outer loop
      vertex -23 -5.40258 9.4694
      vertex -19.4832 -5.48915 10.1547
      vertex -19.4203 -5.42625 9.65679
    endloop
  endfacet
  facet normal -0 0.992117 0.125318
    outer loop
      vertex -23 -5.40258 9.4694
      vertex -19.4203 -5.42625 9.65679
      vertex -19.3722 -5.40258 9.4694
    endloop
  endfacet
  facet normal 0 0.992115 0.125328
    outer loop
      vertex -19.4832 -5.48915 10.1547
      vertex -23 -5.40258 9.4694
      vertex -23 -5.48915 10.1547
    endloop
  endfacet
  facet normal 0 0.992115 0.125332
    outer loop
      vertex 4.65212 -5.48915 10.1547
      vertex -10.5797 -5.42625 9.65679
      vertex -10.5168 -5.48915 10.1547
    endloop
  endfacet
  facet normal 1.22669e-07 0.992115 0.125328
    outer loop
      vertex 4.82526 -5.40258 9.4694
      vertex -10.5797 -5.42625 9.65679
      vertex 4.65212 -5.48915 10.1547
    endloop
  endfacet
  facet normal 0 0.992117 0.125318
    outer loop
      vertex -10.5797 -5.42625 9.65679
      vertex 4.82526 -5.40258 9.4694
      vertex -10.6278 -5.40258 9.4694
    endloop
  endfacet
  facet normal 3.41146e-06 0.929786 0.368101
    outer loop
      vertex -23 -4.97655 8.15821
      vertex -19.1574 -5.23081 8.80041
      vertex -19.0717 -5.14513 8.58399
    endloop
  endfacet
  facet normal -0 0.929775 0.368128
    outer loop
      vertex -23 -4.97655 8.15821
      vertex -19.0717 -5.14513 8.58399
      vertex -18.8376 -4.97655 8.15821
    endloop
  endfacet
  facet normal 0 0.929779 0.368118
    outer loop
      vertex -19.1574 -5.23081 8.80041
      vertex -23 -4.97655 8.15821
      vertex -23 -5.23081 8.80041
    endloop
  endfacet
  facet normal 0 0.929786 0.3681
    outer loop
      vertex 5.16879 -5.23081 8.80041
      vertex -10.9283 -5.14513 8.58399
      vertex -10.8426 -5.23081 8.80041
    endloop
  endfacet
  facet normal -0 0.929779 0.368118
    outer loop
      vertex -11.1624 -4.97655 8.15821
      vertex 5.16879 -5.23081 8.80041
      vertex 5.67732 -4.97655 8.15821
    endloop
  endfacet
  facet normal -4.44609e-07 0.929775 0.368128
    outer loop
      vertex 5.16879 -5.23081 8.80041
      vertex -11.1624 -4.97655 8.15821
      vertex -10.9283 -5.14513 8.58399
    endloop
  endfacet
  facet normal -0 0.187377 0.982288
    outer loop
      vertex -17.0091 -0.689332 5.04337
      vertex 12.8948 -1.36779 5.17279
      vertex 14.2518 -0.689332 5.04337
    endloop
  endfacet
  facet normal 0 0.187377 0.982288
    outer loop
      vertex 12.8948 -1.36779 5.17279
      vertex -17.0091 -0.689332 5.04337
      vertex -18.366 -1.36779 5.17279
    endloop
  endfacet
  facet normal 3.07066e-06 0.72899 0.684524
    outer loop
      vertex -23 -3.76501 6.49067
      vertex -17.8079 -4.23782 6.99417
      vertex -17.645 -4.11129 6.85942
    endloop
  endfacet
  facet normal -1.94061e-07 0.728967 0.684549
    outer loop
      vertex -23 -3.76501 6.49067
      vertex -17.645 -4.11129 6.85942
      vertex -17.1679 -3.82694 6.55662
    endloop
  endfacet
  facet normal -0 0.728975 0.68454
    outer loop
      vertex -23 -3.76501 6.49067
      vertex -17.1679 -3.82694 6.55662
      vertex -17.0277 -3.76501 6.49067
    endloop
  endfacet
  facet normal 0 0.728974 0.684541
    outer loop
      vertex -17.8079 -4.23782 6.99417
      vertex -23 -3.76501 6.49067
      vertex -23 -4.23782 6.99417
    endloop
  endfacet
  facet normal 0 0.728992 0.684522
    outer loop
      vertex 7.15477 -4.23782 6.99417
      vertex -12.355 -4.11129 6.85942
      vertex -12.1921 -4.23782 6.99417
    endloop
  endfacet
  facet normal -3.59102e-07 0.728966 0.68455
    outer loop
      vertex 7.15477 -4.23782 6.99417
      vertex -12.8321 -3.82694 6.55662
      vertex -12.355 -4.11129 6.85942
    endloop
  endfacet
  facet normal 4.48775e-09 0.728974 0.684541
    outer loop
      vertex 8.1004 -3.76501 6.49067
      vertex -12.8321 -3.82694 6.55662
      vertex 7.15477 -4.23782 6.99417
    endloop
  endfacet
  facet normal 0 0.728975 0.68454
    outer loop
      vertex -12.8321 -3.82694 6.55662
      vertex 8.1004 -3.76501 6.49067
      vertex -12.9723 -3.76501 6.49067
    endloop
  endfacet
  facet normal -0 0.637437 0.770502
    outer loop
      vertex -22.0961 -3.23282 6.05041
      vertex -16.1191 -3.34278 6.14138
      vertex -15.6422 -3.23282 6.05041
    endloop
  endfacet
  facet normal -3.16479e-07 0.637427 0.770511
    outer loop
      vertex -22.0961 -3.23282 6.05041
      vertex -16.6566 -3.55387 6.31601
      vertex -16.1191 -3.34278 6.14138
    endloop
  endfacet
  facet normal -2.54749e-06 0.637405 0.770529
    outer loop
      vertex -22.0961 -3.23282 6.05041
      vertex -17.0277 -3.76501 6.49067
      vertex -16.6566 -3.55387 6.31601
    endloop
  endfacet
  facet normal 1.62457e-05 0.637403 0.770531
    outer loop
      vertex -23 -3.76501 6.49067
      vertex -22.0961 -3.23282 6.05041
      vertex -23 -3.68479 6.42431
    endloop
  endfacet
  facet normal 0 0.637419 0.770517
    outer loop
      vertex -22.0961 -3.23282 6.05041
      vertex -23 -3.76501 6.49067
      vertex -17.0277 -3.76501 6.49067
    endloop
  endfacet
  facet normal 2.775e-07 0.637419 0.770518
    outer loop
      vertex -13.3434 -3.55387 6.31601
      vertex 8.1004 -3.76501 6.49067
      vertex 9.16478 -3.23282 6.05041
    endloop
  endfacet
  facet normal 0 0.637402 0.770532
    outer loop
      vertex 8.1004 -3.76501 6.49067
      vertex -13.3434 -3.55387 6.31601
      vertex -12.9723 -3.76501 6.49067
    endloop
  endfacet
  facet normal 8.4894e-08 0.637427 0.770511
    outer loop
      vertex 9.16478 -3.23282 6.05041
      vertex -13.8809 -3.34278 6.14138
      vertex -13.3434 -3.55387 6.31601
    endloop
  endfacet
  facet normal 0 0.637437 0.770502
    outer loop
      vertex -13.8809 -3.34278 6.14138
      vertex 9.16478 -3.23282 6.05041
      vertex -14.3578 -3.23282 6.05041
    endloop
  endfacet
  facet normal 0 0.53583 0.844326
    outer loop
      vertex 10.3311 -2.64964 5.68031
      vertex -14.3578 -3.23282 6.05041
      vertex 9.16478 -3.23282 6.05041
    endloop
  endfacet
  facet normal -2.86516e-06 0.535916 0.844271
    outer loop
      vertex 10.3311 -2.64964 5.68031
      vertex -14.436 -3.2093 6.03548
      vertex -14.3578 -3.23282 6.05041
    endloop
  endfacet
  facet normal 4.06135e-07 0.535813 0.844337
    outer loop
      vertex 10.3311 -2.64964 5.68031
      vertex -15 -3.15339 6
      vertex -14.436 -3.2093 6.03548
    endloop
  endfacet
  facet normal -0 0.535827 0.844328
    outer loop
      vertex -20.9297 -2.64964 5.68031
      vertex -15 -3.15339 6
      vertex 10.3311 -2.64964 5.68031
    endloop
  endfacet
  facet normal -1.12172e-06 0.535818 0.844333
    outer loop
      vertex -20.9297 -2.64964 5.68031
      vertex -15.564 -3.2093 6.03548
      vertex -15 -3.15339 6
    endloop
  endfacet
  facet normal 1.05576e-05 0.535898 0.844283
    outer loop
      vertex -20.9297 -2.64964 5.68031
      vertex -15.6422 -3.23282 6.05041
      vertex -15.564 -3.2093 6.03548
    endloop
  endfacet
  facet normal 0 0.53583 0.844326
    outer loop
      vertex -15.6422 -3.23282 6.05041
      vertex -20.9297 -2.64964 5.68031
      vertex -22.0961 -3.23282 6.05041
    endloop
  endfacet
  facet normal 0 0.308969 -0.951072
    outer loop
      vertex 11.581 -2.02468 15.6138
      vertex -18.366 -1.36779 15.8272
      vertex 12.8948 -1.36779 15.8272
    endloop
  endfacet
  facet normal 0 0.308969 -0.951072
    outer loop
      vertex -18.366 -1.36779 15.8272
      vertex 11.581 -2.02468 15.6138
      vertex -19.6798 -2.02468 15.6138
    endloop
  endfacet
  facet normal 0 0.187349 -0.982293
    outer loop
      vertex 12.8948 -1.36779 15.8272
      vertex -17.0091 -0.689332 15.9566
      vertex 14.2518 -0.689332 15.9566
    endloop
  endfacet
  facet normal 0 0.187349 -0.982293
    outer loop
      vertex -17.0091 -0.689332 15.9566
      vertex 12.8948 -1.36779 15.8272
      vertex -18.366 -1.36779 15.8272
    endloop
  endfacet
  facet normal -6.94773e-07 0.968581 0.248697
    outer loop
      vertex -23 -5.23081 8.80041
      vertex -19.3722 -5.40258 9.4694
      vertex -19.2798 -5.31015 9.10942
    endloop
  endfacet
  facet normal -0 0.968583 0.248689
    outer loop
      vertex -23 -5.23081 8.80041
      vertex -19.2798 -5.31015 9.10942
      vertex -19.1574 -5.23081 8.80041
    endloop
  endfacet
  facet normal 0 0.968582 0.248693
    outer loop
      vertex -19.3722 -5.40258 9.4694
      vertex -23 -5.23081 8.80041
      vertex -23 -5.40258 9.4694
    endloop
  endfacet
  facet normal 0 0.968581 0.248697
    outer loop
      vertex 4.82526 -5.40258 9.4694
      vertex -10.7202 -5.31015 9.10942
      vertex -10.6278 -5.40258 9.4694
    endloop
  endfacet
  facet normal -0 0.968582 0.248693
    outer loop
      vertex -10.8426 -5.23081 8.80041
      vertex 4.82526 -5.40258 9.4694
      vertex 5.16879 -5.23081 8.80041
    endloop
  endfacet
  facet normal 1.99653e-07 0.968583 0.248689
    outer loop
      vertex 4.82526 -5.40258 9.4694
      vertex -10.8426 -5.23081 8.80041
      vertex -10.7202 -5.31015 9.10942
    endloop
  endfacet
  facet normal 1.43281e-06 0.809021 0.58778
    outer loop
      vertex -23 -4.23782 6.99417
      vertex -18.3935 -4.6438 7.55295
      vertex -18.0805 -4.40164 7.21964
    endloop
  endfacet
  facet normal -0 0.809006 0.5878
    outer loop
      vertex -23 -4.23782 6.99417
      vertex -18.0805 -4.40164 7.21964
      vertex -17.8079 -4.23782 6.99417
    endloop
  endfacet
  facet normal 0 0.809015 0.587788
    outer loop
      vertex -18.3935 -4.6438 7.55295
      vertex -23 -4.23782 6.99417
      vertex -23 -4.6438 7.55295
    endloop
  endfacet
  facet normal 0 0.809021 0.587779
    outer loop
      vertex 6.34281 -4.6438 7.55295
      vertex -11.9195 -4.40164 7.21964
      vertex -11.6065 -4.6438 7.55295
    endloop
  endfacet
  facet normal -0 0.809015 0.587788
    outer loop
      vertex -12.1921 -4.23782 6.99417
      vertex 6.34281 -4.6438 7.55295
      vertex 7.15477 -4.23782 6.99417
    endloop
  endfacet
  facet normal -6.08551e-07 0.809006 0.587801
    outer loop
      vertex 6.34281 -4.6438 7.55295
      vertex -12.1921 -4.23782 6.99417
      vertex -11.9195 -4.40164 7.21964
    endloop
  endfacet
  facet normal 0 0.929781 -0.368113
    outer loop
      vertex -19.0717 -5.14513 12.416
      vertex -23 -4.97655 12.8418
      vertex -18.8376 -4.97655 12.8418
    endloop
  endfacet
  facet normal -1.92127e-06 0.929775 -0.368128
    outer loop
      vertex -19.1574 -5.23081 12.1996
      vertex -23 -4.97655 12.8418
      vertex -19.0717 -5.14513 12.416
    endloop
  endfacet
  facet normal 0 0.929779 -0.368118
    outer loop
      vertex -23 -4.97655 12.8418
      vertex -19.1574 -5.23081 12.1996
      vertex -23 -5.23081 12.1996
    endloop
  endfacet
  facet normal 0 0.929779 -0.368118
    outer loop
      vertex 5.16879 -5.23081 12.1996
      vertex -11.1624 -4.97655 12.8418
      vertex 5.67732 -4.97655 12.8418
    endloop
  endfacet
  facet normal 2.50366e-07 0.929781 -0.368113
    outer loop
      vertex -11.1624 -4.97655 12.8418
      vertex 5.16879 -5.23081 12.1996
      vertex -10.9283 -5.14513 12.416
    endloop
  endfacet
  facet normal 0 0.929775 -0.368129
    outer loop
      vertex -10.9283 -5.14513 12.416
      vertex 5.16879 -5.23081 12.1996
      vertex -10.8426 -5.23081 12.1996
    endloop
  endfacet
  facet normal 0 0.992117 -0.125312
    outer loop
      vertex -19.4203 -5.42625 11.3432
      vertex -23 -5.40258 11.5306
      vertex -19.3722 -5.40258 11.5306
    endloop
  endfacet
  facet normal -1.19831e-06 0.992115 -0.125334
    outer loop
      vertex -19.4832 -5.48915 10.8453
      vertex -23 -5.40258 11.5306
      vertex -19.4203 -5.42625 11.3432
    endloop
  endfacet
  facet normal 0 0.992115 -0.125328
    outer loop
      vertex -23 -5.40258 11.5306
      vertex -19.4832 -5.48915 10.8453
      vertex -23 -5.48915 10.8453
    endloop
  endfacet
  facet normal 0 0.992117 -0.125312
    outer loop
      vertex 4.82526 -5.40258 11.5306
      vertex -10.5797 -5.42625 11.3432
      vertex -10.6278 -5.40258 11.5306
    endloop
  endfacet
  facet normal 2.04276e-07 0.992115 -0.125328
    outer loop
      vertex 4.65212 -5.48915 10.8453
      vertex -10.5797 -5.42625 11.3432
      vertex 4.82526 -5.40258 11.5306
    endloop
  endfacet
  facet normal 0 0.992115 -0.125334
    outer loop
      vertex -10.5797 -5.42625 11.3432
      vertex 4.65212 -5.48915 10.8453
      vertex -10.5168 -5.48915 10.8453
    endloop
  endfacet
  facet normal 0 0.968581 -0.248697
    outer loop
      vertex -19.2798 -5.31015 11.8906
      vertex -23 -5.23081 12.1996
      vertex -19.1574 -5.23081 12.1996
    endloop
  endfacet
  facet normal 1.08343e-06 0.968585 -0.248684
    outer loop
      vertex -19.3722 -5.40258 11.5306
      vertex -23 -5.23081 12.1996
      vertex -19.2798 -5.31015 11.8906
    endloop
  endfacet
  facet normal 0 0.968583 -0.24869
    outer loop
      vertex -23 -5.23081 12.1996
      vertex -19.3722 -5.40258 11.5306
      vertex -23 -5.40258 11.5306
    endloop
  endfacet
  facet normal 0 0.968583 -0.24869
    outer loop
      vertex 4.82526 -5.40258 11.5306
      vertex -10.8426 -5.23081 12.1996
      vertex 5.16879 -5.23081 12.1996
    endloop
  endfacet
  facet normal -3.11364e-07 0.968581 -0.248697
    outer loop
      vertex -10.8426 -5.23081 12.1996
      vertex 4.82526 -5.40258 11.5306
      vertex -10.7202 -5.31015 11.8906
    endloop
  endfacet
  facet normal 0 0.968585 -0.248684
    outer loop
      vertex -10.7202 -5.31015 11.8906
      vertex 4.82526 -5.40258 11.5306
      vertex -10.6278 -5.40258 11.5306
    endloop
  endfacet
  facet normal 0 0.637562 -0.770399
    outer loop
      vertex -16.1191 -3.34278 14.8586
      vertex -22.0961 -3.23282 14.9496
      vertex -15.6422 -3.23282 14.9496
    endloop
  endfacet
  facet normal -5.93559e-06 0.63737 -0.770558
    outer loop
      vertex -16.6566 -3.55387 14.684
      vertex -22.0961 -3.23282 14.9496
      vertex -16.1191 -3.34278 14.8586
    endloop
  endfacet
  facet normal 5.25804e-06 0.637483 -0.770464
    outer loop
      vertex -17.0277 -3.76501 14.5093
      vertex -22.0961 -3.23282 14.9496
      vertex -16.6566 -3.55387 14.684
    endloop
  endfacet
  facet normal 0 0.637453 -0.770489
    outer loop
      vertex -23 -3.76501 14.5093
      vertex -22.0961 -3.23282 14.9496
      vertex -17.0277 -3.76501 14.5093
    endloop
  endfacet
  facet normal -0.000175824 0.637631 -0.770342
    outer loop
      vertex -22.0961 -3.23282 14.9496
      vertex -23 -3.76501 14.5093
      vertex -23 -3.68479 14.5757
    endloop
  endfacet
  facet normal 0 0.637489 -0.77046
    outer loop
      vertex -13.3434 -3.55387 14.684
      vertex 8.1004 -3.76501 14.5093
      vertex -12.9723 -3.76501 14.5093
    endloop
  endfacet
  facet normal -5.72789e-07 0.637454 -0.770488
    outer loop
      vertex 8.1004 -3.76501 14.5093
      vertex -13.3434 -3.55387 14.684
      vertex 9.16478 -3.23282 14.9496
    endloop
  endfacet
  facet normal 1.5922e-06 0.637364 -0.770563
    outer loop
      vertex -13.8809 -3.34278 14.8586
      vertex 9.16478 -3.23282 14.9496
      vertex -13.3434 -3.55387 14.684
    endloop
  endfacet
  facet normal 0 0.637562 -0.770399
    outer loop
      vertex 9.16478 -3.23282 14.9496
      vertex -13.8809 -3.34278 14.8586
      vertex -14.3578 -3.23282 14.9496
    endloop
  endfacet
  facet normal 0 0.728716 -0.684816
    outer loop
      vertex -17.1679 -3.82694 14.4434
      vertex -23 -3.76501 14.5093
      vertex -17.0277 -3.76501 14.5093
    endloop
  endfacet
  facet normal 5.57205e-06 0.728962 -0.684554
    outer loop
      vertex -17.645 -4.11129 14.1406
      vertex -23 -3.76501 14.5093
      vertex -17.1679 -3.82694 14.4434
    endloop
  endfacet
  facet normal 2.51139e-05 0.729104 -0.684403
    outer loop
      vertex -17.8079 -4.23782 14.0058
      vertex -23 -3.76501 14.5093
      vertex -17.645 -4.11129 14.1406
    endloop
  endfacet
  facet normal 0 0.728974 -0.684541
    outer loop
      vertex -23 -3.76501 14.5093
      vertex -17.8079 -4.23782 14.0058
      vertex -23 -4.23782 14.0058
    endloop
  endfacet
  facet normal 0 0.728716 -0.684816
    outer loop
      vertex 8.1004 -3.76501 14.5093
      vertex -12.8321 -3.82694 14.4434
      vertex -12.9723 -3.76501 14.5093
    endloop
  endfacet
  facet normal -1.64036e-06 0.728976 -0.684539
    outer loop
      vertex 7.15477 -4.23782 14.0058
      vertex -12.8321 -3.82694 14.4434
      vertex 8.1004 -3.76501 14.5093
    endloop
  endfacet
  facet normal -2.13278e-06 0.728965 -0.684551
    outer loop
      vertex -12.8321 -3.82694 14.4434
      vertex 7.15477 -4.23782 14.0058
      vertex -12.355 -4.11129 14.1406
    endloop
  endfacet
  facet normal 0 0.729119 -0.684387
    outer loop
      vertex -12.355 -4.11129 14.1406
      vertex 7.15477 -4.23782 14.0058
      vertex -12.1921 -4.23782 14.0058
    endloop
  endfacet
  facet normal 0 0.53583 -0.844326
    outer loop
      vertex -14.3578 -3.23282 14.9496
      vertex 10.3311 -2.64964 15.3197
      vertex 9.16478 -3.23282 14.9496
    endloop
  endfacet
  facet normal 2.07307e-05 0.535204 -0.844723
    outer loop
      vertex -14.436 -3.2093 14.9645
      vertex 10.3311 -2.64964 15.3197
      vertex -14.3578 -3.23282 14.9496
    endloop
  endfacet
  facet normal -4.31848e-06 0.535994 -0.844222
    outer loop
      vertex -15 -3.15339 15
      vertex 10.3311 -2.64964 15.3197
      vertex -14.436 -3.2093 14.9645
    endloop
  endfacet
  facet normal 0 0.535839 -0.84432
    outer loop
      vertex -15 -3.15339 15
      vertex -20.9297 -2.64964 15.3197
      vertex 10.3311 -2.64964 15.3197
    endloop
  endfacet
  facet normal 1.19279e-05 0.535939 -0.844256
    outer loop
      vertex -15.564 -3.2093 14.9645
      vertex -20.9297 -2.64964 15.3197
      vertex -15 -3.15339 15
    endloop
  endfacet
  facet normal -7.63803e-05 0.535336 -0.844639
    outer loop
      vertex -15.6422 -3.23282 14.9496
      vertex -20.9297 -2.64964 15.3197
      vertex -15.564 -3.2093 14.9645
    endloop
  endfacet
  facet normal 0 0.53583 -0.844326
    outer loop
      vertex -20.9297 -2.64964 15.3197
      vertex -15.6422 -3.23282 14.9496
      vertex -22.0961 -3.23282 14.9496
    endloop
  endfacet
  facet normal 0 0.876169 -0.482004
    outer loop
      vertex -18.4673 -4.68704 13.3684
      vertex -23 -4.6438 13.447
      vertex -18.3935 -4.6438 13.447
    endloop
  endfacet
  facet normal 5.84803e-06 0.876311 -0.481745
    outer loop
      vertex -18.7995 -4.93838 12.9112
      vertex -23 -4.6438 13.447
      vertex -18.4673 -4.68704 13.3684
    endloop
  endfacet
  facet normal -2.14442e-05 0.876221 -0.48191
    outer loop
      vertex -18.8376 -4.97655 12.8418
      vertex -23 -4.6438 13.447
      vertex -18.7995 -4.93838 12.9112
    endloop
  endfacet
  facet normal 0 0.876283 -0.481796
    outer loop
      vertex -23 -4.6438 13.447
      vertex -18.8376 -4.97655 12.8418
      vertex -23 -4.97655 12.8418
    endloop
  endfacet
  facet normal 0 0.876283 -0.481796
    outer loop
      vertex 5.67732 -4.97655 12.8418
      vertex -11.6065 -4.6438 13.447
      vertex 6.34281 -4.6438 13.447
    endloop
  endfacet
  facet normal -9.80167e-06 0.876165 -0.482011
    outer loop
      vertex -11.6065 -4.6438 13.447
      vertex 5.67732 -4.97655 12.8418
      vertex -11.5327 -4.68704 13.3684
    endloop
  endfacet
  facet normal 9.48587e-07 0.876313 -0.481742
    outer loop
      vertex -11.5327 -4.68704 13.3684
      vertex 5.67732 -4.97655 12.8418
      vertex -11.2005 -4.93838 12.9112
    endloop
  endfacet
  facet normal 0 0.876216 -0.481919
    outer loop
      vertex -11.2005 -4.93838 12.9112
      vertex 5.67732 -4.97655 12.8418
      vertex -11.1624 -4.97655 12.8418
    endloop
  endfacet
  facet normal 0 0.808919 -0.58792
    outer loop
      vertex -18.0805 -4.40164 13.7804
      vertex -23 -4.23782 14.0058
      vertex -17.8079 -4.23782 14.0058
    endloop
  endfacet
  facet normal 1.64229e-05 0.80909 -0.587685
    outer loop
      vertex -18.3935 -4.6438 13.447
      vertex -23 -4.23782 14.0058
      vertex -18.0805 -4.40164 13.7804
    endloop
  endfacet
  facet normal 0 0.809025 -0.587774
    outer loop
      vertex -23 -4.23782 14.0058
      vertex -18.3935 -4.6438 13.447
      vertex -23 -4.6438 13.447
    endloop
  endfacet
  facet normal 0 0.809025 -0.587774
    outer loop
      vertex 6.34281 -4.6438 13.447
      vertex -12.1921 -4.23782 14.0058
      vertex 7.15477 -4.23782 14.0058
    endloop
  endfacet
  facet normal -6.97781e-06 0.808915 -0.587925
    outer loop
      vertex -12.1921 -4.23782 14.0058
      vertex 6.34281 -4.6438 13.447
      vertex -11.9195 -4.40164 13.7804
    endloop
  endfacet
  facet normal 0 0.809097 -0.587675
    outer loop
      vertex -11.9195 -4.40164 13.7804
      vertex 6.34281 -4.6438 13.447
      vertex -11.6065 -4.6438 13.447
    endloop
  endfacet
  facet normal 0 -0.0627774 0.998028
    outer loop
      vertex -37 0.344666 7.77168
      vertex -27.2 0 7.75
      vertex -27.2 0.344666 7.77168
    endloop
  endfacet
  facet normal 0 -0.0627774 0.998028
    outer loop
      vertex -27.2 0 7.75
      vertex -37 0.344666 7.77168
      vertex -37 0 7.75
    endloop
  endfacet
  facet normal 0 -0.0628351 -0.998024
    outer loop
      vertex -37 0 13.25
      vertex -27.2 0.344666 13.2283
      vertex -27.2 0 13.25
    endloop
  endfacet
  facet normal -0 -0.0628351 -0.998024
    outer loop
      vertex -27.2 0.344666 13.2283
      vertex -37 0 13.25
      vertex -37 0.344666 13.2283
    endloop
  endfacet
  facet normal 0 -1 0
    outer loop
      vertex -37 2.74457 10.3273
      vertex -27.2 2.74457 10.6727
      vertex -37 2.74457 10.6727
    endloop
  endfacet
  facet normal 0 -1 -0
    outer loop
      vertex -27.2 2.74457 10.6727
      vertex -37 2.74457 10.3273
      vertex -27.2 2.74457 10.3273
    endloop
  endfacet
  facet normal 0 -0.728954 0.684563
    outer loop
      vertex -37 1.8825 8.49534
      vertex -27.2 2.11891 8.74708
      vertex -37 2.11891 8.74708
    endloop
  endfacet
  facet normal 0 -0.728954 0.684563
    outer loop
      vertex -27.2 2.11891 8.74708
      vertex -37 1.8825 8.49534
      vertex -27.2 1.8825 8.49534
    endloop
  endfacet
  facet normal 0 -0.729035 -0.684476
    outer loop
      vertex -37 2.11891 12.2529
      vertex -27.2 1.8825 12.5047
      vertex -37 1.8825 12.5047
    endloop
  endfacet
  facet normal 0 -0.729035 -0.684476
    outer loop
      vertex -27.2 1.8825 12.5047
      vertex -37 2.11891 12.2529
      vertex -27.2 2.11891 12.2529
    endloop
  endfacet
  facet normal 0 -0.929769 -0.368143
    outer loop
      vertex -37 2.61541 11.3498
      vertex -27.2 2.48827 11.6709
      vertex -37 2.48827 11.6709
    endloop
  endfacet
  facet normal 0 -0.929769 -0.368143
    outer loop
      vertex -27.2 2.48827 11.6709
      vertex -37 2.61541 11.3498
      vertex -27.2 2.61541 11.3498
    endloop
  endfacet
  facet normal 0 -0.425775 0.904829
    outer loop
      vertex -37 1.32482 8.09016
      vertex -27.2 1.01234 7.94312
      vertex -27.2 1.32482 8.09016
    endloop
  endfacet
  facet normal 0 -0.425775 0.904829
    outer loop
      vertex -27.2 1.01234 7.94312
      vertex -37 1.32482 8.09016
      vertex -37 1.01234 7.94312
    endloop
  endfacet
  facet normal 0 -0.929765 0.368153
    outer loop
      vertex -37 2.48827 9.32911
      vertex -27.2 2.61541 9.6502
      vertex -37 2.61541 9.6502
    endloop
  endfacet
  facet normal 0 -0.929765 0.368153
    outer loop
      vertex -27.2 2.61541 9.6502
      vertex -37 2.48827 9.32911
      vertex -27.2 2.48827 9.32911
    endloop
  endfacet
  facet normal 0 -0.809025 0.587774
    outer loop
      vertex -37 2.11891 8.74708
      vertex -27.2 2.3219 9.02648
      vertex -37 2.3219 9.02648
    endloop
  endfacet
  facet normal 0 -0.809025 0.587774
    outer loop
      vertex -27.2 2.3219 9.02648
      vertex -37 2.11891 8.74708
      vertex -27.2 2.11891 8.74708
    endloop
  endfacet
  facet normal 0 -0.535726 -0.844392
    outer loop
      vertex -37 1.32482 12.9098
      vertex -27.2 1.61641 12.7248
      vertex -27.2 1.32482 12.9098
    endloop
  endfacet
  facet normal -0 -0.535726 -0.844392
    outer loop
      vertex -27.2 1.61641 12.7248
      vertex -37 1.32482 12.9098
      vertex -37 1.61641 12.7248
    endloop
  endfacet
  facet normal 0 -0.637374 -0.770554
    outer loop
      vertex -37 1.61641 12.7248
      vertex -27.2 1.8825 12.5047
      vertex -27.2 1.61641 12.7248
    endloop
  endfacet
  facet normal -0 -0.637374 -0.770554
    outer loop
      vertex -27.2 1.8825 12.5047
      vertex -37 1.61641 12.7248
      vertex -37 1.8825 12.5047
    endloop
  endfacet
  facet normal 0 -0.187348 -0.982294
    outer loop
      vertex -37 0.344666 13.2283
      vertex -27.2 0.683897 13.1636
      vertex -27.2 0.344666 13.2283
    endloop
  endfacet
  facet normal -0 -0.187348 -0.982294
    outer loop
      vertex -27.2 0.683897 13.1636
      vertex -37 0.344666 13.2283
      vertex -37 0.683897 13.1636
    endloop
  endfacet
  facet normal 0 -0.876289 -0.481785
    outer loop
      vertex -37 2.48827 11.6709
      vertex -27.2 2.3219 11.9735
      vertex -37 2.3219 11.9735
    endloop
  endfacet
  facet normal 0 -0.876289 -0.481785
    outer loop
      vertex -27.2 2.3219 11.9735
      vertex -37 2.48827 11.6709
      vertex -27.2 2.48827 11.6709
    endloop
  endfacet
  facet normal 0 -0.992115 -0.125332
    outer loop
      vertex -37 2.74457 10.6727
      vertex -27.2 2.70129 11.0153
      vertex -37 2.70129 11.0153
    endloop
  endfacet
  facet normal 0 -0.992115 -0.125332
    outer loop
      vertex -27.2 2.70129 11.0153
      vertex -37 2.74457 10.6727
      vertex -27.2 2.74457 10.6727
    endloop
  endfacet
  facet normal -0 0.637443 0.770497
    outer loop
      vertex -37 -1.61641 8.2752
      vertex -27.2 -1.8825 8.49534
      vertex -27.2 -1.61641 8.2752
    endloop
  endfacet
  facet normal 0 0.637443 0.770497
    outer loop
      vertex -27.2 -1.8825 8.49534
      vertex -37 -1.61641 8.2752
      vertex -37 -1.8825 8.49534
    endloop
  endfacet
  facet normal 0 0.968587 -0.248676
    outer loop
      vertex -27.2 -2.70129 11.0153
      vertex -37 -2.61541 11.3498
      vertex -27.2 -2.61541 11.3498
    endloop
  endfacet
  facet normal 0 0.968587 -0.248676
    outer loop
      vertex -37 -2.61541 11.3498
      vertex -27.2 -2.70129 11.0153
      vertex -37 -2.70129 11.0153
    endloop
  endfacet
  facet normal 0 0.992115 0.125332
    outer loop
      vertex -27.2 -2.70129 9.9847
      vertex -37 -2.74457 10.3273
      vertex -27.2 -2.74457 10.3273
    endloop
  endfacet
  facet normal 0 0.992115 0.125332
    outer loop
      vertex -37 -2.74457 10.3273
      vertex -27.2 -2.70129 9.9847
      vertex -37 -2.70129 9.9847
    endloop
  endfacet
  facet normal 0 -0.309023 0.951054
    outer loop
      vertex -37 1.01234 7.94312
      vertex -27.2 0.683897 7.8364
      vertex -27.2 1.01234 7.94312
    endloop
  endfacet
  facet normal 0 -0.309023 0.951054
    outer loop
      vertex -27.2 0.683897 7.8364
      vertex -37 1.01234 7.94312
      vertex -37 0.683897 7.8364
    endloop
  endfacet
  facet normal 0 -0.187404 0.982283
    outer loop
      vertex -37 0.683897 7.8364
      vertex -27.2 0.344666 7.77168
      vertex -27.2 0.683897 7.8364
    endloop
  endfacet
  facet normal 0 -0.187404 0.982283
    outer loop
      vertex -27.2 0.344666 7.77168
      vertex -37 0.683897 7.8364
      vertex -37 0.344666 7.77168
    endloop
  endfacet
  facet normal 0 -0.637443 0.770497
    outer loop
      vertex -37 1.8825 8.49534
      vertex -27.2 1.61641 8.2752
      vertex -27.2 1.8825 8.49534
    endloop
  endfacet
  facet normal 0 -0.637443 0.770497
    outer loop
      vertex -27.2 1.61641 8.2752
      vertex -37 1.8825 8.49534
      vertex -37 1.61641 8.2752
    endloop
  endfacet
  facet normal 0 -0.535809 0.844339
    outer loop
      vertex -37 1.61641 8.2752
      vertex -27.2 1.32482 8.09016
      vertex -27.2 1.61641 8.2752
    endloop
  endfacet
  facet normal 0 -0.535809 0.844339
    outer loop
      vertex -27.2 1.32482 8.09016
      vertex -37 1.61641 8.2752
      vertex -37 1.32482 8.09016
    endloop
  endfacet
  facet normal 0 -0.968587 0.248676
    outer loop
      vertex -37 2.61541 9.6502
      vertex -27.2 2.70129 9.9847
      vertex -37 2.70129 9.9847
    endloop
  endfacet
  facet normal 0 -0.968587 0.248676
    outer loop
      vertex -27.2 2.70129 9.9847
      vertex -37 2.61541 9.6502
      vertex -27.2 2.61541 9.6502
    endloop
  endfacet
  facet normal 0 -0.992115 0.125332
    outer loop
      vertex -37 2.70129 9.9847
      vertex -27.2 2.74457 10.3273
      vertex -37 2.74457 10.3273
    endloop
  endfacet
  facet normal 0 -0.992115 0.125332
    outer loop
      vertex -27.2 2.74457 10.3273
      vertex -37 2.70129 9.9847
      vertex -27.2 2.70129 9.9847
    endloop
  endfacet
  facet normal 0 -0.876309 0.481749
    outer loop
      vertex -37 2.3219 9.02648
      vertex -27.2 2.48827 9.32911
      vertex -37 2.48827 9.32911
    endloop
  endfacet
  facet normal 0 -0.876309 0.481749
    outer loop
      vertex -27.2 2.48827 9.32911
      vertex -37 2.3219 9.02648
      vertex -27.2 2.3219 9.02648
    endloop
  endfacet
  facet normal 0 -0.425917 -0.904762
    outer loop
      vertex -37 1.01234 13.0569
      vertex -27.2 1.32482 12.9098
      vertex -27.2 1.01234 13.0569
    endloop
  endfacet
  facet normal -0 -0.425917 -0.904762
    outer loop
      vertex -27.2 1.32482 12.9098
      vertex -37 1.01234 13.0569
      vertex -37 1.32482 12.9098
    endloop
  endfacet
  facet normal 0 -0.308971 -0.951071
    outer loop
      vertex -37 0.683897 13.1636
      vertex -27.2 1.01234 13.0569
      vertex -27.2 0.683897 13.1636
    endloop
  endfacet
  facet normal -0 -0.308971 -0.951071
    outer loop
      vertex -27.2 1.01234 13.0569
      vertex -37 0.683897 13.1636
      vertex -37 1.01234 13.0569
    endloop
  endfacet
  facet normal 0 -0.968587 -0.248676
    outer loop
      vertex -37 2.70129 11.0153
      vertex -27.2 2.61541 11.3498
      vertex -37 2.61541 11.3498
    endloop
  endfacet
  facet normal 0 -0.968587 -0.248676
    outer loop
      vertex -27.2 2.61541 11.3498
      vertex -37 2.70129 11.0153
      vertex -27.2 2.70129 11.0153
    endloop
  endfacet
  facet normal -0 0.0627774 0.998028
    outer loop
      vertex -37 0 7.75
      vertex -27.2 -0.344666 7.77168
      vertex -27.2 0 7.75
    endloop
  endfacet
  facet normal 0 0.0627774 0.998028
    outer loop
      vertex -27.2 -0.344666 7.77168
      vertex -37 0 7.75
      vertex -37 -0.344666 7.77168
    endloop
  endfacet
  facet normal 0 0.876309 0.481749
    outer loop
      vertex -27.2 -2.3219 9.02648
      vertex -37 -2.48827 9.32911
      vertex -27.2 -2.48827 9.32911
    endloop
  endfacet
  facet normal 0 0.876309 0.481749
    outer loop
      vertex -37 -2.48827 9.32911
      vertex -27.2 -2.3219 9.02648
      vertex -37 -2.3219 9.02648
    endloop
  endfacet
  facet normal 0 0.0628351 -0.998024
    outer loop
      vertex -37 -0.344666 13.2283
      vertex -27.2 0 13.25
      vertex -27.2 -0.344666 13.2283
    endloop
  endfacet
  facet normal 0 0.0628351 -0.998024
    outer loop
      vertex -27.2 0 13.25
      vertex -37 -0.344666 13.2283
      vertex -37 0 13.25
    endloop
  endfacet
  facet normal 0 0.308971 -0.951071
    outer loop
      vertex -37 -1.01234 13.0569
      vertex -27.2 -0.683897 13.1636
      vertex -27.2 -1.01234 13.0569
    endloop
  endfacet
  facet normal 0 0.308971 -0.951071
    outer loop
      vertex -27.2 -0.683897 13.1636
      vertex -37 -1.01234 13.0569
      vertex -37 -0.683897 13.1636
    endloop
  endfacet
  facet normal 0 0.929765 0.368153
    outer loop
      vertex -27.2 -2.48827 9.32911
      vertex -37 -2.61541 9.6502
      vertex -27.2 -2.61541 9.6502
    endloop
  endfacet
  facet normal 0 0.929765 0.368153
    outer loop
      vertex -37 -2.61541 9.6502
      vertex -27.2 -2.48827 9.32911
      vertex -37 -2.48827 9.32911
    endloop
  endfacet
  facet normal 0 0.968587 0.248676
    outer loop
      vertex -27.2 -2.61541 9.6502
      vertex -37 -2.70129 9.9847
      vertex -27.2 -2.70129 9.9847
    endloop
  endfacet
  facet normal 0 0.968587 0.248676
    outer loop
      vertex -37 -2.70129 9.9847
      vertex -27.2 -2.61541 9.6502
      vertex -37 -2.61541 9.6502
    endloop
  endfacet
  facet normal 0 -0.809025 -0.587774
    outer loop
      vertex -37 2.3219 11.9735
      vertex -27.2 2.11891 12.2529
      vertex -37 2.11891 12.2529
    endloop
  endfacet
  facet normal 0 -0.809025 -0.587774
    outer loop
      vertex -27.2 2.11891 12.2529
      vertex -37 2.3219 11.9735
      vertex -27.2 2.3219 11.9735
    endloop
  endfacet
  facet normal -0 0.309023 0.951054
    outer loop
      vertex -37 -0.683897 7.8364
      vertex -27.2 -1.01234 7.94312
      vertex -27.2 -0.683897 7.8364
    endloop
  endfacet
  facet normal 0 0.309023 0.951054
    outer loop
      vertex -27.2 -1.01234 7.94312
      vertex -37 -0.683897 7.8364
      vertex -37 -1.01234 7.94312
    endloop
  endfacet
  facet normal -0 0.187404 0.982283
    outer loop
      vertex -37 -0.344666 7.77168
      vertex -27.2 -0.683897 7.8364
      vertex -27.2 -0.344666 7.77168
    endloop
  endfacet
  facet normal 0 0.187404 0.982283
    outer loop
      vertex -27.2 -0.683897 7.8364
      vertex -37 -0.344666 7.77168
      vertex -37 -0.683897 7.8364
    endloop
  endfacet
  facet normal -0 0.425775 0.904829
    outer loop
      vertex -37 -1.01234 7.94312
      vertex -27.2 -1.32482 8.09016
      vertex -27.2 -1.01234 7.94312
    endloop
  endfacet
  facet normal 0 0.425775 0.904829
    outer loop
      vertex -27.2 -1.32482 8.09016
      vertex -37 -1.01234 7.94312
      vertex -37 -1.32482 8.09016
    endloop
  endfacet
  facet normal -0 0.535809 0.844339
    outer loop
      vertex -37 -1.32482 8.09016
      vertex -27.2 -1.61641 8.2752
      vertex -27.2 -1.32482 8.09016
    endloop
  endfacet
  facet normal 0 0.535809 0.844339
    outer loop
      vertex -27.2 -1.61641 8.2752
      vertex -37 -1.32482 8.09016
      vertex -37 -1.61641 8.2752
    endloop
  endfacet
  facet normal 0 1 -0
    outer loop
      vertex -27.2 -2.74457 10.3273
      vertex -37 -2.74457 10.6727
      vertex -27.2 -2.74457 10.6727
    endloop
  endfacet
  facet normal 0 1 0
    outer loop
      vertex -37 -2.74457 10.6727
      vertex -27.2 -2.74457 10.3273
      vertex -37 -2.74457 10.3273
    endloop
  endfacet
  facet normal 0 0.929769 -0.368143
    outer loop
      vertex -27.2 -2.61541 11.3498
      vertex -37 -2.48827 11.6709
      vertex -27.2 -2.48827 11.6709
    endloop
  endfacet
  facet normal 0 0.929769 -0.368143
    outer loop
      vertex -37 -2.48827 11.6709
      vertex -27.2 -2.61541 11.3498
      vertex -37 -2.61541 11.3498
    endloop
  endfacet
  facet normal 0 0.637374 -0.770554
    outer loop
      vertex -37 -1.8825 12.5047
      vertex -27.2 -1.61641 12.7248
      vertex -27.2 -1.8825 12.5047
    endloop
  endfacet
  facet normal 0 0.637374 -0.770554
    outer loop
      vertex -27.2 -1.61641 12.7248
      vertex -37 -1.8825 12.5047
      vertex -37 -1.61641 12.7248
    endloop
  endfacet
  facet normal 0 0.425917 -0.904762
    outer loop
      vertex -37 -1.32482 12.9098
      vertex -27.2 -1.01234 13.0569
      vertex -27.2 -1.32482 12.9098
    endloop
  endfacet
  facet normal 0 0.425917 -0.904762
    outer loop
      vertex -27.2 -1.01234 13.0569
      vertex -37 -1.32482 12.9098
      vertex -37 -1.01234 13.0569
    endloop
  endfacet
  facet normal 0 0.187348 -0.982294
    outer loop
      vertex -37 -0.683897 13.1636
      vertex -27.2 -0.344666 13.2283
      vertex -27.2 -0.683897 13.1636
    endloop
  endfacet
  facet normal 0 0.187348 -0.982294
    outer loop
      vertex -27.2 -0.344666 13.2283
      vertex -37 -0.683897 13.1636
      vertex -37 -0.344666 13.2283
    endloop
  endfacet
  facet normal 0 0.809025 0.587774
    outer loop
      vertex -27.2 -2.11891 8.74708
      vertex -37 -2.3219 9.02648
      vertex -27.2 -2.3219 9.02648
    endloop
  endfacet
  facet normal 0 0.809025 0.587774
    outer loop
      vertex -37 -2.3219 9.02648
      vertex -27.2 -2.11891 8.74708
      vertex -37 -2.11891 8.74708
    endloop
  endfacet
  facet normal 0 0.992115 -0.125332
    outer loop
      vertex -27.2 -2.74457 10.6727
      vertex -37 -2.70129 11.0153
      vertex -27.2 -2.70129 11.0153
    endloop
  endfacet
  facet normal 0 0.992115 -0.125332
    outer loop
      vertex -37 -2.70129 11.0153
      vertex -27.2 -2.74457 10.6727
      vertex -37 -2.74457 10.6727
    endloop
  endfacet
  facet normal 0 0.876289 -0.481785
    outer loop
      vertex -27.2 -2.48827 11.6709
      vertex -37 -2.3219 11.9735
      vertex -27.2 -2.3219 11.9735
    endloop
  endfacet
  facet normal 0 0.876289 -0.481785
    outer loop
      vertex -37 -2.3219 11.9735
      vertex -27.2 -2.48827 11.6709
      vertex -37 -2.48827 11.6709
    endloop
  endfacet
  facet normal 0 0.535726 -0.844392
    outer loop
      vertex -37 -1.61641 12.7248
      vertex -27.2 -1.32482 12.9098
      vertex -27.2 -1.61641 12.7248
    endloop
  endfacet
  facet normal 0 0.535726 -0.844392
    outer loop
      vertex -27.2 -1.32482 12.9098
      vertex -37 -1.61641 12.7248
      vertex -37 -1.32482 12.9098
    endloop
  endfacet
  facet normal 0 0.728954 0.684563
    outer loop
      vertex -27.2 -1.8825 8.49534
      vertex -37 -2.11891 8.74708
      vertex -27.2 -2.11891 8.74708
    endloop
  endfacet
  facet normal 0 0.728954 0.684563
    outer loop
      vertex -37 -2.11891 8.74708
      vertex -27.2 -1.8825 8.49534
      vertex -37 -1.8825 8.49534
    endloop
  endfacet
  facet normal 0 0.809025 -0.587774
    outer loop
      vertex -27.2 -2.3219 11.9735
      vertex -37 -2.11891 12.2529
      vertex -27.2 -2.11891 12.2529
    endloop
  endfacet
  facet normal 0 0.809025 -0.587774
    outer loop
      vertex -37 -2.11891 12.2529
      vertex -27.2 -2.3219 11.9735
      vertex -37 -2.3219 11.9735
    endloop
  endfacet
  facet normal 0 0.729035 -0.684476
    outer loop
      vertex -27.2 -2.11891 12.2529
      vertex -37 -1.8825 12.5047
      vertex -27.2 -1.8825 12.5047
    endloop
  endfacet
  facet normal 0 0.729035 -0.684476
    outer loop
      vertex -37 -1.8825 12.5047
      vertex -27.2 -2.11891 12.2529
      vertex -37 -2.11891 12.2529
    endloop
  endfacet
  facet normal 0.568943 -0.45075 0.687843
    outer loop
      vertex 12.355 8.5 6.85942
      vertex 13.3742 12.7 8.7687
      vertex 11.9195 8.5 7.21964
    endloop
  endfacet
  facet normal -0.0560439 -0.450748 0.89089
    outer loop
      vertex 15.564 8.5 6.03548
      vertex 15 12.7 8.125
      vertex 15 8.5 6
    endloop
  endfacet
  facet normal -0.0560509 -0.450749 0.890889
    outer loop
      vertex 15.564 8.5 6.03548
      vertex 15.2977 12.7 8.14373
      vertex 15 12.7 8.125
    endloop
  endfacet
  facet normal 0.0560509 -0.450749 0.890889
    outer loop
      vertex 15 12.7 8.125
      vertex 14.7023 12.7 8.14373
      vertex 14.436 8.5 6.03548
    endloop
  endfacet
  facet normal 0.167343 -0.450738 -0.876831
    outer loop
      vertex 14.7023 12.7 12.8563
      vertex 14.436 8.5 14.9645
      vertex 14.4094 12.7 12.8004
    endloop
  endfacet
  facet normal -0.864621 -0.450757 -0.22192
    outer loop
      vertex 19.4203 8.5 11.3432
      vertex 19.2798 8.5 11.8906
      vertex 17.3329 12.7 10.945
    endloop
  endfacet
  facet normal 0.885606 -0.450747 0.111935
    outer loop
      vertex 12.6671 12.7 10.055
      vertex 12.6297 12.7 10.3509
      vertex 10.5089 8.5 10.2174
    endloop
  endfacet
  facet normal 0.16728 -0.450749 0.876837
    outer loop
      vertex 14.436 8.5 6.03548
      vertex 14.4094 12.7 8.19962
      vertex 13.8809 8.5 6.14138
    endloop
  endfacet
  facet normal 0.380086 -0.450746 0.80769
    outer loop
      vertex 13.3434 8.5 6.31601
      vertex 13.8558 12.7 8.41877
      vertex 12.8321 8.5 6.55662
    endloop
  endfacet
  facet normal 0.650647 -0.450737 -0.611142
    outer loop
      vertex 13.17 12.7 12.0139
      vertex 13.3742 12.7 12.2313
      vertex 11.5327 8.5 13.3684
    endloop
  endfacet
  facet normal -0.885606 -0.450747 -0.111935
    outer loop
      vertex 17.3703 12.7 10.6491
      vertex 19.4911 8.5 10.7826
      vertex 17.3329 12.7 10.945
    endloop
  endfacet
  facet normal -0.568985 -0.450749 -0.68781
    outer loop
      vertex 16.6258 12.7 12.2313
      vertex 17.645 8.5 14.1406
      vertex 16.396 12.7 12.4214
    endloop
  endfacet
  facet normal 0.275824 -0.45075 0.848967
    outer loop
      vertex 13.8809 8.5 6.14138
      vertex 14.4094 12.7 8.19962
      vertex 13.3434 8.5 6.31601
    endloop
  endfacet
  facet normal 0.0560439 -0.450748 0.89089
    outer loop
      vertex 15 8.5 6
      vertex 15 12.7 8.125
      vertex 14.436 8.5 6.03548
    endloop
  endfacet
  facet normal 0.275791 -0.450747 0.848979
    outer loop
      vertex 14.4094 12.7 8.19962
      vertex 14.1257 12.7 8.29178
      vertex 13.3434 8.5 6.31601
    endloop
  endfacet
  facet normal 0.478335 -0.450744 0.753675
    outer loop
      vertex 13.8558 12.7 8.41877
      vertex 13.604 12.7 8.57858
      vertex 12.8321 8.5 6.55662
    endloop
  endfacet
  facet normal 0.380034 -0.450751 0.807711
    outer loop
      vertex 14.1257 12.7 8.29178
      vertex 13.8558 12.7 8.41877
      vertex 13.3434 8.5 6.31601
    endloop
  endfacet
  facet normal 0.782215 -0.450749 0.430075
    outer loop
      vertex 12.9947 12.7 9.22741
      vertex 12.851 12.7 9.48877
      vertex 11.2005 8.5 8.08878
    endloop
  endfacet
  facet normal 0.782269 -0.450741 0.429986
    outer loop
      vertex 11.2005 8.5 8.08878
      vertex 12.851 12.7 9.48877
      vertex 10.9283 8.5 8.58399
    endloop
  endfacet
  facet normal -0.782269 -0.450741 0.429986
    outer loop
      vertex 18.7995 8.5 8.08878
      vertex 19.0717 8.5 8.58399
      vertex 17.149 12.7 9.48877
    endloop
  endfacet
  facet normal -0.275782 -0.450745 -0.848984
    outer loop
      vertex 16.6566 8.5 14.684
      vertex 16.1191 8.5 14.8586
      vertex 15.5906 12.7 12.8004
    endloop
  endfacet
  facet normal -0.782245 -0.450745 -0.430025
    outer loop
      vertex 17.149 12.7 11.5112
      vertex 18.7995 8.5 12.9112
      vertex 17.0053 12.7 11.7726
    endloop
  endfacet
  facet normal 0.167313 -0.450747 0.876832
    outer loop
      vertex 14.436 8.5 6.03548
      vertex 14.7023 12.7 8.14373
      vertex 14.4094 12.7 8.19962
    endloop
  endfacet
  facet normal 0.478333 -0.450745 0.753675
    outer loop
      vertex 12.8321 8.5 6.55662
      vertex 13.604 12.7 8.57858
      vertex 12.355 8.5 6.85942
    endloop
  endfacet
  facet normal 0.569022 -0.450742 0.687783
    outer loop
      vertex 13.604 12.7 8.57858
      vertex 13.3742 12.7 8.7687
      vertex 12.355 8.5 6.85942
    endloop
  endfacet
  facet normal 0.829933 -0.450741 0.3287
    outer loop
      vertex 10.9283 8.5 8.58399
      vertex 12.851 12.7 9.48877
      vertex 10.7202 8.5 9.10942
    endloop
  endfacet
  facet normal 0.650674 -0.450742 0.61111
    outer loop
      vertex 13.3742 12.7 8.7687
      vertex 13.17 12.7 8.98612
      vertex 11.5327 8.5 7.63159
    endloop
  endfacet
  facet normal 0.864669 -0.450743 0.221764
    outer loop
      vertex 12.7412 12.7 9.76608
      vertex 12.6671 12.7 10.055
      vertex 10.7202 8.5 9.10942
    endloop
  endfacet
  facet normal 0.275782 -0.450745 -0.848984
    outer loop
      vertex 14.4094 12.7 12.8004
      vertex 13.8809 8.5 14.8586
      vertex 13.3434 8.5 14.684
    endloop
  endfacet
  facet normal 0.16728 -0.450743 -0.87684
    outer loop
      vertex 14.4094 12.7 12.8004
      vertex 14.436 8.5 14.9645
      vertex 13.8809 8.5 14.8586
    endloop
  endfacet
  facet normal 0.829956 -0.45075 -0.32863
    outer loop
      vertex 12.7412 12.7 11.2339
      vertex 12.851 12.7 11.5112
      vertex 10.7202 8.5 11.8906
    endloop
  endfacet
  facet normal 0.864621 -0.450757 -0.22192
    outer loop
      vertex 12.6671 12.7 10.945
      vertex 10.7202 8.5 11.8906
      vertex 10.5797 8.5 11.3432
    endloop
  endfacet
  facet normal 0.864664 -0.450745 -0.221778
    outer loop
      vertex 12.6671 12.7 10.945
      vertex 12.7412 12.7 11.2339
      vertex 10.7202 8.5 11.8906
    endloop
  endfacet
  facet normal 0.722192 -0.450746 -0.524659
    outer loop
      vertex 12.9947 12.7 11.7726
      vertex 13.17 12.7 12.0139
      vertex 11.2005 8.5 12.9112
    endloop
  endfacet
  facet normal 0.722154 -0.45074 -0.524715
    outer loop
      vertex 13.17 12.7 12.0139
      vertex 11.5327 8.5 13.3684
      vertex 11.2005 8.5 12.9112
    endloop
  endfacet
  facet normal 0.478311 -0.450752 -0.753685
    outer loop
      vertex 13.604 12.7 12.4214
      vertex 13.8558 12.7 12.5812
      vertex 12.8321 8.5 14.4434
    endloop
  endfacet
  facet normal 0.650786 -0.450755 -0.610981
    outer loop
      vertex 13.3742 12.7 12.2313
      vertex 11.9195 8.5 13.7804
      vertex 11.5327 8.5 13.3684
    endloop
  endfacet
  facet normal -0.65075 -0.450751 0.611021
    outer loop
      vertex 18.0805 8.5 7.21964
      vertex 18.4673 8.5 7.63159
      vertex 16.6258 12.7 8.7687
    endloop
  endfacet
  facet normal -0.72218 -0.450749 0.524672
    outer loop
      vertex 18.7995 8.5 8.08878
      vertex 17.0053 12.7 9.22741
      vertex 16.83 12.7 8.98612
    endloop
  endfacet
  facet normal -0.885614 -0.450754 0.111845
    outer loop
      vertex 19.4203 8.5 9.65679
      vertex 19.4911 8.5 10.2174
      vertex 17.3329 12.7 10.055
    endloop
  endfacet
  facet normal -0.885613 -0.450754 -0.111847
    outer loop
      vertex 19.4911 8.5 10.7826
      vertex 19.4203 8.5 11.3432
      vertex 17.3329 12.7 10.945
    endloop
  endfacet
  facet normal -0.16728 -0.450743 -0.87684
    outer loop
      vertex 15.5906 12.7 12.8004
      vertex 16.1191 8.5 14.8586
      vertex 15.564 8.5 14.9645
    endloop
  endfacet
  facet normal -0.478311 -0.450752 -0.753685
    outer loop
      vertex 16.396 12.7 12.4214
      vertex 17.1679 8.5 14.4434
      vertex 16.1442 12.7 12.5812
    endloop
  endfacet
  facet normal -0.478332 -0.45075 -0.753673
    outer loop
      vertex 17.645 8.5 14.1406
      vertex 17.1679 8.5 14.4434
      vertex 16.396 12.7 12.4214
    endloop
  endfacet
  facet normal -0.568923 -0.450755 -0.687857
    outer loop
      vertex 18.0805 8.5 13.7804
      vertex 17.645 8.5 14.1406
      vertex 16.6258 12.7 12.2313
    endloop
  endfacet
  facet normal 0.864618 -0.450757 0.221932
    outer loop
      vertex 10.7202 8.5 9.10942
      vertex 12.6671 12.7 10.055
      vertex 10.5797 8.5 9.65679
    endloop
  endfacet
  facet normal 0.885614 -0.450754 0.111845
    outer loop
      vertex 10.5797 8.5 9.65679
      vertex 12.6671 12.7 10.055
      vertex 10.5089 8.5 10.2174
    endloop
  endfacet
  facet normal 0.722148 -0.450744 0.524722
    outer loop
      vertex 11.5327 8.5 7.63159
      vertex 13.17 12.7 8.98612
      vertex 11.2005 8.5 8.08878
    endloop
  endfacet
  facet normal 0.65075 -0.450751 0.611021
    outer loop
      vertex 11.9195 8.5 7.21964
      vertex 13.3742 12.7 8.7687
      vertex 11.5327 8.5 7.63159
    endloop
  endfacet
  facet normal 0.829926 -0.450743 -0.328716
    outer loop
      vertex 12.851 12.7 11.5112
      vertex 10.9283 8.5 12.416
      vertex 10.7202 8.5 11.8906
    endloop
  endfacet
  facet normal 0.885613 -0.450754 -0.111847
    outer loop
      vertex 12.6671 12.7 10.945
      vertex 10.5797 8.5 11.3432
      vertex 10.5089 8.5 10.7826
    endloop
  endfacet
  facet normal 0.568923 -0.450755 -0.687857
    outer loop
      vertex 13.3742 12.7 12.2313
      vertex 12.355 8.5 14.1406
      vertex 11.9195 8.5 13.7804
    endloop
  endfacet
  facet normal -0.478333 -0.450745 0.753675
    outer loop
      vertex 17.1679 8.5 6.55662
      vertex 17.645 8.5 6.85942
      vertex 16.396 12.7 8.57858
    endloop
  endfacet
  facet normal -0.568943 -0.45075 0.687843
    outer loop
      vertex 17.645 8.5 6.85942
      vertex 18.0805 8.5 7.21964
      vertex 16.6258 12.7 8.7687
    endloop
  endfacet
  facet normal -0.864618 -0.450757 0.221932
    outer loop
      vertex 19.2798 8.5 9.10942
      vertex 19.4203 8.5 9.65679
      vertex 17.3329 12.7 10.055
    endloop
  endfacet
  facet normal -0.782215 -0.450749 0.430075
    outer loop
      vertex 18.7995 8.5 8.08878
      vertex 17.149 12.7 9.48877
      vertex 17.0053 12.7 9.22741
    endloop
  endfacet
  facet normal -0.722154 -0.45074 -0.524715
    outer loop
      vertex 18.7995 8.5 12.9112
      vertex 18.4673 8.5 13.3684
      vertex 16.83 12.7 12.0139
    endloop
  endfacet
  facet normal -0.650647 -0.450737 -0.611142
    outer loop
      vertex 16.83 12.7 12.0139
      vertex 18.4673 8.5 13.3684
      vertex 16.6258 12.7 12.2313
    endloop
  endfacet
  facet normal -0.829926 -0.450743 -0.328716
    outer loop
      vertex 19.2798 8.5 11.8906
      vertex 19.0717 8.5 12.416
      vertex 17.149 12.7 11.5112
    endloop
  endfacet
  facet normal -0.782264 -0.450742 -0.429993
    outer loop
      vertex 19.0717 8.5 12.416
      vertex 18.7995 8.5 12.9112
      vertex 17.149 12.7 11.5112
    endloop
  endfacet
  facet normal -0.829956 -0.45075 -0.32863
    outer loop
      vertex 17.2588 12.7 11.2339
      vertex 19.2798 8.5 11.8906
      vertex 17.149 12.7 11.5112
    endloop
  endfacet
  facet normal -0.864664 -0.450745 -0.221778
    outer loop
      vertex 17.3329 12.7 10.945
      vertex 19.2798 8.5 11.8906
      vertex 17.2588 12.7 11.2339
    endloop
  endfacet
  facet normal -0.380072 -0.450753 -0.807692
    outer loop
      vertex 17.1679 8.5 14.4434
      vertex 16.6566 8.5 14.684
      vertex 16.1442 12.7 12.5812
    endloop
  endfacet
  facet normal -0.0560754 -0.450747 -0.890889
    outer loop
      vertex 15 12.7 12.875
      vertex 15.564 8.5 14.9645
      vertex 15 8.5 15
    endloop
  endfacet
  facet normal -0.0559618 -0.450738 -0.8909
    outer loop
      vertex 15.2977 12.7 12.8563
      vertex 15.564 8.5 14.9645
      vertex 15 12.7 12.875
    endloop
  endfacet
  facet normal 0.829961 -0.450748 0.32862
    outer loop
      vertex 12.851 12.7 9.48877
      vertex 12.7412 12.7 9.76608
      vertex 10.7202 8.5 9.10942
    endloop
  endfacet
  facet normal 0.72218 -0.450749 0.524672
    outer loop
      vertex 13.17 12.7 8.98612
      vertex 12.9947 12.7 9.22741
      vertex 11.2005 8.5 8.08878
    endloop
  endfacet
  facet normal 0.380072 -0.450753 -0.807692
    outer loop
      vertex 13.8558 12.7 12.5812
      vertex 13.3434 8.5 14.684
      vertex 12.8321 8.5 14.4434
    endloop
  endfacet
  facet normal 0.782264 -0.450742 -0.429993
    outer loop
      vertex 12.851 12.7 11.5112
      vertex 11.2005 8.5 12.9112
      vertex 10.9283 8.5 12.416
    endloop
  endfacet
  facet normal 0.782245 -0.450745 -0.430025
    outer loop
      vertex 12.851 12.7 11.5112
      vertex 12.9947 12.7 11.7726
      vertex 11.2005 8.5 12.9112
    endloop
  endfacet
  facet normal 0.892652 -0.450747 0
    outer loop
      vertex 10.5089 8.5 10.7826
      vertex 12.6297 12.7 10.3509
      vertex 12.6297 12.7 10.6491
    endloop
  endfacet
  facet normal 0.892652 -0.450747 0
    outer loop
      vertex 12.6297 12.7 10.3509
      vertex 10.5089 8.5 10.7826
      vertex 10.5089 8.5 10.2174
    endloop
  endfacet
  facet normal 0.568985 -0.450749 -0.68781
    outer loop
      vertex 13.3742 12.7 12.2313
      vertex 13.604 12.7 12.4214
      vertex 12.355 8.5 14.1406
    endloop
  endfacet
  facet normal 0.478332 -0.45075 -0.753673
    outer loop
      vertex 13.604 12.7 12.4214
      vertex 12.8321 8.5 14.4434
      vertex 12.355 8.5 14.1406
    endloop
  endfacet
  facet normal -0.650674 -0.450742 0.61111
    outer loop
      vertex 18.4673 8.5 7.63159
      vertex 16.83 12.7 8.98612
      vertex 16.6258 12.7 8.7687
    endloop
  endfacet
  facet normal -0.722148 -0.450744 0.524722
    outer loop
      vertex 18.4673 8.5 7.63159
      vertex 18.7995 8.5 8.08878
      vertex 16.83 12.7 8.98612
    endloop
  endfacet
  facet normal -0.885606 -0.450747 0.111935
    outer loop
      vertex 19.4911 8.5 10.2174
      vertex 17.3703 12.7 10.3509
      vertex 17.3329 12.7 10.055
    endloop
  endfacet
  facet normal -0.829933 -0.450741 0.3287
    outer loop
      vertex 19.0717 8.5 8.58399
      vertex 19.2798 8.5 9.10942
      vertex 17.149 12.7 9.48877
    endloop
  endfacet
  facet normal -0.864669 -0.450743 0.221764
    outer loop
      vertex 19.2798 8.5 9.10942
      vertex 17.3329 12.7 10.055
      vertex 17.2588 12.7 9.76608
    endloop
  endfacet
  facet normal -0.829961 -0.450748 0.32862
    outer loop
      vertex 19.2798 8.5 9.10942
      vertex 17.2588 12.7 9.76608
      vertex 17.149 12.7 9.48877
    endloop
  endfacet
  facet normal -0.722192 -0.450746 -0.524659
    outer loop
      vertex 17.0053 12.7 11.7726
      vertex 18.7995 8.5 12.9112
      vertex 16.83 12.7 12.0139
    endloop
  endfacet
  facet normal -0.650786 -0.450755 -0.610981
    outer loop
      vertex 18.4673 8.5 13.3684
      vertex 18.0805 8.5 13.7804
      vertex 16.6258 12.7 12.2313
    endloop
  endfacet
  facet normal -0.275898 -0.450755 -0.84894
    outer loop
      vertex 15.8743 12.7 12.7082
      vertex 16.6566 8.5 14.684
      vertex 15.5906 12.7 12.8004
    endloop
  endfacet
  facet normal -0.380058 -0.450755 -0.807698
    outer loop
      vertex 16.1442 12.7 12.5812
      vertex 16.6566 8.5 14.684
      vertex 15.8743 12.7 12.7082
    endloop
  endfacet
  facet normal 0.0560754 -0.450747 -0.890889
    outer loop
      vertex 15 12.7 12.875
      vertex 15 8.5 15
      vertex 14.436 8.5 14.9645
    endloop
  endfacet
  facet normal 0.380058 -0.450755 -0.807698
    outer loop
      vertex 13.8558 12.7 12.5812
      vertex 14.1257 12.7 12.7082
      vertex 13.3434 8.5 14.684
    endloop
  endfacet
  facet normal 0.275898 -0.450755 -0.84894
    outer loop
      vertex 14.1257 12.7 12.7082
      vertex 14.4094 12.7 12.8004
      vertex 13.3434 8.5 14.684
    endloop
  endfacet
  facet normal 0.885606 -0.450747 -0.111935
    outer loop
      vertex 12.6297 12.7 10.6491
      vertex 12.6671 12.7 10.945
      vertex 10.5089 8.5 10.7826
    endloop
  endfacet
  facet normal -0.569022 -0.450742 0.687783
    outer loop
      vertex 17.645 8.5 6.85942
      vertex 16.6258 12.7 8.7687
      vertex 16.396 12.7 8.57858
    endloop
  endfacet
  facet normal -0.275824 -0.45075 0.848967
    outer loop
      vertex 16.1191 8.5 6.14138
      vertex 16.6566 8.5 6.31601
      vertex 15.5906 12.7 8.19962
    endloop
  endfacet
  facet normal -0.167313 -0.450747 0.876832
    outer loop
      vertex 15.564 8.5 6.03548
      vertex 15.5906 12.7 8.19962
      vertex 15.2977 12.7 8.14373
    endloop
  endfacet
  facet normal -0.380086 -0.450746 0.80769
    outer loop
      vertex 16.6566 8.5 6.31601
      vertex 17.1679 8.5 6.55662
      vertex 16.1442 12.7 8.41877
    endloop
  endfacet
  facet normal -0.478335 -0.450744 0.753675
    outer loop
      vertex 17.1679 8.5 6.55662
      vertex 16.396 12.7 8.57858
      vertex 16.1442 12.7 8.41877
    endloop
  endfacet
  facet normal -0.892652 -0.450747 0
    outer loop
      vertex 19.4911 8.5 10.2174
      vertex 17.3703 12.7 10.6491
      vertex 17.3703 12.7 10.3509
    endloop
  endfacet
  facet normal -0.892652 -0.450747 0
    outer loop
      vertex 17.3703 12.7 10.6491
      vertex 19.4911 8.5 10.2174
      vertex 19.4911 8.5 10.7826
    endloop
  endfacet
  facet normal 0.0559618 -0.450738 -0.8909
    outer loop
      vertex 14.7023 12.7 12.8563
      vertex 15 12.7 12.875
      vertex 14.436 8.5 14.9645
    endloop
  endfacet
  facet normal -0.380034 -0.450751 0.807711
    outer loop
      vertex 16.6566 8.5 6.31601
      vertex 16.1442 12.7 8.41877
      vertex 15.8743 12.7 8.29178
    endloop
  endfacet
  facet normal -0.275791 -0.450747 0.848979
    outer loop
      vertex 16.6566 8.5 6.31601
      vertex 15.8743 12.7 8.29178
      vertex 15.5906 12.7 8.19962
    endloop
  endfacet
  facet normal -0.16728 -0.450749 0.876837
    outer loop
      vertex 16.1191 8.5 6.14138
      vertex 15.5906 12.7 8.19962
      vertex 15.564 8.5 6.03548
    endloop
  endfacet
  facet normal -0.167343 -0.450738 -0.876831
    outer loop
      vertex 15.5906 12.7 12.8004
      vertex 15.564 8.5 14.9645
      vertex 15.2977 12.7 12.8563
    endloop
  endfacet
  facet normal -0.0627837 0 0.998027
    outer loop
      vertex 15 8.5 6
      vertex 15.564 3.2093 6.03548
      vertex 15.564 8.5 6.03548
    endloop
  endfacet
  facet normal -0.0627837 0 0.998027
    outer loop
      vertex 15.564 3.2093 6.03548
      vertex 15 8.5 6
      vertex 15 3.15339 6
    endloop
  endfacet
  facet normal -0.0628189 -0 -0.998025
    outer loop
      vertex 15 8.5 15
      vertex 15.564 3.2093 14.9645
      vertex 15 3.15339 15
    endloop
  endfacet
  facet normal -0.0628189 0 -0.998025
    outer loop
      vertex 15.564 3.2093 14.9645
      vertex 15 8.5 15
      vertex 15.564 8.5 14.9645
    endloop
  endfacet
  facet normal -1 0 0
    outer loop
      vertex 19.4911 5.48915 10.2174
      vertex 19.4911 8.5 10.7826
      vertex 19.4911 8.5 10.2174
    endloop
  endfacet
  facet normal -1 -0 0
    outer loop
      vertex 19.4911 8.5 10.7826
      vertex 19.4911 5.48915 10.2174
      vertex 19.4911 5.48915 10.7826
    endloop
  endfacet
  facet normal -0.72901 0 0.684503
    outer loop
      vertex 18.0805 8.5 7.21964
      vertex 18.4673 4.68704 7.63159
      vertex 18.4673 8.5 7.63159
    endloop
  endfacet
  facet normal -0.72918 -3.68235e-05 0.684322
    outer loop
      vertex 18.0805 8.5 7.21964
      vertex 18.3935 4.6438 7.55295
      vertex 18.4673 4.68704 7.63159
    endloop
  endfacet
  facet normal -0.728967 0 0.684548
    outer loop
      vertex 18.3935 4.6438 7.55295
      vertex 18.0805 8.5 7.21964
      vertex 18.0805 4.40164 7.21964
    endloop
  endfacet
  facet normal -0.729051 0 -0.684459
    outer loop
      vertex 18.4673 4.68704 13.3684
      vertex 18.0805 8.5 13.7804
      vertex 18.4673 8.5 13.3684
    endloop
  endfacet
  facet normal -0.729018 7.16359e-06 -0.684494
    outer loop
      vertex 18.3935 4.6438 13.447
      vertex 18.0805 8.5 13.7804
      vertex 18.4673 4.68704 13.3684
    endloop
  endfacet
  facet normal -0.72906 -0 -0.68445
    outer loop
      vertex 18.0805 8.5 13.7804
      vertex 18.3935 4.6438 13.447
      vertex 18.0805 4.40164 13.7804
    endloop
  endfacet
  facet normal -0.929728 0 -0.368246
    outer loop
      vertex 19.2798 5.31015 11.8906
      vertex 19.0717 8.5 12.416
      vertex 19.2798 8.5 11.8906
    endloop
  endfacet
  facet normal -0.929717 5.4841e-06 -0.368275
    outer loop
      vertex 19.1574 5.23081 12.1996
      vertex 19.0717 8.5 12.416
      vertex 19.2798 5.31015 11.8906
    endloop
  endfacet
  facet normal -0.929745 -0 -0.368203
    outer loop
      vertex 19.0717 8.5 12.416
      vertex 19.1574 5.23081 12.1996
      vertex 19.0717 5.14513 12.416
    endloop
  endfacet
  facet normal -0.425794 0 0.90482
    outer loop
      vertex 16.6566 8.5 6.31601
      vertex 17.1679 3.82694 6.55662
      vertex 17.1679 8.5 6.55662
    endloop
  endfacet
  facet normal -0.425663 1.75053e-05 0.904882
    outer loop
      vertex 17.1679 3.82694 6.55662
      vertex 16.6566 8.5 6.31601
      vertex 17.0277 3.76501 6.49067
    endloop
  endfacet
  facet normal -0.425846 0 0.904795
    outer loop
      vertex 17.0277 3.76501 6.49067
      vertex 16.6566 8.5 6.31601
      vertex 16.6566 3.55387 6.31601
    endloop
  endfacet
  facet normal -0.187397 0 0.982284
    outer loop
      vertex 15.564 8.5 6.03548
      vertex 16.1191 3.34278 6.14138
      vertex 16.1191 8.5 6.14138
    endloop
  endfacet
  facet normal -0.187375 2.4408e-06 0.982288
    outer loop
      vertex 16.1191 3.34278 6.14138
      vertex 15.564 8.5 6.03548
      vertex 15.6422 3.23282 6.05041
    endloop
  endfacet
  facet normal -0.187533 0 0.982258
    outer loop
      vertex 15.6422 3.23282 6.05041
      vertex 15.564 8.5 6.03548
      vertex 15.564 3.2093 6.03548
    endloop
  endfacet
  facet normal -0.929736 0 0.368228
    outer loop
      vertex 19.0717 8.5 8.58399
      vertex 19.2798 5.31015 9.10942
      vertex 19.2798 8.5 9.10942
    endloop
  endfacet
  facet normal -0.929721 6.9237e-06 0.368264
    outer loop
      vertex 19.0717 8.5 8.58399
      vertex 19.1574 5.23081 8.80041
      vertex 19.2798 5.31015 9.10942
    endloop
  endfacet
  facet normal -0.929757 0 0.368174
    outer loop
      vertex 19.1574 5.23081 8.80041
      vertex 19.0717 8.5 8.58399
      vertex 19.0717 5.14513 8.58399
    endloop
  endfacet
  facet normal -0.968601 0 0.248622
    outer loop
      vertex 19.2798 8.5 9.10942
      vertex 19.4203 5.42625 9.65679
      vertex 19.4203 8.5 9.65679
    endloop
  endfacet
  facet normal -0.9686 3.32216e-07 0.248624
    outer loop
      vertex 19.2798 8.5 9.10942
      vertex 19.3722 5.40258 9.4694
      vertex 19.4203 5.42625 9.65679
    endloop
  endfacet
  facet normal -0.968601 0 0.248621
    outer loop
      vertex 19.3722 5.40258 9.4694
      vertex 19.2798 8.5 9.10942
      vertex 19.2798 5.31015 9.10942
    endloop
  endfacet
  facet normal -0.80899 0 0.587822
    outer loop
      vertex 18.4673 8.5 7.63159
      vertex 18.7995 4.93838 8.08878
      vertex 18.7995 8.5 8.08878
    endloop
  endfacet
  facet normal -0.80899 0 0.587822
    outer loop
      vertex 18.7995 4.93838 8.08878
      vertex 18.4673 8.5 7.63159
      vertex 18.4673 4.68704 7.63159
    endloop
  endfacet
  facet normal -0.425411 4.93461e-05 -0.905
    outer loop
      vertex 16.6566 8.5 14.684
      vertex 17.1679 3.82694 14.4434
      vertex 17.0277 3.76501 14.5093
    endloop
  endfacet
  facet normal -0.425926 -0 -0.904758
    outer loop
      vertex 16.6566 8.5 14.684
      vertex 17.0277 3.76501 14.5093
      vertex 16.6566 3.55387 14.684
    endloop
  endfacet
  facet normal -0.42578 0 -0.904827
    outer loop
      vertex 17.1679 3.82694 14.4434
      vertex 16.6566 8.5 14.684
      vertex 17.1679 8.5 14.4434
    endloop
  endfacet
  facet normal -0.535856 -0 -0.844309
    outer loop
      vertex 17.1679 8.5 14.4434
      vertex 17.645 4.11129 14.1406
      vertex 17.1679 3.82694 14.4434
    endloop
  endfacet
  facet normal -0.535856 0 -0.844309
    outer loop
      vertex 17.645 4.11129 14.1406
      vertex 17.1679 8.5 14.4434
      vertex 17.645 8.5 14.1406
    endloop
  endfacet
  facet normal -0.308946 -0 -0.95108
    outer loop
      vertex 16.1191 8.5 14.8586
      vertex 16.6566 3.55387 14.684
      vertex 16.1191 3.34278 14.8586
    endloop
  endfacet
  facet normal -0.308946 0 -0.95108
    outer loop
      vertex 16.6566 3.55387 14.684
      vertex 16.1191 8.5 14.8586
      vertex 16.6566 8.5 14.684
    endloop
  endfacet
  facet normal -0.876335 0 -0.481701
    outer loop
      vertex 19.0717 5.14513 12.416
      vertex 18.7995 8.5 12.9112
      vertex 19.0717 8.5 12.416
    endloop
  endfacet
  facet normal -0.876296 1.36546e-05 -0.481772
    outer loop
      vertex 18.8376 4.97655 12.8418
      vertex 18.7995 8.5 12.9112
      vertex 19.0717 5.14513 12.416
    endloop
  endfacet
  facet normal -0.876589 -0 -0.48124
    outer loop
      vertex 18.7995 8.5 12.9112
      vertex 18.8376 4.97655 12.8418
      vertex 18.7995 4.93838 12.9112
    endloop
  endfacet
  facet normal -0.992156 0 -0.125008
    outer loop
      vertex 19.4832 5.48915 10.8453
      vertex 19.4911 8.5 10.7826
      vertex 19.4911 5.48915 10.7826
    endloop
  endfacet
  facet normal -0.992119 -6.12476e-06 -0.125298
    outer loop
      vertex 19.4911 8.5 10.7826
      vertex 19.4832 5.48915 10.8453
      vertex 19.4203 8.5 11.3432
    endloop
  endfacet
  facet normal -0.992115 -0 -0.125334
    outer loop
      vertex 19.4203 8.5 11.3432
      vertex 19.4832 5.48915 10.8453
      vertex 19.4203 5.42625 11.3432
    endloop
  endfacet
  facet normal 0.535856 -0 0.844309
    outer loop
      vertex 12.355 4.11129 6.85942
      vertex 12.8321 8.5 6.55662
      vertex 12.355 8.5 6.85942
    endloop
  endfacet
  facet normal 0.535856 0 0.844309
    outer loop
      vertex 12.8321 8.5 6.55662
      vertex 12.355 4.11129 6.85942
      vertex 12.8321 3.82694 6.55662
    endloop
  endfacet
  facet normal 0.0627837 -0 0.998027
    outer loop
      vertex 14.436 3.2093 6.03548
      vertex 15 8.5 6
      vertex 14.436 8.5 6.03548
    endloop
  endfacet
  facet normal 0.0627837 0 0.998027
    outer loop
      vertex 15 8.5 6
      vertex 14.436 3.2093 6.03548
      vertex 15 3.15339 6
    endloop
  endfacet
  facet normal -0.308994 0 0.951064
    outer loop
      vertex 16.1191 8.5 6.14138
      vertex 16.6566 3.55387 6.31601
      vertex 16.6566 8.5 6.31601
    endloop
  endfacet
  facet normal -0.308994 0 0.951064
    outer loop
      vertex 16.6566 3.55387 6.31601
      vertex 16.1191 8.5 6.14138
      vertex 16.1191 3.34278 6.14138
    endloop
  endfacet
  facet normal -0.637364 0 0.770563
    outer loop
      vertex 17.645 8.5 6.85942
      vertex 18.0805 4.40164 7.21964
      vertex 18.0805 8.5 7.21964
    endloop
  endfacet
  facet normal -0.63735 2.45522e-06 0.770574
    outer loop
      vertex 18.0805 4.40164 7.21964
      vertex 17.645 8.5 6.85942
      vertex 17.8079 4.23782 6.99417
    endloop
  endfacet
  facet normal -0.637389 0 0.770543
    outer loop
      vertex 17.8079 4.23782 6.99417
      vertex 17.645 8.5 6.85942
      vertex 17.645 4.11129 6.85942
    endloop
  endfacet
  facet normal -0.535856 0 0.844309
    outer loop
      vertex 17.1679 8.5 6.55662
      vertex 17.645 4.11129 6.85942
      vertex 17.645 8.5 6.85942
    endloop
  endfacet
  facet normal -0.535856 0 0.844309
    outer loop
      vertex 17.645 4.11129 6.85942
      vertex 17.1679 8.5 6.55662
      vertex 17.1679 3.82694 6.55662
    endloop
  endfacet
  facet normal -0.992119 -6.07822e-06 0.125296
    outer loop
      vertex 19.4203 8.5 9.65679
      vertex 19.4832 5.48915 10.1547
      vertex 19.4911 8.5 10.2174
    endloop
  endfacet
  facet normal -0.992115 0 0.125332
    outer loop
      vertex 19.4832 5.48915 10.1547
      vertex 19.4203 8.5 9.65679
      vertex 19.4203 5.42625 9.65679
    endloop
  endfacet
  facet normal -0.992156 0 0.125008
    outer loop
      vertex 19.4911 8.5 10.2174
      vertex 19.4832 5.48915 10.1547
      vertex 19.4911 5.48915 10.2174
    endloop
  endfacet
  facet normal -0.87634 0 0.481694
    outer loop
      vertex 18.7995 8.5 8.08878
      vertex 19.0717 5.14513 8.58399
      vertex 19.0717 8.5 8.58399
    endloop
  endfacet
  facet normal -0.876288 1.81671e-05 0.481788
    outer loop
      vertex 18.7995 8.5 8.08878
      vertex 18.8376 4.97655 8.15821
      vertex 19.0717 5.14513 8.58399
    endloop
  endfacet
  facet normal -0.876677 0 0.48108
    outer loop
      vertex 18.8376 4.97655 8.15821
      vertex 18.7995 8.5 8.08878
      vertex 18.7995 4.93838 8.08878
    endloop
  endfacet
  facet normal -0.637239 1.8687e-05 -0.770666
    outer loop
      vertex 17.645 8.5 14.1406
      vertex 18.0805 4.40164 13.7804
      vertex 17.8079 4.23782 14.0058
    endloop
  endfacet
  facet normal -0.637529 -0 -0.770426
    outer loop
      vertex 17.645 8.5 14.1406
      vertex 17.8079 4.23782 14.0058
      vertex 17.645 4.11129 14.1406
    endloop
  endfacet
  facet normal -0.637343 0 -0.77058
    outer loop
      vertex 18.0805 4.40164 13.7804
      vertex 17.645 8.5 14.1406
      vertex 18.0805 8.5 13.7804
    endloop
  endfacet
  facet normal -0.187433 -4.04911e-06 -0.982277
    outer loop
      vertex 15.564 8.5 14.9645
      vertex 16.1191 3.34278 14.8586
      vertex 15.6422 3.23282 14.9496
    endloop
  endfacet
  facet normal -0.18717 -0 -0.982328
    outer loop
      vertex 15.564 8.5 14.9645
      vertex 15.6422 3.23282 14.9496
      vertex 15.564 3.2093 14.9645
    endloop
  endfacet
  facet normal -0.187397 0 -0.982284
    outer loop
      vertex 16.1191 3.34278 14.8586
      vertex 15.564 8.5 14.9645
      vertex 16.1191 8.5 14.8586
    endloop
  endfacet
  facet normal -0.808996 0 -0.587814
    outer loop
      vertex 18.7995 4.93838 12.9112
      vertex 18.4673 8.5 13.3684
      vertex 18.7995 8.5 12.9112
    endloop
  endfacet
  facet normal -0.808996 -0 -0.587814
    outer loop
      vertex 18.4673 8.5 13.3684
      vertex 18.7995 4.93838 12.9112
      vertex 18.4673 4.68704 13.3684
    endloop
  endfacet
  facet normal -0.968604 0 -0.248609
    outer loop
      vertex 19.4203 5.42625 11.3432
      vertex 19.2798 8.5 11.8906
      vertex 19.4203 8.5 11.3432
    endloop
  endfacet
  facet normal -0.968603 3.94692e-07 -0.248612
    outer loop
      vertex 19.3722 5.40258 11.5306
      vertex 19.2798 8.5 11.8906
      vertex 19.4203 5.42625 11.3432
    endloop
  endfacet
  facet normal -0.968604 -0 -0.248608
    outer loop
      vertex 19.2798 8.5 11.8906
      vertex 19.3722 5.40258 11.5306
      vertex 19.2798 5.31015 11.8906
    endloop
  endfacet
  facet normal 0.72901 -0 0.684503
    outer loop
      vertex 11.5327 4.68704 7.63159
      vertex 11.9195 8.5 7.21964
      vertex 11.5327 8.5 7.63159
    endloop
  endfacet
  facet normal 0.72918 -3.68235e-05 0.684322
    outer loop
      vertex 11.6065 4.6438 7.55295
      vertex 11.9195 8.5 7.21964
      vertex 11.5327 4.68704 7.63159
    endloop
  endfacet
  facet normal 0.728967 0 0.684548
    outer loop
      vertex 11.9195 8.5 7.21964
      vertex 11.6065 4.6438 7.55295
      vertex 11.9195 4.40164 7.21964
    endloop
  endfacet
  facet normal 0.187533 0 0.982258
    outer loop
      vertex 14.436 8.5 6.03548
      vertex 14.3578 3.23282 6.05041
      vertex 14.436 3.2093 6.03548
    endloop
  endfacet
  facet normal 0.187397 -0 0.982284
    outer loop
      vertex 13.8809 3.34278 6.14138
      vertex 14.436 8.5 6.03548
      vertex 13.8809 8.5 6.14138
    endloop
  endfacet
  facet normal 0.187375 2.4408e-06 0.982288
    outer loop
      vertex 14.436 8.5 6.03548
      vertex 13.8809 3.34278 6.14138
      vertex 14.3578 3.23282 6.05041
    endloop
  endfacet
  facet normal 0.425926 0 -0.904758
    outer loop
      vertex 12.9723 3.76501 14.5093
      vertex 13.3434 8.5 14.684
      vertex 13.3434 3.55387 14.684
    endloop
  endfacet
  facet normal 0.425411 4.93461e-05 -0.905
    outer loop
      vertex 12.8321 3.82694 14.4434
      vertex 13.3434 8.5 14.684
      vertex 12.9723 3.76501 14.5093
    endloop
  endfacet
  facet normal 0.42578 0 -0.904827
    outer loop
      vertex 13.3434 8.5 14.684
      vertex 12.8321 3.82694 14.4434
      vertex 12.8321 8.5 14.4434
    endloop
  endfacet
  facet normal 0.308946 0 -0.95108
    outer loop
      vertex 13.3434 3.55387 14.684
      vertex 13.8809 8.5 14.8586
      vertex 13.8809 3.34278 14.8586
    endloop
  endfacet
  facet normal 0.308946 0 -0.95108
    outer loop
      vertex 13.8809 8.5 14.8586
      vertex 13.3434 3.55387 14.684
      vertex 13.3434 8.5 14.684
    endloop
  endfacet
  facet normal 0.87634 -0 0.481694
    outer loop
      vertex 10.9283 5.14513 8.58399
      vertex 11.2005 8.5 8.08878
      vertex 10.9283 8.5 8.58399
    endloop
  endfacet
  facet normal 0.876288 1.81671e-05 0.481788
    outer loop
      vertex 11.1624 4.97655 8.15821
      vertex 11.2005 8.5 8.08878
      vertex 10.9283 5.14513 8.58399
    endloop
  endfacet
  facet normal 0.876677 0 0.48108
    outer loop
      vertex 11.2005 8.5 8.08878
      vertex 11.1624 4.97655 8.15821
      vertex 11.2005 4.93838 8.08878
    endloop
  endfacet
  facet normal 0.308994 -0 0.951064
    outer loop
      vertex 13.3434 3.55387 6.31601
      vertex 13.8809 8.5 6.14138
      vertex 13.3434 8.5 6.31601
    endloop
  endfacet
  facet normal 0.308994 0 0.951064
    outer loop
      vertex 13.8809 8.5 6.14138
      vertex 13.3434 3.55387 6.31601
      vertex 13.8809 3.34278 6.14138
    endloop
  endfacet
  facet normal 0.425846 0 0.904795
    outer loop
      vertex 13.3434 8.5 6.31601
      vertex 12.9723 3.76501 6.49067
      vertex 13.3434 3.55387 6.31601
    endloop
  endfacet
  facet normal 0.425794 -0 0.90482
    outer loop
      vertex 12.8321 3.82694 6.55662
      vertex 13.3434 8.5 6.31601
      vertex 12.8321 8.5 6.55662
    endloop
  endfacet
  facet normal 0.425663 1.75053e-05 0.904882
    outer loop
      vertex 13.3434 8.5 6.31601
      vertex 12.8321 3.82694 6.55662
      vertex 12.9723 3.76501 6.49067
    endloop
  endfacet
  facet normal 0.929728 0 -0.368246
    outer loop
      vertex 10.9283 8.5 12.416
      vertex 10.7202 5.31015 11.8906
      vertex 10.7202 8.5 11.8906
    endloop
  endfacet
  facet normal 0.929717 5.4841e-06 -0.368275
    outer loop
      vertex 10.9283 8.5 12.416
      vertex 10.8426 5.23081 12.1996
      vertex 10.7202 5.31015 11.8906
    endloop
  endfacet
  facet normal 0.929745 0 -0.368203
    outer loop
      vertex 10.8426 5.23081 12.1996
      vertex 10.9283 8.5 12.416
      vertex 10.9283 5.14513 12.416
    endloop
  endfacet
  facet normal 0.0628189 0 -0.998025
    outer loop
      vertex 14.436 3.2093 14.9645
      vertex 15 8.5 15
      vertex 15 3.15339 15
    endloop
  endfacet
  facet normal 0.0628189 0 -0.998025
    outer loop
      vertex 15 8.5 15
      vertex 14.436 3.2093 14.9645
      vertex 14.436 8.5 14.9645
    endloop
  endfacet
  facet normal 0.992156 0 0.125008
    outer loop
      vertex 10.5168 5.48915 10.1547
      vertex 10.5089 8.5 10.2174
      vertex 10.5089 5.48915 10.2174
    endloop
  endfacet
  facet normal 0.992119 -6.07822e-06 0.125296
    outer loop
      vertex 10.5089 8.5 10.2174
      vertex 10.5168 5.48915 10.1547
      vertex 10.5797 8.5 9.65679
    endloop
  endfacet
  facet normal 0.992115 0 0.125332
    outer loop
      vertex 10.5797 8.5 9.65679
      vertex 10.5168 5.48915 10.1547
      vertex 10.5797 5.42625 9.65679
    endloop
  endfacet
  facet normal 0.637389 0 0.770543
    outer loop
      vertex 12.355 8.5 6.85942
      vertex 12.1921 4.23782 6.99417
      vertex 12.355 4.11129 6.85942
    endloop
  endfacet
  facet normal 0.637364 -0 0.770563
    outer loop
      vertex 11.9195 4.40164 7.21964
      vertex 12.355 8.5 6.85942
      vertex 11.9195 8.5 7.21964
    endloop
  endfacet
  facet normal 0.63735 2.45522e-06 0.770574
    outer loop
      vertex 12.355 8.5 6.85942
      vertex 11.9195 4.40164 7.21964
      vertex 12.1921 4.23782 6.99417
    endloop
  endfacet
  facet normal 0.80899 -0 0.587822
    outer loop
      vertex 11.2005 4.93838 8.08878
      vertex 11.5327 8.5 7.63159
      vertex 11.2005 8.5 8.08878
    endloop
  endfacet
  facet normal 0.80899 0 0.587822
    outer loop
      vertex 11.5327 8.5 7.63159
      vertex 11.2005 4.93838 8.08878
      vertex 11.5327 4.68704 7.63159
    endloop
  endfacet
  facet normal 0.929736 -0 0.368228
    outer loop
      vertex 10.7202 5.31015 9.10942
      vertex 10.9283 8.5 8.58399
      vertex 10.7202 8.5 9.10942
    endloop
  endfacet
  facet normal 0.929721 6.9237e-06 0.368264
    outer loop
      vertex 10.8426 5.23081 8.80041
      vertex 10.9283 8.5 8.58399
      vertex 10.7202 5.31015 9.10942
    endloop
  endfacet
  facet normal 0.929757 0 0.368174
    outer loop
      vertex 10.9283 8.5 8.58399
      vertex 10.8426 5.23081 8.80041
      vertex 10.9283 5.14513 8.58399
    endloop
  endfacet
  facet normal 1 -0 0
    outer loop
      vertex 10.5089 5.48915 10.7826
      vertex 10.5089 8.5 10.2174
      vertex 10.5089 8.5 10.7826
    endloop
  endfacet
  facet normal 1 0 0
    outer loop
      vertex 10.5089 8.5 10.2174
      vertex 10.5089 5.48915 10.7826
      vertex 10.5089 5.48915 10.2174
    endloop
  endfacet
  facet normal 0.992119 -6.12476e-06 -0.125298
    outer loop
      vertex 10.5797 8.5 11.3432
      vertex 10.5168 5.48915 10.8453
      vertex 10.5089 8.5 10.7826
    endloop
  endfacet
  facet normal 0.992115 0 -0.125334
    outer loop
      vertex 10.5168 5.48915 10.8453
      vertex 10.5797 8.5 11.3432
      vertex 10.5797 5.42625 11.3432
    endloop
  endfacet
  facet normal 0.992156 0 -0.125008
    outer loop
      vertex 10.5089 8.5 10.7826
      vertex 10.5168 5.48915 10.8453
      vertex 10.5089 5.48915 10.7826
    endloop
  endfacet
  facet normal 0.968604 0 -0.248609
    outer loop
      vertex 10.7202 8.5 11.8906
      vertex 10.5797 5.42625 11.3432
      vertex 10.5797 8.5 11.3432
    endloop
  endfacet
  facet normal 0.968603 3.94692e-07 -0.248612
    outer loop
      vertex 10.7202 8.5 11.8906
      vertex 10.6278 5.40258 11.5306
      vertex 10.5797 5.42625 11.3432
    endloop
  endfacet
  facet normal 0.968604 0 -0.248608
    outer loop
      vertex 10.6278 5.40258 11.5306
      vertex 10.7202 8.5 11.8906
      vertex 10.7202 5.31015 11.8906
    endloop
  endfacet
  facet normal 0.876335 0 -0.481701
    outer loop
      vertex 11.2005 8.5 12.9112
      vertex 10.9283 5.14513 12.416
      vertex 10.9283 8.5 12.416
    endloop
  endfacet
  facet normal 0.876296 1.36546e-05 -0.481772
    outer loop
      vertex 11.2005 8.5 12.9112
      vertex 11.1624 4.97655 12.8418
      vertex 10.9283 5.14513 12.416
    endloop
  endfacet
  facet normal 0.876589 0 -0.48124
    outer loop
      vertex 11.1624 4.97655 12.8418
      vertex 11.2005 8.5 12.9112
      vertex 11.2005 4.93838 12.9112
    endloop
  endfacet
  facet normal 0.637529 0 -0.770426
    outer loop
      vertex 12.1921 4.23782 14.0058
      vertex 12.355 8.5 14.1406
      vertex 12.355 4.11129 14.1406
    endloop
  endfacet
  facet normal 0.637239 1.8687e-05 -0.770666
    outer loop
      vertex 11.9195 4.40164 13.7804
      vertex 12.355 8.5 14.1406
      vertex 12.1921 4.23782 14.0058
    endloop
  endfacet
  facet normal 0.637343 0 -0.77058
    outer loop
      vertex 12.355 8.5 14.1406
      vertex 11.9195 4.40164 13.7804
      vertex 11.9195 8.5 13.7804
    endloop
  endfacet
  facet normal 0.535856 0 -0.844309
    outer loop
      vertex 12.355 4.11129 14.1406
      vertex 12.8321 8.5 14.4434
      vertex 12.8321 3.82694 14.4434
    endloop
  endfacet
  facet normal 0.535856 0 -0.844309
    outer loop
      vertex 12.8321 8.5 14.4434
      vertex 12.355 4.11129 14.1406
      vertex 12.355 8.5 14.1406
    endloop
  endfacet
  facet normal 0.18717 0 -0.982328
    outer loop
      vertex 14.3578 3.23282 14.9496
      vertex 14.436 8.5 14.9645
      vertex 14.436 3.2093 14.9645
    endloop
  endfacet
  facet normal 0.187433 -4.04911e-06 -0.982277
    outer loop
      vertex 13.8809 3.34278 14.8586
      vertex 14.436 8.5 14.9645
      vertex 14.3578 3.23282 14.9496
    endloop
  endfacet
  facet normal 0.187397 0 -0.982284
    outer loop
      vertex 14.436 8.5 14.9645
      vertex 13.8809 3.34278 14.8586
      vertex 13.8809 8.5 14.8586
    endloop
  endfacet
  facet normal 0.968601 -0 0.248622
    outer loop
      vertex 10.5797 5.42625 9.65679
      vertex 10.7202 8.5 9.10942
      vertex 10.5797 8.5 9.65679
    endloop
  endfacet
  facet normal 0.9686 3.32216e-07 0.248624
    outer loop
      vertex 10.6278 5.40258 9.4694
      vertex 10.7202 8.5 9.10942
      vertex 10.5797 5.42625 9.65679
    endloop
  endfacet
  facet normal 0.968601 0 0.248621
    outer loop
      vertex 10.7202 8.5 9.10942
      vertex 10.6278 5.40258 9.4694
      vertex 10.7202 5.31015 9.10942
    endloop
  endfacet
  facet normal 0.729051 0 -0.684459
    outer loop
      vertex 11.9195 8.5 13.7804
      vertex 11.5327 4.68704 13.3684
      vertex 11.5327 8.5 13.3684
    endloop
  endfacet
  facet normal 0.729018 7.16359e-06 -0.684494
    outer loop
      vertex 11.9195 8.5 13.7804
      vertex 11.6065 4.6438 13.447
      vertex 11.5327 4.68704 13.3684
    endloop
  endfacet
  facet normal 0.72906 0 -0.68445
    outer loop
      vertex 11.6065 4.6438 13.447
      vertex 11.9195 8.5 13.7804
      vertex 11.9195 4.40164 13.7804
    endloop
  endfacet
  facet normal 0.808996 0 -0.587814
    outer loop
      vertex 11.5327 8.5 13.3684
      vertex 11.2005 4.93838 12.9112
      vertex 11.2005 8.5 12.9112
    endloop
  endfacet
  facet normal 0.808996 0 -0.587814
    outer loop
      vertex 11.2005 4.93838 12.9112
      vertex 11.5327 8.5 13.3684
      vertex 11.5327 4.68704 13.3684
    endloop
  endfacet
  facet normal -0.0627915 0 0.998027
    outer loop
      vertex 15 21.9901 8.125
      vertex 15.2977 12.7 8.14373
      vertex 15.2977 21.9901 8.14373
    endloop
  endfacet
  facet normal -0.0627915 0 0.998027
    outer loop
      vertex 15.2977 12.7 8.14373
      vertex 15 21.9901 8.125
      vertex 15 12.7 8.125
    endloop
  endfacet
  facet normal -0.0626914 0 -0.998033
    outer loop
      vertex 15 12.7 12.875
      vertex 15.2977 21.9901 12.8563
      vertex 15.2977 12.7 12.8563
    endloop
  endfacet
  facet normal -0.0626914 0 -0.998033
    outer loop
      vertex 15.2977 21.9901 12.8563
      vertex 15 12.7 12.875
      vertex 15 21.9901 12.875
    endloop
  endfacet
  facet normal -1 0 0
    outer loop
      vertex 17.3703 12.7 10.3509
      vertex 17.3703 21.9901 10.6491
      vertex 17.3703 21.9901 10.3509
    endloop
  endfacet
  facet normal -1 -0 0
    outer loop
      vertex 17.3703 21.9901 10.6491
      vertex 17.3703 12.7 10.3509
      vertex 17.3703 12.7 10.6491
    endloop
  endfacet
  facet normal -0.72892 0 0.684599
    outer loop
      vertex 16.6258 12.7 8.7687
      vertex 16.83 21.9901 8.98612
      vertex 16.6258 21.9901 8.7687
    endloop
  endfacet
  facet normal -0.72892 0 0.684599
    outer loop
      vertex 16.83 21.9901 8.98612
      vertex 16.6258 12.7 8.7687
      vertex 16.83 12.7 8.98612
    endloop
  endfacet
  facet normal -0.728889 0 -0.684632
    outer loop
      vertex 16.83 12.7 12.0139
      vertex 16.6258 21.9901 12.2313
      vertex 16.83 21.9901 12.0139
    endloop
  endfacet
  facet normal -0.728889 -0 -0.684632
    outer loop
      vertex 16.6258 21.9901 12.2313
      vertex 16.83 12.7 12.0139
      vertex 16.6258 12.7 12.2313
    endloop
  endfacet
  facet normal -0.929766 0 -0.368151
    outer loop
      vertex 17.2588 12.7 11.2339
      vertex 17.149 21.9901 11.5112
      vertex 17.2588 21.9901 11.2339
    endloop
  endfacet
  facet normal -0.929766 -0 -0.368151
    outer loop
      vertex 17.149 21.9901 11.5112
      vertex 17.2588 12.7 11.2339
      vertex 17.149 12.7 11.5112
    endloop
  endfacet
  facet normal 0.63745 0 0.770492
    outer loop
      vertex 13.3742 21.9901 8.7687
      vertex 13.604 12.7 8.57858
      vertex 13.604 21.9901 8.57858
    endloop
  endfacet
  facet normal 0.63745 0 0.770492
    outer loop
      vertex 13.604 12.7 8.57858
      vertex 13.3742 21.9901 8.7687
      vertex 13.3742 12.7 8.7687
    endloop
  endfacet
  facet normal -0.425737 0 0.904847
    outer loop
      vertex 15.8743 21.9901 8.29178
      vertex 16.1442 12.7 8.41877
      vertex 16.1442 21.9901 8.41877
    endloop
  endfacet
  facet normal -0.425737 0 0.904847
    outer loop
      vertex 16.1442 12.7 8.41877
      vertex 15.8743 21.9901 8.29178
      vertex 15.8743 12.7 8.29178
    endloop
  endfacet
  facet normal -0.187434 0 0.982277
    outer loop
      vertex 15.2977 21.9901 8.14373
      vertex 15.5906 12.7 8.19962
      vertex 15.5906 21.9901 8.19962
    endloop
  endfacet
  facet normal -0.187434 0 0.982277
    outer loop
      vertex 15.5906 12.7 8.19962
      vertex 15.2977 21.9901 8.14373
      vertex 15.2977 12.7 8.14373
    endloop
  endfacet
  facet normal -0.929771 0 0.36814
    outer loop
      vertex 17.149 12.7 9.48877
      vertex 17.2588 21.9901 9.76608
      vertex 17.149 21.9901 9.48877
    endloop
  endfacet
  facet normal -0.929771 0 0.36814
    outer loop
      vertex 17.2588 21.9901 9.76608
      vertex 17.149 12.7 9.48877
      vertex 17.2588 12.7 9.76608
    endloop
  endfacet
  facet normal -0.968649 0 0.248432
    outer loop
      vertex 17.2588 12.7 9.76608
      vertex 17.3329 21.9901 10.055
      vertex 17.2588 21.9901 9.76608
    endloop
  endfacet
  facet normal -0.968649 0 0.248432
    outer loop
      vertex 17.3329 21.9901 10.055
      vertex 17.2588 12.7 9.76608
      vertex 17.3329 12.7 10.055
    endloop
  endfacet
  facet normal -0.809029 0 0.587769
    outer loop
      vertex 16.83 12.7 8.98612
      vertex 17.0053 21.9901 9.22741
      vertex 16.83 21.9901 8.98612
    endloop
  endfacet
  facet normal -0.809029 0 0.587769
    outer loop
      vertex 17.0053 21.9901 9.22741
      vertex 16.83 12.7 8.98612
      vertex 17.0053 12.7 9.22741
    endloop
  endfacet
  facet normal -0.535834 0 -0.844324
    outer loop
      vertex 16.1442 12.7 12.5812
      vertex 16.396 21.9901 12.4214
      vertex 16.396 12.7 12.4214
    endloop
  endfacet
  facet normal -0.535834 0 -0.844324
    outer loop
      vertex 16.396 21.9901 12.4214
      vertex 16.1442 12.7 12.5812
      vertex 16.1442 21.9901 12.5812
    endloop
  endfacet
  facet normal -0.63741 0 -0.770525
    outer loop
      vertex 16.396 12.7 12.4214
      vertex 16.6258 21.9901 12.2313
      vertex 16.6258 12.7 12.2313
    endloop
  endfacet
  facet normal -0.63741 0 -0.770525
    outer loop
      vertex 16.6258 21.9901 12.2313
      vertex 16.396 12.7 12.4214
      vertex 16.396 21.9901 12.4214
    endloop
  endfacet
  facet normal -0.309078 0 -0.951037
    outer loop
      vertex 15.5906 12.7 12.8004
      vertex 15.8743 21.9901 12.7082
      vertex 15.8743 12.7 12.7082
    endloop
  endfacet
  facet normal -0.309078 0 -0.951037
    outer loop
      vertex 15.8743 21.9901 12.7082
      vertex 15.5906 12.7 12.8004
      vertex 15.5906 21.9901 12.8004
    endloop
  endfacet
  facet normal -0.80904 0 -0.587753
    outer loop
      vertex 17.0053 12.7 11.7726
      vertex 16.83 21.9901 12.0139
      vertex 17.0053 21.9901 11.7726
    endloop
  endfacet
  facet normal -0.80904 -0 -0.587753
    outer loop
      vertex 16.83 21.9901 12.0139
      vertex 17.0053 12.7 11.7726
      vertex 16.83 12.7 12.0139
    endloop
  endfacet
  facet normal -0.992107 0 -0.125396
    outer loop
      vertex 17.3703 12.7 10.6491
      vertex 17.3329 21.9901 10.945
      vertex 17.3703 21.9901 10.6491
    endloop
  endfacet
  facet normal -0.992107 -0 -0.125396
    outer loop
      vertex 17.3329 21.9901 10.945
      vertex 17.3703 12.7 10.6491
      vertex 17.3329 12.7 10.945
    endloop
  endfacet
  facet normal 0.0627915 0 0.998027
    outer loop
      vertex 14.7023 21.9901 8.14373
      vertex 15 12.7 8.125
      vertex 15 21.9901 8.125
    endloop
  endfacet
  facet normal 0.0627915 0 0.998027
    outer loop
      vertex 15 12.7 8.125
      vertex 14.7023 21.9901 8.14373
      vertex 14.7023 12.7 8.14373
    endloop
  endfacet
  facet normal 0.992107 -0 0.125396
    outer loop
      vertex 12.6297 12.7 10.3509
      vertex 12.6671 21.9901 10.055
      vertex 12.6297 21.9901 10.3509
    endloop
  endfacet
  facet normal 0.992107 0 0.125396
    outer loop
      vertex 12.6671 21.9901 10.055
      vertex 12.6297 12.7 10.3509
      vertex 12.6671 12.7 10.055
    endloop
  endfacet
  facet normal -0.308957 0 0.951076
    outer loop
      vertex 15.5906 21.9901 8.19962
      vertex 15.8743 12.7 8.29178
      vertex 15.8743 21.9901 8.29178
    endloop
  endfacet
  facet normal -0.308957 0 0.951076
    outer loop
      vertex 15.8743 12.7 8.29178
      vertex 15.5906 21.9901 8.19962
      vertex 15.5906 12.7 8.19962
    endloop
  endfacet
  facet normal -0.63745 0 0.770492
    outer loop
      vertex 16.396 21.9901 8.57858
      vertex 16.6258 12.7 8.7687
      vertex 16.6258 21.9901 8.7687
    endloop
  endfacet
  facet normal -0.63745 0 0.770492
    outer loop
      vertex 16.6258 12.7 8.7687
      vertex 16.396 21.9901 8.57858
      vertex 16.396 12.7 8.57858
    endloop
  endfacet
  facet normal -0.535858 0 0.844308
    outer loop
      vertex 16.1442 21.9901 8.41877
      vertex 16.396 12.7 8.57858
      vertex 16.396 21.9901 8.57858
    endloop
  endfacet
  facet normal -0.535858 0 0.844308
    outer loop
      vertex 16.396 12.7 8.57858
      vertex 16.1442 21.9901 8.41877
      vertex 16.1442 12.7 8.41877
    endloop
  endfacet
  facet normal -0.992107 0 0.125396
    outer loop
      vertex 17.3329 12.7 10.055
      vertex 17.3703 21.9901 10.3509
      vertex 17.3329 21.9901 10.055
    endloop
  endfacet
  facet normal -0.992107 0 0.125396
    outer loop
      vertex 17.3703 21.9901 10.3509
      vertex 17.3329 12.7 10.055
      vertex 17.3703 12.7 10.3509
    endloop
  endfacet
  facet normal -0.876284 0 0.481795
    outer loop
      vertex 17.0053 12.7 9.22741
      vertex 17.149 21.9901 9.48877
      vertex 17.0053 21.9901 9.22741
    endloop
  endfacet
  facet normal -0.876284 0 0.481795
    outer loop
      vertex 17.149 21.9901 9.48877
      vertex 17.0053 12.7 9.22741
      vertex 17.149 12.7 9.48877
    endloop
  endfacet
  facet normal -0.425765 0 -0.904834
    outer loop
      vertex 15.8743 12.7 12.7082
      vertex 16.1442 21.9901 12.5812
      vertex 16.1442 12.7 12.5812
    endloop
  endfacet
  facet normal -0.425765 0 -0.904834
    outer loop
      vertex 16.1442 21.9901 12.5812
      vertex 15.8743 12.7 12.7082
      vertex 15.8743 21.9901 12.7082
    endloop
  endfacet
  facet normal 0.809029 -0 0.587769
    outer loop
      vertex 12.9947 12.7 9.22741
      vertex 13.17 21.9901 8.98612
      vertex 12.9947 21.9901 9.22741
    endloop
  endfacet
  facet normal 0.809029 0 0.587769
    outer loop
      vertex 13.17 21.9901 8.98612
      vertex 12.9947 12.7 9.22741
      vertex 13.17 12.7 8.98612
    endloop
  endfacet
  facet normal 0.535858 0 0.844308
    outer loop
      vertex 13.604 21.9901 8.57858
      vertex 13.8558 12.7 8.41877
      vertex 13.8558 21.9901 8.41877
    endloop
  endfacet
  facet normal 0.535858 0 0.844308
    outer loop
      vertex 13.8558 12.7 8.41877
      vertex 13.604 21.9901 8.57858
      vertex 13.604 12.7 8.57858
    endloop
  endfacet
  facet normal 0.308957 0 0.951076
    outer loop
      vertex 14.1257 21.9901 8.29178
      vertex 14.4094 12.7 8.19962
      vertex 14.4094 21.9901 8.19962
    endloop
  endfacet
  facet normal 0.308957 0 0.951076
    outer loop
      vertex 14.4094 12.7 8.19962
      vertex 14.1257 21.9901 8.29178
      vertex 14.1257 12.7 8.29178
    endloop
  endfacet
  facet normal 0.187434 0 0.982277
    outer loop
      vertex 14.4094 21.9901 8.19962
      vertex 14.7023 12.7 8.14373
      vertex 14.7023 21.9901 8.14373
    endloop
  endfacet
  facet normal 0.187434 0 0.982277
    outer loop
      vertex 14.7023 12.7 8.14373
      vertex 14.4094 21.9901 8.19962
      vertex 14.4094 12.7 8.19962
    endloop
  endfacet
  facet normal 0.876315 0 -0.481739
    outer loop
      vertex 12.9947 12.7 11.7726
      vertex 12.851 21.9901 11.5112
      vertex 12.9947 21.9901 11.7726
    endloop
  endfacet
  facet normal 0.876315 0 -0.481739
    outer loop
      vertex 12.851 21.9901 11.5112
      vertex 12.9947 12.7 11.7726
      vertex 12.851 12.7 11.5112
    endloop
  endfacet
  facet normal 0.309078 0 -0.951037
    outer loop
      vertex 14.1257 12.7 12.7082
      vertex 14.4094 21.9901 12.8004
      vertex 14.4094 12.7 12.8004
    endloop
  endfacet
  facet normal 0.309078 0 -0.951037
    outer loop
      vertex 14.4094 21.9901 12.8004
      vertex 14.1257 12.7 12.7082
      vertex 14.1257 21.9901 12.7082
    endloop
  endfacet
  facet normal 0.72892 -0 0.684599
    outer loop
      vertex 13.17 12.7 8.98612
      vertex 13.3742 21.9901 8.7687
      vertex 13.17 21.9901 8.98612
    endloop
  endfacet
  facet normal 0.72892 0 0.684599
    outer loop
      vertex 13.3742 21.9901 8.7687
      vertex 13.17 12.7 8.98612
      vertex 13.3742 12.7 8.7687
    endloop
  endfacet
  facet normal 0.929771 -0 0.36814
    outer loop
      vertex 12.7412 12.7 9.76608
      vertex 12.851 21.9901 9.48877
      vertex 12.7412 21.9901 9.76608
    endloop
  endfacet
  facet normal 0.929771 0 0.36814
    outer loop
      vertex 12.851 21.9901 9.48877
      vertex 12.7412 12.7 9.76608
      vertex 12.851 12.7 9.48877
    endloop
  endfacet
  facet normal 0.968649 -0 0.248432
    outer loop
      vertex 12.6671 12.7 10.055
      vertex 12.7412 21.9901 9.76608
      vertex 12.6671 21.9901 10.055
    endloop
  endfacet
  facet normal 0.968649 0 0.248432
    outer loop
      vertex 12.7412 21.9901 9.76608
      vertex 12.6671 12.7 10.055
      vertex 12.7412 12.7 9.76608
    endloop
  endfacet
  facet normal -0.187467 0 -0.982271
    outer loop
      vertex 15.2977 12.7 12.8563
      vertex 15.5906 21.9901 12.8004
      vertex 15.5906 12.7 12.8004
    endloop
  endfacet
  facet normal -0.187467 0 -0.982271
    outer loop
      vertex 15.5906 21.9901 12.8004
      vertex 15.2977 12.7 12.8563
      vertex 15.2977 21.9901 12.8563
    endloop
  endfacet
  facet normal -0.876315 0 -0.481739
    outer loop
      vertex 17.149 12.7 11.5112
      vertex 17.0053 21.9901 11.7726
      vertex 17.149 21.9901 11.5112
    endloop
  endfacet
  facet normal -0.876315 -0 -0.481739
    outer loop
      vertex 17.0053 21.9901 11.7726
      vertex 17.149 12.7 11.5112
      vertex 17.0053 12.7 11.7726
    endloop
  endfacet
  facet normal -0.968645 0 -0.248448
    outer loop
      vertex 17.3329 12.7 10.945
      vertex 17.2588 21.9901 11.2339
      vertex 17.3329 21.9901 10.945
    endloop
  endfacet
  facet normal -0.968645 -0 -0.248448
    outer loop
      vertex 17.2588 21.9901 11.2339
      vertex 17.3329 12.7 10.945
      vertex 17.2588 12.7 11.2339
    endloop
  endfacet
  facet normal 0.425737 0 0.904847
    outer loop
      vertex 13.8558 21.9901 8.41877
      vertex 14.1257 12.7 8.29178
      vertex 14.1257 21.9901 8.29178
    endloop
  endfacet
  facet normal 0.425737 0 0.904847
    outer loop
      vertex 14.1257 12.7 8.29178
      vertex 13.8558 21.9901 8.41877
      vertex 13.8558 12.7 8.41877
    endloop
  endfacet
  facet normal 0.992107 0 -0.125396
    outer loop
      vertex 12.6671 12.7 10.945
      vertex 12.6297 21.9901 10.6491
      vertex 12.6671 21.9901 10.945
    endloop
  endfacet
  facet normal 0.992107 0 -0.125396
    outer loop
      vertex 12.6297 21.9901 10.6491
      vertex 12.6671 12.7 10.945
      vertex 12.6297 12.7 10.6491
    endloop
  endfacet
  facet normal 0.728889 0 -0.684632
    outer loop
      vertex 13.3742 12.7 12.2313
      vertex 13.17 21.9901 12.0139
      vertex 13.3742 21.9901 12.2313
    endloop
  endfacet
  facet normal 0.728889 0 -0.684632
    outer loop
      vertex 13.17 21.9901 12.0139
      vertex 13.3742 12.7 12.2313
      vertex 13.17 12.7 12.0139
    endloop
  endfacet
  facet normal 0.63741 0 -0.770525
    outer loop
      vertex 13.3742 12.7 12.2313
      vertex 13.604 21.9901 12.4214
      vertex 13.604 12.7 12.4214
    endloop
  endfacet
  facet normal 0.63741 0 -0.770525
    outer loop
      vertex 13.604 21.9901 12.4214
      vertex 13.3742 12.7 12.2313
      vertex 13.3742 21.9901 12.2313
    endloop
  endfacet
  facet normal 0.0626914 0 -0.998033
    outer loop
      vertex 14.7023 12.7 12.8563
      vertex 15 21.9901 12.875
      vertex 15 12.7 12.875
    endloop
  endfacet
  facet normal 0.0626914 0 -0.998033
    outer loop
      vertex 15 21.9901 12.875
      vertex 14.7023 12.7 12.8563
      vertex 14.7023 21.9901 12.8563
    endloop
  endfacet
  facet normal 0.876284 -0 0.481795
    outer loop
      vertex 12.851 12.7 9.48877
      vertex 12.9947 21.9901 9.22741
      vertex 12.851 21.9901 9.48877
    endloop
  endfacet
  facet normal 0.876284 0 0.481795
    outer loop
      vertex 12.9947 21.9901 9.22741
      vertex 12.851 12.7 9.48877
      vertex 12.9947 12.7 9.22741
    endloop
  endfacet
  facet normal 1 -0 0
    outer loop
      vertex 12.6297 12.7 10.6491
      vertex 12.6297 21.9901 10.3509
      vertex 12.6297 21.9901 10.6491
    endloop
  endfacet
  facet normal 1 0 0
    outer loop
      vertex 12.6297 21.9901 10.3509
      vertex 12.6297 12.7 10.6491
      vertex 12.6297 12.7 10.3509
    endloop
  endfacet
  facet normal 0.929766 0 -0.368151
    outer loop
      vertex 12.851 12.7 11.5112
      vertex 12.7412 21.9901 11.2339
      vertex 12.851 21.9901 11.5112
    endloop
  endfacet
  facet normal 0.929766 0 -0.368151
    outer loop
      vertex 12.7412 21.9901 11.2339
      vertex 12.851 12.7 11.5112
      vertex 12.7412 12.7 11.2339
    endloop
  endfacet
  facet normal 0.80904 0 -0.587753
    outer loop
      vertex 13.17 12.7 12.0139
      vertex 12.9947 21.9901 11.7726
      vertex 13.17 21.9901 12.0139
    endloop
  endfacet
  facet normal 0.80904 0 -0.587753
    outer loop
      vertex 12.9947 21.9901 11.7726
      vertex 13.17 12.7 12.0139
      vertex 12.9947 12.7 11.7726
    endloop
  endfacet
  facet normal 0.535834 0 -0.844324
    outer loop
      vertex 13.604 12.7 12.4214
      vertex 13.8558 21.9901 12.5812
      vertex 13.8558 12.7 12.5812
    endloop
  endfacet
  facet normal 0.535834 0 -0.844324
    outer loop
      vertex 13.8558 21.9901 12.5812
      vertex 13.604 12.7 12.4214
      vertex 13.604 21.9901 12.4214
    endloop
  endfacet
  facet normal 0.425765 0 -0.904834
    outer loop
      vertex 13.8558 12.7 12.5812
      vertex 14.1257 21.9901 12.7082
      vertex 14.1257 12.7 12.7082
    endloop
  endfacet
  facet normal 0.425765 0 -0.904834
    outer loop
      vertex 14.1257 21.9901 12.7082
      vertex 13.8558 12.7 12.5812
      vertex 13.8558 21.9901 12.5812
    endloop
  endfacet
  facet normal 0.187467 0 -0.982271
    outer loop
      vertex 14.4094 12.7 12.8004
      vertex 14.7023 21.9901 12.8563
      vertex 14.7023 12.7 12.8563
    endloop
  endfacet
  facet normal 0.187467 0 -0.982271
    outer loop
      vertex 14.7023 21.9901 12.8563
      vertex 14.4094 12.7 12.8004
      vertex 14.4094 21.9901 12.8004
    endloop
  endfacet
  facet normal 0.968645 0 -0.248448
    outer loop
      vertex 12.7412 12.7 11.2339
      vertex 12.6671 21.9901 10.945
      vertex 12.7412 21.9901 11.2339
    endloop
  endfacet
  facet normal 0.968645 0 -0.248448
    outer loop
      vertex 12.6671 21.9901 10.945
      vertex 12.7412 12.7 11.2339
      vertex 12.6671 12.7 10.945
    endloop
  endfacet
  facet normal 0.568943 -0.45075 0.687843
    outer loop
      vertex -17.645 8.5 6.85942
      vertex -16.6258 12.7 8.7687
      vertex -18.0805 8.5 7.21964
    endloop
  endfacet
  facet normal -0.0560439 -0.450748 0.89089
    outer loop
      vertex -14.436 8.5 6.03548
      vertex -15 12.7 8.125
      vertex -15 8.5 6
    endloop
  endfacet
  facet normal -0.0560509 -0.450749 0.890889
    outer loop
      vertex -14.436 8.5 6.03548
      vertex -14.7023 12.7 8.14373
      vertex -15 12.7 8.125
    endloop
  endfacet
  facet normal 0.0560509 -0.450749 0.890889
    outer loop
      vertex -15 12.7 8.125
      vertex -15.2977 12.7 8.14373
      vertex -15.564 8.5 6.03548
    endloop
  endfacet
  facet normal 0.167343 -0.450738 -0.876831
    outer loop
      vertex -15.2977 12.7 12.8563
      vertex -15.564 8.5 14.9645
      vertex -15.5906 12.7 12.8004
    endloop
  endfacet
  facet normal -0.864621 -0.450757 -0.22192
    outer loop
      vertex -10.5797 8.5 11.3432
      vertex -10.7202 8.5 11.8906
      vertex -12.6671 12.7 10.945
    endloop
  endfacet
  facet normal 0.885606 -0.450747 0.111935
    outer loop
      vertex -17.3329 12.7 10.055
      vertex -17.3703 12.7 10.3509
      vertex -19.4911 8.5 10.2174
    endloop
  endfacet
  facet normal 0.16728 -0.450749 0.876837
    outer loop
      vertex -15.564 8.5 6.03548
      vertex -15.5906 12.7 8.19962
      vertex -16.1191 8.5 6.14138
    endloop
  endfacet
  facet normal 0.380086 -0.450746 0.80769
    outer loop
      vertex -16.6566 8.5 6.31601
      vertex -16.1442 12.7 8.41877
      vertex -17.1679 8.5 6.55662
    endloop
  endfacet
  facet normal 0.650647 -0.450737 -0.611142
    outer loop
      vertex -16.83 12.7 12.0139
      vertex -16.6258 12.7 12.2313
      vertex -18.4673 8.5 13.3684
    endloop
  endfacet
  facet normal -0.885606 -0.450747 -0.111935
    outer loop
      vertex -12.6297 12.7 10.6491
      vertex -10.5089 8.5 10.7826
      vertex -12.6671 12.7 10.945
    endloop
  endfacet
  facet normal -0.568985 -0.450749 -0.68781
    outer loop
      vertex -13.3742 12.7 12.2313
      vertex -12.355 8.5 14.1406
      vertex -13.604 12.7 12.4214
    endloop
  endfacet
  facet normal 0.275824 -0.45075 0.848967
    outer loop
      vertex -16.1191 8.5 6.14138
      vertex -15.5906 12.7 8.19962
      vertex -16.6566 8.5 6.31601
    endloop
  endfacet
  facet normal 0.0560439 -0.450748 0.89089
    outer loop
      vertex -15 8.5 6
      vertex -15 12.7 8.125
      vertex -15.564 8.5 6.03548
    endloop
  endfacet
  facet normal 0.275791 -0.450747 0.848979
    outer loop
      vertex -15.5906 12.7 8.19962
      vertex -15.8743 12.7 8.29178
      vertex -16.6566 8.5 6.31601
    endloop
  endfacet
  facet normal 0.478335 -0.450744 0.753675
    outer loop
      vertex -16.1442 12.7 8.41877
      vertex -16.396 12.7 8.57858
      vertex -17.1679 8.5 6.55662
    endloop
  endfacet
  facet normal 0.380034 -0.450751 0.807711
    outer loop
      vertex -15.8743 12.7 8.29178
      vertex -16.1442 12.7 8.41877
      vertex -16.6566 8.5 6.31601
    endloop
  endfacet
  facet normal 0.782215 -0.450749 0.430075
    outer loop
      vertex -17.0053 12.7 9.22741
      vertex -17.149 12.7 9.48877
      vertex -18.7995 8.5 8.08878
    endloop
  endfacet
  facet normal 0.782269 -0.450741 0.429986
    outer loop
      vertex -18.7995 8.5 8.08878
      vertex -17.149 12.7 9.48877
      vertex -19.0717 8.5 8.58399
    endloop
  endfacet
  facet normal -0.782269 -0.450741 0.429986
    outer loop
      vertex -11.2005 8.5 8.08878
      vertex -10.9283 8.5 8.58399
      vertex -12.851 12.7 9.48877
    endloop
  endfacet
  facet normal -0.275782 -0.450745 -0.848984
    outer loop
      vertex -13.3434 8.5 14.684
      vertex -13.8809 8.5 14.8586
      vertex -14.4094 12.7 12.8004
    endloop
  endfacet
  facet normal -0.782245 -0.450745 -0.430025
    outer loop
      vertex -12.851 12.7 11.5112
      vertex -11.2005 8.5 12.9112
      vertex -12.9947 12.7 11.7726
    endloop
  endfacet
  facet normal 0.167313 -0.450747 0.876832
    outer loop
      vertex -15.564 8.5 6.03548
      vertex -15.2977 12.7 8.14373
      vertex -15.5906 12.7 8.19962
    endloop
  endfacet
  facet normal 0.478333 -0.450745 0.753675
    outer loop
      vertex -17.1679 8.5 6.55662
      vertex -16.396 12.7 8.57858
      vertex -17.645 8.5 6.85942
    endloop
  endfacet
  facet normal 0.569022 -0.450742 0.687783
    outer loop
      vertex -16.396 12.7 8.57858
      vertex -16.6258 12.7 8.7687
      vertex -17.645 8.5 6.85942
    endloop
  endfacet
  facet normal 0.829933 -0.450741 0.3287
    outer loop
      vertex -19.0717 8.5 8.58399
      vertex -17.149 12.7 9.48877
      vertex -19.2798 8.5 9.10942
    endloop
  endfacet
  facet normal 0.650674 -0.450742 0.61111
    outer loop
      vertex -16.6258 12.7 8.7687
      vertex -16.83 12.7 8.98612
      vertex -18.4673 8.5 7.63159
    endloop
  endfacet
  facet normal 0.864669 -0.450743 0.221764
    outer loop
      vertex -17.2588 12.7 9.76608
      vertex -17.3329 12.7 10.055
      vertex -19.2798 8.5 9.10942
    endloop
  endfacet
  facet normal 0.275782 -0.450745 -0.848984
    outer loop
      vertex -15.5906 12.7 12.8004
      vertex -16.1191 8.5 14.8586
      vertex -16.6566 8.5 14.684
    endloop
  endfacet
  facet normal 0.16728 -0.450743 -0.87684
    outer loop
      vertex -15.5906 12.7 12.8004
      vertex -15.564 8.5 14.9645
      vertex -16.1191 8.5 14.8586
    endloop
  endfacet
  facet normal 0.829956 -0.45075 -0.32863
    outer loop
      vertex -17.2588 12.7 11.2339
      vertex -17.149 12.7 11.5112
      vertex -19.2798 8.5 11.8906
    endloop
  endfacet
  facet normal 0.864621 -0.450757 -0.22192
    outer loop
      vertex -17.3329 12.7 10.945
      vertex -19.2798 8.5 11.8906
      vertex -19.4203 8.5 11.3432
    endloop
  endfacet
  facet normal 0.864664 -0.450745 -0.221778
    outer loop
      vertex -17.3329 12.7 10.945
      vertex -17.2588 12.7 11.2339
      vertex -19.2798 8.5 11.8906
    endloop
  endfacet
  facet normal 0.722192 -0.450746 -0.524659
    outer loop
      vertex -17.0053 12.7 11.7726
      vertex -16.83 12.7 12.0139
      vertex -18.7995 8.5 12.9112
    endloop
  endfacet
  facet normal 0.722154 -0.45074 -0.524715
    outer loop
      vertex -16.83 12.7 12.0139
      vertex -18.4673 8.5 13.3684
      vertex -18.7995 8.5 12.9112
    endloop
  endfacet
  facet normal 0.478311 -0.450752 -0.753685
    outer loop
      vertex -16.396 12.7 12.4214
      vertex -16.1442 12.7 12.5812
      vertex -17.1679 8.5 14.4434
    endloop
  endfacet
  facet normal 0.650786 -0.450755 -0.610981
    outer loop
      vertex -16.6258 12.7 12.2313
      vertex -18.0805 8.5 13.7804
      vertex -18.4673 8.5 13.3684
    endloop
  endfacet
  facet normal -0.65075 -0.450751 0.611021
    outer loop
      vertex -11.9195 8.5 7.21964
      vertex -11.5327 8.5 7.63159
      vertex -13.3742 12.7 8.7687
    endloop
  endfacet
  facet normal -0.72218 -0.450749 0.524672
    outer loop
      vertex -11.2005 8.5 8.08878
      vertex -12.9947 12.7 9.22741
      vertex -13.17 12.7 8.98612
    endloop
  endfacet
  facet normal -0.885614 -0.450754 0.111845
    outer loop
      vertex -10.5797 8.5 9.65679
      vertex -10.5089 8.5 10.2174
      vertex -12.6671 12.7 10.055
    endloop
  endfacet
  facet normal -0.885613 -0.450754 -0.111847
    outer loop
      vertex -10.5089 8.5 10.7826
      vertex -10.5797 8.5 11.3432
      vertex -12.6671 12.7 10.945
    endloop
  endfacet
  facet normal -0.16728 -0.450743 -0.87684
    outer loop
      vertex -14.4094 12.7 12.8004
      vertex -13.8809 8.5 14.8586
      vertex -14.436 8.5 14.9645
    endloop
  endfacet
  facet normal -0.478311 -0.450752 -0.753685
    outer loop
      vertex -13.604 12.7 12.4214
      vertex -12.8321 8.5 14.4434
      vertex -13.8558 12.7 12.5812
    endloop
  endfacet
  facet normal -0.478332 -0.45075 -0.753673
    outer loop
      vertex -12.355 8.5 14.1406
      vertex -12.8321 8.5 14.4434
      vertex -13.604 12.7 12.4214
    endloop
  endfacet
  facet normal -0.568923 -0.450755 -0.687857
    outer loop
      vertex -11.9195 8.5 13.7804
      vertex -12.355 8.5 14.1406
      vertex -13.3742 12.7 12.2313
    endloop
  endfacet
  facet normal 0.864618 -0.450757 0.221932
    outer loop
      vertex -19.2798 8.5 9.10942
      vertex -17.3329 12.7 10.055
      vertex -19.4203 8.5 9.65679
    endloop
  endfacet
  facet normal 0.885614 -0.450754 0.111845
    outer loop
      vertex -19.4203 8.5 9.65679
      vertex -17.3329 12.7 10.055
      vertex -19.4911 8.5 10.2174
    endloop
  endfacet
  facet normal 0.722148 -0.450744 0.524722
    outer loop
      vertex -18.4673 8.5 7.63159
      vertex -16.83 12.7 8.98612
      vertex -18.7995 8.5 8.08878
    endloop
  endfacet
  facet normal 0.65075 -0.450751 0.611021
    outer loop
      vertex -18.0805 8.5 7.21964
      vertex -16.6258 12.7 8.7687
      vertex -18.4673 8.5 7.63159
    endloop
  endfacet
  facet normal 0.829926 -0.450743 -0.328716
    outer loop
      vertex -17.149 12.7 11.5112
      vertex -19.0717 8.5 12.416
      vertex -19.2798 8.5 11.8906
    endloop
  endfacet
  facet normal 0.885613 -0.450754 -0.111847
    outer loop
      vertex -17.3329 12.7 10.945
      vertex -19.4203 8.5 11.3432
      vertex -19.4911 8.5 10.7826
    endloop
  endfacet
  facet normal 0.568923 -0.450755 -0.687857
    outer loop
      vertex -16.6258 12.7 12.2313
      vertex -17.645 8.5 14.1406
      vertex -18.0805 8.5 13.7804
    endloop
  endfacet
  facet normal -0.478333 -0.450745 0.753675
    outer loop
      vertex -12.8321 8.5 6.55662
      vertex -12.355 8.5 6.85942
      vertex -13.604 12.7 8.57858
    endloop
  endfacet
  facet normal -0.568943 -0.45075 0.687843
    outer loop
      vertex -12.355 8.5 6.85942
      vertex -11.9195 8.5 7.21964
      vertex -13.3742 12.7 8.7687
    endloop
  endfacet
  facet normal -0.864618 -0.450757 0.221932
    outer loop
      vertex -10.7202 8.5 9.10942
      vertex -10.5797 8.5 9.65679
      vertex -12.6671 12.7 10.055
    endloop
  endfacet
  facet normal -0.782215 -0.450749 0.430075
    outer loop
      vertex -11.2005 8.5 8.08878
      vertex -12.851 12.7 9.48877
      vertex -12.9947 12.7 9.22741
    endloop
  endfacet
  facet normal -0.722154 -0.45074 -0.524715
    outer loop
      vertex -11.2005 8.5 12.9112
      vertex -11.5327 8.5 13.3684
      vertex -13.17 12.7 12.0139
    endloop
  endfacet
  facet normal -0.650647 -0.450737 -0.611142
    outer loop
      vertex -13.17 12.7 12.0139
      vertex -11.5327 8.5 13.3684
      vertex -13.3742 12.7 12.2313
    endloop
  endfacet
  facet normal -0.829926 -0.450743 -0.328716
    outer loop
      vertex -10.7202 8.5 11.8906
      vertex -10.9283 8.5 12.416
      vertex -12.851 12.7 11.5112
    endloop
  endfacet
  facet normal -0.782264 -0.450742 -0.429993
    outer loop
      vertex -10.9283 8.5 12.416
      vertex -11.2005 8.5 12.9112
      vertex -12.851 12.7 11.5112
    endloop
  endfacet
  facet normal -0.829956 -0.45075 -0.32863
    outer loop
      vertex -12.7412 12.7 11.2339
      vertex -10.7202 8.5 11.8906
      vertex -12.851 12.7 11.5112
    endloop
  endfacet
  facet normal -0.864664 -0.450745 -0.221778
    outer loop
      vertex -12.6671 12.7 10.945
      vertex -10.7202 8.5 11.8906
      vertex -12.7412 12.7 11.2339
    endloop
  endfacet
  facet normal -0.380072 -0.450753 -0.807692
    outer loop
      vertex -12.8321 8.5 14.4434
      vertex -13.3434 8.5 14.684
      vertex -13.8558 12.7 12.5812
    endloop
  endfacet
  facet normal -0.0560754 -0.450747 -0.890889
    outer loop
      vertex -15 12.7 12.875
      vertex -14.436 8.5 14.9645
      vertex -15 8.5 15
    endloop
  endfacet
  facet normal -0.0559618 -0.450738 -0.8909
    outer loop
      vertex -14.7023 12.7 12.8563
      vertex -14.436 8.5 14.9645
      vertex -15 12.7 12.875
    endloop
  endfacet
  facet normal 0.829961 -0.450748 0.32862
    outer loop
      vertex -17.149 12.7 9.48877
      vertex -17.2588 12.7 9.76608
      vertex -19.2798 8.5 9.10942
    endloop
  endfacet
  facet normal 0.72218 -0.450749 0.524672
    outer loop
      vertex -16.83 12.7 8.98612
      vertex -17.0053 12.7 9.22741
      vertex -18.7995 8.5 8.08878
    endloop
  endfacet
  facet normal 0.380072 -0.450753 -0.807692
    outer loop
      vertex -16.1442 12.7 12.5812
      vertex -16.6566 8.5 14.684
      vertex -17.1679 8.5 14.4434
    endloop
  endfacet
  facet normal 0.782264 -0.450742 -0.429993
    outer loop
      vertex -17.149 12.7 11.5112
      vertex -18.7995 8.5 12.9112
      vertex -19.0717 8.5 12.416
    endloop
  endfacet
  facet normal 0.782245 -0.450745 -0.430025
    outer loop
      vertex -17.149 12.7 11.5112
      vertex -17.0053 12.7 11.7726
      vertex -18.7995 8.5 12.9112
    endloop
  endfacet
  facet normal 0.892652 -0.450747 0
    outer loop
      vertex -19.4911 8.5 10.7826
      vertex -17.3703 12.7 10.3509
      vertex -17.3703 12.7 10.6491
    endloop
  endfacet
  facet normal 0.892652 -0.450747 0
    outer loop
      vertex -17.3703 12.7 10.3509
      vertex -19.4911 8.5 10.7826
      vertex -19.4911 8.5 10.2174
    endloop
  endfacet
  facet normal 0.568985 -0.450749 -0.68781
    outer loop
      vertex -16.6258 12.7 12.2313
      vertex -16.396 12.7 12.4214
      vertex -17.645 8.5 14.1406
    endloop
  endfacet
  facet normal 0.478332 -0.45075 -0.753673
    outer loop
      vertex -16.396 12.7 12.4214
      vertex -17.1679 8.5 14.4434
      vertex -17.645 8.5 14.1406
    endloop
  endfacet
  facet normal -0.650674 -0.450742 0.61111
    outer loop
      vertex -11.5327 8.5 7.63159
      vertex -13.17 12.7 8.98612
      vertex -13.3742 12.7 8.7687
    endloop
  endfacet
  facet normal -0.722148 -0.450744 0.524722
    outer loop
      vertex -11.5327 8.5 7.63159
      vertex -11.2005 8.5 8.08878
      vertex -13.17 12.7 8.98612
    endloop
  endfacet
  facet normal -0.885606 -0.450747 0.111935
    outer loop
      vertex -10.5089 8.5 10.2174
      vertex -12.6297 12.7 10.3509
      vertex -12.6671 12.7 10.055
    endloop
  endfacet
  facet normal -0.829933 -0.450741 0.3287
    outer loop
      vertex -10.9283 8.5 8.58399
      vertex -10.7202 8.5 9.10942
      vertex -12.851 12.7 9.48877
    endloop
  endfacet
  facet normal -0.864669 -0.450743 0.221764
    outer loop
      vertex -10.7202 8.5 9.10942
      vertex -12.6671 12.7 10.055
      vertex -12.7412 12.7 9.76608
    endloop
  endfacet
  facet normal -0.829961 -0.450748 0.32862
    outer loop
      vertex -10.7202 8.5 9.10942
      vertex -12.7412 12.7 9.76608
      vertex -12.851 12.7 9.48877
    endloop
  endfacet
  facet normal -0.722192 -0.450746 -0.524659
    outer loop
      vertex -12.9947 12.7 11.7726
      vertex -11.2005 8.5 12.9112
      vertex -13.17 12.7 12.0139
    endloop
  endfacet
  facet normal -0.650786 -0.450755 -0.610981
    outer loop
      vertex -11.5327 8.5 13.3684
      vertex -11.9195 8.5 13.7804
      vertex -13.3742 12.7 12.2313
    endloop
  endfacet
  facet normal -0.275898 -0.450755 -0.84894
    outer loop
      vertex -14.1257 12.7 12.7082
      vertex -13.3434 8.5 14.684
      vertex -14.4094 12.7 12.8004
    endloop
  endfacet
  facet normal -0.380058 -0.450755 -0.807698
    outer loop
      vertex -13.8558 12.7 12.5812
      vertex -13.3434 8.5 14.684
      vertex -14.1257 12.7 12.7082
    endloop
  endfacet
  facet normal 0.0560754 -0.450747 -0.890889
    outer loop
      vertex -15 12.7 12.875
      vertex -15 8.5 15
      vertex -15.564 8.5 14.9645
    endloop
  endfacet
  facet normal 0.380058 -0.450755 -0.807698
    outer loop
      vertex -16.1442 12.7 12.5812
      vertex -15.8743 12.7 12.7082
      vertex -16.6566 8.5 14.684
    endloop
  endfacet
  facet normal 0.275898 -0.450755 -0.84894
    outer loop
      vertex -15.8743 12.7 12.7082
      vertex -15.5906 12.7 12.8004
      vertex -16.6566 8.5 14.684
    endloop
  endfacet
  facet normal 0.885606 -0.450747 -0.111935
    outer loop
      vertex -17.3703 12.7 10.6491
      vertex -17.3329 12.7 10.945
      vertex -19.4911 8.5 10.7826
    endloop
  endfacet
  facet normal -0.569022 -0.450742 0.687783
    outer loop
      vertex -12.355 8.5 6.85942
      vertex -13.3742 12.7 8.7687
      vertex -13.604 12.7 8.57858
    endloop
  endfacet
  facet normal -0.275824 -0.45075 0.848967
    outer loop
      vertex -13.8809 8.5 6.14138
      vertex -13.3434 8.5 6.31601
      vertex -14.4094 12.7 8.19962
    endloop
  endfacet
  facet normal -0.167313 -0.450747 0.876832
    outer loop
      vertex -14.436 8.5 6.03548
      vertex -14.4094 12.7 8.19962
      vertex -14.7023 12.7 8.14373
    endloop
  endfacet
  facet normal -0.380086 -0.450746 0.80769
    outer loop
      vertex -13.3434 8.5 6.31601
      vertex -12.8321 8.5 6.55662
      vertex -13.8558 12.7 8.41877
    endloop
  endfacet
  facet normal -0.478335 -0.450744 0.753675
    outer loop
      vertex -12.8321 8.5 6.55662
      vertex -13.604 12.7 8.57858
      vertex -13.8558 12.7 8.41877
    endloop
  endfacet
  facet normal -0.892652 -0.450747 0
    outer loop
      vertex -10.5089 8.5 10.2174
      vertex -12.6297 12.7 10.6491
      vertex -12.6297 12.7 10.3509
    endloop
  endfacet
  facet normal -0.892652 -0.450747 0
    outer loop
      vertex -12.6297 12.7 10.6491
      vertex -10.5089 8.5 10.2174
      vertex -10.5089 8.5 10.7826
    endloop
  endfacet
  facet normal 0.0559618 -0.450738 -0.8909
    outer loop
      vertex -15.2977 12.7 12.8563
      vertex -15 12.7 12.875
      vertex -15.564 8.5 14.9645
    endloop
  endfacet
  facet normal -0.380034 -0.450751 0.807711
    outer loop
      vertex -13.3434 8.5 6.31601
      vertex -13.8558 12.7 8.41877
      vertex -14.1257 12.7 8.29178
    endloop
  endfacet
  facet normal -0.275791 -0.450747 0.848979
    outer loop
      vertex -13.3434 8.5 6.31601
      vertex -14.1257 12.7 8.29178
      vertex -14.4094 12.7 8.19962
    endloop
  endfacet
  facet normal -0.16728 -0.450749 0.876837
    outer loop
      vertex -13.8809 8.5 6.14138
      vertex -14.4094 12.7 8.19962
      vertex -14.436 8.5 6.03548
    endloop
  endfacet
  facet normal -0.167343 -0.450738 -0.876831
    outer loop
      vertex -14.4094 12.7 12.8004
      vertex -14.436 8.5 14.9645
      vertex -14.7023 12.7 12.8563
    endloop
  endfacet
  facet normal -0.0627837 0 0.998027
    outer loop
      vertex -15 8.5 6
      vertex -14.436 8.00987 6.03548
      vertex -14.436 8.5 6.03548
    endloop
  endfacet
  facet normal -0.0627837 0 0.998027
    outer loop
      vertex -14.436 8.00987 6.03548
      vertex -15 8.5 6
      vertex -15 8.00987 6
    endloop
  endfacet
  facet normal -0.0627837 0 0.998027
    outer loop
      vertex -15 -3.15339 6
      vertex -14.436 -11.7907 6.03548
      vertex -14.436 -3.2093 6.03548
    endloop
  endfacet
  facet normal -0.0627837 0 0.998027
    outer loop
      vertex -14.436 -11.7907 6.03548
      vertex -15 -3.15339 6
      vertex -15 -11.8466 6
    endloop
  endfacet
  facet normal -0.0628189 0 -0.998025
    outer loop
      vertex -15 8.00987 15
      vertex -14.436 8.5 14.9645
      vertex -14.436 8.00987 14.9645
    endloop
  endfacet
  facet normal -0.0628189 0 -0.998025
    outer loop
      vertex -14.436 8.5 14.9645
      vertex -15 8.00987 15
      vertex -15 8.5 15
    endloop
  endfacet
  facet normal -0.0628189 0 -0.998025
    outer loop
      vertex -15 -11.8466 15
      vertex -14.436 -3.2093 14.9645
      vertex -14.436 -11.7907 14.9645
    endloop
  endfacet
  facet normal -0.0628189 0 -0.998025
    outer loop
      vertex -14.436 -3.2093 14.9645
      vertex -15 -11.8466 15
      vertex -15 -3.15339 15
    endloop
  endfacet
  facet normal -1 0 0
    outer loop
      vertex -10.5089 8.00987 10.2174
      vertex -10.5089 8.5 10.7826
      vertex -10.5089 8.5 10.2174
    endloop
  endfacet
  facet normal -1 -0 0
    outer loop
      vertex -10.5089 8.5 10.7826
      vertex -10.5089 8.00987 10.2174
      vertex -10.5089 8.00987 10.7826
    endloop
  endfacet
  facet normal -1 0 0
    outer loop
      vertex -10.5089 -9.51085 10.2174
      vertex -10.5089 -5.48915 10.7826
      vertex -10.5089 -5.48915 10.2174
    endloop
  endfacet
  facet normal -1 -0 0
    outer loop
      vertex -10.5089 -5.48915 10.7826
      vertex -10.5089 -9.51085 10.2174
      vertex -10.5089 -9.51085 10.7826
    endloop
  endfacet
  facet normal -0.72901 0 0.684503
    outer loop
      vertex -11.9195 8.00987 7.21964
      vertex -11.5327 8.5 7.63159
      vertex -11.9195 8.5 7.21964
    endloop
  endfacet
  facet normal -0.72901 0 0.684503
    outer loop
      vertex -11.5327 8.5 7.63159
      vertex -11.9195 8.00987 7.21964
      vertex -11.5327 8.00987 7.63159
    endloop
  endfacet
  facet normal -0.72919 0 0.684311
    outer loop
      vertex -11.6065 -4.6438 7.55295
      vertex -11.5327 -10.313 7.63159
      vertex -11.5327 -4.68704 7.63159
    endloop
  endfacet
  facet normal -0.728967 0 0.684548
    outer loop
      vertex -11.6065 -10.3562 7.55295
      vertex -11.6065 -4.6438 7.55295
      vertex -11.9195 -4.40164 7.21964
    endloop
  endfacet
  facet normal -0.72919 0 0.684311
    outer loop
      vertex -11.6065 -4.6438 7.55295
      vertex -11.6065 -10.3562 7.55295
      vertex -11.5327 -10.313 7.63159
    endloop
  endfacet
  facet normal -0.728967 0 0.684548
    outer loop
      vertex -11.6065 -10.3562 7.55295
      vertex -11.9195 -4.40164 7.21964
      vertex -11.9195 -10.5984 7.21964
    endloop
  endfacet
  facet normal -0.729051 0 -0.684459
    outer loop
      vertex -11.5327 8.00987 13.3684
      vertex -11.9195 8.5 13.7804
      vertex -11.5327 8.5 13.3684
    endloop
  endfacet
  facet normal -0.729051 -0 -0.684459
    outer loop
      vertex -11.9195 8.5 13.7804
      vertex -11.5327 8.00987 13.3684
      vertex -11.9195 8.00987 13.7804
    endloop
  endfacet
  facet normal -0.729016 0 -0.684496
    outer loop
      vertex -11.5327 -10.313 13.3684
      vertex -11.6065 -4.6438 13.447
      vertex -11.5327 -4.68704 13.3684
    endloop
  endfacet
  facet normal -0.729016 0 -0.684496
    outer loop
      vertex -11.6065 -10.3562 13.447
      vertex -11.6065 -4.6438 13.447
      vertex -11.5327 -10.313 13.3684
    endloop
  endfacet
  facet normal -0.72906 -0 -0.68445
    outer loop
      vertex -11.6065 -4.6438 13.447
      vertex -11.6065 -10.3562 13.447
      vertex -11.9195 -4.40164 13.7804
    endloop
  endfacet
  facet normal -0.72906 -0 -0.68445
    outer loop
      vertex -11.9195 -4.40164 13.7804
      vertex -11.6065 -10.3562 13.447
      vertex -11.9195 -10.5984 13.7804
    endloop
  endfacet
  facet normal -0.929728 0 -0.368246
    outer loop
      vertex -10.7202 8.00987 11.8906
      vertex -10.9283 8.5 12.416
      vertex -10.7202 8.5 11.8906
    endloop
  endfacet
  facet normal -0.929728 -0 -0.368246
    outer loop
      vertex -10.9283 8.5 12.416
      vertex -10.7202 8.00987 11.8906
      vertex -10.9283 8.00987 12.416
    endloop
  endfacet
  facet normal -0.929716 0 -0.368276
    outer loop
      vertex -10.7202 -9.68985 11.8906
      vertex -10.8426 -5.23081 12.1996
      vertex -10.7202 -5.31015 11.8906
    endloop
  endfacet
  facet normal -0.929716 0 -0.368276
    outer loop
      vertex -10.8426 -9.76919 12.1996
      vertex -10.8426 -5.23081 12.1996
      vertex -10.7202 -9.68985 11.8906
    endloop
  endfacet
  facet normal -0.929745 -0 -0.368203
    outer loop
      vertex -10.8426 -5.23081 12.1996
      vertex -10.8426 -9.76919 12.1996
      vertex -10.9283 -5.14513 12.416
    endloop
  endfacet
  facet normal -0.929745 -0 -0.368203
    outer loop
      vertex -10.9283 -5.14513 12.416
      vertex -10.8426 -9.76919 12.1996
      vertex -10.9283 -9.85487 12.416
    endloop
  endfacet
  facet normal -0.425794 0 0.90482
    outer loop
      vertex -13.3434 8.5 6.31601
      vertex -12.8321 8.00987 6.55662
      vertex -12.8321 8.5 6.55662
    endloop
  endfacet
  facet normal -0.425794 0 0.90482
    outer loop
      vertex -12.8321 8.00987 6.55662
      vertex -13.3434 8.5 6.31601
      vertex -13.3434 8.00987 6.31601
    endloop
  endfacet
  facet normal -0.425657 0 0.904885
    outer loop
      vertex -12.9723 -3.76501 6.49067
      vertex -12.8321 -11.1731 6.55662
      vertex -12.8321 -3.82694 6.55662
    endloop
  endfacet
  facet normal -0.425657 0 0.904885
    outer loop
      vertex -12.9723 -3.76501 6.49067
      vertex -12.9723 -11.235 6.49067
      vertex -12.8321 -11.1731 6.55662
    endloop
  endfacet
  facet normal -0.425846 0 0.904795
    outer loop
      vertex -13.3434 -3.55387 6.31601
      vertex -12.9723 -11.235 6.49067
      vertex -12.9723 -3.76501 6.49067
    endloop
  endfacet
  facet normal -0.425846 0 0.904795
    outer loop
      vertex -12.9723 -11.235 6.49067
      vertex -13.3434 -3.55387 6.31601
      vertex -13.3434 -11.4461 6.31601
    endloop
  endfacet
  facet normal -0.187397 0 0.982284
    outer loop
      vertex -14.436 8.5 6.03548
      vertex -13.8809 8.00987 6.14138
      vertex -13.8809 8.5 6.14138
    endloop
  endfacet
  facet normal -0.187397 0 0.982284
    outer loop
      vertex -13.8809 8.00987 6.14138
      vertex -14.436 8.5 6.03548
      vertex -14.436 8.00987 6.03548
    endloop
  endfacet
  facet normal -0.187374 0 0.982289
    outer loop
      vertex -14.3578 -3.23282 6.05041
      vertex -13.8809 -11.6572 6.14138
      vertex -13.8809 -3.34278 6.14138
    endloop
  endfacet
  facet normal -0.187374 0 0.982289
    outer loop
      vertex -14.3578 -3.23282 6.05041
      vertex -14.3578 -11.7672 6.05041
      vertex -13.8809 -11.6572 6.14138
    endloop
  endfacet
  facet normal -0.187533 0 0.982258
    outer loop
      vertex -14.436 -3.2093 6.03548
      vertex -14.3578 -11.7672 6.05041
      vertex -14.3578 -3.23282 6.05041
    endloop
  endfacet
  facet normal -0.187533 0 0.982258
    outer loop
      vertex -14.3578 -11.7672 6.05041
      vertex -14.436 -3.2093 6.03548
      vertex -14.436 -11.7907 6.03548
    endloop
  endfacet
  facet normal -0.929736 0 0.368228
    outer loop
      vertex -10.9283 8.00987 8.58399
      vertex -10.7202 8.5 9.10942
      vertex -10.9283 8.5 8.58399
    endloop
  endfacet
  facet normal -0.929736 0 0.368228
    outer loop
      vertex -10.7202 8.5 9.10942
      vertex -10.9283 8.00987 8.58399
      vertex -10.7202 8.00987 9.10942
    endloop
  endfacet
  facet normal -0.929721 0 0.368266
    outer loop
      vertex -10.8426 -5.23081 8.80041
      vertex -10.7202 -9.68985 9.10942
      vertex -10.7202 -5.31015 9.10942
    endloop
  endfacet
  facet normal -0.929757 0 0.368174
    outer loop
      vertex -10.8426 -9.76919 8.80041
      vertex -10.8426 -5.23081 8.80041
      vertex -10.9283 -5.14513 8.58399
    endloop
  endfacet
  facet normal -0.929721 0 0.368266
    outer loop
      vertex -10.8426 -5.23081 8.80041
      vertex -10.8426 -9.76919 8.80041
      vertex -10.7202 -9.68985 9.10942
    endloop
  endfacet
  facet normal -0.929757 0 0.368174
    outer loop
      vertex -10.8426 -9.76919 8.80041
      vertex -10.9283 -5.14513 8.58399
      vertex -10.9283 -9.85487 8.58399
    endloop
  endfacet
  facet normal -0.968601 0 0.248622
    outer loop
      vertex -10.7202 8.00987 9.10942
      vertex -10.5797 8.5 9.65679
      vertex -10.7202 8.5 9.10942
    endloop
  endfacet
  facet normal -0.968601 0 0.248622
    outer loop
      vertex -10.5797 8.5 9.65679
      vertex -10.7202 8.00987 9.10942
      vertex -10.5797 8.00987 9.65679
    endloop
  endfacet
  facet normal -0.9686 0 0.248624
    outer loop
      vertex -10.6278 -5.40258 9.4694
      vertex -10.5797 -9.57375 9.65679
      vertex -10.5797 -5.42625 9.65679
    endloop
  endfacet
  facet normal -0.968601 0 0.248621
    outer loop
      vertex -10.6278 -9.59742 9.4694
      vertex -10.6278 -5.40258 9.4694
      vertex -10.7202 -5.31015 9.10942
    endloop
  endfacet
  facet normal -0.9686 0 0.248624
    outer loop
      vertex -10.6278 -5.40258 9.4694
      vertex -10.6278 -9.59742 9.4694
      vertex -10.5797 -9.57375 9.65679
    endloop
  endfacet
  facet normal -0.968601 0 0.248621
    outer loop
      vertex -10.6278 -9.59742 9.4694
      vertex -10.7202 -5.31015 9.10942
      vertex -10.7202 -9.68985 9.10942
    endloop
  endfacet
  facet normal -0.80899 0 0.587822
    outer loop
      vertex -11.5327 8.00987 7.63159
      vertex -11.2005 8.5 8.08878
      vertex -11.5327 8.5 7.63159
    endloop
  endfacet
  facet normal -0.80899 0 0.587822
    outer loop
      vertex -11.2005 8.5 8.08878
      vertex -11.5327 8.00987 7.63159
      vertex -11.2005 8.00987 8.08878
    endloop
  endfacet
  facet normal -0.80899 0 0.587822
    outer loop
      vertex -11.5327 -4.68704 7.63159
      vertex -11.2005 -10.0616 8.08878
      vertex -11.2005 -4.93838 8.08878
    endloop
  endfacet
  facet normal -0.80899 0 0.587822
    outer loop
      vertex -11.2005 -10.0616 8.08878
      vertex -11.5327 -4.68704 7.63159
      vertex -11.5327 -10.313 7.63159
    endloop
  endfacet
  facet normal -0.42578 0 -0.904827
    outer loop
      vertex -13.3434 8.00987 14.684
      vertex -12.8321 8.5 14.4434
      vertex -12.8321 8.00987 14.4434
    endloop
  endfacet
  facet normal -0.42578 0 -0.904827
    outer loop
      vertex -12.8321 8.5 14.4434
      vertex -13.3434 8.00987 14.684
      vertex -13.3434 8.5 14.684
    endloop
  endfacet
  facet normal -0.425393 0 -0.905009
    outer loop
      vertex -12.9723 -11.235 14.5093
      vertex -12.8321 -3.82694 14.4434
      vertex -12.8321 -11.1731 14.4434
    endloop
  endfacet
  facet normal -0.425393 0 -0.905009
    outer loop
      vertex -12.9723 -11.235 14.5093
      vertex -12.9723 -3.76501 14.5093
      vertex -12.8321 -3.82694 14.4434
    endloop
  endfacet
  facet normal -0.425926 0 -0.904758
    outer loop
      vertex -13.3434 -11.4461 14.684
      vertex -12.9723 -3.76501 14.5093
      vertex -12.9723 -11.235 14.5093
    endloop
  endfacet
  facet normal -0.425926 0 -0.904758
    outer loop
      vertex -12.9723 -3.76501 14.5093
      vertex -13.3434 -11.4461 14.684
      vertex -13.3434 -3.55387 14.684
    endloop
  endfacet
  facet normal -0.535856 0 -0.844309
    outer loop
      vertex -12.8321 8.00987 14.4434
      vertex -12.355 8.5 14.1406
      vertex -12.355 8.00987 14.1406
    endloop
  endfacet
  facet normal -0.535856 0 -0.844309
    outer loop
      vertex -12.355 8.5 14.1406
      vertex -12.8321 8.00987 14.4434
      vertex -12.8321 8.5 14.4434
    endloop
  endfacet
  facet normal -0.535856 0 -0.844309
    outer loop
      vertex -12.8321 -11.1731 14.4434
      vertex -12.355 -4.11129 14.1406
      vertex -12.355 -10.8887 14.1406
    endloop
  endfacet
  facet normal -0.535856 0 -0.844309
    outer loop
      vertex -12.355 -4.11129 14.1406
      vertex -12.8321 -11.1731 14.4434
      vertex -12.8321 -3.82694 14.4434
    endloop
  endfacet
  facet normal -0.308946 0 -0.95108
    outer loop
      vertex -13.8809 8.00987 14.8586
      vertex -13.3434 8.5 14.684
      vertex -13.3434 8.00987 14.684
    endloop
  endfacet
  facet normal -0.308946 0 -0.95108
    outer loop
      vertex -13.3434 8.5 14.684
      vertex -13.8809 8.00987 14.8586
      vertex -13.8809 8.5 14.8586
    endloop
  endfacet
  facet normal -0.308946 0 -0.95108
    outer loop
      vertex -13.8809 -11.6572 14.8586
      vertex -13.3434 -3.55387 14.684
      vertex -13.3434 -11.4461 14.684
    endloop
  endfacet
  facet normal -0.308946 0 -0.95108
    outer loop
      vertex -13.3434 -3.55387 14.684
      vertex -13.8809 -11.6572 14.8586
      vertex -13.8809 -3.34278 14.8586
    endloop
  endfacet
  facet normal -0.876335 0 -0.481701
    outer loop
      vertex -10.9283 8.00987 12.416
      vertex -11.2005 8.5 12.9112
      vertex -10.9283 8.5 12.416
    endloop
  endfacet
  facet normal -0.876335 -0 -0.481701
    outer loop
      vertex -11.2005 8.5 12.9112
      vertex -10.9283 8.00987 12.416
      vertex -11.2005 8.00987 12.9112
    endloop
  endfacet
  facet normal -0.876294 0 -0.481777
    outer loop
      vertex -10.9283 -9.85487 12.416
      vertex -11.1624 -4.97655 12.8418
      vertex -10.9283 -5.14513 12.416
    endloop
  endfacet
  facet normal -0.876294 0 -0.481777
    outer loop
      vertex -11.1624 -10.0235 12.8418
      vertex -11.1624 -4.97655 12.8418
      vertex -10.9283 -9.85487 12.416
    endloop
  endfacet
  facet normal -0.876589 -0 -0.48124
    outer loop
      vertex -11.1624 -4.97655 12.8418
      vertex -11.1624 -10.0235 12.8418
      vertex -11.2005 -4.93838 12.9112
    endloop
  endfacet
  facet normal -0.876589 -0 -0.48124
    outer loop
      vertex -11.2005 -4.93838 12.9112
      vertex -11.1624 -10.0235 12.8418
      vertex -11.2005 -10.0616 12.9112
    endloop
  endfacet
  facet normal -0.992119 0 -0.125298
    outer loop
      vertex -10.5089 8.00987 10.7826
      vertex -10.5797 8.5 11.3432
      vertex -10.5089 8.5 10.7826
    endloop
  endfacet
  facet normal -0.992119 -0 -0.125298
    outer loop
      vertex -10.5797 8.5 11.3432
      vertex -10.5089 8.00987 10.7826
      vertex -10.5797 8.00987 11.3432
    endloop
  endfacet
  facet normal -0.992156 -0 -0.125008
    outer loop
      vertex -10.5089 -5.48915 10.7826
      vertex -10.5089 -9.51085 10.7826
      vertex -10.5168 -5.48915 10.8453
    endloop
  endfacet
  facet normal -0.992156 0 -0.125008
    outer loop
      vertex -10.5168 -9.51085 10.8453
      vertex -10.5168 -5.48915 10.8453
      vertex -10.5089 -9.51085 10.7826
    endloop
  endfacet
  facet normal -0.992115 -0 -0.125334
    outer loop
      vertex -10.5168 -5.48915 10.8453
      vertex -10.5168 -9.51085 10.8453
      vertex -10.5797 -5.42625 11.3432
    endloop
  endfacet
  facet normal -0.992115 -0 -0.125334
    outer loop
      vertex -10.5797 -5.42625 11.3432
      vertex -10.5168 -9.51085 10.8453
      vertex -10.5797 -9.57375 11.3432
    endloop
  endfacet
  facet normal 0.535856 0 0.844309
    outer loop
      vertex -17.645 8.5 6.85942
      vertex -17.1679 8.00987 6.55662
      vertex -17.1679 8.5 6.55662
    endloop
  endfacet
  facet normal 0.535856 0 0.844309
    outer loop
      vertex -17.1679 8.00987 6.55662
      vertex -17.645 8.5 6.85942
      vertex -17.645 8.00987 6.85942
    endloop
  endfacet
  facet normal 0.535856 0 0.844309
    outer loop
      vertex -17.645 -4.11129 6.85942
      vertex -17.1679 -11.1731 6.55662
      vertex -17.1679 -3.82694 6.55662
    endloop
  endfacet
  facet normal 0.535856 0 0.844309
    outer loop
      vertex -17.1679 -11.1731 6.55662
      vertex -17.645 -4.11129 6.85942
      vertex -17.645 -10.8887 6.85942
    endloop
  endfacet
  facet normal 0.0627837 0 0.998027
    outer loop
      vertex -15.564 8.5 6.03548
      vertex -15 8.00987 6
      vertex -15 8.5 6
    endloop
  endfacet
  facet normal 0.0627837 0 0.998027
    outer loop
      vertex -15 8.00987 6
      vertex -15.564 8.5 6.03548
      vertex -15.564 8.00987 6.03548
    endloop
  endfacet
  facet normal 0.0627837 0 0.998027
    outer loop
      vertex -15.564 -3.2093 6.03548
      vertex -15 -11.8466 6
      vertex -15 -3.15339 6
    endloop
  endfacet
  facet normal 0.0627837 0 0.998027
    outer loop
      vertex -15 -11.8466 6
      vertex -15.564 -3.2093 6.03548
      vertex -15.564 -11.7907 6.03548
    endloop
  endfacet
  facet normal -0.308994 0 0.951064
    outer loop
      vertex -13.8809 8.5 6.14138
      vertex -13.3434 8.00987 6.31601
      vertex -13.3434 8.5 6.31601
    endloop
  endfacet
  facet normal -0.308994 0 0.951064
    outer loop
      vertex -13.3434 8.00987 6.31601
      vertex -13.8809 8.5 6.14138
      vertex -13.8809 8.00987 6.14138
    endloop
  endfacet
  facet normal -0.308994 0 0.951064
    outer loop
      vertex -13.8809 -3.34278 6.14138
      vertex -13.3434 -11.4461 6.31601
      vertex -13.3434 -3.55387 6.31601
    endloop
  endfacet
  facet normal -0.308994 0 0.951064
    outer loop
      vertex -13.3434 -11.4461 6.31601
      vertex -13.8809 -3.34278 6.14138
      vertex -13.8809 -11.6572 6.14138
    endloop
  endfacet
  facet normal -0.637364 0 0.770563
    outer loop
      vertex -12.355 8.5 6.85942
      vertex -11.9195 8.00987 7.21964
      vertex -11.9195 8.5 7.21964
    endloop
  endfacet
  facet normal -0.637364 0 0.770563
    outer loop
      vertex -11.9195 8.00987 7.21964
      vertex -12.355 8.5 6.85942
      vertex -12.355 8.00987 6.85942
    endloop
  endfacet
  facet normal -0.63735 0 0.770575
    outer loop
      vertex -12.1921 -4.23782 6.99417
      vertex -11.9195 -10.5984 7.21964
      vertex -11.9195 -4.40164 7.21964
    endloop
  endfacet
  facet normal -0.63735 0 0.770575
    outer loop
      vertex -12.1921 -4.23782 6.99417
      vertex -12.1921 -10.7622 6.99417
      vertex -11.9195 -10.5984 7.21964
    endloop
  endfacet
  facet normal -0.637389 0 0.770543
    outer loop
      vertex -12.355 -4.11129 6.85942
      vertex -12.1921 -10.7622 6.99417
      vertex -12.1921 -4.23782 6.99417
    endloop
  endfacet
  facet normal -0.637389 0 0.770543
    outer loop
      vertex -12.1921 -10.7622 6.99417
      vertex -12.355 -4.11129 6.85942
      vertex -12.355 -10.8887 6.85942
    endloop
  endfacet
  facet normal -0.535856 0 0.844309
    outer loop
      vertex -12.8321 8.5 6.55662
      vertex -12.355 8.00987 6.85942
      vertex -12.355 8.5 6.85942
    endloop
  endfacet
  facet normal -0.535856 0 0.844309
    outer loop
      vertex -12.355 8.00987 6.85942
      vertex -12.8321 8.5 6.55662
      vertex -12.8321 8.00987 6.55662
    endloop
  endfacet
  facet normal -0.535856 0 0.844309
    outer loop
      vertex -12.8321 -3.82694 6.55662
      vertex -12.355 -10.8887 6.85942
      vertex -12.355 -4.11129 6.85942
    endloop
  endfacet
  facet normal -0.535856 0 0.844309
    outer loop
      vertex -12.355 -10.8887 6.85942
      vertex -12.8321 -3.82694 6.55662
      vertex -12.8321 -11.1731 6.55662
    endloop
  endfacet
  facet normal -0.992119 0 0.125296
    outer loop
      vertex -10.5797 8.00987 9.65679
      vertex -10.5089 8.5 10.2174
      vertex -10.5797 8.5 9.65679
    endloop
  endfacet
  facet normal -0.992119 0 0.125296
    outer loop
      vertex -10.5089 8.5 10.2174
      vertex -10.5797 8.00987 9.65679
      vertex -10.5089 8.00987 10.2174
    endloop
  endfacet
  facet normal -0.992156 0 0.125008
    outer loop
      vertex -10.5168 -5.48915 10.1547
      vertex -10.5168 -9.51085 10.1547
      vertex -10.5089 -5.48915 10.2174
    endloop
  endfacet
  facet normal -0.992115 0 0.125332
    outer loop
      vertex -10.5797 -5.42625 9.65679
      vertex -10.5168 -9.51085 10.1547
      vertex -10.5168 -5.48915 10.1547
    endloop
  endfacet
  facet normal -0.992115 0 0.125332
    outer loop
      vertex -10.5168 -9.51085 10.1547
      vertex -10.5797 -5.42625 9.65679
      vertex -10.5797 -9.57375 9.65679
    endloop
  endfacet
  facet normal -0.992156 0 0.125008
    outer loop
      vertex -10.5089 -5.48915 10.2174
      vertex -10.5168 -9.51085 10.1547
      vertex -10.5089 -9.51085 10.2174
    endloop
  endfacet
  facet normal -0.87634 0 0.481694
    outer loop
      vertex -11.2005 8.00987 8.08878
      vertex -10.9283 8.5 8.58399
      vertex -11.2005 8.5 8.08878
    endloop
  endfacet
  facet normal -0.87634 0 0.481694
    outer loop
      vertex -10.9283 8.5 8.58399
      vertex -11.2005 8.00987 8.08878
      vertex -10.9283 8.00987 8.58399
    endloop
  endfacet
  facet normal -0.876285 0 0.481794
    outer loop
      vertex -11.1624 -4.97655 8.15821
      vertex -10.9283 -9.85487 8.58399
      vertex -10.9283 -5.14513 8.58399
    endloop
  endfacet
  facet normal -0.876677 0 0.48108
    outer loop
      vertex -11.1624 -10.0235 8.15821
      vertex -11.1624 -4.97655 8.15821
      vertex -11.2005 -4.93838 8.08878
    endloop
  endfacet
  facet normal -0.876285 0 0.481794
    outer loop
      vertex -11.1624 -4.97655 8.15821
      vertex -11.1624 -10.0235 8.15821
      vertex -10.9283 -9.85487 8.58399
    endloop
  endfacet
  facet normal -0.876677 0 0.48108
    outer loop
      vertex -11.1624 -10.0235 8.15821
      vertex -11.2005 -4.93838 8.08878
      vertex -11.2005 -10.0616 8.08878
    endloop
  endfacet
  facet normal -0.637343 0 -0.77058
    outer loop
      vertex -12.355 8.00987 14.1406
      vertex -11.9195 8.5 13.7804
      vertex -11.9195 8.00987 13.7804
    endloop
  endfacet
  facet normal -0.637343 0 -0.77058
    outer loop
      vertex -11.9195 8.5 13.7804
      vertex -12.355 8.00987 14.1406
      vertex -12.355 8.5 14.1406
    endloop
  endfacet
  facet normal -0.637232 0 -0.770672
    outer loop
      vertex -12.1921 -10.7622 14.0058
      vertex -11.9195 -4.40164 13.7804
      vertex -11.9195 -10.5984 13.7804
    endloop
  endfacet
  facet normal -0.637232 0 -0.770672
    outer loop
      vertex -12.1921 -10.7622 14.0058
      vertex -12.1921 -4.23782 14.0058
      vertex -11.9195 -4.40164 13.7804
    endloop
  endfacet
  facet normal -0.637529 0 -0.770426
    outer loop
      vertex -12.355 -10.8887 14.1406
      vertex -12.1921 -4.23782 14.0058
      vertex -12.1921 -10.7622 14.0058
    endloop
  endfacet
  facet normal -0.637529 0 -0.770426
    outer loop
      vertex -12.1921 -4.23782 14.0058
      vertex -12.355 -10.8887 14.1406
      vertex -12.355 -4.11129 14.1406
    endloop
  endfacet
  facet normal -0.187397 0 -0.982284
    outer loop
      vertex -14.436 8.00987 14.9645
      vertex -13.8809 8.5 14.8586
      vertex -13.8809 8.00987 14.8586
    endloop
  endfacet
  facet normal -0.187397 0 -0.982284
    outer loop
      vertex -13.8809 8.5 14.8586
      vertex -14.436 8.00987 14.9645
      vertex -14.436 8.5 14.9645
    endloop
  endfacet
  facet normal -0.187434 0 -0.982277
    outer loop
      vertex -14.3578 -11.7672 14.9496
      vertex -13.8809 -3.34278 14.8586
      vertex -13.8809 -11.6572 14.8586
    endloop
  endfacet
  facet normal -0.187434 0 -0.982277
    outer loop
      vertex -14.3578 -11.7672 14.9496
      vertex -14.3578 -3.23282 14.9496
      vertex -13.8809 -3.34278 14.8586
    endloop
  endfacet
  facet normal -0.18717 0 -0.982328
    outer loop
      vertex -14.436 -11.7907 14.9645
      vertex -14.3578 -3.23282 14.9496
      vertex -14.3578 -11.7672 14.9496
    endloop
  endfacet
  facet normal -0.18717 0 -0.982328
    outer loop
      vertex -14.3578 -3.23282 14.9496
      vertex -14.436 -11.7907 14.9645
      vertex -14.436 -3.2093 14.9645
    endloop
  endfacet
  facet normal -0.808996 0 -0.587814
    outer loop
      vertex -11.2005 8.00987 12.9112
      vertex -11.5327 8.5 13.3684
      vertex -11.2005 8.5 12.9112
    endloop
  endfacet
  facet normal -0.808996 -0 -0.587814
    outer loop
      vertex -11.5327 8.5 13.3684
      vertex -11.2005 8.00987 12.9112
      vertex -11.5327 8.00987 13.3684
    endloop
  endfacet
  facet normal -0.808996 0 -0.587814
    outer loop
      vertex -11.2005 -10.0616 12.9112
      vertex -11.5327 -4.68704 13.3684
      vertex -11.2005 -4.93838 12.9112
    endloop
  endfacet
  facet normal -0.808996 -0 -0.587814
    outer loop
      vertex -11.5327 -4.68704 13.3684
      vertex -11.2005 -10.0616 12.9112
      vertex -11.5327 -10.313 13.3684
    endloop
  endfacet
  facet normal -0.968604 0 -0.248609
    outer loop
      vertex -10.5797 8.00987 11.3432
      vertex -10.7202 8.5 11.8906
      vertex -10.5797 8.5 11.3432
    endloop
  endfacet
  facet normal -0.968604 -0 -0.248609
    outer loop
      vertex -10.7202 8.5 11.8906
      vertex -10.5797 8.00987 11.3432
      vertex -10.7202 8.00987 11.8906
    endloop
  endfacet
  facet normal -0.968603 0 -0.248612
    outer loop
      vertex -10.5797 -9.57375 11.3432
      vertex -10.6278 -5.40258 11.5306
      vertex -10.5797 -5.42625 11.3432
    endloop
  endfacet
  facet normal -0.968603 0 -0.248612
    outer loop
      vertex -10.6278 -9.59742 11.5306
      vertex -10.6278 -5.40258 11.5306
      vertex -10.5797 -9.57375 11.3432
    endloop
  endfacet
  facet normal -0.968604 -0 -0.248608
    outer loop
      vertex -10.6278 -5.40258 11.5306
      vertex -10.6278 -9.59742 11.5306
      vertex -10.7202 -5.31015 11.8906
    endloop
  endfacet
  facet normal -0.968604 -0 -0.248608
    outer loop
      vertex -10.7202 -5.31015 11.8906
      vertex -10.6278 -9.59742 11.5306
      vertex -10.7202 -9.68985 11.8906
    endloop
  endfacet
  facet normal 0.72901 -0 0.684503
    outer loop
      vertex -18.4673 8.00987 7.63159
      vertex -18.0805 8.5 7.21964
      vertex -18.4673 8.5 7.63159
    endloop
  endfacet
  facet normal 0.72901 0 0.684503
    outer loop
      vertex -18.0805 8.5 7.21964
      vertex -18.4673 8.00987 7.63159
      vertex -18.0805 8.00987 7.21964
    endloop
  endfacet
  facet normal 0.72919 -0 0.684311
    outer loop
      vertex -18.4673 -10.313 7.63159
      vertex -18.3935 -4.6438 7.55295
      vertex -18.4673 -4.68704 7.63159
    endloop
  endfacet
  facet normal 0.72919 -0 0.684311
    outer loop
      vertex -18.3935 -10.3562 7.55295
      vertex -18.3935 -4.6438 7.55295
      vertex -18.4673 -10.313 7.63159
    endloop
  endfacet
  facet normal 0.728967 0 0.684548
    outer loop
      vertex -18.3935 -4.6438 7.55295
      vertex -18.3935 -10.3562 7.55295
      vertex -18.0805 -4.40164 7.21964
    endloop
  endfacet
  facet normal 0.728967 0 0.684548
    outer loop
      vertex -18.0805 -4.40164 7.21964
      vertex -18.3935 -10.3562 7.55295
      vertex -18.0805 -10.5984 7.21964
    endloop
  endfacet
  facet normal 0.187397 0 0.982284
    outer loop
      vertex -16.1191 8.5 6.14138
      vertex -15.564 8.00987 6.03548
      vertex -15.564 8.5 6.03548
    endloop
  endfacet
  facet normal 0.187397 0 0.982284
    outer loop
      vertex -15.564 8.00987 6.03548
      vertex -16.1191 8.5 6.14138
      vertex -16.1191 8.00987 6.14138
    endloop
  endfacet
  facet normal 0.187533 0 0.982258
    outer loop
      vertex -15.6422 -3.23282 6.05041
      vertex -15.564 -11.7907 6.03548
      vertex -15.564 -3.2093 6.03548
    endloop
  endfacet
  facet normal 0.187533 0 0.982258
    outer loop
      vertex -15.6422 -3.23282 6.05041
      vertex -15.6422 -11.7672 6.05041
      vertex -15.564 -11.7907 6.03548
    endloop
  endfacet
  facet normal 0.187374 0 0.982289
    outer loop
      vertex -16.1191 -3.34278 6.14138
      vertex -15.6422 -11.7672 6.05041
      vertex -15.6422 -3.23282 6.05041
    endloop
  endfacet
  facet normal 0.187374 0 0.982289
    outer loop
      vertex -15.6422 -11.7672 6.05041
      vertex -16.1191 -3.34278 6.14138
      vertex -16.1191 -11.6572 6.14138
    endloop
  endfacet
  facet normal 0.42578 0 -0.904827
    outer loop
      vertex -17.1679 8.00987 14.4434
      vertex -16.6566 8.5 14.684
      vertex -16.6566 8.00987 14.684
    endloop
  endfacet
  facet normal 0.42578 0 -0.904827
    outer loop
      vertex -16.6566 8.5 14.684
      vertex -17.1679 8.00987 14.4434
      vertex -17.1679 8.5 14.4434
    endloop
  endfacet
  facet normal 0.425926 0 -0.904758
    outer loop
      vertex -17.0277 -11.235 14.5093
      vertex -16.6566 -3.55387 14.684
      vertex -16.6566 -11.4461 14.684
    endloop
  endfacet
  facet normal 0.425926 0 -0.904758
    outer loop
      vertex -17.0277 -11.235 14.5093
      vertex -17.0277 -3.76501 14.5093
      vertex -16.6566 -3.55387 14.684
    endloop
  endfacet
  facet normal 0.425393 0 -0.905009
    outer loop
      vertex -17.1679 -11.1731 14.4434
      vertex -17.0277 -3.76501 14.5093
      vertex -17.0277 -11.235 14.5093
    endloop
  endfacet
  facet normal 0.425393 0 -0.905009
    outer loop
      vertex -17.0277 -3.76501 14.5093
      vertex -17.1679 -11.1731 14.4434
      vertex -17.1679 -3.82694 14.4434
    endloop
  endfacet
  facet normal 0.308946 0 -0.95108
    outer loop
      vertex -16.6566 8.00987 14.684
      vertex -16.1191 8.5 14.8586
      vertex -16.1191 8.00987 14.8586
    endloop
  endfacet
  facet normal 0.308946 0 -0.95108
    outer loop
      vertex -16.1191 8.5 14.8586
      vertex -16.6566 8.00987 14.684
      vertex -16.6566 8.5 14.684
    endloop
  endfacet
  facet normal 0.308946 0 -0.95108
    outer loop
      vertex -16.6566 -11.4461 14.684
      vertex -16.1191 -3.34278 14.8586
      vertex -16.1191 -11.6572 14.8586
    endloop
  endfacet
  facet normal 0.308946 0 -0.95108
    outer loop
      vertex -16.1191 -3.34278 14.8586
      vertex -16.6566 -11.4461 14.684
      vertex -16.6566 -3.55387 14.684
    endloop
  endfacet
  facet normal 0.87634 -0 0.481694
    outer loop
      vertex -19.0717 8.00987 8.58399
      vertex -18.7995 8.5 8.08878
      vertex -19.0717 8.5 8.58399
    endloop
  endfacet
  facet normal 0.87634 0 0.481694
    outer loop
      vertex -18.7995 8.5 8.08878
      vertex -19.0717 8.00987 8.58399
      vertex -18.7995 8.00987 8.08878
    endloop
  endfacet
  facet normal 0.876285 -0 0.481794
    outer loop
      vertex -19.0717 -9.85487 8.58399
      vertex -18.8376 -4.97655 8.15821
      vertex -19.0717 -5.14513 8.58399
    endloop
  endfacet
  facet normal 0.876285 -0 0.481794
    outer loop
      vertex -18.8376 -10.0235 8.15821
      vertex -18.8376 -4.97655 8.15821
      vertex -19.0717 -9.85487 8.58399
    endloop
  endfacet
  facet normal 0.876677 0 0.48108
    outer loop
      vertex -18.8376 -4.97655 8.15821
      vertex -18.8376 -10.0235 8.15821
      vertex -18.7995 -4.93838 8.08878
    endloop
  endfacet
  facet normal 0.876677 0 0.48108
    outer loop
      vertex -18.7995 -4.93838 8.08878
      vertex -18.8376 -10.0235 8.15821
      vertex -18.7995 -10.0616 8.08878
    endloop
  endfacet
  facet normal 0.308994 0 0.951064
    outer loop
      vertex -16.6566 8.5 6.31601
      vertex -16.1191 8.00987 6.14138
      vertex -16.1191 8.5 6.14138
    endloop
  endfacet
  facet normal 0.308994 0 0.951064
    outer loop
      vertex -16.1191 8.00987 6.14138
      vertex -16.6566 8.5 6.31601
      vertex -16.6566 8.00987 6.31601
    endloop
  endfacet
  facet normal 0.308994 0 0.951064
    outer loop
      vertex -16.6566 -3.55387 6.31601
      vertex -16.1191 -11.6572 6.14138
      vertex -16.1191 -3.34278 6.14138
    endloop
  endfacet
  facet normal 0.308994 0 0.951064
    outer loop
      vertex -16.1191 -11.6572 6.14138
      vertex -16.6566 -3.55387 6.31601
      vertex -16.6566 -11.4461 6.31601
    endloop
  endfacet
  facet normal 0.425794 0 0.90482
    outer loop
      vertex -17.1679 8.5 6.55662
      vertex -16.6566 8.00987 6.31601
      vertex -16.6566 8.5 6.31601
    endloop
  endfacet
  facet normal 0.425794 0 0.90482
    outer loop
      vertex -16.6566 8.00987 6.31601
      vertex -17.1679 8.5 6.55662
      vertex -17.1679 8.00987 6.55662
    endloop
  endfacet
  facet normal 0.425846 0 0.904795
    outer loop
      vertex -17.0277 -3.76501 6.49067
      vertex -16.6566 -11.4461 6.31601
      vertex -16.6566 -3.55387 6.31601
    endloop
  endfacet
  facet normal 0.425846 0 0.904795
    outer loop
      vertex -17.0277 -3.76501 6.49067
      vertex -17.0277 -11.235 6.49067
      vertex -16.6566 -11.4461 6.31601
    endloop
  endfacet
  facet normal 0.425657 0 0.904885
    outer loop
      vertex -17.1679 -3.82694 6.55662
      vertex -17.0277 -11.235 6.49067
      vertex -17.0277 -3.76501 6.49067
    endloop
  endfacet
  facet normal 0.425657 0 0.904885
    outer loop
      vertex -17.0277 -11.235 6.49067
      vertex -17.1679 -3.82694 6.55662
      vertex -17.1679 -11.1731 6.55662
    endloop
  endfacet
  facet normal 0.929728 0 -0.368246
    outer loop
      vertex -19.0717 8.00987 12.416
      vertex -19.2798 8.5 11.8906
      vertex -19.0717 8.5 12.416
    endloop
  endfacet
  facet normal 0.929728 0 -0.368246
    outer loop
      vertex -19.2798 8.5 11.8906
      vertex -19.0717 8.00987 12.416
      vertex -19.2798 8.00987 11.8906
    endloop
  endfacet
  facet normal 0.929716 0 -0.368276
    outer loop
      vertex -19.1574 -5.23081 12.1996
      vertex -19.2798 -9.68985 11.8906
      vertex -19.2798 -5.31015 11.8906
    endloop
  endfacet
  facet normal 0.929745 0 -0.368203
    outer loop
      vertex -19.1574 -9.76919 12.1996
      vertex -19.1574 -5.23081 12.1996
      vertex -19.0717 -5.14513 12.416
    endloop
  endfacet
  facet normal 0.929716 0 -0.368276
    outer loop
      vertex -19.1574 -5.23081 12.1996
      vertex -19.1574 -9.76919 12.1996
      vertex -19.2798 -9.68985 11.8906
    endloop
  endfacet
  facet normal 0.929745 0 -0.368203
    outer loop
      vertex -19.1574 -9.76919 12.1996
      vertex -19.0717 -5.14513 12.416
      vertex -19.0717 -9.85487 12.416
    endloop
  endfacet
  facet normal 0.0628189 0 -0.998025
    outer loop
      vertex -15.564 8.00987 14.9645
      vertex -15 8.5 15
      vertex -15 8.00987 15
    endloop
  endfacet
  facet normal 0.0628189 0 -0.998025
    outer loop
      vertex -15 8.5 15
      vertex -15.564 8.00987 14.9645
      vertex -15.564 8.5 14.9645
    endloop
  endfacet
  facet normal 0.0628189 0 -0.998025
    outer loop
      vertex -15.564 -11.7907 14.9645
      vertex -15 -3.15339 15
      vertex -15 -11.8466 15
    endloop
  endfacet
  facet normal 0.0628189 0 -0.998025
    outer loop
      vertex -15 -3.15339 15
      vertex -15.564 -11.7907 14.9645
      vertex -15.564 -3.2093 14.9645
    endloop
  endfacet
  facet normal 0.992119 -0 0.125296
    outer loop
      vertex -19.4911 8.00987 10.2174
      vertex -19.4203 8.5 9.65679
      vertex -19.4911 8.5 10.2174
    endloop
  endfacet
  facet normal 0.992119 0 0.125296
    outer loop
      vertex -19.4203 8.5 9.65679
      vertex -19.4911 8.00987 10.2174
      vertex -19.4203 8.00987 9.65679
    endloop
  endfacet
  facet normal 0.992156 0 0.125008
    outer loop
      vertex -19.4911 -5.48915 10.2174
      vertex -19.4911 -9.51085 10.2174
      vertex -19.4832 -5.48915 10.1547
    endloop
  endfacet
  facet normal 0.992156 -0 0.125008
    outer loop
      vertex -19.4832 -9.51085 10.1547
      vertex -19.4832 -5.48915 10.1547
      vertex -19.4911 -9.51085 10.2174
    endloop
  endfacet
  facet normal 0.992115 0 0.125332
    outer loop
      vertex -19.4832 -5.48915 10.1547
      vertex -19.4832 -9.51085 10.1547
      vertex -19.4203 -5.42625 9.65679
    endloop
  endfacet
  facet normal 0.992115 0 0.125332
    outer loop
      vertex -19.4203 -5.42625 9.65679
      vertex -19.4832 -9.51085 10.1547
      vertex -19.4203 -9.57375 9.65679
    endloop
  endfacet
  facet normal 0.637364 0 0.770563
    outer loop
      vertex -18.0805 8.5 7.21964
      vertex -17.645 8.00987 6.85942
      vertex -17.645 8.5 6.85942
    endloop
  endfacet
  facet normal 0.637364 0 0.770563
    outer loop
      vertex -17.645 8.00987 6.85942
      vertex -18.0805 8.5 7.21964
      vertex -18.0805 8.00987 7.21964
    endloop
  endfacet
  facet normal 0.637389 0 0.770543
    outer loop
      vertex -17.8079 -4.23782 6.99417
      vertex -17.645 -10.8887 6.85942
      vertex -17.645 -4.11129 6.85942
    endloop
  endfacet
  facet normal 0.637389 0 0.770543
    outer loop
      vertex -17.8079 -4.23782 6.99417
      vertex -17.8079 -10.7622 6.99417
      vertex -17.645 -10.8887 6.85942
    endloop
  endfacet
  facet normal 0.63735 0 0.770575
    outer loop
      vertex -18.0805 -4.40164 7.21964
      vertex -17.8079 -10.7622 6.99417
      vertex -17.8079 -4.23782 6.99417
    endloop
  endfacet
  facet normal 0.63735 0 0.770575
    outer loop
      vertex -17.8079 -10.7622 6.99417
      vertex -18.0805 -4.40164 7.21964
      vertex -18.0805 -10.5984 7.21964
    endloop
  endfacet
  facet normal 0.80899 -0 0.587822
    outer loop
      vertex -18.7995 8.00987 8.08878
      vertex -18.4673 8.5 7.63159
      vertex -18.7995 8.5 8.08878
    endloop
  endfacet
  facet normal 0.80899 0 0.587822
    outer loop
      vertex -18.4673 8.5 7.63159
      vertex -18.7995 8.00987 8.08878
      vertex -18.4673 8.00987 7.63159
    endloop
  endfacet
  facet normal 0.80899 -0 0.587822
    outer loop
      vertex -18.7995 -10.0616 8.08878
      vertex -18.4673 -4.68704 7.63159
      vertex -18.7995 -4.93838 8.08878
    endloop
  endfacet
  facet normal 0.80899 0 0.587822
    outer loop
      vertex -18.4673 -4.68704 7.63159
      vertex -18.7995 -10.0616 8.08878
      vertex -18.4673 -10.313 7.63159
    endloop
  endfacet
  facet normal 0.929736 -0 0.368228
    outer loop
      vertex -19.2798 8.00987 9.10942
      vertex -19.0717 8.5 8.58399
      vertex -19.2798 8.5 9.10942
    endloop
  endfacet
  facet normal 0.929736 0 0.368228
    outer loop
      vertex -19.0717 8.5 8.58399
      vertex -19.2798 8.00987 9.10942
      vertex -19.0717 8.00987 8.58399
    endloop
  endfacet
  facet normal 0.929721 -0 0.368266
    outer loop
      vertex -19.2798 -9.68985 9.10942
      vertex -19.1574 -5.23081 8.80041
      vertex -19.2798 -5.31015 9.10942
    endloop
  endfacet
  facet normal 0.929721 -0 0.368266
    outer loop
      vertex -19.1574 -9.76919 8.80041
      vertex -19.1574 -5.23081 8.80041
      vertex -19.2798 -9.68985 9.10942
    endloop
  endfacet
  facet normal 0.929757 0 0.368174
    outer loop
      vertex -19.1574 -5.23081 8.80041
      vertex -19.1574 -9.76919 8.80041
      vertex -19.0717 -5.14513 8.58399
    endloop
  endfacet
  facet normal 0.929757 0 0.368174
    outer loop
      vertex -19.0717 -5.14513 8.58399
      vertex -19.1574 -9.76919 8.80041
      vertex -19.0717 -9.85487 8.58399
    endloop
  endfacet
  facet normal 1 -0 0
    outer loop
      vertex -19.4911 8.00987 10.7826
      vertex -19.4911 8.5 10.2174
      vertex -19.4911 8.5 10.7826
    endloop
  endfacet
  facet normal 1 0 0
    outer loop
      vertex -19.4911 8.5 10.2174
      vertex -19.4911 8.00987 10.7826
      vertex -19.4911 8.00987 10.2174
    endloop
  endfacet
  facet normal 1 -0 0
    outer loop
      vertex -19.4911 -9.51085 10.7826
      vertex -19.4911 -5.48915 10.2174
      vertex -19.4911 -5.48915 10.7826
    endloop
  endfacet
  facet normal 1 0 0
    outer loop
      vertex -19.4911 -5.48915 10.2174
      vertex -19.4911 -9.51085 10.7826
      vertex -19.4911 -9.51085 10.2174
    endloop
  endfacet
  facet normal 0.992119 0 -0.125298
    outer loop
      vertex -19.4203 8.00987 11.3432
      vertex -19.4911 8.5 10.7826
      vertex -19.4203 8.5 11.3432
    endloop
  endfacet
  facet normal 0.992119 0 -0.125298
    outer loop
      vertex -19.4911 8.5 10.7826
      vertex -19.4203 8.00987 11.3432
      vertex -19.4911 8.00987 10.7826
    endloop
  endfacet
  facet normal 0.992156 0 -0.125008
    outer loop
      vertex -19.4832 -5.48915 10.8453
      vertex -19.4832 -9.51085 10.8453
      vertex -19.4911 -5.48915 10.7826
    endloop
  endfacet
  facet normal 0.992115 0 -0.125334
    outer loop
      vertex -19.4203 -5.42625 11.3432
      vertex -19.4832 -9.51085 10.8453
      vertex -19.4832 -5.48915 10.8453
    endloop
  endfacet
  facet normal 0.992115 0 -0.125334
    outer loop
      vertex -19.4832 -9.51085 10.8453
      vertex -19.4203 -5.42625 11.3432
      vertex -19.4203 -9.57375 11.3432
    endloop
  endfacet
  facet normal 0.992156 0 -0.125008
    outer loop
      vertex -19.4911 -5.48915 10.7826
      vertex -19.4832 -9.51085 10.8453
      vertex -19.4911 -9.51085 10.7826
    endloop
  endfacet
  facet normal 0.968604 0 -0.248609
    outer loop
      vertex -19.2798 8.00987 11.8906
      vertex -19.4203 8.5 11.3432
      vertex -19.2798 8.5 11.8906
    endloop
  endfacet
  facet normal 0.968604 0 -0.248609
    outer loop
      vertex -19.4203 8.5 11.3432
      vertex -19.2798 8.00987 11.8906
      vertex -19.4203 8.00987 11.3432
    endloop
  endfacet
  facet normal 0.968603 0 -0.248612
    outer loop
      vertex -19.3722 -5.40258 11.5306
      vertex -19.4203 -9.57375 11.3432
      vertex -19.4203 -5.42625 11.3432
    endloop
  endfacet
  facet normal 0.968604 0 -0.248608
    outer loop
      vertex -19.3722 -9.59742 11.5306
      vertex -19.3722 -5.40258 11.5306
      vertex -19.2798 -5.31015 11.8906
    endloop
  endfacet
  facet normal 0.968603 0 -0.248612
    outer loop
      vertex -19.3722 -5.40258 11.5306
      vertex -19.3722 -9.59742 11.5306
      vertex -19.4203 -9.57375 11.3432
    endloop
  endfacet
  facet normal 0.968604 0 -0.248608
    outer loop
      vertex -19.3722 -9.59742 11.5306
      vertex -19.2798 -5.31015 11.8906
      vertex -19.2798 -9.68985 11.8906
    endloop
  endfacet
  facet normal 0.876335 0 -0.481701
    outer loop
      vertex -18.7995 8.00987 12.9112
      vertex -19.0717 8.5 12.416
      vertex -18.7995 8.5 12.9112
    endloop
  endfacet
  facet normal 0.876335 0 -0.481701
    outer loop
      vertex -19.0717 8.5 12.416
      vertex -18.7995 8.00987 12.9112
      vertex -19.0717 8.00987 12.416
    endloop
  endfacet
  facet normal 0.876294 0 -0.481777
    outer loop
      vertex -18.8376 -4.97655 12.8418
      vertex -19.0717 -9.85487 12.416
      vertex -19.0717 -5.14513 12.416
    endloop
  endfacet
  facet normal 0.876589 0 -0.48124
    outer loop
      vertex -18.8376 -10.0235 12.8418
      vertex -18.8376 -4.97655 12.8418
      vertex -18.7995 -4.93838 12.9112
    endloop
  endfacet
  facet normal 0.876294 0 -0.481777
    outer loop
      vertex -18.8376 -4.97655 12.8418
      vertex -18.8376 -10.0235 12.8418
      vertex -19.0717 -9.85487 12.416
    endloop
  endfacet
  facet normal 0.876589 0 -0.48124
    outer loop
      vertex -18.8376 -10.0235 12.8418
      vertex -18.7995 -4.93838 12.9112
      vertex -18.7995 -10.0616 12.9112
    endloop
  endfacet
  facet normal 0.637343 0 -0.77058
    outer loop
      vertex -18.0805 8.00987 13.7804
      vertex -17.645 8.5 14.1406
      vertex -17.645 8.00987 14.1406
    endloop
  endfacet
  facet normal 0.637343 0 -0.77058
    outer loop
      vertex -17.645 8.5 14.1406
      vertex -18.0805 8.00987 13.7804
      vertex -18.0805 8.5 13.7804
    endloop
  endfacet
  facet normal 0.637529 0 -0.770426
    outer loop
      vertex -17.8079 -10.7622 14.0058
      vertex -17.645 -4.11129 14.1406
      vertex -17.645 -10.8887 14.1406
    endloop
  endfacet
  facet normal 0.637529 0 -0.770426
    outer loop
      vertex -17.8079 -10.7622 14.0058
      vertex -17.8079 -4.23782 14.0058
      vertex -17.645 -4.11129 14.1406
    endloop
  endfacet
  facet normal 0.637232 0 -0.770672
    outer loop
      vertex -18.0805 -10.5984 13.7804
      vertex -17.8079 -4.23782 14.0058
      vertex -17.8079 -10.7622 14.0058
    endloop
  endfacet
  facet normal 0.637232 0 -0.770672
    outer loop
      vertex -17.8079 -4.23782 14.0058
      vertex -18.0805 -10.5984 13.7804
      vertex -18.0805 -4.40164 13.7804
    endloop
  endfacet
  facet normal 0.535856 0 -0.844309
    outer loop
      vertex -17.645 8.00987 14.1406
      vertex -17.1679 8.5 14.4434
      vertex -17.1679 8.00987 14.4434
    endloop
  endfacet
  facet normal 0.535856 0 -0.844309
    outer loop
      vertex -17.1679 8.5 14.4434
      vertex -17.645 8.00987 14.1406
      vertex -17.645 8.5 14.1406
    endloop
  endfacet
  facet normal 0.535856 0 -0.844309
    outer loop
      vertex -17.645 -10.8887 14.1406
      vertex -17.1679 -3.82694 14.4434
      vertex -17.1679 -11.1731 14.4434
    endloop
  endfacet
  facet normal 0.535856 0 -0.844309
    outer loop
      vertex -17.1679 -3.82694 14.4434
      vertex -17.645 -10.8887 14.1406
      vertex -17.645 -4.11129 14.1406
    endloop
  endfacet
  facet normal 0.187397 0 -0.982284
    outer loop
      vertex -16.1191 8.00987 14.8586
      vertex -15.564 8.5 14.9645
      vertex -15.564 8.00987 14.9645
    endloop
  endfacet
  facet normal 0.187397 0 -0.982284
    outer loop
      vertex -15.564 8.5 14.9645
      vertex -16.1191 8.00987 14.8586
      vertex -16.1191 8.5 14.8586
    endloop
  endfacet
  facet normal 0.18717 0 -0.982328
    outer loop
      vertex -15.6422 -11.7672 14.9496
      vertex -15.564 -3.2093 14.9645
      vertex -15.564 -11.7907 14.9645
    endloop
  endfacet
  facet normal 0.18717 0 -0.982328
    outer loop
      vertex -15.6422 -11.7672 14.9496
      vertex -15.6422 -3.23282 14.9496
      vertex -15.564 -3.2093 14.9645
    endloop
  endfacet
  facet normal 0.187434 0 -0.982277
    outer loop
      vertex -16.1191 -11.6572 14.8586
      vertex -15.6422 -3.23282 14.9496
      vertex -15.6422 -11.7672 14.9496
    endloop
  endfacet
  facet normal 0.187434 0 -0.982277
    outer loop
      vertex -15.6422 -3.23282 14.9496
      vertex -16.1191 -11.6572 14.8586
      vertex -16.1191 -3.34278 14.8586
    endloop
  endfacet
  facet normal 0.968601 -0 0.248622
    outer loop
      vertex -19.4203 8.00987 9.65679
      vertex -19.2798 8.5 9.10942
      vertex -19.4203 8.5 9.65679
    endloop
  endfacet
  facet normal 0.968601 0 0.248622
    outer loop
      vertex -19.2798 8.5 9.10942
      vertex -19.4203 8.00987 9.65679
      vertex -19.2798 8.00987 9.10942
    endloop
  endfacet
  facet normal 0.9686 -0 0.248624
    outer loop
      vertex -19.4203 -9.57375 9.65679
      vertex -19.3722 -5.40258 9.4694
      vertex -19.4203 -5.42625 9.65679
    endloop
  endfacet
  facet normal 0.9686 -0 0.248624
    outer loop
      vertex -19.3722 -9.59742 9.4694
      vertex -19.3722 -5.40258 9.4694
      vertex -19.4203 -9.57375 9.65679
    endloop
  endfacet
  facet normal 0.968601 0 0.248621
    outer loop
      vertex -19.3722 -5.40258 9.4694
      vertex -19.3722 -9.59742 9.4694
      vertex -19.2798 -5.31015 9.10942
    endloop
  endfacet
  facet normal 0.968601 0 0.248621
    outer loop
      vertex -19.2798 -5.31015 9.10942
      vertex -19.3722 -9.59742 9.4694
      vertex -19.2798 -9.68985 9.10942
    endloop
  endfacet
  facet normal 0.729051 0 -0.684459
    outer loop
      vertex -18.0805 8.00987 13.7804
      vertex -18.4673 8.5 13.3684
      vertex -18.0805 8.5 13.7804
    endloop
  endfacet
  facet normal 0.729051 0 -0.684459
    outer loop
      vertex -18.4673 8.5 13.3684
      vertex -18.0805 8.00987 13.7804
      vertex -18.4673 8.00987 13.3684
    endloop
  endfacet
  facet normal 0.729016 0 -0.684496
    outer loop
      vertex -18.3935 -4.6438 13.447
      vertex -18.4673 -10.313 13.3684
      vertex -18.4673 -4.68704 13.3684
    endloop
  endfacet
  facet normal 0.72906 0 -0.68445
    outer loop
      vertex -18.3935 -10.3562 13.447
      vertex -18.3935 -4.6438 13.447
      vertex -18.0805 -4.40164 13.7804
    endloop
  endfacet
  facet normal 0.729016 0 -0.684496
    outer loop
      vertex -18.3935 -4.6438 13.447
      vertex -18.3935 -10.3562 13.447
      vertex -18.4673 -10.313 13.3684
    endloop
  endfacet
  facet normal 0.72906 0 -0.68445
    outer loop
      vertex -18.3935 -10.3562 13.447
      vertex -18.0805 -4.40164 13.7804
      vertex -18.0805 -10.5984 13.7804
    endloop
  endfacet
  facet normal 0.808996 0 -0.587814
    outer loop
      vertex -18.4673 8.00987 13.3684
      vertex -18.7995 8.5 12.9112
      vertex -18.4673 8.5 13.3684
    endloop
  endfacet
  facet normal 0.808996 0 -0.587814
    outer loop
      vertex -18.7995 8.5 12.9112
      vertex -18.4673 8.00987 13.3684
      vertex -18.7995 8.00987 12.9112
    endloop
  endfacet
  facet normal 0.808996 0 -0.587814
    outer loop
      vertex -18.4673 -4.68704 13.3684
      vertex -18.7995 -10.0616 12.9112
      vertex -18.7995 -4.93838 12.9112
    endloop
  endfacet
  facet normal 0.808996 0 -0.587814
    outer loop
      vertex -18.7995 -10.0616 12.9112
      vertex -18.4673 -4.68704 13.3684
      vertex -18.4673 -10.313 13.3684
    endloop
  endfacet
  facet normal -0.0627915 0 0.998027
    outer loop
      vertex -15 21.9901 8.125
      vertex -14.7023 12.7 8.14373
      vertex -14.7023 21.9901 8.14373
    endloop
  endfacet
  facet normal -0.0627915 0 0.998027
    outer loop
      vertex -14.7023 12.7 8.14373
      vertex -15 21.9901 8.125
      vertex -15 12.7 8.125
    endloop
  endfacet
  facet normal -0.0626914 0 -0.998033
    outer loop
      vertex -15 12.7 12.875
      vertex -14.7023 21.9901 12.8563
      vertex -14.7023 12.7 12.8563
    endloop
  endfacet
  facet normal -0.0626914 0 -0.998033
    outer loop
      vertex -14.7023 21.9901 12.8563
      vertex -15 12.7 12.875
      vertex -15 21.9901 12.875
    endloop
  endfacet
  facet normal -1 0 0
    outer loop
      vertex -12.6297 12.7 10.3509
      vertex -12.6297 21.9901 10.6491
      vertex -12.6297 21.9901 10.3509
    endloop
  endfacet
  facet normal -1 -0 0
    outer loop
      vertex -12.6297 21.9901 10.6491
      vertex -12.6297 12.7 10.3509
      vertex -12.6297 12.7 10.6491
    endloop
  endfacet
  facet normal -0.72892 0 0.684599
    outer loop
      vertex -13.3742 12.7 8.7687
      vertex -13.17 21.9901 8.98612
      vertex -13.3742 21.9901 8.7687
    endloop
  endfacet
  facet normal -0.72892 0 0.684599
    outer loop
      vertex -13.17 21.9901 8.98612
      vertex -13.3742 12.7 8.7687
      vertex -13.17 12.7 8.98612
    endloop
  endfacet
  facet normal -0.728889 0 -0.684632
    outer loop
      vertex -13.17 12.7 12.0139
      vertex -13.3742 21.9901 12.2313
      vertex -13.17 21.9901 12.0139
    endloop
  endfacet
  facet normal -0.728889 -0 -0.684632
    outer loop
      vertex -13.3742 21.9901 12.2313
      vertex -13.17 12.7 12.0139
      vertex -13.3742 12.7 12.2313
    endloop
  endfacet
  facet normal -0.929766 0 -0.368151
    outer loop
      vertex -12.7412 12.7 11.2339
      vertex -12.851 21.9901 11.5112
      vertex -12.7412 21.9901 11.2339
    endloop
  endfacet
  facet normal -0.929766 -0 -0.368151
    outer loop
      vertex -12.851 21.9901 11.5112
      vertex -12.7412 12.7 11.2339
      vertex -12.851 12.7 11.5112
    endloop
  endfacet
  facet normal 0.63745 0 0.770492
    outer loop
      vertex -16.6258 21.9901 8.7687
      vertex -16.396 12.7 8.57858
      vertex -16.396 21.9901 8.57858
    endloop
  endfacet
  facet normal 0.63745 0 0.770492
    outer loop
      vertex -16.396 12.7 8.57858
      vertex -16.6258 21.9901 8.7687
      vertex -16.6258 12.7 8.7687
    endloop
  endfacet
  facet normal -0.425737 0 0.904847
    outer loop
      vertex -14.1257 21.9901 8.29178
      vertex -13.8558 12.7 8.41877
      vertex -13.8558 21.9901 8.41877
    endloop
  endfacet
  facet normal -0.425737 0 0.904847
    outer loop
      vertex -13.8558 12.7 8.41877
      vertex -14.1257 21.9901 8.29178
      vertex -14.1257 12.7 8.29178
    endloop
  endfacet
  facet normal -0.187434 0 0.982277
    outer loop
      vertex -14.7023 21.9901 8.14373
      vertex -14.4094 12.7 8.19962
      vertex -14.4094 21.9901 8.19962
    endloop
  endfacet
  facet normal -0.187434 0 0.982277
    outer loop
      vertex -14.4094 12.7 8.19962
      vertex -14.7023 21.9901 8.14373
      vertex -14.7023 12.7 8.14373
    endloop
  endfacet
  facet normal -0.929771 0 0.36814
    outer loop
      vertex -12.851 12.7 9.48877
      vertex -12.7412 21.9901 9.76608
      vertex -12.851 21.9901 9.48877
    endloop
  endfacet
  facet normal -0.929771 0 0.36814
    outer loop
      vertex -12.7412 21.9901 9.76608
      vertex -12.851 12.7 9.48877
      vertex -12.7412 12.7 9.76608
    endloop
  endfacet
  facet normal -0.968649 0 0.248432
    outer loop
      vertex -12.7412 12.7 9.76608
      vertex -12.6671 21.9901 10.055
      vertex -12.7412 21.9901 9.76608
    endloop
  endfacet
  facet normal -0.968649 0 0.248432
    outer loop
      vertex -12.6671 21.9901 10.055
      vertex -12.7412 12.7 9.76608
      vertex -12.6671 12.7 10.055
    endloop
  endfacet
  facet normal -0.809029 0 0.587769
    outer loop
      vertex -13.17 12.7 8.98612
      vertex -12.9947 21.9901 9.22741
      vertex -13.17 21.9901 8.98612
    endloop
  endfacet
  facet normal -0.809029 0 0.587769
    outer loop
      vertex -12.9947 21.9901 9.22741
      vertex -13.17 12.7 8.98612
      vertex -12.9947 12.7 9.22741
    endloop
  endfacet
  facet normal -0.535834 0 -0.844324
    outer loop
      vertex -13.8558 12.7 12.5812
      vertex -13.604 21.9901 12.4214
      vertex -13.604 12.7 12.4214
    endloop
  endfacet
  facet normal -0.535834 0 -0.844324
    outer loop
      vertex -13.604 21.9901 12.4214
      vertex -13.8558 12.7 12.5812
      vertex -13.8558 21.9901 12.5812
    endloop
  endfacet
  facet normal -0.63741 0 -0.770525
    outer loop
      vertex -13.604 12.7 12.4214
      vertex -13.3742 21.9901 12.2313
      vertex -13.3742 12.7 12.2313
    endloop
  endfacet
  facet normal -0.63741 0 -0.770525
    outer loop
      vertex -13.3742 21.9901 12.2313
      vertex -13.604 12.7 12.4214
      vertex -13.604 21.9901 12.4214
    endloop
  endfacet
  facet normal -0.309078 0 -0.951037
    outer loop
      vertex -14.4094 12.7 12.8004
      vertex -14.1257 21.9901 12.7082
      vertex -14.1257 12.7 12.7082
    endloop
  endfacet
  facet normal -0.309078 0 -0.951037
    outer loop
      vertex -14.1257 21.9901 12.7082
      vertex -14.4094 12.7 12.8004
      vertex -14.4094 21.9901 12.8004
    endloop
  endfacet
  facet normal -0.80904 0 -0.587753
    outer loop
      vertex -12.9947 12.7 11.7726
      vertex -13.17 21.9901 12.0139
      vertex -12.9947 21.9901 11.7726
    endloop
  endfacet
  facet normal -0.80904 -0 -0.587753
    outer loop
      vertex -13.17 21.9901 12.0139
      vertex -12.9947 12.7 11.7726
      vertex -13.17 12.7 12.0139
    endloop
  endfacet
  facet normal -0.992107 0 -0.125396
    outer loop
      vertex -12.6297 12.7 10.6491
      vertex -12.6671 21.9901 10.945
      vertex -12.6297 21.9901 10.6491
    endloop
  endfacet
  facet normal -0.992107 -0 -0.125396
    outer loop
      vertex -12.6671 21.9901 10.945
      vertex -12.6297 12.7 10.6491
      vertex -12.6671 12.7 10.945
    endloop
  endfacet
  facet normal 0.0627915 0 0.998027
    outer loop
      vertex -15.2977 21.9901 8.14373
      vertex -15 12.7 8.125
      vertex -15 21.9901 8.125
    endloop
  endfacet
  facet normal 0.0627915 0 0.998027
    outer loop
      vertex -15 12.7 8.125
      vertex -15.2977 21.9901 8.14373
      vertex -15.2977 12.7 8.14373
    endloop
  endfacet
  facet normal 0.992107 -0 0.125396
    outer loop
      vertex -17.3703 12.7 10.3509
      vertex -17.3329 21.9901 10.055
      vertex -17.3703 21.9901 10.3509
    endloop
  endfacet
  facet normal 0.992107 0 0.125396
    outer loop
      vertex -17.3329 21.9901 10.055
      vertex -17.3703 12.7 10.3509
      vertex -17.3329 12.7 10.055
    endloop
  endfacet
  facet normal -0.308957 0 0.951076
    outer loop
      vertex -14.4094 21.9901 8.19962
      vertex -14.1257 12.7 8.29178
      vertex -14.1257 21.9901 8.29178
    endloop
  endfacet
  facet normal -0.308957 0 0.951076
    outer loop
      vertex -14.1257 12.7 8.29178
      vertex -14.4094 21.9901 8.19962
      vertex -14.4094 12.7 8.19962
    endloop
  endfacet
  facet normal -0.63745 0 0.770492
    outer loop
      vertex -13.604 21.9901 8.57858
      vertex -13.3742 12.7 8.7687
      vertex -13.3742 21.9901 8.7687
    endloop
  endfacet
  facet normal -0.63745 0 0.770492
    outer loop
      vertex -13.3742 12.7 8.7687
      vertex -13.604 21.9901 8.57858
      vertex -13.604 12.7 8.57858
    endloop
  endfacet
  facet normal -0.535858 0 0.844308
    outer loop
      vertex -13.8558 21.9901 8.41877
      vertex -13.604 12.7 8.57858
      vertex -13.604 21.9901 8.57858
    endloop
  endfacet
  facet normal -0.535858 0 0.844308
    outer loop
      vertex -13.604 12.7 8.57858
      vertex -13.8558 21.9901 8.41877
      vertex -13.8558 12.7 8.41877
    endloop
  endfacet
  facet normal -0.992107 0 0.125396
    outer loop
      vertex -12.6671 12.7 10.055
      vertex -12.6297 21.9901 10.3509
      vertex -12.6671 21.9901 10.055
    endloop
  endfacet
  facet normal -0.992107 0 0.125396
    outer loop
      vertex -12.6297 21.9901 10.3509
      vertex -12.6671 12.7 10.055
      vertex -12.6297 12.7 10.3509
    endloop
  endfacet
  facet normal -0.876284 0 0.481795
    outer loop
      vertex -12.9947 12.7 9.22741
      vertex -12.851 21.9901 9.48877
      vertex -12.9947 21.9901 9.22741
    endloop
  endfacet
  facet normal -0.876284 0 0.481795
    outer loop
      vertex -12.851 21.9901 9.48877
      vertex -12.9947 12.7 9.22741
      vertex -12.851 12.7 9.48877
    endloop
  endfacet
  facet normal -0.425765 0 -0.904834
    outer loop
      vertex -14.1257 12.7 12.7082
      vertex -13.8558 21.9901 12.5812
      vertex -13.8558 12.7 12.5812
    endloop
  endfacet
  facet normal -0.425765 0 -0.904834
    outer loop
      vertex -13.8558 21.9901 12.5812
      vertex -14.1257 12.7 12.7082
      vertex -14.1257 21.9901 12.7082
    endloop
  endfacet
  facet normal 0.809029 -0 0.587769
    outer loop
      vertex -17.0053 12.7 9.22741
      vertex -16.83 21.9901 8.98612
      vertex -17.0053 21.9901 9.22741
    endloop
  endfacet
  facet normal 0.809029 0 0.587769
    outer loop
      vertex -16.83 21.9901 8.98612
      vertex -17.0053 12.7 9.22741
      vertex -16.83 12.7 8.98612
    endloop
  endfacet
  facet normal 0.535858 0 0.844308
    outer loop
      vertex -16.396 21.9901 8.57858
      vertex -16.1442 12.7 8.41877
      vertex -16.1442 21.9901 8.41877
    endloop
  endfacet
  facet normal 0.535858 0 0.844308
    outer loop
      vertex -16.1442 12.7 8.41877
      vertex -16.396 21.9901 8.57858
      vertex -16.396 12.7 8.57858
    endloop
  endfacet
  facet normal 0.308957 0 0.951076
    outer loop
      vertex -15.8743 21.9901 8.29178
      vertex -15.5906 12.7 8.19962
      vertex -15.5906 21.9901 8.19962
    endloop
  endfacet
  facet normal 0.308957 0 0.951076
    outer loop
      vertex -15.5906 12.7 8.19962
      vertex -15.8743 21.9901 8.29178
      vertex -15.8743 12.7 8.29178
    endloop
  endfacet
  facet normal 0.187434 0 0.982277
    outer loop
      vertex -15.5906 21.9901 8.19962
      vertex -15.2977 12.7 8.14373
      vertex -15.2977 21.9901 8.14373
    endloop
  endfacet
  facet normal 0.187434 0 0.982277
    outer loop
      vertex -15.2977 12.7 8.14373
      vertex -15.5906 21.9901 8.19962
      vertex -15.5906 12.7 8.19962
    endloop
  endfacet
  facet normal 0.876315 0 -0.481739
    outer loop
      vertex -17.0053 12.7 11.7726
      vertex -17.149 21.9901 11.5112
      vertex -17.0053 21.9901 11.7726
    endloop
  endfacet
  facet normal 0.876315 0 -0.481739
    outer loop
      vertex -17.149 21.9901 11.5112
      vertex -17.0053 12.7 11.7726
      vertex -17.149 12.7 11.5112
    endloop
  endfacet
  facet normal 0.309078 0 -0.951037
    outer loop
      vertex -15.8743 12.7 12.7082
      vertex -15.5906 21.9901 12.8004
      vertex -15.5906 12.7 12.8004
    endloop
  endfacet
  facet normal 0.309078 0 -0.951037
    outer loop
      vertex -15.5906 21.9901 12.8004
      vertex -15.8743 12.7 12.7082
      vertex -15.8743 21.9901 12.7082
    endloop
  endfacet
  facet normal 0.72892 -0 0.684599
    outer loop
      vertex -16.83 12.7 8.98612
      vertex -16.6258 21.9901 8.7687
      vertex -16.83 21.9901 8.98612
    endloop
  endfacet
  facet normal 0.72892 0 0.684599
    outer loop
      vertex -16.6258 21.9901 8.7687
      vertex -16.83 12.7 8.98612
      vertex -16.6258 12.7 8.7687
    endloop
  endfacet
  facet normal 0.929771 -0 0.36814
    outer loop
      vertex -17.2588 12.7 9.76608
      vertex -17.149 21.9901 9.48877
      vertex -17.2588 21.9901 9.76608
    endloop
  endfacet
  facet normal 0.929771 0 0.36814
    outer loop
      vertex -17.149 21.9901 9.48877
      vertex -17.2588 12.7 9.76608
      vertex -17.149 12.7 9.48877
    endloop
  endfacet
  facet normal 0.968649 -0 0.248432
    outer loop
      vertex -17.3329 12.7 10.055
      vertex -17.2588 21.9901 9.76608
      vertex -17.3329 21.9901 10.055
    endloop
  endfacet
  facet normal 0.968649 0 0.248432
    outer loop
      vertex -17.2588 21.9901 9.76608
      vertex -17.3329 12.7 10.055
      vertex -17.2588 12.7 9.76608
    endloop
  endfacet
  facet normal -0.187467 0 -0.982271
    outer loop
      vertex -14.7023 12.7 12.8563
      vertex -14.4094 21.9901 12.8004
      vertex -14.4094 12.7 12.8004
    endloop
  endfacet
  facet normal -0.187467 0 -0.982271
    outer loop
      vertex -14.4094 21.9901 12.8004
      vertex -14.7023 12.7 12.8563
      vertex -14.7023 21.9901 12.8563
    endloop
  endfacet
  facet normal -0.876315 0 -0.481739
    outer loop
      vertex -12.851 12.7 11.5112
      vertex -12.9947 21.9901 11.7726
      vertex -12.851 21.9901 11.5112
    endloop
  endfacet
  facet normal -0.876315 -0 -0.481739
    outer loop
      vertex -12.9947 21.9901 11.7726
      vertex -12.851 12.7 11.5112
      vertex -12.9947 12.7 11.7726
    endloop
  endfacet
  facet normal -0.968645 0 -0.248448
    outer loop
      vertex -12.6671 12.7 10.945
      vertex -12.7412 21.9901 11.2339
      vertex -12.6671 21.9901 10.945
    endloop
  endfacet
  facet normal -0.968645 -0 -0.248448
    outer loop
      vertex -12.7412 21.9901 11.2339
      vertex -12.6671 12.7 10.945
      vertex -12.7412 12.7 11.2339
    endloop
  endfacet
  facet normal 0.425737 0 0.904847
    outer loop
      vertex -16.1442 21.9901 8.41877
      vertex -15.8743 12.7 8.29178
      vertex -15.8743 21.9901 8.29178
    endloop
  endfacet
  facet normal 0.425737 0 0.904847
    outer loop
      vertex -15.8743 12.7 8.29178
      vertex -16.1442 21.9901 8.41877
      vertex -16.1442 12.7 8.41877
    endloop
  endfacet
  facet normal 0.992107 0 -0.125396
    outer loop
      vertex -17.3329 12.7 10.945
      vertex -17.3703 21.9901 10.6491
      vertex -17.3329 21.9901 10.945
    endloop
  endfacet
  facet normal 0.992107 0 -0.125396
    outer loop
      vertex -17.3703 21.9901 10.6491
      vertex -17.3329 12.7 10.945
      vertex -17.3703 12.7 10.6491
    endloop
  endfacet
  facet normal 0.728889 0 -0.684632
    outer loop
      vertex -16.6258 12.7 12.2313
      vertex -16.83 21.9901 12.0139
      vertex -16.6258 21.9901 12.2313
    endloop
  endfacet
  facet normal 0.728889 0 -0.684632
    outer loop
      vertex -16.83 21.9901 12.0139
      vertex -16.6258 12.7 12.2313
      vertex -16.83 12.7 12.0139
    endloop
  endfacet
  facet normal 0.63741 0 -0.770525
    outer loop
      vertex -16.6258 12.7 12.2313
      vertex -16.396 21.9901 12.4214
      vertex -16.396 12.7 12.4214
    endloop
  endfacet
  facet normal 0.63741 0 -0.770525
    outer loop
      vertex -16.396 21.9901 12.4214
      vertex -16.6258 12.7 12.2313
      vertex -16.6258 21.9901 12.2313
    endloop
  endfacet
  facet normal 0.0626914 0 -0.998033
    outer loop
      vertex -15.2977 12.7 12.8563
      vertex -15 21.9901 12.875
      vertex -15 12.7 12.875
    endloop
  endfacet
  facet normal 0.0626914 0 -0.998033
    outer loop
      vertex -15 21.9901 12.875
      vertex -15.2977 12.7 12.8563
      vertex -15.2977 21.9901 12.8563
    endloop
  endfacet
  facet normal 0.876284 -0 0.481795
    outer loop
      vertex -17.149 12.7 9.48877
      vertex -17.0053 21.9901 9.22741
      vertex -17.149 21.9901 9.48877
    endloop
  endfacet
  facet normal 0.876284 0 0.481795
    outer loop
      vertex -17.0053 21.9901 9.22741
      vertex -17.149 12.7 9.48877
      vertex -17.0053 12.7 9.22741
    endloop
  endfacet
  facet normal 1 -0 0
    outer loop
      vertex -17.3703 12.7 10.6491
      vertex -17.3703 21.9901 10.3509
      vertex -17.3703 21.9901 10.6491
    endloop
  endfacet
  facet normal 1 0 0
    outer loop
      vertex -17.3703 21.9901 10.3509
      vertex -17.3703 12.7 10.6491
      vertex -17.3703 12.7 10.3509
    endloop
  endfacet
  facet normal 0.929766 0 -0.368151
    outer loop
      vertex -17.149 12.7 11.5112
      vertex -17.2588 21.9901 11.2339
      vertex -17.149 21.9901 11.5112
    endloop
  endfacet
  facet normal 0.929766 0 -0.368151
    outer loop
      vertex -17.2588 21.9901 11.2339
      vertex -17.149 12.7 11.5112
      vertex -17.2588 12.7 11.2339
    endloop
  endfacet
  facet normal 0.80904 0 -0.587753
    outer loop
      vertex -16.83 12.7 12.0139
      vertex -17.0053 21.9901 11.7726
      vertex -16.83 21.9901 12.0139
    endloop
  endfacet
  facet normal 0.80904 0 -0.587753
    outer loop
      vertex -17.0053 21.9901 11.7726
      vertex -16.83 12.7 12.0139
      vertex -17.0053 12.7 11.7726
    endloop
  endfacet
  facet normal 0.535834 0 -0.844324
    outer loop
      vertex -16.396 12.7 12.4214
      vertex -16.1442 21.9901 12.5812
      vertex -16.1442 12.7 12.5812
    endloop
  endfacet
  facet normal 0.535834 0 -0.844324
    outer loop
      vertex -16.1442 21.9901 12.5812
      vertex -16.396 12.7 12.4214
      vertex -16.396 21.9901 12.4214
    endloop
  endfacet
  facet normal 0.425765 0 -0.904834
    outer loop
      vertex -16.1442 12.7 12.5812
      vertex -15.8743 21.9901 12.7082
      vertex -15.8743 12.7 12.7082
    endloop
  endfacet
  facet normal 0.425765 0 -0.904834
    outer loop
      vertex -15.8743 21.9901 12.7082
      vertex -16.1442 12.7 12.5812
      vertex -16.1442 21.9901 12.5812
    endloop
  endfacet
  facet normal 0.187467 0 -0.982271
    outer loop
      vertex -15.5906 12.7 12.8004
      vertex -15.2977 21.9901 12.8563
      vertex -15.2977 12.7 12.8563
    endloop
  endfacet
  facet normal 0.187467 0 -0.982271
    outer loop
      vertex -15.2977 21.9901 12.8563
      vertex -15.5906 12.7 12.8004
      vertex -15.5906 21.9901 12.8004
    endloop
  endfacet
  facet normal 0.968645 0 -0.248448
    outer loop
      vertex -17.2588 12.7 11.2339
      vertex -17.3329 21.9901 10.945
      vertex -17.2588 21.9901 11.2339
    endloop
  endfacet
  facet normal 0.968645 0 -0.248448
    outer loop
      vertex -17.3329 21.9901 10.945
      vertex -17.2588 12.7 11.2339
      vertex -17.3329 12.7 10.945
    endloop
  endfacet
endsolid OpenSCAD_Model
