solid OpenSCAD_Model
  facet normal -1 0 0
    outer loop
      vertex -74.5 37.5 0
      vertex -74.5 17.3703 6.85087
      vertex -74.5 37.5 11
    endloop
  endfacet
  facet normal -1 0 0
    outer loop
      vertex -74.5 37.5 0
      vertex -74.5 17.3329 6.55497
      vertex -74.5 17.3703 6.85087
    endloop
  endfacet
  facet normal -1 0 0
    outer loop
      vertex -74.5 37.5 0
      vertex -74.5 17.2588 6.26608
      vertex -74.5 17.3329 6.55497
    endloop
  endfacet
  facet normal -1 0 0
    outer loop
      vertex -74.5 37.5 0
      vertex -74.5 17.149 5.98877
      vertex -74.5 17.2588 6.26608
    endloop
  endfacet
  facet normal -1 0 0
    outer loop
      vertex -74.5 37.5 0
      vertex -74.5 17.0053 5.72741
      vertex -74.5 17.149 5.98877
    endloop
  endfacet
  facet normal -1 0 0
    outer loop
      vertex -74.5 37.5 0
      vertex -74.5 16.83 5.48612
      vertex -74.5 17.0053 5.72741
    endloop
  endfacet
  facet normal -1 0 0
    outer loop
      vertex -74.5 37.5 0
      vertex -74.5 16.6258 5.2687
      vertex -74.5 16.83 5.48612
    endloop
  endfacet
  facet normal -1 0 0
    outer loop
      vertex -74.5 37.5 0
      vertex -74.5 16.396 5.07858
      vertex -74.5 16.6258 5.2687
    endloop
  endfacet
  facet normal -1 0 0
    outer loop
      vertex -74.5 37.5 0
      vertex -74.5 16.1442 4.91877
      vertex -74.5 16.396 5.07858
    endloop
  endfacet
  facet normal -1 0 0
    outer loop
      vertex -74.5 37.5 0
      vertex -74.5 15.8743 4.79178
      vertex -74.5 16.1442 4.91877
    endloop
  endfacet
  facet normal -1 0 0
    outer loop
      vertex -74.5 37.5 0
      vertex -74.5 15.5906 4.69962
      vertex -74.5 15.8743 4.79178
    endloop
  endfacet
  facet normal -1 0 0
    outer loop
      vertex -74.5 37.5 0
      vertex -74.5 15.2977 4.64373
      vertex -74.5 15.5906 4.69962
    endloop
  endfacet
  facet normal -1 0 0
    outer loop
      vertex -74.5 37.5 0
      vertex -74.5 15 4.625
      vertex -74.5 15.2977 4.64373
    endloop
  endfacet
  facet normal -1 0 0
    outer loop
      vertex -74.5 37.5 0
      vertex -74.5 14.7023 4.64373
      vertex -74.5 15 4.625
    endloop
  endfacet
  facet normal -1 0 0
    outer loop
      vertex -74.5 -32 0
      vertex -74.5 14.7023 4.64373
      vertex -74.5 37.5 0
    endloop
  endfacet
  facet normal -1 0 0
    outer loop
      vertex -74.5 12.6297 6.85087
      vertex -74.5 -27.6297 6.85087
      vertex -74.5 12.6297 7.14913
    endloop
  endfacet
  facet normal -1 0 0
    outer loop
      vertex -74.5 12.6671 6.55497
      vertex -74.5 -27.6297 6.85087
      vertex -74.5 12.6297 6.85087
    endloop
  endfacet
  facet normal -1 0 0
    outer loop
      vertex -74.5 -27.6671 6.55497
      vertex -74.5 12.6671 6.55497
      vertex -74.5 12.7412 6.26608
    endloop
  endfacet
  facet normal -1 0 0
    outer loop
      vertex -74.5 -27.7412 6.26608
      vertex -74.5 12.7412 6.26608
      vertex -74.5 12.851 5.98877
    endloop
  endfacet
  facet normal -1 0 0
    outer loop
      vertex -74.5 -27.851 5.98877
      vertex -74.5 12.851 5.98877
      vertex -74.5 12.9947 5.72741
    endloop
  endfacet
  facet normal -1 0 0
    outer loop
      vertex -74.5 -27.9947 5.72741
      vertex -74.5 12.9947 5.72741
      vertex -74.5 13.17 5.48612
    endloop
  endfacet
  facet normal -1 0 0
    outer loop
      vertex -74.5 -32 0
      vertex -74.5 13.17 5.48612
      vertex -74.5 13.3742 5.2687
    endloop
  endfacet
  facet normal -1 0 0
    outer loop
      vertex -74.5 -32 0
      vertex -74.5 13.3742 5.2687
      vertex -74.5 13.604 5.07858
    endloop
  endfacet
  facet normal -1 0 0
    outer loop
      vertex -74.5 -32 0
      vertex -74.5 13.604 5.07858
      vertex -74.5 13.8558 4.91877
    endloop
  endfacet
  facet normal -1 0 0
    outer loop
      vertex -74.5 -32 0
      vertex -74.5 13.8558 4.91877
      vertex -74.5 14.1257 4.79178
    endloop
  endfacet
  facet normal -1 0 0
    outer loop
      vertex -74.5 -32 0
      vertex -74.5 14.1257 4.79178
      vertex -74.5 14.4094 4.69962
    endloop
  endfacet
  facet normal -1 -0 0
    outer loop
      vertex -74.5 14.7023 4.64373
      vertex -74.5 -32 0
      vertex -74.5 14.4094 4.69962
    endloop
  endfacet
  facet normal -1 0 0
    outer loop
      vertex -74.5 12.6671 6.55497
      vertex -74.5 -27.6671 6.55497
      vertex -74.5 -27.6297 6.85087
    endloop
  endfacet
  facet normal -1 0 0
    outer loop
      vertex -74.5 12.7412 6.26608
      vertex -74.5 -27.7412 6.26608
      vertex -74.5 -27.6671 6.55497
    endloop
  endfacet
  facet normal -1 0 0
    outer loop
      vertex -74.5 12.851 5.98877
      vertex -74.5 -27.851 5.98877
      vertex -74.5 -27.7412 6.26608
    endloop
  endfacet
  facet normal -1 0 0
    outer loop
      vertex -74.5 12.9947 5.72741
      vertex -74.5 -27.9947 5.72741
      vertex -74.5 -27.851 5.98877
    endloop
  endfacet
  facet normal -1 0 0
    outer loop
      vertex -74.5 13.17 5.48612
      vertex -74.5 -28.17 5.48612
      vertex -74.5 -27.9947 5.72741
    endloop
  endfacet
  facet normal -1 -0 0
    outer loop
      vertex -74.5 13.17 5.48612
      vertex -74.5 -32 0
      vertex -74.5 -28.17 5.48612
    endloop
  endfacet
  facet normal -1 0 0
    outer loop
      vertex -74.5 -28.17 5.48612
      vertex -74.5 -32 0
      vertex -74.5 -28.3742 5.2687
    endloop
  endfacet
  facet normal -1 0 0
    outer loop
      vertex -74.5 -28.3742 5.2687
      vertex -74.5 -32 0
      vertex -74.5 -28.604 5.07858
    endloop
  endfacet
  facet normal -1 0 0
    outer loop
      vertex -74.5 -28.604 5.07858
      vertex -74.5 -32 0
      vertex -74.5 -28.8558 4.91877
    endloop
  endfacet
  facet normal -1 0 0
    outer loop
      vertex -74.5 -28.8558 4.91877
      vertex -74.5 -32 0
      vertex -74.5 -29.1257 4.79178
    endloop
  endfacet
  facet normal -1 0 0
    outer loop
      vertex -74.5 -29.1257 4.79178
      vertex -74.5 -32 0
      vertex -74.5 -29.4094 4.69962
    endloop
  endfacet
  facet normal -1 0 0
    outer loop
      vertex -74.5 -29.4094 4.69962
      vertex -74.5 -32 0
      vertex -74.5 -29.7023 4.64373
    endloop
  endfacet
  facet normal -1 0 0
    outer loop
      vertex -74.5 -29.7023 4.64373
      vertex -74.5 -32 0
      vertex -74.5 -30 4.625
    endloop
  endfacet
  facet normal -1 -0 0
    outer loop
      vertex -74.5 -30 4.625
      vertex -74.5 -32 0
      vertex -74.5 -30.2977 4.64373
    endloop
  endfacet
  facet normal -1 0 0
    outer loop
      vertex -74.5 -32 0
      vertex -74.5 -30.5906 4.69962
      vertex -74.5 -30.2977 4.64373
    endloop
  endfacet
  facet normal -1 0 0
    outer loop
      vertex -74.5 -32 0
      vertex -74.5 -30.8743 4.79178
      vertex -74.5 -30.5906 4.69962
    endloop
  endfacet
  facet normal -1 0 0
    outer loop
      vertex -74.5 -32 0
      vertex -74.5 -31.1442 4.91877
      vertex -74.5 -30.8743 4.79178
    endloop
  endfacet
  facet normal -1 0 0
    outer loop
      vertex -74.5 -32 0
      vertex -74.5 -31.396 5.07858
      vertex -74.5 -31.1442 4.91877
    endloop
  endfacet
  facet normal -1 0 0
    outer loop
      vertex -74.5 -32 0
      vertex -74.5 -31.6258 5.2687
      vertex -74.5 -31.396 5.07858
    endloop
  endfacet
  facet normal -1 0 0
    outer loop
      vertex -74.5 -32 0
      vertex -74.5 -31.83 5.48612
      vertex -74.5 -31.6258 5.2687
    endloop
  endfacet
  facet normal -1 -0 0
    outer loop
      vertex -74.5 -31.83 5.48612
      vertex -74.5 -32 0
      vertex -74.5 -32 5.72015
    endloop
  endfacet
  facet normal -1 0 0
    outer loop
      vertex -74.5 37.5 11
      vertex -74.5 50 14
      vertex -74.5 50 11
    endloop
  endfacet
  facet normal -1 0 0
    outer loop
      vertex -74.5 17.3703 7.14913
      vertex -74.5 37.5 11
      vertex -74.5 17.3703 6.85087
    endloop
  endfacet
  facet normal -1 0 0
    outer loop
      vertex -74.5 17.3329 7.44503
      vertex -74.5 37.5 11
      vertex -74.5 17.3703 7.14913
    endloop
  endfacet
  facet normal -1 0 0
    outer loop
      vertex -74.5 17.2588 7.73392
      vertex -74.5 37.5 11
      vertex -74.5 17.3329 7.44503
    endloop
  endfacet
  facet normal -1 0 0
    outer loop
      vertex -74.5 17.149 8.01123
      vertex -74.5 37.5 11
      vertex -74.5 17.2588 7.73392
    endloop
  endfacet
  facet normal -1 0 0
    outer loop
      vertex -74.5 17.0053 8.27259
      vertex -74.5 37.5 11
      vertex -74.5 17.149 8.01123
    endloop
  endfacet
  facet normal -1 0 0
    outer loop
      vertex -74.5 16.83 8.51388
      vertex -74.5 37.5 11
      vertex -74.5 17.0053 8.27259
    endloop
  endfacet
  facet normal -1 0 0
    outer loop
      vertex -74.5 16.6258 8.7313
      vertex -74.5 37.5 11
      vertex -74.5 16.83 8.51388
    endloop
  endfacet
  facet normal -1 0 0
    outer loop
      vertex -74.5 16.396 8.92142
      vertex -74.5 37.5 11
      vertex -74.5 16.6258 8.7313
    endloop
  endfacet
  facet normal -1 0 0
    outer loop
      vertex -74.5 16.1442 9.08123
      vertex -74.5 37.5 11
      vertex -74.5 16.396 8.92142
    endloop
  endfacet
  facet normal -1 0 0
    outer loop
      vertex -74.5 15.8743 9.20822
      vertex -74.5 37.5 11
      vertex -74.5 16.1442 9.08123
    endloop
  endfacet
  facet normal -1 0 0
    outer loop
      vertex -74.5 15.5906 9.30038
      vertex -74.5 37.5 11
      vertex -74.5 15.8743 9.20822
    endloop
  endfacet
  facet normal -1 0 0
    outer loop
      vertex -74.5 15.2977 9.35627
      vertex -74.5 37.5 11
      vertex -74.5 15.5906 9.30038
    endloop
  endfacet
  facet normal -1 0 0
    outer loop
      vertex -74.5 15 9.375
      vertex -74.5 37.5 11
      vertex -74.5 15.2977 9.35627
    endloop
  endfacet
  facet normal -1 -0 0
    outer loop
      vertex -74.5 37.5 11
      vertex -74.5 15 9.375
      vertex -74.5 50 14
    endloop
  endfacet
  facet normal -1 0 0
    outer loop
      vertex -74.5 -32 14
      vertex -74.5 15 9.375
      vertex -74.5 14.7023 9.35627
    endloop
  endfacet
  facet normal -1 0 0
    outer loop
      vertex -74.5 -27.6297 7.14913
      vertex -74.5 12.6297 7.14913
      vertex -74.5 -27.6297 6.85087
    endloop
  endfacet
  facet normal -1 0 0
    outer loop
      vertex -74.5 12.6297 7.14913
      vertex -74.5 -27.6297 7.14913
      vertex -74.5 12.6671 7.44503
    endloop
  endfacet
  facet normal -1 0 0
    outer loop
      vertex -74.5 -27.6671 7.44503
      vertex -74.5 12.6671 7.44503
      vertex -74.5 -27.6297 7.14913
    endloop
  endfacet
  facet normal -1 0 0
    outer loop
      vertex -74.5 12.6671 7.44503
      vertex -74.5 -27.6671 7.44503
      vertex -74.5 12.7412 7.73392
    endloop
  endfacet
  facet normal -1 0 0
    outer loop
      vertex -74.5 -27.7412 7.73392
      vertex -74.5 12.7412 7.73392
      vertex -74.5 -27.6671 7.44503
    endloop
  endfacet
  facet normal -1 0 0
    outer loop
      vertex -74.5 12.7412 7.73392
      vertex -74.5 -27.7412 7.73392
      vertex -74.5 12.851 8.01123
    endloop
  endfacet
  facet normal -1 0 0
    outer loop
      vertex -74.5 -27.851 8.01123
      vertex -74.5 12.851 8.01123
      vertex -74.5 -27.7412 7.73392
    endloop
  endfacet
  facet normal -1 0 0
    outer loop
      vertex -74.5 12.851 8.01123
      vertex -74.5 -27.851 8.01123
      vertex -74.5 12.9947 8.27259
    endloop
  endfacet
  facet normal -1 0 0
    outer loop
      vertex -74.5 -27.9947 8.27259
      vertex -74.5 12.9947 8.27259
      vertex -74.5 -27.851 8.01123
    endloop
  endfacet
  facet normal -1 0 0
    outer loop
      vertex -74.5 12.9947 8.27259
      vertex -74.5 -27.9947 8.27259
      vertex -74.5 13.17 8.51388
    endloop
  endfacet
  facet normal -1 0 0
    outer loop
      vertex -74.5 -28.17 8.51388
      vertex -74.5 13.17 8.51388
      vertex -74.5 -27.9947 8.27259
    endloop
  endfacet
  facet normal -1 0 0
    outer loop
      vertex -74.5 -32 14
      vertex -74.5 13.17 8.51388
      vertex -74.5 -28.17 8.51388
    endloop
  endfacet
  facet normal -1 0 0
    outer loop
      vertex -74.5 13.17 8.51388
      vertex -74.5 -32 14
      vertex -74.5 13.3742 8.7313
    endloop
  endfacet
  facet normal -1 0 0
    outer loop
      vertex -74.5 13.3742 8.7313
      vertex -74.5 -32 14
      vertex -74.5 13.604 8.92142
    endloop
  endfacet
  facet normal -1 0 0
    outer loop
      vertex -74.5 13.604 8.92142
      vertex -74.5 -32 14
      vertex -74.5 13.8558 9.08123
    endloop
  endfacet
  facet normal -1 0 0
    outer loop
      vertex -74.5 13.8558 9.08123
      vertex -74.5 -32 14
      vertex -74.5 14.1257 9.20822
    endloop
  endfacet
  facet normal -1 0 0
    outer loop
      vertex -74.5 14.1257 9.20822
      vertex -74.5 -32 14
      vertex -74.5 14.4094 9.30038
    endloop
  endfacet
  facet normal -1 0 0
    outer loop
      vertex -74.5 14.4094 9.30038
      vertex -74.5 -32 14
      vertex -74.5 14.7023 9.35627
    endloop
  endfacet
  facet normal -1 0 0
    outer loop
      vertex -74.5 -32 14
      vertex -74.5 -28.17 8.51388
      vertex -74.5 -28.3742 8.7313
    endloop
  endfacet
  facet normal -1 0 0
    outer loop
      vertex -74.5 -32 14
      vertex -74.5 -28.3742 8.7313
      vertex -74.5 -28.604 8.92142
    endloop
  endfacet
  facet normal -1 0 0
    outer loop
      vertex -74.5 -32 14
      vertex -74.5 -28.604 8.92142
      vertex -74.5 -28.8558 9.08123
    endloop
  endfacet
  facet normal -1 0 0
    outer loop
      vertex -74.5 -32 14
      vertex -74.5 -28.8558 9.08123
      vertex -74.5 -29.1257 9.20822
    endloop
  endfacet
  facet normal -1 0 0
    outer loop
      vertex -74.5 -32 14
      vertex -74.5 -29.1257 9.20822
      vertex -74.5 -29.4094 9.30038
    endloop
  endfacet
  facet normal -1 0 0
    outer loop
      vertex -74.5 -32 14
      vertex -74.5 -29.4094 9.30038
      vertex -74.5 -29.7023 9.35627
    endloop
  endfacet
  facet normal -1 0 0
    outer loop
      vertex -74.5 -32 14
      vertex -74.5 -29.7023 9.35627
      vertex -74.5 -30 9.375
    endloop
  endfacet
  facet normal -1 0 0
    outer loop
      vertex -74.5 15 9.375
      vertex -74.5 -32 14
      vertex -74.5 50 14
    endloop
  endfacet
  facet normal -1 0 0
    outer loop
      vertex -74.5 -30.2977 9.35627
      vertex -74.5 -32 14
      vertex -74.5 -30 9.375
    endloop
  endfacet
  facet normal -1 0 0
    outer loop
      vertex -74.5 -30.5906 9.30038
      vertex -74.5 -32 14
      vertex -74.5 -30.2977 9.35627
    endloop
  endfacet
  facet normal -1 0 0
    outer loop
      vertex -74.5 -30.8743 9.20822
      vertex -74.5 -32 14
      vertex -74.5 -30.5906 9.30038
    endloop
  endfacet
  facet normal -1 0 0
    outer loop
      vertex -74.5 -31.1442 9.08123
      vertex -74.5 -32 14
      vertex -74.5 -30.8743 9.20822
    endloop
  endfacet
  facet normal -1 0 0
    outer loop
      vertex -74.5 -31.396 8.92142
      vertex -74.5 -32 14
      vertex -74.5 -31.1442 9.08123
    endloop
  endfacet
  facet normal -1 0 0
    outer loop
      vertex -74.5 -31.6258 8.7313
      vertex -74.5 -32 14
      vertex -74.5 -31.396 8.92142
    endloop
  endfacet
  facet normal -1 0 0
    outer loop
      vertex -74.5 -31.83 8.51388
      vertex -74.5 -32 14
      vertex -74.5 -31.6258 8.7313
    endloop
  endfacet
  facet normal -1 0 0
    outer loop
      vertex -74.5 -32 14
      vertex -74.5 -31.83 8.51388
      vertex -74.5 -32 8.27985
    endloop
  endfacet
  facet normal 0.99803 0.0627451 0
    outer loop
      vertex 74.5 50 14
      vertex 74.4606 50.6267 11
      vertex 74.4606 50.6267 14
    endloop
  endfacet
  facet normal 0.99803 0.0627451 0
    outer loop
      vertex 74.4606 50.6267 11
      vertex 74.5 50 14
      vertex 74.5 50 11
    endloop
  endfacet
  facet normal 0.368203 0.929745 -0
    outer loop
      vertex 71.6289 54.5241 11
      vertex 71.0451 54.7553 14
      vertex 71.6289 54.5241 14
    endloop
  endfacet
  facet normal 0.368203 0.929745 0
    outer loop
      vertex 71.0451 54.7553 14
      vertex 71.6289 54.5241 11
      vertex 71.0451 54.7553 11
    endloop
  endfacet
  facet normal 0 0 1
    outer loop
      vertex 69.8139 54.9901 14
      vertex 74.5 50 14
      vertex 74.4606 50.6267 14
    endloop
  endfacet
  facet normal 0 0 1
    outer loop
      vertex 56.4434 44.3321 14
      vertex 74.5 50 14
      vertex 56.684 44.8434 14
    endloop
  endfacet
  facet normal 0 0 1
    outer loop
      vertex 69.8139 54.9901 14
      vertex 74.4606 50.6267 14
      vertex 74.3429 51.2435 14
    endloop
  endfacet
  facet normal 0 0 1
    outer loop
      vertex 74.5 50 14
      vertex 56.4434 44.3321 14
      vertex 74.5 28 14
    endloop
  endfacet
  facet normal 0 0 1
    outer loop
      vertex 69.8139 54.9901 14
      vertex 74.3429 51.2435 14
      vertex 74.1489 51.8406 14
    endloop
  endfacet
  facet normal -0 0 1
    outer loop
      vertex 56.1406 43.855 14
      vertex 74.5 28 14
      vertex 56.4434 44.3321 14
    endloop
  endfacet
  facet normal 0 0 1
    outer loop
      vertex 69.8139 54.9901 14
      vertex 74.1489 51.8406 14
      vertex 73.8815 52.4088 14
    endloop
  endfacet
  facet normal -0 0 1
    outer loop
      vertex 55.7804 43.4195 14
      vertex 74.5 28 14
      vertex 56.1406 43.855 14
    endloop
  endfacet
  facet normal 0 0 1
    outer loop
      vertex 69.8139 54.9901 14
      vertex 73.8815 52.4088 14
      vertex 73.5451 52.9389 14
    endloop
  endfacet
  facet normal -0 0 1
    outer loop
      vertex 55.3684 43.0327 14
      vertex 74.5 28 14
      vertex 55.7804 43.4195 14
    endloop
  endfacet
  facet normal 0 0 1
    outer loop
      vertex 69.8139 54.9901 14
      vertex 73.5451 52.9389 14
      vertex 73.1448 53.4227 14
    endloop
  endfacet
  facet normal 0 -0 1
    outer loop
      vertex 69.8139 23.0099 14
      vertex 74.5 28 14
      vertex 68.9834 23.0099 14
    endloop
  endfacet
  facet normal 0 0 1
    outer loop
      vertex 69.8139 54.9901 14
      vertex 73.1448 53.4227 14
      vertex 72.6871 53.8526 14
    endloop
  endfacet
  facet normal 0 0 1
    outer loop
      vertex 74.5 28 14
      vertex 69.8139 23.0099 14
      vertex 74.4606 27.3733 14
    endloop
  endfacet
  facet normal 0 0 1
    outer loop
      vertex 69.8139 54.9901 14
      vertex 72.6871 53.8526 14
      vertex 72.1791 54.2216 14
    endloop
  endfacet
  facet normal 0 0 1
    outer loop
      vertex 74.4606 27.3733 14
      vertex 69.8139 23.0099 14
      vertex 74.3429 26.7565 14
    endloop
  endfacet
  facet normal 0 0 1
    outer loop
      vertex 69.8139 54.9901 14
      vertex 72.1791 54.2216 14
      vertex 71.6289 54.5241 14
    endloop
  endfacet
  facet normal 0 0 1
    outer loop
      vertex 74.1489 26.1594 14
      vertex 69.8139 23.0099 14
      vertex 73.8815 25.5912 14
    endloop
  endfacet
  facet normal 0 0 1
    outer loop
      vertex 69.8139 54.9901 14
      vertex 71.6289 54.5241 14
      vertex 71.0451 54.7553 14
    endloop
  endfacet
  facet normal 0 0 1
    outer loop
      vertex 73.8815 25.5912 14
      vertex 69.8139 23.0099 14
      vertex 73.5451 25.0611 14
    endloop
  endfacet
  facet normal 0 0 1
    outer loop
      vertex 69.8139 54.9901 14
      vertex 71.0451 54.7553 14
      vertex 70.4369 54.9114 14
    endloop
  endfacet
  facet normal 0 0 1
    outer loop
      vertex 73.5451 25.0611 14
      vertex 69.8139 23.0099 14
      vertex 73.1448 24.5773 14
    endloop
  endfacet
  facet normal 0 0 1
    outer loop
      vertex 74.5 50 14
      vertex 69.8139 54.9901 14
      vertex 57 46.5 14
    endloop
  endfacet
  facet normal 0 0 1
    outer loop
      vertex 72.6871 24.1474 14
      vertex 69.8139 23.0099 14
      vertex 72.1791 23.7784 14
    endloop
  endfacet
  facet normal 0 0 1
    outer loop
      vertex 72.1791 23.7784 14
      vertex 69.8139 23.0099 14
      vertex 71.6289 23.4759 14
    endloop
  endfacet
  facet normal 0 0 1
    outer loop
      vertex 74.5 50 14
      vertex 57 46.5 14
      vertex 56.9645 45.936 14
    endloop
  endfacet
  facet normal 0 0 1
    outer loop
      vertex 69.8139 54.9901 14
      vertex 56.9645 47.064 14
      vertex 57 46.5 14
    endloop
  endfacet
  facet normal 0 0 1
    outer loop
      vertex 69.8139 54.9901 14
      vertex 56.8586 47.6191 14
      vertex 56.9645 47.064 14
    endloop
  endfacet
  facet normal 0 0 1
    outer loop
      vertex 69.8139 54.9901 14
      vertex 56.684 48.1566 14
      vertex 56.8586 47.6191 14
    endloop
  endfacet
  facet normal 0 0 1
    outer loop
      vertex 69.8139 54.9901 14
      vertex 56.4434 48.6679 14
      vertex 56.684 48.1566 14
    endloop
  endfacet
  facet normal 0 0 1
    outer loop
      vertex 69.8139 54.9901 14
      vertex 56.1406 49.145 14
      vertex 56.4434 48.6679 14
    endloop
  endfacet
  facet normal 0 0 1
    outer loop
      vertex 69.8139 54.9901 14
      vertex 55.7804 49.5805 14
      vertex 56.1406 49.145 14
    endloop
  endfacet
  facet normal 0 0 1
    outer loop
      vertex 69.8139 54.9901 14
      vertex 55.3684 49.9673 14
      vertex 55.7804 49.5805 14
    endloop
  endfacet
  facet normal 0 0 1
    outer loop
      vertex 69.8139 54.9901 14
      vertex 54.9112 50.2995 14
      vertex 55.3684 49.9673 14
    endloop
  endfacet
  facet normal 0 0 1
    outer loop
      vertex 69.8139 54.9901 14
      vertex 54.416 50.5717 14
      vertex 54.9112 50.2995 14
    endloop
  endfacet
  facet normal 0 0 1
    outer loop
      vertex 69.8139 54.9901 14
      vertex 53.8906 50.7798 14
      vertex 54.416 50.5717 14
    endloop
  endfacet
  facet normal 0 0 1
    outer loop
      vertex 69.8139 54.9901 14
      vertex 53.3432 50.9203 14
      vertex 53.8906 50.7798 14
    endloop
  endfacet
  facet normal 0 0 1
    outer loop
      vertex 69.8139 54.9901 14
      vertex 52.7826 50.9911 14
      vertex 53.3432 50.9203 14
    endloop
  endfacet
  facet normal 0 0 1
    outer loop
      vertex 69.8139 54.9901 14
      vertex 52.2174 50.9911 14
      vertex 52.7826 50.9911 14
    endloop
  endfacet
  facet normal 0 0 1
    outer loop
      vertex 69.8139 54.9901 14
      vertex 51.6568 50.9203 14
      vertex 52.2174 50.9911 14
    endloop
  endfacet
  facet normal 0 0 1
    outer loop
      vertex 48.0355 47.064 14
      vertex 34.561 23.0099 14
      vertex 48 46.5 14
    endloop
  endfacet
  facet normal 0 0 1
    outer loop
      vertex 48.1414 47.6191 14
      vertex 34.561 23.0099 14
      vertex 48.0355 47.064 14
    endloop
  endfacet
  facet normal 0 0 1
    outer loop
      vertex -48.1414 47.6191 14
      vertex 48.1414 47.6191 14
      vertex 48.316 48.1566 14
    endloop
  endfacet
  facet normal 0 0 1
    outer loop
      vertex -48.316 48.1566 14
      vertex 48.316 48.1566 14
      vertex 48.5566 48.6679 14
    endloop
  endfacet
  facet normal 0 0 1
    outer loop
      vertex 48.1414 47.6191 14
      vertex -48.1414 47.6191 14
      vertex 34.561 23.0099 14
    endloop
  endfacet
  facet normal 0 0 1
    outer loop
      vertex -48.5566 48.6679 14
      vertex 48.5566 48.6679 14
      vertex 48.8594 49.145 14
    endloop
  endfacet
  facet normal 0 0 1
    outer loop
      vertex -48.8594 49.145 14
      vertex 48.8594 49.145 14
      vertex 49.2196 49.5805 14
    endloop
  endfacet
  facet normal 0 0 1
    outer loop
      vertex -49.2196 49.5805 14
      vertex 49.2196 49.5805 14
      vertex 49.6316 49.9673 14
    endloop
  endfacet
  facet normal 0 0 1
    outer loop
      vertex -49.6316 49.9673 14
      vertex 49.6316 49.9673 14
      vertex 50.0888 50.2995 14
    endloop
  endfacet
  facet normal 0 0 1
    outer loop
      vertex -50.0888 50.2995 14
      vertex 50.0888 50.2995 14
      vertex 50.584 50.5717 14
    endloop
  endfacet
  facet normal 0 0 1
    outer loop
      vertex -50.584 50.5717 14
      vertex 50.584 50.5717 14
      vertex 51.1094 50.7798 14
    endloop
  endfacet
  facet normal 0 0 1
    outer loop
      vertex -51.1094 50.7798 14
      vertex 51.1094 50.7798 14
      vertex 51.6568 50.9203 14
    endloop
  endfacet
  facet normal 0 0 1
    outer loop
      vertex -51.6568 50.9203 14
      vertex 51.6568 50.9203 14
      vertex 69.8139 54.9901 14
    endloop
  endfacet
  facet normal 0 0 1
    outer loop
      vertex 34.561 23.0099 14
      vertex -48.0355 47.064 14
      vertex -48 46.5 14
    endloop
  endfacet
  facet normal 0 0 1
    outer loop
      vertex 34.561 23.0099 14
      vertex -48.1414 47.6191 14
      vertex -48.0355 47.064 14
    endloop
  endfacet
  facet normal 0 0 1
    outer loop
      vertex 48.316 48.1566 14
      vertex -48.316 48.1566 14
      vertex -48.1414 47.6191 14
    endloop
  endfacet
  facet normal 0 0 1
    outer loop
      vertex 48.5566 48.6679 14
      vertex -48.5566 48.6679 14
      vertex -48.316 48.1566 14
    endloop
  endfacet
  facet normal 0 0 1
    outer loop
      vertex 48.8594 49.145 14
      vertex -48.8594 49.145 14
      vertex -48.5566 48.6679 14
    endloop
  endfacet
  facet normal 0 0 1
    outer loop
      vertex 49.2196 49.5805 14
      vertex -49.2196 49.5805 14
      vertex -48.8594 49.145 14
    endloop
  endfacet
  facet normal 0 0 1
    outer loop
      vertex 49.6316 49.9673 14
      vertex -49.6316 49.9673 14
      vertex -49.2196 49.5805 14
    endloop
  endfacet
  facet normal 0 0 1
    outer loop
      vertex 50.0888 50.2995 14
      vertex -50.0888 50.2995 14
      vertex -49.6316 49.9673 14
    endloop
  endfacet
  facet normal 0 0 1
    outer loop
      vertex 50.584 50.5717 14
      vertex -50.584 50.5717 14
      vertex -50.0888 50.2995 14
    endloop
  endfacet
  facet normal 0 0 1
    outer loop
      vertex 51.1094 50.7798 14
      vertex -51.1094 50.7798 14
      vertex -50.584 50.5717 14
    endloop
  endfacet
  facet normal 0 0 1
    outer loop
      vertex 51.6568 50.9203 14
      vertex -51.6568 50.9203 14
      vertex -51.1094 50.7798 14
    endloop
  endfacet
  facet normal -0 0 1
    outer loop
      vertex -69.8139 54.9901 14
      vertex -51.6568 50.9203 14
      vertex 69.8139 54.9901 14
    endloop
  endfacet
  facet normal 0 0 1
    outer loop
      vertex -51.6568 50.9203 14
      vertex -69.8139 54.9901 14
      vertex -52.2174 50.9911 14
    endloop
  endfacet
  facet normal 0 0 1
    outer loop
      vertex -69.8139 54.9901 14
      vertex -57 46.5 14
      vertex -56.9645 47.064 14
    endloop
  endfacet
  facet normal 0 0 1
    outer loop
      vertex -74.5 -32 14
      vertex -60.5 -19.2395 14
      vertex -60.5 23.0099 14
    endloop
  endfacet
  facet normal 0 0 1
    outer loop
      vertex -60.5 -19.2395 14
      vertex -74.5 -32 14
      vertex -61.486 -34.9766 14
    endloop
  endfacet
  facet normal 0 -0 1
    outer loop
      vertex -65.1861 -36.9901 14
      vertex -61.486 -34.9766 14
      vertex -74.5 -32 14
    endloop
  endfacet
  facet normal 0 0 1
    outer loop
      vertex -61.486 -34.9766 14
      vertex -65.1861 -36.9901 14
      vertex -61.8552 -35.4227 14
    endloop
  endfacet
  facet normal 0 0 1
    outer loop
      vertex -61.8552 -35.4227 14
      vertex -65.1861 -36.9901 14
      vertex -62.3129 -35.8526 14
    endloop
  endfacet
  facet normal 0 0 1
    outer loop
      vertex -62.3129 -35.8526 14
      vertex -65.1861 -36.9901 14
      vertex -62.8209 -36.2216 14
    endloop
  endfacet
  facet normal 0 0 1
    outer loop
      vertex -62.8209 -36.2216 14
      vertex -65.1861 -36.9901 14
      vertex -63.3711 -36.5241 14
    endloop
  endfacet
  facet normal 0 0 1
    outer loop
      vertex -63.3711 -36.5241 14
      vertex -65.1861 -36.9901 14
      vertex -63.9549 -36.7553 14
    endloop
  endfacet
  facet normal 0 0 1
    outer loop
      vertex -52.2174 50.9911 14
      vertex -69.8139 54.9901 14
      vertex -52.7826 50.9911 14
    endloop
  endfacet
  facet normal 0 0 1
    outer loop
      vertex -69.8139 54.9901 14
      vertex -53.3432 50.9203 14
      vertex -52.7826 50.9911 14
    endloop
  endfacet
  facet normal 0 0 1
    outer loop
      vertex -69.8139 54.9901 14
      vertex -53.8906 50.7798 14
      vertex -53.3432 50.9203 14
    endloop
  endfacet
  facet normal 0 0 1
    outer loop
      vertex -69.8139 54.9901 14
      vertex -54.416 50.5717 14
      vertex -53.8906 50.7798 14
    endloop
  endfacet
  facet normal 0 0 1
    outer loop
      vertex -69.8139 54.9901 14
      vertex -54.9112 50.2995 14
      vertex -54.416 50.5717 14
    endloop
  endfacet
  facet normal 0 0 1
    outer loop
      vertex -69.8139 54.9901 14
      vertex -55.3684 49.9673 14
      vertex -54.9112 50.2995 14
    endloop
  endfacet
  facet normal 0 0 1
    outer loop
      vertex -69.8139 54.9901 14
      vertex -55.7804 49.5805 14
      vertex -55.3684 49.9673 14
    endloop
  endfacet
  facet normal 0 0 1
    outer loop
      vertex -69.8139 54.9901 14
      vertex -56.1406 49.145 14
      vertex -55.7804 49.5805 14
    endloop
  endfacet
  facet normal 0 0 1
    outer loop
      vertex -69.8139 54.9901 14
      vertex -56.4434 48.6679 14
      vertex -56.1406 49.145 14
    endloop
  endfacet
  facet normal 0 0 1
    outer loop
      vertex -69.8139 54.9901 14
      vertex -56.684 48.1566 14
      vertex -56.4434 48.6679 14
    endloop
  endfacet
  facet normal 0 0 1
    outer loop
      vertex -69.8139 54.9901 14
      vertex -56.8586 47.6191 14
      vertex -56.684 48.1566 14
    endloop
  endfacet
  facet normal 0 0 1
    outer loop
      vertex -69.8139 54.9901 14
      vertex -56.9645 47.064 14
      vertex -56.8586 47.6191 14
    endloop
  endfacet
  facet normal 0 0 1
    outer loop
      vertex -57 46.5 14
      vertex -69.8139 54.9901 14
      vertex -74.5 50 14
    endloop
  endfacet
  facet normal 0 0 1
    outer loop
      vertex -57 46.5 14
      vertex -74.5 50 14
      vertex -60.5 23.0099 14
    endloop
  endfacet
  facet normal 0 0 1
    outer loop
      vertex -74.5 -32 14
      vertex -60.5 23.0099 14
      vertex -74.5 50 14
    endloop
  endfacet
  facet normal 0 0 1
    outer loop
      vertex -74.5 50 14
      vertex -69.8139 54.9901 14
      vertex -70.4369 54.9114 14
    endloop
  endfacet
  facet normal 0 0 1
    outer loop
      vertex -63.9549 -36.7553 14
      vertex -65.1861 -36.9901 14
      vertex -64.5631 -36.9114 14
    endloop
  endfacet
  facet normal 0 0 1
    outer loop
      vertex -74.5 50 14
      vertex -70.4369 54.9114 14
      vertex -71.0451 54.7553 14
    endloop
  endfacet
  facet normal 0 0 1
    outer loop
      vertex -65.1861 -36.9901 14
      vertex -74.5 -32 14
      vertex -69.8139 -36.9901 14
    endloop
  endfacet
  facet normal 0 0 1
    outer loop
      vertex -74.5 50 14
      vertex -71.0451 54.7553 14
      vertex -71.6289 54.5241 14
    endloop
  endfacet
  facet normal 0 0 1
    outer loop
      vertex -69.8139 -36.9901 14
      vertex -74.5 -32 14
      vertex -70.4369 -36.9114 14
    endloop
  endfacet
  facet normal 0 0 1
    outer loop
      vertex -74.5 50 14
      vertex -71.6289 54.5241 14
      vertex -72.1791 54.2216 14
    endloop
  endfacet
  facet normal 0 0 1
    outer loop
      vertex -70.4369 -36.9114 14
      vertex -74.5 -32 14
      vertex -71.0451 -36.7553 14
    endloop
  endfacet
  facet normal 0 0 1
    outer loop
      vertex -74.5 50 14
      vertex -72.1791 54.2216 14
      vertex -72.6871 53.8526 14
    endloop
  endfacet
  facet normal 0 0 1
    outer loop
      vertex -71.0451 -36.7553 14
      vertex -74.5 -32 14
      vertex -71.6289 -36.5241 14
    endloop
  endfacet
  facet normal 0 0 1
    outer loop
      vertex -74.5 50 14
      vertex -72.6871 53.8526 14
      vertex -73.1448 53.4227 14
    endloop
  endfacet
  facet normal 0 0 1
    outer loop
      vertex -71.6289 -36.5241 14
      vertex -74.5 -32 14
      vertex -72.1791 -36.2216 14
    endloop
  endfacet
  facet normal 0 0 1
    outer loop
      vertex -74.5 50 14
      vertex -73.1448 53.4227 14
      vertex -73.5451 52.9389 14
    endloop
  endfacet
  facet normal 0 0 1
    outer loop
      vertex -72.1791 -36.2216 14
      vertex -74.5 -32 14
      vertex -72.6871 -35.8526 14
    endloop
  endfacet
  facet normal 0 0 1
    outer loop
      vertex -74.5 50 14
      vertex -73.5451 52.9389 14
      vertex -73.8815 52.4088 14
    endloop
  endfacet
  facet normal 0 0 1
    outer loop
      vertex -72.6871 -35.8526 14
      vertex -74.5 -32 14
      vertex -73.1448 -35.4227 14
    endloop
  endfacet
  facet normal 0 0 1
    outer loop
      vertex -74.5 50 14
      vertex -73.8815 52.4088 14
      vertex -74.1489 51.8406 14
    endloop
  endfacet
  facet normal 0 0 1
    outer loop
      vertex -73.1448 -35.4227 14
      vertex -74.5 -32 14
      vertex -73.5451 -34.9389 14
    endloop
  endfacet
  facet normal 0 0 1
    outer loop
      vertex -74.5 50 14
      vertex -74.1489 51.8406 14
      vertex -74.3429 51.2435 14
    endloop
  endfacet
  facet normal 0 0 1
    outer loop
      vertex -73.5451 -34.9389 14
      vertex -74.5 -32 14
      vertex -73.8815 -34.4088 14
    endloop
  endfacet
  facet normal 0 0 1
    outer loop
      vertex -74.5 50 14
      vertex -74.3429 51.2435 14
      vertex -74.4606 50.6267 14
    endloop
  endfacet
  facet normal 0 0 1
    outer loop
      vertex -73.8815 -34.4088 14
      vertex -74.5 -32 14
      vertex -74.1489 -33.8406 14
    endloop
  endfacet
  facet normal 0 0 1
    outer loop
      vertex -74.1489 -33.8406 14
      vertex -74.5 -32 14
      vertex -74.3429 -33.2435 14
    endloop
  endfacet
  facet normal 0 0 1
    outer loop
      vertex -74.3429 -33.2435 14
      vertex -74.5 -32 14
      vertex -74.4606 -32.6267 14
    endloop
  endfacet
  facet normal 0 0 1
    outer loop
      vertex 74.5 50 14
      vertex 56.9645 45.936 14
      vertex 56.8586 45.3809 14
    endloop
  endfacet
  facet normal 0 0 1
    outer loop
      vertex 74.5 50 14
      vertex 56.8586 45.3809 14
      vertex 56.684 44.8434 14
    endloop
  endfacet
  facet normal 0 0 1
    outer loop
      vertex 71.6289 23.4759 14
      vertex 69.8139 23.0099 14
      vertex 71.0451 23.2447 14
    endloop
  endfacet
  facet normal 0 0 1
    outer loop
      vertex 71.0451 23.2447 14
      vertex 69.8139 23.0099 14
      vertex 70.4369 23.0886 14
    endloop
  endfacet
  facet normal 0 0 1
    outer loop
      vertex 73.1448 24.5773 14
      vertex 69.8139 23.0099 14
      vertex 72.6871 24.1474 14
    endloop
  endfacet
  facet normal 0 0 1
    outer loop
      vertex 74.3429 26.7565 14
      vertex 69.8139 23.0099 14
      vertex 74.1489 26.1594 14
    endloop
  endfacet
  facet normal 0 0 1
    outer loop
      vertex 74.5 28 14
      vertex 55.3684 43.0327 14
      vertex 68.9834 23.0099 14
    endloop
  endfacet
  facet normal -0 0 1
    outer loop
      vertex 54.9112 42.7005 14
      vertex 68.9834 23.0099 14
      vertex 55.3684 43.0327 14
    endloop
  endfacet
  facet normal -0 0 1
    outer loop
      vertex 54.416 42.4283 14
      vertex 68.9834 23.0099 14
      vertex 54.9112 42.7005 14
    endloop
  endfacet
  facet normal -0 0 1
    outer loop
      vertex 53.8906 42.2202 14
      vertex 68.9834 23.0099 14
      vertex 54.416 42.4283 14
    endloop
  endfacet
  facet normal -0 0 1
    outer loop
      vertex 53.3432 42.0797 14
      vertex 68.9834 23.0099 14
      vertex 53.8906 42.2202 14
    endloop
  endfacet
  facet normal -0 0 1
    outer loop
      vertex 52.7826 42.0089 14
      vertex 68.9834 23.0099 14
      vertex 53.3432 42.0797 14
    endloop
  endfacet
  facet normal -0 0 1
    outer loop
      vertex 52.2174 42.0089 14
      vertex 68.9834 23.0099 14
      vertex 52.7826 42.0089 14
    endloop
  endfacet
  facet normal 0 0 1
    outer loop
      vertex 34.561 23.0099 14
      vertex 52.2174 42.0089 14
      vertex 51.6568 42.0797 14
    endloop
  endfacet
  facet normal 0 0 1
    outer loop
      vertex 34.561 23.0099 14
      vertex 51.6568 42.0797 14
      vertex 51.1094 42.2202 14
    endloop
  endfacet
  facet normal 0 0 1
    outer loop
      vertex 34.561 23.0099 14
      vertex 51.1094 42.2202 14
      vertex 50.584 42.4283 14
    endloop
  endfacet
  facet normal 0 0 1
    outer loop
      vertex 34.561 23.0099 14
      vertex 50.584 42.4283 14
      vertex 50.0888 42.7005 14
    endloop
  endfacet
  facet normal 0 0 1
    outer loop
      vertex 34.561 23.0099 14
      vertex 50.0888 42.7005 14
      vertex 49.6316 43.0327 14
    endloop
  endfacet
  facet normal 0 0 1
    outer loop
      vertex 34.561 23.0099 14
      vertex 49.6316 43.0327 14
      vertex 49.2196 43.4195 14
    endloop
  endfacet
  facet normal 0 0 1
    outer loop
      vertex 34.561 23.0099 14
      vertex 48.0355 45.936 14
      vertex 48 46.5 14
    endloop
  endfacet
  facet normal 0 0 1
    outer loop
      vertex 34.561 23.0099 14
      vertex 48.1414 45.3809 14
      vertex 48.0355 45.936 14
    endloop
  endfacet
  facet normal 0 0 1
    outer loop
      vertex 34.561 23.0099 14
      vertex 48.316 44.8434 14
      vertex 48.1414 45.3809 14
    endloop
  endfacet
  facet normal 0 0 1
    outer loop
      vertex 34.561 23.0099 14
      vertex 48.5566 44.3321 14
      vertex 48.316 44.8434 14
    endloop
  endfacet
  facet normal 0 0 1
    outer loop
      vertex 34.561 23.0099 14
      vertex 48.8594 43.855 14
      vertex 48.5566 44.3321 14
    endloop
  endfacet
  facet normal 0 0 1
    outer loop
      vertex 34.561 23.0099 14
      vertex 49.2196 43.4195 14
      vertex 48.8594 43.855 14
    endloop
  endfacet
  facet normal 0 0 1
    outer loop
      vertex 52.2174 42.0089 14
      vertex 34.561 23.0099 14
      vertex 68.9834 23.0099 14
    endloop
  endfacet
  facet normal 0 0 1
    outer loop
      vertex -61.486 -34.9766 14
      vertex 34.561 23.0099 14
      vertex -60.5 -19.2395 14
    endloop
  endfacet
  facet normal -0 0 1
    outer loop
      vertex 34.561 23.0099 14
      vertex -61.486 -34.9766 14
      vertex 68.9834 23.0099 14
    endloop
  endfacet
  facet normal -0 0 1
    outer loop
      vertex -48.0355 45.936 14
      vertex 34.561 23.0099 14
      vertex -48 46.5 14
    endloop
  endfacet
  facet normal -0 0 1
    outer loop
      vertex -48.1414 45.3809 14
      vertex 34.561 23.0099 14
      vertex -48.0355 45.936 14
    endloop
  endfacet
  facet normal -0 0 1
    outer loop
      vertex -48.316 44.8434 14
      vertex 34.561 23.0099 14
      vertex -48.1414 45.3809 14
    endloop
  endfacet
  facet normal -0 0 1
    outer loop
      vertex -48.5566 44.3321 14
      vertex 34.561 23.0099 14
      vertex -48.316 44.8434 14
    endloop
  endfacet
  facet normal -0 0 1
    outer loop
      vertex -48.8594 43.855 14
      vertex 34.561 23.0099 14
      vertex -48.5566 44.3321 14
    endloop
  endfacet
  facet normal -0 0 1
    outer loop
      vertex -49.2196 43.4195 14
      vertex 34.561 23.0099 14
      vertex -48.8594 43.855 14
    endloop
  endfacet
  facet normal 0 0 1
    outer loop
      vertex -60.5 23.0099 14
      vertex -49.2196 43.4195 14
      vertex -49.6316 43.0327 14
    endloop
  endfacet
  facet normal 0 0 1
    outer loop
      vertex -60.5 23.0099 14
      vertex -49.6316 43.0327 14
      vertex -50.0888 42.7005 14
    endloop
  endfacet
  facet normal 0 0 1
    outer loop
      vertex -60.5 23.0099 14
      vertex -50.0888 42.7005 14
      vertex -50.584 42.4283 14
    endloop
  endfacet
  facet normal 0 0 1
    outer loop
      vertex -60.5 23.0099 14
      vertex -50.584 42.4283 14
      vertex -51.1094 42.2202 14
    endloop
  endfacet
  facet normal 0 0 1
    outer loop
      vertex -60.5 23.0099 14
      vertex -51.1094 42.2202 14
      vertex -51.6568 42.0797 14
    endloop
  endfacet
  facet normal 0 0 1
    outer loop
      vertex -60.5 23.0099 14
      vertex -51.6568 42.0797 14
      vertex -52.2174 42.0089 14
    endloop
  endfacet
  facet normal 0 0 1
    outer loop
      vertex -60.5 23.0099 14
      vertex -52.2174 42.0089 14
      vertex -52.7826 42.0089 14
    endloop
  endfacet
  facet normal 0 0 1
    outer loop
      vertex -60.5 23.0099 14
      vertex -52.7826 42.0089 14
      vertex -53.3432 42.0797 14
    endloop
  endfacet
  facet normal 0 0 1
    outer loop
      vertex -49.2196 43.4195 14
      vertex -60.5 23.0099 14
      vertex 34.561 23.0099 14
    endloop
  endfacet
  facet normal 0 0 1
    outer loop
      vertex -53.8906 42.2202 14
      vertex -60.5 23.0099 14
      vertex -53.3432 42.0797 14
    endloop
  endfacet
  facet normal 0 0 1
    outer loop
      vertex -54.416 42.4283 14
      vertex -60.5 23.0099 14
      vertex -53.8906 42.2202 14
    endloop
  endfacet
  facet normal 0 0 1
    outer loop
      vertex -54.9112 42.7005 14
      vertex -60.5 23.0099 14
      vertex -54.416 42.4283 14
    endloop
  endfacet
  facet normal 0 0 1
    outer loop
      vertex -55.3684 43.0327 14
      vertex -60.5 23.0099 14
      vertex -54.9112 42.7005 14
    endloop
  endfacet
  facet normal 0 0 1
    outer loop
      vertex -55.7804 43.4195 14
      vertex -60.5 23.0099 14
      vertex -55.3684 43.0327 14
    endloop
  endfacet
  facet normal 0 0 1
    outer loop
      vertex -56.1406 43.855 14
      vertex -60.5 23.0099 14
      vertex -55.7804 43.4195 14
    endloop
  endfacet
  facet normal 0 0 1
    outer loop
      vertex -56.4434 44.3321 14
      vertex -60.5 23.0099 14
      vertex -56.1406 43.855 14
    endloop
  endfacet
  facet normal 0 0 1
    outer loop
      vertex -56.684 44.8434 14
      vertex -60.5 23.0099 14
      vertex -56.4434 44.3321 14
    endloop
  endfacet
  facet normal 0 0 1
    outer loop
      vertex -56.8586 45.3809 14
      vertex -60.5 23.0099 14
      vertex -56.684 44.8434 14
    endloop
  endfacet
  facet normal 0 0 1
    outer loop
      vertex -56.9645 45.936 14
      vertex -60.5 23.0099 14
      vertex -56.8586 45.3809 14
    endloop
  endfacet
  facet normal 0 0 1
    outer loop
      vertex -60.5 23.0099 14
      vertex -56.9645 45.936 14
      vertex -57 46.5 14
    endloop
  endfacet
  facet normal 0 -1 0
    outer loop
      vertex 68.9834 23.0099 0
      vertex 69.8139 23.0099 14
      vertex 68.9834 23.0099 14
    endloop
  endfacet
  facet normal 0 -1 -0
    outer loop
      vertex 69.8139 23.0099 14
      vertex 68.9834 23.0099 0
      vertex 69.8139 23.0099 0
    endloop
  endfacet
  facet normal 0 -1 0
    outer loop
      vertex -60.5 23.0099 0
      vertex 34.561 23.0099 14
      vertex -60.5 23.0099 14
    endloop
  endfacet
  facet normal 0 -1 -0
    outer loop
      vertex 34.561 23.0099 14
      vertex -60.5 23.0099 0
      vertex 34.561 23.0099 0
    endloop
  endfacet
  facet normal 0 1 -0
    outer loop
      vertex 69.8139 54.9901 11
      vertex -69.8139 54.9901 14
      vertex 69.8139 54.9901 14
    endloop
  endfacet
  facet normal 0 1 0
    outer loop
      vertex -69.8139 54.9901 14
      vertex 69.8139 54.9901 11
      vertex -69.8139 54.9901 11
    endloop
  endfacet
  facet normal 0.99803 -0.0627451 0
    outer loop
      vertex 74.4606 27.3733 14
      vertex 74.5 28 0
      vertex 74.5 28 14
    endloop
  endfacet
  facet normal 0.99803 -0.0627451 0
    outer loop
      vertex 74.5 28 0
      vertex 74.4606 27.3733 14
      vertex 74.4606 27.3733 0
    endloop
  endfacet
  facet normal 1 0 0
    outer loop
      vertex 74.5 50 14
      vertex 74.5 37.5 11
      vertex 74.5 50 11
    endloop
  endfacet
  facet normal 1 -0 0
    outer loop
      vertex 74.5 28 14
      vertex 74.5 37.5 11
      vertex 74.5 50 14
    endloop
  endfacet
  facet normal 1 0 0
    outer loop
      vertex 74.5 28 0
      vertex 74.5 37.5 11
      vertex 74.5 28 14
    endloop
  endfacet
  facet normal 1 0 0
    outer loop
      vertex 74.5 37.5 11
      vertex 74.5 28 0
      vertex 74.5 37.5 0
    endloop
  endfacet
  facet normal 0 0 -1
    outer loop
      vertex -61.486 -34.9766 0
      vertex 34.561 23.0099 0
      vertex 68.9834 23.0099 0
    endloop
  endfacet
  facet normal 0 0 -1
    outer loop
      vertex -74.5 -32 0
      vertex -60.5 -19.2395 0
      vertex -61.486 -34.9766 0
    endloop
  endfacet
  facet normal 0 0 -1
    outer loop
      vertex 34.561 23.0099 0
      vertex -61.486 -34.9766 0
      vertex -60.5 -19.2395 0
    endloop
  endfacet
  facet normal 0 0 -1
    outer loop
      vertex 69.8139 23.0099 0
      vertex 74.5 28 0
      vertex 74.4606 27.3733 0
    endloop
  endfacet
  facet normal 0 0 -1
    outer loop
      vertex 69.8139 23.0099 0
      vertex 74.4606 27.3733 0
      vertex 74.3429 26.7565 0
    endloop
  endfacet
  facet normal 0 0 -1
    outer loop
      vertex 69.8139 23.0099 0
      vertex 74.3429 26.7565 0
      vertex 74.1489 26.1594 0
    endloop
  endfacet
  facet normal 0 0 -1
    outer loop
      vertex 69.8139 23.0099 0
      vertex 74.1489 26.1594 0
      vertex 73.8815 25.5912 0
    endloop
  endfacet
  facet normal 0 0 -1
    outer loop
      vertex 69.8139 23.0099 0
      vertex 73.8815 25.5912 0
      vertex 73.5451 25.0611 0
    endloop
  endfacet
  facet normal 0 0 -1
    outer loop
      vertex 69.8139 23.0099 0
      vertex 73.5451 25.0611 0
      vertex 73.1448 24.5773 0
    endloop
  endfacet
  facet normal 0 0 -1
    outer loop
      vertex 69.8139 23.0099 0
      vertex 73.1448 24.5773 0
      vertex 72.6871 24.1474 0
    endloop
  endfacet
  facet normal 0 0 -1
    outer loop
      vertex 69.8139 23.0099 0
      vertex 72.6871 24.1474 0
      vertex 72.1791 23.7784 0
    endloop
  endfacet
  facet normal 0 0 -1
    outer loop
      vertex 69.8139 23.0099 0
      vertex 72.1791 23.7784 0
      vertex 71.6289 23.4759 0
    endloop
  endfacet
  facet normal 0 0 -1
    outer loop
      vertex 69.8139 23.0099 0
      vertex 71.6289 23.4759 0
      vertex 71.0451 23.2447 0
    endloop
  endfacet
  facet normal 0 0 -1
    outer loop
      vertex 69.8139 23.0099 0
      vertex 71.0451 23.2447 0
      vertex 70.4369 23.0886 0
    endloop
  endfacet
  facet normal 0 0 -1
    outer loop
      vertex 74.5 28 0
      vertex 69.8139 23.0099 0
      vertex 68.9834 23.0099 0
    endloop
  endfacet
  facet normal -0 0 -1
    outer loop
      vertex 74.5 28 0
      vertex 68.9834 23.0099 0
      vertex 74.5 37.5 0
    endloop
  endfacet
  facet normal 0 0 -1
    outer loop
      vertex 34.561 23.0099 0
      vertex 74.5 37.5 0
      vertex 68.9834 23.0099 0
    endloop
  endfacet
  facet normal 0 0 -1
    outer loop
      vertex -74.5 37.5 0
      vertex 34.561 23.0099 0
      vertex -60.5 23.0099 0
    endloop
  endfacet
  facet normal 0 0 -1
    outer loop
      vertex -65.1861 -36.9901 0
      vertex -61.486 -34.9766 0
      vertex -61.8552 -35.4227 0
    endloop
  endfacet
  facet normal 0 0 -1
    outer loop
      vertex -65.1861 -36.9901 0
      vertex -61.8552 -35.4227 0
      vertex -62.3129 -35.8526 0
    endloop
  endfacet
  facet normal 0 0 -1
    outer loop
      vertex -65.1861 -36.9901 0
      vertex -62.3129 -35.8526 0
      vertex -62.8209 -36.2216 0
    endloop
  endfacet
  facet normal 0 0 -1
    outer loop
      vertex -65.1861 -36.9901 0
      vertex -62.8209 -36.2216 0
      vertex -63.3711 -36.5241 0
    endloop
  endfacet
  facet normal 0 0 -1
    outer loop
      vertex -65.1861 -36.9901 0
      vertex -63.3711 -36.5241 0
      vertex -63.9549 -36.7553 0
    endloop
  endfacet
  facet normal 0 0 -1
    outer loop
      vertex -65.1861 -36.9901 0
      vertex -63.9549 -36.7553 0
      vertex -64.5631 -36.9114 0
    endloop
  endfacet
  facet normal -0 0 -1
    outer loop
      vertex -61.486 -34.9766 0
      vertex -65.1861 -36.9901 0
      vertex -74.5 -32 0
    endloop
  endfacet
  facet normal 0 0 -1
    outer loop
      vertex -74.5 -32 0
      vertex -65.1861 -36.9901 0
      vertex -69.8139 -36.9901 0
    endloop
  endfacet
  facet normal 0 0 -1
    outer loop
      vertex -74.5 -32 0
      vertex -69.8139 -36.9901 0
      vertex -70.4369 -36.9114 0
    endloop
  endfacet
  facet normal 0 0 -1
    outer loop
      vertex -74.5 -32 0
      vertex -70.4369 -36.9114 0
      vertex -71.0451 -36.7553 0
    endloop
  endfacet
  facet normal 0 0 -1
    outer loop
      vertex -74.5 -32 0
      vertex -71.0451 -36.7553 0
      vertex -71.6289 -36.5241 0
    endloop
  endfacet
  facet normal 0 0 -1
    outer loop
      vertex -74.5 -32 0
      vertex -71.6289 -36.5241 0
      vertex -72.1791 -36.2216 0
    endloop
  endfacet
  facet normal 0 0 -1
    outer loop
      vertex -74.5 -32 0
      vertex -72.1791 -36.2216 0
      vertex -72.6871 -35.8526 0
    endloop
  endfacet
  facet normal 0 0 -1
    outer loop
      vertex -74.5 -32 0
      vertex -72.6871 -35.8526 0
      vertex -73.1448 -35.4227 0
    endloop
  endfacet
  facet normal 0 0 -1
    outer loop
      vertex -74.5 -32 0
      vertex -73.1448 -35.4227 0
      vertex -73.5451 -34.9389 0
    endloop
  endfacet
  facet normal 0 0 -1
    outer loop
      vertex -74.5 -32 0
      vertex -73.5451 -34.9389 0
      vertex -73.8815 -34.4088 0
    endloop
  endfacet
  facet normal 0 0 -1
    outer loop
      vertex -74.5 -32 0
      vertex -73.8815 -34.4088 0
      vertex -74.1489 -33.8406 0
    endloop
  endfacet
  facet normal 0 0 -1
    outer loop
      vertex -74.5 -32 0
      vertex -74.1489 -33.8406 0
      vertex -74.3429 -33.2435 0
    endloop
  endfacet
  facet normal 0 0 -1
    outer loop
      vertex -74.5 -32 0
      vertex -74.3429 -33.2435 0
      vertex -74.4606 -32.6267 0
    endloop
  endfacet
  facet normal -0 0 -1
    outer loop
      vertex -60.5 -19.2395 0
      vertex -74.5 -32 0
      vertex -60.5 23.0099 0
    endloop
  endfacet
  facet normal 0 0 -1
    outer loop
      vertex 34.561 23.0099 0
      vertex -74.5 37.5 0
      vertex 74.5 37.5 0
    endloop
  endfacet
  facet normal 0 0 -1
    outer loop
      vertex -74.5 37.5 0
      vertex -60.5 23.0099 0
      vertex -74.5 -32 0
    endloop
  endfacet
  facet normal 0.125328 -0.992115 0
    outer loop
      vertex 69.8139 23.0099 0
      vertex 70.4369 23.0886 14
      vertex 69.8139 23.0099 14
    endloop
  endfacet
  facet normal 0.125328 -0.992115 0
    outer loop
      vertex 70.4369 23.0886 14
      vertex 69.8139 23.0099 0
      vertex 70.4369 23.0886 0
    endloop
  endfacet
  facet normal 0.982276 -0.187441 0
    outer loop
      vertex 74.3429 26.7565 14
      vertex 74.4606 27.3733 0
      vertex 74.4606 27.3733 14
    endloop
  endfacet
  facet normal 0.982276 -0.187441 0
    outer loop
      vertex 74.4606 27.3733 0
      vertex 74.3429 26.7565 14
      vertex 74.3429 26.7565 0
    endloop
  endfacet
  facet normal 0.951061 0.309003 0
    outer loop
      vertex 74.3429 51.2435 14
      vertex 74.1489 51.8406 11
      vertex 74.1489 51.8406 14
    endloop
  endfacet
  facet normal 0.951061 0.309003 0
    outer loop
      vertex 74.1489 51.8406 11
      vertex 74.3429 51.2435 14
      vertex 74.3429 51.2435 11
    endloop
  endfacet
  facet normal 0.770462 0.637486 0
    outer loop
      vertex 73.5451 52.9389 14
      vertex 73.1448 53.4227 11
      vertex 73.1448 53.4227 14
    endloop
  endfacet
  facet normal 0.770462 0.637486 0
    outer loop
      vertex 73.1448 53.4227 11
      vertex 73.5451 52.9389 14
      vertex 73.5451 52.9389 11
    endloop
  endfacet
  facet normal 0.125328 0.992115 -0
    outer loop
      vertex 70.4369 54.9114 11
      vertex 69.8139 54.9901 14
      vertex 70.4369 54.9114 14
    endloop
  endfacet
  facet normal 0.125328 0.992115 0
    outer loop
      vertex 69.8139 54.9901 14
      vertex 70.4369 54.9114 11
      vertex 69.8139 54.9901 11
    endloop
  endfacet
  facet normal -0.368203 0.929745 0
    outer loop
      vertex -71.0451 54.7553 11
      vertex -71.6289 54.5241 14
      vertex -71.0451 54.7553 14
    endloop
  endfacet
  facet normal -0.368203 0.929745 0
    outer loop
      vertex -71.6289 54.5241 14
      vertex -71.0451 54.7553 11
      vertex -71.6289 54.5241 11
    endloop
  endfacet
  facet normal -0.904811 0.425812 0
    outer loop
      vertex -74.1489 51.8406 11
      vertex -73.8815 52.4088 14
      vertex -73.8815 52.4088 11
    endloop
  endfacet
  facet normal -0.904811 0.425812 0
    outer loop
      vertex -73.8815 52.4088 14
      vertex -74.1489 51.8406 11
      vertex -74.1489 51.8406 14
    endloop
  endfacet
  facet normal 0.481784 -0.87629 0
    outer loop
      vertex 71.6289 23.4759 0
      vertex 72.1791 23.7784 14
      vertex 71.6289 23.4759 14
    endloop
  endfacet
  facet normal 0.481784 -0.87629 0
    outer loop
      vertex 72.1791 23.7784 14
      vertex 71.6289 23.4759 0
      vertex 72.1791 23.7784 0
    endloop
  endfacet
  facet normal 0.770462 -0.637486 0
    outer loop
      vertex 73.1448 24.5773 14
      vertex 73.5451 25.0611 0
      vertex 73.5451 25.0611 14
    endloop
  endfacet
  facet normal 0.770462 -0.637486 0
    outer loop
      vertex 73.5451 25.0611 0
      vertex 73.1448 24.5773 14
      vertex 73.1448 24.5773 0
    endloop
  endfacet
  facet normal 0.951061 -0.309003 0
    outer loop
      vertex 74.1489 26.1594 14
      vertex 74.3429 26.7565 0
      vertex 74.3429 26.7565 14
    endloop
  endfacet
  facet normal 0.951061 -0.309003 0
    outer loop
      vertex 74.3429 26.7565 0
      vertex 74.1489 26.1594 14
      vertex 74.1489 26.1594 0
    endloop
  endfacet
  facet normal 0.982276 0.187441 0
    outer loop
      vertex 74.4606 50.6267 14
      vertex 74.3429 51.2435 11
      vertex 74.3429 51.2435 14
    endloop
  endfacet
  facet normal 0.982276 0.187441 0
    outer loop
      vertex 74.3429 51.2435 11
      vertex 74.4606 50.6267 14
      vertex 74.4606 50.6267 11
    endloop
  endfacet
  facet normal 0.904811 0.425812 0
    outer loop
      vertex 74.1489 51.8406 14
      vertex 73.8815 52.4088 11
      vertex 73.8815 52.4088 14
    endloop
  endfacet
  facet normal 0.904811 0.425812 0
    outer loop
      vertex 73.8815 52.4088 11
      vertex 74.1489 51.8406 14
      vertex 74.1489 51.8406 11
    endloop
  endfacet
  facet normal 0.844336 0.535814 0
    outer loop
      vertex 73.8815 52.4088 14
      vertex 73.5451 52.9389 11
      vertex 73.5451 52.9389 14
    endloop
  endfacet
  facet normal 0.844336 0.535814 0
    outer loop
      vertex 73.5451 52.9389 11
      vertex 73.8815 52.4088 14
      vertex 73.8815 52.4088 11
    endloop
  endfacet
  facet normal 0.684624 0.728896 -0
    outer loop
      vertex 73.1448 53.4227 11
      vertex 72.6871 53.8526 14
      vertex 73.1448 53.4227 14
    endloop
  endfacet
  facet normal 0.684624 0.728896 0
    outer loop
      vertex 72.6871 53.8526 14
      vertex 73.1448 53.4227 11
      vertex 72.6871 53.8526 11
    endloop
  endfacet
  facet normal -0.770462 0.637486 0
    outer loop
      vertex -73.5451 52.9389 11
      vertex -73.1448 53.4227 14
      vertex -73.1448 53.4227 11
    endloop
  endfacet
  facet normal -0.770462 0.637486 0
    outer loop
      vertex -73.1448 53.4227 14
      vertex -73.5451 52.9389 11
      vertex -73.5451 52.9389 14
    endloop
  endfacet
  facet normal -0.248601 0.968606 0
    outer loop
      vertex -70.4369 54.9114 11
      vertex -71.0451 54.7553 14
      vertex -70.4369 54.9114 14
    endloop
  endfacet
  facet normal -0.248601 0.968606 0
    outer loop
      vertex -71.0451 54.7553 14
      vertex -70.4369 54.9114 11
      vertex -71.0451 54.7553 11
    endloop
  endfacet
  facet normal -0.684624 0.728896 0
    outer loop
      vertex -72.6871 53.8526 11
      vertex -73.1448 53.4227 14
      vertex -72.6871 53.8526 14
    endloop
  endfacet
  facet normal -0.684624 0.728896 0
    outer loop
      vertex -73.1448 53.4227 14
      vertex -72.6871 53.8526 11
      vertex -73.1448 53.4227 11
    endloop
  endfacet
  facet normal 0.844336 -0.535814 0
    outer loop
      vertex 73.5451 25.0611 14
      vertex 73.8815 25.5912 0
      vertex 73.8815 25.5912 14
    endloop
  endfacet
  facet normal 0.844336 -0.535814 0
    outer loop
      vertex 73.8815 25.5912 0
      vertex 73.5451 25.0611 14
      vertex 73.5451 25.0611 0
    endloop
  endfacet
  facet normal -0.99803 0.0627451 0
    outer loop
      vertex -74.5 50 11
      vertex -74.4606 50.6267 14
      vertex -74.4606 50.6267 11
    endloop
  endfacet
  facet normal -0.99803 0.0627451 0
    outer loop
      vertex -74.4606 50.6267 14
      vertex -74.5 50 11
      vertex -74.5 50 14
    endloop
  endfacet
  facet normal -0.982276 0.187441 0
    outer loop
      vertex -74.4606 50.6267 11
      vertex -74.3429 51.2435 14
      vertex -74.3429 51.2435 11
    endloop
  endfacet
  facet normal -0.982276 0.187441 0
    outer loop
      vertex -74.3429 51.2435 14
      vertex -74.4606 50.6267 11
      vertex -74.4606 50.6267 14
    endloop
  endfacet
  facet normal -0.951061 0.309003 0
    outer loop
      vertex -74.3429 51.2435 11
      vertex -74.1489 51.8406 14
      vertex -74.1489 51.8406 11
    endloop
  endfacet
  facet normal -0.951061 0.309003 0
    outer loop
      vertex -74.1489 51.8406 14
      vertex -74.3429 51.2435 11
      vertex -74.3429 51.2435 14
    endloop
  endfacet
  facet normal -0.844336 0.535814 0
    outer loop
      vertex -73.8815 52.4088 11
      vertex -73.5451 52.9389 14
      vertex -73.5451 52.9389 11
    endloop
  endfacet
  facet normal -0.844336 0.535814 0
    outer loop
      vertex -73.5451 52.9389 14
      vertex -73.8815 52.4088 11
      vertex -73.8815 52.4088 14
    endloop
  endfacet
  facet normal -0.125328 0.992115 0
    outer loop
      vertex -69.8139 54.9901 11
      vertex -70.4369 54.9114 14
      vertex -69.8139 54.9901 14
    endloop
  endfacet
  facet normal -0.125328 0.992115 0
    outer loop
      vertex -70.4369 54.9114 14
      vertex -69.8139 54.9901 11
      vertex -70.4369 54.9114 11
    endloop
  endfacet
  facet normal -0.587698 0.80908 0
    outer loop
      vertex -72.1791 54.2216 11
      vertex -72.6871 53.8526 14
      vertex -72.1791 54.2216 14
    endloop
  endfacet
  facet normal -0.587698 0.80908 0
    outer loop
      vertex -72.6871 53.8526 14
      vertex -72.1791 54.2216 11
      vertex -72.6871 53.8526 11
    endloop
  endfacet
  facet normal -0.481784 0.87629 0
    outer loop
      vertex -71.6289 54.5241 11
      vertex -72.1791 54.2216 14
      vertex -71.6289 54.5241 14
    endloop
  endfacet
  facet normal -0.481784 0.87629 0
    outer loop
      vertex -72.1791 54.2216 14
      vertex -71.6289 54.5241 11
      vertex -72.1791 54.2216 11
    endloop
  endfacet
  facet normal 0.248601 -0.968606 0
    outer loop
      vertex 70.4369 23.0886 0
      vertex 71.0451 23.2447 14
      vertex 70.4369 23.0886 14
    endloop
  endfacet
  facet normal 0.248601 -0.968606 0
    outer loop
      vertex 71.0451 23.2447 14
      vertex 70.4369 23.0886 0
      vertex 71.0451 23.2447 0
    endloop
  endfacet
  facet normal 0.368203 -0.929745 0
    outer loop
      vertex 71.0451 23.2447 0
      vertex 71.6289 23.4759 14
      vertex 71.0451 23.2447 14
    endloop
  endfacet
  facet normal 0.368203 -0.929745 0
    outer loop
      vertex 71.6289 23.4759 14
      vertex 71.0451 23.2447 0
      vertex 71.6289 23.4759 0
    endloop
  endfacet
  facet normal 0.684624 -0.728896 0
    outer loop
      vertex 72.6871 24.1474 0
      vertex 73.1448 24.5773 14
      vertex 72.6871 24.1474 14
    endloop
  endfacet
  facet normal 0.684624 -0.728896 0
    outer loop
      vertex 73.1448 24.5773 14
      vertex 72.6871 24.1474 0
      vertex 73.1448 24.5773 0
    endloop
  endfacet
  facet normal 0.904811 -0.425812 0
    outer loop
      vertex 73.8815 25.5912 14
      vertex 74.1489 26.1594 0
      vertex 74.1489 26.1594 14
    endloop
  endfacet
  facet normal 0.904811 -0.425812 0
    outer loop
      vertex 74.1489 26.1594 0
      vertex 73.8815 25.5912 14
      vertex 73.8815 25.5912 0
    endloop
  endfacet
  facet normal 0.248601 0.968606 -0
    outer loop
      vertex 71.0451 54.7553 11
      vertex 70.4369 54.9114 14
      vertex 71.0451 54.7553 14
    endloop
  endfacet
  facet normal 0.248601 0.968606 0
    outer loop
      vertex 70.4369 54.9114 14
      vertex 71.0451 54.7553 11
      vertex 70.4369 54.9114 11
    endloop
  endfacet
  facet normal 0.481784 0.87629 -0
    outer loop
      vertex 72.1791 54.2216 11
      vertex 71.6289 54.5241 14
      vertex 72.1791 54.2216 14
    endloop
  endfacet
  facet normal 0.481784 0.87629 0
    outer loop
      vertex 71.6289 54.5241 14
      vertex 72.1791 54.2216 11
      vertex 71.6289 54.5241 11
    endloop
  endfacet
  facet normal 0.587698 0.80908 -0
    outer loop
      vertex 72.6871 53.8526 11
      vertex 72.1791 54.2216 14
      vertex 72.6871 53.8526 14
    endloop
  endfacet
  facet normal 0.587698 0.80908 0
    outer loop
      vertex 72.1791 54.2216 14
      vertex 72.6871 53.8526 11
      vertex 72.1791 54.2216 11
    endloop
  endfacet
  facet normal 0.587698 -0.80908 0
    outer loop
      vertex 72.1791 23.7784 0
      vertex 72.6871 24.1474 14
      vertex 72.1791 23.7784 14
    endloop
  endfacet
  facet normal 0.587698 -0.80908 0
    outer loop
      vertex 72.6871 24.1474 14
      vertex 72.1791 23.7784 0
      vertex 72.6871 24.1474 0
    endloop
  endfacet
  facet normal 1 0 0
    outer loop
      vertex -60.5 23.0099 14
      vertex -60.5 19.4911 7.28256
      vertex -60.5 23.0099 0
    endloop
  endfacet
  facet normal 1 0 0
    outer loop
      vertex -60.5 23.0099 14
      vertex -60.5 19.4203 7.84321
      vertex -60.5 19.4911 7.28256
    endloop
  endfacet
  facet normal 1 0 0
    outer loop
      vertex -60.5 23.0099 14
      vertex -60.5 19.2798 8.39058
      vertex -60.5 19.4203 7.84321
    endloop
  endfacet
  facet normal 1 0 0
    outer loop
      vertex -60.5 23.0099 14
      vertex -60.5 19.0717 8.91601
      vertex -60.5 19.2798 8.39058
    endloop
  endfacet
  facet normal 1 0 0
    outer loop
      vertex -60.5 23.0099 14
      vertex -60.5 18.7995 9.41122
      vertex -60.5 19.0717 8.91601
    endloop
  endfacet
  facet normal 1 0 0
    outer loop
      vertex -60.5 23.0099 14
      vertex -60.5 18.4673 9.86841
      vertex -60.5 18.7995 9.41122
    endloop
  endfacet
  facet normal 1 0 0
    outer loop
      vertex -60.5 23.0099 14
      vertex -60.5 18.0805 10.2804
      vertex -60.5 18.4673 9.86841
    endloop
  endfacet
  facet normal 1 0 0
    outer loop
      vertex -60.5 23.0099 14
      vertex -60.5 17.645 10.6406
      vertex -60.5 18.0805 10.2804
    endloop
  endfacet
  facet normal 1 0 0
    outer loop
      vertex -60.5 23.0099 14
      vertex -60.5 17.1679 10.9434
      vertex -60.5 17.645 10.6406
    endloop
  endfacet
  facet normal 1 0 0
    outer loop
      vertex -60.5 23.0099 14
      vertex -60.5 16.6566 11.184
      vertex -60.5 17.1679 10.9434
    endloop
  endfacet
  facet normal 1 0 0
    outer loop
      vertex -60.5 23.0099 14
      vertex -60.5 16.1191 11.3586
      vertex -60.5 16.6566 11.184
    endloop
  endfacet
  facet normal 1 0 0
    outer loop
      vertex -60.5 23.0099 14
      vertex -60.5 15.564 11.4645
      vertex -60.5 16.1191 11.3586
    endloop
  endfacet
  facet normal 1 0 0
    outer loop
      vertex -60.5 23.0099 14
      vertex -60.5 15 11.5
      vertex -60.5 15.564 11.4645
    endloop
  endfacet
  facet normal 1 0 0
    outer loop
      vertex -60.5 23.0099 14
      vertex -60.5 14.436 11.4645
      vertex -60.5 15 11.5
    endloop
  endfacet
  facet normal 1 0 0
    outer loop
      vertex -60.5 23.0099 14
      vertex -60.5 13.8809 11.3586
      vertex -60.5 14.436 11.4645
    endloop
  endfacet
  facet normal 1 0 0
    outer loop
      vertex -60.5 10.5089 7.28256
      vertex -60.5 -19.2395 14
      vertex -60.5 10.5089 6.71744
    endloop
  endfacet
  facet normal 1 0 0
    outer loop
      vertex -60.5 10.5797 7.84321
      vertex -60.5 -19.2395 14
      vertex -60.5 10.5089 7.28256
    endloop
  endfacet
  facet normal 1 0 0
    outer loop
      vertex -60.5 10.7202 8.39058
      vertex -60.5 -19.2395 14
      vertex -60.5 10.5797 7.84321
    endloop
  endfacet
  facet normal 1 0 0
    outer loop
      vertex -60.5 10.9283 8.91601
      vertex -60.5 -19.2395 14
      vertex -60.5 10.7202 8.39058
    endloop
  endfacet
  facet normal 1 0 0
    outer loop
      vertex -60.5 11.2005 9.41122
      vertex -60.5 -19.2395 14
      vertex -60.5 10.9283 8.91601
    endloop
  endfacet
  facet normal 1 0 0
    outer loop
      vertex -60.5 11.5327 9.86841
      vertex -60.5 -19.2395 14
      vertex -60.5 11.2005 9.41122
    endloop
  endfacet
  facet normal 1 0 0
    outer loop
      vertex -60.5 11.9195 10.2804
      vertex -60.5 -19.2395 14
      vertex -60.5 11.5327 9.86841
    endloop
  endfacet
  facet normal 1 0 0
    outer loop
      vertex -60.5 12.355 10.6406
      vertex -60.5 -19.2395 14
      vertex -60.5 11.9195 10.2804
    endloop
  endfacet
  facet normal 1 0 0
    outer loop
      vertex -60.5 12.8321 10.9434
      vertex -60.5 -19.2395 14
      vertex -60.5 12.355 10.6406
    endloop
  endfacet
  facet normal 1 0 0
    outer loop
      vertex -60.5 13.3434 11.184
      vertex -60.5 -19.2395 14
      vertex -60.5 12.8321 10.9434
    endloop
  endfacet
  facet normal 1 0 0
    outer loop
      vertex -60.5 13.8809 11.3586
      vertex -60.5 -19.2395 14
      vertex -60.5 13.3434 11.184
    endloop
  endfacet
  facet normal 1 -0 0
    outer loop
      vertex -60.5 -19.2395 14
      vertex -60.5 13.8809 11.3586
      vertex -60.5 23.0099 14
    endloop
  endfacet
  facet normal 1 -0 0
    outer loop
      vertex -60.5 19.4911 6.71744
      vertex -60.5 23.0099 0
      vertex -60.5 19.4911 7.28256
    endloop
  endfacet
  facet normal 1 -0 0
    outer loop
      vertex -60.5 19.4203 6.15679
      vertex -60.5 23.0099 0
      vertex -60.5 19.4911 6.71744
    endloop
  endfacet
  facet normal 1 -0 0
    outer loop
      vertex -60.5 19.2798 5.60942
      vertex -60.5 23.0099 0
      vertex -60.5 19.4203 6.15679
    endloop
  endfacet
  facet normal 1 -0 0
    outer loop
      vertex -60.5 19.0717 5.08399
      vertex -60.5 23.0099 0
      vertex -60.5 19.2798 5.60942
    endloop
  endfacet
  facet normal 1 -0 0
    outer loop
      vertex -60.5 18.7995 4.58878
      vertex -60.5 23.0099 0
      vertex -60.5 19.0717 5.08399
    endloop
  endfacet
  facet normal 1 -0 0
    outer loop
      vertex -60.5 18.4673 4.13159
      vertex -60.5 23.0099 0
      vertex -60.5 18.7995 4.58878
    endloop
  endfacet
  facet normal 1 -0 0
    outer loop
      vertex -60.5 18.0805 3.71964
      vertex -60.5 23.0099 0
      vertex -60.5 18.4673 4.13159
    endloop
  endfacet
  facet normal 1 -0 0
    outer loop
      vertex -60.5 17.645 3.35942
      vertex -60.5 23.0099 0
      vertex -60.5 18.0805 3.71964
    endloop
  endfacet
  facet normal 1 -0 0
    outer loop
      vertex -60.5 17.1679 3.05662
      vertex -60.5 23.0099 0
      vertex -60.5 17.645 3.35942
    endloop
  endfacet
  facet normal 1 -0 0
    outer loop
      vertex -60.5 16.6566 2.81601
      vertex -60.5 23.0099 0
      vertex -60.5 17.1679 3.05662
    endloop
  endfacet
  facet normal 1 -0 0
    outer loop
      vertex -60.5 16.1191 2.64138
      vertex -60.5 23.0099 0
      vertex -60.5 16.6566 2.81601
    endloop
  endfacet
  facet normal 1 -0 0
    outer loop
      vertex -60.5 15.564 2.53548
      vertex -60.5 23.0099 0
      vertex -60.5 16.1191 2.64138
    endloop
  endfacet
  facet normal 1 -0 0
    outer loop
      vertex -60.5 15 2.5
      vertex -60.5 23.0099 0
      vertex -60.5 15.564 2.53548
    endloop
  endfacet
  facet normal 1 0 0
    outer loop
      vertex -60.5 14.436 2.53548
      vertex -60.5 23.0099 0
      vertex -60.5 15 2.5
    endloop
  endfacet
  facet normal 1 0 0
    outer loop
      vertex -60.5 13.8809 2.64138
      vertex -60.5 23.0099 0
      vertex -60.5 14.436 2.53548
    endloop
  endfacet
  facet normal 1 0 0
    outer loop
      vertex -60.5 -19.2395 0
      vertex -60.5 10.5089 6.71744
      vertex -60.5 -19.2395 14
    endloop
  endfacet
  facet normal 1 0 0
    outer loop
      vertex -60.5 10.5089 6.71744
      vertex -60.5 -19.2395 0
      vertex -60.5 10.5797 6.15679
    endloop
  endfacet
  facet normal 1 0 0
    outer loop
      vertex -60.5 10.5797 6.15679
      vertex -60.5 -19.2395 0
      vertex -60.5 10.7202 5.60942
    endloop
  endfacet
  facet normal 1 0 0
    outer loop
      vertex -60.5 10.7202 5.60942
      vertex -60.5 -19.2395 0
      vertex -60.5 10.9283 5.08399
    endloop
  endfacet
  facet normal 1 0 0
    outer loop
      vertex -60.5 10.9283 5.08399
      vertex -60.5 -19.2395 0
      vertex -60.5 11.2005 4.58878
    endloop
  endfacet
  facet normal 1 0 0
    outer loop
      vertex -60.5 11.2005 4.58878
      vertex -60.5 -19.2395 0
      vertex -60.5 11.5327 4.13159
    endloop
  endfacet
  facet normal 1 0 0
    outer loop
      vertex -60.5 11.5327 4.13159
      vertex -60.5 -19.2395 0
      vertex -60.5 11.9195 3.71964
    endloop
  endfacet
  facet normal 1 0 0
    outer loop
      vertex -60.5 11.9195 3.71964
      vertex -60.5 -19.2395 0
      vertex -60.5 12.355 3.35942
    endloop
  endfacet
  facet normal 1 0 0
    outer loop
      vertex -60.5 12.355 3.35942
      vertex -60.5 -19.2395 0
      vertex -60.5 12.8321 3.05662
    endloop
  endfacet
  facet normal 1 0 0
    outer loop
      vertex -60.5 13.8809 2.64138
      vertex -60.5 -19.2395 0
      vertex -60.5 23.0099 0
    endloop
  endfacet
  facet normal 1 0 0
    outer loop
      vertex -60.5 13.3434 2.81601
      vertex -60.5 -19.2395 0
      vertex -60.5 13.8809 2.64138
    endloop
  endfacet
  facet normal 1 0 0
    outer loop
      vertex -60.5 12.8321 3.05662
      vertex -60.5 -19.2395 0
      vertex -60.5 13.3434 2.81601
    endloop
  endfacet
  facet normal -0.684624 -0.728896 0
    outer loop
      vertex -73.1448 -35.4227 0
      vertex -72.6871 -35.8526 14
      vertex -73.1448 -35.4227 14
    endloop
  endfacet
  facet normal -0.684624 -0.728896 -0
    outer loop
      vertex -72.6871 -35.8526 14
      vertex -73.1448 -35.4227 0
      vertex -72.6871 -35.8526 0
    endloop
  endfacet
  facet normal -0.99803 -0.0627451 0
    outer loop
      vertex -74.4606 -32.6267 0
      vertex -74.5 -32 5.72015
      vertex -74.5 -32 0
    endloop
  endfacet
  facet normal -0.998355 -0.0573269 -0.000595864
    outer loop
      vertex -74.5 -32 5.72015
      vertex -74.4606 -32.6267 0
      vertex -74.4997 -32.0053 5.72741
    endloop
  endfacet
  facet normal -0.998005 -0.0631336 3.653e-05
    outer loop
      vertex -74.4997 -32.0053 5.72741
      vertex -74.4606 -32.6267 0
      vertex -74.4906 -32.149 5.98877
    endloop
  endfacet
  facet normal -0.998032 -0.062711 2.69077e-06
    outer loop
      vertex -74.4906 -32.149 5.98877
      vertex -74.4606 -32.6267 0
      vertex -74.4837 -32.2588 6.26608
    endloop
  endfacet
  facet normal -0.998071 -0.0620906 -3.38813e-05
    outer loop
      vertex -74.4837 -32.2588 6.26608
      vertex -74.4606 -32.6267 0
      vertex -74.4791 -32.3329 6.55497
    endloop
  endfacet
  facet normal -0.998034 -0.0626691 0
    outer loop
      vertex -74.4767 -32.3703 6.85087
      vertex -74.4606 -32.6267 0
      vertex -74.4767 -32.3703 7.14913
    endloop
  endfacet
  facet normal -0.997967 -0.0637264 3.97274e-05
    outer loop
      vertex -74.4791 -32.3329 6.55497
      vertex -74.4606 -32.6267 0
      vertex -74.4767 -32.3703 6.85087
    endloop
  endfacet
  facet normal -0.998355 -0.0573269 0.000595864
    outer loop
      vertex -74.4606 -32.6267 14
      vertex -74.5 -32 8.27985
      vertex -74.4997 -32.0053 8.27259
    endloop
  endfacet
  facet normal -0.998005 -0.0631336 -3.653e-05
    outer loop
      vertex -74.4606 -32.6267 14
      vertex -74.4997 -32.0053 8.27259
      vertex -74.4906 -32.149 8.01123
    endloop
  endfacet
  facet normal -0.998032 -0.062711 -2.69077e-06
    outer loop
      vertex -74.4606 -32.6267 14
      vertex -74.4906 -32.149 8.01123
      vertex -74.4837 -32.2588 7.73392
    endloop
  endfacet
  facet normal -0.998071 -0.0620906 3.38813e-05
    outer loop
      vertex -74.4606 -32.6267 14
      vertex -74.4837 -32.2588 7.73392
      vertex -74.4791 -32.3329 7.44503
    endloop
  endfacet
  facet normal -0.997967 -0.0637264 -3.97274e-05
    outer loop
      vertex -74.4606 -32.6267 14
      vertex -74.4791 -32.3329 7.44503
      vertex -74.4767 -32.3703 7.14913
    endloop
  endfacet
  facet normal -0.99803 -0.0627451 0
    outer loop
      vertex -74.5 -32 8.27985
      vertex -74.4606 -32.6267 14
      vertex -74.5 -32 14
    endloop
  endfacet
  facet normal -0.998034 -0.0626691 -0
    outer loop
      vertex -74.4606 -32.6267 14
      vertex -74.4767 -32.3703 7.14913
      vertex -74.4606 -32.6267 0
    endloop
  endfacet
  facet normal -0.125328 -0.992115 0
    outer loop
      vertex -70.4369 -36.9114 0
      vertex -69.8139 -36.9901 14
      vertex -70.4369 -36.9114 14
    endloop
  endfacet
  facet normal -0.125328 -0.992115 -0
    outer loop
      vertex -69.8139 -36.9901 14
      vertex -70.4369 -36.9114 0
      vertex -69.8139 -36.9901 0
    endloop
  endfacet
  facet normal 0 -1 0
    outer loop
      vertex -69.8139 -36.9901 0
      vertex -65.1861 -36.9901 14
      vertex -69.8139 -36.9901 14
    endloop
  endfacet
  facet normal 0 -1 -0
    outer loop
      vertex -65.1861 -36.9901 14
      vertex -69.8139 -36.9901 0
      vertex -65.1861 -36.9901 0
    endloop
  endfacet
  facet normal -0.368203 -0.929745 0
    outer loop
      vertex -71.6289 -36.5241 0
      vertex -71.0451 -36.7553 14
      vertex -71.6289 -36.5241 14
    endloop
  endfacet
  facet normal -0.368203 -0.929745 -0
    outer loop
      vertex -71.0451 -36.7553 14
      vertex -71.6289 -36.5241 0
      vertex -71.0451 -36.7553 0
    endloop
  endfacet
  facet normal -0.982276 -0.187441 0
    outer loop
      vertex -74.3429 -33.2435 0
      vertex -74.4606 -32.6267 14
      vertex -74.4606 -32.6267 0
    endloop
  endfacet
  facet normal -0.982276 -0.187441 0
    outer loop
      vertex -74.4606 -32.6267 14
      vertex -74.3429 -33.2435 0
      vertex -74.3429 -33.2435 14
    endloop
  endfacet
  facet normal -0.904811 -0.425812 0
    outer loop
      vertex -73.8815 -34.4088 0
      vertex -74.1489 -33.8406 14
      vertex -74.1489 -33.8406 0
    endloop
  endfacet
  facet normal -0.904811 -0.425812 0
    outer loop
      vertex -74.1489 -33.8406 14
      vertex -73.8815 -34.4088 0
      vertex -73.8815 -34.4088 14
    endloop
  endfacet
  facet normal -0.770462 -0.637486 0
    outer loop
      vertex -73.1448 -35.4227 0
      vertex -73.5451 -34.9389 14
      vertex -73.5451 -34.9389 0
    endloop
  endfacet
  facet normal -0.770462 -0.637486 0
    outer loop
      vertex -73.5451 -34.9389 14
      vertex -73.1448 -35.4227 0
      vertex -73.1448 -35.4227 14
    endloop
  endfacet
  facet normal 0.684624 -0.728896 0
    outer loop
      vertex -62.3129 -35.8526 0
      vertex -61.8552 -35.4227 14
      vertex -62.3129 -35.8526 14
    endloop
  endfacet
  facet normal 0.684624 -0.728896 0
    outer loop
      vertex -61.8552 -35.4227 14
      vertex -62.3129 -35.8526 0
      vertex -61.8552 -35.4227 0
    endloop
  endfacet
  facet normal 0.770383 -0.637582 0
    outer loop
      vertex -61.8552 -35.4227 14
      vertex -61.486 -34.9766 0
      vertex -61.486 -34.9766 14
    endloop
  endfacet
  facet normal 0.770383 -0.637582 0
    outer loop
      vertex -61.486 -34.9766 0
      vertex -61.8552 -35.4227 14
      vertex -61.8552 -35.4227 0
    endloop
  endfacet
  facet normal -0.587698 -0.80908 0
    outer loop
      vertex -72.6871 -35.8526 0
      vertex -72.1791 -36.2216 14
      vertex -72.6871 -35.8526 14
    endloop
  endfacet
  facet normal -0.587698 -0.80908 -0
    outer loop
      vertex -72.1791 -36.2216 14
      vertex -72.6871 -35.8526 0
      vertex -72.1791 -36.2216 0
    endloop
  endfacet
  facet normal -0.248601 -0.968606 0
    outer loop
      vertex -71.0451 -36.7553 0
      vertex -70.4369 -36.9114 14
      vertex -71.0451 -36.7553 14
    endloop
  endfacet
  facet normal -0.248601 -0.968606 -0
    outer loop
      vertex -70.4369 -36.9114 14
      vertex -71.0451 -36.7553 0
      vertex -70.4369 -36.9114 0
    endloop
  endfacet
  facet normal 0.125328 -0.992115 0
    outer loop
      vertex -65.1861 -36.9901 0
      vertex -64.5631 -36.9114 14
      vertex -65.1861 -36.9901 14
    endloop
  endfacet
  facet normal 0.125328 -0.992115 0
    outer loop
      vertex -64.5631 -36.9114 14
      vertex -65.1861 -36.9901 0
      vertex -64.5631 -36.9114 0
    endloop
  endfacet
  facet normal 0.248601 -0.968606 0
    outer loop
      vertex -64.5631 -36.9114 0
      vertex -63.9549 -36.7553 14
      vertex -64.5631 -36.9114 14
    endloop
  endfacet
  facet normal 0.248601 -0.968606 0
    outer loop
      vertex -63.9549 -36.7553 14
      vertex -64.5631 -36.9114 0
      vertex -63.9549 -36.7553 0
    endloop
  endfacet
  facet normal 0.481784 -0.87629 0
    outer loop
      vertex -63.3711 -36.5241 0
      vertex -62.8209 -36.2216 14
      vertex -63.3711 -36.5241 14
    endloop
  endfacet
  facet normal 0.481784 -0.87629 0
    outer loop
      vertex -62.8209 -36.2216 14
      vertex -63.3711 -36.5241 0
      vertex -62.8209 -36.2216 0
    endloop
  endfacet
  facet normal 0.368203 -0.929745 0
    outer loop
      vertex -63.9549 -36.7553 0
      vertex -63.3711 -36.5241 14
      vertex -63.9549 -36.7553 14
    endloop
  endfacet
  facet normal 0.368203 -0.929745 0
    outer loop
      vertex -63.3711 -36.5241 14
      vertex -63.9549 -36.7553 0
      vertex -63.3711 -36.5241 0
    endloop
  endfacet
  facet normal -0.951061 -0.309003 0
    outer loop
      vertex -74.1489 -33.8406 0
      vertex -74.3429 -33.2435 14
      vertex -74.3429 -33.2435 0
    endloop
  endfacet
  facet normal -0.951061 -0.309003 0
    outer loop
      vertex -74.3429 -33.2435 14
      vertex -74.1489 -33.8406 0
      vertex -74.1489 -33.8406 14
    endloop
  endfacet
  facet normal -0.844336 -0.535814 0
    outer loop
      vertex -73.5451 -34.9389 0
      vertex -73.8815 -34.4088 14
      vertex -73.8815 -34.4088 0
    endloop
  endfacet
  facet normal -0.844336 -0.535814 0
    outer loop
      vertex -73.8815 -34.4088 14
      vertex -73.5451 -34.9389 0
      vertex -73.5451 -34.9389 14
    endloop
  endfacet
  facet normal -0.481784 -0.87629 0
    outer loop
      vertex -72.1791 -36.2216 0
      vertex -71.6289 -36.5241 14
      vertex -72.1791 -36.2216 14
    endloop
  endfacet
  facet normal -0.481784 -0.87629 -0
    outer loop
      vertex -71.6289 -36.5241 14
      vertex -72.1791 -36.2216 0
      vertex -71.6289 -36.5241 0
    endloop
  endfacet
  facet normal 0.587698 -0.80908 0
    outer loop
      vertex -62.8209 -36.2216 0
      vertex -62.3129 -35.8526 14
      vertex -62.8209 -36.2216 14
    endloop
  endfacet
  facet normal 0.587698 -0.80908 0
    outer loop
      vertex -62.3129 -35.8526 14
      vertex -62.8209 -36.2216 0
      vertex -62.3129 -35.8526 0
    endloop
  endfacet
  facet normal 0.406124 -0.913818 -0.000109747
    outer loop
      vertex -47.7708 -28.8809 11.3586
      vertex -61.486 -34.9766 14
      vertex -49.0198 -29.436 11.4645
    endloop
  endfacet
  facet normal 0.406139 -0.913811 -1.07907e-05
    outer loop
      vertex -61.486 -34.9766 14
      vertex 49.6922 14.436 11.4645
      vertex 50.9612 15 11.5
    endloop
  endfacet
  facet normal 0.406213 -0.913778 0.000445694
    outer loop
      vertex -46.5615 -28.3434 11.184
      vertex -61.486 -34.9766 14
      vertex -47.7708 -28.8809 11.3586
    endloop
  endfacet
  facet normal 0.406137 -0.913812 -8.06483e-05
    outer loop
      vertex -61.486 -34.9766 14
      vertex 48.4432 13.8809 11.3586
      vertex 49.6922 14.436 11.4645
    endloop
  endfacet
  facet normal 0.406138 -0.913812 -3.11399e-05
    outer loop
      vertex 47.2339 13.3434 11.184
      vertex -61.486 -34.9766 14
      vertex -46.5615 -28.3434 11.184
    endloop
  endfacet
  facet normal 0.406142 -0.91381 0.000145727
    outer loop
      vertex -61.486 -34.9766 14
      vertex 47.2339 13.3434 11.184
      vertex 48.4432 13.8809 11.3586
    endloop
  endfacet
  facet normal 0.406138 -0.913812 0.000124531
    outer loop
      vertex -45.411 -27.8321 10.9434
      vertex 47.2339 13.3434 11.184
      vertex -46.5615 -28.3434 11.184
    endloop
  endfacet
  facet normal 0.406138 -0.913812 4.32618e-05
    outer loop
      vertex -45.411 -27.8321 10.9434
      vertex 46.0835 12.8321 10.9434
      vertex 47.2339 13.3434 11.184
    endloop
  endfacet
  facet normal 0.406138 -0.913812 3.27451e-05
    outer loop
      vertex -44.3375 -27.355 10.6406
      vertex 46.0835 12.8321 10.9434
      vertex -45.411 -27.8321 10.9434
    endloop
  endfacet
  facet normal 0.406139 -0.913811 -0.000169271
    outer loop
      vertex -44.3375 -27.355 10.6406
      vertex 45.0099 12.355 10.6406
      vertex 46.0835 12.8321 10.9434
    endloop
  endfacet
  facet normal 0.406139 -0.913811 -0.000196082
    outer loop
      vertex -43.3578 -26.9195 10.2804
      vertex 45.0099 12.355 10.6406
      vertex -44.3375 -27.355 10.6406
    endloop
  endfacet
  facet normal 0.406137 -0.913812 0.000200479
    outer loop
      vertex -43.3578 -26.9195 10.2804
      vertex 44.0302 11.9195 10.2804
      vertex 45.0099 12.355 10.6406
    endloop
  endfacet
  facet normal 0.406137 -0.913812 0.000194705
    outer loop
      vertex -42.4873 -26.5327 9.86841
      vertex 44.0302 11.9195 10.2804
      vertex -43.3578 -26.9195 10.2804
    endloop
  endfacet
  facet normal 0.406139 -0.913811 -9.90806e-05
    outer loop
      vertex -42.4873 -26.5327 9.86841
      vertex 43.1598 11.5327 9.86841
      vertex 44.0302 11.9195 10.2804
    endloop
  endfacet
  facet normal 0.406139 -0.913811 -0.000132863
    outer loop
      vertex -41.74 -26.2005 9.41122
      vertex 43.1598 11.5327 9.86841
      vertex -42.4873 -26.5327 9.86841
    endloop
  endfacet
  facet normal 0.406138 -0.913812 4.56003e-05
    outer loop
      vertex -41.74 -26.2005 9.41122
      vertex 42.4124 11.2005 9.41122
      vertex 43.1598 11.5327 9.86841
    endloop
  endfacet
  facet normal 0.406138 -0.913812 0.000122125
    outer loop
      vertex -41.1274 -25.9283 8.91601
      vertex 42.4124 11.2005 9.41122
      vertex -41.74 -26.2005 9.41122
    endloop
  endfacet
  facet normal 0.406139 -0.913811 -0.000123929
    outer loop
      vertex -41.1274 -25.9283 8.91601
      vertex 41.7998 10.9283 8.91601
      vertex 42.4124 11.2005 9.41122
    endloop
  endfacet
  facet normal 0.406139 -0.913811 -9.5966e-05
    outer loop
      vertex -40.6593 -25.7202 8.39058
      vertex 41.7998 10.9283 8.91601
      vertex -41.1274 -25.9283 8.91601
    endloop
  endfacet
  facet normal 0.406138 -0.913812 0.000174799
    outer loop
      vertex -40.6593 -25.7202 8.39058
      vertex 41.3318 10.7202 8.39058
      vertex 41.7998 10.9283 8.91601
    endloop
  endfacet
  facet normal 0.406138 -0.913812 5.50763e-05
    outer loop
      vertex -40.3431 -25.5797 7.84321
      vertex 41.3318 10.7202 8.39058
      vertex -40.6593 -25.7202 8.39058
    endloop
  endfacet
  facet normal 0.406138 -0.913812 -5.55044e-05
    outer loop
      vertex -40.3431 -25.5797 7.84321
      vertex 41.0156 10.5797 7.84321
      vertex 41.3318 10.7202 8.39058
    endloop
  endfacet
  facet normal 0.406138 -0.913812 -7.09192e-08
    outer loop
      vertex -40.1838 -25.5089 7.28256
      vertex 41.0156 10.5797 7.84321
      vertex -40.3431 -25.5797 7.84321
    endloop
  endfacet
  facet normal 0.406139 -0.913811 -7.25119e-05
    outer loop
      vertex -40.1838 -25.5089 7.28256
      vertex 40.8562 10.5089 7.28256
      vertex 41.0156 10.5797 7.84321
    endloop
  endfacet
  facet normal 0.406139 -0.913811 0
    outer loop
      vertex -40.1838 -25.5089 6.71744
      vertex 40.8562 10.5089 7.28256
      vertex -40.1838 -25.5089 7.28256
    endloop
  endfacet
  facet normal 0.406139 -0.913811 0
    outer loop
      vertex -40.1838 -25.5089 6.71744
      vertex 40.8562 10.5089 6.71744
      vertex 40.8562 10.5089 7.28256
    endloop
  endfacet
  facet normal 0.406139 -0.913811 -7.11981e-08
    outer loop
      vertex -40.3431 -25.5797 6.15679
      vertex 40.8562 10.5089 6.71744
      vertex -40.1838 -25.5089 6.71744
    endloop
  endfacet
  facet normal 0.406138 -0.913812 7.23697e-05
    outer loop
      vertex -40.3431 -25.5797 6.15679
      vertex 41.0156 10.5797 6.15679
      vertex 40.8562 10.5089 6.71744
    endloop
  endfacet
  facet normal 0.406138 -0.913812 -5.55044e-05
    outer loop
      vertex -40.6593 -25.7202 5.60942
      vertex 41.0156 10.5797 6.15679
      vertex -40.3431 -25.5797 6.15679
    endloop
  endfacet
  facet normal 0.406138 -0.913812 5.50763e-05
    outer loop
      vertex -40.6593 -25.7202 5.60942
      vertex 41.3318 10.7202 5.60942
      vertex 41.0156 10.5797 6.15679
    endloop
  endfacet
  facet normal 0.406138 -0.913812 9.75031e-05
    outer loop
      vertex -41.1274 -25.9283 5.08399
      vertex 41.3318 10.7202 5.60942
      vertex -40.6593 -25.7202 5.60942
    endloop
  endfacet
  facet normal 0.406139 -0.913811 -0.000173263
    outer loop
      vertex -41.1274 -25.9283 5.08399
      vertex 41.7998 10.9283 5.08399
      vertex 41.3318 10.7202 5.60942
    endloop
  endfacet
  facet normal 0.406139 -0.913811 -0.000123929
    outer loop
      vertex -41.74 -26.2005 4.58878
      vertex 41.7998 10.9283 5.08399
      vertex -41.1274 -25.9283 5.08399
    endloop
  endfacet
  facet normal 0.406138 -0.913812 0.000122125
    outer loop
      vertex -41.74 -26.2005 4.58878
      vertex 42.4124 11.2005 4.58878
      vertex 41.7998 10.9283 5.08399
    endloop
  endfacet
  facet normal 0.406138 -0.913812 0.000134434
    outer loop
      vertex -42.4873 -26.5327 4.13159
      vertex 42.4124 11.2005 4.58878
      vertex -41.74 -26.2005 4.58878
    endloop
  endfacet
  facet normal 0.406139 -0.913811 -4.40292e-05
    outer loop
      vertex -42.4873 -26.5327 4.13159
      vertex 43.1598 11.5327 4.13159
      vertex 42.4124 11.2005 4.58878
    endloop
  endfacet
  facet normal 0.406139 -0.913811 -0.00019768
    outer loop
      vertex -43.3578 -26.9195 3.71964
      vertex 43.1598 11.5327 4.13159
      vertex -42.4873 -26.5327 4.13159
    endloop
  endfacet
  facet normal 0.406137 -0.913812 9.61344e-05
    outer loop
      vertex -43.3578 -26.9195 3.71964
      vertex 44.0302 11.9195 3.71964
      vertex 43.1598 11.5327 4.13159
    endloop
  endfacet
  facet normal 0.406137 -0.913812 0.000200468
    outer loop
      vertex -44.3375 -27.355 3.35942
      vertex 44.0302 11.9195 3.71964
      vertex -43.3578 -26.9195 3.71964
    endloop
  endfacet
  facet normal 0.406139 -0.913811 -0.000196072
    outer loop
      vertex -44.3375 -27.355 3.35942
      vertex 45.0099 12.355 3.35942
      vertex 44.0302 11.9195 3.71964
    endloop
  endfacet
  facet normal 0.406139 -0.913811 -3.51434e-05
    outer loop
      vertex -45.411 -27.8321 3.05662
      vertex 45.0099 12.355 3.35942
      vertex -44.3375 -27.355 3.35942
    endloop
  endfacet
  facet normal 0.406138 -0.913812 0.000166873
    outer loop
      vertex -45.411 -27.8321 3.05662
      vertex 46.0835 12.8321 3.05662
      vertex 45.0099 12.355 3.35942
    endloop
  endfacet
  facet normal 0.406138 -0.913812 -0.000125535
    outer loop
      vertex -46.5615 -28.3434 2.81601
      vertex 46.0835 12.8321 3.05662
      vertex -45.411 -27.8321 3.05662
    endloop
  endfacet
  facet normal 0.406138 -0.913812 -4.42691e-05
    outer loop
      vertex -46.5615 -28.3434 2.81601
      vertex 47.2339 13.3434 2.81601
      vertex 46.0835 12.8321 3.05662
    endloop
  endfacet
  facet normal 0.406213 -0.913778 -0.000445937
    outer loop
      vertex -61.486 -34.9766 0
      vertex -46.5615 -28.3434 2.81601
      vertex -47.7708 -28.8809 2.64138
    endloop
  endfacet
  facet normal 0.406138 -0.913812 3.11398e-05
    outer loop
      vertex -46.5615 -28.3434 2.81601
      vertex -61.486 -34.9766 0
      vertex 47.2339 13.3434 2.81601
    endloop
  endfacet
  facet normal 0.406124 -0.913818 0.000109749
    outer loop
      vertex -61.486 -34.9766 0
      vertex -47.7708 -28.8809 2.64138
      vertex -49.0198 -29.436 2.53548
    endloop
  endfacet
  facet normal 0.406142 -0.91381 -0.000145706
    outer loop
      vertex 47.2339 13.3434 2.81601
      vertex -61.486 -34.9766 0
      vertex 48.4432 13.8809 2.64138
    endloop
  endfacet
  facet normal 0.406138 -0.913812 2.78567e-05
    outer loop
      vertex -61.486 -34.9766 0
      vertex -49.0198 -29.436 2.53548
      vertex -50.2888 -30 2.5
    endloop
  endfacet
  facet normal 0.406139 -0.913811 -2.24144e-06
    outer loop
      vertex 68.9834 23.0099 0
      vertex 48.4432 13.8809 2.64138
      vertex -61.486 -34.9766 0
    endloop
  endfacet
  facet normal 0.406138 -0.913812 -2.78589e-05
    outer loop
      vertex -49.0198 -29.436 11.4645
      vertex -61.486 -34.9766 14
      vertex -50.2888 -30 11.5
    endloop
  endfacet
  facet normal 0.406139 -0.913811 -2.1655e-05
    outer loop
      vertex -61.486 -34.9766 14
      vertex -51.5578 -30.564 11.4645
      vertex -50.2888 -30 11.5
    endloop
  endfacet
  facet normal 0.406135 -0.913813 -4.1936e-05
    outer loop
      vertex -61.486 -34.9766 14
      vertex -52.8068 -31.1191 11.3586
      vertex -51.5578 -30.564 11.4645
    endloop
  endfacet
  facet normal 0.406155 -0.913804 3.78841e-05
    outer loop
      vertex -61.486 -34.9766 14
      vertex -54.0161 -31.6566 11.184
      vertex -52.8068 -31.1191 11.3586
    endloop
  endfacet
  facet normal 0.406145 -0.913809 5.78208e-06
    outer loop
      vertex -61.486 -34.9766 14
      vertex -55.1665 -32.1679 10.9434
      vertex -54.0161 -31.6566 11.184
    endloop
  endfacet
  facet normal 0.406115 -0.913822 -6.80506e-05
    outer loop
      vertex -61.486 -34.9766 14
      vertex -56.2401 -32.645 10.6406
      vertex -55.1665 -32.1679 10.9434
    endloop
  endfacet
  facet normal 0.406182 -0.913792 5.66061e-05
    outer loop
      vertex -61.486 -34.9766 14
      vertex -57.2198 -33.0805 10.2804
      vertex -56.2401 -32.645 10.6406
    endloop
  endfacet
  facet normal 0.406114 -0.913822 -3.64565e-05
    outer loop
      vertex -61.486 -34.9766 14
      vertex -58.0902 -33.4673 9.86841
      vertex -57.2198 -33.0805 10.2804
    endloop
  endfacet
  facet normal 0.406158 -0.913803 6.68347e-06
    outer loop
      vertex -61.486 -34.9766 14
      vertex -58.8376 -33.7995 9.41122
      vertex -58.0902 -33.4673 9.86841
    endloop
  endfacet
  facet normal 0.406085 -0.913835 -4.36635e-05
    outer loop
      vertex -61.486 -34.9766 14
      vertex -59.4502 -34.0717 8.91601
      vertex -58.8376 -33.7995 9.41122
    endloop
  endfacet
  facet normal 0.406263 -0.913756 4.15366e-05
    outer loop
      vertex -61.486 -34.9766 14
      vertex -59.9182 -34.2798 8.39058
      vertex -59.4502 -34.0717 8.91601
    endloop
  endfacet
  facet normal 0.406084 -0.913836 -1.81457e-05
    outer loop
      vertex -61.486 -34.9766 14
      vertex -60.2344 -34.4203 7.84321
      vertex -59.9182 -34.2798 8.39058
    endloop
  endfacet
  facet normal 0.406023 -0.913863 -3.30882e-05
    outer loop
      vertex -61.486 -34.9766 14
      vertex -60.3938 -34.4911 7.28256
      vertex -60.2344 -34.4203 7.84321
    endloop
  endfacet
  facet normal 0.406193 -0.913787 0
    outer loop
      vertex -61.486 -34.9766 14
      vertex -60.3938 -34.4911 6.71744
      vertex -60.3938 -34.4911 7.28256
    endloop
  endfacet
  facet normal 0.406117 -0.913821 -0.000208137
    outer loop
      vertex 48.4432 13.8809 2.64138
      vertex 68.9834 23.0099 0
      vertex 49.6922 14.436 2.53548
    endloop
  endfacet
  facet normal 0.406139 -0.913811 2.16564e-05
    outer loop
      vertex -51.5578 -30.564 2.53548
      vertex -61.486 -34.9766 0
      vertex -50.2888 -30 2.5
    endloop
  endfacet
  facet normal 0.406135 -0.913813 4.19363e-05
    outer loop
      vertex -52.8068 -31.1191 2.64138
      vertex -61.486 -34.9766 0
      vertex -51.5578 -30.564 2.53548
    endloop
  endfacet
  facet normal 0.406155 -0.913804 -3.78822e-05
    outer loop
      vertex -54.0161 -31.6566 2.81601
      vertex -61.486 -34.9766 0
      vertex -52.8068 -31.1191 2.64138
    endloop
  endfacet
  facet normal 0.406145 -0.913809 -5.78198e-06
    outer loop
      vertex -55.1665 -32.1679 3.05662
      vertex -61.486 -34.9766 0
      vertex -54.0161 -31.6566 2.81601
    endloop
  endfacet
  facet normal 0.406115 -0.913822 6.80503e-05
    outer loop
      vertex -56.2401 -32.645 3.35942
      vertex -61.486 -34.9766 0
      vertex -55.1665 -32.1679 3.05662
    endloop
  endfacet
  facet normal 0.406182 -0.913792 -5.66047e-05
    outer loop
      vertex -57.2198 -33.0805 3.71964
      vertex -61.486 -34.9766 0
      vertex -56.2401 -32.645 3.35942
    endloop
  endfacet
  facet normal 0.406114 -0.913822 3.64575e-05
    outer loop
      vertex -58.0902 -33.4673 4.13159
      vertex -61.486 -34.9766 0
      vertex -57.2198 -33.0805 3.71964
    endloop
  endfacet
  facet normal 0.406158 -0.913803 -6.68347e-06
    outer loop
      vertex -58.8376 -33.7995 4.58878
      vertex -61.486 -34.9766 0
      vertex -58.0902 -33.4673 4.13159
    endloop
  endfacet
  facet normal 0.406085 -0.913835 4.36635e-05
    outer loop
      vertex -59.4502 -34.0717 5.08399
      vertex -61.486 -34.9766 0
      vertex -58.8376 -33.7995 4.58878
    endloop
  endfacet
  facet normal 0.406263 -0.913756 -4.15366e-05
    outer loop
      vertex -59.9182 -34.2798 5.60942
      vertex -61.486 -34.9766 0
      vertex -59.4502 -34.0717 5.08399
    endloop
  endfacet
  facet normal 0.406084 -0.913836 1.81457e-05
    outer loop
      vertex -60.2344 -34.4203 6.15679
      vertex -61.486 -34.9766 0
      vertex -59.9182 -34.2798 5.60942
    endloop
  endfacet
  facet normal 0.406023 -0.913863 3.30882e-05
    outer loop
      vertex -60.3938 -34.4911 6.71744
      vertex -61.486 -34.9766 0
      vertex -60.2344 -34.4203 6.15679
    endloop
  endfacet
  facet normal 0.406193 -0.913787 0
    outer loop
      vertex -61.486 -34.9766 0
      vertex -60.3938 -34.4911 6.71744
      vertex -61.486 -34.9766 14
    endloop
  endfacet
  facet normal 0.406139 -0.913811 7.13503e-06
    outer loop
      vertex -61.486 -34.9766 14
      vertex 50.9612 15 11.5
      vertex 68.9834 23.0099 14
    endloop
  endfacet
  facet normal 0.406139 -0.913811 1.01394e-05
    outer loop
      vertex 52.2302 15.564 11.4645
      vertex 68.9834 23.0099 14
      vertex 50.9612 15 11.5
    endloop
  endfacet
  facet normal 0.406135 -0.913813 4.21267e-05
    outer loop
      vertex 53.4792 16.1191 11.3586
      vertex 68.9834 23.0099 14
      vertex 52.2302 15.564 11.4645
    endloop
  endfacet
  facet normal 0.406151 -0.913806 -7.17043e-05
    outer loop
      vertex 54.6885 16.6566 11.184
      vertex 68.9834 23.0099 14
      vertex 53.4792 16.1191 11.3586
    endloop
  endfacet
  facet normal 0.406128 -0.913816 6.69413e-05
    outer loop
      vertex 55.839 17.1679 10.9434
      vertex 68.9834 23.0099 14
      vertex 54.6885 16.6566 11.184
    endloop
  endfacet
  facet normal 0.406136 -0.913813 2.43838e-05
    outer loop
      vertex 56.9125 17.645 10.6406
      vertex 68.9834 23.0099 14
      vertex 55.839 17.1679 10.9434
    endloop
  endfacet
  facet normal 0.406167 -0.913799 -0.000105795
    outer loop
      vertex 57.8922 18.0805 10.2804
      vertex 68.9834 23.0099 14
      vertex 56.9125 17.645 10.6406
    endloop
  endfacet
  facet normal 0.406105 -0.913826 0.00011313
    outer loop
      vertex 58.7627 18.4673 9.86841
      vertex 68.9834 23.0099 14
      vertex 57.8922 18.0805 10.2804
    endloop
  endfacet
  facet normal 0.406169 -0.913798 -7.43677e-05
    outer loop
      vertex 59.51 18.7995 9.41122
      vertex 68.9834 23.0099 14
      vertex 58.7627 18.4673 9.86841
    endloop
  endfacet
  facet normal 0.406107 -0.913825 7.69267e-05
    outer loop
      vertex 60.1226 19.0717 8.91601
      vertex 68.9834 23.0099 14
      vertex 59.51 18.7995 9.41122
    endloop
  endfacet
  facet normal 0.406173 -0.913796 -5.98838e-05
    outer loop
      vertex 60.5907 19.2798 8.39058
      vertex 68.9834 23.0099 14
      vertex 60.1226 19.0717 8.91601
    endloop
  endfacet
  facet normal 0.406117 -0.913821 4.06523e-05
    outer loop
      vertex 60.9069 19.4203 7.84321
      vertex 68.9834 23.0099 14
      vertex 60.5907 19.2798 8.39058
    endloop
  endfacet
  facet normal 0.406142 -0.91381 1.17443e-06
    outer loop
      vertex 61.0662 19.4911 7.28256
      vertex 68.9834 23.0099 14
      vertex 60.9069 19.4203 7.84321
    endloop
  endfacet
  facet normal 0.406143 -0.91381 0
    outer loop
      vertex 61.0662 19.4911 6.71744
      vertex 68.9834 23.0099 14
      vertex 61.0662 19.4911 7.28256
    endloop
  endfacet
  facet normal 0.406142 -0.91381 -1.17443e-06
    outer loop
      vertex 68.9834 23.0099 0
      vertex 61.0662 19.4911 6.71744
      vertex 60.9069 19.4203 6.15679
    endloop
  endfacet
  facet normal 0.406117 -0.913821 -4.06523e-05
    outer loop
      vertex 68.9834 23.0099 0
      vertex 60.9069 19.4203 6.15679
      vertex 60.5907 19.2798 5.60942
    endloop
  endfacet
  facet normal 0.406173 -0.913796 5.98838e-05
    outer loop
      vertex 68.9834 23.0099 0
      vertex 60.5907 19.2798 5.60942
      vertex 60.1226 19.0717 5.08399
    endloop
  endfacet
  facet normal 0.406143 -0.91381 0
    outer loop
      vertex 61.0662 19.4911 6.71744
      vertex 68.9834 23.0099 0
      vertex 68.9834 23.0099 14
    endloop
  endfacet
  facet normal 0.406107 -0.913825 -7.69267e-05
    outer loop
      vertex 59.51 18.7995 4.58878
      vertex 68.9834 23.0099 0
      vertex 60.1226 19.0717 5.08399
    endloop
  endfacet
  facet normal 0.406169 -0.913798 7.43677e-05
    outer loop
      vertex 58.7627 18.4673 4.13159
      vertex 68.9834 23.0099 0
      vertex 59.51 18.7995 4.58878
    endloop
  endfacet
  facet normal 0.406105 -0.913826 -0.000113136
    outer loop
      vertex 57.8922 18.0805 3.71964
      vertex 68.9834 23.0099 0
      vertex 58.7627 18.4673 4.13159
    endloop
  endfacet
  facet normal 0.406167 -0.913799 0.000105791
    outer loop
      vertex 56.9125 17.645 3.35942
      vertex 68.9834 23.0099 0
      vertex 57.8922 18.0805 3.71964
    endloop
  endfacet
  facet normal 0.406136 -0.913813 -2.43838e-05
    outer loop
      vertex 55.839 17.1679 3.05662
      vertex 68.9834 23.0099 0
      vertex 56.9125 17.645 3.35942
    endloop
  endfacet
  facet normal 0.406128 -0.913816 -6.69398e-05
    outer loop
      vertex 54.6885 16.6566 2.81601
      vertex 68.9834 23.0099 0
      vertex 55.839 17.1679 3.05662
    endloop
  endfacet
  facet normal 0.406151 -0.913806 7.16989e-05
    outer loop
      vertex 53.4792 16.1191 2.64138
      vertex 68.9834 23.0099 0
      vertex 54.6885 16.6566 2.81601
    endloop
  endfacet
  facet normal 0.406135 -0.913813 -4.2127e-05
    outer loop
      vertex 52.2302 15.564 2.53548
      vertex 68.9834 23.0099 0
      vertex 53.4792 16.1191 2.64138
    endloop
  endfacet
  facet normal 0.406139 -0.913811 -1.01403e-05
    outer loop
      vertex 50.9612 15 2.5
      vertex 68.9834 23.0099 0
      vertex 52.2302 15.564 2.53548
    endloop
  endfacet
  facet normal 0.406138 -0.913812 -1.52598e-05
    outer loop
      vertex 49.6922 14.436 2.53548
      vertex 68.9834 23.0099 0
      vertex 50.9612 15 2.5
    endloop
  endfacet
  facet normal -0.406138 0.913812 -1.5262e-05
    outer loop
      vertex 15.2698 14.436 11.4645
      vertex 34.561 23.0099 14
      vertex 16.5388 15 11.5
    endloop
  endfacet
  facet normal -0.406139 0.913811 -1.01394e-05
    outer loop
      vertex 34.561 23.0099 14
      vertex 17.8078 15.564 11.4645
      vertex 16.5388 15 11.5
    endloop
  endfacet
  facet normal -0.406135 0.913813 -4.21267e-05
    outer loop
      vertex 34.561 23.0099 14
      vertex 19.0568 16.1191 11.3586
      vertex 17.8078 15.564 11.4645
    endloop
  endfacet
  facet normal -0.406151 0.913806 7.17043e-05
    outer loop
      vertex 34.561 23.0099 14
      vertex 20.2661 16.6566 11.184
      vertex 19.0568 16.1191 11.3586
    endloop
  endfacet
  facet normal -0.406142 0.91381 1.99827e-05
    outer loop
      vertex 34.561 23.0099 14
      vertex 21.4165 17.1679 10.9434
      vertex 20.2661 16.6566 11.184
    endloop
  endfacet
  facet normal -0.406121 0.913819 -9.18951e-05
    outer loop
      vertex 34.561 23.0099 14
      vertex 22.4901 17.645 10.6406
      vertex 21.4165 17.1679 10.9434
    endloop
  endfacet
  facet normal -0.406167 0.913799 0.000105795
    outer loop
      vertex 34.561 23.0099 14
      vertex 23.4698 18.0805 10.2804
      vertex 22.4901 17.645 10.6406
    endloop
  endfacet
  facet normal -0.406121 0.913819 -5.54354e-05
    outer loop
      vertex 34.561 23.0099 14
      vertex 24.3402 18.4673 9.86841
      vertex 23.4698 18.0805 10.2804
    endloop
  endfacet
  facet normal -0.406148 0.913807 2.4788e-05
    outer loop
      vertex 34.561 23.0099 14
      vertex 25.0876 18.7995 9.41122
      vertex 24.3402 18.4673 9.86841
    endloop
  endfacet
  facet normal -0.406107 0.913825 -7.69267e-05
    outer loop
      vertex 34.561 23.0099 14
      vertex 25.7002 19.0717 8.91601
      vertex 25.0876 18.7995 9.41122
    endloop
  endfacet
  facet normal -0.406197 0.913785 0.000111041
    outer loop
      vertex 34.561 23.0099 14
      vertex 26.1682 19.2798 8.39058
      vertex 25.7002 19.0717 8.91601
    endloop
  endfacet
  facet normal -0.406114 0.913822 -3.86357e-05
    outer loop
      vertex 34.561 23.0099 14
      vertex 26.4844 19.4203 7.84321
      vertex 26.1682 19.2798 8.39058
    endloop
  endfacet
  facet normal -0.406101 0.913828 -5.95382e-05
    outer loop
      vertex 34.561 23.0099 14
      vertex 26.6438 19.4911 7.28256
      vertex 26.4844 19.4203 7.84321
    endloop
  endfacet
  facet normal -0.406143 0.91381 0
    outer loop
      vertex 34.561 23.0099 14
      vertex 26.6438 19.4911 6.71744
      vertex 26.6438 19.4911 7.28256
    endloop
  endfacet
  facet normal -0.406143 0.91381 0
    outer loop
      vertex 34.561 23.0099 0
      vertex 26.6438 19.4911 6.71744
      vertex 34.561 23.0099 14
    endloop
  endfacet
  facet normal -0.406101 0.913828 5.95382e-05
    outer loop
      vertex 26.6438 19.4911 6.71744
      vertex 34.561 23.0099 0
      vertex 26.4844 19.4203 6.15679
    endloop
  endfacet
  facet normal -0.406114 0.913822 3.86357e-05
    outer loop
      vertex 26.4844 19.4203 6.15679
      vertex 34.561 23.0099 0
      vertex 26.1682 19.2798 5.60942
    endloop
  endfacet
  facet normal -0.406139 0.913811 1.01403e-05
    outer loop
      vertex 17.8078 15.564 2.53548
      vertex 34.561 23.0099 0
      vertex 16.5388 15 2.5
    endloop
  endfacet
  facet normal -0.406135 0.913813 4.2127e-05
    outer loop
      vertex 19.0568 16.1191 2.64138
      vertex 34.561 23.0099 0
      vertex 17.8078 15.564 2.53548
    endloop
  endfacet
  facet normal -0.406151 0.913806 -7.16989e-05
    outer loop
      vertex 20.2661 16.6566 2.81601
      vertex 34.561 23.0099 0
      vertex 19.0568 16.1191 2.64138
    endloop
  endfacet
  facet normal -0.406142 0.91381 -1.99822e-05
    outer loop
      vertex 21.4165 17.1679 3.05662
      vertex 34.561 23.0099 0
      vertex 20.2661 16.6566 2.81601
    endloop
  endfacet
  facet normal -0.406121 0.913819 9.18948e-05
    outer loop
      vertex 22.4901 17.645 3.35942
      vertex 34.561 23.0099 0
      vertex 21.4165 17.1679 3.05662
    endloop
  endfacet
  facet normal -0.406167 0.913799 -0.000105791
    outer loop
      vertex 23.4698 18.0805 3.71964
      vertex 34.561 23.0099 0
      vertex 22.4901 17.645 3.35942
    endloop
  endfacet
  facet normal -0.406121 0.913819 5.54384e-05
    outer loop
      vertex 24.3402 18.4673 4.13159
      vertex 34.561 23.0099 0
      vertex 23.4698 18.0805 3.71964
    endloop
  endfacet
  facet normal -0.406148 0.913807 -2.4788e-05
    outer loop
      vertex 25.0876 18.7995 4.58878
      vertex 34.561 23.0099 0
      vertex 24.3402 18.4673 4.13159
    endloop
  endfacet
  facet normal -0.406107 0.913825 7.69267e-05
    outer loop
      vertex 25.7002 19.0717 5.08399
      vertex 34.561 23.0099 0
      vertex 25.0876 18.7995 4.58878
    endloop
  endfacet
  facet normal -0.406197 0.913785 -0.000111041
    outer loop
      vertex 26.1682 19.2798 5.60942
      vertex 34.561 23.0099 0
      vertex 25.7002 19.0717 5.08399
    endloop
  endfacet
  facet normal -0.406117 0.913821 -0.000208132
    outer loop
      vertex 14.0208 13.8809 11.3586
      vertex 34.561 23.0099 14
      vertex 15.2698 14.436 11.4645
    endloop
  endfacet
  facet normal -0.406139 0.913811 -2.70445e-06
    outer loop
      vertex 34.561 23.0099 14
      vertex 14.0208 13.8809 11.3586
      vertex -60.5 -19.2395 14
    endloop
  endfacet
  facet normal -0.406143 0.91381 -0.00013704
    outer loop
      vertex 12.8115 13.3434 11.184
      vertex -60.5 -19.2395 14
      vertex 14.0208 13.8809 11.3586
    endloop
  endfacet
  facet normal -0.406135 0.913813 0.000107516
    outer loop
      vertex 11.661 12.8321 10.9434
      vertex -60.5 -19.2395 14
      vertex 12.8115 13.3434 11.184
    endloop
  endfacet
  facet normal -0.406138 0.913812 3.08887e-05
    outer loop
      vertex 10.5875 12.355 10.6406
      vertex -60.5 -19.2395 14
      vertex 11.661 12.8321 10.9434
    endloop
  endfacet
  facet normal -0.406144 0.913809 -0.000123167
    outer loop
      vertex 9.60775 11.9195 10.2804
      vertex -60.5 -19.2395 14
      vertex 10.5875 12.355 10.6406
    endloop
  endfacet
  facet normal -0.406135 0.913813 8.86439e-05
    outer loop
      vertex 8.73735 11.5327 9.86841
      vertex -60.5 -19.2395 14
      vertex 9.60775 11.9195 10.2804
    endloop
  endfacet
  facet normal -0.406142 0.91381 -5.5783e-05
    outer loop
      vertex 7.98997 11.2005 9.41122
      vertex -60.5 -19.2395 14
      vertex 8.73735 11.5327 9.86841
    endloop
  endfacet
  facet normal -0.406134 0.913813 7.59401e-05
    outer loop
      vertex 7.37742 10.9283 8.91601
      vertex -60.5 -19.2395 14
      vertex 7.98997 11.2005 9.41122
    endloop
  endfacet
  facet normal -0.406146 0.913808 -0.000111665
    outer loop
      vertex 6.90935 10.7202 8.39058
      vertex -60.5 -19.2395 14
      vertex 7.37742 10.9283 8.91601
    endloop
  endfacet
  facet normal -0.406134 0.913813 6.00928e-05
    outer loop
      vertex 6.59314 10.5797 7.84321
      vertex -60.5 -19.2395 14
      vertex 6.90935 10.7202 8.39058
    endloop
  endfacet
  facet normal -0.406135 0.913813 4.952e-05
    outer loop
      vertex 6.43377 10.5089 7.28256
      vertex -60.5 -19.2395 14
      vertex 6.59314 10.5797 7.84321
    endloop
  endfacet
  facet normal -0.406139 0.913811 0
    outer loop
      vertex 6.43377 10.5089 6.71744
      vertex -60.5 -19.2395 14
      vertex 6.43377 10.5089 7.28256
    endloop
  endfacet
  facet normal -0.406135 0.913813 -4.952e-05
    outer loop
      vertex -60.5 -19.2395 0
      vertex 6.43377 10.5089 6.71744
      vertex 6.59314 10.5797 6.15679
    endloop
  endfacet
  facet normal -0.406134 0.913813 -6.00928e-05
    outer loop
      vertex -60.5 -19.2395 0
      vertex 6.59314 10.5797 6.15679
      vertex 6.90935 10.7202 5.60942
    endloop
  endfacet
  facet normal -0.406146 0.913808 0.000111665
    outer loop
      vertex -60.5 -19.2395 0
      vertex 6.90935 10.7202 5.60942
      vertex 7.37742 10.9283 5.08399
    endloop
  endfacet
  facet normal -0.406134 0.913813 -7.59401e-05
    outer loop
      vertex -60.5 -19.2395 0
      vertex 7.37742 10.9283 5.08399
      vertex 7.98997 11.2005 4.58878
    endloop
  endfacet
  facet normal -0.406142 0.91381 5.5783e-05
    outer loop
      vertex -60.5 -19.2395 0
      vertex 7.98997 11.2005 4.58878
      vertex 8.73735 11.5327 4.13159
    endloop
  endfacet
  facet normal -0.406135 0.913813 -8.86515e-05
    outer loop
      vertex -60.5 -19.2395 0
      vertex 8.73735 11.5327 4.13159
      vertex 9.60775 11.9195 3.71964
    endloop
  endfacet
  facet normal -0.406144 0.913809 0.000123161
    outer loop
      vertex -60.5 -19.2395 0
      vertex 9.60775 11.9195 3.71964
      vertex 10.5875 12.355 3.35942
    endloop
  endfacet
  facet normal -0.406138 0.913812 -3.08887e-05
    outer loop
      vertex -60.5 -19.2395 0
      vertex 10.5875 12.355 3.35942
      vertex 11.661 12.8321 3.05662
    endloop
  endfacet
  facet normal -0.406135 0.913813 -0.000107512
    outer loop
      vertex -60.5 -19.2395 0
      vertex 11.661 12.8321 3.05662
      vertex 12.8115 13.3434 2.81601
    endloop
  endfacet
  facet normal -0.406138 0.913812 1.52598e-05
    outer loop
      vertex 34.561 23.0099 0
      vertex 15.2698 14.436 2.53548
      vertex 16.5388 15 2.5
    endloop
  endfacet
  facet normal -0.406117 0.913821 0.000208137
    outer loop
      vertex 34.561 23.0099 0
      vertex 14.0208 13.8809 2.64138
      vertex 15.2698 14.436 2.53548
    endloop
  endfacet
  facet normal -0.406139 0.913811 0
    outer loop
      vertex 6.43377 10.5089 6.71744
      vertex -60.5 -19.2395 0
      vertex -60.5 -19.2395 14
    endloop
  endfacet
  facet normal -0.406143 0.91381 0.000137021
    outer loop
      vertex 14.0208 13.8809 2.64138
      vertex -60.5 -19.2395 0
      vertex 12.8115 13.3434 2.81601
    endloop
  endfacet
  facet normal -0.406139 0.913811 2.70447e-06
    outer loop
      vertex -60.5 -19.2395 0
      vertex 14.0208 13.8809 2.64138
      vertex 34.561 23.0099 0
    endloop
  endfacet
  facet normal 0.45075 0.568943 0.687843
    outer loop
      vertex -60.5 -33.0805 3.71964
      vertex -60.5 -32.645 3.35942
      vertex -64.7 -31.6258 5.2687
    endloop
  endfacet
  facet normal 0.450748 -0.0560439 0.89089
    outer loop
      vertex -60.5 -30 2.5
      vertex -60.5 -29.436 2.53548
      vertex -64.7 -30 4.625
    endloop
  endfacet
  facet normal 0.450749 -0.0560509 0.890889
    outer loop
      vertex -60.5 -29.436 2.53548
      vertex -64.7 -29.7023 4.64373
      vertex -64.7 -30 4.625
    endloop
  endfacet
  facet normal 0.450749 0.0560509 0.890889
    outer loop
      vertex -60.5 -30.564 2.53548
      vertex -64.7 -30 4.625
      vertex -64.7 -30.2977 4.64373
    endloop
  endfacet
  facet normal 0.450743 0.167314 -0.876833
    outer loop
      vertex -64.7 -30.2977 9.35627
      vertex -60.5 -30.564 11.4645
      vertex -64.7 -30.5906 9.30038
    endloop
  endfacet
  facet normal 0.450756 -0.864619 -0.221932
    outer loop
      vertex -60.5 -25.5797 7.84321
      vertex -60.5 -25.7202 8.39058
      vertex -64.7 -27.6671 7.44503
    endloop
  endfacet
  facet normal 0.450745 0.885607 0.111935
    outer loop
      vertex -60.5 -34.4911 6.71744
      vertex -64.7 -32.3329 6.55497
      vertex -64.7 -32.3703 6.85087
    endloop
  endfacet
  facet normal 0.450749 0.16728 0.876837
    outer loop
      vertex -60.5 -31.1191 2.64138
      vertex -60.5 -30.564 2.53548
      vertex -64.7 -30.5906 4.69962
    endloop
  endfacet
  facet normal 0.450746 0.380086 0.80769
    outer loop
      vertex -60.5 -32.1679 3.05662
      vertex -60.5 -31.6566 2.81601
      vertex -64.7 -31.1442 4.91877
    endloop
  endfacet
  facet normal 0.450742 0.650674 -0.61111
    outer loop
      vertex -64.7 -31.6258 8.7313
      vertex -60.5 -33.4673 9.86841
      vertex -64.7 -31.83 8.51388
    endloop
  endfacet
  facet normal 0.450745 -0.885607 -0.111935
    outer loop
      vertex -64.7 -27.6297 7.14913
      vertex -60.5 -25.5089 7.28256
      vertex -64.7 -27.6671 7.44503
    endloop
  endfacet
  facet normal 0.450745 -0.569021 -0.687782
    outer loop
      vertex -64.7 -28.3742 8.7313
      vertex -60.5 -27.355 10.6406
      vertex -64.7 -28.604 8.92142
    endloop
  endfacet
  facet normal 0.45075 0.275824 0.848967
    outer loop
      vertex -60.5 -31.6566 2.81601
      vertex -60.5 -31.1191 2.64138
      vertex -64.7 -30.5906 4.69962
    endloop
  endfacet
  facet normal 0.450748 0.0560439 0.89089
    outer loop
      vertex -60.5 -30.564 2.53548
      vertex -60.5 -30 2.5
      vertex -64.7 -30 4.625
    endloop
  endfacet
  facet normal 0.450747 0.275791 0.848979
    outer loop
      vertex -60.5 -31.6566 2.81601
      vertex -64.7 -30.5906 4.69962
      vertex -64.7 -30.8743 4.79178
    endloop
  endfacet
  facet normal 0.450744 0.478335 0.753675
    outer loop
      vertex -60.5 -32.1679 3.05662
      vertex -64.7 -31.1442 4.91877
      vertex -64.7 -31.396 5.07858
    endloop
  endfacet
  facet normal 0.450751 0.380034 0.807711
    outer loop
      vertex -60.5 -31.6566 2.81601
      vertex -64.7 -30.8743 4.79178
      vertex -64.7 -31.1442 4.91877
    endloop
  endfacet
  facet normal 0.450749 0.782215 0.430075
    outer loop
      vertex -60.5 -33.7995 4.58878
      vertex -64.7 -32.0053 5.72741
      vertex -64.7 -32.149 5.98877
    endloop
  endfacet
  facet normal 0.450741 0.782269 0.429986
    outer loop
      vertex -60.5 -34.0717 5.08399
      vertex -60.5 -33.7995 4.58878
      vertex -64.7 -32.149 5.98877
    endloop
  endfacet
  facet normal 0.450741 -0.782269 0.429986
    outer loop
      vertex -60.5 -26.2005 4.58878
      vertex -60.5 -25.9283 5.08399
      vertex -64.7 -27.851 5.98877
    endloop
  endfacet
  facet normal 0.450748 -0.275781 -0.848982
    outer loop
      vertex -60.5 -28.3434 11.184
      vertex -60.5 -28.8809 11.3586
      vertex -64.7 -29.4094 9.30038
    endloop
  endfacet
  facet normal 0.450749 -0.782215 -0.430075
    outer loop
      vertex -64.7 -27.851 8.01123
      vertex -60.5 -26.2005 9.41122
      vertex -64.7 -27.9947 8.27259
    endloop
  endfacet
  facet normal 0.450747 0.167313 0.876832
    outer loop
      vertex -60.5 -30.564 2.53548
      vertex -64.7 -30.2977 4.64373
      vertex -64.7 -30.5906 4.69962
    endloop
  endfacet
  facet normal 0.450745 0.478333 0.753675
    outer loop
      vertex -60.5 -32.645 3.35942
      vertex -60.5 -32.1679 3.05662
      vertex -64.7 -31.396 5.07858
    endloop
  endfacet
  facet normal 0.450742 0.569022 0.687783
    outer loop
      vertex -60.5 -32.645 3.35942
      vertex -64.7 -31.396 5.07858
      vertex -64.7 -31.6258 5.2687
    endloop
  endfacet
  facet normal 0.450741 0.829933 0.3287
    outer loop
      vertex -60.5 -34.2798 5.60942
      vertex -60.5 -34.0717 5.08399
      vertex -64.7 -32.149 5.98877
    endloop
  endfacet
  facet normal 0.450742 0.650674 0.61111
    outer loop
      vertex -60.5 -33.4673 4.13159
      vertex -64.7 -31.6258 5.2687
      vertex -64.7 -31.83 5.48612
    endloop
  endfacet
  facet normal 0.450743 0.864663 0.221785
    outer loop
      vertex -60.5 -34.2798 5.60942
      vertex -64.7 -32.2588 6.26608
      vertex -64.7 -32.3329 6.55497
    endloop
  endfacet
  facet normal 0.450748 0.275781 -0.848982
    outer loop
      vertex -60.5 -31.1191 11.3586
      vertex -60.5 -31.6566 11.184
      vertex -64.7 -30.5906 9.30038
    endloop
  endfacet
  facet normal 0.450746 0.16728 -0.876838
    outer loop
      vertex -60.5 -30.564 11.4645
      vertex -60.5 -31.1191 11.3586
      vertex -64.7 -30.5906 9.30038
    endloop
  endfacet
  facet normal 0.450748 0.829961 -0.32862
    outer loop
      vertex -64.7 -32.149 8.01123
      vertex -60.5 -34.2798 8.39058
      vertex -64.7 -32.2588 7.73392
    endloop
  endfacet
  facet normal 0.450756 0.864619 -0.221932
    outer loop
      vertex -60.5 -34.2798 8.39058
      vertex -60.5 -34.4203 7.84321
      vertex -64.7 -32.3329 7.44503
    endloop
  endfacet
  facet normal 0.450743 0.864663 -0.221785
    outer loop
      vertex -64.7 -32.2588 7.73392
      vertex -60.5 -34.2798 8.39058
      vertex -64.7 -32.3329 7.44503
    endloop
  endfacet
  facet normal 0.450749 0.72218 -0.524672
    outer loop
      vertex -64.7 -31.83 8.51388
      vertex -60.5 -33.7995 9.41122
      vertex -64.7 -32.0053 8.27259
    endloop
  endfacet
  facet normal 0.450744 0.722148 -0.524722
    outer loop
      vertex -60.5 -33.4673 9.86841
      vertex -60.5 -33.7995 9.41122
      vertex -64.7 -31.83 8.51388
    endloop
  endfacet
  facet normal 0.450747 0.478334 -0.753673
    outer loop
      vertex -64.7 -31.1442 9.08123
      vertex -60.5 -32.1679 10.9434
      vertex -64.7 -31.396 8.92142
    endloop
  endfacet
  facet normal 0.450755 0.650779 -0.610989
    outer loop
      vertex -60.5 -33.0805 10.2804
      vertex -60.5 -33.4673 9.86841
      vertex -64.7 -31.6258 8.7313
    endloop
  endfacet
  facet normal 0.450751 -0.65075 0.611021
    outer loop
      vertex -60.5 -26.9195 3.71964
      vertex -60.5 -26.5327 4.13159
      vertex -64.7 -28.3742 5.2687
    endloop
  endfacet
  facet normal 0.450749 -0.72218 0.524672
    outer loop
      vertex -60.5 -26.2005 4.58878
      vertex -64.7 -27.9947 5.72741
      vertex -64.7 -28.17 5.48612
    endloop
  endfacet
  facet normal 0.450753 -0.885615 0.111837
    outer loop
      vertex -60.5 -25.5797 6.15679
      vertex -60.5 -25.5089 6.71744
      vertex -64.7 -27.6671 6.55497
    endloop
  endfacet
  facet normal 0.450753 -0.885615 -0.111837
    outer loop
      vertex -60.5 -25.5089 7.28256
      vertex -60.5 -25.5797 7.84321
      vertex -64.7 -27.6671 7.44503
    endloop
  endfacet
  facet normal 0.450746 -0.16728 -0.876838
    outer loop
      vertex -60.5 -28.8809 11.3586
      vertex -60.5 -29.436 11.4645
      vertex -64.7 -29.4094 9.30038
    endloop
  endfacet
  facet normal 0.450747 -0.478334 -0.753673
    outer loop
      vertex -64.7 -28.604 8.92142
      vertex -60.5 -27.8321 10.9434
      vertex -64.7 -28.8558 9.08123
    endloop
  endfacet
  facet normal 0.450747 -0.478333 -0.753674
    outer loop
      vertex -60.5 -27.355 10.6406
      vertex -60.5 -27.8321 10.9434
      vertex -64.7 -28.604 8.92142
    endloop
  endfacet
  facet normal 0.450755 -0.568923 -0.687857
    outer loop
      vertex -60.5 -26.9195 10.2804
      vertex -60.5 -27.355 10.6406
      vertex -64.7 -28.3742 8.7313
    endloop
  endfacet
  facet normal 0.450756 0.864619 0.221932
    outer loop
      vertex -60.5 -34.4203 6.15679
      vertex -60.5 -34.2798 5.60942
      vertex -64.7 -32.3329 6.55497
    endloop
  endfacet
  facet normal 0.450753 0.885615 0.111837
    outer loop
      vertex -60.5 -34.4911 6.71744
      vertex -60.5 -34.4203 6.15679
      vertex -64.7 -32.3329 6.55497
    endloop
  endfacet
  facet normal 0.450744 0.722148 0.524722
    outer loop
      vertex -60.5 -33.7995 4.58878
      vertex -60.5 -33.4673 4.13159
      vertex -64.7 -31.83 5.48612
    endloop
  endfacet
  facet normal 0.450751 0.65075 0.611021
    outer loop
      vertex -60.5 -33.4673 4.13159
      vertex -60.5 -33.0805 3.71964
      vertex -64.7 -31.6258 5.2687
    endloop
  endfacet
  facet normal 0.450741 0.829933 -0.3287
    outer loop
      vertex -60.5 -34.0717 8.91601
      vertex -60.5 -34.2798 8.39058
      vertex -64.7 -32.149 8.01123
    endloop
  endfacet
  facet normal 0.450753 0.885615 -0.111837
    outer loop
      vertex -60.5 -34.4203 7.84321
      vertex -60.5 -34.4911 7.28256
      vertex -64.7 -32.3329 7.44503
    endloop
  endfacet
  facet normal 0.450755 0.568923 -0.687857
    outer loop
      vertex -60.5 -32.645 10.6406
      vertex -60.5 -33.0805 10.2804
      vertex -64.7 -31.6258 8.7313
    endloop
  endfacet
  facet normal 0.45075 -0.568943 0.687843
    outer loop
      vertex -60.5 -27.355 3.35942
      vertex -60.5 -26.9195 3.71964
      vertex -64.7 -28.3742 5.2687
    endloop
  endfacet
  facet normal 0.450756 -0.864619 0.221932
    outer loop
      vertex -60.5 -25.7202 5.60942
      vertex -60.5 -25.5797 6.15679
      vertex -64.7 -27.6671 6.55497
    endloop
  endfacet
  facet normal 0.450749 -0.782215 0.430075
    outer loop
      vertex -60.5 -26.2005 4.58878
      vertex -64.7 -27.851 5.98877
      vertex -64.7 -27.9947 5.72741
    endloop
  endfacet
  facet normal 0.450744 -0.722148 -0.524722
    outer loop
      vertex -60.5 -26.2005 9.41122
      vertex -60.5 -26.5327 9.86841
      vertex -64.7 -28.17 8.51388
    endloop
  endfacet
  facet normal 0.450742 -0.650674 -0.61111
    outer loop
      vertex -64.7 -28.17 8.51388
      vertex -60.5 -26.5327 9.86841
      vertex -64.7 -28.3742 8.7313
    endloop
  endfacet
  facet normal 0.450741 -0.829933 -0.3287
    outer loop
      vertex -60.5 -25.7202 8.39058
      vertex -60.5 -25.9283 8.91601
      vertex -64.7 -27.851 8.01123
    endloop
  endfacet
  facet normal 0.450741 -0.782269 -0.429986
    outer loop
      vertex -60.5 -25.9283 8.91601
      vertex -60.5 -26.2005 9.41122
      vertex -64.7 -27.851 8.01123
    endloop
  endfacet
  facet normal 0.450748 -0.829961 -0.32862
    outer loop
      vertex -64.7 -27.7412 7.73392
      vertex -60.5 -25.7202 8.39058
      vertex -64.7 -27.851 8.01123
    endloop
  endfacet
  facet normal 0.450743 -0.864663 -0.221785
    outer loop
      vertex -64.7 -27.6671 7.44503
      vertex -60.5 -25.7202 8.39058
      vertex -64.7 -27.7412 7.73392
    endloop
  endfacet
  facet normal 0.450749 -0.380073 -0.807694
    outer loop
      vertex -60.5 -27.8321 10.9434
      vertex -60.5 -28.3434 11.184
      vertex -64.7 -28.8558 9.08123
    endloop
  endfacet
  facet normal 0.450747 -0.0560754 -0.890889
    outer loop
      vertex -60.5 -29.436 11.4645
      vertex -60.5 -30 11.5
      vertex -64.7 -30 9.375
    endloop
  endfacet
  facet normal 0.450748 0.829961 0.32862
    outer loop
      vertex -60.5 -34.2798 5.60942
      vertex -64.7 -32.149 5.98877
      vertex -64.7 -32.2588 6.26608
    endloop
  endfacet
  facet normal 0.450749 0.72218 0.524672
    outer loop
      vertex -60.5 -33.7995 4.58878
      vertex -64.7 -31.83 5.48612
      vertex -64.7 -32.0053 5.72741
    endloop
  endfacet
  facet normal 0.450749 0.380073 -0.807694
    outer loop
      vertex -60.5 -31.6566 11.184
      vertex -60.5 -32.1679 10.9434
      vertex -64.7 -31.1442 9.08123
    endloop
  endfacet
  facet normal 0.450741 0.782269 -0.429986
    outer loop
      vertex -60.5 -33.7995 9.41122
      vertex -60.5 -34.0717 8.91601
      vertex -64.7 -32.149 8.01123
    endloop
  endfacet
  facet normal 0.450749 0.782215 -0.430075
    outer loop
      vertex -64.7 -32.0053 8.27259
      vertex -60.5 -33.7995 9.41122
      vertex -64.7 -32.149 8.01123
    endloop
  endfacet
  facet normal 0.450747 0.892652 0
    outer loop
      vertex -60.5 -34.4911 7.28256
      vertex -64.7 -32.3703 6.85087
      vertex -64.7 -32.3703 7.14913
    endloop
  endfacet
  facet normal 0.450747 0.892652 0
    outer loop
      vertex -64.7 -32.3703 6.85087
      vertex -60.5 -34.4911 7.28256
      vertex -60.5 -34.4911 6.71744
    endloop
  endfacet
  facet normal 0.450745 0.569021 -0.687782
    outer loop
      vertex -64.7 -31.396 8.92142
      vertex -60.5 -32.645 10.6406
      vertex -64.7 -31.6258 8.7313
    endloop
  endfacet
  facet normal 0.450747 0.478333 -0.753674
    outer loop
      vertex -60.5 -32.1679 10.9434
      vertex -60.5 -32.645 10.6406
      vertex -64.7 -31.396 8.92142
    endloop
  endfacet
  facet normal 0.450746 -0.380086 0.80769
    outer loop
      vertex -60.5 -28.3434 2.81601
      vertex -60.5 -27.8321 3.05662
      vertex -64.7 -28.8558 4.91877
    endloop
  endfacet
  facet normal 0.450751 -0.380034 0.807711
    outer loop
      vertex -60.5 -28.3434 2.81601
      vertex -64.7 -28.8558 4.91877
      vertex -64.7 -29.1257 4.79178
    endloop
  endfacet
  facet normal 0.450742 -0.650674 0.61111
    outer loop
      vertex -60.5 -26.5327 4.13159
      vertex -64.7 -28.17 5.48612
      vertex -64.7 -28.3742 5.2687
    endloop
  endfacet
  facet normal 0.450744 -0.722148 0.524722
    outer loop
      vertex -60.5 -26.5327 4.13159
      vertex -60.5 -26.2005 4.58878
      vertex -64.7 -28.17 5.48612
    endloop
  endfacet
  facet normal 0.450745 -0.885607 0.111935
    outer loop
      vertex -60.5 -25.5089 6.71744
      vertex -64.7 -27.6297 6.85087
      vertex -64.7 -27.6671 6.55497
    endloop
  endfacet
  facet normal 0.450741 -0.829933 0.3287
    outer loop
      vertex -60.5 -25.9283 5.08399
      vertex -60.5 -25.7202 5.60942
      vertex -64.7 -27.851 5.98877
    endloop
  endfacet
  facet normal 0.450743 -0.864663 0.221785
    outer loop
      vertex -60.5 -25.7202 5.60942
      vertex -64.7 -27.6671 6.55497
      vertex -64.7 -27.7412 6.26608
    endloop
  endfacet
  facet normal 0.450748 -0.829961 0.32862
    outer loop
      vertex -60.5 -25.7202 5.60942
      vertex -64.7 -27.7412 6.26608
      vertex -64.7 -27.851 5.98877
    endloop
  endfacet
  facet normal 0.450749 -0.72218 -0.524672
    outer loop
      vertex -64.7 -27.9947 8.27259
      vertex -60.5 -26.2005 9.41122
      vertex -64.7 -28.17 8.51388
    endloop
  endfacet
  facet normal 0.450755 -0.650779 -0.610989
    outer loop
      vertex -60.5 -26.5327 9.86841
      vertex -60.5 -26.9195 10.2804
      vertex -64.7 -28.3742 8.7313
    endloop
  endfacet
  facet normal 0.450749 -0.275791 -0.848979
    outer loop
      vertex -64.7 -29.1257 9.20822
      vertex -60.5 -28.3434 11.184
      vertex -64.7 -29.4094 9.30038
    endloop
  endfacet
  facet normal 0.450752 -0.380034 -0.807711
    outer loop
      vertex -64.7 -28.8558 9.08123
      vertex -60.5 -28.3434 11.184
      vertex -64.7 -29.1257 9.20822
    endloop
  endfacet
  facet normal 0.450747 0.0560754 -0.890889
    outer loop
      vertex -60.5 -30 11.5
      vertex -60.5 -30.564 11.4645
      vertex -64.7 -30 9.375
    endloop
  endfacet
  facet normal 0.450752 0.380034 -0.807711
    outer loop
      vertex -64.7 -30.8743 9.20822
      vertex -60.5 -31.6566 11.184
      vertex -64.7 -31.1442 9.08123
    endloop
  endfacet
  facet normal 0.450749 0.275791 -0.848979
    outer loop
      vertex -64.7 -30.5906 9.30038
      vertex -60.5 -31.6566 11.184
      vertex -64.7 -30.8743 9.20822
    endloop
  endfacet
  facet normal 0.450745 0.885607 -0.111935
    outer loop
      vertex -64.7 -32.3329 7.44503
      vertex -60.5 -34.4911 7.28256
      vertex -64.7 -32.3703 7.14913
    endloop
  endfacet
  facet normal 0.450742 -0.569022 0.687783
    outer loop
      vertex -60.5 -27.355 3.35942
      vertex -64.7 -28.3742 5.2687
      vertex -64.7 -28.604 5.07858
    endloop
  endfacet
  facet normal 0.450749 -0.16728 0.876837
    outer loop
      vertex -60.5 -29.436 2.53548
      vertex -60.5 -28.8809 2.64138
      vertex -64.7 -29.4094 4.69962
    endloop
  endfacet
  facet normal 0.450747 -0.167313 0.876832
    outer loop
      vertex -60.5 -29.436 2.53548
      vertex -64.7 -29.4094 4.69962
      vertex -64.7 -29.7023 4.64373
    endloop
  endfacet
  facet normal 0.450744 -0.478335 0.753675
    outer loop
      vertex -60.5 -27.8321 3.05662
      vertex -64.7 -28.604 5.07858
      vertex -64.7 -28.8558 4.91877
    endloop
  endfacet
  facet normal 0.450745 -0.478333 0.753675
    outer loop
      vertex -60.5 -27.8321 3.05662
      vertex -60.5 -27.355 3.35942
      vertex -64.7 -28.604 5.07858
    endloop
  endfacet
  facet normal 0.450747 -0.892652 0
    outer loop
      vertex -64.7 -27.6297 6.85087
      vertex -60.5 -25.5089 7.28256
      vertex -64.7 -27.6297 7.14913
    endloop
  endfacet
  facet normal 0.450747 -0.892652 0
    outer loop
      vertex -60.5 -25.5089 7.28256
      vertex -64.7 -27.6297 6.85087
      vertex -60.5 -25.5089 6.71744
    endloop
  endfacet
  facet normal 0.450745 0.056051 -0.890891
    outer loop
      vertex -64.7 -30 9.375
      vertex -60.5 -30.564 11.4645
      vertex -64.7 -30.2977 9.35627
    endloop
  endfacet
  facet normal 0.450747 -0.275791 0.848979
    outer loop
      vertex -60.5 -28.3434 2.81601
      vertex -64.7 -29.1257 4.79178
      vertex -64.7 -29.4094 4.69962
    endloop
  endfacet
  facet normal 0.45075 -0.275824 0.848967
    outer loop
      vertex -60.5 -28.8809 2.64138
      vertex -60.5 -28.3434 2.81601
      vertex -64.7 -29.4094 4.69962
    endloop
  endfacet
  facet normal 0.450745 -0.056051 -0.890891
    outer loop
      vertex -64.7 -29.7023 9.35627
      vertex -60.5 -29.436 11.4645
      vertex -64.7 -30 9.375
    endloop
  endfacet
  facet normal 0.450743 -0.167314 -0.876833
    outer loop
      vertex -64.7 -29.4094 9.30038
      vertex -60.5 -29.436 11.4645
      vertex -64.7 -29.7023 9.35627
    endloop
  endfacet
  facet normal 0 -0.308946 -0.95108
    outer loop
      vertex -60.5 -28.3434 11.184
      vertex -47.7708 -28.8809 11.3586
      vertex -60.5 -28.8809 11.3586
    endloop
  endfacet
  facet normal 0 -0.308946 -0.95108
    outer loop
      vertex -47.7708 -28.8809 11.3586
      vertex -60.5 -28.3434 11.184
      vertex -46.5615 -28.3434 11.184
    endloop
  endfacet
  facet normal 0 -0.535856 0.844309
    outer loop
      vertex -60.5 -27.355 3.35942
      vertex -45.411 -27.8321 3.05662
      vertex -44.3375 -27.355 3.35942
    endloop
  endfacet
  facet normal 0 -0.535856 0.844309
    outer loop
      vertex -45.411 -27.8321 3.05662
      vertex -60.5 -27.355 3.35942
      vertex -60.5 -27.8321 3.05662
    endloop
  endfacet
  facet normal 0 -0.929736 0.368228
    outer loop
      vertex -41.1274 -25.9283 5.08399
      vertex -60.5 -25.7202 5.60942
      vertex -60.5 -25.9283 5.08399
    endloop
  endfacet
  facet normal 0 -0.929736 0.368228
    outer loop
      vertex -60.5 -25.7202 5.60942
      vertex -41.1274 -25.9283 5.08399
      vertex -40.6593 -25.7202 5.60942
    endloop
  endfacet
  facet normal 0 -0.929736 -0.368228
    outer loop
      vertex -60.5 -25.7202 8.39058
      vertex -41.1274 -25.9283 8.91601
      vertex -60.5 -25.9283 8.91601
    endloop
  endfacet
  facet normal 0 -0.929736 -0.368228
    outer loop
      vertex -41.1274 -25.9283 8.91601
      vertex -60.5 -25.7202 8.39058
      vertex -40.6593 -25.7202 8.39058
    endloop
  endfacet
  facet normal 0 -0.42578 -0.904827
    outer loop
      vertex -60.5 -27.8321 10.9434
      vertex -46.5615 -28.3434 11.184
      vertex -60.5 -28.3434 11.184
    endloop
  endfacet
  facet normal 0 -0.42578 -0.904827
    outer loop
      vertex -46.5615 -28.3434 11.184
      vertex -60.5 -27.8321 10.9434
      vertex -45.411 -27.8321 10.9434
    endloop
  endfacet
  facet normal -0 0.187397 0.982284
    outer loop
      vertex -60.5 -30.564 2.53548
      vertex -52.8068 -31.1191 2.64138
      vertex -51.5578 -30.564 2.53548
    endloop
  endfacet
  facet normal 0 0.187397 0.982284
    outer loop
      vertex -52.8068 -31.1191 2.64138
      vertex -60.5 -30.564 2.53548
      vertex -60.5 -31.1191 2.64138
    endloop
  endfacet
  facet normal 0 -0.187397 0.982284
    outer loop
      vertex -60.5 -28.8809 2.64138
      vertex -49.0198 -29.436 2.53548
      vertex -47.7708 -28.8809 2.64138
    endloop
  endfacet
  facet normal 0 -0.187397 0.982284
    outer loop
      vertex -49.0198 -29.436 2.53548
      vertex -60.5 -28.8809 2.64138
      vertex -60.5 -29.436 2.53548
    endloop
  endfacet
  facet normal 0 -0.72901 0.684503
    outer loop
      vertex -43.3578 -26.9195 3.71964
      vertex -60.5 -26.5327 4.13159
      vertex -60.5 -26.9195 3.71964
    endloop
  endfacet
  facet normal 0 -0.72901 0.684503
    outer loop
      vertex -60.5 -26.5327 4.13159
      vertex -43.3578 -26.9195 3.71964
      vertex -42.4873 -26.5327 4.13159
    endloop
  endfacet
  facet normal 0 -0.992121 0.125287
    outer loop
      vertex -40.3431 -25.5797 6.15679
      vertex -60.5 -25.5089 6.71744
      vertex -60.5 -25.5797 6.15679
    endloop
  endfacet
  facet normal 0 -0.992121 0.125287
    outer loop
      vertex -60.5 -25.5089 6.71744
      vertex -40.3431 -25.5797 6.15679
      vertex -40.1838 -25.5089 6.71744
    endloop
  endfacet
  facet normal 0 -0.80899 0.587822
    outer loop
      vertex -42.4873 -26.5327 4.13159
      vertex -60.5 -26.2005 4.58878
      vertex -60.5 -26.5327 4.13159
    endloop
  endfacet
  facet normal 0 -0.80899 0.587822
    outer loop
      vertex -60.5 -26.2005 4.58878
      vertex -42.4873 -26.5327 4.13159
      vertex -41.74 -26.2005 4.58878
    endloop
  endfacet
  facet normal 0 -0.187397 -0.982284
    outer loop
      vertex -60.5 -28.8809 11.3586
      vertex -49.0198 -29.436 11.4645
      vertex -60.5 -29.436 11.4645
    endloop
  endfacet
  facet normal 0 -0.187397 -0.982284
    outer loop
      vertex -49.0198 -29.436 11.4645
      vertex -60.5 -28.8809 11.3586
      vertex -47.7708 -28.8809 11.3586
    endloop
  endfacet
  facet normal 0 -0.637343 -0.77058
    outer loop
      vertex -60.5 -26.9195 10.2804
      vertex -44.3375 -27.355 10.6406
      vertex -60.5 -27.355 10.6406
    endloop
  endfacet
  facet normal 0 -0.637343 -0.77058
    outer loop
      vertex -44.3375 -27.355 10.6406
      vertex -60.5 -26.9195 10.2804
      vertex -43.3578 -26.9195 10.2804
    endloop
  endfacet
  facet normal 0 -0.87634 -0.481694
    outer loop
      vertex -60.5 -25.9283 8.91601
      vertex -41.74 -26.2005 9.41122
      vertex -60.5 -26.2005 9.41122
    endloop
  endfacet
  facet normal 0 -0.87634 -0.481694
    outer loop
      vertex -41.74 -26.2005 9.41122
      vertex -60.5 -25.9283 8.91601
      vertex -41.1274 -25.9283 8.91601
    endloop
  endfacet
  facet normal 0 -0.968601 -0.248622
    outer loop
      vertex -60.5 -25.5797 7.84321
      vertex -40.6593 -25.7202 8.39058
      vertex -60.5 -25.7202 8.39058
    endloop
  endfacet
  facet normal 0 -0.968601 -0.248622
    outer loop
      vertex -40.6593 -25.7202 8.39058
      vertex -60.5 -25.5797 7.84321
      vertex -40.3431 -25.5797 7.84321
    endloop
  endfacet
  facet normal 0 -0.0627837 0.998027
    outer loop
      vertex -60.5 -29.436 2.53548
      vertex -50.2888 -30 2.5
      vertex -49.0198 -29.436 2.53548
    endloop
  endfacet
  facet normal 0 -0.0627837 0.998027
    outer loop
      vertex -50.2888 -30 2.5
      vertex -60.5 -29.436 2.53548
      vertex -60.5 -30 2.5
    endloop
  endfacet
  facet normal -0 0.308994 0.951064
    outer loop
      vertex -60.5 -31.1191 2.64138
      vertex -54.0161 -31.6566 2.81601
      vertex -52.8068 -31.1191 2.64138
    endloop
  endfacet
  facet normal 0 0.308994 0.951064
    outer loop
      vertex -54.0161 -31.6566 2.81601
      vertex -60.5 -31.1191 2.64138
      vertex -60.5 -31.6566 2.81601
    endloop
  endfacet
  facet normal 0 0.729043 -0.684468
    outer loop
      vertex -58.0902 -33.4673 9.86841
      vertex -60.5 -33.0805 10.2804
      vertex -57.2198 -33.0805 10.2804
    endloop
  endfacet
  facet normal 0 0.729043 -0.684468
    outer loop
      vertex -60.5 -33.0805 10.2804
      vertex -58.0902 -33.4673 9.86841
      vertex -60.5 -33.4673 9.86841
    endloop
  endfacet
  facet normal 0 0.42578 -0.904827
    outer loop
      vertex -60.5 -31.6566 11.184
      vertex -55.1665 -32.1679 10.9434
      vertex -60.5 -32.1679 10.9434
    endloop
  endfacet
  facet normal 0 0.42578 -0.904827
    outer loop
      vertex -55.1665 -32.1679 10.9434
      vertex -60.5 -31.6566 11.184
      vertex -54.0161 -31.6566 11.184
    endloop
  endfacet
  facet normal -0 0.992121 0.125287
    outer loop
      vertex -60.5 -34.4203 6.15679
      vertex -60.3938 -34.4911 6.71744
      vertex -60.2344 -34.4203 6.15679
    endloop
  endfacet
  facet normal 0 0.992121 0.125287
    outer loop
      vertex -60.3938 -34.4911 6.71744
      vertex -60.5 -34.4203 6.15679
      vertex -60.5 -34.4911 6.71744
    endloop
  endfacet
  facet normal -0 0.80899 0.587822
    outer loop
      vertex -60.5 -33.4673 4.13159
      vertex -58.8376 -33.7995 4.58878
      vertex -58.0902 -33.4673 4.13159
    endloop
  endfacet
  facet normal 0 0.80899 0.587822
    outer loop
      vertex -58.8376 -33.7995 4.58878
      vertex -60.5 -33.4673 4.13159
      vertex -60.5 -33.7995 4.58878
    endloop
  endfacet
  facet normal 0 -0.637364 0.770563
    outer loop
      vertex -60.5 -26.9195 3.71964
      vertex -44.3375 -27.355 3.35942
      vertex -43.3578 -26.9195 3.71964
    endloop
  endfacet
  facet normal 0 -0.637364 0.770563
    outer loop
      vertex -44.3375 -27.355 3.35942
      vertex -60.5 -26.9195 3.71964
      vertex -60.5 -27.355 3.35942
    endloop
  endfacet
  facet normal 0 -1 0
    outer loop
      vertex -60.5 -25.5089 6.71744
      vertex -40.1838 -25.5089 7.28256
      vertex -60.5 -25.5089 7.28256
    endloop
  endfacet
  facet normal 0 -1 -0
    outer loop
      vertex -40.1838 -25.5089 7.28256
      vertex -60.5 -25.5089 6.71744
      vertex -40.1838 -25.5089 6.71744
    endloop
  endfacet
  facet normal 0 -0.968601 0.248622
    outer loop
      vertex -40.6593 -25.7202 5.60942
      vertex -60.5 -25.5797 6.15679
      vertex -60.5 -25.7202 5.60942
    endloop
  endfacet
  facet normal 0 -0.968601 0.248622
    outer loop
      vertex -60.5 -25.5797 6.15679
      vertex -40.6593 -25.7202 5.60942
      vertex -40.3431 -25.5797 6.15679
    endloop
  endfacet
  facet normal 0 -0.87634 0.481694
    outer loop
      vertex -41.74 -26.2005 4.58878
      vertex -60.5 -25.9283 5.08399
      vertex -60.5 -26.2005 4.58878
    endloop
  endfacet
  facet normal 0 -0.87634 0.481694
    outer loop
      vertex -60.5 -25.9283 5.08399
      vertex -41.74 -26.2005 4.58878
      vertex -41.1274 -25.9283 5.08399
    endloop
  endfacet
  facet normal 0 -0.0628189 -0.998025
    outer loop
      vertex -60.5 -29.436 11.4645
      vertex -50.2888 -30 11.5
      vertex -60.5 -30 11.5
    endloop
  endfacet
  facet normal 0 -0.0628189 -0.998025
    outer loop
      vertex -50.2888 -30 11.5
      vertex -60.5 -29.436 11.4645
      vertex -49.0198 -29.436 11.4645
    endloop
  endfacet
  facet normal 0 -0.535856 -0.844309
    outer loop
      vertex -60.5 -27.355 10.6406
      vertex -45.411 -27.8321 10.9434
      vertex -60.5 -27.8321 10.9434
    endloop
  endfacet
  facet normal 0 -0.535856 -0.844309
    outer loop
      vertex -45.411 -27.8321 10.9434
      vertex -60.5 -27.355 10.6406
      vertex -44.3375 -27.355 10.6406
    endloop
  endfacet
  facet normal 0 -0.992121 -0.125287
    outer loop
      vertex -60.5 -25.5089 7.28256
      vertex -40.3431 -25.5797 7.84321
      vertex -60.5 -25.5797 7.84321
    endloop
  endfacet
  facet normal 0 -0.992121 -0.125287
    outer loop
      vertex -40.3431 -25.5797 7.84321
      vertex -60.5 -25.5089 7.28256
      vertex -40.1838 -25.5089 7.28256
    endloop
  endfacet
  facet normal 0 -0.80899 -0.587822
    outer loop
      vertex -60.5 -26.2005 9.41122
      vertex -42.4873 -26.5327 9.86841
      vertex -60.5 -26.5327 9.86841
    endloop
  endfacet
  facet normal 0 -0.80899 -0.587822
    outer loop
      vertex -42.4873 -26.5327 9.86841
      vertex -60.5 -26.2005 9.41122
      vertex -41.74 -26.2005 9.41122
    endloop
  endfacet
  facet normal 0 -0.729043 -0.684468
    outer loop
      vertex -60.5 -26.5327 9.86841
      vertex -43.3578 -26.9195 10.2804
      vertex -60.5 -26.9195 10.2804
    endloop
  endfacet
  facet normal 0 -0.729043 -0.684468
    outer loop
      vertex -43.3578 -26.9195 10.2804
      vertex -60.5 -26.5327 9.86841
      vertex -42.4873 -26.5327 9.86841
    endloop
  endfacet
  facet normal -0 0.0627837 0.998027
    outer loop
      vertex -60.5 -30 2.5
      vertex -51.5578 -30.564 2.53548
      vertex -50.2888 -30 2.5
    endloop
  endfacet
  facet normal 0 0.0627837 0.998027
    outer loop
      vertex -51.5578 -30.564 2.53548
      vertex -60.5 -30 2.5
      vertex -60.5 -30.564 2.53548
    endloop
  endfacet
  facet normal -0 0.535856 0.844309
    outer loop
      vertex -60.5 -32.1679 3.05662
      vertex -56.2401 -32.645 3.35942
      vertex -55.1665 -32.1679 3.05662
    endloop
  endfacet
  facet normal 0 0.535856 0.844309
    outer loop
      vertex -56.2401 -32.645 3.35942
      vertex -60.5 -32.1679 3.05662
      vertex -60.5 -32.645 3.35942
    endloop
  endfacet
  facet normal 0 0.535856 -0.844309
    outer loop
      vertex -60.5 -32.1679 10.9434
      vertex -56.2401 -32.645 10.6406
      vertex -60.5 -32.645 10.6406
    endloop
  endfacet
  facet normal 0 0.535856 -0.844309
    outer loop
      vertex -56.2401 -32.645 10.6406
      vertex -60.5 -32.1679 10.9434
      vertex -55.1665 -32.1679 10.9434
    endloop
  endfacet
  facet normal -0 0.968601 0.248622
    outer loop
      vertex -60.5 -34.2798 5.60942
      vertex -60.2344 -34.4203 6.15679
      vertex -59.9182 -34.2798 5.60942
    endloop
  endfacet
  facet normal 0 0.968601 0.248622
    outer loop
      vertex -60.2344 -34.4203 6.15679
      vertex -60.5 -34.2798 5.60942
      vertex -60.5 -34.4203 6.15679
    endloop
  endfacet
  facet normal 0 -0.425794 0.90482
    outer loop
      vertex -60.5 -27.8321 3.05662
      vertex -46.5615 -28.3434 2.81601
      vertex -45.411 -27.8321 3.05662
    endloop
  endfacet
  facet normal 0 -0.425794 0.90482
    outer loop
      vertex -46.5615 -28.3434 2.81601
      vertex -60.5 -27.8321 3.05662
      vertex -60.5 -28.3434 2.81601
    endloop
  endfacet
  facet normal 0 -0.308994 0.951064
    outer loop
      vertex -60.5 -28.3434 2.81601
      vertex -47.7708 -28.8809 2.64138
      vertex -46.5615 -28.3434 2.81601
    endloop
  endfacet
  facet normal 0 -0.308994 0.951064
    outer loop
      vertex -47.7708 -28.8809 2.64138
      vertex -60.5 -28.3434 2.81601
      vertex -60.5 -28.8809 2.64138
    endloop
  endfacet
  facet normal -0 0.425794 0.90482
    outer loop
      vertex -60.5 -31.6566 2.81601
      vertex -55.1665 -32.1679 3.05662
      vertex -54.0161 -31.6566 2.81601
    endloop
  endfacet
  facet normal 0 0.425794 0.90482
    outer loop
      vertex -55.1665 -32.1679 3.05662
      vertex -60.5 -31.6566 2.81601
      vertex -60.5 -32.1679 3.05662
    endloop
  endfacet
  facet normal 0 0.929736 -0.368228
    outer loop
      vertex -59.9182 -34.2798 8.39058
      vertex -60.5 -34.0717 8.91601
      vertex -59.4502 -34.0717 8.91601
    endloop
  endfacet
  facet normal 0 0.929736 -0.368228
    outer loop
      vertex -60.5 -34.0717 8.91601
      vertex -59.9182 -34.2798 8.39058
      vertex -60.5 -34.2798 8.39058
    endloop
  endfacet
  facet normal 0 0.968601 -0.248622
    outer loop
      vertex -60.2344 -34.4203 7.84321
      vertex -60.5 -34.2798 8.39058
      vertex -59.9182 -34.2798 8.39058
    endloop
  endfacet
  facet normal 0 0.968601 -0.248622
    outer loop
      vertex -60.5 -34.2798 8.39058
      vertex -60.2344 -34.4203 7.84321
      vertex -60.5 -34.4203 7.84321
    endloop
  endfacet
  facet normal 0 0.992121 -0.125287
    outer loop
      vertex -60.3938 -34.4911 7.28256
      vertex -60.5 -34.4203 7.84321
      vertex -60.2344 -34.4203 7.84321
    endloop
  endfacet
  facet normal 0 0.992121 -0.125287
    outer loop
      vertex -60.5 -34.4203 7.84321
      vertex -60.3938 -34.4911 7.28256
      vertex -60.5 -34.4911 7.28256
    endloop
  endfacet
  facet normal 0 0.0628189 -0.998025
    outer loop
      vertex -60.5 -30 11.5
      vertex -51.5578 -30.564 11.4645
      vertex -60.5 -30.564 11.4645
    endloop
  endfacet
  facet normal 0 0.0628189 -0.998025
    outer loop
      vertex -51.5578 -30.564 11.4645
      vertex -60.5 -30 11.5
      vertex -50.2888 -30 11.5
    endloop
  endfacet
  facet normal 0 0.308946 -0.95108
    outer loop
      vertex -60.5 -31.1191 11.3586
      vertex -54.0161 -31.6566 11.184
      vertex -60.5 -31.6566 11.184
    endloop
  endfacet
  facet normal 0 0.308946 -0.95108
    outer loop
      vertex -54.0161 -31.6566 11.184
      vertex -60.5 -31.1191 11.3586
      vertex -52.8068 -31.1191 11.3586
    endloop
  endfacet
  facet normal 0 0.637343 -0.77058
    outer loop
      vertex -60.5 -32.645 10.6406
      vertex -57.2198 -33.0805 10.2804
      vertex -60.5 -33.0805 10.2804
    endloop
  endfacet
  facet normal 0 0.637343 -0.77058
    outer loop
      vertex -57.2198 -33.0805 10.2804
      vertex -60.5 -32.645 10.6406
      vertex -56.2401 -32.645 10.6406
    endloop
  endfacet
  facet normal -0 0.87634 0.481694
    outer loop
      vertex -60.5 -33.7995 4.58878
      vertex -59.4502 -34.0717 5.08399
      vertex -58.8376 -33.7995 4.58878
    endloop
  endfacet
  facet normal 0 0.87634 0.481694
    outer loop
      vertex -59.4502 -34.0717 5.08399
      vertex -60.5 -33.7995 4.58878
      vertex -60.5 -34.0717 5.08399
    endloop
  endfacet
  facet normal -0 0.637364 0.770563
    outer loop
      vertex -60.5 -32.645 3.35942
      vertex -57.2198 -33.0805 3.71964
      vertex -56.2401 -32.645 3.35942
    endloop
  endfacet
  facet normal 0 0.637364 0.770563
    outer loop
      vertex -57.2198 -33.0805 3.71964
      vertex -60.5 -32.645 3.35942
      vertex -60.5 -33.0805 3.71964
    endloop
  endfacet
  facet normal 0 1 -0
    outer loop
      vertex -60.3938 -34.4911 6.71744
      vertex -60.5 -34.4911 7.28256
      vertex -60.3938 -34.4911 7.28256
    endloop
  endfacet
  facet normal 0 1 0
    outer loop
      vertex -60.5 -34.4911 7.28256
      vertex -60.3938 -34.4911 6.71744
      vertex -60.5 -34.4911 6.71744
    endloop
  endfacet
  facet normal 0 0.87634 -0.481694
    outer loop
      vertex -59.4502 -34.0717 8.91601
      vertex -60.5 -33.7995 9.41122
      vertex -58.8376 -33.7995 9.41122
    endloop
  endfacet
  facet normal 0 0.87634 -0.481694
    outer loop
      vertex -60.5 -33.7995 9.41122
      vertex -59.4502 -34.0717 8.91601
      vertex -60.5 -34.0717 8.91601
    endloop
  endfacet
  facet normal 0 0.187397 -0.982284
    outer loop
      vertex -60.5 -30.564 11.4645
      vertex -52.8068 -31.1191 11.3586
      vertex -60.5 -31.1191 11.3586
    endloop
  endfacet
  facet normal 0 0.187397 -0.982284
    outer loop
      vertex -52.8068 -31.1191 11.3586
      vertex -60.5 -30.564 11.4645
      vertex -51.5578 -30.564 11.4645
    endloop
  endfacet
  facet normal -0 0.929736 0.368228
    outer loop
      vertex -60.5 -34.0717 5.08399
      vertex -59.9182 -34.2798 5.60942
      vertex -59.4502 -34.0717 5.08399
    endloop
  endfacet
  facet normal 0 0.929736 0.368228
    outer loop
      vertex -59.9182 -34.2798 5.60942
      vertex -60.5 -34.0717 5.08399
      vertex -60.5 -34.2798 5.60942
    endloop
  endfacet
  facet normal -0 0.72901 0.684503
    outer loop
      vertex -60.5 -33.0805 3.71964
      vertex -58.0902 -33.4673 4.13159
      vertex -57.2198 -33.0805 3.71964
    endloop
  endfacet
  facet normal 0 0.72901 0.684503
    outer loop
      vertex -58.0902 -33.4673 4.13159
      vertex -60.5 -33.0805 3.71964
      vertex -60.5 -33.4673 4.13159
    endloop
  endfacet
  facet normal 0 0.80899 -0.587822
    outer loop
      vertex -58.8376 -33.7995 9.41122
      vertex -60.5 -33.4673 9.86841
      vertex -58.0902 -33.4673 9.86841
    endloop
  endfacet
  facet normal 0 0.80899 -0.587822
    outer loop
      vertex -60.5 -33.4673 9.86841
      vertex -58.8376 -33.7995 9.41122
      vertex -60.5 -33.7995 9.41122
    endloop
  endfacet
  facet normal 0 -0.535858 0.844308
    outer loop
      vertex -74.5 -28.604 5.07858
      vertex -64.7 -28.8558 4.91877
      vertex -64.7 -28.604 5.07858
    endloop
  endfacet
  facet normal 0 -0.535858 0.844308
    outer loop
      vertex -64.7 -28.8558 4.91877
      vertex -74.5 -28.604 5.07858
      vertex -74.5 -28.8558 4.91877
    endloop
  endfacet
  facet normal 0 -0.929771 0.36814
    outer loop
      vertex -74.5 -27.851 5.98877
      vertex -64.7 -27.7412 6.26608
      vertex -74.5 -27.7412 6.26608
    endloop
  endfacet
  facet normal 0 -0.929771 0.36814
    outer loop
      vertex -64.7 -27.7412 6.26608
      vertex -74.5 -27.851 5.98877
      vertex -64.7 -27.851 5.98877
    endloop
  endfacet
  facet normal 0 -0.929771 -0.36814
    outer loop
      vertex -74.5 -27.7412 7.73392
      vertex -64.7 -27.851 8.01123
      vertex -74.5 -27.851 8.01123
    endloop
  endfacet
  facet normal 0 -0.929771 -0.36814
    outer loop
      vertex -64.7 -27.851 8.01123
      vertex -74.5 -27.7412 7.73392
      vertex -64.7 -27.7412 7.73392
    endloop
  endfacet
  facet normal 0 -0.425737 -0.904847
    outer loop
      vertex -74.5 -29.1257 9.20822
      vertex -64.7 -28.8558 9.08123
      vertex -64.7 -29.1257 9.20822
    endloop
  endfacet
  facet normal -0 -0.425737 -0.904847
    outer loop
      vertex -64.7 -28.8558 9.08123
      vertex -74.5 -29.1257 9.20822
      vertex -74.5 -28.8558 9.08123
    endloop
  endfacet
  facet normal -0 0.187434 0.982277
    outer loop
      vertex -74.5 -30.2977 4.64373
      vertex -64.7 -30.5906 4.69962
      vertex -64.7 -30.2977 4.64373
    endloop
  endfacet
  facet normal 0 0.187434 0.982277
    outer loop
      vertex -64.7 -30.5906 4.69962
      vertex -74.5 -30.2977 4.64373
      vertex -74.5 -30.5906 4.69962
    endloop
  endfacet
  facet normal 0 -0.187434 0.982277
    outer loop
      vertex -74.5 -29.4094 4.69962
      vertex -64.7 -29.7023 4.64373
      vertex -64.7 -29.4094 4.69962
    endloop
  endfacet
  facet normal 0 -0.187434 0.982277
    outer loop
      vertex -64.7 -29.7023 4.64373
      vertex -74.5 -29.4094 4.69962
      vertex -74.5 -29.7023 4.64373
    endloop
  endfacet
  facet normal 0 -0.72892 0.684599
    outer loop
      vertex -74.5 -28.3742 5.2687
      vertex -64.7 -28.17 5.48612
      vertex -74.5 -28.17 5.48612
    endloop
  endfacet
  facet normal 0 -0.72892 0.684599
    outer loop
      vertex -64.7 -28.17 5.48612
      vertex -74.5 -28.3742 5.2687
      vertex -64.7 -28.3742 5.2687
    endloop
  endfacet
  facet normal 0 -0.876284 0.481795
    outer loop
      vertex -74.5 -27.9947 5.72741
      vertex -64.7 -27.851 5.98877
      vertex -74.5 -27.851 5.98877
    endloop
  endfacet
  facet normal 0 -0.876284 0.481795
    outer loop
      vertex -64.7 -27.851 5.98877
      vertex -74.5 -27.9947 5.72741
      vertex -64.7 -27.9947 5.72741
    endloop
  endfacet
  facet normal 0 -0.63745 -0.770492
    outer loop
      vertex -74.5 -28.604 8.92142
      vertex -64.7 -28.3742 8.7313
      vertex -64.7 -28.604 8.92142
    endloop
  endfacet
  facet normal -0 -0.63745 -0.770492
    outer loop
      vertex -64.7 -28.3742 8.7313
      vertex -74.5 -28.604 8.92142
      vertex -74.5 -28.3742 8.7313
    endloop
  endfacet
  facet normal 0 -0.992107 -0.125396
    outer loop
      vertex -74.5 -27.6297 7.14913
      vertex -64.7 -27.6671 7.44503
      vertex -74.5 -27.6671 7.44503
    endloop
  endfacet
  facet normal 0 -0.992107 -0.125396
    outer loop
      vertex -64.7 -27.6671 7.44503
      vertex -74.5 -27.6297 7.14913
      vertex -64.7 -27.6297 7.14913
    endloop
  endfacet
  facet normal 0 -0.72892 -0.684599
    outer loop
      vertex -74.5 -28.17 8.51388
      vertex -64.7 -28.3742 8.7313
      vertex -74.5 -28.3742 8.7313
    endloop
  endfacet
  facet normal 0 -0.72892 -0.684599
    outer loop
      vertex -64.7 -28.3742 8.7313
      vertex -74.5 -28.17 8.51388
      vertex -64.7 -28.17 8.51388
    endloop
  endfacet
  facet normal 0 -0.0627915 0.998027
    outer loop
      vertex -74.5 -29.7023 4.64373
      vertex -64.7 -30 4.625
      vertex -64.7 -29.7023 4.64373
    endloop
  endfacet
  facet normal 0 -0.0627915 0.998027
    outer loop
      vertex -64.7 -30 4.625
      vertex -74.5 -29.7023 4.64373
      vertex -74.5 -30 4.625
    endloop
  endfacet
  facet normal 0 0.72892 -0.684599
    outer loop
      vertex -64.7 -31.83 8.51388
      vertex -74.5 -31.6258 8.7313
      vertex -64.7 -31.6258 8.7313
    endloop
  endfacet
  facet normal 0 0.72892 -0.684599
    outer loop
      vertex -74.5 -31.6258 8.7313
      vertex -64.7 -31.83 8.51388
      vertex -74.5 -31.83 8.51388
    endloop
  endfacet
  facet normal 0 0.876284 0.481795
    outer loop
      vertex -64.7 -32.0053 5.72741
      vertex -74.4906 -32.149 5.98877
      vertex -64.7 -32.149 5.98877
    endloop
  endfacet
  facet normal 0 0.876284 0.481795
    outer loop
      vertex -74.4906 -32.149 5.98877
      vertex -64.7 -32.0053 5.72741
      vertex -74.4997 -32.0053 5.72741
    endloop
  endfacet
  facet normal 0 -0.63745 0.770492
    outer loop
      vertex -74.5 -28.3742 5.2687
      vertex -64.7 -28.604 5.07858
      vertex -64.7 -28.3742 5.2687
    endloop
  endfacet
  facet normal 0 -0.63745 0.770492
    outer loop
      vertex -64.7 -28.604 5.07858
      vertex -74.5 -28.3742 5.2687
      vertex -74.5 -28.604 5.07858
    endloop
  endfacet
  facet normal 0 -1 0
    outer loop
      vertex -74.5 -27.6297 6.85087
      vertex -64.7 -27.6297 7.14913
      vertex -74.5 -27.6297 7.14913
    endloop
  endfacet
  facet normal 0 -1 -0
    outer loop
      vertex -64.7 -27.6297 7.14913
      vertex -74.5 -27.6297 6.85087
      vertex -64.7 -27.6297 6.85087
    endloop
  endfacet
  facet normal 0 -0.968643 0.248456
    outer loop
      vertex -74.5 -27.7412 6.26608
      vertex -64.7 -27.6671 6.55497
      vertex -74.5 -27.6671 6.55497
    endloop
  endfacet
  facet normal 0 -0.968643 0.248456
    outer loop
      vertex -64.7 -27.6671 6.55497
      vertex -74.5 -27.7412 6.26608
      vertex -64.7 -27.7412 6.26608
    endloop
  endfacet
  facet normal 0 -0.809029 0.587769
    outer loop
      vertex -74.5 -28.17 5.48612
      vertex -64.7 -27.9947 5.72741
      vertex -74.5 -27.9947 5.72741
    endloop
  endfacet
  facet normal 0 -0.809029 0.587769
    outer loop
      vertex -64.7 -27.9947 5.72741
      vertex -74.5 -28.17 5.48612
      vertex -64.7 -28.17 5.48612
    endloop
  endfacet
  facet normal 0 -0.0627915 -0.998027
    outer loop
      vertex -74.5 -30 9.375
      vertex -64.7 -29.7023 9.35627
      vertex -64.7 -30 9.375
    endloop
  endfacet
  facet normal -0 -0.0627915 -0.998027
    outer loop
      vertex -64.7 -29.7023 9.35627
      vertex -74.5 -30 9.375
      vertex -74.5 -29.7023 9.35627
    endloop
  endfacet
  facet normal 0 -0.308957 -0.951076
    outer loop
      vertex -74.5 -29.4094 9.30038
      vertex -64.7 -29.1257 9.20822
      vertex -64.7 -29.4094 9.30038
    endloop
  endfacet
  facet normal -0 -0.308957 -0.951076
    outer loop
      vertex -64.7 -29.1257 9.20822
      vertex -74.5 -29.4094 9.30038
      vertex -74.5 -29.1257 9.20822
    endloop
  endfacet
  facet normal 0 -0.535858 -0.844308
    outer loop
      vertex -74.5 -28.8558 9.08123
      vertex -64.7 -28.604 8.92142
      vertex -64.7 -28.8558 9.08123
    endloop
  endfacet
  facet normal -0 -0.535858 -0.844308
    outer loop
      vertex -64.7 -28.604 8.92142
      vertex -74.5 -28.8558 9.08123
      vertex -74.5 -28.604 8.92142
    endloop
  endfacet
  facet normal 0 -0.968643 -0.248456
    outer loop
      vertex -74.5 -27.6671 7.44503
      vertex -64.7 -27.7412 7.73392
      vertex -74.5 -27.7412 7.73392
    endloop
  endfacet
  facet normal 0 -0.968643 -0.248456
    outer loop
      vertex -64.7 -27.7412 7.73392
      vertex -74.5 -27.6671 7.44503
      vertex -64.7 -27.6671 7.44503
    endloop
  endfacet
  facet normal 0 -0.809029 -0.587769
    outer loop
      vertex -74.5 -27.9947 8.27259
      vertex -64.7 -28.17 8.51388
      vertex -74.5 -28.17 8.51388
    endloop
  endfacet
  facet normal 0 -0.809029 -0.587769
    outer loop
      vertex -64.7 -28.17 8.51388
      vertex -74.5 -27.9947 8.27259
      vertex -64.7 -27.9947 8.27259
    endloop
  endfacet
  facet normal 0 -0.876284 -0.481795
    outer loop
      vertex -74.5 -27.851 8.01123
      vertex -64.7 -27.9947 8.27259
      vertex -74.5 -27.9947 8.27259
    endloop
  endfacet
  facet normal 0 -0.876284 -0.481795
    outer loop
      vertex -64.7 -27.9947 8.27259
      vertex -74.5 -27.851 8.01123
      vertex -64.7 -27.851 8.01123
    endloop
  endfacet
  facet normal -0 0.0627915 0.998027
    outer loop
      vertex -74.5 -30 4.625
      vertex -64.7 -30.2977 4.64373
      vertex -64.7 -30 4.625
    endloop
  endfacet
  facet normal 0 0.0627915 0.998027
    outer loop
      vertex -64.7 -30.2977 4.64373
      vertex -74.5 -30 4.625
      vertex -74.5 -30.2977 4.64373
    endloop
  endfacet
  facet normal -0 0.63745 0.770492
    outer loop
      vertex -74.5 -31.396 5.07858
      vertex -64.7 -31.6258 5.2687
      vertex -64.7 -31.396 5.07858
    endloop
  endfacet
  facet normal 0 0.63745 0.770492
    outer loop
      vertex -64.7 -31.6258 5.2687
      vertex -74.5 -31.396 5.07858
      vertex -74.5 -31.6258 5.2687
    endloop
  endfacet
  facet normal 0 0.63745 -0.770492
    outer loop
      vertex -74.5 -31.6258 8.7313
      vertex -64.7 -31.396 8.92142
      vertex -64.7 -31.6258 8.7313
    endloop
  endfacet
  facet normal 0 0.63745 -0.770492
    outer loop
      vertex -64.7 -31.396 8.92142
      vertex -74.5 -31.6258 8.7313
      vertex -74.5 -31.396 8.92142
    endloop
  endfacet
  facet normal 0 0.992107 0.125396
    outer loop
      vertex -64.7 -32.3329 6.55497
      vertex -74.4767 -32.3703 6.85087
      vertex -64.7 -32.3703 6.85087
    endloop
  endfacet
  facet normal 0 0.992107 0.125396
    outer loop
      vertex -74.4767 -32.3703 6.85087
      vertex -64.7 -32.3329 6.55497
      vertex -74.4791 -32.3329 6.55497
    endloop
  endfacet
  facet normal 0 -0.425737 0.904847
    outer loop
      vertex -74.5 -28.8558 4.91877
      vertex -64.7 -29.1257 4.79178
      vertex -64.7 -28.8558 4.91877
    endloop
  endfacet
  facet normal 0 -0.425737 0.904847
    outer loop
      vertex -64.7 -29.1257 4.79178
      vertex -74.5 -28.8558 4.91877
      vertex -74.5 -29.1257 4.79178
    endloop
  endfacet
  facet normal 0 -0.308957 0.951076
    outer loop
      vertex -74.5 -29.1257 4.79178
      vertex -64.7 -29.4094 4.69962
      vertex -64.7 -29.1257 4.79178
    endloop
  endfacet
  facet normal 0 -0.308957 0.951076
    outer loop
      vertex -64.7 -29.4094 4.69962
      vertex -74.5 -29.1257 4.79178
      vertex -74.5 -29.4094 4.69962
    endloop
  endfacet
  facet normal 0 -0.992107 0.125396
    outer loop
      vertex -74.5 -27.6671 6.55497
      vertex -64.7 -27.6297 6.85087
      vertex -74.5 -27.6297 6.85087
    endloop
  endfacet
  facet normal 0 -0.992107 0.125396
    outer loop
      vertex -64.7 -27.6297 6.85087
      vertex -74.5 -27.6671 6.55497
      vertex -64.7 -27.6671 6.55497
    endloop
  endfacet
  facet normal 0 -0.187434 -0.982277
    outer loop
      vertex -74.5 -29.7023 9.35627
      vertex -64.7 -29.4094 9.30038
      vertex -64.7 -29.7023 9.35627
    endloop
  endfacet
  facet normal -0 -0.187434 -0.982277
    outer loop
      vertex -64.7 -29.4094 9.30038
      vertex -74.5 -29.7023 9.35627
      vertex -74.5 -29.4094 9.30038
    endloop
  endfacet
  facet normal -0 0.425737 0.904847
    outer loop
      vertex -74.5 -30.8743 4.79178
      vertex -64.7 -31.1442 4.91877
      vertex -64.7 -30.8743 4.79178
    endloop
  endfacet
  facet normal 0 0.425737 0.904847
    outer loop
      vertex -64.7 -31.1442 4.91877
      vertex -74.5 -30.8743 4.79178
      vertex -74.5 -31.1442 4.91877
    endloop
  endfacet
  facet normal -0 0.308957 0.951076
    outer loop
      vertex -74.5 -30.5906 4.69962
      vertex -64.7 -30.8743 4.79178
      vertex -64.7 -30.5906 4.69962
    endloop
  endfacet
  facet normal 0 0.308957 0.951076
    outer loop
      vertex -64.7 -30.8743 4.79178
      vertex -74.5 -30.5906 4.69962
      vertex -74.5 -30.8743 4.79178
    endloop
  endfacet
  facet normal -0 0.535858 0.844308
    outer loop
      vertex -74.5 -31.1442 4.91877
      vertex -64.7 -31.396 5.07858
      vertex -64.7 -31.1442 4.91877
    endloop
  endfacet
  facet normal 0 0.535858 0.844308
    outer loop
      vertex -64.7 -31.396 5.07858
      vertex -74.5 -31.1442 4.91877
      vertex -74.5 -31.396 5.07858
    endloop
  endfacet
  facet normal 0 0.809029 -0.587769
    outer loop
      vertex -74.4997 -32.0053 8.27259
      vertex -74.5 -31.83 8.51388
      vertex -64.7 -31.83 8.51388
    endloop
  endfacet
  facet normal 0 0.809029 -0.587769
    outer loop
      vertex -74.4997 -32.0053 8.27259
      vertex -64.7 -31.83 8.51388
      vertex -64.7 -32.0053 8.27259
    endloop
  endfacet
  facet normal 0.0707967 0.807041 -0.586236
    outer loop
      vertex -74.5 -31.83 8.51388
      vertex -74.4997 -32.0053 8.27259
      vertex -74.5 -32 8.27985
    endloop
  endfacet
  facet normal 0 0.0627915 -0.998027
    outer loop
      vertex -74.5 -30.2977 9.35627
      vertex -64.7 -30 9.375
      vertex -64.7 -30.2977 9.35627
    endloop
  endfacet
  facet normal 0 0.0627915 -0.998027
    outer loop
      vertex -64.7 -30 9.375
      vertex -74.5 -30.2977 9.35627
      vertex -74.5 -30 9.375
    endloop
  endfacet
  facet normal 0 0.308957 -0.951076
    outer loop
      vertex -74.5 -30.8743 9.20822
      vertex -64.7 -30.5906 9.30038
      vertex -64.7 -30.8743 9.20822
    endloop
  endfacet
  facet normal 0 0.308957 -0.951076
    outer loop
      vertex -64.7 -30.5906 9.30038
      vertex -74.5 -30.8743 9.20822
      vertex -74.5 -30.5906 9.30038
    endloop
  endfacet
  facet normal 0 0.929771 0.36814
    outer loop
      vertex -64.7 -32.149 5.98877
      vertex -74.4837 -32.2588 6.26608
      vertex -64.7 -32.2588 6.26608
    endloop
  endfacet
  facet normal 0 0.929771 0.36814
    outer loop
      vertex -74.4837 -32.2588 6.26608
      vertex -64.7 -32.149 5.98877
      vertex -74.4906 -32.149 5.98877
    endloop
  endfacet
  facet normal 0 0.968643 0.248456
    outer loop
      vertex -64.7 -32.2588 6.26608
      vertex -74.4791 -32.3329 6.55497
      vertex -64.7 -32.3329 6.55497
    endloop
  endfacet
  facet normal 0 0.968643 0.248456
    outer loop
      vertex -74.4791 -32.3329 6.55497
      vertex -64.7 -32.2588 6.26608
      vertex -74.4837 -32.2588 6.26608
    endloop
  endfacet
  facet normal 0 0.72892 0.684599
    outer loop
      vertex -64.7 -31.6258 5.2687
      vertex -74.5 -31.83 5.48612
      vertex -64.7 -31.83 5.48612
    endloop
  endfacet
  facet normal 0 0.72892 0.684599
    outer loop
      vertex -74.5 -31.83 5.48612
      vertex -64.7 -31.6258 5.2687
      vertex -74.5 -31.6258 5.2687
    endloop
  endfacet
  facet normal 0 1 -0
    outer loop
      vertex -64.7 -32.3703 6.85087
      vertex -74.4767 -32.3703 7.14913
      vertex -64.7 -32.3703 7.14913
    endloop
  endfacet
  facet normal 0 1 0
    outer loop
      vertex -74.4767 -32.3703 7.14913
      vertex -64.7 -32.3703 6.85087
      vertex -74.4767 -32.3703 6.85087
    endloop
  endfacet
  facet normal 0 0.992107 -0.125396
    outer loop
      vertex -64.7 -32.3703 7.14913
      vertex -74.4791 -32.3329 7.44503
      vertex -64.7 -32.3329 7.44503
    endloop
  endfacet
  facet normal 0 0.992107 -0.125396
    outer loop
      vertex -74.4791 -32.3329 7.44503
      vertex -64.7 -32.3703 7.14913
      vertex -74.4767 -32.3703 7.14913
    endloop
  endfacet
  facet normal 0 0.929771 -0.36814
    outer loop
      vertex -74.4837 -32.2588 7.73392
      vertex -64.7 -32.149 8.01123
      vertex -64.7 -32.2588 7.73392
    endloop
  endfacet
  facet normal 0 0.929771 -0.36814
    outer loop
      vertex -64.7 -32.149 8.01123
      vertex -74.4837 -32.2588 7.73392
      vertex -74.4906 -32.149 8.01123
    endloop
  endfacet
  facet normal 0 0.968643 -0.248456
    outer loop
      vertex -74.4791 -32.3329 7.44503
      vertex -64.7 -32.2588 7.73392
      vertex -64.7 -32.3329 7.44503
    endloop
  endfacet
  facet normal 0 0.968643 -0.248456
    outer loop
      vertex -64.7 -32.2588 7.73392
      vertex -74.4791 -32.3329 7.44503
      vertex -74.4837 -32.2588 7.73392
    endloop
  endfacet
  facet normal 0 0.187434 -0.982277
    outer loop
      vertex -74.5 -30.5906 9.30038
      vertex -64.7 -30.2977 9.35627
      vertex -64.7 -30.5906 9.30038
    endloop
  endfacet
  facet normal 0 0.187434 -0.982277
    outer loop
      vertex -64.7 -30.2977 9.35627
      vertex -74.5 -30.5906 9.30038
      vertex -74.5 -30.2977 9.35627
    endloop
  endfacet
  facet normal 0 0.535858 -0.844308
    outer loop
      vertex -74.5 -31.396 8.92142
      vertex -64.7 -31.1442 9.08123
      vertex -64.7 -31.396 8.92142
    endloop
  endfacet
  facet normal 0 0.535858 -0.844308
    outer loop
      vertex -64.7 -31.1442 9.08123
      vertex -74.5 -31.396 8.92142
      vertex -74.5 -31.1442 9.08123
    endloop
  endfacet
  facet normal 0 0.425737 -0.904847
    outer loop
      vertex -74.5 -31.1442 9.08123
      vertex -64.7 -30.8743 9.20822
      vertex -64.7 -31.1442 9.08123
    endloop
  endfacet
  facet normal 0 0.425737 -0.904847
    outer loop
      vertex -64.7 -30.8743 9.20822
      vertex -74.5 -31.1442 9.08123
      vertex -74.5 -30.8743 9.20822
    endloop
  endfacet
  facet normal 0 0.809029 0.587769
    outer loop
      vertex -64.7 -31.83 5.48612
      vertex -74.4997 -32.0053 5.72741
      vertex -64.7 -32.0053 5.72741
    endloop
  endfacet
  facet normal -0 0.809029 0.587769
    outer loop
      vertex -74.5 -31.83 5.48612
      vertex -74.4997 -32.0053 5.72741
      vertex -64.7 -31.83 5.48612
    endloop
  endfacet
  facet normal 0.0707967 0.807041 0.586236
    outer loop
      vertex -74.4997 -32.0053 5.72741
      vertex -74.5 -31.83 5.48612
      vertex -74.5 -32 5.72015
    endloop
  endfacet
  facet normal 0 0.876284 -0.481795
    outer loop
      vertex -74.4906 -32.149 8.01123
      vertex -64.7 -32.0053 8.27259
      vertex -64.7 -32.149 8.01123
    endloop
  endfacet
  facet normal 0 0.876284 -0.481795
    outer loop
      vertex -64.7 -32.0053 8.27259
      vertex -74.4906 -32.149 8.01123
      vertex -74.4997 -32.0053 8.27259
    endloop
  endfacet
  facet normal 0.45075 0.568943 0.687843
    outer loop
      vertex -60.5 11.9195 3.71964
      vertex -60.5 12.355 3.35942
      vertex -64.7 13.3742 5.2687
    endloop
  endfacet
  facet normal 0.450748 -0.0560439 0.89089
    outer loop
      vertex -60.5 15 2.5
      vertex -60.5 15.564 2.53548
      vertex -64.7 15 4.625
    endloop
  endfacet
  facet normal 0.450749 -0.0560509 0.890889
    outer loop
      vertex -60.5 15.564 2.53548
      vertex -64.7 15.2977 4.64373
      vertex -64.7 15 4.625
    endloop
  endfacet
  facet normal 0.450749 0.0560509 0.890889
    outer loop
      vertex -60.5 14.436 2.53548
      vertex -64.7 15 4.625
      vertex -64.7 14.7023 4.64373
    endloop
  endfacet
  facet normal 0.450743 0.167314 -0.876833
    outer loop
      vertex -64.7 14.7023 9.35627
      vertex -60.5 14.436 11.4645
      vertex -64.7 14.4094 9.30038
    endloop
  endfacet
  facet normal 0.450756 -0.864619 -0.221932
    outer loop
      vertex -60.5 19.4203 7.84321
      vertex -60.5 19.2798 8.39058
      vertex -64.7 17.3329 7.44503
    endloop
  endfacet
  facet normal 0.450745 0.885607 0.111935
    outer loop
      vertex -60.5 10.5089 6.71744
      vertex -64.7 12.6671 6.55497
      vertex -64.7 12.6297 6.85087
    endloop
  endfacet
  facet normal 0.450749 0.16728 0.876837
    outer loop
      vertex -60.5 13.8809 2.64138
      vertex -60.5 14.436 2.53548
      vertex -64.7 14.4094 4.69962
    endloop
  endfacet
  facet normal 0.450746 0.380086 0.80769
    outer loop
      vertex -60.5 12.8321 3.05662
      vertex -60.5 13.3434 2.81601
      vertex -64.7 13.8558 4.91877
    endloop
  endfacet
  facet normal 0.450742 0.650674 -0.61111
    outer loop
      vertex -64.7 13.3742 8.7313
      vertex -60.5 11.5327 9.86841
      vertex -64.7 13.17 8.51388
    endloop
  endfacet
  facet normal 0.450745 -0.885607 -0.111935
    outer loop
      vertex -64.7 17.3703 7.14913
      vertex -60.5 19.4911 7.28256
      vertex -64.7 17.3329 7.44503
    endloop
  endfacet
  facet normal 0.450745 -0.569021 -0.687782
    outer loop
      vertex -64.7 16.6258 8.7313
      vertex -60.5 17.645 10.6406
      vertex -64.7 16.396 8.92142
    endloop
  endfacet
  facet normal 0.45075 0.275824 0.848967
    outer loop
      vertex -60.5 13.3434 2.81601
      vertex -60.5 13.8809 2.64138
      vertex -64.7 14.4094 4.69962
    endloop
  endfacet
  facet normal 0.450748 0.0560439 0.89089
    outer loop
      vertex -60.5 14.436 2.53548
      vertex -60.5 15 2.5
      vertex -64.7 15 4.625
    endloop
  endfacet
  facet normal 0.450747 0.275791 0.848979
    outer loop
      vertex -60.5 13.3434 2.81601
      vertex -64.7 14.4094 4.69962
      vertex -64.7 14.1257 4.79178
    endloop
  endfacet
  facet normal 0.450744 0.478335 0.753675
    outer loop
      vertex -60.5 12.8321 3.05662
      vertex -64.7 13.8558 4.91877
      vertex -64.7 13.604 5.07858
    endloop
  endfacet
  facet normal 0.450751 0.380034 0.807711
    outer loop
      vertex -60.5 13.3434 2.81601
      vertex -64.7 14.1257 4.79178
      vertex -64.7 13.8558 4.91877
    endloop
  endfacet
  facet normal 0.450749 0.782215 0.430075
    outer loop
      vertex -60.5 11.2005 4.58878
      vertex -64.7 12.9947 5.72741
      vertex -64.7 12.851 5.98877
    endloop
  endfacet
  facet normal 0.450741 0.782269 0.429986
    outer loop
      vertex -60.5 10.9283 5.08399
      vertex -60.5 11.2005 4.58878
      vertex -64.7 12.851 5.98877
    endloop
  endfacet
  facet normal 0.450741 -0.782269 0.429986
    outer loop
      vertex -60.5 18.7995 4.58878
      vertex -60.5 19.0717 5.08399
      vertex -64.7 17.149 5.98877
    endloop
  endfacet
  facet normal 0.450748 -0.275781 -0.848982
    outer loop
      vertex -60.5 16.6566 11.184
      vertex -60.5 16.1191 11.3586
      vertex -64.7 15.5906 9.30038
    endloop
  endfacet
  facet normal 0.450749 -0.782215 -0.430075
    outer loop
      vertex -64.7 17.149 8.01123
      vertex -60.5 18.7995 9.41122
      vertex -64.7 17.0053 8.27259
    endloop
  endfacet
  facet normal 0.450747 0.167313 0.876832
    outer loop
      vertex -60.5 14.436 2.53548
      vertex -64.7 14.7023 4.64373
      vertex -64.7 14.4094 4.69962
    endloop
  endfacet
  facet normal 0.450745 0.478333 0.753675
    outer loop
      vertex -60.5 12.355 3.35942
      vertex -60.5 12.8321 3.05662
      vertex -64.7 13.604 5.07858
    endloop
  endfacet
  facet normal 0.450742 0.569022 0.687783
    outer loop
      vertex -60.5 12.355 3.35942
      vertex -64.7 13.604 5.07858
      vertex -64.7 13.3742 5.2687
    endloop
  endfacet
  facet normal 0.450741 0.829933 0.3287
    outer loop
      vertex -60.5 10.7202 5.60942
      vertex -60.5 10.9283 5.08399
      vertex -64.7 12.851 5.98877
    endloop
  endfacet
  facet normal 0.450742 0.650674 0.61111
    outer loop
      vertex -60.5 11.5327 4.13159
      vertex -64.7 13.3742 5.2687
      vertex -64.7 13.17 5.48612
    endloop
  endfacet
  facet normal 0.450743 0.864663 0.221785
    outer loop
      vertex -60.5 10.7202 5.60942
      vertex -64.7 12.7412 6.26608
      vertex -64.7 12.6671 6.55497
    endloop
  endfacet
  facet normal 0.450748 0.275781 -0.848982
    outer loop
      vertex -60.5 13.8809 11.3586
      vertex -60.5 13.3434 11.184
      vertex -64.7 14.4094 9.30038
    endloop
  endfacet
  facet normal 0.450746 0.16728 -0.876838
    outer loop
      vertex -60.5 14.436 11.4645
      vertex -60.5 13.8809 11.3586
      vertex -64.7 14.4094 9.30038
    endloop
  endfacet
  facet normal 0.450748 0.829961 -0.32862
    outer loop
      vertex -64.7 12.851 8.01123
      vertex -60.5 10.7202 8.39058
      vertex -64.7 12.7412 7.73392
    endloop
  endfacet
  facet normal 0.450756 0.864619 -0.221932
    outer loop
      vertex -60.5 10.7202 8.39058
      vertex -60.5 10.5797 7.84321
      vertex -64.7 12.6671 7.44503
    endloop
  endfacet
  facet normal 0.450743 0.864663 -0.221785
    outer loop
      vertex -64.7 12.7412 7.73392
      vertex -60.5 10.7202 8.39058
      vertex -64.7 12.6671 7.44503
    endloop
  endfacet
  facet normal 0.450749 0.72218 -0.524672
    outer loop
      vertex -64.7 13.17 8.51388
      vertex -60.5 11.2005 9.41122
      vertex -64.7 12.9947 8.27259
    endloop
  endfacet
  facet normal 0.450744 0.722148 -0.524722
    outer loop
      vertex -60.5 11.5327 9.86841
      vertex -60.5 11.2005 9.41122
      vertex -64.7 13.17 8.51388
    endloop
  endfacet
  facet normal 0.450747 0.478334 -0.753673
    outer loop
      vertex -64.7 13.8558 9.08123
      vertex -60.5 12.8321 10.9434
      vertex -64.7 13.604 8.92142
    endloop
  endfacet
  facet normal 0.450755 0.650779 -0.610989
    outer loop
      vertex -60.5 11.9195 10.2804
      vertex -60.5 11.5327 9.86841
      vertex -64.7 13.3742 8.7313
    endloop
  endfacet
  facet normal 0.450751 -0.65075 0.611021
    outer loop
      vertex -60.5 18.0805 3.71964
      vertex -60.5 18.4673 4.13159
      vertex -64.7 16.6258 5.2687
    endloop
  endfacet
  facet normal 0.450749 -0.72218 0.524672
    outer loop
      vertex -60.5 18.7995 4.58878
      vertex -64.7 17.0053 5.72741
      vertex -64.7 16.83 5.48612
    endloop
  endfacet
  facet normal 0.450753 -0.885615 0.111837
    outer loop
      vertex -60.5 19.4203 6.15679
      vertex -60.5 19.4911 6.71744
      vertex -64.7 17.3329 6.55497
    endloop
  endfacet
  facet normal 0.450753 -0.885615 -0.111837
    outer loop
      vertex -60.5 19.4911 7.28256
      vertex -60.5 19.4203 7.84321
      vertex -64.7 17.3329 7.44503
    endloop
  endfacet
  facet normal 0.450746 -0.16728 -0.876838
    outer loop
      vertex -60.5 16.1191 11.3586
      vertex -60.5 15.564 11.4645
      vertex -64.7 15.5906 9.30038
    endloop
  endfacet
  facet normal 0.450747 -0.478334 -0.753673
    outer loop
      vertex -64.7 16.396 8.92142
      vertex -60.5 17.1679 10.9434
      vertex -64.7 16.1442 9.08123
    endloop
  endfacet
  facet normal 0.450747 -0.478333 -0.753674
    outer loop
      vertex -60.5 17.645 10.6406
      vertex -60.5 17.1679 10.9434
      vertex -64.7 16.396 8.92142
    endloop
  endfacet
  facet normal 0.450755 -0.568923 -0.687857
    outer loop
      vertex -60.5 18.0805 10.2804
      vertex -60.5 17.645 10.6406
      vertex -64.7 16.6258 8.7313
    endloop
  endfacet
  facet normal 0.450756 0.864619 0.221932
    outer loop
      vertex -60.5 10.5797 6.15679
      vertex -60.5 10.7202 5.60942
      vertex -64.7 12.6671 6.55497
    endloop
  endfacet
  facet normal 0.450753 0.885615 0.111837
    outer loop
      vertex -60.5 10.5089 6.71744
      vertex -60.5 10.5797 6.15679
      vertex -64.7 12.6671 6.55497
    endloop
  endfacet
  facet normal 0.450744 0.722148 0.524722
    outer loop
      vertex -60.5 11.2005 4.58878
      vertex -60.5 11.5327 4.13159
      vertex -64.7 13.17 5.48612
    endloop
  endfacet
  facet normal 0.450751 0.65075 0.611021
    outer loop
      vertex -60.5 11.5327 4.13159
      vertex -60.5 11.9195 3.71964
      vertex -64.7 13.3742 5.2687
    endloop
  endfacet
  facet normal 0.450741 0.829933 -0.3287
    outer loop
      vertex -60.5 10.9283 8.91601
      vertex -60.5 10.7202 8.39058
      vertex -64.7 12.851 8.01123
    endloop
  endfacet
  facet normal 0.450753 0.885615 -0.111837
    outer loop
      vertex -60.5 10.5797 7.84321
      vertex -60.5 10.5089 7.28256
      vertex -64.7 12.6671 7.44503
    endloop
  endfacet
  facet normal 0.450755 0.568923 -0.687857
    outer loop
      vertex -60.5 12.355 10.6406
      vertex -60.5 11.9195 10.2804
      vertex -64.7 13.3742 8.7313
    endloop
  endfacet
  facet normal 0.45075 -0.568943 0.687843
    outer loop
      vertex -60.5 17.645 3.35942
      vertex -60.5 18.0805 3.71964
      vertex -64.7 16.6258 5.2687
    endloop
  endfacet
  facet normal 0.450756 -0.864619 0.221932
    outer loop
      vertex -60.5 19.2798 5.60942
      vertex -60.5 19.4203 6.15679
      vertex -64.7 17.3329 6.55497
    endloop
  endfacet
  facet normal 0.450749 -0.782215 0.430075
    outer loop
      vertex -60.5 18.7995 4.58878
      vertex -64.7 17.149 5.98877
      vertex -64.7 17.0053 5.72741
    endloop
  endfacet
  facet normal 0.450744 -0.722148 -0.524722
    outer loop
      vertex -60.5 18.7995 9.41122
      vertex -60.5 18.4673 9.86841
      vertex -64.7 16.83 8.51388
    endloop
  endfacet
  facet normal 0.450742 -0.650674 -0.61111
    outer loop
      vertex -64.7 16.83 8.51388
      vertex -60.5 18.4673 9.86841
      vertex -64.7 16.6258 8.7313
    endloop
  endfacet
  facet normal 0.450741 -0.829933 -0.3287
    outer loop
      vertex -60.5 19.2798 8.39058
      vertex -60.5 19.0717 8.91601
      vertex -64.7 17.149 8.01123
    endloop
  endfacet
  facet normal 0.450741 -0.782269 -0.429986
    outer loop
      vertex -60.5 19.0717 8.91601
      vertex -60.5 18.7995 9.41122
      vertex -64.7 17.149 8.01123
    endloop
  endfacet
  facet normal 0.450748 -0.829961 -0.32862
    outer loop
      vertex -64.7 17.2588 7.73392
      vertex -60.5 19.2798 8.39058
      vertex -64.7 17.149 8.01123
    endloop
  endfacet
  facet normal 0.450743 -0.864663 -0.221785
    outer loop
      vertex -64.7 17.3329 7.44503
      vertex -60.5 19.2798 8.39058
      vertex -64.7 17.2588 7.73392
    endloop
  endfacet
  facet normal 0.450749 -0.380073 -0.807694
    outer loop
      vertex -60.5 17.1679 10.9434
      vertex -60.5 16.6566 11.184
      vertex -64.7 16.1442 9.08123
    endloop
  endfacet
  facet normal 0.450747 -0.0560754 -0.890889
    outer loop
      vertex -60.5 15.564 11.4645
      vertex -60.5 15 11.5
      vertex -64.7 15 9.375
    endloop
  endfacet
  facet normal 0.450748 0.829961 0.32862
    outer loop
      vertex -60.5 10.7202 5.60942
      vertex -64.7 12.851 5.98877
      vertex -64.7 12.7412 6.26608
    endloop
  endfacet
  facet normal 0.450749 0.72218 0.524672
    outer loop
      vertex -60.5 11.2005 4.58878
      vertex -64.7 13.17 5.48612
      vertex -64.7 12.9947 5.72741
    endloop
  endfacet
  facet normal 0.450749 0.380073 -0.807694
    outer loop
      vertex -60.5 13.3434 11.184
      vertex -60.5 12.8321 10.9434
      vertex -64.7 13.8558 9.08123
    endloop
  endfacet
  facet normal 0.450741 0.782269 -0.429986
    outer loop
      vertex -60.5 11.2005 9.41122
      vertex -60.5 10.9283 8.91601
      vertex -64.7 12.851 8.01123
    endloop
  endfacet
  facet normal 0.450749 0.782215 -0.430075
    outer loop
      vertex -64.7 12.9947 8.27259
      vertex -60.5 11.2005 9.41122
      vertex -64.7 12.851 8.01123
    endloop
  endfacet
  facet normal 0.450747 0.892652 0
    outer loop
      vertex -60.5 10.5089 7.28256
      vertex -64.7 12.6297 6.85087
      vertex -64.7 12.6297 7.14913
    endloop
  endfacet
  facet normal 0.450747 0.892652 0
    outer loop
      vertex -64.7 12.6297 6.85087
      vertex -60.5 10.5089 7.28256
      vertex -60.5 10.5089 6.71744
    endloop
  endfacet
  facet normal 0.450745 0.569021 -0.687782
    outer loop
      vertex -64.7 13.604 8.92142
      vertex -60.5 12.355 10.6406
      vertex -64.7 13.3742 8.7313
    endloop
  endfacet
  facet normal 0.450747 0.478333 -0.753674
    outer loop
      vertex -60.5 12.8321 10.9434
      vertex -60.5 12.355 10.6406
      vertex -64.7 13.604 8.92142
    endloop
  endfacet
  facet normal 0.450746 -0.380086 0.80769
    outer loop
      vertex -60.5 16.6566 2.81601
      vertex -60.5 17.1679 3.05662
      vertex -64.7 16.1442 4.91877
    endloop
  endfacet
  facet normal 0.450751 -0.380034 0.807711
    outer loop
      vertex -60.5 16.6566 2.81601
      vertex -64.7 16.1442 4.91877
      vertex -64.7 15.8743 4.79178
    endloop
  endfacet
  facet normal 0.450742 -0.650674 0.61111
    outer loop
      vertex -60.5 18.4673 4.13159
      vertex -64.7 16.83 5.48612
      vertex -64.7 16.6258 5.2687
    endloop
  endfacet
  facet normal 0.450744 -0.722148 0.524722
    outer loop
      vertex -60.5 18.4673 4.13159
      vertex -60.5 18.7995 4.58878
      vertex -64.7 16.83 5.48612
    endloop
  endfacet
  facet normal 0.450745 -0.885607 0.111935
    outer loop
      vertex -60.5 19.4911 6.71744
      vertex -64.7 17.3703 6.85087
      vertex -64.7 17.3329 6.55497
    endloop
  endfacet
  facet normal 0.450741 -0.829933 0.3287
    outer loop
      vertex -60.5 19.0717 5.08399
      vertex -60.5 19.2798 5.60942
      vertex -64.7 17.149 5.98877
    endloop
  endfacet
  facet normal 0.450743 -0.864663 0.221785
    outer loop
      vertex -60.5 19.2798 5.60942
      vertex -64.7 17.3329 6.55497
      vertex -64.7 17.2588 6.26608
    endloop
  endfacet
  facet normal 0.450748 -0.829961 0.32862
    outer loop
      vertex -60.5 19.2798 5.60942
      vertex -64.7 17.2588 6.26608
      vertex -64.7 17.149 5.98877
    endloop
  endfacet
  facet normal 0.450749 -0.72218 -0.524672
    outer loop
      vertex -64.7 17.0053 8.27259
      vertex -60.5 18.7995 9.41122
      vertex -64.7 16.83 8.51388
    endloop
  endfacet
  facet normal 0.450755 -0.650779 -0.610989
    outer loop
      vertex -60.5 18.4673 9.86841
      vertex -60.5 18.0805 10.2804
      vertex -64.7 16.6258 8.7313
    endloop
  endfacet
  facet normal 0.450749 -0.275791 -0.848979
    outer loop
      vertex -64.7 15.8743 9.20822
      vertex -60.5 16.6566 11.184
      vertex -64.7 15.5906 9.30038
    endloop
  endfacet
  facet normal 0.450752 -0.380034 -0.807711
    outer loop
      vertex -64.7 16.1442 9.08123
      vertex -60.5 16.6566 11.184
      vertex -64.7 15.8743 9.20822
    endloop
  endfacet
  facet normal 0.450747 0.0560754 -0.890889
    outer loop
      vertex -60.5 15 11.5
      vertex -60.5 14.436 11.4645
      vertex -64.7 15 9.375
    endloop
  endfacet
  facet normal 0.450752 0.380034 -0.807711
    outer loop
      vertex -64.7 14.1257 9.20822
      vertex -60.5 13.3434 11.184
      vertex -64.7 13.8558 9.08123
    endloop
  endfacet
  facet normal 0.450749 0.275791 -0.848979
    outer loop
      vertex -64.7 14.4094 9.30038
      vertex -60.5 13.3434 11.184
      vertex -64.7 14.1257 9.20822
    endloop
  endfacet
  facet normal 0.450745 0.885607 -0.111935
    outer loop
      vertex -64.7 12.6671 7.44503
      vertex -60.5 10.5089 7.28256
      vertex -64.7 12.6297 7.14913
    endloop
  endfacet
  facet normal 0.450742 -0.569022 0.687783
    outer loop
      vertex -60.5 17.645 3.35942
      vertex -64.7 16.6258 5.2687
      vertex -64.7 16.396 5.07858
    endloop
  endfacet
  facet normal 0.450749 -0.16728 0.876837
    outer loop
      vertex -60.5 15.564 2.53548
      vertex -60.5 16.1191 2.64138
      vertex -64.7 15.5906 4.69962
    endloop
  endfacet
  facet normal 0.450747 -0.167313 0.876832
    outer loop
      vertex -60.5 15.564 2.53548
      vertex -64.7 15.5906 4.69962
      vertex -64.7 15.2977 4.64373
    endloop
  endfacet
  facet normal 0.450744 -0.478335 0.753675
    outer loop
      vertex -60.5 17.1679 3.05662
      vertex -64.7 16.396 5.07858
      vertex -64.7 16.1442 4.91877
    endloop
  endfacet
  facet normal 0.450745 -0.478333 0.753675
    outer loop
      vertex -60.5 17.1679 3.05662
      vertex -60.5 17.645 3.35942
      vertex -64.7 16.396 5.07858
    endloop
  endfacet
  facet normal 0.450747 -0.892652 0
    outer loop
      vertex -64.7 17.3703 6.85087
      vertex -60.5 19.4911 7.28256
      vertex -64.7 17.3703 7.14913
    endloop
  endfacet
  facet normal 0.450747 -0.892652 0
    outer loop
      vertex -60.5 19.4911 7.28256
      vertex -64.7 17.3703 6.85087
      vertex -60.5 19.4911 6.71744
    endloop
  endfacet
  facet normal 0.450745 0.056051 -0.890891
    outer loop
      vertex -64.7 15 9.375
      vertex -60.5 14.436 11.4645
      vertex -64.7 14.7023 9.35627
    endloop
  endfacet
  facet normal 0.450747 -0.275791 0.848979
    outer loop
      vertex -60.5 16.6566 2.81601
      vertex -64.7 15.8743 4.79178
      vertex -64.7 15.5906 4.69962
    endloop
  endfacet
  facet normal 0.45075 -0.275824 0.848967
    outer loop
      vertex -60.5 16.1191 2.64138
      vertex -60.5 16.6566 2.81601
      vertex -64.7 15.5906 4.69962
    endloop
  endfacet
  facet normal 0.450745 -0.056051 -0.890891
    outer loop
      vertex -64.7 15.2977 9.35627
      vertex -60.5 15.564 11.4645
      vertex -64.7 15 9.375
    endloop
  endfacet
  facet normal 0.450743 -0.167314 -0.876833
    outer loop
      vertex -64.7 15.5906 9.30038
      vertex -60.5 15.564 11.4645
      vertex -64.7 15.2977 9.35627
    endloop
  endfacet
  facet normal 0 -0.308946 -0.95108
    outer loop
      vertex 53.4792 16.1191 11.3586
      vertex 20.2661 16.6566 11.184
      vertex 54.6885 16.6566 11.184
    endloop
  endfacet
  facet normal 0 -0.308946 -0.95108
    outer loop
      vertex 20.2661 16.6566 11.184
      vertex 53.4792 16.1191 11.3586
      vertex 19.0568 16.1191 11.3586
    endloop
  endfacet
  facet normal 0 -0.535856 0.844309
    outer loop
      vertex 22.4901 17.645 3.35942
      vertex 55.839 17.1679 3.05662
      vertex 56.9125 17.645 3.35942
    endloop
  endfacet
  facet normal 0 -0.535856 0.844309
    outer loop
      vertex 55.839 17.1679 3.05662
      vertex 22.4901 17.645 3.35942
      vertex 21.4165 17.1679 3.05662
    endloop
  endfacet
  facet normal 0 -0.929736 0.368228
    outer loop
      vertex 60.1226 19.0717 5.08399
      vertex 26.1682 19.2798 5.60942
      vertex 25.7002 19.0717 5.08399
    endloop
  endfacet
  facet normal 0 -0.929736 0.368228
    outer loop
      vertex 26.1682 19.2798 5.60942
      vertex 60.1226 19.0717 5.08399
      vertex 60.5907 19.2798 5.60942
    endloop
  endfacet
  facet normal 0 -0.929736 -0.368228
    outer loop
      vertex 26.1682 19.2798 8.39058
      vertex 60.1226 19.0717 8.91601
      vertex 25.7002 19.0717 8.91601
    endloop
  endfacet
  facet normal 0 -0.929736 -0.368228
    outer loop
      vertex 60.1226 19.0717 8.91601
      vertex 26.1682 19.2798 8.39058
      vertex 60.5907 19.2798 8.39058
    endloop
  endfacet
  facet normal 0 -0.42578 -0.904827
    outer loop
      vertex 54.6885 16.6566 11.184
      vertex 21.4165 17.1679 10.9434
      vertex 55.839 17.1679 10.9434
    endloop
  endfacet
  facet normal 0 -0.42578 -0.904827
    outer loop
      vertex 21.4165 17.1679 10.9434
      vertex 54.6885 16.6566 11.184
      vertex 20.2661 16.6566 11.184
    endloop
  endfacet
  facet normal -0 0.187397 0.982284
    outer loop
      vertex 15.2698 14.436 2.53548
      vertex 48.4432 13.8809 2.64138
      vertex 49.6922 14.436 2.53548
    endloop
  endfacet
  facet normal 0 0.187397 0.982284
    outer loop
      vertex 48.4432 13.8809 2.64138
      vertex 15.2698 14.436 2.53548
      vertex 14.0208 13.8809 2.64138
    endloop
  endfacet
  facet normal 0 -0.187397 0.982284
    outer loop
      vertex 19.0568 16.1191 2.64138
      vertex 52.2302 15.564 2.53548
      vertex 53.4792 16.1191 2.64138
    endloop
  endfacet
  facet normal 0 -0.187397 0.982284
    outer loop
      vertex 52.2302 15.564 2.53548
      vertex 19.0568 16.1191 2.64138
      vertex 17.8078 15.564 2.53548
    endloop
  endfacet
  facet normal 0 -0.72901 0.684503
    outer loop
      vertex 57.8922 18.0805 3.71964
      vertex 24.3402 18.4673 4.13159
      vertex 23.4698 18.0805 3.71964
    endloop
  endfacet
  facet normal 0 -0.72901 0.684503
    outer loop
      vertex 24.3402 18.4673 4.13159
      vertex 57.8922 18.0805 3.71964
      vertex 58.7627 18.4673 4.13159
    endloop
  endfacet
  facet normal 0 -0.992121 0.125287
    outer loop
      vertex 60.9069 19.4203 6.15679
      vertex 26.6438 19.4911 6.71744
      vertex 26.4844 19.4203 6.15679
    endloop
  endfacet
  facet normal 0 -0.992121 0.125287
    outer loop
      vertex 26.6438 19.4911 6.71744
      vertex 60.9069 19.4203 6.15679
      vertex 61.0662 19.4911 6.71744
    endloop
  endfacet
  facet normal 0 -0.80899 0.587822
    outer loop
      vertex 58.7627 18.4673 4.13159
      vertex 25.0876 18.7995 4.58878
      vertex 24.3402 18.4673 4.13159
    endloop
  endfacet
  facet normal 0 -0.80899 0.587822
    outer loop
      vertex 25.0876 18.7995 4.58878
      vertex 58.7627 18.4673 4.13159
      vertex 59.51 18.7995 4.58878
    endloop
  endfacet
  facet normal 0 -0.187397 -0.982284
    outer loop
      vertex 52.2302 15.564 11.4645
      vertex 19.0568 16.1191 11.3586
      vertex 53.4792 16.1191 11.3586
    endloop
  endfacet
  facet normal 0 -0.187397 -0.982284
    outer loop
      vertex 19.0568 16.1191 11.3586
      vertex 52.2302 15.564 11.4645
      vertex 17.8078 15.564 11.4645
    endloop
  endfacet
  facet normal 0 -0.637343 -0.77058
    outer loop
      vertex 56.9125 17.645 10.6406
      vertex 23.4698 18.0805 10.2804
      vertex 57.8922 18.0805 10.2804
    endloop
  endfacet
  facet normal 0 -0.637343 -0.77058
    outer loop
      vertex 23.4698 18.0805 10.2804
      vertex 56.9125 17.645 10.6406
      vertex 22.4901 17.645 10.6406
    endloop
  endfacet
  facet normal 0 -0.87634 -0.481694
    outer loop
      vertex 25.7002 19.0717 8.91601
      vertex 59.51 18.7995 9.41122
      vertex 25.0876 18.7995 9.41122
    endloop
  endfacet
  facet normal 0 -0.87634 -0.481694
    outer loop
      vertex 59.51 18.7995 9.41122
      vertex 25.7002 19.0717 8.91601
      vertex 60.1226 19.0717 8.91601
    endloop
  endfacet
  facet normal 0 -0.968601 -0.248622
    outer loop
      vertex 26.4844 19.4203 7.84321
      vertex 60.5907 19.2798 8.39058
      vertex 26.1682 19.2798 8.39058
    endloop
  endfacet
  facet normal 0 -0.968601 -0.248622
    outer loop
      vertex 60.5907 19.2798 8.39058
      vertex 26.4844 19.4203 7.84321
      vertex 60.9069 19.4203 7.84321
    endloop
  endfacet
  facet normal 0 -0.0627837 0.998027
    outer loop
      vertex 17.8078 15.564 2.53548
      vertex 50.9612 15 2.5
      vertex 52.2302 15.564 2.53548
    endloop
  endfacet
  facet normal 0 -0.0627837 0.998027
    outer loop
      vertex 50.9612 15 2.5
      vertex 17.8078 15.564 2.53548
      vertex 16.5388 15 2.5
    endloop
  endfacet
  facet normal -0 0.308994 0.951064
    outer loop
      vertex 14.0208 13.8809 2.64138
      vertex 47.2339 13.3434 2.81601
      vertex 48.4432 13.8809 2.64138
    endloop
  endfacet
  facet normal 0 0.308994 0.951064
    outer loop
      vertex 47.2339 13.3434 2.81601
      vertex 14.0208 13.8809 2.64138
      vertex 12.8115 13.3434 2.81601
    endloop
  endfacet
  facet normal 0 0.729043 -0.684468
    outer loop
      vertex 43.1598 11.5327 9.86841
      vertex 9.60775 11.9195 10.2804
      vertex 44.0302 11.9195 10.2804
    endloop
  endfacet
  facet normal 0 0.729043 -0.684468
    outer loop
      vertex 9.60775 11.9195 10.2804
      vertex 43.1598 11.5327 9.86841
      vertex 8.73735 11.5327 9.86841
    endloop
  endfacet
  facet normal 0 0.42578 -0.904827
    outer loop
      vertex 46.0835 12.8321 10.9434
      vertex 12.8115 13.3434 11.184
      vertex 47.2339 13.3434 11.184
    endloop
  endfacet
  facet normal 0 0.42578 -0.904827
    outer loop
      vertex 12.8115 13.3434 11.184
      vertex 46.0835 12.8321 10.9434
      vertex 11.661 12.8321 10.9434
    endloop
  endfacet
  facet normal -0 0.992121 0.125287
    outer loop
      vertex 6.59314 10.5797 6.15679
      vertex 40.8562 10.5089 6.71744
      vertex 41.0156 10.5797 6.15679
    endloop
  endfacet
  facet normal 0 0.992121 0.125287
    outer loop
      vertex 40.8562 10.5089 6.71744
      vertex 6.59314 10.5797 6.15679
      vertex 6.43377 10.5089 6.71744
    endloop
  endfacet
  facet normal -0 0.80899 0.587822
    outer loop
      vertex 8.73735 11.5327 4.13159
      vertex 42.4124 11.2005 4.58878
      vertex 43.1598 11.5327 4.13159
    endloop
  endfacet
  facet normal 0 0.80899 0.587822
    outer loop
      vertex 42.4124 11.2005 4.58878
      vertex 8.73735 11.5327 4.13159
      vertex 7.98997 11.2005 4.58878
    endloop
  endfacet
  facet normal 0 -0.637364 0.770563
    outer loop
      vertex 23.4698 18.0805 3.71964
      vertex 56.9125 17.645 3.35942
      vertex 57.8922 18.0805 3.71964
    endloop
  endfacet
  facet normal 0 -0.637364 0.770563
    outer loop
      vertex 56.9125 17.645 3.35942
      vertex 23.4698 18.0805 3.71964
      vertex 22.4901 17.645 3.35942
    endloop
  endfacet
  facet normal 0 -1 0
    outer loop
      vertex 26.6438 19.4911 6.71744
      vertex 61.0662 19.4911 7.28256
      vertex 26.6438 19.4911 7.28256
    endloop
  endfacet
  facet normal 0 -1 -0
    outer loop
      vertex 61.0662 19.4911 7.28256
      vertex 26.6438 19.4911 6.71744
      vertex 61.0662 19.4911 6.71744
    endloop
  endfacet
  facet normal 0 -0.968601 0.248622
    outer loop
      vertex 60.5907 19.2798 5.60942
      vertex 26.4844 19.4203 6.15679
      vertex 26.1682 19.2798 5.60942
    endloop
  endfacet
  facet normal 0 -0.968601 0.248622
    outer loop
      vertex 26.4844 19.4203 6.15679
      vertex 60.5907 19.2798 5.60942
      vertex 60.9069 19.4203 6.15679
    endloop
  endfacet
  facet normal 0 -0.87634 0.481694
    outer loop
      vertex 59.51 18.7995 4.58878
      vertex 25.7002 19.0717 5.08399
      vertex 25.0876 18.7995 4.58878
    endloop
  endfacet
  facet normal 0 -0.87634 0.481694
    outer loop
      vertex 25.7002 19.0717 5.08399
      vertex 59.51 18.7995 4.58878
      vertex 60.1226 19.0717 5.08399
    endloop
  endfacet
  facet normal 0 -0.0628189 -0.998025
    outer loop
      vertex 50.9612 15 11.5
      vertex 17.8078 15.564 11.4645
      vertex 52.2302 15.564 11.4645
    endloop
  endfacet
  facet normal 0 -0.0628189 -0.998025
    outer loop
      vertex 17.8078 15.564 11.4645
      vertex 50.9612 15 11.5
      vertex 16.5388 15 11.5
    endloop
  endfacet
  facet normal 0 -0.535856 -0.844309
    outer loop
      vertex 55.839 17.1679 10.9434
      vertex 22.4901 17.645 10.6406
      vertex 56.9125 17.645 10.6406
    endloop
  endfacet
  facet normal 0 -0.535856 -0.844309
    outer loop
      vertex 22.4901 17.645 10.6406
      vertex 55.839 17.1679 10.9434
      vertex 21.4165 17.1679 10.9434
    endloop
  endfacet
  facet normal 0 -0.992121 -0.125287
    outer loop
      vertex 26.6438 19.4911 7.28256
      vertex 60.9069 19.4203 7.84321
      vertex 26.4844 19.4203 7.84321
    endloop
  endfacet
  facet normal 0 -0.992121 -0.125287
    outer loop
      vertex 60.9069 19.4203 7.84321
      vertex 26.6438 19.4911 7.28256
      vertex 61.0662 19.4911 7.28256
    endloop
  endfacet
  facet normal 0 -0.80899 -0.587822
    outer loop
      vertex 25.0876 18.7995 9.41122
      vertex 58.7627 18.4673 9.86841
      vertex 24.3402 18.4673 9.86841
    endloop
  endfacet
  facet normal 0 -0.80899 -0.587822
    outer loop
      vertex 58.7627 18.4673 9.86841
      vertex 25.0876 18.7995 9.41122
      vertex 59.51 18.7995 9.41122
    endloop
  endfacet
  facet normal 0 -0.729043 -0.684468
    outer loop
      vertex 24.3402 18.4673 9.86841
      vertex 57.8922 18.0805 10.2804
      vertex 23.4698 18.0805 10.2804
    endloop
  endfacet
  facet normal 0 -0.729043 -0.684468
    outer loop
      vertex 57.8922 18.0805 10.2804
      vertex 24.3402 18.4673 9.86841
      vertex 58.7627 18.4673 9.86841
    endloop
  endfacet
  facet normal -0 0.0627837 0.998027
    outer loop
      vertex 16.5388 15 2.5
      vertex 49.6922 14.436 2.53548
      vertex 50.9612 15 2.5
    endloop
  endfacet
  facet normal 0 0.0627837 0.998027
    outer loop
      vertex 49.6922 14.436 2.53548
      vertex 16.5388 15 2.5
      vertex 15.2698 14.436 2.53548
    endloop
  endfacet
  facet normal -0 0.535856 0.844309
    outer loop
      vertex 11.661 12.8321 3.05662
      vertex 45.0099 12.355 3.35942
      vertex 46.0835 12.8321 3.05662
    endloop
  endfacet
  facet normal 0 0.535856 0.844309
    outer loop
      vertex 45.0099 12.355 3.35942
      vertex 11.661 12.8321 3.05662
      vertex 10.5875 12.355 3.35942
    endloop
  endfacet
  facet normal 0 0.535856 -0.844309
    outer loop
      vertex 45.0099 12.355 10.6406
      vertex 11.661 12.8321 10.9434
      vertex 46.0835 12.8321 10.9434
    endloop
  endfacet
  facet normal 0 0.535856 -0.844309
    outer loop
      vertex 11.661 12.8321 10.9434
      vertex 45.0099 12.355 10.6406
      vertex 10.5875 12.355 10.6406
    endloop
  endfacet
  facet normal -0 0.968601 0.248622
    outer loop
      vertex 6.90935 10.7202 5.60942
      vertex 41.0156 10.5797 6.15679
      vertex 41.3318 10.7202 5.60942
    endloop
  endfacet
  facet normal 0 0.968601 0.248622
    outer loop
      vertex 41.0156 10.5797 6.15679
      vertex 6.90935 10.7202 5.60942
      vertex 6.59314 10.5797 6.15679
    endloop
  endfacet
  facet normal 0 -0.425794 0.90482
    outer loop
      vertex 21.4165 17.1679 3.05662
      vertex 54.6885 16.6566 2.81601
      vertex 55.839 17.1679 3.05662
    endloop
  endfacet
  facet normal 0 -0.425794 0.90482
    outer loop
      vertex 54.6885 16.6566 2.81601
      vertex 21.4165 17.1679 3.05662
      vertex 20.2661 16.6566 2.81601
    endloop
  endfacet
  facet normal 0 -0.308994 0.951064
    outer loop
      vertex 20.2661 16.6566 2.81601
      vertex 53.4792 16.1191 2.64138
      vertex 54.6885 16.6566 2.81601
    endloop
  endfacet
  facet normal 0 -0.308994 0.951064
    outer loop
      vertex 53.4792 16.1191 2.64138
      vertex 20.2661 16.6566 2.81601
      vertex 19.0568 16.1191 2.64138
    endloop
  endfacet
  facet normal -0 0.425794 0.90482
    outer loop
      vertex 12.8115 13.3434 2.81601
      vertex 46.0835 12.8321 3.05662
      vertex 47.2339 13.3434 2.81601
    endloop
  endfacet
  facet normal 0 0.425794 0.90482
    outer loop
      vertex 46.0835 12.8321 3.05662
      vertex 12.8115 13.3434 2.81601
      vertex 11.661 12.8321 3.05662
    endloop
  endfacet
  facet normal 0 0.929736 -0.368228
    outer loop
      vertex 41.3318 10.7202 8.39058
      vertex 7.37742 10.9283 8.91601
      vertex 41.7998 10.9283 8.91601
    endloop
  endfacet
  facet normal 0 0.929736 -0.368228
    outer loop
      vertex 7.37742 10.9283 8.91601
      vertex 41.3318 10.7202 8.39058
      vertex 6.90935 10.7202 8.39058
    endloop
  endfacet
  facet normal 0 0.968601 -0.248622
    outer loop
      vertex 41.0156 10.5797 7.84321
      vertex 6.90935 10.7202 8.39058
      vertex 41.3318 10.7202 8.39058
    endloop
  endfacet
  facet normal 0 0.968601 -0.248622
    outer loop
      vertex 6.90935 10.7202 8.39058
      vertex 41.0156 10.5797 7.84321
      vertex 6.59314 10.5797 7.84321
    endloop
  endfacet
  facet normal 0 0.992121 -0.125287
    outer loop
      vertex 40.8562 10.5089 7.28256
      vertex 6.59314 10.5797 7.84321
      vertex 41.0156 10.5797 7.84321
    endloop
  endfacet
  facet normal 0 0.992121 -0.125287
    outer loop
      vertex 6.59314 10.5797 7.84321
      vertex 40.8562 10.5089 7.28256
      vertex 6.43377 10.5089 7.28256
    endloop
  endfacet
  facet normal 0 0.0628189 -0.998025
    outer loop
      vertex 49.6922 14.436 11.4645
      vertex 16.5388 15 11.5
      vertex 50.9612 15 11.5
    endloop
  endfacet
  facet normal 0 0.0628189 -0.998025
    outer loop
      vertex 16.5388 15 11.5
      vertex 49.6922 14.436 11.4645
      vertex 15.2698 14.436 11.4645
    endloop
  endfacet
  facet normal 0 0.308946 -0.95108
    outer loop
      vertex 47.2339 13.3434 11.184
      vertex 14.0208 13.8809 11.3586
      vertex 48.4432 13.8809 11.3586
    endloop
  endfacet
  facet normal 0 0.308946 -0.95108
    outer loop
      vertex 14.0208 13.8809 11.3586
      vertex 47.2339 13.3434 11.184
      vertex 12.8115 13.3434 11.184
    endloop
  endfacet
  facet normal 0 0.637343 -0.77058
    outer loop
      vertex 44.0302 11.9195 10.2804
      vertex 10.5875 12.355 10.6406
      vertex 45.0099 12.355 10.6406
    endloop
  endfacet
  facet normal 0 0.637343 -0.77058
    outer loop
      vertex 10.5875 12.355 10.6406
      vertex 44.0302 11.9195 10.2804
      vertex 9.60775 11.9195 10.2804
    endloop
  endfacet
  facet normal -0 0.87634 0.481694
    outer loop
      vertex 7.98997 11.2005 4.58878
      vertex 41.7998 10.9283 5.08399
      vertex 42.4124 11.2005 4.58878
    endloop
  endfacet
  facet normal 0 0.87634 0.481694
    outer loop
      vertex 41.7998 10.9283 5.08399
      vertex 7.98997 11.2005 4.58878
      vertex 7.37742 10.9283 5.08399
    endloop
  endfacet
  facet normal -0 0.637364 0.770563
    outer loop
      vertex 10.5875 12.355 3.35942
      vertex 44.0302 11.9195 3.71964
      vertex 45.0099 12.355 3.35942
    endloop
  endfacet
  facet normal 0 0.637364 0.770563
    outer loop
      vertex 44.0302 11.9195 3.71964
      vertex 10.5875 12.355 3.35942
      vertex 9.60775 11.9195 3.71964
    endloop
  endfacet
  facet normal 0 1 -0
    outer loop
      vertex 40.8562 10.5089 6.71744
      vertex 6.43377 10.5089 7.28256
      vertex 40.8562 10.5089 7.28256
    endloop
  endfacet
  facet normal 0 1 0
    outer loop
      vertex 6.43377 10.5089 7.28256
      vertex 40.8562 10.5089 6.71744
      vertex 6.43377 10.5089 6.71744
    endloop
  endfacet
  facet normal 0 0.87634 -0.481694
    outer loop
      vertex 41.7998 10.9283 8.91601
      vertex 7.98997 11.2005 9.41122
      vertex 42.4124 11.2005 9.41122
    endloop
  endfacet
  facet normal 0 0.87634 -0.481694
    outer loop
      vertex 7.98997 11.2005 9.41122
      vertex 41.7998 10.9283 8.91601
      vertex 7.37742 10.9283 8.91601
    endloop
  endfacet
  facet normal 0 0.187397 -0.982284
    outer loop
      vertex 48.4432 13.8809 11.3586
      vertex 15.2698 14.436 11.4645
      vertex 49.6922 14.436 11.4645
    endloop
  endfacet
  facet normal 0 0.187397 -0.982284
    outer loop
      vertex 15.2698 14.436 11.4645
      vertex 48.4432 13.8809 11.3586
      vertex 14.0208 13.8809 11.3586
    endloop
  endfacet
  facet normal -0 0.929736 0.368228
    outer loop
      vertex 7.37742 10.9283 5.08399
      vertex 41.3318 10.7202 5.60942
      vertex 41.7998 10.9283 5.08399
    endloop
  endfacet
  facet normal 0 0.929736 0.368228
    outer loop
      vertex 41.3318 10.7202 5.60942
      vertex 7.37742 10.9283 5.08399
      vertex 6.90935 10.7202 5.60942
    endloop
  endfacet
  facet normal -0 0.72901 0.684503
    outer loop
      vertex 9.60775 11.9195 3.71964
      vertex 43.1598 11.5327 4.13159
      vertex 44.0302 11.9195 3.71964
    endloop
  endfacet
  facet normal 0 0.72901 0.684503
    outer loop
      vertex 43.1598 11.5327 4.13159
      vertex 9.60775 11.9195 3.71964
      vertex 8.73735 11.5327 4.13159
    endloop
  endfacet
  facet normal 0 0.80899 -0.587822
    outer loop
      vertex 42.4124 11.2005 9.41122
      vertex 8.73735 11.5327 9.86841
      vertex 43.1598 11.5327 9.86841
    endloop
  endfacet
  facet normal 0 0.80899 -0.587822
    outer loop
      vertex 8.73735 11.5327 9.86841
      vertex 42.4124 11.2005 9.41122
      vertex 7.98997 11.2005 9.41122
    endloop
  endfacet
  facet normal 0 -0.535858 0.844308
    outer loop
      vertex -74.5 16.396 5.07858
      vertex -64.7 16.1442 4.91877
      vertex -64.7 16.396 5.07858
    endloop
  endfacet
  facet normal 0 -0.535858 0.844308
    outer loop
      vertex -64.7 16.1442 4.91877
      vertex -74.5 16.396 5.07858
      vertex -74.5 16.1442 4.91877
    endloop
  endfacet
  facet normal 0 -0.929771 0.36814
    outer loop
      vertex -74.5 17.149 5.98877
      vertex -64.7 17.2588 6.26608
      vertex -74.5 17.2588 6.26608
    endloop
  endfacet
  facet normal 0 -0.929771 0.36814
    outer loop
      vertex -64.7 17.2588 6.26608
      vertex -74.5 17.149 5.98877
      vertex -64.7 17.149 5.98877
    endloop
  endfacet
  facet normal 0 -0.929771 -0.36814
    outer loop
      vertex -74.5 17.2588 7.73392
      vertex -64.7 17.149 8.01123
      vertex -74.5 17.149 8.01123
    endloop
  endfacet
  facet normal 0 -0.929771 -0.36814
    outer loop
      vertex -64.7 17.149 8.01123
      vertex -74.5 17.2588 7.73392
      vertex -64.7 17.2588 7.73392
    endloop
  endfacet
  facet normal 0 -0.425737 -0.904847
    outer loop
      vertex -74.5 15.8743 9.20822
      vertex -64.7 16.1442 9.08123
      vertex -64.7 15.8743 9.20822
    endloop
  endfacet
  facet normal -0 -0.425737 -0.904847
    outer loop
      vertex -64.7 16.1442 9.08123
      vertex -74.5 15.8743 9.20822
      vertex -74.5 16.1442 9.08123
    endloop
  endfacet
  facet normal -0 0.187434 0.982277
    outer loop
      vertex -74.5 14.7023 4.64373
      vertex -64.7 14.4094 4.69962
      vertex -64.7 14.7023 4.64373
    endloop
  endfacet
  facet normal 0 0.187434 0.982277
    outer loop
      vertex -64.7 14.4094 4.69962
      vertex -74.5 14.7023 4.64373
      vertex -74.5 14.4094 4.69962
    endloop
  endfacet
  facet normal 0 -0.187434 0.982277
    outer loop
      vertex -74.5 15.5906 4.69962
      vertex -64.7 15.2977 4.64373
      vertex -64.7 15.5906 4.69962
    endloop
  endfacet
  facet normal 0 -0.187434 0.982277
    outer loop
      vertex -64.7 15.2977 4.64373
      vertex -74.5 15.5906 4.69962
      vertex -74.5 15.2977 4.64373
    endloop
  endfacet
  facet normal 0 -0.72892 0.684599
    outer loop
      vertex -74.5 16.6258 5.2687
      vertex -64.7 16.83 5.48612
      vertex -74.5 16.83 5.48612
    endloop
  endfacet
  facet normal 0 -0.72892 0.684599
    outer loop
      vertex -64.7 16.83 5.48612
      vertex -74.5 16.6258 5.2687
      vertex -64.7 16.6258 5.2687
    endloop
  endfacet
  facet normal 0 -0.876284 0.481795
    outer loop
      vertex -74.5 17.0053 5.72741
      vertex -64.7 17.149 5.98877
      vertex -74.5 17.149 5.98877
    endloop
  endfacet
  facet normal 0 -0.876284 0.481795
    outer loop
      vertex -64.7 17.149 5.98877
      vertex -74.5 17.0053 5.72741
      vertex -64.7 17.0053 5.72741
    endloop
  endfacet
  facet normal 0 -0.63745 -0.770492
    outer loop
      vertex -74.5 16.396 8.92142
      vertex -64.7 16.6258 8.7313
      vertex -64.7 16.396 8.92142
    endloop
  endfacet
  facet normal -0 -0.63745 -0.770492
    outer loop
      vertex -64.7 16.6258 8.7313
      vertex -74.5 16.396 8.92142
      vertex -74.5 16.6258 8.7313
    endloop
  endfacet
  facet normal 0 -0.992107 -0.125396
    outer loop
      vertex -74.5 17.3703 7.14913
      vertex -64.7 17.3329 7.44503
      vertex -74.5 17.3329 7.44503
    endloop
  endfacet
  facet normal 0 -0.992107 -0.125396
    outer loop
      vertex -64.7 17.3329 7.44503
      vertex -74.5 17.3703 7.14913
      vertex -64.7 17.3703 7.14913
    endloop
  endfacet
  facet normal 0 -0.72892 -0.684599
    outer loop
      vertex -74.5 16.83 8.51388
      vertex -64.7 16.6258 8.7313
      vertex -74.5 16.6258 8.7313
    endloop
  endfacet
  facet normal 0 -0.72892 -0.684599
    outer loop
      vertex -64.7 16.6258 8.7313
      vertex -74.5 16.83 8.51388
      vertex -64.7 16.83 8.51388
    endloop
  endfacet
  facet normal 0 -0.0627915 0.998027
    outer loop
      vertex -74.5 15.2977 4.64373
      vertex -64.7 15 4.625
      vertex -64.7 15.2977 4.64373
    endloop
  endfacet
  facet normal 0 -0.0627915 0.998027
    outer loop
      vertex -64.7 15 4.625
      vertex -74.5 15.2977 4.64373
      vertex -74.5 15 4.625
    endloop
  endfacet
  facet normal 0 0.72892 -0.684599
    outer loop
      vertex -64.7 13.17 8.51388
      vertex -74.5 13.3742 8.7313
      vertex -64.7 13.3742 8.7313
    endloop
  endfacet
  facet normal 0 0.72892 -0.684599
    outer loop
      vertex -74.5 13.3742 8.7313
      vertex -64.7 13.17 8.51388
      vertex -74.5 13.17 8.51388
    endloop
  endfacet
  facet normal 0 0.876284 0.481795
    outer loop
      vertex -64.7 12.9947 5.72741
      vertex -74.5 12.851 5.98877
      vertex -64.7 12.851 5.98877
    endloop
  endfacet
  facet normal 0 0.876284 0.481795
    outer loop
      vertex -74.5 12.851 5.98877
      vertex -64.7 12.9947 5.72741
      vertex -74.5 12.9947 5.72741
    endloop
  endfacet
  facet normal 0 -0.63745 0.770492
    outer loop
      vertex -74.5 16.6258 5.2687
      vertex -64.7 16.396 5.07858
      vertex -64.7 16.6258 5.2687
    endloop
  endfacet
  facet normal 0 -0.63745 0.770492
    outer loop
      vertex -64.7 16.396 5.07858
      vertex -74.5 16.6258 5.2687
      vertex -74.5 16.396 5.07858
    endloop
  endfacet
  facet normal 0 -1 0
    outer loop
      vertex -74.5 17.3703 6.85087
      vertex -64.7 17.3703 7.14913
      vertex -74.5 17.3703 7.14913
    endloop
  endfacet
  facet normal 0 -1 -0
    outer loop
      vertex -64.7 17.3703 7.14913
      vertex -74.5 17.3703 6.85087
      vertex -64.7 17.3703 6.85087
    endloop
  endfacet
  facet normal 0 -0.968643 0.248456
    outer loop
      vertex -74.5 17.2588 6.26608
      vertex -64.7 17.3329 6.55497
      vertex -74.5 17.3329 6.55497
    endloop
  endfacet
  facet normal 0 -0.968643 0.248456
    outer loop
      vertex -64.7 17.3329 6.55497
      vertex -74.5 17.2588 6.26608
      vertex -64.7 17.2588 6.26608
    endloop
  endfacet
  facet normal 0 -0.809029 0.587769
    outer loop
      vertex -74.5 16.83 5.48612
      vertex -64.7 17.0053 5.72741
      vertex -74.5 17.0053 5.72741
    endloop
  endfacet
  facet normal 0 -0.809029 0.587769
    outer loop
      vertex -64.7 17.0053 5.72741
      vertex -74.5 16.83 5.48612
      vertex -64.7 16.83 5.48612
    endloop
  endfacet
  facet normal 0 -0.0627915 -0.998027
    outer loop
      vertex -74.5 15 9.375
      vertex -64.7 15.2977 9.35627
      vertex -64.7 15 9.375
    endloop
  endfacet
  facet normal -0 -0.0627915 -0.998027
    outer loop
      vertex -64.7 15.2977 9.35627
      vertex -74.5 15 9.375
      vertex -74.5 15.2977 9.35627
    endloop
  endfacet
  facet normal 0 -0.308957 -0.951076
    outer loop
      vertex -74.5 15.5906 9.30038
      vertex -64.7 15.8743 9.20822
      vertex -64.7 15.5906 9.30038
    endloop
  endfacet
  facet normal -0 -0.308957 -0.951076
    outer loop
      vertex -64.7 15.8743 9.20822
      vertex -74.5 15.5906 9.30038
      vertex -74.5 15.8743 9.20822
    endloop
  endfacet
  facet normal 0 -0.535858 -0.844308
    outer loop
      vertex -74.5 16.1442 9.08123
      vertex -64.7 16.396 8.92142
      vertex -64.7 16.1442 9.08123
    endloop
  endfacet
  facet normal -0 -0.535858 -0.844308
    outer loop
      vertex -64.7 16.396 8.92142
      vertex -74.5 16.1442 9.08123
      vertex -74.5 16.396 8.92142
    endloop
  endfacet
  facet normal 0 -0.968643 -0.248456
    outer loop
      vertex -74.5 17.3329 7.44503
      vertex -64.7 17.2588 7.73392
      vertex -74.5 17.2588 7.73392
    endloop
  endfacet
  facet normal 0 -0.968643 -0.248456
    outer loop
      vertex -64.7 17.2588 7.73392
      vertex -74.5 17.3329 7.44503
      vertex -64.7 17.3329 7.44503
    endloop
  endfacet
  facet normal 0 -0.809029 -0.587769
    outer loop
      vertex -74.5 17.0053 8.27259
      vertex -64.7 16.83 8.51388
      vertex -74.5 16.83 8.51388
    endloop
  endfacet
  facet normal 0 -0.809029 -0.587769
    outer loop
      vertex -64.7 16.83 8.51388
      vertex -74.5 17.0053 8.27259
      vertex -64.7 17.0053 8.27259
    endloop
  endfacet
  facet normal 0 -0.876284 -0.481795
    outer loop
      vertex -74.5 17.149 8.01123
      vertex -64.7 17.0053 8.27259
      vertex -74.5 17.0053 8.27259
    endloop
  endfacet
  facet normal 0 -0.876284 -0.481795
    outer loop
      vertex -64.7 17.0053 8.27259
      vertex -74.5 17.149 8.01123
      vertex -64.7 17.149 8.01123
    endloop
  endfacet
  facet normal -0 0.0627915 0.998027
    outer loop
      vertex -74.5 15 4.625
      vertex -64.7 14.7023 4.64373
      vertex -64.7 15 4.625
    endloop
  endfacet
  facet normal 0 0.0627915 0.998027
    outer loop
      vertex -64.7 14.7023 4.64373
      vertex -74.5 15 4.625
      vertex -74.5 14.7023 4.64373
    endloop
  endfacet
  facet normal -0 0.63745 0.770492
    outer loop
      vertex -74.5 13.604 5.07858
      vertex -64.7 13.3742 5.2687
      vertex -64.7 13.604 5.07858
    endloop
  endfacet
  facet normal 0 0.63745 0.770492
    outer loop
      vertex -64.7 13.3742 5.2687
      vertex -74.5 13.604 5.07858
      vertex -74.5 13.3742 5.2687
    endloop
  endfacet
  facet normal 0 0.63745 -0.770492
    outer loop
      vertex -74.5 13.3742 8.7313
      vertex -64.7 13.604 8.92142
      vertex -64.7 13.3742 8.7313
    endloop
  endfacet
  facet normal 0 0.63745 -0.770492
    outer loop
      vertex -64.7 13.604 8.92142
      vertex -74.5 13.3742 8.7313
      vertex -74.5 13.604 8.92142
    endloop
  endfacet
  facet normal 0 0.992107 0.125396
    outer loop
      vertex -64.7 12.6671 6.55497
      vertex -74.5 12.6297 6.85087
      vertex -64.7 12.6297 6.85087
    endloop
  endfacet
  facet normal 0 0.992107 0.125396
    outer loop
      vertex -74.5 12.6297 6.85087
      vertex -64.7 12.6671 6.55497
      vertex -74.5 12.6671 6.55497
    endloop
  endfacet
  facet normal 0 -0.425737 0.904847
    outer loop
      vertex -74.5 16.1442 4.91877
      vertex -64.7 15.8743 4.79178
      vertex -64.7 16.1442 4.91877
    endloop
  endfacet
  facet normal 0 -0.425737 0.904847
    outer loop
      vertex -64.7 15.8743 4.79178
      vertex -74.5 16.1442 4.91877
      vertex -74.5 15.8743 4.79178
    endloop
  endfacet
  facet normal 0 -0.308957 0.951076
    outer loop
      vertex -74.5 15.8743 4.79178
      vertex -64.7 15.5906 4.69962
      vertex -64.7 15.8743 4.79178
    endloop
  endfacet
  facet normal 0 -0.308957 0.951076
    outer loop
      vertex -64.7 15.5906 4.69962
      vertex -74.5 15.8743 4.79178
      vertex -74.5 15.5906 4.69962
    endloop
  endfacet
  facet normal 0 -0.992107 0.125396
    outer loop
      vertex -74.5 17.3329 6.55497
      vertex -64.7 17.3703 6.85087
      vertex -74.5 17.3703 6.85087
    endloop
  endfacet
  facet normal 0 -0.992107 0.125396
    outer loop
      vertex -64.7 17.3703 6.85087
      vertex -74.5 17.3329 6.55497
      vertex -64.7 17.3329 6.55497
    endloop
  endfacet
  facet normal 0 -0.187434 -0.982277
    outer loop
      vertex -74.5 15.2977 9.35627
      vertex -64.7 15.5906 9.30038
      vertex -64.7 15.2977 9.35627
    endloop
  endfacet
  facet normal -0 -0.187434 -0.982277
    outer loop
      vertex -64.7 15.5906 9.30038
      vertex -74.5 15.2977 9.35627
      vertex -74.5 15.5906 9.30038
    endloop
  endfacet
  facet normal -0 0.425737 0.904847
    outer loop
      vertex -74.5 14.1257 4.79178
      vertex -64.7 13.8558 4.91877
      vertex -64.7 14.1257 4.79178
    endloop
  endfacet
  facet normal 0 0.425737 0.904847
    outer loop
      vertex -64.7 13.8558 4.91877
      vertex -74.5 14.1257 4.79178
      vertex -74.5 13.8558 4.91877
    endloop
  endfacet
  facet normal -0 0.308957 0.951076
    outer loop
      vertex -74.5 14.4094 4.69962
      vertex -64.7 14.1257 4.79178
      vertex -64.7 14.4094 4.69962
    endloop
  endfacet
  facet normal 0 0.308957 0.951076
    outer loop
      vertex -64.7 14.1257 4.79178
      vertex -74.5 14.4094 4.69962
      vertex -74.5 14.1257 4.79178
    endloop
  endfacet
  facet normal -0 0.535858 0.844308
    outer loop
      vertex -74.5 13.8558 4.91877
      vertex -64.7 13.604 5.07858
      vertex -64.7 13.8558 4.91877
    endloop
  endfacet
  facet normal 0 0.535858 0.844308
    outer loop
      vertex -64.7 13.604 5.07858
      vertex -74.5 13.8558 4.91877
      vertex -74.5 13.604 5.07858
    endloop
  endfacet
  facet normal 0 0.809029 -0.587769
    outer loop
      vertex -64.7 12.9947 8.27259
      vertex -74.5 13.17 8.51388
      vertex -64.7 13.17 8.51388
    endloop
  endfacet
  facet normal 0 0.809029 -0.587769
    outer loop
      vertex -74.5 13.17 8.51388
      vertex -64.7 12.9947 8.27259
      vertex -74.5 12.9947 8.27259
    endloop
  endfacet
  facet normal 0 0.0627915 -0.998027
    outer loop
      vertex -74.5 14.7023 9.35627
      vertex -64.7 15 9.375
      vertex -64.7 14.7023 9.35627
    endloop
  endfacet
  facet normal 0 0.0627915 -0.998027
    outer loop
      vertex -64.7 15 9.375
      vertex -74.5 14.7023 9.35627
      vertex -74.5 15 9.375
    endloop
  endfacet
  facet normal 0 0.308957 -0.951076
    outer loop
      vertex -74.5 14.1257 9.20822
      vertex -64.7 14.4094 9.30038
      vertex -64.7 14.1257 9.20822
    endloop
  endfacet
  facet normal 0 0.308957 -0.951076
    outer loop
      vertex -64.7 14.4094 9.30038
      vertex -74.5 14.1257 9.20822
      vertex -74.5 14.4094 9.30038
    endloop
  endfacet
  facet normal 0 0.929771 0.36814
    outer loop
      vertex -64.7 12.851 5.98877
      vertex -74.5 12.7412 6.26608
      vertex -64.7 12.7412 6.26608
    endloop
  endfacet
  facet normal 0 0.929771 0.36814
    outer loop
      vertex -74.5 12.7412 6.26608
      vertex -64.7 12.851 5.98877
      vertex -74.5 12.851 5.98877
    endloop
  endfacet
  facet normal 0 0.968643 0.248456
    outer loop
      vertex -64.7 12.7412 6.26608
      vertex -74.5 12.6671 6.55497
      vertex -64.7 12.6671 6.55497
    endloop
  endfacet
  facet normal 0 0.968643 0.248456
    outer loop
      vertex -74.5 12.6671 6.55497
      vertex -64.7 12.7412 6.26608
      vertex -74.5 12.7412 6.26608
    endloop
  endfacet
  facet normal 0 0.72892 0.684599
    outer loop
      vertex -64.7 13.3742 5.2687
      vertex -74.5 13.17 5.48612
      vertex -64.7 13.17 5.48612
    endloop
  endfacet
  facet normal 0 0.72892 0.684599
    outer loop
      vertex -74.5 13.17 5.48612
      vertex -64.7 13.3742 5.2687
      vertex -74.5 13.3742 5.2687
    endloop
  endfacet
  facet normal 0 1 -0
    outer loop
      vertex -64.7 12.6297 6.85087
      vertex -74.5 12.6297 7.14913
      vertex -64.7 12.6297 7.14913
    endloop
  endfacet
  facet normal 0 1 0
    outer loop
      vertex -74.5 12.6297 7.14913
      vertex -64.7 12.6297 6.85087
      vertex -74.5 12.6297 6.85087
    endloop
  endfacet
  facet normal 0 0.992107 -0.125396
    outer loop
      vertex -64.7 12.6297 7.14913
      vertex -74.5 12.6671 7.44503
      vertex -64.7 12.6671 7.44503
    endloop
  endfacet
  facet normal 0 0.992107 -0.125396
    outer loop
      vertex -74.5 12.6671 7.44503
      vertex -64.7 12.6297 7.14913
      vertex -74.5 12.6297 7.14913
    endloop
  endfacet
  facet normal 0 0.929771 -0.36814
    outer loop
      vertex -64.7 12.7412 7.73392
      vertex -74.5 12.851 8.01123
      vertex -64.7 12.851 8.01123
    endloop
  endfacet
  facet normal 0 0.929771 -0.36814
    outer loop
      vertex -74.5 12.851 8.01123
      vertex -64.7 12.7412 7.73392
      vertex -74.5 12.7412 7.73392
    endloop
  endfacet
  facet normal 0 0.968643 -0.248456
    outer loop
      vertex -64.7 12.6671 7.44503
      vertex -74.5 12.7412 7.73392
      vertex -64.7 12.7412 7.73392
    endloop
  endfacet
  facet normal 0 0.968643 -0.248456
    outer loop
      vertex -74.5 12.7412 7.73392
      vertex -64.7 12.6671 7.44503
      vertex -74.5 12.6671 7.44503
    endloop
  endfacet
  facet normal 0 0.187434 -0.982277
    outer loop
      vertex -74.5 14.4094 9.30038
      vertex -64.7 14.7023 9.35627
      vertex -64.7 14.4094 9.30038
    endloop
  endfacet
  facet normal 0 0.187434 -0.982277
    outer loop
      vertex -64.7 14.7023 9.35627
      vertex -74.5 14.4094 9.30038
      vertex -74.5 14.7023 9.35627
    endloop
  endfacet
  facet normal 0 0.535858 -0.844308
    outer loop
      vertex -74.5 13.604 8.92142
      vertex -64.7 13.8558 9.08123
      vertex -64.7 13.604 8.92142
    endloop
  endfacet
  facet normal 0 0.535858 -0.844308
    outer loop
      vertex -64.7 13.8558 9.08123
      vertex -74.5 13.604 8.92142
      vertex -74.5 13.8558 9.08123
    endloop
  endfacet
  facet normal 0 0.425737 -0.904847
    outer loop
      vertex -74.5 13.8558 9.08123
      vertex -64.7 14.1257 9.20822
      vertex -64.7 13.8558 9.08123
    endloop
  endfacet
  facet normal 0 0.425737 -0.904847
    outer loop
      vertex -64.7 14.1257 9.20822
      vertex -74.5 13.8558 9.08123
      vertex -74.5 14.1257 9.20822
    endloop
  endfacet
  facet normal 0 0.809029 0.587769
    outer loop
      vertex -64.7 13.17 5.48612
      vertex -74.5 12.9947 5.72741
      vertex -64.7 12.9947 5.72741
    endloop
  endfacet
  facet normal 0 0.809029 0.587769
    outer loop
      vertex -74.5 12.9947 5.72741
      vertex -64.7 13.17 5.48612
      vertex -74.5 13.17 5.48612
    endloop
  endfacet
  facet normal 0 0.876284 -0.481795
    outer loop
      vertex -64.7 12.851 8.01123
      vertex -74.5 12.9947 8.27259
      vertex -64.7 12.9947 8.27259
    endloop
  endfacet
  facet normal 0 0.876284 -0.481795
    outer loop
      vertex -74.5 12.9947 8.27259
      vertex -64.7 12.851 8.01123
      vertex -74.5 12.851 8.01123
    endloop
  endfacet
  facet normal -0.687831 0.568954 0.450754
    outer loop
      vertex 54.6739 44.4586 11
      vertex 56.1406 43.855 14
      vertex 54.7768 44.583 11
    endloop
  endfacet
  facet normal -0.687855 0.568922 0.450759
    outer loop
      vertex 56.1406 43.855 14
      vertex 54.6739 44.4586 11
      vertex 55.7804 43.4195 14
    endloop
  endfacet
  facet normal -0.890895 -0.0558537 0.450763
    outer loop
      vertex 57 46.5 14
      vertex 55.472 46.6611 11
      vertex 55.4821 46.5 11
    endloop
  endfacet
  facet normal -0.890888 -0.0560754 0.450748
    outer loop
      vertex 55.472 46.6611 11
      vertex 57 46.5 14
      vertex 56.9645 47.064 14
    endloop
  endfacet
  facet normal -0.890883 -0.0561252 0.450752
    outer loop
      vertex 55.472 46.6611 11
      vertex 56.9645 47.064 14
      vertex 55.4586 46.8738 11
    endloop
  endfacet
  facet normal -0.890883 0.0561252 0.450752
    outer loop
      vertex 56.9645 45.936 14
      vertex 55.472 46.3389 11
      vertex 55.4586 46.1262 11
    endloop
  endfacet
  facet normal 0.876845 0.167238 0.45075
    outer loop
      vertex 49.5813 45.917 11
      vertex 49.5414 46.1262 11
      vertex 48.0355 45.936 14
    endloop
  endfacet
  facet normal 0.221922 -0.864627 0.450745
    outer loop
      vertex 51.7848 49.3892 11
      vertex 51.6568 50.9203 14
      vertex 51.1094 50.7798 14
    endloop
  endfacet
  facet normal 0.221698 -0.864676 0.450761
    outer loop
      vertex 51.6568 50.9203 14
      vertex 51.7848 49.3892 11
      vertex 51.9412 49.4293 11
    endloop
  endfacet
  facet normal -0.111855 0.885621 0.450737
    outer loop
      vertex 52.7826 42.0089 14
      vertex 52.8986 43.5504 11
      vertex 52.6872 43.5237 11
    endloop
  endfacet
  facet normal -0.876884 0.166973 0.450771
    outer loop
      vertex 55.3885 45.7584 11
      vertex 56.9645 45.936 14
      vertex 55.4187 45.917 11
    endloop
  endfacet
  facet normal -0.876845 0.167281 0.450733
    outer loop
      vertex 56.9645 45.936 14
      vertex 55.3885 45.7584 11
      vertex 56.8586 45.3809 14
    endloop
  endfacet
  facet normal -0.807789 0.379843 0.450774
    outer loop
      vertex 55.1133 45.0633 11
      vertex 56.684 44.8434 14
      vertex 55.182 45.2094 11
    endloop
  endfacet
  facet normal -0.807697 0.380074 0.450743
    outer loop
      vertex 56.684 44.8434 14
      vertex 55.1133 45.0633 11
      vertex 56.4434 44.3321 14
    endloop
  endfacet
  facet normal 0.611208 0.650587 0.450735
    outer loop
      vertex 50.5991 44.2022 11
      vertex 50.4438 44.3481 11
      vertex 49.6316 43.0327 14
    endloop
  endfacet
  facet normal 0.111855 -0.885621 0.450737
    outer loop
      vertex 52.3128 49.4763 11
      vertex 52.2174 50.9911 14
      vertex 52.1014 49.4496 11
    endloop
  endfacet
  facet normal 0.687712 -0.569112 0.450738
    outer loop
      vertex 50.0874 48.2529 11
      vertex 50.2232 48.417 11
      vertex 48.8594 49.145 14
    endloop
  endfacet
  facet normal -0.848981 0.275808 0.450735
    outer loop
      vertex 55.3386 45.6048 11
      vertex 56.8586 45.3809 14
      vertex 55.3885 45.7584 11
    endloop
  endfacet
  facet normal -0.848988 0.275783 0.450736
    outer loop
      vertex 56.8586 45.3809 14
      vertex 55.3386 45.6048 11
      vertex 56.684 44.8434 14
    endloop
  endfacet
  facet normal -0.890895 0.0558537 0.450763
    outer loop
      vertex 55.472 46.3389 11
      vertex 57 46.5 14
      vertex 55.4821 46.5 11
    endloop
  endfacet
  facet normal -0.890888 0.0560754 0.450748
    outer loop
      vertex 57 46.5 14
      vertex 55.472 46.3389 11
      vertex 56.9645 45.936 14
    endloop
  endfacet
  facet normal -0.848866 0.276112 0.450765
    outer loop
      vertex 56.684 44.8434 14
      vertex 55.3386 45.6048 11
      vertex 55.2727 45.4022 11
    endloop
  endfacet
  facet normal -0.753516 0.478596 0.450733
    outer loop
      vertex 56.4434 44.3321 14
      vertex 55.1133 45.0633 11
      vertex 54.9991 44.8835 11
    endloop
  endfacet
  facet normal -0.807729 0.379985 0.450761
    outer loop
      vertex 56.684 44.8434 14
      vertex 55.2727 45.4022 11
      vertex 55.182 45.2094 11
    endloop
  endfacet
  facet normal -0.429911 0.782305 0.45075
    outer loop
      vertex 54.9112 42.7005 14
      vertex 54.0979 43.9821 11
      vertex 53.9112 43.8795 11
    endloop
  endfacet
  facet normal -0.429989 0.782258 0.450757
    outer loop
      vertex 53.9112 43.8795 11
      vertex 54.416 42.4283 14
      vertex 54.9112 42.7005 14
    endloop
  endfacet
  facet normal -0.430079 0.782213 0.45075
    outer loop
      vertex 54.416 42.4283 14
      vertex 53.9112 43.8795 11
      vertex 53.7697 43.8017 11
    endloop
  endfacet
  facet normal -0.430079 -0.782213 0.45075
    outer loop
      vertex 53.9112 49.1205 11
      vertex 54.416 50.5717 14
      vertex 53.7697 49.1983 11
    endloop
  endfacet
  facet normal -0.429989 -0.782258 0.450757
    outer loop
      vertex 54.416 50.5717 14
      vertex 53.9112 49.1205 11
      vertex 54.9112 50.2995 14
    endloop
  endfacet
  facet normal 0.848988 -0.275783 0.450736
    outer loop
      vertex 48.1414 47.6191 14
      vertex 49.6614 47.3952 11
      vertex 48.316 48.1566 14
    endloop
  endfacet
  facet normal 0.848981 -0.275808 0.450735
    outer loop
      vertex 49.6614 47.3952 11
      vertex 48.1414 47.6191 14
      vertex 49.6115 47.2416 11
    endloop
  endfacet
  facet normal 0.429911 -0.782305 0.45075
    outer loop
      vertex 50.9021 49.0179 11
      vertex 51.0888 49.1205 11
      vertex 50.0888 50.2995 14
    endloop
  endfacet
  facet normal -0.876845 0.167238 0.45075
    outer loop
      vertex 56.9645 45.936 14
      vertex 55.4586 46.1262 11
      vertex 55.4187 45.917 11
    endloop
  endfacet
  facet normal -0.75383 0.478052 0.450785
    outer loop
      vertex 54.9126 44.7471 11
      vertex 56.4434 44.3321 14
      vertex 54.9991 44.8835 11
    endloop
  endfacet
  facet normal -0.753675 0.478333 0.450745
    outer loop
      vertex 56.4434 44.3321 14
      vertex 54.9126 44.7471 11
      vertex 56.1406 43.855 14
    endloop
  endfacet
  facet normal -0.687712 0.569112 0.450738
    outer loop
      vertex 56.1406 43.855 14
      vertex 54.9126 44.7471 11
      vertex 54.7768 44.583 11
    endloop
  endfacet
  facet normal -0.328714 0.829921 0.450754
    outer loop
      vertex 53.7697 43.8017 11
      vertex 53.8906 42.2202 14
      vertex 54.416 42.4283 14
    endloop
  endfacet
  facet normal -0.328952 0.829843 0.450722
    outer loop
      vertex 53.8906 42.2202 14
      vertex 53.7697 43.8017 11
      vertex 53.6196 43.7422 11
    endloop
  endfacet
  facet normal -0.611208 0.650587 0.450735
    outer loop
      vertex 55.3684 43.0327 14
      vertex 54.5562 44.3481 11
      vertex 54.4009 44.2022 11
    endloop
  endfacet
  facet normal -0.222114 0.864569 0.450762
    outer loop
      vertex 53.8906 42.2202 14
      vertex 53.4215 43.6638 11
      vertex 53.2152 43.6108 11
    endloop
  endfacet
  facet normal 0.848981 0.275808 0.450735
    outer loop
      vertex 48.1414 45.3809 14
      vertex 49.6614 45.6048 11
      vertex 49.6115 45.7584 11
    endloop
  endfacet
  facet normal 0.848988 0.275783 0.450736
    outer loop
      vertex 49.6614 45.6048 11
      vertex 48.1414 45.3809 14
      vertex 48.316 44.8434 14
    endloop
  endfacet
  facet normal 0.876884 0.166973 0.450771
    outer loop
      vertex 48.0355 45.936 14
      vertex 49.6115 45.7584 11
      vertex 49.5813 45.917 11
    endloop
  endfacet
  facet normal 0.876845 0.167281 0.450733
    outer loop
      vertex 49.6115 45.7584 11
      vertex 48.0355 45.936 14
      vertex 48.1414 45.3809 14
    endloop
  endfacet
  facet normal 0.328483 0.830007 0.450763
    outer loop
      vertex 51.5785 43.6638 11
      vertex 51.3804 43.7422 11
      vertex 51.1094 42.2202 14
    endloop
  endfacet
  facet normal 0.221698 0.864676 0.450761
    outer loop
      vertex 51.7848 43.6108 11
      vertex 51.6568 42.0797 14
      vertex 51.9412 43.5707 11
    endloop
  endfacet
  facet normal 0.221922 0.864627 0.450745
    outer loop
      vertex 51.6568 42.0797 14
      vertex 51.7848 43.6108 11
      vertex 51.1094 42.2202 14
    endloop
  endfacet
  facet normal 0.222114 0.864569 0.450762
    outer loop
      vertex 51.7848 43.6108 11
      vertex 51.5785 43.6638 11
      vertex 51.1094 42.2202 14
    endloop
  endfacet
  facet normal 0.524531 0.722278 0.450757
    outer loop
      vertex 50.9021 43.9821 11
      vertex 50.7297 44.1073 11
      vertex 50.0888 42.7005 14
    endloop
  endfacet
  facet normal 0.52474 0.722139 0.450737
    outer loop
      vertex 50.5991 44.2022 11
      vertex 50.0888 42.7005 14
      vertex 50.7297 44.1073 11
    endloop
  endfacet
  facet normal 0.524715 0.722154 0.45074
    outer loop
      vertex 50.0888 42.7005 14
      vertex 50.5991 44.2022 11
      vertex 49.6316 43.0327 14
    endloop
  endfacet
  facet normal 0.753516 0.478596 0.450733
    outer loop
      vertex 50.0009 44.8835 11
      vertex 49.8867 45.0633 11
      vertex 48.5566 44.3321 14
    endloop
  endfacet
  facet normal 0.610976 0.650787 0.45076
    outer loop
      vertex 50.3261 44.4586 11
      vertex 49.6316 43.0327 14
      vertex 50.4438 44.3481 11
    endloop
  endfacet
  facet normal 0.610979 0.650784 0.45076
    outer loop
      vertex 49.6316 43.0327 14
      vertex 50.3261 44.4586 11
      vertex 49.2196 43.4195 14
    endloop
  endfacet
  facet normal -0.610976 -0.650787 0.45076
    outer loop
      vertex 54.6739 48.5414 11
      vertex 55.3684 49.9673 14
      vertex 54.5562 48.6519 11
    endloop
  endfacet
  facet normal -0.610979 -0.650784 0.45076
    outer loop
      vertex 55.3684 49.9673 14
      vertex 54.6739 48.5414 11
      vertex 55.7804 49.5805 14
    endloop
  endfacet
  facet normal -0.524531 -0.722278 0.450757
    outer loop
      vertex 54.2703 48.8927 11
      vertex 54.9112 50.2995 14
      vertex 54.0979 49.0179 11
    endloop
  endfacet
  facet normal -0.112219 -0.88559 0.450707
    outer loop
      vertex 53.0588 49.4293 11
      vertex 52.7826 50.9911 14
      vertex 52.8986 49.4496 11
    endloop
  endfacet
  facet normal -0.111847 -0.885614 0.450753
    outer loop
      vertex 52.7826 50.9911 14
      vertex 53.0588 49.4293 11
      vertex 53.3432 50.9203 14
    endloop
  endfacet
  facet normal 0.111847 -0.885614 0.450753
    outer loop
      vertex 51.9412 49.4293 11
      vertex 52.2174 50.9911 14
      vertex 51.6568 50.9203 14
    endloop
  endfacet
  facet normal 0.112219 -0.88559 0.450707
    outer loop
      vertex 52.2174 50.9911 14
      vertex 51.9412 49.4293 11
      vertex 52.1014 49.4496 11
    endloop
  endfacet
  facet normal 0.876845 -0.167281 0.450733
    outer loop
      vertex 48.0355 47.064 14
      vertex 49.6115 47.2416 11
      vertex 48.1414 47.6191 14
    endloop
  endfacet
  facet normal 0.876884 -0.166973 0.450771
    outer loop
      vertex 49.6115 47.2416 11
      vertex 48.0355 47.064 14
      vertex 49.5813 47.083 11
    endloop
  endfacet
  facet normal 0.753516 -0.478596 0.450733
    outer loop
      vertex 49.8867 47.9367 11
      vertex 50.0009 48.1165 11
      vertex 48.5566 48.6679 14
    endloop
  endfacet
  facet normal 0.753675 -0.478333 0.450745
    outer loop
      vertex 48.5566 48.6679 14
      vertex 50.0874 48.2529 11
      vertex 48.8594 49.145 14
    endloop
  endfacet
  facet normal 0.75383 -0.478052 0.450785
    outer loop
      vertex 50.0874 48.2529 11
      vertex 48.5566 48.6679 14
      vertex 50.0009 48.1165 11
    endloop
  endfacet
  facet normal 0.687855 -0.568922 0.450759
    outer loop
      vertex 48.8594 49.145 14
      vertex 50.3261 48.5414 11
      vertex 49.2196 49.5805 14
    endloop
  endfacet
  facet normal 0.687831 -0.568954 0.450754
    outer loop
      vertex 50.3261 48.5414 11
      vertex 48.8594 49.145 14
      vertex 50.2232 48.417 11
    endloop
  endfacet
  facet normal -0.221922 0.864627 0.450745
    outer loop
      vertex 53.2152 43.6108 11
      vertex 53.3432 42.0797 14
      vertex 53.8906 42.2202 14
    endloop
  endfacet
  facet normal -0.221698 0.864676 0.450761
    outer loop
      vertex 53.3432 42.0797 14
      vertex 53.2152 43.6108 11
      vertex 53.0588 43.5707 11
    endloop
  endfacet
  facet normal -0.111847 0.885614 0.450753
    outer loop
      vertex 53.0588 43.5707 11
      vertex 52.7826 42.0089 14
      vertex 53.3432 42.0797 14
    endloop
  endfacet
  facet normal -0.112219 0.88559 0.450707
    outer loop
      vertex 52.7826 42.0089 14
      vertex 53.0588 43.5707 11
      vertex 52.8986 43.5504 11
    endloop
  endfacet
  facet normal -0.524715 0.722154 0.45074
    outer loop
      vertex 54.4009 44.2022 11
      vertex 54.9112 42.7005 14
      vertex 55.3684 43.0327 14
    endloop
  endfacet
  facet normal -0.52474 0.722139 0.450737
    outer loop
      vertex 54.9112 42.7005 14
      vertex 54.4009 44.2022 11
      vertex 54.2703 44.1073 11
    endloop
  endfacet
  facet normal -0.610979 0.650784 0.45076
    outer loop
      vertex 54.6739 44.4586 11
      vertex 55.3684 43.0327 14
      vertex 55.7804 43.4195 14
    endloop
  endfacet
  facet normal -0.610976 0.650787 0.45076
    outer loop
      vertex 55.3684 43.0327 14
      vertex 54.6739 44.4586 11
      vertex 54.5562 44.3481 11
    endloop
  endfacet
  facet normal 0.328952 0.829843 0.450722
    outer loop
      vertex 51.2303 43.8017 11
      vertex 51.1094 42.2202 14
      vertex 51.3804 43.7422 11
    endloop
  endfacet
  facet normal 0.328714 0.829921 0.450754
    outer loop
      vertex 51.1094 42.2202 14
      vertex 51.2303 43.8017 11
      vertex 50.584 42.4283 14
    endloop
  endfacet
  facet normal 0.112219 0.88559 0.450707
    outer loop
      vertex 51.9412 43.5707 11
      vertex 52.2174 42.0089 14
      vertex 52.1014 43.5504 11
    endloop
  endfacet
  facet normal 0.111847 0.885614 0.450753
    outer loop
      vertex 52.2174 42.0089 14
      vertex 51.9412 43.5707 11
      vertex 51.6568 42.0797 14
    endloop
  endfacet
  facet normal 0.687831 0.568954 0.450754
    outer loop
      vertex 48.8594 43.855 14
      vertex 50.3261 44.4586 11
      vertex 50.2232 44.583 11
    endloop
  endfacet
  facet normal 0.687855 0.568922 0.450759
    outer loop
      vertex 50.3261 44.4586 11
      vertex 48.8594 43.855 14
      vertex 49.2196 43.4195 14
    endloop
  endfacet
  facet normal -0.687855 -0.568922 0.450759
    outer loop
      vertex 54.6739 48.5414 11
      vertex 56.1406 49.145 14
      vertex 55.7804 49.5805 14
    endloop
  endfacet
  facet normal -0.687831 -0.568954 0.450754
    outer loop
      vertex 56.1406 49.145 14
      vertex 54.6739 48.5414 11
      vertex 54.7768 48.417 11
    endloop
  endfacet
  facet normal -0.221698 -0.864676 0.450761
    outer loop
      vertex 53.2152 49.3892 11
      vertex 53.3432 50.9203 14
      vertex 53.0588 49.4293 11
    endloop
  endfacet
  facet normal -0.221922 -0.864627 0.450745
    outer loop
      vertex 53.3432 50.9203 14
      vertex 53.2152 49.3892 11
      vertex 53.8906 50.7798 14
    endloop
  endfacet
  facet normal -0.429911 -0.782305 0.45075
    outer loop
      vertex 54.0979 49.0179 11
      vertex 54.9112 50.2995 14
      vertex 53.9112 49.1205 11
    endloop
  endfacet
  facet normal 0.524715 -0.722154 0.45074
    outer loop
      vertex 50.5991 48.7978 11
      vertex 50.0888 50.2995 14
      vertex 49.6316 49.9673 14
    endloop
  endfacet
  facet normal 0.52474 -0.722139 0.450737
    outer loop
      vertex 50.0888 50.2995 14
      vertex 50.5991 48.7978 11
      vertex 50.7297 48.8927 11
    endloop
  endfacet
  facet normal 0.611208 -0.650587 0.450735
    outer loop
      vertex 50.4438 48.6519 11
      vertex 50.5991 48.7978 11
      vertex 49.6316 49.9673 14
    endloop
  endfacet
  facet normal 0.328714 -0.829921 0.450754
    outer loop
      vertex 51.2303 49.1983 11
      vertex 51.1094 50.7798 14
      vertex 50.584 50.5717 14
    endloop
  endfacet
  facet normal 0.328952 -0.829843 0.450722
    outer loop
      vertex 51.1094 50.7798 14
      vertex 51.2303 49.1983 11
      vertex 51.3804 49.2578 11
    endloop
  endfacet
  facet normal 0.429989 -0.782258 0.450757
    outer loop
      vertex 51.0888 49.1205 11
      vertex 50.584 50.5717 14
      vertex 50.0888 50.2995 14
    endloop
  endfacet
  facet normal 0.430079 -0.782213 0.45075
    outer loop
      vertex 50.584 50.5717 14
      vertex 51.0888 49.1205 11
      vertex 51.2303 49.1983 11
    endloop
  endfacet
  facet normal 0.328483 -0.830007 0.450763
    outer loop
      vertex 51.3804 49.2578 11
      vertex 51.5785 49.3362 11
      vertex 51.1094 50.7798 14
    endloop
  endfacet
  facet normal 0.222114 -0.864569 0.450762
    outer loop
      vertex 51.5785 49.3362 11
      vertex 51.7848 49.3892 11
      vertex 51.1094 50.7798 14
    endloop
  endfacet
  facet normal 0.807697 -0.380074 0.450743
    outer loop
      vertex 48.316 48.1566 14
      vertex 49.8867 47.9367 11
      vertex 48.5566 48.6679 14
    endloop
  endfacet
  facet normal 0.807789 -0.379843 0.450774
    outer loop
      vertex 49.8867 47.9367 11
      vertex 48.316 48.1566 14
      vertex 49.818 47.7906 11
    endloop
  endfacet
  facet normal 0.890888 -0.0560754 0.450748
    outer loop
      vertex 48 46.5 14
      vertex 49.528 46.6611 11
      vertex 48.0355 47.064 14
    endloop
  endfacet
  facet normal 0.890895 -0.0558537 0.450763
    outer loop
      vertex 49.528 46.6611 11
      vertex 48 46.5 14
      vertex 49.5179 46.5 11
    endloop
  endfacet
  facet normal -0.328483 0.830007 0.450763
    outer loop
      vertex 53.8906 42.2202 14
      vertex 53.6196 43.7422 11
      vertex 53.4215 43.6638 11
    endloop
  endfacet
  facet normal -0.524531 0.722278 0.450757
    outer loop
      vertex 54.9112 42.7005 14
      vertex 54.2703 44.1073 11
      vertex 54.0979 43.9821 11
    endloop
  endfacet
  facet normal 0.807789 0.379843 0.450774
    outer loop
      vertex 48.316 44.8434 14
      vertex 49.8867 45.0633 11
      vertex 49.818 45.2094 11
    endloop
  endfacet
  facet normal 0.807697 0.380074 0.450743
    outer loop
      vertex 49.8867 45.0633 11
      vertex 48.316 44.8434 14
      vertex 48.5566 44.3321 14
    endloop
  endfacet
  facet normal 0.430079 0.782213 0.45075
    outer loop
      vertex 51.0888 43.8795 11
      vertex 50.584 42.4283 14
      vertex 51.2303 43.8017 11
    endloop
  endfacet
  facet normal 0.429989 0.782258 0.450757
    outer loop
      vertex 50.584 42.4283 14
      vertex 51.0888 43.8795 11
      vertex 50.0888 42.7005 14
    endloop
  endfacet
  facet normal 0.429911 0.782305 0.45075
    outer loop
      vertex 51.0888 43.8795 11
      vertex 50.9021 43.9821 11
      vertex 50.0888 42.7005 14
    endloop
  endfacet
  facet normal 0 0.892659 0.450733
    outer loop
      vertex 52.6872 43.5237 11
      vertex 52.2174 42.0089 14
      vertex 52.7826 42.0089 14
    endloop
  endfacet
  facet normal 0 0.892659 0.450733
    outer loop
      vertex 52.2174 42.0089 14
      vertex 52.6872 43.5237 11
      vertex 52.3128 43.5237 11
    endloop
  endfacet
  facet normal 0.687712 0.569112 0.450738
    outer loop
      vertex 50.2232 44.583 11
      vertex 50.0874 44.7471 11
      vertex 48.8594 43.855 14
    endloop
  endfacet
  facet normal 0.75383 0.478052 0.450785
    outer loop
      vertex 48.5566 44.3321 14
      vertex 50.0874 44.7471 11
      vertex 50.0009 44.8835 11
    endloop
  endfacet
  facet normal 0.753675 0.478333 0.450745
    outer loop
      vertex 50.0874 44.7471 11
      vertex 48.5566 44.3321 14
      vertex 48.8594 43.855 14
    endloop
  endfacet
  facet normal -0.807697 -0.380074 0.450743
    outer loop
      vertex 55.1133 47.9367 11
      vertex 56.684 48.1566 14
      vertex 56.4434 48.6679 14
    endloop
  endfacet
  facet normal -0.807789 -0.379843 0.450774
    outer loop
      vertex 56.684 48.1566 14
      vertex 55.1133 47.9367 11
      vertex 55.182 47.7906 11
    endloop
  endfacet
  facet normal -0.807729 -0.379985 0.450761
    outer loop
      vertex 55.2727 47.5978 11
      vertex 56.684 48.1566 14
      vertex 55.182 47.7906 11
    endloop
  endfacet
  facet normal -0.611208 -0.650587 0.450735
    outer loop
      vertex 54.5562 48.6519 11
      vertex 55.3684 49.9673 14
      vertex 54.4009 48.7978 11
    endloop
  endfacet
  facet normal -0.52474 -0.722139 0.450737
    outer loop
      vertex 54.4009 48.7978 11
      vertex 54.9112 50.2995 14
      vertex 54.2703 48.8927 11
    endloop
  endfacet
  facet normal -0.524715 -0.722154 0.45074
    outer loop
      vertex 54.9112 50.2995 14
      vertex 54.4009 48.7978 11
      vertex 55.3684 49.9673 14
    endloop
  endfacet
  facet normal -0.111855 -0.885621 0.450737
    outer loop
      vertex 52.8986 49.4496 11
      vertex 52.7826 50.9911 14
      vertex 52.6872 49.4763 11
    endloop
  endfacet
  facet normal -0.328952 -0.829843 0.450722
    outer loop
      vertex 53.7697 49.1983 11
      vertex 53.8906 50.7798 14
      vertex 53.6196 49.2578 11
    endloop
  endfacet
  facet normal -0.328714 -0.829921 0.450754
    outer loop
      vertex 53.8906 50.7798 14
      vertex 53.7697 49.1983 11
      vertex 54.416 50.5717 14
    endloop
  endfacet
  facet normal -0.222114 -0.864569 0.450762
    outer loop
      vertex 53.4215 49.3362 11
      vertex 53.8906 50.7798 14
      vertex 53.2152 49.3892 11
    endloop
  endfacet
  facet normal -0.328483 -0.830007 0.450763
    outer loop
      vertex 53.6196 49.2578 11
      vertex 53.8906 50.7798 14
      vertex 53.4215 49.3362 11
    endloop
  endfacet
  facet normal 0.524531 -0.722278 0.450757
    outer loop
      vertex 50.7297 48.8927 11
      vertex 50.9021 49.0179 11
      vertex 50.0888 50.2995 14
    endloop
  endfacet
  facet normal 0.610979 -0.650784 0.45076
    outer loop
      vertex 50.3261 48.5414 11
      vertex 49.6316 49.9673 14
      vertex 49.2196 49.5805 14
    endloop
  endfacet
  facet normal 0.610976 -0.650787 0.45076
    outer loop
      vertex 49.6316 49.9673 14
      vertex 50.3261 48.5414 11
      vertex 50.4438 48.6519 11
    endloop
  endfacet
  facet normal 0.848866 -0.276112 0.450765
    outer loop
      vertex 49.6614 47.3952 11
      vertex 49.7273 47.5978 11
      vertex 48.316 48.1566 14
    endloop
  endfacet
  facet normal 0.807729 -0.379985 0.450761
    outer loop
      vertex 49.7273 47.5978 11
      vertex 49.818 47.7906 11
      vertex 48.316 48.1566 14
    endloop
  endfacet
  facet normal 0.890895 0.0558537 0.450763
    outer loop
      vertex 48 46.5 14
      vertex 49.528 46.3389 11
      vertex 49.5179 46.5 11
    endloop
  endfacet
  facet normal 0.890888 0.0560754 0.450748
    outer loop
      vertex 49.528 46.3389 11
      vertex 48 46.5 14
      vertex 48.0355 45.936 14
    endloop
  endfacet
  facet normal 0.807729 0.379985 0.450761
    outer loop
      vertex 49.818 45.2094 11
      vertex 49.7273 45.4022 11
      vertex 48.316 44.8434 14
    endloop
  endfacet
  facet normal 0.848866 0.276112 0.450765
    outer loop
      vertex 49.7273 45.4022 11
      vertex 49.6614 45.6048 11
      vertex 48.316 44.8434 14
    endloop
  endfacet
  facet normal 0.111855 0.885621 0.450737
    outer loop
      vertex 52.2174 42.0089 14
      vertex 52.3128 43.5237 11
      vertex 52.1014 43.5504 11
    endloop
  endfacet
  facet normal -0.687712 -0.569112 0.450738
    outer loop
      vertex 54.9126 48.2529 11
      vertex 56.1406 49.145 14
      vertex 54.7768 48.417 11
    endloop
  endfacet
  facet normal -0.876884 -0.166973 0.450771
    outer loop
      vertex 56.9645 47.064 14
      vertex 55.3885 47.2416 11
      vertex 55.4187 47.083 11
    endloop
  endfacet
  facet normal -0.876845 -0.167281 0.450733
    outer loop
      vertex 55.3885 47.2416 11
      vertex 56.9645 47.064 14
      vertex 56.8586 47.6191 14
    endloop
  endfacet
  facet normal -0.876845 -0.167238 0.45075
    outer loop
      vertex 55.4586 46.8738 11
      vertex 56.9645 47.064 14
      vertex 55.4187 47.083 11
    endloop
  endfacet
  facet normal -0.753516 -0.478596 0.450733
    outer loop
      vertex 55.1133 47.9367 11
      vertex 56.4434 48.6679 14
      vertex 54.9991 48.1165 11
    endloop
  endfacet
  facet normal -0.753675 -0.478333 0.450745
    outer loop
      vertex 54.9126 48.2529 11
      vertex 56.4434 48.6679 14
      vertex 56.1406 49.145 14
    endloop
  endfacet
  facet normal -0.75383 -0.478052 0.450785
    outer loop
      vertex 56.4434 48.6679 14
      vertex 54.9126 48.2529 11
      vertex 54.9991 48.1165 11
    endloop
  endfacet
  facet normal 0 -0.892659 0.450733
    outer loop
      vertex 52.3128 49.4763 11
      vertex 52.7826 50.9911 14
      vertex 52.2174 50.9911 14
    endloop
  endfacet
  facet normal 0 -0.892659 0.450733
    outer loop
      vertex 52.7826 50.9911 14
      vertex 52.3128 49.4763 11
      vertex 52.6872 49.4763 11
    endloop
  endfacet
  facet normal 0.890883 0.0561252 0.450752
    outer loop
      vertex 49.5414 46.1262 11
      vertex 49.528 46.3389 11
      vertex 48.0355 45.936 14
    endloop
  endfacet
  facet normal -0.848866 -0.276112 0.450765
    outer loop
      vertex 55.3386 47.3952 11
      vertex 56.684 48.1566 14
      vertex 55.2727 47.5978 11
    endloop
  endfacet
  facet normal -0.848988 -0.275783 0.450736
    outer loop
      vertex 55.3386 47.3952 11
      vertex 56.8586 47.6191 14
      vertex 56.684 48.1566 14
    endloop
  endfacet
  facet normal -0.848981 -0.275808 0.450735
    outer loop
      vertex 56.8586 47.6191 14
      vertex 55.3386 47.3952 11
      vertex 55.3885 47.2416 11
    endloop
  endfacet
  facet normal 0.890883 -0.0561252 0.450752
    outer loop
      vertex 49.528 46.6611 11
      vertex 49.5414 46.8738 11
      vertex 48.0355 47.064 14
    endloop
  endfacet
  facet normal 0.876845 -0.167238 0.45075
    outer loop
      vertex 49.5414 46.8738 11
      vertex 49.5813 47.083 11
      vertex 48.0355 47.064 14
    endloop
  endfacet
  facet normal -0.687831 0.568954 0.450754
    outer loop
      vertex -50.3261 44.4586 11
      vertex -48.8594 43.855 14
      vertex -50.2232 44.583 11
    endloop
  endfacet
  facet normal -0.687855 0.568922 0.450759
    outer loop
      vertex -48.8594 43.855 14
      vertex -50.3261 44.4586 11
      vertex -49.2196 43.4195 14
    endloop
  endfacet
  facet normal -0.890895 -0.0558537 0.450763
    outer loop
      vertex -48 46.5 14
      vertex -49.528 46.6611 11
      vertex -49.5179 46.5 11
    endloop
  endfacet
  facet normal -0.890888 -0.0560754 0.450748
    outer loop
      vertex -49.528 46.6611 11
      vertex -48 46.5 14
      vertex -48.0355 47.064 14
    endloop
  endfacet
  facet normal -0.890883 -0.0561252 0.450752
    outer loop
      vertex -49.528 46.6611 11
      vertex -48.0355 47.064 14
      vertex -49.5414 46.8738 11
    endloop
  endfacet
  facet normal -0.890883 0.0561252 0.450752
    outer loop
      vertex -48.0355 45.936 14
      vertex -49.528 46.3389 11
      vertex -49.5414 46.1262 11
    endloop
  endfacet
  facet normal 0.876845 0.167238 0.45075
    outer loop
      vertex -55.4187 45.917 11
      vertex -55.4586 46.1262 11
      vertex -56.9645 45.936 14
    endloop
  endfacet
  facet normal 0.221922 -0.864627 0.450745
    outer loop
      vertex -53.2152 49.3892 11
      vertex -53.3432 50.9203 14
      vertex -53.8906 50.7798 14
    endloop
  endfacet
  facet normal 0.221698 -0.864676 0.450761
    outer loop
      vertex -53.3432 50.9203 14
      vertex -53.2152 49.3892 11
      vertex -53.0588 49.4293 11
    endloop
  endfacet
  facet normal -0.111855 0.885621 0.450737
    outer loop
      vertex -52.2174 42.0089 14
      vertex -52.1014 43.5504 11
      vertex -52.3128 43.5237 11
    endloop
  endfacet
  facet normal -0.876884 0.166973 0.450771
    outer loop
      vertex -49.6115 45.7584 11
      vertex -48.0355 45.936 14
      vertex -49.5813 45.917 11
    endloop
  endfacet
  facet normal -0.876845 0.167281 0.450733
    outer loop
      vertex -48.0355 45.936 14
      vertex -49.6115 45.7584 11
      vertex -48.1414 45.3809 14
    endloop
  endfacet
  facet normal -0.807789 0.379843 0.450774
    outer loop
      vertex -49.8867 45.0633 11
      vertex -48.316 44.8434 14
      vertex -49.818 45.2094 11
    endloop
  endfacet
  facet normal -0.807697 0.380074 0.450743
    outer loop
      vertex -48.316 44.8434 14
      vertex -49.8867 45.0633 11
      vertex -48.5566 44.3321 14
    endloop
  endfacet
  facet normal 0.611208 0.650587 0.450735
    outer loop
      vertex -54.4009 44.2022 11
      vertex -54.5562 44.3481 11
      vertex -55.3684 43.0327 14
    endloop
  endfacet
  facet normal 0.111855 -0.885621 0.450737
    outer loop
      vertex -52.6872 49.4763 11
      vertex -52.7826 50.9911 14
      vertex -52.8986 49.4496 11
    endloop
  endfacet
  facet normal 0.687712 -0.569112 0.450738
    outer loop
      vertex -54.9126 48.2529 11
      vertex -54.7768 48.417 11
      vertex -56.1406 49.145 14
    endloop
  endfacet
  facet normal -0.848981 0.275808 0.450735
    outer loop
      vertex -49.6614 45.6048 11
      vertex -48.1414 45.3809 14
      vertex -49.6115 45.7584 11
    endloop
  endfacet
  facet normal -0.848988 0.275783 0.450736
    outer loop
      vertex -48.1414 45.3809 14
      vertex -49.6614 45.6048 11
      vertex -48.316 44.8434 14
    endloop
  endfacet
  facet normal -0.890895 0.0558537 0.450763
    outer loop
      vertex -49.528 46.3389 11
      vertex -48 46.5 14
      vertex -49.5179 46.5 11
    endloop
  endfacet
  facet normal -0.890888 0.0560754 0.450748
    outer loop
      vertex -48 46.5 14
      vertex -49.528 46.3389 11
      vertex -48.0355 45.936 14
    endloop
  endfacet
  facet normal -0.848866 0.276112 0.450765
    outer loop
      vertex -48.316 44.8434 14
      vertex -49.6614 45.6048 11
      vertex -49.7273 45.4022 11
    endloop
  endfacet
  facet normal -0.753516 0.478596 0.450733
    outer loop
      vertex -48.5566 44.3321 14
      vertex -49.8867 45.0633 11
      vertex -50.0009 44.8835 11
    endloop
  endfacet
  facet normal -0.807729 0.379985 0.450761
    outer loop
      vertex -48.316 44.8434 14
      vertex -49.7273 45.4022 11
      vertex -49.818 45.2094 11
    endloop
  endfacet
  facet normal -0.429911 0.782305 0.45075
    outer loop
      vertex -50.0888 42.7005 14
      vertex -50.9021 43.9821 11
      vertex -51.0888 43.8795 11
    endloop
  endfacet
  facet normal -0.429989 0.782258 0.450757
    outer loop
      vertex -51.0888 43.8795 11
      vertex -50.584 42.4283 14
      vertex -50.0888 42.7005 14
    endloop
  endfacet
  facet normal -0.430079 0.782213 0.45075
    outer loop
      vertex -50.584 42.4283 14
      vertex -51.0888 43.8795 11
      vertex -51.2303 43.8017 11
    endloop
  endfacet
  facet normal -0.430079 -0.782213 0.45075
    outer loop
      vertex -51.0888 49.1205 11
      vertex -50.584 50.5717 14
      vertex -51.2303 49.1983 11
    endloop
  endfacet
  facet normal -0.429989 -0.782258 0.450757
    outer loop
      vertex -50.584 50.5717 14
      vertex -51.0888 49.1205 11
      vertex -50.0888 50.2995 14
    endloop
  endfacet
  facet normal 0.848988 -0.275783 0.450736
    outer loop
      vertex -56.8586 47.6191 14
      vertex -55.3386 47.3952 11
      vertex -56.684 48.1566 14
    endloop
  endfacet
  facet normal 0.848981 -0.275808 0.450735
    outer loop
      vertex -55.3386 47.3952 11
      vertex -56.8586 47.6191 14
      vertex -55.3885 47.2416 11
    endloop
  endfacet
  facet normal 0.429911 -0.782305 0.45075
    outer loop
      vertex -54.0979 49.0179 11
      vertex -53.9112 49.1205 11
      vertex -54.9112 50.2995 14
    endloop
  endfacet
  facet normal -0.876845 0.167238 0.45075
    outer loop
      vertex -48.0355 45.936 14
      vertex -49.5414 46.1262 11
      vertex -49.5813 45.917 11
    endloop
  endfacet
  facet normal -0.75383 0.478052 0.450785
    outer loop
      vertex -50.0874 44.7471 11
      vertex -48.5566 44.3321 14
      vertex -50.0009 44.8835 11
    endloop
  endfacet
  facet normal -0.753675 0.478333 0.450745
    outer loop
      vertex -48.5566 44.3321 14
      vertex -50.0874 44.7471 11
      vertex -48.8594 43.855 14
    endloop
  endfacet
  facet normal -0.687712 0.569112 0.450738
    outer loop
      vertex -48.8594 43.855 14
      vertex -50.0874 44.7471 11
      vertex -50.2232 44.583 11
    endloop
  endfacet
  facet normal -0.328714 0.829921 0.450754
    outer loop
      vertex -51.2303 43.8017 11
      vertex -51.1094 42.2202 14
      vertex -50.584 42.4283 14
    endloop
  endfacet
  facet normal -0.328952 0.829843 0.450722
    outer loop
      vertex -51.1094 42.2202 14
      vertex -51.2303 43.8017 11
      vertex -51.3804 43.7422 11
    endloop
  endfacet
  facet normal -0.611208 0.650587 0.450735
    outer loop
      vertex -49.6316 43.0327 14
      vertex -50.4438 44.3481 11
      vertex -50.5991 44.2022 11
    endloop
  endfacet
  facet normal -0.222114 0.864569 0.450762
    outer loop
      vertex -51.1094 42.2202 14
      vertex -51.5785 43.6638 11
      vertex -51.7848 43.6108 11
    endloop
  endfacet
  facet normal 0.848981 0.275808 0.450735
    outer loop
      vertex -56.8586 45.3809 14
      vertex -55.3386 45.6048 11
      vertex -55.3885 45.7584 11
    endloop
  endfacet
  facet normal 0.848988 0.275783 0.450736
    outer loop
      vertex -55.3386 45.6048 11
      vertex -56.8586 45.3809 14
      vertex -56.684 44.8434 14
    endloop
  endfacet
  facet normal 0.876884 0.166973 0.450771
    outer loop
      vertex -56.9645 45.936 14
      vertex -55.3885 45.7584 11
      vertex -55.4187 45.917 11
    endloop
  endfacet
  facet normal 0.876845 0.167281 0.450733
    outer loop
      vertex -55.3885 45.7584 11
      vertex -56.9645 45.936 14
      vertex -56.8586 45.3809 14
    endloop
  endfacet
  facet normal 0.328483 0.830007 0.450763
    outer loop
      vertex -53.4215 43.6638 11
      vertex -53.6196 43.7422 11
      vertex -53.8906 42.2202 14
    endloop
  endfacet
  facet normal 0.221698 0.864676 0.450761
    outer loop
      vertex -53.2152 43.6108 11
      vertex -53.3432 42.0797 14
      vertex -53.0588 43.5707 11
    endloop
  endfacet
  facet normal 0.221922 0.864627 0.450745
    outer loop
      vertex -53.3432 42.0797 14
      vertex -53.2152 43.6108 11
      vertex -53.8906 42.2202 14
    endloop
  endfacet
  facet normal 0.222114 0.864569 0.450762
    outer loop
      vertex -53.2152 43.6108 11
      vertex -53.4215 43.6638 11
      vertex -53.8906 42.2202 14
    endloop
  endfacet
  facet normal 0.524531 0.722278 0.450757
    outer loop
      vertex -54.0979 43.9821 11
      vertex -54.2703 44.1073 11
      vertex -54.9112 42.7005 14
    endloop
  endfacet
  facet normal 0.52474 0.722139 0.450737
    outer loop
      vertex -54.4009 44.2022 11
      vertex -54.9112 42.7005 14
      vertex -54.2703 44.1073 11
    endloop
  endfacet
  facet normal 0.524715 0.722154 0.45074
    outer loop
      vertex -54.9112 42.7005 14
      vertex -54.4009 44.2022 11
      vertex -55.3684 43.0327 14
    endloop
  endfacet
  facet normal 0.753516 0.478596 0.450733
    outer loop
      vertex -54.9991 44.8835 11
      vertex -55.1133 45.0633 11
      vertex -56.4434 44.3321 14
    endloop
  endfacet
  facet normal 0.610976 0.650787 0.45076
    outer loop
      vertex -54.6739 44.4586 11
      vertex -55.3684 43.0327 14
      vertex -54.5562 44.3481 11
    endloop
  endfacet
  facet normal 0.610979 0.650784 0.45076
    outer loop
      vertex -55.3684 43.0327 14
      vertex -54.6739 44.4586 11
      vertex -55.7804 43.4195 14
    endloop
  endfacet
  facet normal -0.610976 -0.650787 0.45076
    outer loop
      vertex -50.3261 48.5414 11
      vertex -49.6316 49.9673 14
      vertex -50.4438 48.6519 11
    endloop
  endfacet
  facet normal -0.610979 -0.650784 0.45076
    outer loop
      vertex -49.6316 49.9673 14
      vertex -50.3261 48.5414 11
      vertex -49.2196 49.5805 14
    endloop
  endfacet
  facet normal -0.524531 -0.722278 0.450757
    outer loop
      vertex -50.7297 48.8927 11
      vertex -50.0888 50.2995 14
      vertex -50.9021 49.0179 11
    endloop
  endfacet
  facet normal -0.112219 -0.88559 0.450707
    outer loop
      vertex -51.9412 49.4293 11
      vertex -52.2174 50.9911 14
      vertex -52.1014 49.4496 11
    endloop
  endfacet
  facet normal -0.111847 -0.885614 0.450753
    outer loop
      vertex -52.2174 50.9911 14
      vertex -51.9412 49.4293 11
      vertex -51.6568 50.9203 14
    endloop
  endfacet
  facet normal 0.111847 -0.885614 0.450753
    outer loop
      vertex -53.0588 49.4293 11
      vertex -52.7826 50.9911 14
      vertex -53.3432 50.9203 14
    endloop
  endfacet
  facet normal 0.112219 -0.88559 0.450707
    outer loop
      vertex -52.7826 50.9911 14
      vertex -53.0588 49.4293 11
      vertex -52.8986 49.4496 11
    endloop
  endfacet
  facet normal 0.876845 -0.167281 0.450733
    outer loop
      vertex -56.9645 47.064 14
      vertex -55.3885 47.2416 11
      vertex -56.8586 47.6191 14
    endloop
  endfacet
  facet normal 0.876884 -0.166973 0.450771
    outer loop
      vertex -55.3885 47.2416 11
      vertex -56.9645 47.064 14
      vertex -55.4187 47.083 11
    endloop
  endfacet
  facet normal 0.753516 -0.478596 0.450733
    outer loop
      vertex -55.1133 47.9367 11
      vertex -54.9991 48.1165 11
      vertex -56.4434 48.6679 14
    endloop
  endfacet
  facet normal 0.753675 -0.478333 0.450745
    outer loop
      vertex -56.4434 48.6679 14
      vertex -54.9126 48.2529 11
      vertex -56.1406 49.145 14
    endloop
  endfacet
  facet normal 0.75383 -0.478052 0.450785
    outer loop
      vertex -54.9126 48.2529 11
      vertex -56.4434 48.6679 14
      vertex -54.9991 48.1165 11
    endloop
  endfacet
  facet normal 0.687855 -0.568922 0.450759
    outer loop
      vertex -56.1406 49.145 14
      vertex -54.6739 48.5414 11
      vertex -55.7804 49.5805 14
    endloop
  endfacet
  facet normal 0.687831 -0.568954 0.450754
    outer loop
      vertex -54.6739 48.5414 11
      vertex -56.1406 49.145 14
      vertex -54.7768 48.417 11
    endloop
  endfacet
  facet normal -0.221922 0.864627 0.450745
    outer loop
      vertex -51.7848 43.6108 11
      vertex -51.6568 42.0797 14
      vertex -51.1094 42.2202 14
    endloop
  endfacet
  facet normal -0.221698 0.864676 0.450761
    outer loop
      vertex -51.6568 42.0797 14
      vertex -51.7848 43.6108 11
      vertex -51.9412 43.5707 11
    endloop
  endfacet
  facet normal -0.111847 0.885614 0.450753
    outer loop
      vertex -51.9412 43.5707 11
      vertex -52.2174 42.0089 14
      vertex -51.6568 42.0797 14
    endloop
  endfacet
  facet normal -0.112219 0.88559 0.450707
    outer loop
      vertex -52.2174 42.0089 14
      vertex -51.9412 43.5707 11
      vertex -52.1014 43.5504 11
    endloop
  endfacet
  facet normal -0.524715 0.722154 0.45074
    outer loop
      vertex -50.5991 44.2022 11
      vertex -50.0888 42.7005 14
      vertex -49.6316 43.0327 14
    endloop
  endfacet
  facet normal -0.52474 0.722139 0.450737
    outer loop
      vertex -50.0888 42.7005 14
      vertex -50.5991 44.2022 11
      vertex -50.7297 44.1073 11
    endloop
  endfacet
  facet normal -0.610979 0.650784 0.45076
    outer loop
      vertex -50.3261 44.4586 11
      vertex -49.6316 43.0327 14
      vertex -49.2196 43.4195 14
    endloop
  endfacet
  facet normal -0.610976 0.650787 0.45076
    outer loop
      vertex -49.6316 43.0327 14
      vertex -50.3261 44.4586 11
      vertex -50.4438 44.3481 11
    endloop
  endfacet
  facet normal 0.328952 0.829843 0.450722
    outer loop
      vertex -53.7697 43.8017 11
      vertex -53.8906 42.2202 14
      vertex -53.6196 43.7422 11
    endloop
  endfacet
  facet normal 0.328714 0.829921 0.450754
    outer loop
      vertex -53.8906 42.2202 14
      vertex -53.7697 43.8017 11
      vertex -54.416 42.4283 14
    endloop
  endfacet
  facet normal 0.112219 0.88559 0.450707
    outer loop
      vertex -53.0588 43.5707 11
      vertex -52.7826 42.0089 14
      vertex -52.8986 43.5504 11
    endloop
  endfacet
  facet normal 0.111847 0.885614 0.450753
    outer loop
      vertex -52.7826 42.0089 14
      vertex -53.0588 43.5707 11
      vertex -53.3432 42.0797 14
    endloop
  endfacet
  facet normal 0.687831 0.568954 0.450754
    outer loop
      vertex -56.1406 43.855 14
      vertex -54.6739 44.4586 11
      vertex -54.7768 44.583 11
    endloop
  endfacet
  facet normal 0.687855 0.568922 0.450759
    outer loop
      vertex -54.6739 44.4586 11
      vertex -56.1406 43.855 14
      vertex -55.7804 43.4195 14
    endloop
  endfacet
  facet normal -0.687855 -0.568922 0.450759
    outer loop
      vertex -50.3261 48.5414 11
      vertex -48.8594 49.145 14
      vertex -49.2196 49.5805 14
    endloop
  endfacet
  facet normal -0.687831 -0.568954 0.450754
    outer loop
      vertex -48.8594 49.145 14
      vertex -50.3261 48.5414 11
      vertex -50.2232 48.417 11
    endloop
  endfacet
  facet normal -0.221698 -0.864676 0.450761
    outer loop
      vertex -51.7848 49.3892 11
      vertex -51.6568 50.9203 14
      vertex -51.9412 49.4293 11
    endloop
  endfacet
  facet normal -0.221922 -0.864627 0.450745
    outer loop
      vertex -51.6568 50.9203 14
      vertex -51.7848 49.3892 11
      vertex -51.1094 50.7798 14
    endloop
  endfacet
  facet normal -0.429911 -0.782305 0.45075
    outer loop
      vertex -50.9021 49.0179 11
      vertex -50.0888 50.2995 14
      vertex -51.0888 49.1205 11
    endloop
  endfacet
  facet normal 0.524715 -0.722154 0.45074
    outer loop
      vertex -54.4009 48.7978 11
      vertex -54.9112 50.2995 14
      vertex -55.3684 49.9673 14
    endloop
  endfacet
  facet normal 0.52474 -0.722139 0.450737
    outer loop
      vertex -54.9112 50.2995 14
      vertex -54.4009 48.7978 11
      vertex -54.2703 48.8927 11
    endloop
  endfacet
  facet normal 0.611208 -0.650587 0.450735
    outer loop
      vertex -54.5562 48.6519 11
      vertex -54.4009 48.7978 11
      vertex -55.3684 49.9673 14
    endloop
  endfacet
  facet normal 0.328714 -0.829921 0.450754
    outer loop
      vertex -53.7697 49.1983 11
      vertex -53.8906 50.7798 14
      vertex -54.416 50.5717 14
    endloop
  endfacet
  facet normal 0.328952 -0.829843 0.450722
    outer loop
      vertex -53.8906 50.7798 14
      vertex -53.7697 49.1983 11
      vertex -53.6196 49.2578 11
    endloop
  endfacet
  facet normal 0.429989 -0.782258 0.450757
    outer loop
      vertex -53.9112 49.1205 11
      vertex -54.416 50.5717 14
      vertex -54.9112 50.2995 14
    endloop
  endfacet
  facet normal 0.430079 -0.782213 0.45075
    outer loop
      vertex -54.416 50.5717 14
      vertex -53.9112 49.1205 11
      vertex -53.7697 49.1983 11
    endloop
  endfacet
  facet normal 0.328483 -0.830007 0.450763
    outer loop
      vertex -53.6196 49.2578 11
      vertex -53.4215 49.3362 11
      vertex -53.8906 50.7798 14
    endloop
  endfacet
  facet normal 0.222114 -0.864569 0.450762
    outer loop
      vertex -53.4215 49.3362 11
      vertex -53.2152 49.3892 11
      vertex -53.8906 50.7798 14
    endloop
  endfacet
  facet normal 0.807697 -0.380074 0.450743
    outer loop
      vertex -56.684 48.1566 14
      vertex -55.1133 47.9367 11
      vertex -56.4434 48.6679 14
    endloop
  endfacet
  facet normal 0.807789 -0.379843 0.450774
    outer loop
      vertex -55.1133 47.9367 11
      vertex -56.684 48.1566 14
      vertex -55.182 47.7906 11
    endloop
  endfacet
  facet normal 0.890888 -0.0560754 0.450748
    outer loop
      vertex -57 46.5 14
      vertex -55.472 46.6611 11
      vertex -56.9645 47.064 14
    endloop
  endfacet
  facet normal 0.890895 -0.0558537 0.450763
    outer loop
      vertex -55.472 46.6611 11
      vertex -57 46.5 14
      vertex -55.4821 46.5 11
    endloop
  endfacet
  facet normal -0.328483 0.830007 0.450763
    outer loop
      vertex -51.1094 42.2202 14
      vertex -51.3804 43.7422 11
      vertex -51.5785 43.6638 11
    endloop
  endfacet
  facet normal -0.524531 0.722278 0.450757
    outer loop
      vertex -50.0888 42.7005 14
      vertex -50.7297 44.1073 11
      vertex -50.9021 43.9821 11
    endloop
  endfacet
  facet normal 0.807789 0.379843 0.450774
    outer loop
      vertex -56.684 44.8434 14
      vertex -55.1133 45.0633 11
      vertex -55.182 45.2094 11
    endloop
  endfacet
  facet normal 0.807697 0.380074 0.450743
    outer loop
      vertex -55.1133 45.0633 11
      vertex -56.684 44.8434 14
      vertex -56.4434 44.3321 14
    endloop
  endfacet
  facet normal 0.430079 0.782213 0.45075
    outer loop
      vertex -53.9112 43.8795 11
      vertex -54.416 42.4283 14
      vertex -53.7697 43.8017 11
    endloop
  endfacet
  facet normal 0.429989 0.782258 0.450757
    outer loop
      vertex -54.416 42.4283 14
      vertex -53.9112 43.8795 11
      vertex -54.9112 42.7005 14
    endloop
  endfacet
  facet normal 0.429911 0.782305 0.45075
    outer loop
      vertex -53.9112 43.8795 11
      vertex -54.0979 43.9821 11
      vertex -54.9112 42.7005 14
    endloop
  endfacet
  facet normal 0 0.892659 0.450733
    outer loop
      vertex -52.3128 43.5237 11
      vertex -52.7826 42.0089 14
      vertex -52.2174 42.0089 14
    endloop
  endfacet
  facet normal 0 0.892659 0.450733
    outer loop
      vertex -52.7826 42.0089 14
      vertex -52.3128 43.5237 11
      vertex -52.6872 43.5237 11
    endloop
  endfacet
  facet normal 0.687712 0.569112 0.450738
    outer loop
      vertex -54.7768 44.583 11
      vertex -54.9126 44.7471 11
      vertex -56.1406 43.855 14
    endloop
  endfacet
  facet normal 0.75383 0.478052 0.450785
    outer loop
      vertex -56.4434 44.3321 14
      vertex -54.9126 44.7471 11
      vertex -54.9991 44.8835 11
    endloop
  endfacet
  facet normal 0.753675 0.478333 0.450745
    outer loop
      vertex -54.9126 44.7471 11
      vertex -56.4434 44.3321 14
      vertex -56.1406 43.855 14
    endloop
  endfacet
  facet normal -0.807697 -0.380074 0.450743
    outer loop
      vertex -49.8867 47.9367 11
      vertex -48.316 48.1566 14
      vertex -48.5566 48.6679 14
    endloop
  endfacet
  facet normal -0.807789 -0.379843 0.450774
    outer loop
      vertex -48.316 48.1566 14
      vertex -49.8867 47.9367 11
      vertex -49.818 47.7906 11
    endloop
  endfacet
  facet normal -0.807729 -0.379985 0.450761
    outer loop
      vertex -49.7273 47.5978 11
      vertex -48.316 48.1566 14
      vertex -49.818 47.7906 11
    endloop
  endfacet
  facet normal -0.611208 -0.650587 0.450735
    outer loop
      vertex -50.4438 48.6519 11
      vertex -49.6316 49.9673 14
      vertex -50.5991 48.7978 11
    endloop
  endfacet
  facet normal -0.52474 -0.722139 0.450737
    outer loop
      vertex -50.5991 48.7978 11
      vertex -50.0888 50.2995 14
      vertex -50.7297 48.8927 11
    endloop
  endfacet
  facet normal -0.524715 -0.722154 0.45074
    outer loop
      vertex -50.0888 50.2995 14
      vertex -50.5991 48.7978 11
      vertex -49.6316 49.9673 14
    endloop
  endfacet
  facet normal -0.111855 -0.885621 0.450737
    outer loop
      vertex -52.1014 49.4496 11
      vertex -52.2174 50.9911 14
      vertex -52.3128 49.4763 11
    endloop
  endfacet
  facet normal -0.328952 -0.829843 0.450722
    outer loop
      vertex -51.2303 49.1983 11
      vertex -51.1094 50.7798 14
      vertex -51.3804 49.2578 11
    endloop
  endfacet
  facet normal -0.328714 -0.829921 0.450754
    outer loop
      vertex -51.1094 50.7798 14
      vertex -51.2303 49.1983 11
      vertex -50.584 50.5717 14
    endloop
  endfacet
  facet normal -0.222114 -0.864569 0.450762
    outer loop
      vertex -51.5785 49.3362 11
      vertex -51.1094 50.7798 14
      vertex -51.7848 49.3892 11
    endloop
  endfacet
  facet normal -0.328483 -0.830007 0.450763
    outer loop
      vertex -51.3804 49.2578 11
      vertex -51.1094 50.7798 14
      vertex -51.5785 49.3362 11
    endloop
  endfacet
  facet normal 0.524531 -0.722278 0.450757
    outer loop
      vertex -54.2703 48.8927 11
      vertex -54.0979 49.0179 11
      vertex -54.9112 50.2995 14
    endloop
  endfacet
  facet normal 0.610979 -0.650784 0.45076
    outer loop
      vertex -54.6739 48.5414 11
      vertex -55.3684 49.9673 14
      vertex -55.7804 49.5805 14
    endloop
  endfacet
  facet normal 0.610976 -0.650787 0.45076
    outer loop
      vertex -55.3684 49.9673 14
      vertex -54.6739 48.5414 11
      vertex -54.5562 48.6519 11
    endloop
  endfacet
  facet normal 0.848866 -0.276112 0.450765
    outer loop
      vertex -55.3386 47.3952 11
      vertex -55.2727 47.5978 11
      vertex -56.684 48.1566 14
    endloop
  endfacet
  facet normal 0.807729 -0.379985 0.450761
    outer loop
      vertex -55.2727 47.5978 11
      vertex -55.182 47.7906 11
      vertex -56.684 48.1566 14
    endloop
  endfacet
  facet normal 0.890895 0.0558537 0.450763
    outer loop
      vertex -57 46.5 14
      vertex -55.472 46.3389 11
      vertex -55.4821 46.5 11
    endloop
  endfacet
  facet normal 0.890888 0.0560754 0.450748
    outer loop
      vertex -55.472 46.3389 11
      vertex -57 46.5 14
      vertex -56.9645 45.936 14
    endloop
  endfacet
  facet normal 0.807729 0.379985 0.450761
    outer loop
      vertex -55.182 45.2094 11
      vertex -55.2727 45.4022 11
      vertex -56.684 44.8434 14
    endloop
  endfacet
  facet normal 0.848866 0.276112 0.450765
    outer loop
      vertex -55.2727 45.4022 11
      vertex -55.3386 45.6048 11
      vertex -56.684 44.8434 14
    endloop
  endfacet
  facet normal 0.111855 0.885621 0.450737
    outer loop
      vertex -52.7826 42.0089 14
      vertex -52.6872 43.5237 11
      vertex -52.8986 43.5504 11
    endloop
  endfacet
  facet normal -0.687712 -0.569112 0.450738
    outer loop
      vertex -50.0874 48.2529 11
      vertex -48.8594 49.145 14
      vertex -50.2232 48.417 11
    endloop
  endfacet
  facet normal -0.876884 -0.166973 0.450771
    outer loop
      vertex -48.0355 47.064 14
      vertex -49.6115 47.2416 11
      vertex -49.5813 47.083 11
    endloop
  endfacet
  facet normal -0.876845 -0.167281 0.450733
    outer loop
      vertex -49.6115 47.2416 11
      vertex -48.0355 47.064 14
      vertex -48.1414 47.6191 14
    endloop
  endfacet
  facet normal -0.876845 -0.167238 0.45075
    outer loop
      vertex -49.5414 46.8738 11
      vertex -48.0355 47.064 14
      vertex -49.5813 47.083 11
    endloop
  endfacet
  facet normal -0.753516 -0.478596 0.450733
    outer loop
      vertex -49.8867 47.9367 11
      vertex -48.5566 48.6679 14
      vertex -50.0009 48.1165 11
    endloop
  endfacet
  facet normal -0.753675 -0.478333 0.450745
    outer loop
      vertex -50.0874 48.2529 11
      vertex -48.5566 48.6679 14
      vertex -48.8594 49.145 14
    endloop
  endfacet
  facet normal -0.75383 -0.478052 0.450785
    outer loop
      vertex -48.5566 48.6679 14
      vertex -50.0874 48.2529 11
      vertex -50.0009 48.1165 11
    endloop
  endfacet
  facet normal 0 -0.892659 0.450733
    outer loop
      vertex -52.6872 49.4763 11
      vertex -52.2174 50.9911 14
      vertex -52.7826 50.9911 14
    endloop
  endfacet
  facet normal 0 -0.892659 0.450733
    outer loop
      vertex -52.2174 50.9911 14
      vertex -52.6872 49.4763 11
      vertex -52.3128 49.4763 11
    endloop
  endfacet
  facet normal 0.890883 0.0561252 0.450752
    outer loop
      vertex -55.4586 46.1262 11
      vertex -55.472 46.3389 11
      vertex -56.9645 45.936 14
    endloop
  endfacet
  facet normal -0.848866 -0.276112 0.450765
    outer loop
      vertex -49.6614 47.3952 11
      vertex -48.316 48.1566 14
      vertex -49.7273 47.5978 11
    endloop
  endfacet
  facet normal -0.848988 -0.275783 0.450736
    outer loop
      vertex -49.6614 47.3952 11
      vertex -48.1414 47.6191 14
      vertex -48.316 48.1566 14
    endloop
  endfacet
  facet normal -0.848981 -0.275808 0.450735
    outer loop
      vertex -48.1414 47.6191 14
      vertex -49.6614 47.3952 11
      vertex -49.6115 47.2416 11
    endloop
  endfacet
  facet normal 0.890883 -0.0561252 0.450752
    outer loop
      vertex -55.472 46.6611 11
      vertex -55.4586 46.8738 11
      vertex -56.9645 47.064 14
    endloop
  endfacet
  facet normal 0.876845 -0.167238 0.45075
    outer loop
      vertex -55.4586 46.8738 11
      vertex -55.4187 47.083 11
      vertex -56.9645 47.064 14
    endloop
  endfacet
  facet normal 0 0 -1
    outer loop
      vertex 55.4187 45.917 11
      vertex 74.5 50 11
      vertex 74.5 37.5 11
    endloop
  endfacet
  facet normal 0 -0 -1
    outer loop
      vertex 55.472 46.3389 11
      vertex 74.5 50 11
      vertex 55.4586 46.1262 11
    endloop
  endfacet
  facet normal 0 -0 -1
    outer loop
      vertex 55.4821 46.5 11
      vertex 74.5 50 11
      vertex 55.472 46.3389 11
    endloop
  endfacet
  facet normal 0 0 -1
    outer loop
      vertex 74.4606 50.6267 11
      vertex 69.8139 54.9901 11
      vertex 74.3429 51.2435 11
    endloop
  endfacet
  facet normal 0 0 -1
    outer loop
      vertex 74.3429 51.2435 11
      vertex 69.8139 54.9901 11
      vertex 74.1489 51.8406 11
    endloop
  endfacet
  facet normal 0 0 -1
    outer loop
      vertex 73.8815 52.4088 11
      vertex 69.8139 54.9901 11
      vertex 73.5451 52.9389 11
    endloop
  endfacet
  facet normal 0 0 -1
    outer loop
      vertex 73.5451 52.9389 11
      vertex 69.8139 54.9901 11
      vertex 73.1448 53.4227 11
    endloop
  endfacet
  facet normal 0 0 -1
    outer loop
      vertex 73.1448 53.4227 11
      vertex 69.8139 54.9901 11
      vertex 72.6871 53.8526 11
    endloop
  endfacet
  facet normal 0 0 -1
    outer loop
      vertex 72.6871 53.8526 11
      vertex 69.8139 54.9901 11
      vertex 72.1791 54.2216 11
    endloop
  endfacet
  facet normal 0 0 -1
    outer loop
      vertex 72.1791 54.2216 11
      vertex 69.8139 54.9901 11
      vertex 71.6289 54.5241 11
    endloop
  endfacet
  facet normal 0 0 -1
    outer loop
      vertex 71.6289 54.5241 11
      vertex 69.8139 54.9901 11
      vertex 71.0451 54.7553 11
    endloop
  endfacet
  facet normal 0 0 -1
    outer loop
      vertex 71.0451 54.7553 11
      vertex 69.8139 54.9901 11
      vertex 70.4369 54.9114 11
    endloop
  endfacet
  facet normal 0 0 -1
    outer loop
      vertex 74.1489 51.8406 11
      vertex 69.8139 54.9901 11
      vertex 73.8815 52.4088 11
    endloop
  endfacet
  facet normal -0 0 -1
    outer loop
      vertex 74.5 50 11
      vertex 55.4821 46.5 11
      vertex 69.8139 54.9901 11
    endloop
  endfacet
  facet normal 0 0 -1
    outer loop
      vertex 74.5 50 11
      vertex 69.8139 54.9901 11
      vertex 74.4606 50.6267 11
    endloop
  endfacet
  facet normal 0 0 -1
    outer loop
      vertex 74.5 50 11
      vertex 55.4187 45.917 11
      vertex 55.4586 46.1262 11
    endloop
  endfacet
  facet normal 0 0 -1
    outer loop
      vertex 74.5 37.5 11
      vertex 55.3885 45.7584 11
      vertex 55.4187 45.917 11
    endloop
  endfacet
  facet normal 0 0 -1
    outer loop
      vertex 74.5 37.5 11
      vertex 55.3386 45.6048 11
      vertex 55.3885 45.7584 11
    endloop
  endfacet
  facet normal 0 0 -1
    outer loop
      vertex 74.5 37.5 11
      vertex 55.2727 45.4022 11
      vertex 55.3386 45.6048 11
    endloop
  endfacet
  facet normal 0 0 -1
    outer loop
      vertex 74.5 37.5 11
      vertex 55.182 45.2094 11
      vertex 55.2727 45.4022 11
    endloop
  endfacet
  facet normal 0 0 -1
    outer loop
      vertex 74.5 37.5 11
      vertex 55.1133 45.0633 11
      vertex 55.182 45.2094 11
    endloop
  endfacet
  facet normal 0 0 -1
    outer loop
      vertex 74.5 37.5 11
      vertex 54.9991 44.8835 11
      vertex 55.1133 45.0633 11
    endloop
  endfacet
  facet normal 0 0 -1
    outer loop
      vertex 74.5 37.5 11
      vertex 54.9126 44.7471 11
      vertex 54.9991 44.8835 11
    endloop
  endfacet
  facet normal 0 0 -1
    outer loop
      vertex 74.5 37.5 11
      vertex 54.7768 44.583 11
      vertex 54.9126 44.7471 11
    endloop
  endfacet
  facet normal 0 0 -1
    outer loop
      vertex 74.5 37.5 11
      vertex 54.6739 44.4586 11
      vertex 54.7768 44.583 11
    endloop
  endfacet
  facet normal 0 0 -1
    outer loop
      vertex 74.5 37.5 11
      vertex 54.5562 44.3481 11
      vertex 54.6739 44.4586 11
    endloop
  endfacet
  facet normal 0 0 -1
    outer loop
      vertex 74.5 37.5 11
      vertex 54.4009 44.2022 11
      vertex 54.5562 44.3481 11
    endloop
  endfacet
  facet normal 0 0 -1
    outer loop
      vertex 74.5 37.5 11
      vertex 54.2703 44.1073 11
      vertex 54.4009 44.2022 11
    endloop
  endfacet
  facet normal 0 0 -1
    outer loop
      vertex 74.5 37.5 11
      vertex 54.0979 43.9821 11
      vertex 54.2703 44.1073 11
    endloop
  endfacet
  facet normal 0 0 -1
    outer loop
      vertex 74.5 37.5 11
      vertex 53.9112 43.8795 11
      vertex 54.0979 43.9821 11
    endloop
  endfacet
  facet normal 0 0 -1
    outer loop
      vertex 74.5 37.5 11
      vertex 53.7697 43.8017 11
      vertex 53.9112 43.8795 11
    endloop
  endfacet
  facet normal 0 0 -1
    outer loop
      vertex 74.5 37.5 11
      vertex 53.6196 43.7422 11
      vertex 53.7697 43.8017 11
    endloop
  endfacet
  facet normal 0 0 -1
    outer loop
      vertex 74.5 37.5 11
      vertex 53.4215 43.6638 11
      vertex 53.6196 43.7422 11
    endloop
  endfacet
  facet normal 0 0 -1
    outer loop
      vertex 74.5 37.5 11
      vertex 53.2152 43.6108 11
      vertex 53.4215 43.6638 11
    endloop
  endfacet
  facet normal 0 0 -1
    outer loop
      vertex 74.5 37.5 11
      vertex 53.0588 43.5707 11
      vertex 53.2152 43.6108 11
    endloop
  endfacet
  facet normal 0 0 -1
    outer loop
      vertex 74.5 37.5 11
      vertex 52.8986 43.5504 11
      vertex 53.0588 43.5707 11
    endloop
  endfacet
  facet normal 0 0 -1
    outer loop
      vertex 74.5 37.5 11
      vertex 52.6872 43.5237 11
      vertex 52.8986 43.5504 11
    endloop
  endfacet
  facet normal 0 0 -1
    outer loop
      vertex 74.5 37.5 11
      vertex 52.3128 43.5237 11
      vertex 52.6872 43.5237 11
    endloop
  endfacet
  facet normal 0 0 -1
    outer loop
      vertex 74.5 37.5 11
      vertex 52.1014 43.5504 11
      vertex 52.3128 43.5237 11
    endloop
  endfacet
  facet normal 0 0 -1
    outer loop
      vertex 74.5 37.5 11
      vertex 51.9412 43.5707 11
      vertex 52.1014 43.5504 11
    endloop
  endfacet
  facet normal 0 0 -1
    outer loop
      vertex -51.9412 43.5707 11
      vertex 51.9412 43.5707 11
      vertex 74.5 37.5 11
    endloop
  endfacet
  facet normal 0 0 -1
    outer loop
      vertex 51.9412 43.5707 11
      vertex -51.9412 43.5707 11
      vertex 51.7848 43.6108 11
    endloop
  endfacet
  facet normal 0 0 1
    outer loop
      vertex 51.5785 43.6638 11
      vertex 51.2303 43.8017 11
      vertex 51.3804 43.7422 11
    endloop
  endfacet
  facet normal 0 0 -1
    outer loop
      vertex 51.2303 43.8017 11
      vertex 50.9021 43.9821 11
      vertex 51.0888 43.8795 11
    endloop
  endfacet
  facet normal 0 0 1
    outer loop
      vertex 50.9021 43.9821 11
      vertex 50.5991 44.2022 11
      vertex 50.7297 44.1073 11
    endloop
  endfacet
  facet normal 0 0 -1
    outer loop
      vertex 50.5991 44.2022 11
      vertex 50.3261 44.4586 11
      vertex 50.4438 44.3481 11
    endloop
  endfacet
  facet normal 0 0 -1
    outer loop
      vertex 50.3261 44.4586 11
      vertex 50.0874 44.7471 11
      vertex 50.2232 44.583 11
    endloop
  endfacet
  facet normal 0 0 -1
    outer loop
      vertex 50.0874 44.7471 11
      vertex 49.8867 45.0633 11
      vertex 50.0009 44.8835 11
    endloop
  endfacet
  facet normal 0 0 1
    outer loop
      vertex 49.7273 45.4022 11
      vertex 49.6115 45.7584 11
      vertex 49.6614 45.6048 11
    endloop
  endfacet
  facet normal 0 0 1
    outer loop
      vertex 49.5414 46.1262 11
      vertex 49.5179 46.5 11
      vertex 49.528 46.3389 11
    endloop
  endfacet
  facet normal 0 0 -1
    outer loop
      vertex 49.5414 46.1262 11
      vertex -49.5179 46.5 11
      vertex 49.5179 46.5 11
    endloop
  endfacet
  facet normal 0 0 -1
    outer loop
      vertex -49.5414 46.1262 11
      vertex 49.5414 46.1262 11
      vertex 49.5813 45.917 11
    endloop
  endfacet
  facet normal 0 0 -1
    outer loop
      vertex -49.5414 46.1262 11
      vertex 49.5813 45.917 11
      vertex 49.6115 45.7584 11
    endloop
  endfacet
  facet normal 0 0 -1
    outer loop
      vertex -49.6115 45.7584 11
      vertex 49.6115 45.7584 11
      vertex 49.7273 45.4022 11
    endloop
  endfacet
  facet normal 0 0 -1
    outer loop
      vertex -49.7273 45.4022 11
      vertex 49.7273 45.4022 11
      vertex 49.818 45.2094 11
    endloop
  endfacet
  facet normal 0 0 -1
    outer loop
      vertex -49.7273 45.4022 11
      vertex 49.818 45.2094 11
      vertex 49.8867 45.0633 11
    endloop
  endfacet
  facet normal 0 0 -1
    outer loop
      vertex -49.8867 45.0633 11
      vertex 49.8867 45.0633 11
      vertex 50.0874 44.7471 11
    endloop
  endfacet
  facet normal 0 0 -1
    outer loop
      vertex -50.0874 44.7471 11
      vertex 50.0874 44.7471 11
      vertex 50.3261 44.4586 11
    endloop
  endfacet
  facet normal 0 0 -1
    outer loop
      vertex -50.3261 44.4586 11
      vertex 50.3261 44.4586 11
      vertex 50.5991 44.2022 11
    endloop
  endfacet
  facet normal 0 0 -1
    outer loop
      vertex -50.5991 44.2022 11
      vertex 50.5991 44.2022 11
      vertex 50.9021 43.9821 11
    endloop
  endfacet
  facet normal 0 0 -1
    outer loop
      vertex -50.9021 43.9821 11
      vertex 50.9021 43.9821 11
      vertex 51.2303 43.8017 11
    endloop
  endfacet
  facet normal 0 0 -1
    outer loop
      vertex -51.2303 43.8017 11
      vertex 51.2303 43.8017 11
      vertex 51.5785 43.6638 11
    endloop
  endfacet
  facet normal -0 0 -1
    outer loop
      vertex 51.7848 43.6108 11
      vertex -51.9412 43.5707 11
      vertex 51.5785 43.6638 11
    endloop
  endfacet
  facet normal 0 0 -1
    outer loop
      vertex 49.5414 46.1262 11
      vertex -49.528 46.3389 11
      vertex -49.5179 46.5 11
    endloop
  endfacet
  facet normal 0 0 -1
    outer loop
      vertex 49.5414 46.1262 11
      vertex -49.5414 46.1262 11
      vertex -49.528 46.3389 11
    endloop
  endfacet
  facet normal 0 0 -1
    outer loop
      vertex 49.6115 45.7584 11
      vertex -49.5813 45.917 11
      vertex -49.5414 46.1262 11
    endloop
  endfacet
  facet normal 0 0 -1
    outer loop
      vertex 49.6115 45.7584 11
      vertex -49.6115 45.7584 11
      vertex -49.5813 45.917 11
    endloop
  endfacet
  facet normal 0 0 -1
    outer loop
      vertex 49.7273 45.4022 11
      vertex -49.6614 45.6048 11
      vertex -49.6115 45.7584 11
    endloop
  endfacet
  facet normal 0 0 -1
    outer loop
      vertex 49.7273 45.4022 11
      vertex -49.7273 45.4022 11
      vertex -49.6614 45.6048 11
    endloop
  endfacet
  facet normal 0 0 -1
    outer loop
      vertex 49.8867 45.0633 11
      vertex -49.818 45.2094 11
      vertex -49.7273 45.4022 11
    endloop
  endfacet
  facet normal 0 0 -1
    outer loop
      vertex 49.8867 45.0633 11
      vertex -49.8867 45.0633 11
      vertex -49.818 45.2094 11
    endloop
  endfacet
  facet normal 0 0 -1
    outer loop
      vertex 50.0874 44.7471 11
      vertex -50.0009 44.8835 11
      vertex -49.8867 45.0633 11
    endloop
  endfacet
  facet normal 0 0 -1
    outer loop
      vertex 50.0874 44.7471 11
      vertex -50.0874 44.7471 11
      vertex -50.0009 44.8835 11
    endloop
  endfacet
  facet normal 0 0 -1
    outer loop
      vertex 50.3261 44.4586 11
      vertex -50.2232 44.583 11
      vertex -50.0874 44.7471 11
    endloop
  endfacet
  facet normal 0 0 -1
    outer loop
      vertex 50.3261 44.4586 11
      vertex -50.3261 44.4586 11
      vertex -50.2232 44.583 11
    endloop
  endfacet
  facet normal 0 0 -1
    outer loop
      vertex 50.5991 44.2022 11
      vertex -50.4438 44.3481 11
      vertex -50.3261 44.4586 11
    endloop
  endfacet
  facet normal 0 0 -1
    outer loop
      vertex 50.5991 44.2022 11
      vertex -50.5991 44.2022 11
      vertex -50.4438 44.3481 11
    endloop
  endfacet
  facet normal 0 0 -1
    outer loop
      vertex 50.9021 43.9821 11
      vertex -50.7297 44.1073 11
      vertex -50.5991 44.2022 11
    endloop
  endfacet
  facet normal 0 0 -1
    outer loop
      vertex 50.9021 43.9821 11
      vertex -50.9021 43.9821 11
      vertex -50.7297 44.1073 11
    endloop
  endfacet
  facet normal 0 0 -1
    outer loop
      vertex 51.2303 43.8017 11
      vertex -51.0888 43.8795 11
      vertex -50.9021 43.9821 11
    endloop
  endfacet
  facet normal 0 0 -1
    outer loop
      vertex 51.2303 43.8017 11
      vertex -51.2303 43.8017 11
      vertex -51.0888 43.8795 11
    endloop
  endfacet
  facet normal 0 0 -1
    outer loop
      vertex 51.5785 43.6638 11
      vertex -51.3804 43.7422 11
      vertex -51.2303 43.8017 11
    endloop
  endfacet
  facet normal 0 0 -1
    outer loop
      vertex 51.5785 43.6638 11
      vertex -51.5785 43.6638 11
      vertex -51.3804 43.7422 11
    endloop
  endfacet
  facet normal -0 0 -1
    outer loop
      vertex 51.5785 43.6638 11
      vertex -51.7848 43.6108 11
      vertex -51.5785 43.6638 11
    endloop
  endfacet
  facet normal 0 0 -1
    outer loop
      vertex 51.5785 43.6638 11
      vertex -51.9412 43.5707 11
      vertex -51.7848 43.6108 11
    endloop
  endfacet
  facet normal 0 0 -1
    outer loop
      vertex -74.5 37.5 11
      vertex -51.9412 43.5707 11
      vertex 74.5 37.5 11
    endloop
  endfacet
  facet normal 0 0 -1
    outer loop
      vertex -51.9412 43.5707 11
      vertex -74.5 37.5 11
      vertex -52.1014 43.5504 11
    endloop
  endfacet
  facet normal 0 0 -1
    outer loop
      vertex -52.1014 43.5504 11
      vertex -74.5 37.5 11
      vertex -52.3128 43.5237 11
    endloop
  endfacet
  facet normal 0 0 -1
    outer loop
      vertex -74.5 37.5 11
      vertex -53.6196 43.7422 11
      vertex -53.4215 43.6638 11
    endloop
  endfacet
  facet normal 0 0 -1
    outer loop
      vertex -74.5 37.5 11
      vertex -53.9112 43.8795 11
      vertex -53.7697 43.8017 11
    endloop
  endfacet
  facet normal 0 0 -1
    outer loop
      vertex -74.5 37.5 11
      vertex -54.2703 44.1073 11
      vertex -54.0979 43.9821 11
    endloop
  endfacet
  facet normal 0 0 -1
    outer loop
      vertex -74.5 37.5 11
      vertex -54.5562 44.3481 11
      vertex -54.4009 44.2022 11
    endloop
  endfacet
  facet normal 0 0 -1
    outer loop
      vertex -74.5 37.5 11
      vertex -54.7768 44.583 11
      vertex -54.6739 44.4586 11
    endloop
  endfacet
  facet normal 0 0 -1
    outer loop
      vertex -74.5 37.5 11
      vertex -54.9991 44.8835 11
      vertex -54.9126 44.7471 11
    endloop
  endfacet
  facet normal 0 0 -1
    outer loop
      vertex -74.5 37.5 11
      vertex -55.3386 45.6048 11
      vertex -55.2727 45.4022 11
    endloop
  endfacet
  facet normal 0 0 -1
    outer loop
      vertex -74.5 50 11
      vertex -55.472 46.3389 11
      vertex -55.4586 46.1262 11
    endloop
  endfacet
  facet normal 0 0 -1
    outer loop
      vertex -55.472 46.3389 11
      vertex -74.5 50 11
      vertex -55.4821 46.5 11
    endloop
  endfacet
  facet normal 0 0 -1
    outer loop
      vertex -74.5 50 11
      vertex -55.4586 46.1262 11
      vertex -55.4187 45.917 11
    endloop
  endfacet
  facet normal 0 0 -1
    outer loop
      vertex -74.5 50 11
      vertex -55.4187 45.917 11
      vertex -55.3885 45.7584 11
    endloop
  endfacet
  facet normal -0 0 -1
    outer loop
      vertex -55.3386 45.6048 11
      vertex -74.5 37.5 11
      vertex -55.3885 45.7584 11
    endloop
  endfacet
  facet normal 0 0 -1
    outer loop
      vertex -74.5 37.5 11
      vertex -55.2727 45.4022 11
      vertex -55.182 45.2094 11
    endloop
  endfacet
  facet normal 0 0 -1
    outer loop
      vertex -74.5 37.5 11
      vertex -55.182 45.2094 11
      vertex -55.1133 45.0633 11
    endloop
  endfacet
  facet normal -0 0 -1
    outer loop
      vertex -54.9991 44.8835 11
      vertex -74.5 37.5 11
      vertex -55.1133 45.0633 11
    endloop
  endfacet
  facet normal -0 0 -1
    outer loop
      vertex -54.7768 44.583 11
      vertex -74.5 37.5 11
      vertex -54.9126 44.7471 11
    endloop
  endfacet
  facet normal -0 0 -1
    outer loop
      vertex -54.5562 44.3481 11
      vertex -74.5 37.5 11
      vertex -54.6739 44.4586 11
    endloop
  endfacet
  facet normal -0 0 -1
    outer loop
      vertex -54.2703 44.1073 11
      vertex -74.5 37.5 11
      vertex -54.4009 44.2022 11
    endloop
  endfacet
  facet normal 0 0 -1
    outer loop
      vertex -55.4821 46.5 11
      vertex -74.5 50 11
      vertex -69.8139 54.9901 11
    endloop
  endfacet
  facet normal 0 0 -1
    outer loop
      vertex -69.8139 54.9901 11
      vertex -74.5 50 11
      vertex -70.4369 54.9114 11
    endloop
  endfacet
  facet normal 0 0 -1
    outer loop
      vertex -70.4369 54.9114 11
      vertex -74.5 50 11
      vertex -71.0451 54.7553 11
    endloop
  endfacet
  facet normal 0 0 -1
    outer loop
      vertex -71.0451 54.7553 11
      vertex -74.5 50 11
      vertex -71.6289 54.5241 11
    endloop
  endfacet
  facet normal 0 0 -1
    outer loop
      vertex -71.6289 54.5241 11
      vertex -74.5 50 11
      vertex -72.1791 54.2216 11
    endloop
  endfacet
  facet normal -0 0 -1
    outer loop
      vertex -53.9112 43.8795 11
      vertex -74.5 37.5 11
      vertex -54.0979 43.9821 11
    endloop
  endfacet
  facet normal 0 0 -1
    outer loop
      vertex -72.1791 54.2216 11
      vertex -74.5 50 11
      vertex -72.6871 53.8526 11
    endloop
  endfacet
  facet normal 0 0 -1
    outer loop
      vertex -72.6871 53.8526 11
      vertex -74.5 50 11
      vertex -73.1448 53.4227 11
    endloop
  endfacet
  facet normal 0 0 -1
    outer loop
      vertex -73.1448 53.4227 11
      vertex -74.5 50 11
      vertex -73.5451 52.9389 11
    endloop
  endfacet
  facet normal 0 0 -1
    outer loop
      vertex -73.5451 52.9389 11
      vertex -74.5 50 11
      vertex -73.8815 52.4088 11
    endloop
  endfacet
  facet normal -0 0 -1
    outer loop
      vertex -53.6196 43.7422 11
      vertex -74.5 37.5 11
      vertex -53.7697 43.8017 11
    endloop
  endfacet
  facet normal 0 0 -1
    outer loop
      vertex -73.8815 52.4088 11
      vertex -74.5 50 11
      vertex -74.1489 51.8406 11
    endloop
  endfacet
  facet normal 0 0 -1
    outer loop
      vertex -74.1489 51.8406 11
      vertex -74.5 50 11
      vertex -74.3429 51.2435 11
    endloop
  endfacet
  facet normal -0 0 -1
    outer loop
      vertex -52.3128 43.5237 11
      vertex -74.5 37.5 11
      vertex -52.6872 43.5237 11
    endloop
  endfacet
  facet normal 0 0 -1
    outer loop
      vertex -74.5 37.5 11
      vertex -52.8986 43.5504 11
      vertex -52.6872 43.5237 11
    endloop
  endfacet
  facet normal 0 0 -1
    outer loop
      vertex -74.5 37.5 11
      vertex -53.0588 43.5707 11
      vertex -52.8986 43.5504 11
    endloop
  endfacet
  facet normal 0 0 -1
    outer loop
      vertex -74.5 37.5 11
      vertex -53.2152 43.6108 11
      vertex -53.0588 43.5707 11
    endloop
  endfacet
  facet normal 0 0 -1
    outer loop
      vertex -74.5 37.5 11
      vertex -53.4215 43.6638 11
      vertex -53.2152 43.6108 11
    endloop
  endfacet
  facet normal -0 0 -1
    outer loop
      vertex -55.3885 45.7584 11
      vertex -74.5 37.5 11
      vertex -74.5 50 11
    endloop
  endfacet
  facet normal 0 0 -1
    outer loop
      vertex -74.3429 51.2435 11
      vertex -74.5 50 11
      vertex -74.4606 50.6267 11
    endloop
  endfacet
  facet normal 0 0 -1
    outer loop
      vertex 55.472 46.6611 11
      vertex 69.8139 54.9901 11
      vertex 55.4821 46.5 11
    endloop
  endfacet
  facet normal 0 0 -1
    outer loop
      vertex 55.4586 46.8738 11
      vertex 69.8139 54.9901 11
      vertex 55.472 46.6611 11
    endloop
  endfacet
  facet normal 0 0 -1
    outer loop
      vertex 55.4187 47.083 11
      vertex 69.8139 54.9901 11
      vertex 55.4586 46.8738 11
    endloop
  endfacet
  facet normal 0 0 -1
    outer loop
      vertex 55.3885 47.2416 11
      vertex 69.8139 54.9901 11
      vertex 55.4187 47.083 11
    endloop
  endfacet
  facet normal 0 0 -1
    outer loop
      vertex 55.3386 47.3952 11
      vertex 69.8139 54.9901 11
      vertex 55.3885 47.2416 11
    endloop
  endfacet
  facet normal 0 0 -1
    outer loop
      vertex 55.2727 47.5978 11
      vertex 69.8139 54.9901 11
      vertex 55.3386 47.3952 11
    endloop
  endfacet
  facet normal 0 0 -1
    outer loop
      vertex 55.182 47.7906 11
      vertex 69.8139 54.9901 11
      vertex 55.2727 47.5978 11
    endloop
  endfacet
  facet normal 0 0 -1
    outer loop
      vertex 55.1133 47.9367 11
      vertex 69.8139 54.9901 11
      vertex 55.182 47.7906 11
    endloop
  endfacet
  facet normal 0 0 -1
    outer loop
      vertex 54.9991 48.1165 11
      vertex 69.8139 54.9901 11
      vertex 55.1133 47.9367 11
    endloop
  endfacet
  facet normal 0 0 -1
    outer loop
      vertex 54.9126 48.2529 11
      vertex 69.8139 54.9901 11
      vertex 54.9991 48.1165 11
    endloop
  endfacet
  facet normal 0 0 -1
    outer loop
      vertex 54.7768 48.417 11
      vertex 69.8139 54.9901 11
      vertex 54.9126 48.2529 11
    endloop
  endfacet
  facet normal 0 0 -1
    outer loop
      vertex 54.6739 48.5414 11
      vertex 69.8139 54.9901 11
      vertex 54.7768 48.417 11
    endloop
  endfacet
  facet normal 0 0 -1
    outer loop
      vertex 54.5562 48.6519 11
      vertex 69.8139 54.9901 11
      vertex 54.6739 48.5414 11
    endloop
  endfacet
  facet normal 0 0 -1
    outer loop
      vertex 54.4009 48.7978 11
      vertex 69.8139 54.9901 11
      vertex 54.5562 48.6519 11
    endloop
  endfacet
  facet normal 0 0 -1
    outer loop
      vertex 54.2703 48.8927 11
      vertex 69.8139 54.9901 11
      vertex 54.4009 48.7978 11
    endloop
  endfacet
  facet normal 0 0 -1
    outer loop
      vertex 54.0979 49.0179 11
      vertex 69.8139 54.9901 11
      vertex 54.2703 48.8927 11
    endloop
  endfacet
  facet normal 0 0 -1
    outer loop
      vertex 53.9112 49.1205 11
      vertex 69.8139 54.9901 11
      vertex 54.0979 49.0179 11
    endloop
  endfacet
  facet normal 0 0 -1
    outer loop
      vertex 53.7697 49.1983 11
      vertex 69.8139 54.9901 11
      vertex 53.9112 49.1205 11
    endloop
  endfacet
  facet normal 0 0 -1
    outer loop
      vertex 53.6196 49.2578 11
      vertex 69.8139 54.9901 11
      vertex 53.7697 49.1983 11
    endloop
  endfacet
  facet normal 0 0 -1
    outer loop
      vertex 53.4215 49.3362 11
      vertex 69.8139 54.9901 11
      vertex 53.6196 49.2578 11
    endloop
  endfacet
  facet normal 0 0 -1
    outer loop
      vertex 53.2152 49.3892 11
      vertex 69.8139 54.9901 11
      vertex 53.4215 49.3362 11
    endloop
  endfacet
  facet normal 0 0 -1
    outer loop
      vertex 53.0588 49.4293 11
      vertex 69.8139 54.9901 11
      vertex 53.2152 49.3892 11
    endloop
  endfacet
  facet normal 0 0 -1
    outer loop
      vertex 52.8986 49.4496 11
      vertex 69.8139 54.9901 11
      vertex 53.0588 49.4293 11
    endloop
  endfacet
  facet normal 0 0 -1
    outer loop
      vertex 52.6872 49.4763 11
      vertex 69.8139 54.9901 11
      vertex 52.8986 49.4496 11
    endloop
  endfacet
  facet normal 0 0 -1
    outer loop
      vertex 52.3128 49.4763 11
      vertex 69.8139 54.9901 11
      vertex 52.6872 49.4763 11
    endloop
  endfacet
  facet normal 0 0 -1
    outer loop
      vertex 52.1014 49.4496 11
      vertex 69.8139 54.9901 11
      vertex 52.3128 49.4763 11
    endloop
  endfacet
  facet normal 0 0 -1
    outer loop
      vertex 51.9412 49.4293 11
      vertex 69.8139 54.9901 11
      vertex 52.1014 49.4496 11
    endloop
  endfacet
  facet normal 0 0 -1
    outer loop
      vertex 51.7848 49.3892 11
      vertex 69.8139 54.9901 11
      vertex 51.9412 49.4293 11
    endloop
  endfacet
  facet normal 0 0 -1
    outer loop
      vertex 51.5785 49.3362 11
      vertex 69.8139 54.9901 11
      vertex 51.7848 49.3892 11
    endloop
  endfacet
  facet normal 0 0 1
    outer loop
      vertex 51.2303 49.1983 11
      vertex 51.5785 49.3362 11
      vertex 51.3804 49.2578 11
    endloop
  endfacet
  facet normal 0 0 -1
    outer loop
      vertex 50.9021 49.0179 11
      vertex 51.2303 49.1983 11
      vertex 51.0888 49.1205 11
    endloop
  endfacet
  facet normal 0 0 1
    outer loop
      vertex 50.5991 48.7978 11
      vertex 50.9021 49.0179 11
      vertex 50.7297 48.8927 11
    endloop
  endfacet
  facet normal 0 0 -1
    outer loop
      vertex 50.3261 48.5414 11
      vertex 50.5991 48.7978 11
      vertex 50.4438 48.6519 11
    endloop
  endfacet
  facet normal 0 0 -1
    outer loop
      vertex 50.0874 48.2529 11
      vertex 50.3261 48.5414 11
      vertex 50.2232 48.417 11
    endloop
  endfacet
  facet normal 0 0 -1
    outer loop
      vertex 49.8867 47.9367 11
      vertex 50.0874 48.2529 11
      vertex 50.0009 48.1165 11
    endloop
  endfacet
  facet normal 0 0 1
    outer loop
      vertex 49.6115 47.2416 11
      vertex 49.7273 47.5978 11
      vertex 49.6614 47.3952 11
    endloop
  endfacet
  facet normal 0 0 1
    outer loop
      vertex 49.5179 46.5 11
      vertex 49.5414 46.8738 11
      vertex 49.528 46.6611 11
    endloop
  endfacet
  facet normal 0 0 -1
    outer loop
      vertex -49.5179 46.5 11
      vertex 49.5414 46.8738 11
      vertex 49.5179 46.5 11
    endloop
  endfacet
  facet normal 0 0 -1
    outer loop
      vertex -49.528 46.6611 11
      vertex 49.5414 46.8738 11
      vertex -49.5179 46.5 11
    endloop
  endfacet
  facet normal 0 0 -1
    outer loop
      vertex -49.5414 46.8738 11
      vertex 49.5414 46.8738 11
      vertex -49.528 46.6611 11
    endloop
  endfacet
  facet normal 0 0 -1
    outer loop
      vertex 49.5414 46.8738 11
      vertex -49.5414 46.8738 11
      vertex 49.5813 47.083 11
    endloop
  endfacet
  facet normal -0 0 -1
    outer loop
      vertex 49.5813 47.083 11
      vertex -49.5414 46.8738 11
      vertex 49.6115 47.2416 11
    endloop
  endfacet
  facet normal 0 0 -1
    outer loop
      vertex -49.5813 47.083 11
      vertex 49.6115 47.2416 11
      vertex -49.5414 46.8738 11
    endloop
  endfacet
  facet normal 0 0 -1
    outer loop
      vertex -49.6115 47.2416 11
      vertex 49.6115 47.2416 11
      vertex -49.5813 47.083 11
    endloop
  endfacet
  facet normal 0 0 -1
    outer loop
      vertex 49.6115 47.2416 11
      vertex -49.6115 47.2416 11
      vertex 49.7273 47.5978 11
    endloop
  endfacet
  facet normal 0 0 -1
    outer loop
      vertex -49.6614 47.3952 11
      vertex 49.7273 47.5978 11
      vertex -49.6115 47.2416 11
    endloop
  endfacet
  facet normal 0 0 -1
    outer loop
      vertex -49.7273 47.5978 11
      vertex 49.7273 47.5978 11
      vertex -49.6614 47.3952 11
    endloop
  endfacet
  facet normal 0 0 -1
    outer loop
      vertex 49.7273 47.5978 11
      vertex -49.7273 47.5978 11
      vertex 49.818 47.7906 11
    endloop
  endfacet
  facet normal -0 0 -1
    outer loop
      vertex 49.818 47.7906 11
      vertex -49.7273 47.5978 11
      vertex 49.8867 47.9367 11
    endloop
  endfacet
  facet normal 0 0 -1
    outer loop
      vertex -49.818 47.7906 11
      vertex 49.8867 47.9367 11
      vertex -49.7273 47.5978 11
    endloop
  endfacet
  facet normal 0 0 -1
    outer loop
      vertex -49.8867 47.9367 11
      vertex 49.8867 47.9367 11
      vertex -49.818 47.7906 11
    endloop
  endfacet
  facet normal 0 0 -1
    outer loop
      vertex 49.8867 47.9367 11
      vertex -49.8867 47.9367 11
      vertex 50.0874 48.2529 11
    endloop
  endfacet
  facet normal 0 0 -1
    outer loop
      vertex -50.0009 48.1165 11
      vertex 50.0874 48.2529 11
      vertex -49.8867 47.9367 11
    endloop
  endfacet
  facet normal 0 0 -1
    outer loop
      vertex -50.0874 48.2529 11
      vertex 50.0874 48.2529 11
      vertex -50.0009 48.1165 11
    endloop
  endfacet
  facet normal 0 0 -1
    outer loop
      vertex 50.0874 48.2529 11
      vertex -50.0874 48.2529 11
      vertex 50.3261 48.5414 11
    endloop
  endfacet
  facet normal 0 0 -1
    outer loop
      vertex -50.2232 48.417 11
      vertex 50.3261 48.5414 11
      vertex -50.0874 48.2529 11
    endloop
  endfacet
  facet normal 0 0 -1
    outer loop
      vertex -50.3261 48.5414 11
      vertex 50.3261 48.5414 11
      vertex -50.2232 48.417 11
    endloop
  endfacet
  facet normal 0 0 -1
    outer loop
      vertex 50.3261 48.5414 11
      vertex -50.3261 48.5414 11
      vertex 50.5991 48.7978 11
    endloop
  endfacet
  facet normal 0 0 -1
    outer loop
      vertex -50.4438 48.6519 11
      vertex 50.5991 48.7978 11
      vertex -50.3261 48.5414 11
    endloop
  endfacet
  facet normal 0 0 -1
    outer loop
      vertex -50.5991 48.7978 11
      vertex 50.5991 48.7978 11
      vertex -50.4438 48.6519 11
    endloop
  endfacet
  facet normal 0 0 -1
    outer loop
      vertex 50.5991 48.7978 11
      vertex -50.5991 48.7978 11
      vertex 50.9021 49.0179 11
    endloop
  endfacet
  facet normal 0 0 -1
    outer loop
      vertex -50.7297 48.8927 11
      vertex 50.9021 49.0179 11
      vertex -50.5991 48.7978 11
    endloop
  endfacet
  facet normal 0 0 -1
    outer loop
      vertex -50.9021 49.0179 11
      vertex 50.9021 49.0179 11
      vertex -50.7297 48.8927 11
    endloop
  endfacet
  facet normal 0 0 -1
    outer loop
      vertex 50.9021 49.0179 11
      vertex -50.9021 49.0179 11
      vertex 51.2303 49.1983 11
    endloop
  endfacet
  facet normal 0 0 -1
    outer loop
      vertex -51.0888 49.1205 11
      vertex 51.2303 49.1983 11
      vertex -50.9021 49.0179 11
    endloop
  endfacet
  facet normal 0 0 -1
    outer loop
      vertex -51.2303 49.1983 11
      vertex 51.2303 49.1983 11
      vertex -51.0888 49.1205 11
    endloop
  endfacet
  facet normal 0 0 -1
    outer loop
      vertex 51.2303 49.1983 11
      vertex -51.2303 49.1983 11
      vertex 51.5785 49.3362 11
    endloop
  endfacet
  facet normal 0 0 -1
    outer loop
      vertex -51.3804 49.2578 11
      vertex 51.5785 49.3362 11
      vertex -51.2303 49.1983 11
    endloop
  endfacet
  facet normal 0 0 -1
    outer loop
      vertex -51.5785 49.3362 11
      vertex 51.5785 49.3362 11
      vertex -51.3804 49.2578 11
    endloop
  endfacet
  facet normal 0 0 -1
    outer loop
      vertex 51.5785 49.3362 11
      vertex -51.5785 49.3362 11
      vertex 69.8139 54.9901 11
    endloop
  endfacet
  facet normal 0 0 -1
    outer loop
      vertex -51.7848 49.3892 11
      vertex 69.8139 54.9901 11
      vertex -51.5785 49.3362 11
    endloop
  endfacet
  facet normal 0 0 -1
    outer loop
      vertex -51.9412 49.4293 11
      vertex 69.8139 54.9901 11
      vertex -51.7848 49.3892 11
    endloop
  endfacet
  facet normal 0 0 -1
    outer loop
      vertex -69.8139 54.9901 11
      vertex -51.9412 49.4293 11
      vertex -52.1014 49.4496 11
    endloop
  endfacet
  facet normal 0 0 -1
    outer loop
      vertex -69.8139 54.9901 11
      vertex -52.1014 49.4496 11
      vertex -52.3128 49.4763 11
    endloop
  endfacet
  facet normal 0 0 -1
    outer loop
      vertex -69.8139 54.9901 11
      vertex -52.3128 49.4763 11
      vertex -52.6872 49.4763 11
    endloop
  endfacet
  facet normal 0 0 -1
    outer loop
      vertex -69.8139 54.9901 11
      vertex -53.6196 49.2578 11
      vertex -53.7697 49.1983 11
    endloop
  endfacet
  facet normal 0 0 -1
    outer loop
      vertex -69.8139 54.9901 11
      vertex -53.9112 49.1205 11
      vertex -54.0979 49.0179 11
    endloop
  endfacet
  facet normal 0 0 -1
    outer loop
      vertex -69.8139 54.9901 11
      vertex -54.2703 48.8927 11
      vertex -54.4009 48.7978 11
    endloop
  endfacet
  facet normal 0 0 -1
    outer loop
      vertex -69.8139 54.9901 11
      vertex -54.5562 48.6519 11
      vertex -54.6739 48.5414 11
    endloop
  endfacet
  facet normal 0 0 -1
    outer loop
      vertex -69.8139 54.9901 11
      vertex -54.7768 48.417 11
      vertex -54.9126 48.2529 11
    endloop
  endfacet
  facet normal 0 0 -1
    outer loop
      vertex -69.8139 54.9901 11
      vertex -54.9991 48.1165 11
      vertex -55.1133 47.9367 11
    endloop
  endfacet
  facet normal 0 0 -1
    outer loop
      vertex -69.8139 54.9901 11
      vertex -55.3386 47.3952 11
      vertex -55.3885 47.2416 11
    endloop
  endfacet
  facet normal 0 0 -1
    outer loop
      vertex -69.8139 54.9901 11
      vertex -55.472 46.6611 11
      vertex -55.4821 46.5 11
    endloop
  endfacet
  facet normal 0 0 -1
    outer loop
      vertex -51.9412 49.4293 11
      vertex -69.8139 54.9901 11
      vertex 69.8139 54.9901 11
    endloop
  endfacet
  facet normal 0 0 -1
    outer loop
      vertex -52.8986 49.4496 11
      vertex -69.8139 54.9901 11
      vertex -52.6872 49.4763 11
    endloop
  endfacet
  facet normal 0 0 -1
    outer loop
      vertex -53.0588 49.4293 11
      vertex -69.8139 54.9901 11
      vertex -52.8986 49.4496 11
    endloop
  endfacet
  facet normal 0 0 -1
    outer loop
      vertex -53.2152 49.3892 11
      vertex -69.8139 54.9901 11
      vertex -53.0588 49.4293 11
    endloop
  endfacet
  facet normal 0 0 -1
    outer loop
      vertex -53.4215 49.3362 11
      vertex -69.8139 54.9901 11
      vertex -53.2152 49.3892 11
    endloop
  endfacet
  facet normal 0 0 -1
    outer loop
      vertex -53.6196 49.2578 11
      vertex -69.8139 54.9901 11
      vertex -53.4215 49.3362 11
    endloop
  endfacet
  facet normal 0 0 -1
    outer loop
      vertex -53.9112 49.1205 11
      vertex -69.8139 54.9901 11
      vertex -53.7697 49.1983 11
    endloop
  endfacet
  facet normal 0 0 -1
    outer loop
      vertex -54.2703 48.8927 11
      vertex -69.8139 54.9901 11
      vertex -54.0979 49.0179 11
    endloop
  endfacet
  facet normal 0 0 -1
    outer loop
      vertex -54.5562 48.6519 11
      vertex -69.8139 54.9901 11
      vertex -54.4009 48.7978 11
    endloop
  endfacet
  facet normal 0 0 -1
    outer loop
      vertex -54.7768 48.417 11
      vertex -69.8139 54.9901 11
      vertex -54.6739 48.5414 11
    endloop
  endfacet
  facet normal 0 0 -1
    outer loop
      vertex -54.9991 48.1165 11
      vertex -69.8139 54.9901 11
      vertex -54.9126 48.2529 11
    endloop
  endfacet
  facet normal 0 0 -1
    outer loop
      vertex -55.182 47.7906 11
      vertex -69.8139 54.9901 11
      vertex -55.1133 47.9367 11
    endloop
  endfacet
  facet normal 0 0 -1
    outer loop
      vertex -55.2727 47.5978 11
      vertex -69.8139 54.9901 11
      vertex -55.182 47.7906 11
    endloop
  endfacet
  facet normal 0 0 -1
    outer loop
      vertex -55.3386 47.3952 11
      vertex -69.8139 54.9901 11
      vertex -55.2727 47.5978 11
    endloop
  endfacet
  facet normal 0 0 -1
    outer loop
      vertex -55.4187 47.083 11
      vertex -69.8139 54.9901 11
      vertex -55.3885 47.2416 11
    endloop
  endfacet
  facet normal 0 0 -1
    outer loop
      vertex -55.4586 46.8738 11
      vertex -69.8139 54.9901 11
      vertex -55.4187 47.083 11
    endloop
  endfacet
  facet normal 0 0 -1
    outer loop
      vertex -55.472 46.6611 11
      vertex -69.8139 54.9901 11
      vertex -55.4586 46.8738 11
    endloop
  endfacet
  facet normal 0 1 -0
    outer loop
      vertex 74.5 37.5 0
      vertex -74.5 37.5 11
      vertex 74.5 37.5 11
    endloop
  endfacet
  facet normal 0 1 0
    outer loop
      vertex -74.5 37.5 11
      vertex 74.5 37.5 0
      vertex -74.5 37.5 0
    endloop
  endfacet
endsolid OpenSCAD_Model
