solid OpenSCAD_Model
  facet normal -1 0 0
    outer loop
      vertex -74.5 32 0
      vertex -74.5 17.3703 6.85087
      vertex -74.5 32 14
    endloop
  endfacet
  facet normal -1 0 0
    outer loop
      vertex -74.5 32 0
      vertex -74.5 17.3329 6.55497
      vertex -74.5 17.3703 6.85087
    endloop
  endfacet
  facet normal -1 0 0
    outer loop
      vertex -74.5 32 0
      vertex -74.5 17.2588 6.26608
      vertex -74.5 17.3329 6.55497
    endloop
  endfacet
  facet normal -1 0 0
    outer loop
      vertex -74.5 32 0
      vertex -74.5 17.149 5.98877
      vertex -74.5 17.2588 6.26608
    endloop
  endfacet
  facet normal -1 0 0
    outer loop
      vertex -74.5 32 0
      vertex -74.5 17.0053 5.72741
      vertex -74.5 17.149 5.98877
    endloop
  endfacet
  facet normal -1 0 0
    outer loop
      vertex -74.5 32 0
      vertex -74.5 16.83 5.48612
      vertex -74.5 17.0053 5.72741
    endloop
  endfacet
  facet normal -1 0 0
    outer loop
      vertex -74.5 32 0
      vertex -74.5 16.6258 5.2687
      vertex -74.5 16.83 5.48612
    endloop
  endfacet
  facet normal -1 0 0
    outer loop
      vertex -74.5 32 0
      vertex -74.5 16.396 5.07858
      vertex -74.5 16.6258 5.2687
    endloop
  endfacet
  facet normal -1 0 0
    outer loop
      vertex -74.5 32 0
      vertex -74.5 16.1442 4.91877
      vertex -74.5 16.396 5.07858
    endloop
  endfacet
  facet normal -1 0 0
    outer loop
      vertex -74.5 32 0
      vertex -74.5 15.8743 4.79178
      vertex -74.5 16.1442 4.91877
    endloop
  endfacet
  facet normal -1 0 0
    outer loop
      vertex -74.5 32 0
      vertex -74.5 15.5906 4.69962
      vertex -74.5 15.8743 4.79178
    endloop
  endfacet
  facet normal -1 0 0
    outer loop
      vertex -74.5 32 0
      vertex -74.5 15.2977 4.64373
      vertex -74.5 15.5906 4.69962
    endloop
  endfacet
  facet normal -1 0 0
    outer loop
      vertex -74.5 32 0
      vertex -74.5 15 4.625
      vertex -74.5 15.2977 4.64373
    endloop
  endfacet
  facet normal -1 0 0
    outer loop
      vertex -74.5 32 0
      vertex -74.5 14.7023 4.64373
      vertex -74.5 15 4.625
    endloop
  endfacet
  facet normal -1 0 0
    outer loop
      vertex -74.5 -32 0
      vertex -74.5 14.7023 4.64373
      vertex -74.5 32 0
    endloop
  endfacet
  facet normal -1 0 0
    outer loop
      vertex -74.5 12.6297 6.85087
      vertex -74.5 -27.6297 6.85087
      vertex -74.5 12.6297 7.14913
    endloop
  endfacet
  facet normal -1 0 0
    outer loop
      vertex -74.5 12.6671 6.55497
      vertex -74.5 -27.6297 6.85087
      vertex -74.5 12.6297 6.85087
    endloop
  endfacet
  facet normal -1 0 0
    outer loop
      vertex -74.5 -27.6671 6.55497
      vertex -74.5 12.6671 6.55497
      vertex -74.5 12.7412 6.26608
    endloop
  endfacet
  facet normal -1 0 0
    outer loop
      vertex -74.5 -27.7412 6.26608
      vertex -74.5 12.7412 6.26608
      vertex -74.5 12.851 5.98877
    endloop
  endfacet
  facet normal -1 0 0
    outer loop
      vertex -74.5 -27.851 5.98877
      vertex -74.5 12.851 5.98877
      vertex -74.5 12.9947 5.72741
    endloop
  endfacet
  facet normal -1 0 0
    outer loop
      vertex -74.5 -27.9947 5.72741
      vertex -74.5 12.9947 5.72741
      vertex -74.5 13.17 5.48612
    endloop
  endfacet
  facet normal -1 0 0
    outer loop
      vertex -74.5 -32 0
      vertex -74.5 13.17 5.48612
      vertex -74.5 13.3742 5.2687
    endloop
  endfacet
  facet normal -1 0 0
    outer loop
      vertex -74.5 -32 0
      vertex -74.5 13.3742 5.2687
      vertex -74.5 13.604 5.07858
    endloop
  endfacet
  facet normal -1 0 0
    outer loop
      vertex -74.5 -32 0
      vertex -74.5 13.604 5.07858
      vertex -74.5 13.8558 4.91877
    endloop
  endfacet
  facet normal -1 0 0
    outer loop
      vertex -74.5 -32 0
      vertex -74.5 13.8558 4.91877
      vertex -74.5 14.1257 4.79178
    endloop
  endfacet
  facet normal -1 0 0
    outer loop
      vertex -74.5 -32 0
      vertex -74.5 14.1257 4.79178
      vertex -74.5 14.4094 4.69962
    endloop
  endfacet
  facet normal -1 -0 0
    outer loop
      vertex -74.5 14.7023 4.64373
      vertex -74.5 -32 0
      vertex -74.5 14.4094 4.69962
    endloop
  endfacet
  facet normal -1 0 0
    outer loop
      vertex -74.5 12.6671 6.55497
      vertex -74.5 -27.6671 6.55497
      vertex -74.5 -27.6297 6.85087
    endloop
  endfacet
  facet normal -1 0 0
    outer loop
      vertex -74.5 12.7412 6.26608
      vertex -74.5 -27.7412 6.26608
      vertex -74.5 -27.6671 6.55497
    endloop
  endfacet
  facet normal -1 0 0
    outer loop
      vertex -74.5 12.851 5.98877
      vertex -74.5 -27.851 5.98877
      vertex -74.5 -27.7412 6.26608
    endloop
  endfacet
  facet normal -1 0 0
    outer loop
      vertex -74.5 12.9947 5.72741
      vertex -74.5 -27.9947 5.72741
      vertex -74.5 -27.851 5.98877
    endloop
  endfacet
  facet normal -1 0 0
    outer loop
      vertex -74.5 13.17 5.48612
      vertex -74.5 -28.17 5.48612
      vertex -74.5 -27.9947 5.72741
    endloop
  endfacet
  facet normal -1 -0 0
    outer loop
      vertex -74.5 13.17 5.48612
      vertex -74.5 -32 0
      vertex -74.5 -28.17 5.48612
    endloop
  endfacet
  facet normal -1 0 0
    outer loop
      vertex -74.5 -28.17 5.48612
      vertex -74.5 -32 0
      vertex -74.5 -28.3742 5.2687
    endloop
  endfacet
  facet normal -1 0 0
    outer loop
      vertex -74.5 -28.3742 5.2687
      vertex -74.5 -32 0
      vertex -74.5 -28.604 5.07858
    endloop
  endfacet
  facet normal -1 0 0
    outer loop
      vertex -74.5 -28.604 5.07858
      vertex -74.5 -32 0
      vertex -74.5 -28.8558 4.91877
    endloop
  endfacet
  facet normal -1 0 0
    outer loop
      vertex -74.5 -28.8558 4.91877
      vertex -74.5 -32 0
      vertex -74.5 -29.1257 4.79178
    endloop
  endfacet
  facet normal -1 0 0
    outer loop
      vertex -74.5 -29.1257 4.79178
      vertex -74.5 -32 0
      vertex -74.5 -29.4094 4.69962
    endloop
  endfacet
  facet normal -1 0 0
    outer loop
      vertex -74.5 -29.4094 4.69962
      vertex -74.5 -32 0
      vertex -74.5 -29.7023 4.64373
    endloop
  endfacet
  facet normal -1 0 0
    outer loop
      vertex -74.5 -29.7023 4.64373
      vertex -74.5 -32 0
      vertex -74.5 -30 4.625
    endloop
  endfacet
  facet normal -1 -0 0
    outer loop
      vertex -74.5 -30 4.625
      vertex -74.5 -32 0
      vertex -74.5 -30.2977 4.64373
    endloop
  endfacet
  facet normal -1 0 0
    outer loop
      vertex -74.5 -32 0
      vertex -74.5 -30.5906 4.69962
      vertex -74.5 -30.2977 4.64373
    endloop
  endfacet
  facet normal -1 0 0
    outer loop
      vertex -74.5 -32 0
      vertex -74.5 -30.8743 4.79178
      vertex -74.5 -30.5906 4.69962
    endloop
  endfacet
  facet normal -1 0 0
    outer loop
      vertex -74.5 -32 0
      vertex -74.5 -31.1442 4.91877
      vertex -74.5 -30.8743 4.79178
    endloop
  endfacet
  facet normal -1 0 0
    outer loop
      vertex -74.5 -32 0
      vertex -74.5 -31.396 5.07858
      vertex -74.5 -31.1442 4.91877
    endloop
  endfacet
  facet normal -1 0 0
    outer loop
      vertex -74.5 -32 0
      vertex -74.5 -31.6258 5.2687
      vertex -74.5 -31.396 5.07858
    endloop
  endfacet
  facet normal -1 0 0
    outer loop
      vertex -74.5 -32 0
      vertex -74.5 -31.83 5.48612
      vertex -74.5 -31.6258 5.2687
    endloop
  endfacet
  facet normal -1 -0 0
    outer loop
      vertex -74.5 -31.83 5.48612
      vertex -74.5 -32 0
      vertex -74.5 -32 5.72015
    endloop
  endfacet
  facet normal -1 0 0
    outer loop
      vertex -74.5 17.3703 7.14913
      vertex -74.5 32 14
      vertex -74.5 17.3703 6.85087
    endloop
  endfacet
  facet normal -1 0 0
    outer loop
      vertex -74.5 17.3329 7.44503
      vertex -74.5 32 14
      vertex -74.5 17.3703 7.14913
    endloop
  endfacet
  facet normal -1 0 0
    outer loop
      vertex -74.5 17.2588 7.73392
      vertex -74.5 32 14
      vertex -74.5 17.3329 7.44503
    endloop
  endfacet
  facet normal -1 0 0
    outer loop
      vertex -74.5 17.149 8.01123
      vertex -74.5 32 14
      vertex -74.5 17.2588 7.73392
    endloop
  endfacet
  facet normal -1 0 0
    outer loop
      vertex -74.5 17.0053 8.27259
      vertex -74.5 32 14
      vertex -74.5 17.149 8.01123
    endloop
  endfacet
  facet normal -1 0 0
    outer loop
      vertex -74.5 16.83 8.51388
      vertex -74.5 32 14
      vertex -74.5 17.0053 8.27259
    endloop
  endfacet
  facet normal -1 0 0
    outer loop
      vertex -74.5 16.6258 8.7313
      vertex -74.5 32 14
      vertex -74.5 16.83 8.51388
    endloop
  endfacet
  facet normal -1 0 0
    outer loop
      vertex -74.5 16.396 8.92142
      vertex -74.5 32 14
      vertex -74.5 16.6258 8.7313
    endloop
  endfacet
  facet normal -1 0 0
    outer loop
      vertex -74.5 16.1442 9.08123
      vertex -74.5 32 14
      vertex -74.5 16.396 8.92142
    endloop
  endfacet
  facet normal -1 0 0
    outer loop
      vertex -74.5 15.8743 9.20822
      vertex -74.5 32 14
      vertex -74.5 16.1442 9.08123
    endloop
  endfacet
  facet normal -1 0 0
    outer loop
      vertex -74.5 15.5906 9.30038
      vertex -74.5 32 14
      vertex -74.5 15.8743 9.20822
    endloop
  endfacet
  facet normal -1 0 0
    outer loop
      vertex -74.5 15.2977 9.35627
      vertex -74.5 32 14
      vertex -74.5 15.5906 9.30038
    endloop
  endfacet
  facet normal -1 0 0
    outer loop
      vertex -74.5 15 9.375
      vertex -74.5 32 14
      vertex -74.5 15.2977 9.35627
    endloop
  endfacet
  facet normal -1 0 0
    outer loop
      vertex -74.5 14.7023 9.35627
      vertex -74.5 32 14
      vertex -74.5 15 9.375
    endloop
  endfacet
  facet normal -1 0 0
    outer loop
      vertex -74.5 -32 14
      vertex -74.5 14.7023 9.35627
      vertex -74.5 14.4094 9.30038
    endloop
  endfacet
  facet normal -1 0 0
    outer loop
      vertex -74.5 -27.6297 7.14913
      vertex -74.5 12.6297 7.14913
      vertex -74.5 -27.6297 6.85087
    endloop
  endfacet
  facet normal -1 0 0
    outer loop
      vertex -74.5 12.6297 7.14913
      vertex -74.5 -27.6297 7.14913
      vertex -74.5 12.6671 7.44503
    endloop
  endfacet
  facet normal -1 0 0
    outer loop
      vertex -74.5 -27.6671 7.44503
      vertex -74.5 12.6671 7.44503
      vertex -74.5 -27.6297 7.14913
    endloop
  endfacet
  facet normal -1 0 0
    outer loop
      vertex -74.5 12.6671 7.44503
      vertex -74.5 -27.6671 7.44503
      vertex -74.5 12.7412 7.73392
    endloop
  endfacet
  facet normal -1 0 0
    outer loop
      vertex -74.5 -27.7412 7.73392
      vertex -74.5 12.7412 7.73392
      vertex -74.5 -27.6671 7.44503
    endloop
  endfacet
  facet normal -1 0 0
    outer loop
      vertex -74.5 12.7412 7.73392
      vertex -74.5 -27.7412 7.73392
      vertex -74.5 12.851 8.01123
    endloop
  endfacet
  facet normal -1 0 0
    outer loop
      vertex -74.5 -27.851 8.01123
      vertex -74.5 12.851 8.01123
      vertex -74.5 -27.7412 7.73392
    endloop
  endfacet
  facet normal -1 0 0
    outer loop
      vertex -74.5 12.851 8.01123
      vertex -74.5 -27.851 8.01123
      vertex -74.5 12.9947 8.27259
    endloop
  endfacet
  facet normal -1 0 0
    outer loop
      vertex -74.5 -27.9947 8.27259
      vertex -74.5 12.9947 8.27259
      vertex -74.5 -27.851 8.01123
    endloop
  endfacet
  facet normal -1 0 0
    outer loop
      vertex -74.5 12.9947 8.27259
      vertex -74.5 -27.9947 8.27259
      vertex -74.5 13.17 8.51388
    endloop
  endfacet
  facet normal -1 0 0
    outer loop
      vertex -74.5 -28.17 8.51388
      vertex -74.5 13.17 8.51388
      vertex -74.5 -27.9947 8.27259
    endloop
  endfacet
  facet normal -1 0 0
    outer loop
      vertex -74.5 -32 14
      vertex -74.5 13.17 8.51388
      vertex -74.5 -28.17 8.51388
    endloop
  endfacet
  facet normal -1 0 0
    outer loop
      vertex -74.5 13.17 8.51388
      vertex -74.5 -32 14
      vertex -74.5 13.3742 8.7313
    endloop
  endfacet
  facet normal -1 0 0
    outer loop
      vertex -74.5 13.3742 8.7313
      vertex -74.5 -32 14
      vertex -74.5 13.604 8.92142
    endloop
  endfacet
  facet normal -1 0 0
    outer loop
      vertex -74.5 13.604 8.92142
      vertex -74.5 -32 14
      vertex -74.5 13.8558 9.08123
    endloop
  endfacet
  facet normal -1 0 0
    outer loop
      vertex -74.5 13.8558 9.08123
      vertex -74.5 -32 14
      vertex -74.5 14.1257 9.20822
    endloop
  endfacet
  facet normal -1 0 0
    outer loop
      vertex -74.5 14.1257 9.20822
      vertex -74.5 -32 14
      vertex -74.5 14.4094 9.30038
    endloop
  endfacet
  facet normal -1 0 0
    outer loop
      vertex -74.5 -32 14
      vertex -74.5 -28.17 8.51388
      vertex -74.5 -28.3742 8.7313
    endloop
  endfacet
  facet normal -1 0 0
    outer loop
      vertex -74.5 -32 14
      vertex -74.5 -28.3742 8.7313
      vertex -74.5 -28.604 8.92142
    endloop
  endfacet
  facet normal -1 0 0
    outer loop
      vertex -74.5 -32 14
      vertex -74.5 -28.604 8.92142
      vertex -74.5 -28.8558 9.08123
    endloop
  endfacet
  facet normal -1 0 0
    outer loop
      vertex -74.5 -32 14
      vertex -74.5 -28.8558 9.08123
      vertex -74.5 -29.1257 9.20822
    endloop
  endfacet
  facet normal -1 0 0
    outer loop
      vertex -74.5 -32 14
      vertex -74.5 -29.1257 9.20822
      vertex -74.5 -29.4094 9.30038
    endloop
  endfacet
  facet normal -1 0 0
    outer loop
      vertex -74.5 -32 14
      vertex -74.5 -29.4094 9.30038
      vertex -74.5 -29.7023 9.35627
    endloop
  endfacet
  facet normal -1 0 0
    outer loop
      vertex -74.5 -32 14
      vertex -74.5 -29.7023 9.35627
      vertex -74.5 -30 9.375
    endloop
  endfacet
  facet normal -1 0 0
    outer loop
      vertex -74.5 -32 14
      vertex -74.5 -30 9.375
      vertex -74.5 -30.2977 9.35627
    endloop
  endfacet
  facet normal -1 0 0
    outer loop
      vertex -74.5 14.7023 9.35627
      vertex -74.5 -32 14
      vertex -74.5 32 14
    endloop
  endfacet
  facet normal -1 0 0
    outer loop
      vertex -74.5 -30.5906 9.30038
      vertex -74.5 -32 14
      vertex -74.5 -30.2977 9.35627
    endloop
  endfacet
  facet normal -1 0 0
    outer loop
      vertex -74.5 -30.8743 9.20822
      vertex -74.5 -32 14
      vertex -74.5 -30.5906 9.30038
    endloop
  endfacet
  facet normal -1 0 0
    outer loop
      vertex -74.5 -31.1442 9.08123
      vertex -74.5 -32 14
      vertex -74.5 -30.8743 9.20822
    endloop
  endfacet
  facet normal -1 0 0
    outer loop
      vertex -74.5 -31.396 8.92142
      vertex -74.5 -32 14
      vertex -74.5 -31.1442 9.08123
    endloop
  endfacet
  facet normal -1 0 0
    outer loop
      vertex -74.5 -31.6258 8.7313
      vertex -74.5 -32 14
      vertex -74.5 -31.396 8.92142
    endloop
  endfacet
  facet normal -1 0 0
    outer loop
      vertex -74.5 -31.83 8.51388
      vertex -74.5 -32 14
      vertex -74.5 -31.6258 8.7313
    endloop
  endfacet
  facet normal -1 0 0
    outer loop
      vertex -74.5 -32 14
      vertex -74.5 -31.83 8.51388
      vertex -74.5 -32 8.27985
    endloop
  endfacet
  facet normal 0 1 0
    outer loop
      vertex 69.8139 36.9901 14
      vertex 51.9094 36.9901 9.30038
      vertex -69.8139 36.9901 14
    endloop
  endfacet
  facet normal 0 1 0
    outer loop
      vertex -69.8139 36.9901 14
      vertex -52.2023 36.9901 9.35627
      vertex -52.5 36.9901 9.375
    endloop
  endfacet
  facet normal 0 1 -0
    outer loop
      vertex -51.9094 36.9901 9.30038
      vertex -69.8139 36.9901 14
      vertex 51.9094 36.9901 9.30038
    endloop
  endfacet
  facet normal 0 1 0
    outer loop
      vertex -69.8139 36.9901 14
      vertex -51.9094 36.9901 9.30038
      vertex -52.2023 36.9901 9.35627
    endloop
  endfacet
  facet normal 0 1 -0
    outer loop
      vertex 51.6257 36.9901 9.20822
      vertex -51.9094 36.9901 9.30038
      vertex 51.9094 36.9901 9.30038
    endloop
  endfacet
  facet normal 0 1 0
    outer loop
      vertex 51.6257 36.9901 9.20822
      vertex -51.6257 36.9901 9.20822
      vertex -51.9094 36.9901 9.30038
    endloop
  endfacet
  facet normal 0 1 -0
    outer loop
      vertex 51.3558 36.9901 9.08123
      vertex -51.6257 36.9901 9.20822
      vertex 51.6257 36.9901 9.20822
    endloop
  endfacet
  facet normal 0 1 0
    outer loop
      vertex 51.3558 36.9901 9.08123
      vertex -51.3558 36.9901 9.08123
      vertex -51.6257 36.9901 9.20822
    endloop
  endfacet
  facet normal 0 1 -0
    outer loop
      vertex 51.104 36.9901 8.92142
      vertex -51.3558 36.9901 9.08123
      vertex 51.3558 36.9901 9.08123
    endloop
  endfacet
  facet normal 0 1 0
    outer loop
      vertex 51.104 36.9901 8.92142
      vertex -51.104 36.9901 8.92142
      vertex -51.3558 36.9901 9.08123
    endloop
  endfacet
  facet normal 0 1 -0
    outer loop
      vertex 50.8742 36.9901 8.7313
      vertex -51.104 36.9901 8.92142
      vertex 51.104 36.9901 8.92142
    endloop
  endfacet
  facet normal 0 1 0
    outer loop
      vertex 50.8742 36.9901 8.7313
      vertex -50.8742 36.9901 8.7313
      vertex -51.104 36.9901 8.92142
    endloop
  endfacet
  facet normal 0 1 -0
    outer loop
      vertex 50.67 36.9901 8.51388
      vertex -50.8742 36.9901 8.7313
      vertex 50.8742 36.9901 8.7313
    endloop
  endfacet
  facet normal 0 1 0
    outer loop
      vertex 50.67 36.9901 8.51388
      vertex -50.67 36.9901 8.51388
      vertex -50.8742 36.9901 8.7313
    endloop
  endfacet
  facet normal 0 1 -0
    outer loop
      vertex 50.4947 36.9901 8.27259
      vertex -50.67 36.9901 8.51388
      vertex 50.67 36.9901 8.51388
    endloop
  endfacet
  facet normal 0 1 0
    outer loop
      vertex 50.4947 36.9901 8.27259
      vertex -50.4947 36.9901 8.27259
      vertex -50.67 36.9901 8.51388
    endloop
  endfacet
  facet normal 0 1 -0
    outer loop
      vertex 50.351 36.9901 8.01123
      vertex -50.4947 36.9901 8.27259
      vertex 50.4947 36.9901 8.27259
    endloop
  endfacet
  facet normal 0 1 0
    outer loop
      vertex 50.351 36.9901 8.01123
      vertex -50.351 36.9901 8.01123
      vertex -50.4947 36.9901 8.27259
    endloop
  endfacet
  facet normal 0 1 -0
    outer loop
      vertex 50.2412 36.9901 7.73392
      vertex -50.351 36.9901 8.01123
      vertex 50.351 36.9901 8.01123
    endloop
  endfacet
  facet normal 0 1 0
    outer loop
      vertex 50.2412 36.9901 7.73392
      vertex -50.2412 36.9901 7.73392
      vertex -50.351 36.9901 8.01123
    endloop
  endfacet
  facet normal 0 1 -0
    outer loop
      vertex 50.1671 36.9901 7.44503
      vertex -50.2412 36.9901 7.73392
      vertex 50.2412 36.9901 7.73392
    endloop
  endfacet
  facet normal 0 1 0
    outer loop
      vertex 50.1671 36.9901 7.44503
      vertex -50.1671 36.9901 7.44503
      vertex -50.2412 36.9901 7.73392
    endloop
  endfacet
  facet normal 0 1 -0
    outer loop
      vertex 50.1297 36.9901 7.14913
      vertex -50.1671 36.9901 7.44503
      vertex 50.1671 36.9901 7.44503
    endloop
  endfacet
  facet normal 0 1 0
    outer loop
      vertex 50.1297 36.9901 7.14913
      vertex -50.1297 36.9901 7.14913
      vertex -50.1671 36.9901 7.44503
    endloop
  endfacet
  facet normal 0 1 -0
    outer loop
      vertex 50.1297 36.9901 6.85087
      vertex -50.1297 36.9901 7.14913
      vertex 50.1297 36.9901 7.14913
    endloop
  endfacet
  facet normal 0 1 0
    outer loop
      vertex 50.1297 36.9901 6.85087
      vertex -50.1297 36.9901 6.85087
      vertex -50.1297 36.9901 7.14913
    endloop
  endfacet
  facet normal 0 1 0
    outer loop
      vertex 50.1671 36.9901 6.55497
      vertex -50.1297 36.9901 6.85087
      vertex 50.1297 36.9901 6.85087
    endloop
  endfacet
  facet normal 0 1 0
    outer loop
      vertex 50.1671 36.9901 6.55497
      vertex -50.1671 36.9901 6.55497
      vertex -50.1297 36.9901 6.85087
    endloop
  endfacet
  facet normal 0 1 0
    outer loop
      vertex 50.2412 36.9901 6.26608
      vertex -50.1671 36.9901 6.55497
      vertex 50.1671 36.9901 6.55497
    endloop
  endfacet
  facet normal 0 1 0
    outer loop
      vertex 50.2412 36.9901 6.26608
      vertex -50.2412 36.9901 6.26608
      vertex -50.1671 36.9901 6.55497
    endloop
  endfacet
  facet normal 0 1 0
    outer loop
      vertex 50.351 36.9901 5.98877
      vertex -50.2412 36.9901 6.26608
      vertex 50.2412 36.9901 6.26608
    endloop
  endfacet
  facet normal 0 1 0
    outer loop
      vertex 50.351 36.9901 5.98877
      vertex -50.351 36.9901 5.98877
      vertex -50.2412 36.9901 6.26608
    endloop
  endfacet
  facet normal 0 1 0
    outer loop
      vertex 50.4947 36.9901 5.72741
      vertex -50.351 36.9901 5.98877
      vertex 50.351 36.9901 5.98877
    endloop
  endfacet
  facet normal 0 1 0
    outer loop
      vertex 50.4947 36.9901 5.72741
      vertex -50.4947 36.9901 5.72741
      vertex -50.351 36.9901 5.98877
    endloop
  endfacet
  facet normal 0 1 0
    outer loop
      vertex 50.67 36.9901 5.48612
      vertex -50.4947 36.9901 5.72741
      vertex 50.4947 36.9901 5.72741
    endloop
  endfacet
  facet normal 0 1 0
    outer loop
      vertex 50.67 36.9901 5.48612
      vertex -50.67 36.9901 5.48612
      vertex -50.4947 36.9901 5.72741
    endloop
  endfacet
  facet normal 0 1 0
    outer loop
      vertex 50.8742 36.9901 5.2687
      vertex -50.67 36.9901 5.48612
      vertex 50.67 36.9901 5.48612
    endloop
  endfacet
  facet normal 0 1 0
    outer loop
      vertex 50.8742 36.9901 5.2687
      vertex -50.8742 36.9901 5.2687
      vertex -50.67 36.9901 5.48612
    endloop
  endfacet
  facet normal 0 1 0
    outer loop
      vertex 51.104 36.9901 5.07858
      vertex -50.8742 36.9901 5.2687
      vertex 50.8742 36.9901 5.2687
    endloop
  endfacet
  facet normal 0 1 0
    outer loop
      vertex 51.104 36.9901 5.07858
      vertex -51.104 36.9901 5.07858
      vertex -50.8742 36.9901 5.2687
    endloop
  endfacet
  facet normal 0 1 0
    outer loop
      vertex 51.3558 36.9901 4.91877
      vertex -51.104 36.9901 5.07858
      vertex 51.104 36.9901 5.07858
    endloop
  endfacet
  facet normal 0 1 0
    outer loop
      vertex 51.3558 36.9901 4.91877
      vertex -51.3558 36.9901 4.91877
      vertex -51.104 36.9901 5.07858
    endloop
  endfacet
  facet normal 0 1 0
    outer loop
      vertex 51.6257 36.9901 4.79178
      vertex -51.3558 36.9901 4.91877
      vertex 51.3558 36.9901 4.91877
    endloop
  endfacet
  facet normal 0 1 0
    outer loop
      vertex 51.6257 36.9901 4.79178
      vertex -51.6257 36.9901 4.79178
      vertex -51.3558 36.9901 4.91877
    endloop
  endfacet
  facet normal 0 1 0
    outer loop
      vertex 51.9094 36.9901 4.69962
      vertex -51.6257 36.9901 4.79178
      vertex 51.6257 36.9901 4.79178
    endloop
  endfacet
  facet normal 0 1 0
    outer loop
      vertex 51.9094 36.9901 4.69962
      vertex -51.9094 36.9901 4.69962
      vertex -51.6257 36.9901 4.79178
    endloop
  endfacet
  facet normal 0 1 0
    outer loop
      vertex 69.8139 36.9901 0
      vertex 51.9094 36.9901 4.69962
      vertex 52.2023 36.9901 4.64373
    endloop
  endfacet
  facet normal 0 1 0
    outer loop
      vertex 51.9094 36.9901 4.69962
      vertex 69.8139 36.9901 0
      vertex -51.9094 36.9901 4.69962
    endloop
  endfacet
  facet normal 0 1 0
    outer loop
      vertex 69.8139 36.9901 0
      vertex 52.2023 36.9901 4.64373
      vertex 52.5 36.9901 4.625
    endloop
  endfacet
  facet normal 0 1 0
    outer loop
      vertex -69.8139 36.9901 0
      vertex -51.9094 36.9901 4.69962
      vertex 69.8139 36.9901 0
    endloop
  endfacet
  facet normal 0 1 0
    outer loop
      vertex 52.2023 36.9901 9.35627
      vertex 69.8139 36.9901 14
      vertex 52.5 36.9901 9.375
    endloop
  endfacet
  facet normal 0 1 0
    outer loop
      vertex 69.8139 36.9901 14
      vertex 52.7977 36.9901 9.35627
      vertex 52.5 36.9901 9.375
    endloop
  endfacet
  facet normal 0 1 0
    outer loop
      vertex 69.8139 36.9901 14
      vertex 53.0906 36.9901 9.30038
      vertex 52.7977 36.9901 9.35627
    endloop
  endfacet
  facet normal 0 1 0
    outer loop
      vertex 69.8139 36.9901 14
      vertex 53.3743 36.9901 9.20822
      vertex 53.0906 36.9901 9.30038
    endloop
  endfacet
  facet normal 0 1 0
    outer loop
      vertex 69.8139 36.9901 14
      vertex 53.6442 36.9901 9.08123
      vertex 53.3743 36.9901 9.20822
    endloop
  endfacet
  facet normal 0 1 0
    outer loop
      vertex 69.8139 36.9901 14
      vertex 53.896 36.9901 8.92142
      vertex 53.6442 36.9901 9.08123
    endloop
  endfacet
  facet normal 0 1 0
    outer loop
      vertex 69.8139 36.9901 14
      vertex 54.1258 36.9901 8.7313
      vertex 53.896 36.9901 8.92142
    endloop
  endfacet
  facet normal 0 1 0
    outer loop
      vertex 69.8139 36.9901 14
      vertex 54.33 36.9901 8.51388
      vertex 54.1258 36.9901 8.7313
    endloop
  endfacet
  facet normal 0 1 0
    outer loop
      vertex 69.8139 36.9901 14
      vertex 54.5053 36.9901 8.27259
      vertex 54.33 36.9901 8.51388
    endloop
  endfacet
  facet normal 0 1 0
    outer loop
      vertex 69.8139 36.9901 14
      vertex 54.649 36.9901 8.01123
      vertex 54.5053 36.9901 8.27259
    endloop
  endfacet
  facet normal 0 1 0
    outer loop
      vertex 69.8139 36.9901 14
      vertex 54.7588 36.9901 7.73392
      vertex 54.649 36.9901 8.01123
    endloop
  endfacet
  facet normal 0 1 0
    outer loop
      vertex 69.8139 36.9901 14
      vertex 54.8329 36.9901 7.44503
      vertex 54.7588 36.9901 7.73392
    endloop
  endfacet
  facet normal 0 1 0
    outer loop
      vertex 69.8139 36.9901 14
      vertex 54.8703 36.9901 7.14913
      vertex 54.8329 36.9901 7.44503
    endloop
  endfacet
  facet normal 0 1 0
    outer loop
      vertex 69.8139 36.9901 14
      vertex 54.8703 36.9901 6.85087
      vertex 54.8703 36.9901 7.14913
    endloop
  endfacet
  facet normal 0 1 -0
    outer loop
      vertex 69.8139 36.9901 0
      vertex 54.8703 36.9901 6.85087
      vertex 69.8139 36.9901 14
    endloop
  endfacet
  facet normal 0 1 0
    outer loop
      vertex 54.8703 36.9901 6.85087
      vertex 69.8139 36.9901 0
      vertex 54.8329 36.9901 6.55497
    endloop
  endfacet
  facet normal 0 1 0
    outer loop
      vertex 54.8329 36.9901 6.55497
      vertex 69.8139 36.9901 0
      vertex 54.7588 36.9901 6.26608
    endloop
  endfacet
  facet normal 0 1 0
    outer loop
      vertex 54.7588 36.9901 6.26608
      vertex 69.8139 36.9901 0
      vertex 54.649 36.9901 5.98877
    endloop
  endfacet
  facet normal 0 1 0
    outer loop
      vertex 54.649 36.9901 5.98877
      vertex 69.8139 36.9901 0
      vertex 54.5053 36.9901 5.72741
    endloop
  endfacet
  facet normal 0 1 0
    outer loop
      vertex 54.5053 36.9901 5.72741
      vertex 69.8139 36.9901 0
      vertex 54.33 36.9901 5.48612
    endloop
  endfacet
  facet normal 0 1 0
    outer loop
      vertex 54.33 36.9901 5.48612
      vertex 69.8139 36.9901 0
      vertex 54.1258 36.9901 5.2687
    endloop
  endfacet
  facet normal 0 1 0
    outer loop
      vertex 54.1258 36.9901 5.2687
      vertex 69.8139 36.9901 0
      vertex 53.896 36.9901 5.07858
    endloop
  endfacet
  facet normal 0 1 0
    outer loop
      vertex -51.9094 36.9901 4.69962
      vertex -69.8139 36.9901 0
      vertex -52.2023 36.9901 4.64373
    endloop
  endfacet
  facet normal 0 1 0
    outer loop
      vertex 52.7977 36.9901 4.64373
      vertex 69.8139 36.9901 0
      vertex 52.5 36.9901 4.625
    endloop
  endfacet
  facet normal 0 1 0
    outer loop
      vertex 53.0906 36.9901 4.69962
      vertex 69.8139 36.9901 0
      vertex 52.7977 36.9901 4.64373
    endloop
  endfacet
  facet normal 0 1 0
    outer loop
      vertex 53.3743 36.9901 4.79178
      vertex 69.8139 36.9901 0
      vertex 53.0906 36.9901 4.69962
    endloop
  endfacet
  facet normal 0 1 0
    outer loop
      vertex 53.6442 36.9901 4.91877
      vertex 69.8139 36.9901 0
      vertex 53.3743 36.9901 4.79178
    endloop
  endfacet
  facet normal 0 1 0
    outer loop
      vertex 53.896 36.9901 5.07858
      vertex 69.8139 36.9901 0
      vertex 53.6442 36.9901 4.91877
    endloop
  endfacet
  facet normal 0 1 0
    outer loop
      vertex 51.9094 36.9901 9.30038
      vertex 69.8139 36.9901 14
      vertex 52.2023 36.9901 9.35627
    endloop
  endfacet
  facet normal 0 1 -0
    outer loop
      vertex -52.7977 36.9901 9.35627
      vertex -69.8139 36.9901 14
      vertex -52.5 36.9901 9.375
    endloop
  endfacet
  facet normal 0 1 -0
    outer loop
      vertex -53.0906 36.9901 9.30038
      vertex -69.8139 36.9901 14
      vertex -52.7977 36.9901 9.35627
    endloop
  endfacet
  facet normal 0 1 -0
    outer loop
      vertex -53.3743 36.9901 9.20822
      vertex -69.8139 36.9901 14
      vertex -53.0906 36.9901 9.30038
    endloop
  endfacet
  facet normal 0 1 -0
    outer loop
      vertex -53.6442 36.9901 9.08123
      vertex -69.8139 36.9901 14
      vertex -53.3743 36.9901 9.20822
    endloop
  endfacet
  facet normal 0 1 -0
    outer loop
      vertex -53.896 36.9901 8.92142
      vertex -69.8139 36.9901 14
      vertex -53.6442 36.9901 9.08123
    endloop
  endfacet
  facet normal 0 1 -0
    outer loop
      vertex -54.1258 36.9901 8.7313
      vertex -69.8139 36.9901 14
      vertex -53.896 36.9901 8.92142
    endloop
  endfacet
  facet normal 0 1 -0
    outer loop
      vertex -54.33 36.9901 8.51388
      vertex -69.8139 36.9901 14
      vertex -54.1258 36.9901 8.7313
    endloop
  endfacet
  facet normal 0 1 -0
    outer loop
      vertex -54.5053 36.9901 8.27259
      vertex -69.8139 36.9901 14
      vertex -54.33 36.9901 8.51388
    endloop
  endfacet
  facet normal 0 1 -0
    outer loop
      vertex -54.649 36.9901 8.01123
      vertex -69.8139 36.9901 14
      vertex -54.5053 36.9901 8.27259
    endloop
  endfacet
  facet normal 0 1 -0
    outer loop
      vertex -54.7588 36.9901 7.73392
      vertex -69.8139 36.9901 14
      vertex -54.649 36.9901 8.01123
    endloop
  endfacet
  facet normal 0 1 -0
    outer loop
      vertex -54.8329 36.9901 7.44503
      vertex -69.8139 36.9901 14
      vertex -54.7588 36.9901 7.73392
    endloop
  endfacet
  facet normal 0 1 -0
    outer loop
      vertex -54.8703 36.9901 7.14913
      vertex -69.8139 36.9901 14
      vertex -54.8329 36.9901 7.44503
    endloop
  endfacet
  facet normal 0 1 -0
    outer loop
      vertex -54.8703 36.9901 6.85087
      vertex -69.8139 36.9901 14
      vertex -54.8703 36.9901 7.14913
    endloop
  endfacet
  facet normal 0 1 0
    outer loop
      vertex -69.8139 36.9901 0
      vertex -54.8703 36.9901 6.85087
      vertex -54.8329 36.9901 6.55497
    endloop
  endfacet
  facet normal 0 1 0
    outer loop
      vertex -69.8139 36.9901 0
      vertex -54.8329 36.9901 6.55497
      vertex -54.7588 36.9901 6.26608
    endloop
  endfacet
  facet normal 0 1 0
    outer loop
      vertex -69.8139 36.9901 0
      vertex -54.7588 36.9901 6.26608
      vertex -54.649 36.9901 5.98877
    endloop
  endfacet
  facet normal 0 1 0
    outer loop
      vertex -69.8139 36.9901 0
      vertex -54.649 36.9901 5.98877
      vertex -54.5053 36.9901 5.72741
    endloop
  endfacet
  facet normal 0 1 0
    outer loop
      vertex -69.8139 36.9901 0
      vertex -54.5053 36.9901 5.72741
      vertex -54.33 36.9901 5.48612
    endloop
  endfacet
  facet normal 0 1 0
    outer loop
      vertex -69.8139 36.9901 0
      vertex -54.33 36.9901 5.48612
      vertex -54.1258 36.9901 5.2687
    endloop
  endfacet
  facet normal 0 1 0
    outer loop
      vertex -69.8139 36.9901 0
      vertex -54.1258 36.9901 5.2687
      vertex -53.896 36.9901 5.07858
    endloop
  endfacet
  facet normal 0 1 0
    outer loop
      vertex -69.8139 36.9901 0
      vertex -53.896 36.9901 5.07858
      vertex -53.6442 36.9901 4.91877
    endloop
  endfacet
  facet normal 0 1 0
    outer loop
      vertex -54.8703 36.9901 6.85087
      vertex -69.8139 36.9901 0
      vertex -69.8139 36.9901 14
    endloop
  endfacet
  facet normal 0 1 0
    outer loop
      vertex -53.3743 36.9901 4.79178
      vertex -69.8139 36.9901 0
      vertex -53.6442 36.9901 4.91877
    endloop
  endfacet
  facet normal 0 1 0
    outer loop
      vertex -53.0906 36.9901 4.69962
      vertex -69.8139 36.9901 0
      vertex -53.3743 36.9901 4.79178
    endloop
  endfacet
  facet normal 0 1 0
    outer loop
      vertex -52.7977 36.9901 4.64373
      vertex -69.8139 36.9901 0
      vertex -53.0906 36.9901 4.69962
    endloop
  endfacet
  facet normal 0 1 0
    outer loop
      vertex -52.5 36.9901 4.625
      vertex -69.8139 36.9901 0
      vertex -52.7977 36.9901 4.64373
    endloop
  endfacet
  facet normal 0 1 0
    outer loop
      vertex -52.2023 36.9901 4.64373
      vertex -69.8139 36.9901 0
      vertex -52.5 36.9901 4.625
    endloop
  endfacet
  facet normal 0 -1 0
    outer loop
      vertex 68.9834 23.0099 0
      vertex 69.8139 23.0099 14
      vertex 68.9834 23.0099 14
    endloop
  endfacet
  facet normal 0 -1 -0
    outer loop
      vertex 69.8139 23.0099 14
      vertex 68.9834 23.0099 0
      vertex 69.8139 23.0099 0
    endloop
  endfacet
  facet normal 0 -1 0
    outer loop
      vertex -51.936 23.0099 11.4645
      vertex -60.5 23.0099 14
      vertex -52.5 23.0099 11.5
    endloop
  endfacet
  facet normal 0 -1 0
    outer loop
      vertex -60.5 23.0099 14
      vertex -53.064 23.0099 11.4645
      vertex -52.5 23.0099 11.5
    endloop
  endfacet
  facet normal 0 -1 0
    outer loop
      vertex -60.5 23.0099 14
      vertex -53.6191 23.0099 11.3586
      vertex -53.064 23.0099 11.4645
    endloop
  endfacet
  facet normal 0 -1 0
    outer loop
      vertex -60.5 23.0099 14
      vertex -54.1566 23.0099 11.184
      vertex -53.6191 23.0099 11.3586
    endloop
  endfacet
  facet normal 0 -1 0
    outer loop
      vertex -60.5 23.0099 14
      vertex -54.6679 23.0099 10.9434
      vertex -54.1566 23.0099 11.184
    endloop
  endfacet
  facet normal 0 -1 0
    outer loop
      vertex -60.5 23.0099 14
      vertex -55.145 23.0099 10.6406
      vertex -54.6679 23.0099 10.9434
    endloop
  endfacet
  facet normal 0 -1 0
    outer loop
      vertex -60.5 23.0099 14
      vertex -55.5805 23.0099 10.2804
      vertex -55.145 23.0099 10.6406
    endloop
  endfacet
  facet normal 0 -1 0
    outer loop
      vertex -60.5 23.0099 14
      vertex -55.9673 23.0099 9.86841
      vertex -55.5805 23.0099 10.2804
    endloop
  endfacet
  facet normal 0 -1 0
    outer loop
      vertex -60.5 23.0099 14
      vertex -56.2995 23.0099 9.41122
      vertex -55.9673 23.0099 9.86841
    endloop
  endfacet
  facet normal 0 -1 0
    outer loop
      vertex -60.5 23.0099 14
      vertex -56.5717 23.0099 8.91601
      vertex -56.2995 23.0099 9.41122
    endloop
  endfacet
  facet normal 0 -1 0
    outer loop
      vertex -60.5 23.0099 14
      vertex -56.7798 23.0099 8.39058
      vertex -56.5717 23.0099 8.91601
    endloop
  endfacet
  facet normal 0 -1 0
    outer loop
      vertex -60.5 23.0099 14
      vertex -56.9203 23.0099 7.84321
      vertex -56.7798 23.0099 8.39058
    endloop
  endfacet
  facet normal 0 -1 0
    outer loop
      vertex -60.5 23.0099 14
      vertex -56.9911 23.0099 7.28256
      vertex -56.9203 23.0099 7.84321
    endloop
  endfacet
  facet normal 0 -1 0
    outer loop
      vertex -60.5 23.0099 14
      vertex -56.9911 23.0099 6.71744
      vertex -56.9911 23.0099 7.28256
    endloop
  endfacet
  facet normal 0 -1 0
    outer loop
      vertex -60.5 23.0099 0
      vertex -56.9911 23.0099 6.71744
      vertex -60.5 23.0099 14
    endloop
  endfacet
  facet normal 0 -1 -0
    outer loop
      vertex -56.9911 23.0099 6.71744
      vertex -60.5 23.0099 0
      vertex -56.9203 23.0099 6.15679
    endloop
  endfacet
  facet normal 0 -1 -0
    outer loop
      vertex -56.9203 23.0099 6.15679
      vertex -60.5 23.0099 0
      vertex -56.7798 23.0099 5.60942
    endloop
  endfacet
  facet normal 0 -1 -0
    outer loop
      vertex -53.064 23.0099 2.53548
      vertex -60.5 23.0099 0
      vertex -52.5 23.0099 2.5
    endloop
  endfacet
  facet normal 0 -1 -0
    outer loop
      vertex -53.6191 23.0099 2.64138
      vertex -60.5 23.0099 0
      vertex -53.064 23.0099 2.53548
    endloop
  endfacet
  facet normal 0 -1 -0
    outer loop
      vertex -54.1566 23.0099 2.81601
      vertex -60.5 23.0099 0
      vertex -53.6191 23.0099 2.64138
    endloop
  endfacet
  facet normal 0 -1 -0
    outer loop
      vertex -54.6679 23.0099 3.05662
      vertex -60.5 23.0099 0
      vertex -54.1566 23.0099 2.81601
    endloop
  endfacet
  facet normal 0 -1 -0
    outer loop
      vertex -55.145 23.0099 3.35942
      vertex -60.5 23.0099 0
      vertex -54.6679 23.0099 3.05662
    endloop
  endfacet
  facet normal 0 -1 -0
    outer loop
      vertex -55.5805 23.0099 3.71964
      vertex -60.5 23.0099 0
      vertex -55.145 23.0099 3.35942
    endloop
  endfacet
  facet normal 0 -1 -0
    outer loop
      vertex -55.9673 23.0099 4.13159
      vertex -60.5 23.0099 0
      vertex -55.5805 23.0099 3.71964
    endloop
  endfacet
  facet normal 0 -1 -0
    outer loop
      vertex -56.2995 23.0099 4.58878
      vertex -60.5 23.0099 0
      vertex -55.9673 23.0099 4.13159
    endloop
  endfacet
  facet normal 0 -1 -0
    outer loop
      vertex -56.5717 23.0099 5.08399
      vertex -60.5 23.0099 0
      vertex -56.2995 23.0099 4.58878
    endloop
  endfacet
  facet normal 0 -1 -0
    outer loop
      vertex -56.7798 23.0099 5.60942
      vertex -60.5 23.0099 0
      vertex -56.5717 23.0099 5.08399
    endloop
  endfacet
  facet normal 0 -1 0
    outer loop
      vertex -51.3809 23.0099 11.3586
      vertex -60.5 23.0099 14
      vertex -51.936 23.0099 11.4645
    endloop
  endfacet
  facet normal 0 -1 0
    outer loop
      vertex -60.5 23.0099 14
      vertex -51.3809 23.0099 11.3586
      vertex 34.561 23.0099 14
    endloop
  endfacet
  facet normal 0 -1 0
    outer loop
      vertex -50.8434 23.0099 11.184
      vertex 34.561 23.0099 14
      vertex -51.3809 23.0099 11.3586
    endloop
  endfacet
  facet normal 0 -1 0
    outer loop
      vertex -50.3321 23.0099 10.9434
      vertex 34.561 23.0099 14
      vertex -50.8434 23.0099 11.184
    endloop
  endfacet
  facet normal 0 -1 0
    outer loop
      vertex -49.855 23.0099 10.6406
      vertex 34.561 23.0099 14
      vertex -50.3321 23.0099 10.9434
    endloop
  endfacet
  facet normal 0 -1 0
    outer loop
      vertex -49.4195 23.0099 10.2804
      vertex 34.561 23.0099 14
      vertex -49.855 23.0099 10.6406
    endloop
  endfacet
  facet normal 0 -1 0
    outer loop
      vertex -49.0327 23.0099 9.86841
      vertex 34.561 23.0099 14
      vertex -49.4195 23.0099 10.2804
    endloop
  endfacet
  facet normal 0 -1 0
    outer loop
      vertex -48.7005 23.0099 9.41122
      vertex 34.561 23.0099 14
      vertex -49.0327 23.0099 9.86841
    endloop
  endfacet
  facet normal 0 -1 0
    outer loop
      vertex -48.4283 23.0099 8.91601
      vertex 34.561 23.0099 14
      vertex -48.7005 23.0099 9.41122
    endloop
  endfacet
  facet normal 0 -1 0
    outer loop
      vertex -48.2202 23.0099 8.39058
      vertex 34.561 23.0099 14
      vertex -48.4283 23.0099 8.91601
    endloop
  endfacet
  facet normal 0 -1 0
    outer loop
      vertex -48.0797 23.0099 7.84321
      vertex 34.561 23.0099 14
      vertex -48.2202 23.0099 8.39058
    endloop
  endfacet
  facet normal 0 -1 0
    outer loop
      vertex -48.0089 23.0099 7.28256
      vertex 34.561 23.0099 14
      vertex -48.0797 23.0099 7.84321
    endloop
  endfacet
  facet normal 0 -1 0
    outer loop
      vertex -48.0089 23.0099 6.71744
      vertex 34.561 23.0099 14
      vertex -48.0089 23.0099 7.28256
    endloop
  endfacet
  facet normal 0 -1 0
    outer loop
      vertex 34.561 23.0099 0
      vertex -48.0089 23.0099 6.71744
      vertex -48.0797 23.0099 6.15679
    endloop
  endfacet
  facet normal 0 -1 0
    outer loop
      vertex 34.561 23.0099 0
      vertex -48.0797 23.0099 6.15679
      vertex -48.2202 23.0099 5.60942
    endloop
  endfacet
  facet normal 0 -1 0
    outer loop
      vertex 34.561 23.0099 0
      vertex -48.2202 23.0099 5.60942
      vertex -48.4283 23.0099 5.08399
    endloop
  endfacet
  facet normal 0 -1 0
    outer loop
      vertex 34.561 23.0099 0
      vertex -48.4283 23.0099 5.08399
      vertex -48.7005 23.0099 4.58878
    endloop
  endfacet
  facet normal 0 -1 0
    outer loop
      vertex 34.561 23.0099 0
      vertex -48.7005 23.0099 4.58878
      vertex -49.0327 23.0099 4.13159
    endloop
  endfacet
  facet normal 0 -1 0
    outer loop
      vertex 34.561 23.0099 0
      vertex -49.0327 23.0099 4.13159
      vertex -49.4195 23.0099 3.71964
    endloop
  endfacet
  facet normal 0 -1 0
    outer loop
      vertex 34.561 23.0099 0
      vertex -49.4195 23.0099 3.71964
      vertex -49.855 23.0099 3.35942
    endloop
  endfacet
  facet normal 0 -1 0
    outer loop
      vertex 34.561 23.0099 0
      vertex -49.855 23.0099 3.35942
      vertex -50.3321 23.0099 3.05662
    endloop
  endfacet
  facet normal 0 -1 0
    outer loop
      vertex 34.561 23.0099 0
      vertex -50.3321 23.0099 3.05662
      vertex -50.8434 23.0099 2.81601
    endloop
  endfacet
  facet normal 0 -1 0
    outer loop
      vertex 34.561 23.0099 0
      vertex -50.8434 23.0099 2.81601
      vertex -51.3809 23.0099 2.64138
    endloop
  endfacet
  facet normal 0 -1 0
    outer loop
      vertex -60.5 23.0099 0
      vertex -51.3809 23.0099 2.64138
      vertex -51.936 23.0099 2.53548
    endloop
  endfacet
  facet normal 0 -1 0
    outer loop
      vertex -60.5 23.0099 0
      vertex -51.936 23.0099 2.53548
      vertex -52.5 23.0099 2.5
    endloop
  endfacet
  facet normal 0 -1 -0
    outer loop
      vertex -51.3809 23.0099 2.64138
      vertex -60.5 23.0099 0
      vertex 34.561 23.0099 0
    endloop
  endfacet
  facet normal 0 -1 0
    outer loop
      vertex -48.0089 23.0099 6.71744
      vertex 34.561 23.0099 0
      vertex 34.561 23.0099 14
    endloop
  endfacet
  facet normal 0.99803 -0.0627451 0
    outer loop
      vertex 74.4606 27.3733 14
      vertex 74.5 28 0
      vertex 74.5 28 14
    endloop
  endfacet
  facet normal 0.99803 -0.0627451 0
    outer loop
      vertex 74.5 28 0
      vertex 74.4606 27.3733 14
      vertex 74.4606 27.3733 0
    endloop
  endfacet
  facet normal 0.125328 -0.992115 0
    outer loop
      vertex 69.8139 23.0099 0
      vertex 70.4369 23.0886 14
      vertex 69.8139 23.0099 14
    endloop
  endfacet
  facet normal 0.125328 -0.992115 0
    outer loop
      vertex 70.4369 23.0886 14
      vertex 69.8139 23.0099 0
      vertex 70.4369 23.0886 0
    endloop
  endfacet
  facet normal 0.904811 0.425812 0
    outer loop
      vertex 74.1489 33.8406 14
      vertex 73.8815 34.4088 0
      vertex 73.8815 34.4088 14
    endloop
  endfacet
  facet normal 0.904811 0.425812 0
    outer loop
      vertex 73.8815 34.4088 0
      vertex 74.1489 33.8406 14
      vertex 74.1489 33.8406 0
    endloop
  endfacet
  facet normal 0.368203 0.929745 -0
    outer loop
      vertex 71.6289 36.5241 0
      vertex 71.0451 36.7553 14
      vertex 71.6289 36.5241 14
    endloop
  endfacet
  facet normal 0.368203 0.929745 0
    outer loop
      vertex 71.0451 36.7553 14
      vertex 71.6289 36.5241 0
      vertex 71.0451 36.7553 0
    endloop
  endfacet
  facet normal 0.248601 0.968606 -0
    outer loop
      vertex 71.0451 36.7553 0
      vertex 70.4369 36.9114 14
      vertex 71.0451 36.7553 14
    endloop
  endfacet
  facet normal 0.248601 0.968606 0
    outer loop
      vertex 70.4369 36.9114 14
      vertex 71.0451 36.7553 0
      vertex 70.4369 36.9114 0
    endloop
  endfacet
  facet normal -0.481784 0.87629 0
    outer loop
      vertex -71.6289 36.5241 0
      vertex -72.1791 36.2216 14
      vertex -71.6289 36.5241 14
    endloop
  endfacet
  facet normal -0.481784 0.87629 0
    outer loop
      vertex -72.1791 36.2216 14
      vertex -71.6289 36.5241 0
      vertex -72.1791 36.2216 0
    endloop
  endfacet
  facet normal -0.125328 0.992115 0
    outer loop
      vertex -69.8139 36.9901 0
      vertex -70.4369 36.9114 14
      vertex -69.8139 36.9901 14
    endloop
  endfacet
  facet normal -0.125328 0.992115 0
    outer loop
      vertex -70.4369 36.9114 14
      vertex -69.8139 36.9901 0
      vertex -70.4369 36.9114 0
    endloop
  endfacet
  facet normal -0.951061 0.309003 0
    outer loop
      vertex -74.3429 33.2435 0
      vertex -74.1489 33.8406 14
      vertex -74.1489 33.8406 0
    endloop
  endfacet
  facet normal -0.951061 0.309003 0
    outer loop
      vertex -74.1489 33.8406 14
      vertex -74.3429 33.2435 0
      vertex -74.3429 33.2435 14
    endloop
  endfacet
  facet normal 0 0 1
    outer loop
      vertex 69.8139 36.9901 14
      vertex 74.5 32 14
      vertex 74.4606 32.6267 14
    endloop
  endfacet
  facet normal 0 0 1
    outer loop
      vertex 68.9834 23.0099 14
      vertex 74.5 32 14
      vertex 69.8139 36.9901 14
    endloop
  endfacet
  facet normal 0 0 1
    outer loop
      vertex 69.8139 36.9901 14
      vertex 74.4606 32.6267 14
      vertex 74.3429 33.2435 14
    endloop
  endfacet
  facet normal 0 0 1
    outer loop
      vertex 74.5 32 14
      vertex 68.9834 23.0099 14
      vertex 74.5 28 14
    endloop
  endfacet
  facet normal 0 0 1
    outer loop
      vertex 69.8139 36.9901 14
      vertex 74.3429 33.2435 14
      vertex 74.1489 33.8406 14
    endloop
  endfacet
  facet normal 0 -0 1
    outer loop
      vertex 69.8139 23.0099 14
      vertex 74.5 28 14
      vertex 68.9834 23.0099 14
    endloop
  endfacet
  facet normal 0 0 1
    outer loop
      vertex 69.8139 36.9901 14
      vertex 74.1489 33.8406 14
      vertex 73.8815 34.4088 14
    endloop
  endfacet
  facet normal 0 0 1
    outer loop
      vertex 74.4606 27.3733 14
      vertex 69.8139 23.0099 14
      vertex 74.3429 26.7565 14
    endloop
  endfacet
  facet normal 0 0 1
    outer loop
      vertex 69.8139 36.9901 14
      vertex 73.8815 34.4088 14
      vertex 73.5451 34.9389 14
    endloop
  endfacet
  facet normal 0 0 1
    outer loop
      vertex 74.3429 26.7565 14
      vertex 69.8139 23.0099 14
      vertex 74.1489 26.1594 14
    endloop
  endfacet
  facet normal 0 0 1
    outer loop
      vertex 69.8139 36.9901 14
      vertex 73.5451 34.9389 14
      vertex 73.1448 35.4227 14
    endloop
  endfacet
  facet normal 0 0 1
    outer loop
      vertex 74.1489 26.1594 14
      vertex 69.8139 23.0099 14
      vertex 73.8815 25.5912 14
    endloop
  endfacet
  facet normal 0 0 1
    outer loop
      vertex 69.8139 36.9901 14
      vertex 73.1448 35.4227 14
      vertex 72.6871 35.8526 14
    endloop
  endfacet
  facet normal 0 0 1
    outer loop
      vertex 73.8815 25.5912 14
      vertex 69.8139 23.0099 14
      vertex 73.5451 25.0611 14
    endloop
  endfacet
  facet normal 0 0 1
    outer loop
      vertex 69.8139 36.9901 14
      vertex 72.6871 35.8526 14
      vertex 72.1791 36.2216 14
    endloop
  endfacet
  facet normal 0 0 1
    outer loop
      vertex 73.5451 25.0611 14
      vertex 69.8139 23.0099 14
      vertex 73.1448 24.5773 14
    endloop
  endfacet
  facet normal 0 0 1
    outer loop
      vertex 69.8139 36.9901 14
      vertex 72.1791 36.2216 14
      vertex 71.6289 36.5241 14
    endloop
  endfacet
  facet normal 0 0 1
    outer loop
      vertex 73.1448 24.5773 14
      vertex 69.8139 23.0099 14
      vertex 72.6871 24.1474 14
    endloop
  endfacet
  facet normal 0 0 1
    outer loop
      vertex 69.8139 36.9901 14
      vertex 71.6289 36.5241 14
      vertex 71.0451 36.7553 14
    endloop
  endfacet
  facet normal 0 0 1
    outer loop
      vertex 72.6871 24.1474 14
      vertex 69.8139 23.0099 14
      vertex 72.1791 23.7784 14
    endloop
  endfacet
  facet normal 0 0 1
    outer loop
      vertex 69.8139 36.9901 14
      vertex 71.0451 36.7553 14
      vertex 70.4369 36.9114 14
    endloop
  endfacet
  facet normal 0 0 1
    outer loop
      vertex 72.1791 23.7784 14
      vertex 69.8139 23.0099 14
      vertex 71.6289 23.4759 14
    endloop
  endfacet
  facet normal 0 0 1
    outer loop
      vertex 74.5 28 14
      vertex 69.8139 23.0099 14
      vertex 74.4606 27.3733 14
    endloop
  endfacet
  facet normal 0 0 1
    outer loop
      vertex 71.6289 23.4759 14
      vertex 69.8139 23.0099 14
      vertex 71.0451 23.2447 14
    endloop
  endfacet
  facet normal 0 0 1
    outer loop
      vertex 71.0451 23.2447 14
      vertex 69.8139 23.0099 14
      vertex 70.4369 23.0886 14
    endloop
  endfacet
  facet normal 0 0 1
    outer loop
      vertex 69.8139 36.9901 14
      vertex 34.561 23.0099 14
      vertex 68.9834 23.0099 14
    endloop
  endfacet
  facet normal -0 0 1
    outer loop
      vertex -69.8139 36.9901 14
      vertex 34.561 23.0099 14
      vertex 69.8139 36.9901 14
    endloop
  endfacet
  facet normal 0 0 1
    outer loop
      vertex -74.5 32 14
      vertex -60.5 -19.2395 14
      vertex -60.5 23.0099 14
    endloop
  endfacet
  facet normal 0 0 1
    outer loop
      vertex -60.5 -19.2395 14
      vertex -74.5 -32 14
      vertex -61.486 -34.9766 14
    endloop
  endfacet
  facet normal 0 -0 1
    outer loop
      vertex -65.1861 -36.9901 14
      vertex -61.486 -34.9766 14
      vertex -74.5 -32 14
    endloop
  endfacet
  facet normal 0 0 1
    outer loop
      vertex -61.486 -34.9766 14
      vertex -65.1861 -36.9901 14
      vertex -61.8552 -35.4227 14
    endloop
  endfacet
  facet normal 0 0 1
    outer loop
      vertex -61.8552 -35.4227 14
      vertex -65.1861 -36.9901 14
      vertex -62.3129 -35.8526 14
    endloop
  endfacet
  facet normal 0 0 1
    outer loop
      vertex -62.3129 -35.8526 14
      vertex -65.1861 -36.9901 14
      vertex -62.8209 -36.2216 14
    endloop
  endfacet
  facet normal 0 0 1
    outer loop
      vertex -62.8209 -36.2216 14
      vertex -65.1861 -36.9901 14
      vertex -63.3711 -36.5241 14
    endloop
  endfacet
  facet normal 0 0 1
    outer loop
      vertex -63.3711 -36.5241 14
      vertex -65.1861 -36.9901 14
      vertex -63.9549 -36.7553 14
    endloop
  endfacet
  facet normal 0 0 1
    outer loop
      vertex 34.561 23.0099 14
      vertex -69.8139 36.9901 14
      vertex -60.5 23.0099 14
    endloop
  endfacet
  facet normal -0 0 1
    outer loop
      vertex -74.5 32 14
      vertex -60.5 23.0099 14
      vertex -69.8139 36.9901 14
    endloop
  endfacet
  facet normal 0 0 1
    outer loop
      vertex -60.5 -19.2395 14
      vertex -74.5 32 14
      vertex -74.5 -32 14
    endloop
  endfacet
  facet normal 0 0 1
    outer loop
      vertex -74.5 32 14
      vertex -69.8139 36.9901 14
      vertex -70.4369 36.9114 14
    endloop
  endfacet
  facet normal 0 0 1
    outer loop
      vertex -63.9549 -36.7553 14
      vertex -65.1861 -36.9901 14
      vertex -64.5631 -36.9114 14
    endloop
  endfacet
  facet normal 0 0 1
    outer loop
      vertex -74.5 32 14
      vertex -70.4369 36.9114 14
      vertex -71.0451 36.7553 14
    endloop
  endfacet
  facet normal 0 0 1
    outer loop
      vertex -65.1861 -36.9901 14
      vertex -74.5 -32 14
      vertex -69.8139 -36.9901 14
    endloop
  endfacet
  facet normal 0 0 1
    outer loop
      vertex -74.5 32 14
      vertex -71.0451 36.7553 14
      vertex -71.6289 36.5241 14
    endloop
  endfacet
  facet normal 0 0 1
    outer loop
      vertex -69.8139 -36.9901 14
      vertex -74.5 -32 14
      vertex -70.4369 -36.9114 14
    endloop
  endfacet
  facet normal 0 0 1
    outer loop
      vertex -74.5 32 14
      vertex -71.6289 36.5241 14
      vertex -72.1791 36.2216 14
    endloop
  endfacet
  facet normal 0 0 1
    outer loop
      vertex -70.4369 -36.9114 14
      vertex -74.5 -32 14
      vertex -71.0451 -36.7553 14
    endloop
  endfacet
  facet normal 0 0 1
    outer loop
      vertex -74.5 32 14
      vertex -72.1791 36.2216 14
      vertex -72.6871 35.8526 14
    endloop
  endfacet
  facet normal 0 0 1
    outer loop
      vertex -71.0451 -36.7553 14
      vertex -74.5 -32 14
      vertex -71.6289 -36.5241 14
    endloop
  endfacet
  facet normal 0 0 1
    outer loop
      vertex -74.5 32 14
      vertex -72.6871 35.8526 14
      vertex -73.1448 35.4227 14
    endloop
  endfacet
  facet normal 0 0 1
    outer loop
      vertex -71.6289 -36.5241 14
      vertex -74.5 -32 14
      vertex -72.1791 -36.2216 14
    endloop
  endfacet
  facet normal 0 0 1
    outer loop
      vertex -74.5 32 14
      vertex -73.1448 35.4227 14
      vertex -73.5451 34.9389 14
    endloop
  endfacet
  facet normal 0 0 1
    outer loop
      vertex -72.1791 -36.2216 14
      vertex -74.5 -32 14
      vertex -72.6871 -35.8526 14
    endloop
  endfacet
  facet normal 0 0 1
    outer loop
      vertex -74.5 32 14
      vertex -73.5451 34.9389 14
      vertex -73.8815 34.4088 14
    endloop
  endfacet
  facet normal 0 0 1
    outer loop
      vertex -72.6871 -35.8526 14
      vertex -74.5 -32 14
      vertex -73.1448 -35.4227 14
    endloop
  endfacet
  facet normal 0 0 1
    outer loop
      vertex -74.5 32 14
      vertex -73.8815 34.4088 14
      vertex -74.1489 33.8406 14
    endloop
  endfacet
  facet normal 0 0 1
    outer loop
      vertex -73.1448 -35.4227 14
      vertex -74.5 -32 14
      vertex -73.5451 -34.9389 14
    endloop
  endfacet
  facet normal 0 0 1
    outer loop
      vertex -74.5 32 14
      vertex -74.1489 33.8406 14
      vertex -74.3429 33.2435 14
    endloop
  endfacet
  facet normal 0 0 1
    outer loop
      vertex -73.5451 -34.9389 14
      vertex -74.5 -32 14
      vertex -73.8815 -34.4088 14
    endloop
  endfacet
  facet normal 0 0 1
    outer loop
      vertex -74.5 32 14
      vertex -74.3429 33.2435 14
      vertex -74.4606 32.6267 14
    endloop
  endfacet
  facet normal 0 0 1
    outer loop
      vertex -73.8815 -34.4088 14
      vertex -74.5 -32 14
      vertex -74.1489 -33.8406 14
    endloop
  endfacet
  facet normal 0 0 1
    outer loop
      vertex -74.1489 -33.8406 14
      vertex -74.5 -32 14
      vertex -74.3429 -33.2435 14
    endloop
  endfacet
  facet normal 0 0 1
    outer loop
      vertex -74.3429 -33.2435 14
      vertex -74.5 -32 14
      vertex -74.4606 -32.6267 14
    endloop
  endfacet
  facet normal 0 0 1
    outer loop
      vertex -61.486 -34.9766 14
      vertex 34.561 23.0099 14
      vertex -60.5 -19.2395 14
    endloop
  endfacet
  facet normal -0 0 1
    outer loop
      vertex 34.561 23.0099 14
      vertex -61.486 -34.9766 14
      vertex 68.9834 23.0099 14
    endloop
  endfacet
  facet normal 0.770462 -0.637486 0
    outer loop
      vertex 73.1448 24.5773 14
      vertex 73.5451 25.0611 0
      vertex 73.5451 25.0611 14
    endloop
  endfacet
  facet normal 0.770462 -0.637486 0
    outer loop
      vertex 73.5451 25.0611 0
      vertex 73.1448 24.5773 14
      vertex 73.1448 24.5773 0
    endloop
  endfacet
  facet normal 0.951061 0.309003 0
    outer loop
      vertex 74.3429 33.2435 14
      vertex 74.1489 33.8406 0
      vertex 74.1489 33.8406 14
    endloop
  endfacet
  facet normal 0.951061 0.309003 0
    outer loop
      vertex 74.1489 33.8406 0
      vertex 74.3429 33.2435 14
      vertex 74.3429 33.2435 0
    endloop
  endfacet
  facet normal 0.770462 0.637486 0
    outer loop
      vertex 73.5451 34.9389 14
      vertex 73.1448 35.4227 0
      vertex 73.1448 35.4227 14
    endloop
  endfacet
  facet normal 0.770462 0.637486 0
    outer loop
      vertex 73.1448 35.4227 0
      vertex 73.5451 34.9389 14
      vertex 73.5451 34.9389 0
    endloop
  endfacet
  facet normal 0.684624 0.728896 -0
    outer loop
      vertex 73.1448 35.4227 0
      vertex 72.6871 35.8526 14
      vertex 73.1448 35.4227 14
    endloop
  endfacet
  facet normal 0.684624 0.728896 0
    outer loop
      vertex 72.6871 35.8526 14
      vertex 73.1448 35.4227 0
      vertex 72.6871 35.8526 0
    endloop
  endfacet
  facet normal 0.125328 0.992115 -0
    outer loop
      vertex 70.4369 36.9114 0
      vertex 69.8139 36.9901 14
      vertex 70.4369 36.9114 14
    endloop
  endfacet
  facet normal 0.125328 0.992115 0
    outer loop
      vertex 69.8139 36.9901 14
      vertex 70.4369 36.9114 0
      vertex 69.8139 36.9901 0
    endloop
  endfacet
  facet normal -0.844336 0.535814 0
    outer loop
      vertex -73.8815 34.4088 0
      vertex -73.5451 34.9389 14
      vertex -73.5451 34.9389 0
    endloop
  endfacet
  facet normal -0.844336 0.535814 0
    outer loop
      vertex -73.5451 34.9389 14
      vertex -73.8815 34.4088 0
      vertex -73.8815 34.4088 14
    endloop
  endfacet
  facet normal 0 0 -1
    outer loop
      vertex -61.486 -34.9766 0
      vertex 34.561 23.0099 0
      vertex 68.9834 23.0099 0
    endloop
  endfacet
  facet normal 0 0 -1
    outer loop
      vertex -74.5 -32 0
      vertex -60.5 -19.2395 0
      vertex -61.486 -34.9766 0
    endloop
  endfacet
  facet normal 0 0 -1
    outer loop
      vertex 34.561 23.0099 0
      vertex -61.486 -34.9766 0
      vertex -60.5 -19.2395 0
    endloop
  endfacet
  facet normal 0 0 -1
    outer loop
      vertex 69.8139 23.0099 0
      vertex 74.5 28 0
      vertex 74.4606 27.3733 0
    endloop
  endfacet
  facet normal -0 0 -1
    outer loop
      vertex 74.5 28 0
      vertex 68.9834 23.0099 0
      vertex 74.5 32 0
    endloop
  endfacet
  facet normal 0 0 -1
    outer loop
      vertex 69.8139 23.0099 0
      vertex 74.4606 27.3733 0
      vertex 74.3429 26.7565 0
    endloop
  endfacet
  facet normal 0 -0 -1
    outer loop
      vertex 69.8139 36.9901 0
      vertex 74.5 32 0
      vertex 68.9834 23.0099 0
    endloop
  endfacet
  facet normal 0 0 -1
    outer loop
      vertex 69.8139 23.0099 0
      vertex 74.3429 26.7565 0
      vertex 74.1489 26.1594 0
    endloop
  endfacet
  facet normal 0 0 -1
    outer loop
      vertex 74.5 32 0
      vertex 69.8139 36.9901 0
      vertex 74.4606 32.6267 0
    endloop
  endfacet
  facet normal 0 0 -1
    outer loop
      vertex 69.8139 23.0099 0
      vertex 74.1489 26.1594 0
      vertex 73.8815 25.5912 0
    endloop
  endfacet
  facet normal 0 0 -1
    outer loop
      vertex 74.4606 32.6267 0
      vertex 69.8139 36.9901 0
      vertex 74.3429 33.2435 0
    endloop
  endfacet
  facet normal 0 0 -1
    outer loop
      vertex 69.8139 23.0099 0
      vertex 73.8815 25.5912 0
      vertex 73.5451 25.0611 0
    endloop
  endfacet
  facet normal 0 0 -1
    outer loop
      vertex 74.3429 33.2435 0
      vertex 69.8139 36.9901 0
      vertex 74.1489 33.8406 0
    endloop
  endfacet
  facet normal 0 0 -1
    outer loop
      vertex 69.8139 23.0099 0
      vertex 73.5451 25.0611 0
      vertex 73.1448 24.5773 0
    endloop
  endfacet
  facet normal 0 0 -1
    outer loop
      vertex 74.1489 33.8406 0
      vertex 69.8139 36.9901 0
      vertex 73.8815 34.4088 0
    endloop
  endfacet
  facet normal 0 0 -1
    outer loop
      vertex 69.8139 23.0099 0
      vertex 73.1448 24.5773 0
      vertex 72.6871 24.1474 0
    endloop
  endfacet
  facet normal 0 0 -1
    outer loop
      vertex 73.8815 34.4088 0
      vertex 69.8139 36.9901 0
      vertex 73.5451 34.9389 0
    endloop
  endfacet
  facet normal 0 0 -1
    outer loop
      vertex 69.8139 23.0099 0
      vertex 72.6871 24.1474 0
      vertex 72.1791 23.7784 0
    endloop
  endfacet
  facet normal 0 0 -1
    outer loop
      vertex 73.5451 34.9389 0
      vertex 69.8139 36.9901 0
      vertex 73.1448 35.4227 0
    endloop
  endfacet
  facet normal 0 0 -1
    outer loop
      vertex 69.8139 23.0099 0
      vertex 72.1791 23.7784 0
      vertex 71.6289 23.4759 0
    endloop
  endfacet
  facet normal 0 0 -1
    outer loop
      vertex 73.1448 35.4227 0
      vertex 69.8139 36.9901 0
      vertex 72.6871 35.8526 0
    endloop
  endfacet
  facet normal 0 0 -1
    outer loop
      vertex 69.8139 23.0099 0
      vertex 71.6289 23.4759 0
      vertex 71.0451 23.2447 0
    endloop
  endfacet
  facet normal 0 0 -1
    outer loop
      vertex 72.6871 35.8526 0
      vertex 69.8139 36.9901 0
      vertex 72.1791 36.2216 0
    endloop
  endfacet
  facet normal 0 0 -1
    outer loop
      vertex 69.8139 23.0099 0
      vertex 71.0451 23.2447 0
      vertex 70.4369 23.0886 0
    endloop
  endfacet
  facet normal 0 0 -1
    outer loop
      vertex 72.1791 36.2216 0
      vertex 69.8139 36.9901 0
      vertex 71.6289 36.5241 0
    endloop
  endfacet
  facet normal 0 0 -1
    outer loop
      vertex 74.5 28 0
      vertex 69.8139 23.0099 0
      vertex 68.9834 23.0099 0
    endloop
  endfacet
  facet normal 0 0 -1
    outer loop
      vertex 71.6289 36.5241 0
      vertex 69.8139 36.9901 0
      vertex 71.0451 36.7553 0
    endloop
  endfacet
  facet normal 0 0 -1
    outer loop
      vertex 71.0451 36.7553 0
      vertex 69.8139 36.9901 0
      vertex 70.4369 36.9114 0
    endloop
  endfacet
  facet normal 0 0 -1
    outer loop
      vertex 34.561 23.0099 0
      vertex 69.8139 36.9901 0
      vertex 68.9834 23.0099 0
    endloop
  endfacet
  facet normal 0 0 -1
    outer loop
      vertex -69.8139 36.9901 0
      vertex 34.561 23.0099 0
      vertex -60.5 23.0099 0
    endloop
  endfacet
  facet normal 0 0 -1
    outer loop
      vertex -65.1861 -36.9901 0
      vertex -61.486 -34.9766 0
      vertex -61.8552 -35.4227 0
    endloop
  endfacet
  facet normal 0 0 -1
    outer loop
      vertex -65.1861 -36.9901 0
      vertex -61.8552 -35.4227 0
      vertex -62.3129 -35.8526 0
    endloop
  endfacet
  facet normal 0 0 -1
    outer loop
      vertex -65.1861 -36.9901 0
      vertex -62.3129 -35.8526 0
      vertex -62.8209 -36.2216 0
    endloop
  endfacet
  facet normal 0 0 -1
    outer loop
      vertex -65.1861 -36.9901 0
      vertex -62.8209 -36.2216 0
      vertex -63.3711 -36.5241 0
    endloop
  endfacet
  facet normal 0 0 -1
    outer loop
      vertex -65.1861 -36.9901 0
      vertex -63.3711 -36.5241 0
      vertex -63.9549 -36.7553 0
    endloop
  endfacet
  facet normal 0 0 -1
    outer loop
      vertex -65.1861 -36.9901 0
      vertex -63.9549 -36.7553 0
      vertex -64.5631 -36.9114 0
    endloop
  endfacet
  facet normal -0 0 -1
    outer loop
      vertex -61.486 -34.9766 0
      vertex -65.1861 -36.9901 0
      vertex -74.5 -32 0
    endloop
  endfacet
  facet normal 0 0 -1
    outer loop
      vertex -74.5 -32 0
      vertex -65.1861 -36.9901 0
      vertex -69.8139 -36.9901 0
    endloop
  endfacet
  facet normal 0 0 -1
    outer loop
      vertex 34.561 23.0099 0
      vertex -69.8139 36.9901 0
      vertex 69.8139 36.9901 0
    endloop
  endfacet
  facet normal 0 0 -1
    outer loop
      vertex -74.5 32 0
      vertex -60.5 -19.2395 0
      vertex -74.5 -32 0
    endloop
  endfacet
  facet normal 0 0 -1
    outer loop
      vertex -74.5 -32 0
      vertex -69.8139 -36.9901 0
      vertex -70.4369 -36.9114 0
    endloop
  endfacet
  facet normal 0 0 -1
    outer loop
      vertex -60.5 -19.2395 0
      vertex -74.5 32 0
      vertex -60.5 23.0099 0
    endloop
  endfacet
  facet normal 0 0 -1
    outer loop
      vertex -74.5 -32 0
      vertex -70.4369 -36.9114 0
      vertex -71.0451 -36.7553 0
    endloop
  endfacet
  facet normal 0 0 -1
    outer loop
      vertex -60.5 23.0099 0
      vertex -74.5 32 0
      vertex -69.8139 36.9901 0
    endloop
  endfacet
  facet normal 0 0 -1
    outer loop
      vertex -74.5 -32 0
      vertex -71.0451 -36.7553 0
      vertex -71.6289 -36.5241 0
    endloop
  endfacet
  facet normal 0 0 -1
    outer loop
      vertex -69.8139 36.9901 0
      vertex -74.5 32 0
      vertex -70.4369 36.9114 0
    endloop
  endfacet
  facet normal 0 0 -1
    outer loop
      vertex -74.5 -32 0
      vertex -71.6289 -36.5241 0
      vertex -72.1791 -36.2216 0
    endloop
  endfacet
  facet normal 0 0 -1
    outer loop
      vertex -70.4369 36.9114 0
      vertex -74.5 32 0
      vertex -71.0451 36.7553 0
    endloop
  endfacet
  facet normal 0 0 -1
    outer loop
      vertex -74.5 -32 0
      vertex -72.1791 -36.2216 0
      vertex -72.6871 -35.8526 0
    endloop
  endfacet
  facet normal 0 0 -1
    outer loop
      vertex -71.0451 36.7553 0
      vertex -74.5 32 0
      vertex -71.6289 36.5241 0
    endloop
  endfacet
  facet normal 0 0 -1
    outer loop
      vertex -74.5 -32 0
      vertex -72.6871 -35.8526 0
      vertex -73.1448 -35.4227 0
    endloop
  endfacet
  facet normal 0 0 -1
    outer loop
      vertex -71.6289 36.5241 0
      vertex -74.5 32 0
      vertex -72.1791 36.2216 0
    endloop
  endfacet
  facet normal 0 0 -1
    outer loop
      vertex -74.5 -32 0
      vertex -73.1448 -35.4227 0
      vertex -73.5451 -34.9389 0
    endloop
  endfacet
  facet normal 0 0 -1
    outer loop
      vertex -72.1791 36.2216 0
      vertex -74.5 32 0
      vertex -72.6871 35.8526 0
    endloop
  endfacet
  facet normal 0 0 -1
    outer loop
      vertex -74.5 -32 0
      vertex -73.5451 -34.9389 0
      vertex -73.8815 -34.4088 0
    endloop
  endfacet
  facet normal 0 0 -1
    outer loop
      vertex -72.6871 35.8526 0
      vertex -74.5 32 0
      vertex -73.1448 35.4227 0
    endloop
  endfacet
  facet normal 0 0 -1
    outer loop
      vertex -74.5 -32 0
      vertex -73.8815 -34.4088 0
      vertex -74.1489 -33.8406 0
    endloop
  endfacet
  facet normal 0 0 -1
    outer loop
      vertex -73.1448 35.4227 0
      vertex -74.5 32 0
      vertex -73.5451 34.9389 0
    endloop
  endfacet
  facet normal 0 0 -1
    outer loop
      vertex -74.5 -32 0
      vertex -74.1489 -33.8406 0
      vertex -74.3429 -33.2435 0
    endloop
  endfacet
  facet normal 0 0 -1
    outer loop
      vertex -73.5451 34.9389 0
      vertex -74.5 32 0
      vertex -73.8815 34.4088 0
    endloop
  endfacet
  facet normal 0 0 -1
    outer loop
      vertex -74.5 -32 0
      vertex -74.3429 -33.2435 0
      vertex -74.4606 -32.6267 0
    endloop
  endfacet
  facet normal 0 0 -1
    outer loop
      vertex -73.8815 34.4088 0
      vertex -74.5 32 0
      vertex -74.1489 33.8406 0
    endloop
  endfacet
  facet normal 0 0 -1
    outer loop
      vertex -74.1489 33.8406 0
      vertex -74.5 32 0
      vertex -74.3429 33.2435 0
    endloop
  endfacet
  facet normal 0 0 -1
    outer loop
      vertex -74.3429 33.2435 0
      vertex -74.5 32 0
      vertex -74.4606 32.6267 0
    endloop
  endfacet
  facet normal 1 -0 0
    outer loop
      vertex 74.5 28 14
      vertex 74.5 32 0
      vertex 74.5 32 14
    endloop
  endfacet
  facet normal 1 0 0
    outer loop
      vertex 74.5 32 0
      vertex 74.5 28 14
      vertex 74.5 28 0
    endloop
  endfacet
  facet normal 0.982276 -0.187441 0
    outer loop
      vertex 74.3429 26.7565 14
      vertex 74.4606 27.3733 0
      vertex 74.4606 27.3733 14
    endloop
  endfacet
  facet normal 0.982276 -0.187441 0
    outer loop
      vertex 74.4606 27.3733 0
      vertex 74.3429 26.7565 14
      vertex 74.3429 26.7565 0
    endloop
  endfacet
  facet normal 0.904811 -0.425812 0
    outer loop
      vertex 73.8815 25.5912 14
      vertex 74.1489 26.1594 0
      vertex 74.1489 26.1594 14
    endloop
  endfacet
  facet normal 0.904811 -0.425812 0
    outer loop
      vertex 74.1489 26.1594 0
      vertex 73.8815 25.5912 14
      vertex 73.8815 25.5912 0
    endloop
  endfacet
  facet normal 0.587698 -0.80908 0
    outer loop
      vertex 72.1791 23.7784 0
      vertex 72.6871 24.1474 14
      vertex 72.1791 23.7784 14
    endloop
  endfacet
  facet normal 0.587698 -0.80908 0
    outer loop
      vertex 72.6871 24.1474 14
      vertex 72.1791 23.7784 0
      vertex 72.6871 24.1474 0
    endloop
  endfacet
  facet normal 0.368203 -0.929745 0
    outer loop
      vertex 71.0451 23.2447 0
      vertex 71.6289 23.4759 14
      vertex 71.0451 23.2447 14
    endloop
  endfacet
  facet normal 0.368203 -0.929745 0
    outer loop
      vertex 71.6289 23.4759 14
      vertex 71.0451 23.2447 0
      vertex 71.6289 23.4759 0
    endloop
  endfacet
  facet normal 0.587698 0.80908 -0
    outer loop
      vertex 72.6871 35.8526 0
      vertex 72.1791 36.2216 14
      vertex 72.6871 35.8526 14
    endloop
  endfacet
  facet normal 0.587698 0.80908 0
    outer loop
      vertex 72.1791 36.2216 14
      vertex 72.6871 35.8526 0
      vertex 72.1791 36.2216 0
    endloop
  endfacet
  facet normal 0.481784 0.87629 -0
    outer loop
      vertex 72.1791 36.2216 0
      vertex 71.6289 36.5241 14
      vertex 72.1791 36.2216 14
    endloop
  endfacet
  facet normal 0.481784 0.87629 0
    outer loop
      vertex 71.6289 36.5241 14
      vertex 72.1791 36.2216 0
      vertex 71.6289 36.5241 0
    endloop
  endfacet
  facet normal -0.248601 0.968606 0
    outer loop
      vertex -70.4369 36.9114 0
      vertex -71.0451 36.7553 14
      vertex -70.4369 36.9114 14
    endloop
  endfacet
  facet normal -0.248601 0.968606 0
    outer loop
      vertex -71.0451 36.7553 14
      vertex -70.4369 36.9114 0
      vertex -71.0451 36.7553 0
    endloop
  endfacet
  facet normal -0.368203 0.929745 0
    outer loop
      vertex -71.0451 36.7553 0
      vertex -71.6289 36.5241 14
      vertex -71.0451 36.7553 14
    endloop
  endfacet
  facet normal -0.368203 0.929745 0
    outer loop
      vertex -71.6289 36.5241 14
      vertex -71.0451 36.7553 0
      vertex -71.6289 36.5241 0
    endloop
  endfacet
  facet normal -0.982276 0.187441 0
    outer loop
      vertex -74.4606 32.6267 0
      vertex -74.3429 33.2435 14
      vertex -74.3429 33.2435 0
    endloop
  endfacet
  facet normal -0.982276 0.187441 0
    outer loop
      vertex -74.3429 33.2435 14
      vertex -74.4606 32.6267 0
      vertex -74.4606 32.6267 14
    endloop
  endfacet
  facet normal -0.904811 0.425812 0
    outer loop
      vertex -74.1489 33.8406 0
      vertex -73.8815 34.4088 14
      vertex -73.8815 34.4088 0
    endloop
  endfacet
  facet normal -0.904811 0.425812 0
    outer loop
      vertex -73.8815 34.4088 14
      vertex -74.1489 33.8406 0
      vertex -74.1489 33.8406 14
    endloop
  endfacet
  facet normal 0.844336 -0.535814 0
    outer loop
      vertex 73.5451 25.0611 14
      vertex 73.8815 25.5912 0
      vertex 73.8815 25.5912 14
    endloop
  endfacet
  facet normal 0.844336 -0.535814 0
    outer loop
      vertex 73.8815 25.5912 0
      vertex 73.5451 25.0611 14
      vertex 73.5451 25.0611 0
    endloop
  endfacet
  facet normal 0.684624 -0.728896 0
    outer loop
      vertex 72.6871 24.1474 0
      vertex 73.1448 24.5773 14
      vertex 72.6871 24.1474 14
    endloop
  endfacet
  facet normal 0.684624 -0.728896 0
    outer loop
      vertex 73.1448 24.5773 14
      vertex 72.6871 24.1474 0
      vertex 73.1448 24.5773 0
    endloop
  endfacet
  facet normal 0.248601 -0.968606 0
    outer loop
      vertex 70.4369 23.0886 0
      vertex 71.0451 23.2447 14
      vertex 70.4369 23.0886 14
    endloop
  endfacet
  facet normal 0.248601 -0.968606 0
    outer loop
      vertex 71.0451 23.2447 14
      vertex 70.4369 23.0886 0
      vertex 71.0451 23.2447 0
    endloop
  endfacet
  facet normal 0.481784 -0.87629 0
    outer loop
      vertex 71.6289 23.4759 0
      vertex 72.1791 23.7784 14
      vertex 71.6289 23.4759 14
    endloop
  endfacet
  facet normal 0.481784 -0.87629 0
    outer loop
      vertex 72.1791 23.7784 14
      vertex 71.6289 23.4759 0
      vertex 72.1791 23.7784 0
    endloop
  endfacet
  facet normal -0.684624 0.728896 0
    outer loop
      vertex -72.6871 35.8526 0
      vertex -73.1448 35.4227 14
      vertex -72.6871 35.8526 14
    endloop
  endfacet
  facet normal -0.684624 0.728896 0
    outer loop
      vertex -73.1448 35.4227 14
      vertex -72.6871 35.8526 0
      vertex -73.1448 35.4227 0
    endloop
  endfacet
  facet normal -0.587698 0.80908 0
    outer loop
      vertex -72.1791 36.2216 0
      vertex -72.6871 35.8526 14
      vertex -72.1791 36.2216 14
    endloop
  endfacet
  facet normal -0.587698 0.80908 0
    outer loop
      vertex -72.6871 35.8526 14
      vertex -72.1791 36.2216 0
      vertex -72.6871 35.8526 0
    endloop
  endfacet
  facet normal -0.770462 0.637486 0
    outer loop
      vertex -73.5451 34.9389 0
      vertex -73.1448 35.4227 14
      vertex -73.1448 35.4227 0
    endloop
  endfacet
  facet normal -0.770462 0.637486 0
    outer loop
      vertex -73.1448 35.4227 14
      vertex -73.5451 34.9389 0
      vertex -73.5451 34.9389 14
    endloop
  endfacet
  facet normal -0.99803 0.0627451 0
    outer loop
      vertex -74.5 32 0
      vertex -74.4606 32.6267 14
      vertex -74.4606 32.6267 0
    endloop
  endfacet
  facet normal -0.99803 0.0627451 0
    outer loop
      vertex -74.4606 32.6267 14
      vertex -74.5 32 0
      vertex -74.5 32 14
    endloop
  endfacet
  facet normal 0.982276 0.187441 0
    outer loop
      vertex 74.4606 32.6267 14
      vertex 74.3429 33.2435 0
      vertex 74.3429 33.2435 14
    endloop
  endfacet
  facet normal 0.982276 0.187441 0
    outer loop
      vertex 74.3429 33.2435 0
      vertex 74.4606 32.6267 14
      vertex 74.4606 32.6267 0
    endloop
  endfacet
  facet normal 0.99803 0.0627451 0
    outer loop
      vertex 74.5 32 14
      vertex 74.4606 32.6267 0
      vertex 74.4606 32.6267 14
    endloop
  endfacet
  facet normal 0.99803 0.0627451 0
    outer loop
      vertex 74.4606 32.6267 0
      vertex 74.5 32 14
      vertex 74.5 32 0
    endloop
  endfacet
  facet normal 0.951061 -0.309003 0
    outer loop
      vertex 74.1489 26.1594 14
      vertex 74.3429 26.7565 0
      vertex 74.3429 26.7565 14
    endloop
  endfacet
  facet normal 0.951061 -0.309003 0
    outer loop
      vertex 74.3429 26.7565 0
      vertex 74.1489 26.1594 14
      vertex 74.1489 26.1594 0
    endloop
  endfacet
  facet normal 0.844336 0.535814 0
    outer loop
      vertex 73.8815 34.4088 14
      vertex 73.5451 34.9389 0
      vertex 73.5451 34.9389 14
    endloop
  endfacet
  facet normal 0.844336 0.535814 0
    outer loop
      vertex 73.5451 34.9389 0
      vertex 73.8815 34.4088 14
      vertex 73.8815 34.4088 0
    endloop
  endfacet
  facet normal 1 0 0
    outer loop
      vertex -60.5 23.0099 14
      vertex -60.5 19.4911 7.28256
      vertex -60.5 23.0099 0
    endloop
  endfacet
  facet normal 1 0 0
    outer loop
      vertex -60.5 23.0099 14
      vertex -60.5 19.4203 7.84321
      vertex -60.5 19.4911 7.28256
    endloop
  endfacet
  facet normal 1 0 0
    outer loop
      vertex -60.5 23.0099 14
      vertex -60.5 19.2798 8.39058
      vertex -60.5 19.4203 7.84321
    endloop
  endfacet
  facet normal 1 0 0
    outer loop
      vertex -60.5 23.0099 14
      vertex -60.5 19.0717 8.91601
      vertex -60.5 19.2798 8.39058
    endloop
  endfacet
  facet normal 1 0 0
    outer loop
      vertex -60.5 23.0099 14
      vertex -60.5 18.7995 9.41122
      vertex -60.5 19.0717 8.91601
    endloop
  endfacet
  facet normal 1 0 0
    outer loop
      vertex -60.5 23.0099 14
      vertex -60.5 18.4673 9.86841
      vertex -60.5 18.7995 9.41122
    endloop
  endfacet
  facet normal 1 0 0
    outer loop
      vertex -60.5 23.0099 14
      vertex -60.5 18.0805 10.2804
      vertex -60.5 18.4673 9.86841
    endloop
  endfacet
  facet normal 1 0 0
    outer loop
      vertex -60.5 23.0099 14
      vertex -60.5 17.645 10.6406
      vertex -60.5 18.0805 10.2804
    endloop
  endfacet
  facet normal 1 0 0
    outer loop
      vertex -60.5 23.0099 14
      vertex -60.5 17.1679 10.9434
      vertex -60.5 17.645 10.6406
    endloop
  endfacet
  facet normal 1 0 0
    outer loop
      vertex -60.5 23.0099 14
      vertex -60.5 16.6566 11.184
      vertex -60.5 17.1679 10.9434
    endloop
  endfacet
  facet normal 1 0 0
    outer loop
      vertex -60.5 23.0099 14
      vertex -60.5 16.1191 11.3586
      vertex -60.5 16.6566 11.184
    endloop
  endfacet
  facet normal 1 0 0
    outer loop
      vertex -60.5 23.0099 14
      vertex -60.5 15.564 11.4645
      vertex -60.5 16.1191 11.3586
    endloop
  endfacet
  facet normal 1 0 0
    outer loop
      vertex -60.5 23.0099 14
      vertex -60.5 15 11.5
      vertex -60.5 15.564 11.4645
    endloop
  endfacet
  facet normal 1 0 0
    outer loop
      vertex -60.5 23.0099 14
      vertex -60.5 14.436 11.4645
      vertex -60.5 15 11.5
    endloop
  endfacet
  facet normal 1 0 0
    outer loop
      vertex -60.5 23.0099 14
      vertex -60.5 13.8809 11.3586
      vertex -60.5 14.436 11.4645
    endloop
  endfacet
  facet normal 1 0 0
    outer loop
      vertex -60.5 10.5089 7.28256
      vertex -60.5 -19.2395 14
      vertex -60.5 10.5089 6.71744
    endloop
  endfacet
  facet normal 1 0 0
    outer loop
      vertex -60.5 10.5797 7.84321
      vertex -60.5 -19.2395 14
      vertex -60.5 10.5089 7.28256
    endloop
  endfacet
  facet normal 1 0 0
    outer loop
      vertex -60.5 10.7202 8.39058
      vertex -60.5 -19.2395 14
      vertex -60.5 10.5797 7.84321
    endloop
  endfacet
  facet normal 1 0 0
    outer loop
      vertex -60.5 10.9283 8.91601
      vertex -60.5 -19.2395 14
      vertex -60.5 10.7202 8.39058
    endloop
  endfacet
  facet normal 1 0 0
    outer loop
      vertex -60.5 11.2005 9.41122
      vertex -60.5 -19.2395 14
      vertex -60.5 10.9283 8.91601
    endloop
  endfacet
  facet normal 1 0 0
    outer loop
      vertex -60.5 11.5327 9.86841
      vertex -60.5 -19.2395 14
      vertex -60.5 11.2005 9.41122
    endloop
  endfacet
  facet normal 1 0 0
    outer loop
      vertex -60.5 11.9195 10.2804
      vertex -60.5 -19.2395 14
      vertex -60.5 11.5327 9.86841
    endloop
  endfacet
  facet normal 1 0 0
    outer loop
      vertex -60.5 12.355 10.6406
      vertex -60.5 -19.2395 14
      vertex -60.5 11.9195 10.2804
    endloop
  endfacet
  facet normal 1 0 0
    outer loop
      vertex -60.5 12.8321 10.9434
      vertex -60.5 -19.2395 14
      vertex -60.5 12.355 10.6406
    endloop
  endfacet
  facet normal 1 0 0
    outer loop
      vertex -60.5 13.3434 11.184
      vertex -60.5 -19.2395 14
      vertex -60.5 12.8321 10.9434
    endloop
  endfacet
  facet normal 1 0 0
    outer loop
      vertex -60.5 13.8809 11.3586
      vertex -60.5 -19.2395 14
      vertex -60.5 13.3434 11.184
    endloop
  endfacet
  facet normal 1 -0 0
    outer loop
      vertex -60.5 -19.2395 14
      vertex -60.5 13.8809 11.3586
      vertex -60.5 23.0099 14
    endloop
  endfacet
  facet normal 1 -0 0
    outer loop
      vertex -60.5 19.4911 6.71744
      vertex -60.5 23.0099 0
      vertex -60.5 19.4911 7.28256
    endloop
  endfacet
  facet normal 1 -0 0
    outer loop
      vertex -60.5 19.4203 6.15679
      vertex -60.5 23.0099 0
      vertex -60.5 19.4911 6.71744
    endloop
  endfacet
  facet normal 1 -0 0
    outer loop
      vertex -60.5 19.2798 5.60942
      vertex -60.5 23.0099 0
      vertex -60.5 19.4203 6.15679
    endloop
  endfacet
  facet normal 1 -0 0
    outer loop
      vertex -60.5 19.0717 5.08399
      vertex -60.5 23.0099 0
      vertex -60.5 19.2798 5.60942
    endloop
  endfacet
  facet normal 1 -0 0
    outer loop
      vertex -60.5 18.7995 4.58878
      vertex -60.5 23.0099 0
      vertex -60.5 19.0717 5.08399
    endloop
  endfacet
  facet normal 1 -0 0
    outer loop
      vertex -60.5 18.4673 4.13159
      vertex -60.5 23.0099 0
      vertex -60.5 18.7995 4.58878
    endloop
  endfacet
  facet normal 1 -0 0
    outer loop
      vertex -60.5 18.0805 3.71964
      vertex -60.5 23.0099 0
      vertex -60.5 18.4673 4.13159
    endloop
  endfacet
  facet normal 1 -0 0
    outer loop
      vertex -60.5 17.645 3.35942
      vertex -60.5 23.0099 0
      vertex -60.5 18.0805 3.71964
    endloop
  endfacet
  facet normal 1 -0 0
    outer loop
      vertex -60.5 17.1679 3.05662
      vertex -60.5 23.0099 0
      vertex -60.5 17.645 3.35942
    endloop
  endfacet
  facet normal 1 -0 0
    outer loop
      vertex -60.5 16.6566 2.81601
      vertex -60.5 23.0099 0
      vertex -60.5 17.1679 3.05662
    endloop
  endfacet
  facet normal 1 -0 0
    outer loop
      vertex -60.5 16.1191 2.64138
      vertex -60.5 23.0099 0
      vertex -60.5 16.6566 2.81601
    endloop
  endfacet
  facet normal 1 -0 0
    outer loop
      vertex -60.5 15.564 2.53548
      vertex -60.5 23.0099 0
      vertex -60.5 16.1191 2.64138
    endloop
  endfacet
  facet normal 1 -0 0
    outer loop
      vertex -60.5 15 2.5
      vertex -60.5 23.0099 0
      vertex -60.5 15.564 2.53548
    endloop
  endfacet
  facet normal 1 0 0
    outer loop
      vertex -60.5 14.436 2.53548
      vertex -60.5 23.0099 0
      vertex -60.5 15 2.5
    endloop
  endfacet
  facet normal 1 0 0
    outer loop
      vertex -60.5 13.8809 2.64138
      vertex -60.5 23.0099 0
      vertex -60.5 14.436 2.53548
    endloop
  endfacet
  facet normal 1 0 0
    outer loop
      vertex -60.5 -19.2395 0
      vertex -60.5 10.5089 6.71744
      vertex -60.5 -19.2395 14
    endloop
  endfacet
  facet normal 1 0 0
    outer loop
      vertex -60.5 10.5089 6.71744
      vertex -60.5 -19.2395 0
      vertex -60.5 10.5797 6.15679
    endloop
  endfacet
  facet normal 1 0 0
    outer loop
      vertex -60.5 10.5797 6.15679
      vertex -60.5 -19.2395 0
      vertex -60.5 10.7202 5.60942
    endloop
  endfacet
  facet normal 1 0 0
    outer loop
      vertex -60.5 10.7202 5.60942
      vertex -60.5 -19.2395 0
      vertex -60.5 10.9283 5.08399
    endloop
  endfacet
  facet normal 1 0 0
    outer loop
      vertex -60.5 10.9283 5.08399
      vertex -60.5 -19.2395 0
      vertex -60.5 11.2005 4.58878
    endloop
  endfacet
  facet normal 1 0 0
    outer loop
      vertex -60.5 11.2005 4.58878
      vertex -60.5 -19.2395 0
      vertex -60.5 11.5327 4.13159
    endloop
  endfacet
  facet normal 1 0 0
    outer loop
      vertex -60.5 11.5327 4.13159
      vertex -60.5 -19.2395 0
      vertex -60.5 11.9195 3.71964
    endloop
  endfacet
  facet normal 1 0 0
    outer loop
      vertex -60.5 11.9195 3.71964
      vertex -60.5 -19.2395 0
      vertex -60.5 12.355 3.35942
    endloop
  endfacet
  facet normal 1 0 0
    outer loop
      vertex -60.5 12.355 3.35942
      vertex -60.5 -19.2395 0
      vertex -60.5 12.8321 3.05662
    endloop
  endfacet
  facet normal 1 0 0
    outer loop
      vertex -60.5 13.8809 2.64138
      vertex -60.5 -19.2395 0
      vertex -60.5 23.0099 0
    endloop
  endfacet
  facet normal 1 0 0
    outer loop
      vertex -60.5 13.3434 2.81601
      vertex -60.5 -19.2395 0
      vertex -60.5 13.8809 2.64138
    endloop
  endfacet
  facet normal 1 0 0
    outer loop
      vertex -60.5 12.8321 3.05662
      vertex -60.5 -19.2395 0
      vertex -60.5 13.3434 2.81601
    endloop
  endfacet
  facet normal -0.684624 -0.728896 0
    outer loop
      vertex -73.1448 -35.4227 0
      vertex -72.6871 -35.8526 14
      vertex -73.1448 -35.4227 14
    endloop
  endfacet
  facet normal -0.684624 -0.728896 -0
    outer loop
      vertex -72.6871 -35.8526 14
      vertex -73.1448 -35.4227 0
      vertex -72.6871 -35.8526 0
    endloop
  endfacet
  facet normal -0.99803 -0.0627451 0
    outer loop
      vertex -74.4606 -32.6267 0
      vertex -74.5 -32 5.72015
      vertex -74.5 -32 0
    endloop
  endfacet
  facet normal -0.998355 -0.0573269 -0.000595864
    outer loop
      vertex -74.5 -32 5.72015
      vertex -74.4606 -32.6267 0
      vertex -74.4997 -32.0053 5.72741
    endloop
  endfacet
  facet normal -0.998005 -0.0631336 3.653e-05
    outer loop
      vertex -74.4997 -32.0053 5.72741
      vertex -74.4606 -32.6267 0
      vertex -74.4906 -32.149 5.98877
    endloop
  endfacet
  facet normal -0.998032 -0.062711 2.69077e-06
    outer loop
      vertex -74.4906 -32.149 5.98877
      vertex -74.4606 -32.6267 0
      vertex -74.4837 -32.2588 6.26608
    endloop
  endfacet
  facet normal -0.998071 -0.0620906 -3.38813e-05
    outer loop
      vertex -74.4837 -32.2588 6.26608
      vertex -74.4606 -32.6267 0
      vertex -74.4791 -32.3329 6.55497
    endloop
  endfacet
  facet normal -0.998034 -0.0626691 0
    outer loop
      vertex -74.4767 -32.3703 6.85087
      vertex -74.4606 -32.6267 0
      vertex -74.4767 -32.3703 7.14913
    endloop
  endfacet
  facet normal -0.997967 -0.0637264 3.97274e-05
    outer loop
      vertex -74.4791 -32.3329 6.55497
      vertex -74.4606 -32.6267 0
      vertex -74.4767 -32.3703 6.85087
    endloop
  endfacet
  facet normal -0.998355 -0.0573269 0.000595864
    outer loop
      vertex -74.4606 -32.6267 14
      vertex -74.5 -32 8.27985
      vertex -74.4997 -32.0053 8.27259
    endloop
  endfacet
  facet normal -0.998005 -0.0631336 -3.653e-05
    outer loop
      vertex -74.4606 -32.6267 14
      vertex -74.4997 -32.0053 8.27259
      vertex -74.4906 -32.149 8.01123
    endloop
  endfacet
  facet normal -0.998032 -0.062711 -2.69077e-06
    outer loop
      vertex -74.4606 -32.6267 14
      vertex -74.4906 -32.149 8.01123
      vertex -74.4837 -32.2588 7.73392
    endloop
  endfacet
  facet normal -0.998071 -0.0620906 3.38813e-05
    outer loop
      vertex -74.4606 -32.6267 14
      vertex -74.4837 -32.2588 7.73392
      vertex -74.4791 -32.3329 7.44503
    endloop
  endfacet
  facet normal -0.997967 -0.0637264 -3.97274e-05
    outer loop
      vertex -74.4606 -32.6267 14
      vertex -74.4791 -32.3329 7.44503
      vertex -74.4767 -32.3703 7.14913
    endloop
  endfacet
  facet normal -0.99803 -0.0627451 0
    outer loop
      vertex -74.5 -32 8.27985
      vertex -74.4606 -32.6267 14
      vertex -74.5 -32 14
    endloop
  endfacet
  facet normal -0.998034 -0.0626691 -0
    outer loop
      vertex -74.4606 -32.6267 14
      vertex -74.4767 -32.3703 7.14913
      vertex -74.4606 -32.6267 0
    endloop
  endfacet
  facet normal -0.248601 -0.968606 0
    outer loop
      vertex -71.0451 -36.7553 0
      vertex -70.4369 -36.9114 14
      vertex -71.0451 -36.7553 14
    endloop
  endfacet
  facet normal -0.248601 -0.968606 -0
    outer loop
      vertex -70.4369 -36.9114 14
      vertex -71.0451 -36.7553 0
      vertex -70.4369 -36.9114 0
    endloop
  endfacet
  facet normal -0.368203 -0.929745 0
    outer loop
      vertex -71.6289 -36.5241 0
      vertex -71.0451 -36.7553 14
      vertex -71.6289 -36.5241 14
    endloop
  endfacet
  facet normal -0.368203 -0.929745 -0
    outer loop
      vertex -71.0451 -36.7553 14
      vertex -71.6289 -36.5241 0
      vertex -71.0451 -36.7553 0
    endloop
  endfacet
  facet normal 0 -1 0
    outer loop
      vertex -69.8139 -36.9901 0
      vertex -65.1861 -36.9901 14
      vertex -69.8139 -36.9901 14
    endloop
  endfacet
  facet normal 0 -1 -0
    outer loop
      vertex -65.1861 -36.9901 14
      vertex -69.8139 -36.9901 0
      vertex -65.1861 -36.9901 0
    endloop
  endfacet
  facet normal -0.982276 -0.187441 0
    outer loop
      vertex -74.3429 -33.2435 0
      vertex -74.4606 -32.6267 14
      vertex -74.4606 -32.6267 0
    endloop
  endfacet
  facet normal -0.982276 -0.187441 0
    outer loop
      vertex -74.4606 -32.6267 14
      vertex -74.3429 -33.2435 0
      vertex -74.3429 -33.2435 14
    endloop
  endfacet
  facet normal -0.904811 -0.425812 0
    outer loop
      vertex -73.8815 -34.4088 0
      vertex -74.1489 -33.8406 14
      vertex -74.1489 -33.8406 0
    endloop
  endfacet
  facet normal -0.904811 -0.425812 0
    outer loop
      vertex -74.1489 -33.8406 14
      vertex -73.8815 -34.4088 0
      vertex -73.8815 -34.4088 14
    endloop
  endfacet
  facet normal -0.770462 -0.637486 0
    outer loop
      vertex -73.1448 -35.4227 0
      vertex -73.5451 -34.9389 14
      vertex -73.5451 -34.9389 0
    endloop
  endfacet
  facet normal -0.770462 -0.637486 0
    outer loop
      vertex -73.5451 -34.9389 14
      vertex -73.1448 -35.4227 0
      vertex -73.1448 -35.4227 14
    endloop
  endfacet
  facet normal 0.684624 -0.728896 0
    outer loop
      vertex -62.3129 -35.8526 0
      vertex -61.8552 -35.4227 14
      vertex -62.3129 -35.8526 14
    endloop
  endfacet
  facet normal 0.684624 -0.728896 0
    outer loop
      vertex -61.8552 -35.4227 14
      vertex -62.3129 -35.8526 0
      vertex -61.8552 -35.4227 0
    endloop
  endfacet
  facet normal 0.770383 -0.637582 0
    outer loop
      vertex -61.8552 -35.4227 14
      vertex -61.486 -34.9766 0
      vertex -61.486 -34.9766 14
    endloop
  endfacet
  facet normal 0.770383 -0.637582 0
    outer loop
      vertex -61.486 -34.9766 0
      vertex -61.8552 -35.4227 14
      vertex -61.8552 -35.4227 0
    endloop
  endfacet
  facet normal -0.587698 -0.80908 0
    outer loop
      vertex -72.6871 -35.8526 0
      vertex -72.1791 -36.2216 14
      vertex -72.6871 -35.8526 14
    endloop
  endfacet
  facet normal -0.587698 -0.80908 -0
    outer loop
      vertex -72.1791 -36.2216 14
      vertex -72.6871 -35.8526 0
      vertex -72.1791 -36.2216 0
    endloop
  endfacet
  facet normal -0.125328 -0.992115 0
    outer loop
      vertex -70.4369 -36.9114 0
      vertex -69.8139 -36.9901 14
      vertex -70.4369 -36.9114 14
    endloop
  endfacet
  facet normal -0.125328 -0.992115 -0
    outer loop
      vertex -69.8139 -36.9901 14
      vertex -70.4369 -36.9114 0
      vertex -69.8139 -36.9901 0
    endloop
  endfacet
  facet normal 0.125328 -0.992115 0
    outer loop
      vertex -65.1861 -36.9901 0
      vertex -64.5631 -36.9114 14
      vertex -65.1861 -36.9901 14
    endloop
  endfacet
  facet normal 0.125328 -0.992115 0
    outer loop
      vertex -64.5631 -36.9114 14
      vertex -65.1861 -36.9901 0
      vertex -64.5631 -36.9114 0
    endloop
  endfacet
  facet normal 0.248601 -0.968606 0
    outer loop
      vertex -64.5631 -36.9114 0
      vertex -63.9549 -36.7553 14
      vertex -64.5631 -36.9114 14
    endloop
  endfacet
  facet normal 0.248601 -0.968606 0
    outer loop
      vertex -63.9549 -36.7553 14
      vertex -64.5631 -36.9114 0
      vertex -63.9549 -36.7553 0
    endloop
  endfacet
  facet normal 0.481784 -0.87629 0
    outer loop
      vertex -63.3711 -36.5241 0
      vertex -62.8209 -36.2216 14
      vertex -63.3711 -36.5241 14
    endloop
  endfacet
  facet normal 0.481784 -0.87629 0
    outer loop
      vertex -62.8209 -36.2216 14
      vertex -63.3711 -36.5241 0
      vertex -62.8209 -36.2216 0
    endloop
  endfacet
  facet normal 0.368203 -0.929745 0
    outer loop
      vertex -63.9549 -36.7553 0
      vertex -63.3711 -36.5241 14
      vertex -63.9549 -36.7553 14
    endloop
  endfacet
  facet normal 0.368203 -0.929745 0
    outer loop
      vertex -63.3711 -36.5241 14
      vertex -63.9549 -36.7553 0
      vertex -63.3711 -36.5241 0
    endloop
  endfacet
  facet normal -0.951061 -0.309003 0
    outer loop
      vertex -74.1489 -33.8406 0
      vertex -74.3429 -33.2435 14
      vertex -74.3429 -33.2435 0
    endloop
  endfacet
  facet normal -0.951061 -0.309003 0
    outer loop
      vertex -74.3429 -33.2435 14
      vertex -74.1489 -33.8406 0
      vertex -74.1489 -33.8406 14
    endloop
  endfacet
  facet normal -0.844336 -0.535814 0
    outer loop
      vertex -73.5451 -34.9389 0
      vertex -73.8815 -34.4088 14
      vertex -73.8815 -34.4088 0
    endloop
  endfacet
  facet normal -0.844336 -0.535814 0
    outer loop
      vertex -73.8815 -34.4088 14
      vertex -73.5451 -34.9389 0
      vertex -73.5451 -34.9389 14
    endloop
  endfacet
  facet normal -0.481784 -0.87629 0
    outer loop
      vertex -72.1791 -36.2216 0
      vertex -71.6289 -36.5241 14
      vertex -72.1791 -36.2216 14
    endloop
  endfacet
  facet normal -0.481784 -0.87629 -0
    outer loop
      vertex -71.6289 -36.5241 14
      vertex -72.1791 -36.2216 0
      vertex -71.6289 -36.5241 0
    endloop
  endfacet
  facet normal 0.587698 -0.80908 0
    outer loop
      vertex -62.8209 -36.2216 0
      vertex -62.3129 -35.8526 14
      vertex -62.8209 -36.2216 14
    endloop
  endfacet
  facet normal 0.587698 -0.80908 0
    outer loop
      vertex -62.3129 -35.8526 14
      vertex -62.8209 -36.2216 0
      vertex -62.3129 -35.8526 0
    endloop
  endfacet
  facet normal 0.406133 -0.913813 -0.00125804
    outer loop
      vertex 50.9612 15 11.5
      vertex 52.0265 15.4735 11.4702
      vertex 52.5 15.6839 11.5
    endloop
  endfacet
  facet normal 0.406124 -0.913818 -0.000109747
    outer loop
      vertex -47.7708 -28.8809 11.3586
      vertex -61.486 -34.9766 14
      vertex -49.0198 -29.436 11.4645
    endloop
  endfacet
  facet normal 0.406139 -0.913811 -1.07907e-05
    outer loop
      vertex -61.486 -34.9766 14
      vertex 49.6922 14.436 11.4645
      vertex 50.9612 15 11.5
    endloop
  endfacet
  facet normal 0.406213 -0.913778 0.000445694
    outer loop
      vertex -46.5615 -28.3434 11.184
      vertex -61.486 -34.9766 14
      vertex -47.7708 -28.8809 11.3586
    endloop
  endfacet
  facet normal 0.406137 -0.913812 -8.06483e-05
    outer loop
      vertex -61.486 -34.9766 14
      vertex 48.4432 13.8809 11.3586
      vertex 49.6922 14.436 11.4645
    endloop
  endfacet
  facet normal 0.406138 -0.913812 -3.11399e-05
    outer loop
      vertex 47.2339 13.3434 11.184
      vertex -61.486 -34.9766 14
      vertex -46.5615 -28.3434 11.184
    endloop
  endfacet
  facet normal 0.406142 -0.91381 0.000145727
    outer loop
      vertex -61.486 -34.9766 14
      vertex 47.2339 13.3434 11.184
      vertex 48.4432 13.8809 11.3586
    endloop
  endfacet
  facet normal 0.406138 -0.913812 0.000124531
    outer loop
      vertex -45.411 -27.8321 10.9434
      vertex 47.2339 13.3434 11.184
      vertex -46.5615 -28.3434 11.184
    endloop
  endfacet
  facet normal 0.406138 -0.913812 4.32618e-05
    outer loop
      vertex -45.411 -27.8321 10.9434
      vertex 46.0835 12.8321 10.9434
      vertex 47.2339 13.3434 11.184
    endloop
  endfacet
  facet normal 0.406138 -0.913812 3.27451e-05
    outer loop
      vertex -44.3375 -27.355 10.6406
      vertex 46.0835 12.8321 10.9434
      vertex -45.411 -27.8321 10.9434
    endloop
  endfacet
  facet normal 0.406139 -0.913811 -0.000169271
    outer loop
      vertex -44.3375 -27.355 10.6406
      vertex 45.0099 12.355 10.6406
      vertex 46.0835 12.8321 10.9434
    endloop
  endfacet
  facet normal 0.406139 -0.913811 -0.000196082
    outer loop
      vertex -43.3578 -26.9195 10.2804
      vertex 45.0099 12.355 10.6406
      vertex -44.3375 -27.355 10.6406
    endloop
  endfacet
  facet normal 0.406137 -0.913812 0.000200479
    outer loop
      vertex -43.3578 -26.9195 10.2804
      vertex 44.0302 11.9195 10.2804
      vertex 45.0099 12.355 10.6406
    endloop
  endfacet
  facet normal 0.406137 -0.913812 0.000194705
    outer loop
      vertex -42.4873 -26.5327 9.86841
      vertex 44.0302 11.9195 10.2804
      vertex -43.3578 -26.9195 10.2804
    endloop
  endfacet
  facet normal 0.406139 -0.913811 -9.90806e-05
    outer loop
      vertex -42.4873 -26.5327 9.86841
      vertex 43.1598 11.5327 9.86841
      vertex 44.0302 11.9195 10.2804
    endloop
  endfacet
  facet normal 0.406139 -0.913811 -0.000132863
    outer loop
      vertex -41.74 -26.2005 9.41122
      vertex 43.1598 11.5327 9.86841
      vertex -42.4873 -26.5327 9.86841
    endloop
  endfacet
  facet normal 0.406138 -0.913812 4.56003e-05
    outer loop
      vertex -41.74 -26.2005 9.41122
      vertex 42.4124 11.2005 9.41122
      vertex 43.1598 11.5327 9.86841
    endloop
  endfacet
  facet normal 0.406138 -0.913812 0.000122125
    outer loop
      vertex -41.1274 -25.9283 8.91601
      vertex 42.4124 11.2005 9.41122
      vertex -41.74 -26.2005 9.41122
    endloop
  endfacet
  facet normal 0.406139 -0.913811 -0.000123929
    outer loop
      vertex -41.1274 -25.9283 8.91601
      vertex 41.7998 10.9283 8.91601
      vertex 42.4124 11.2005 9.41122
    endloop
  endfacet
  facet normal 0.406139 -0.913811 -9.5966e-05
    outer loop
      vertex -40.6593 -25.7202 8.39058
      vertex 41.7998 10.9283 8.91601
      vertex -41.1274 -25.9283 8.91601
    endloop
  endfacet
  facet normal 0.406138 -0.913812 0.000174799
    outer loop
      vertex -40.6593 -25.7202 8.39058
      vertex 41.3318 10.7202 8.39058
      vertex 41.7998 10.9283 8.91601
    endloop
  endfacet
  facet normal 0.406138 -0.913812 5.50763e-05
    outer loop
      vertex -40.3431 -25.5797 7.84321
      vertex 41.3318 10.7202 8.39058
      vertex -40.6593 -25.7202 8.39058
    endloop
  endfacet
  facet normal 0.406138 -0.913812 -5.55044e-05
    outer loop
      vertex -40.3431 -25.5797 7.84321
      vertex 41.0156 10.5797 7.84321
      vertex 41.3318 10.7202 8.39058
    endloop
  endfacet
  facet normal 0.406138 -0.913812 -7.09192e-08
    outer loop
      vertex -40.1838 -25.5089 7.28256
      vertex 41.0156 10.5797 7.84321
      vertex -40.3431 -25.5797 7.84321
    endloop
  endfacet
  facet normal 0.406139 -0.913811 -7.25119e-05
    outer loop
      vertex -40.1838 -25.5089 7.28256
      vertex 40.8562 10.5089 7.28256
      vertex 41.0156 10.5797 7.84321
    endloop
  endfacet
  facet normal 0.406139 -0.913811 0
    outer loop
      vertex -40.1838 -25.5089 6.71744
      vertex 40.8562 10.5089 7.28256
      vertex -40.1838 -25.5089 7.28256
    endloop
  endfacet
  facet normal 0.406139 -0.913811 0
    outer loop
      vertex -40.1838 -25.5089 6.71744
      vertex 40.8562 10.5089 6.71744
      vertex 40.8562 10.5089 7.28256
    endloop
  endfacet
  facet normal 0.406139 -0.913811 -7.11981e-08
    outer loop
      vertex -40.3431 -25.5797 6.15679
      vertex 40.8562 10.5089 6.71744
      vertex -40.1838 -25.5089 6.71744
    endloop
  endfacet
  facet normal 0.406138 -0.913812 7.23697e-05
    outer loop
      vertex -40.3431 -25.5797 6.15679
      vertex 41.0156 10.5797 6.15679
      vertex 40.8562 10.5089 6.71744
    endloop
  endfacet
  facet normal 0.406138 -0.913812 -5.55044e-05
    outer loop
      vertex -40.6593 -25.7202 5.60942
      vertex 41.0156 10.5797 6.15679
      vertex -40.3431 -25.5797 6.15679
    endloop
  endfacet
  facet normal 0.406138 -0.913812 5.50763e-05
    outer loop
      vertex -40.6593 -25.7202 5.60942
      vertex 41.3318 10.7202 5.60942
      vertex 41.0156 10.5797 6.15679
    endloop
  endfacet
  facet normal 0.406138 -0.913812 9.75031e-05
    outer loop
      vertex -41.1274 -25.9283 5.08399
      vertex 41.3318 10.7202 5.60942
      vertex -40.6593 -25.7202 5.60942
    endloop
  endfacet
  facet normal 0.406139 -0.913811 -0.000173263
    outer loop
      vertex -41.1274 -25.9283 5.08399
      vertex 41.7998 10.9283 5.08399
      vertex 41.3318 10.7202 5.60942
    endloop
  endfacet
  facet normal 0.406139 -0.913811 -0.000123929
    outer loop
      vertex -41.74 -26.2005 4.58878
      vertex 41.7998 10.9283 5.08399
      vertex -41.1274 -25.9283 5.08399
    endloop
  endfacet
  facet normal 0.406138 -0.913812 0.000122125
    outer loop
      vertex -41.74 -26.2005 4.58878
      vertex 42.4124 11.2005 4.58878
      vertex 41.7998 10.9283 5.08399
    endloop
  endfacet
  facet normal 0.406138 -0.913812 0.000134434
    outer loop
      vertex -42.4873 -26.5327 4.13159
      vertex 42.4124 11.2005 4.58878
      vertex -41.74 -26.2005 4.58878
    endloop
  endfacet
  facet normal 0.406139 -0.913811 -4.40292e-05
    outer loop
      vertex -42.4873 -26.5327 4.13159
      vertex 43.1598 11.5327 4.13159
      vertex 42.4124 11.2005 4.58878
    endloop
  endfacet
  facet normal 0.406139 -0.913811 -0.00019768
    outer loop
      vertex -43.3578 -26.9195 3.71964
      vertex 43.1598 11.5327 4.13159
      vertex -42.4873 -26.5327 4.13159
    endloop
  endfacet
  facet normal 0.406137 -0.913812 9.61344e-05
    outer loop
      vertex -43.3578 -26.9195 3.71964
      vertex 44.0302 11.9195 3.71964
      vertex 43.1598 11.5327 4.13159
    endloop
  endfacet
  facet normal 0.406137 -0.913812 0.000200468
    outer loop
      vertex -44.3375 -27.355 3.35942
      vertex 44.0302 11.9195 3.71964
      vertex -43.3578 -26.9195 3.71964
    endloop
  endfacet
  facet normal 0.406139 -0.913811 -0.000196072
    outer loop
      vertex -44.3375 -27.355 3.35942
      vertex 45.0099 12.355 3.35942
      vertex 44.0302 11.9195 3.71964
    endloop
  endfacet
  facet normal 0.406139 -0.913811 -3.51434e-05
    outer loop
      vertex -45.411 -27.8321 3.05662
      vertex 45.0099 12.355 3.35942
      vertex -44.3375 -27.355 3.35942
    endloop
  endfacet
  facet normal 0.406138 -0.913812 0.000166873
    outer loop
      vertex -45.411 -27.8321 3.05662
      vertex 46.0835 12.8321 3.05662
      vertex 45.0099 12.355 3.35942
    endloop
  endfacet
  facet normal 0.406138 -0.913812 -0.000125535
    outer loop
      vertex -46.5615 -28.3434 2.81601
      vertex 46.0835 12.8321 3.05662
      vertex -45.411 -27.8321 3.05662
    endloop
  endfacet
  facet normal 0.406138 -0.913812 -4.42691e-05
    outer loop
      vertex -46.5615 -28.3434 2.81601
      vertex 47.2339 13.3434 2.81601
      vertex 46.0835 12.8321 3.05662
    endloop
  endfacet
  facet normal 0.406213 -0.913778 -0.000445937
    outer loop
      vertex -61.486 -34.9766 0
      vertex -46.5615 -28.3434 2.81601
      vertex -47.7708 -28.8809 2.64138
    endloop
  endfacet
  facet normal 0.406138 -0.913812 3.11398e-05
    outer loop
      vertex -46.5615 -28.3434 2.81601
      vertex -61.486 -34.9766 0
      vertex 47.2339 13.3434 2.81601
    endloop
  endfacet
  facet normal 0.406124 -0.913818 0.000109749
    outer loop
      vertex -61.486 -34.9766 0
      vertex -47.7708 -28.8809 2.64138
      vertex -49.0198 -29.436 2.53548
    endloop
  endfacet
  facet normal 0.406142 -0.91381 -0.000145706
    outer loop
      vertex 47.2339 13.3434 2.81601
      vertex -61.486 -34.9766 0
      vertex 48.4432 13.8809 2.64138
    endloop
  endfacet
  facet normal 0.406138 -0.913812 2.78567e-05
    outer loop
      vertex -61.486 -34.9766 0
      vertex -49.0198 -29.436 2.53548
      vertex -50.2888 -30 2.5
    endloop
  endfacet
  facet normal 0.406139 -0.913811 -2.24144e-06
    outer loop
      vertex 68.9834 23.0099 0
      vertex 48.4432 13.8809 2.64138
      vertex -61.486 -34.9766 0
    endloop
  endfacet
  facet normal 0.406161 -0.913801 -0.00043151
    outer loop
      vertex -51.5578 -30.564 11.4645
      vertex -52.5 -30.9828 11.5
      vertex -51.936 -30.7321 11.4645
    endloop
  endfacet
  facet normal 0.406154 -0.913805 -0.000656562
    outer loop
      vertex -52.5 -30.9828 11.5
      vertex -51.5578 -30.564 11.4645
      vertex -50.2888 -30 11.5
    endloop
  endfacet
  facet normal 0.40616 -0.913801 0.00151284
    outer loop
      vertex -51.5578 -30.564 11.4645
      vertex -51.936 -30.7321 11.4645
      vertex -51.8196 -30.6804 11.4423
    endloop
  endfacet
  facet normal 0.406154 -0.913805 5.78963e-05
    outer loop
      vertex -50.2888 -30 11.5
      vertex -61.486 -34.9766 14
      vertex -52.5 -30.9828 11.5
    endloop
  endfacet
  facet normal 0.406065 -0.913844 -0.000323254
    outer loop
      vertex -61.486 -34.9766 14
      vertex -53.064 -31.2334 11.4645
      vertex -52.5 -30.9828 11.5
    endloop
  endfacet
  facet normal 0.406132 -0.913814 -5.67998e-05
    outer loop
      vertex -61.486 -34.9766 14
      vertex -53.6191 -31.4801 11.3586
      vertex -53.064 -31.2334 11.4645
    endloop
  endfacet
  facet normal 0.406151 -0.913806 1.10115e-05
    outer loop
      vertex -61.486 -34.9766 14
      vertex -54.1566 -31.719 11.184
      vertex -53.6191 -31.4801 11.3586
    endloop
  endfacet
  facet normal 0.406168 -0.913798 6.29557e-05
    outer loop
      vertex -55.1665 -32.1679 10.9434
      vertex -54.1566 -31.719 11.184
      vertex -61.486 -34.9766 14
    endloop
  endfacet
  facet normal 0.405914 -0.91391 0.00133863
    outer loop
      vertex -54.1566 -31.719 11.184
      vertex -55.1665 -32.1679 10.9434
      vertex -54.269 -31.769 11.1311
    endloop
  endfacet
  facet normal 0.406115 -0.913822 -6.80506e-05
    outer loop
      vertex -61.486 -34.9766 14
      vertex -56.2401 -32.645 10.6406
      vertex -55.1665 -32.1679 10.9434
    endloop
  endfacet
  facet normal 0.406182 -0.913792 5.66061e-05
    outer loop
      vertex -61.486 -34.9766 14
      vertex -57.2198 -33.0805 10.2804
      vertex -56.2401 -32.645 10.6406
    endloop
  endfacet
  facet normal 0.406114 -0.913822 -3.64565e-05
    outer loop
      vertex -61.486 -34.9766 14
      vertex -58.0902 -33.4673 9.86841
      vertex -57.2198 -33.0805 10.2804
    endloop
  endfacet
  facet normal 0.406158 -0.913803 6.68347e-06
    outer loop
      vertex -61.486 -34.9766 14
      vertex -58.8376 -33.7995 9.41122
      vertex -58.0902 -33.4673 9.86841
    endloop
  endfacet
  facet normal 0.406085 -0.913835 -4.36635e-05
    outer loop
      vertex -61.486 -34.9766 14
      vertex -59.4502 -34.0717 8.91601
      vertex -58.8376 -33.7995 9.41122
    endloop
  endfacet
  facet normal 0.406263 -0.913756 4.15366e-05
    outer loop
      vertex -61.486 -34.9766 14
      vertex -59.9182 -34.2798 8.39058
      vertex -59.4502 -34.0717 8.91601
    endloop
  endfacet
  facet normal 0.406084 -0.913836 -1.81457e-05
    outer loop
      vertex -61.486 -34.9766 14
      vertex -60.2344 -34.4203 7.84321
      vertex -59.9182 -34.2798 8.39058
    endloop
  endfacet
  facet normal 0.406023 -0.913863 -3.30882e-05
    outer loop
      vertex -61.486 -34.9766 14
      vertex -60.3938 -34.4911 7.28256
      vertex -60.2344 -34.4203 7.84321
    endloop
  endfacet
  facet normal 0.406193 -0.913787 0
    outer loop
      vertex -61.486 -34.9766 14
      vertex -60.3938 -34.4911 6.71744
      vertex -60.3938 -34.4911 7.28256
    endloop
  endfacet
  facet normal 0.405914 -0.91391 -0.0013392
    outer loop
      vertex -55.1665 -32.1679 3.05662
      vertex -54.1566 -31.719 2.81601
      vertex -54.269 -31.769 2.8689
    endloop
  endfacet
  facet normal 0.406168 -0.913798 -6.29546e-05
    outer loop
      vertex -61.486 -34.9766 0
      vertex -54.1566 -31.719 2.81601
      vertex -55.1665 -32.1679 3.05662
    endloop
  endfacet
  facet normal 0.406154 -0.913805 -5.78963e-05
    outer loop
      vertex -61.486 -34.9766 0
      vertex -50.2888 -30 2.5
      vertex -52.5 -30.9828 2.5
    endloop
  endfacet
  facet normal 0.406117 -0.913821 -0.000208137
    outer loop
      vertex 48.4432 13.8809 2.64138
      vertex 68.9834 23.0099 0
      vertex 49.6922 14.436 2.53548
    endloop
  endfacet
  facet normal 0.406138 -0.913812 -1.52598e-05
    outer loop
      vertex 49.6922 14.436 2.53548
      vertex 68.9834 23.0099 0
      vertex 50.9612 15 2.5
    endloop
  endfacet
  facet normal 0.406065 -0.913844 0.000323288
    outer loop
      vertex -53.064 -31.2334 2.53548
      vertex -61.486 -34.9766 0
      vertex -52.5 -30.9828 2.5
    endloop
  endfacet
  facet normal 0.406132 -0.913814 5.68001e-05
    outer loop
      vertex -53.6191 -31.4801 2.64138
      vertex -61.486 -34.9766 0
      vertex -53.064 -31.2334 2.53548
    endloop
  endfacet
  facet normal 0.406151 -0.913806 -1.10107e-05
    outer loop
      vertex -54.1566 -31.719 2.81601
      vertex -61.486 -34.9766 0
      vertex -53.6191 -31.4801 2.64138
    endloop
  endfacet
  facet normal 0.406115 -0.913822 6.80503e-05
    outer loop
      vertex -56.2401 -32.645 3.35942
      vertex -61.486 -34.9766 0
      vertex -55.1665 -32.1679 3.05662
    endloop
  endfacet
  facet normal 0.406182 -0.913792 -5.66047e-05
    outer loop
      vertex -57.2198 -33.0805 3.71964
      vertex -61.486 -34.9766 0
      vertex -56.2401 -32.645 3.35942
    endloop
  endfacet
  facet normal 0.406114 -0.913822 3.64575e-05
    outer loop
      vertex -58.0902 -33.4673 4.13159
      vertex -61.486 -34.9766 0
      vertex -57.2198 -33.0805 3.71964
    endloop
  endfacet
  facet normal 0.406158 -0.913803 -6.68347e-06
    outer loop
      vertex -58.8376 -33.7995 4.58878
      vertex -61.486 -34.9766 0
      vertex -58.0902 -33.4673 4.13159
    endloop
  endfacet
  facet normal 0.406085 -0.913835 4.36635e-05
    outer loop
      vertex -59.4502 -34.0717 5.08399
      vertex -61.486 -34.9766 0
      vertex -58.8376 -33.7995 4.58878
    endloop
  endfacet
  facet normal 0.406263 -0.913756 -4.15366e-05
    outer loop
      vertex -59.9182 -34.2798 5.60942
      vertex -61.486 -34.9766 0
      vertex -59.4502 -34.0717 5.08399
    endloop
  endfacet
  facet normal 0.406084 -0.913836 1.81457e-05
    outer loop
      vertex -60.2344 -34.4203 6.15679
      vertex -61.486 -34.9766 0
      vertex -59.9182 -34.2798 5.60942
    endloop
  endfacet
  facet normal 0.406023 -0.913863 3.30882e-05
    outer loop
      vertex -60.3938 -34.4911 6.71744
      vertex -61.486 -34.9766 0
      vertex -60.2344 -34.4203 6.15679
    endloop
  endfacet
  facet normal 0.406193 -0.913787 0
    outer loop
      vertex -61.486 -34.9766 0
      vertex -60.3938 -34.4911 6.71744
      vertex -61.486 -34.9766 14
    endloop
  endfacet
  facet normal 0.406138 -0.913812 -2.78589e-05
    outer loop
      vertex -49.0198 -29.436 11.4645
      vertex -61.486 -34.9766 14
      vertex -50.2888 -30 11.5
    endloop
  endfacet
  facet normal 0.406139 -0.913811 7.13503e-06
    outer loop
      vertex -61.486 -34.9766 14
      vertex 50.9612 15 11.5
      vertex 68.9834 23.0099 14
    endloop
  endfacet
  facet normal 0.406133 -0.913814 5.97507e-05
    outer loop
      vertex 52.5 15.6839 11.5
      vertex 68.9834 23.0099 14
      vertex 50.9612 15 11.5
    endloop
  endfacet
  facet normal 0.406171 -0.913797 -0.00024017
    outer loop
      vertex 53.064 15.9346 11.4645
      vertex 68.9834 23.0099 14
      vertex 52.5 15.6839 11.5
    endloop
  endfacet
  facet normal 0.406132 -0.913815 5.40758e-05
    outer loop
      vertex 53.6191 16.1813 11.3586
      vertex 68.9834 23.0099 14
      vertex 53.064 15.9346 11.4645
    endloop
  endfacet
  facet normal 0.406384 -0.913701 0.00174812
    outer loop
      vertex 54.6885 16.6566 11.184
      vertex 53.6191 16.1813 11.3586
      vertex 53.731 16.231 11.3223
    endloop
  endfacet
  facet normal 0.406143 -0.91381 -2.43829e-05
    outer loop
      vertex 53.6191 16.1813 11.3586
      vertex 54.6885 16.6566 11.184
      vertex 68.9834 23.0099 14
    endloop
  endfacet
  facet normal 0.406128 -0.913816 6.69413e-05
    outer loop
      vertex 55.839 17.1679 10.9434
      vertex 68.9834 23.0099 14
      vertex 54.6885 16.6566 11.184
    endloop
  endfacet
  facet normal 0.406136 -0.913813 2.43838e-05
    outer loop
      vertex 56.9125 17.645 10.6406
      vertex 68.9834 23.0099 14
      vertex 55.839 17.1679 10.9434
    endloop
  endfacet
  facet normal 0.406167 -0.913799 -0.000105795
    outer loop
      vertex 57.8922 18.0805 10.2804
      vertex 68.9834 23.0099 14
      vertex 56.9125 17.645 10.6406
    endloop
  endfacet
  facet normal 0.406105 -0.913826 0.00011313
    outer loop
      vertex 58.7627 18.4673 9.86841
      vertex 68.9834 23.0099 14
      vertex 57.8922 18.0805 10.2804
    endloop
  endfacet
  facet normal 0.406169 -0.913798 -7.43677e-05
    outer loop
      vertex 59.51 18.7995 9.41122
      vertex 68.9834 23.0099 14
      vertex 58.7627 18.4673 9.86841
    endloop
  endfacet
  facet normal 0.406107 -0.913825 7.69267e-05
    outer loop
      vertex 60.1226 19.0717 8.91601
      vertex 68.9834 23.0099 14
      vertex 59.51 18.7995 9.41122
    endloop
  endfacet
  facet normal 0.406173 -0.913796 -5.98838e-05
    outer loop
      vertex 60.5907 19.2798 8.39058
      vertex 68.9834 23.0099 14
      vertex 60.1226 19.0717 8.91601
    endloop
  endfacet
  facet normal 0.406117 -0.913821 4.06523e-05
    outer loop
      vertex 60.9069 19.4203 7.84321
      vertex 68.9834 23.0099 14
      vertex 60.5907 19.2798 8.39058
    endloop
  endfacet
  facet normal 0.406142 -0.91381 1.17443e-06
    outer loop
      vertex 61.0662 19.4911 7.28256
      vertex 68.9834 23.0099 14
      vertex 60.9069 19.4203 7.84321
    endloop
  endfacet
  facet normal 0.406143 -0.91381 0
    outer loop
      vertex 61.0662 19.4911 6.71744
      vertex 68.9834 23.0099 14
      vertex 61.0662 19.4911 7.28256
    endloop
  endfacet
  facet normal 0.406142 -0.91381 -1.17443e-06
    outer loop
      vertex 68.9834 23.0099 0
      vertex 61.0662 19.4911 6.71744
      vertex 60.9069 19.4203 6.15679
    endloop
  endfacet
  facet normal 0.406117 -0.913821 -4.06523e-05
    outer loop
      vertex 68.9834 23.0099 0
      vertex 60.9069 19.4203 6.15679
      vertex 60.5907 19.2798 5.60942
    endloop
  endfacet
  facet normal 0.406173 -0.913796 5.98838e-05
    outer loop
      vertex 68.9834 23.0099 0
      vertex 60.5907 19.2798 5.60942
      vertex 60.1226 19.0717 5.08399
    endloop
  endfacet
  facet normal 0.406383 -0.913701 -0.00174263
    outer loop
      vertex 53.6191 16.1813 2.64138
      vertex 54.6885 16.6566 2.81601
      vertex 53.731 16.231 2.67774
    endloop
  endfacet
  facet normal 0.406284 -0.913746 -0.00101108
    outer loop
      vertex 53.064 15.9346 2.53548
      vertex 54.6885 16.6566 2.81601
      vertex 53.6191 16.1813 2.64138
    endloop
  endfacet
  facet normal 0.406143 -0.91381 0
    outer loop
      vertex 61.0662 19.4911 6.71744
      vertex 68.9834 23.0099 0
      vertex 68.9834 23.0099 14
    endloop
  endfacet
  facet normal 0.406107 -0.913825 -7.69267e-05
    outer loop
      vertex 59.51 18.7995 4.58878
      vertex 68.9834 23.0099 0
      vertex 60.1226 19.0717 5.08399
    endloop
  endfacet
  facet normal 0.406169 -0.913798 7.43677e-05
    outer loop
      vertex 58.7627 18.4673 4.13159
      vertex 68.9834 23.0099 0
      vertex 59.51 18.7995 4.58878
    endloop
  endfacet
  facet normal 0.406105 -0.913826 -0.000113136
    outer loop
      vertex 57.8922 18.0805 3.71964
      vertex 68.9834 23.0099 0
      vertex 58.7627 18.4673 4.13159
    endloop
  endfacet
  facet normal 0.406167 -0.913799 0.000105791
    outer loop
      vertex 56.9125 17.645 3.35942
      vertex 68.9834 23.0099 0
      vertex 57.8922 18.0805 3.71964
    endloop
  endfacet
  facet normal 0.406136 -0.913813 -2.43838e-05
    outer loop
      vertex 55.839 17.1679 3.05662
      vertex 68.9834 23.0099 0
      vertex 56.9125 17.645 3.35942
    endloop
  endfacet
  facet normal 0.406128 -0.913816 -6.69398e-05
    outer loop
      vertex 54.6885 16.6566 2.81601
      vertex 68.9834 23.0099 0
      vertex 55.839 17.1679 3.05662
    endloop
  endfacet
  facet normal 0.406139 -0.913811 -1.92135e-06
    outer loop
      vertex 53.064 15.9346 2.53548
      vertex 68.9834 23.0099 0
      vertex 54.6885 16.6566 2.81601
    endloop
  endfacet
  facet normal 0.406171 -0.913797 0.000240209
    outer loop
      vertex 52.5 15.6839 2.5
      vertex 68.9834 23.0099 0
      vertex 53.064 15.9346 2.53548
    endloop
  endfacet
  facet normal 0.406133 -0.913814 -5.97507e-05
    outer loop
      vertex 50.9612 15 2.5
      vertex 68.9834 23.0099 0
      vertex 52.5 15.6839 2.5
    endloop
  endfacet
  facet normal 0.40616 -0.913801 -0.00151284
    outer loop
      vertex -51.936 -30.7321 2.53548
      vertex -51.5578 -30.564 2.53548
      vertex -51.8196 -30.6804 2.55768
    endloop
  endfacet
  facet normal 0.406161 -0.913801 0.000431754
    outer loop
      vertex -52.5 -30.9828 2.5
      vertex -51.5578 -30.564 2.53548
      vertex -51.936 -30.7321 2.53548
    endloop
  endfacet
  facet normal 0.406154 -0.913805 0.000656933
    outer loop
      vertex -51.5578 -30.564 2.53548
      vertex -52.5 -30.9828 2.5
      vertex -50.2888 -30 2.5
    endloop
  endfacet
  facet normal 0.406133 -0.913813 0.00125846
    outer loop
      vertex 52.0265 15.4735 2.52979
      vertex 50.9612 15 2.5
      vertex 52.5 15.6839 2.5
    endloop
  endfacet
  facet normal -0.406139 0.913811 -2.70445e-06
    outer loop
      vertex 34.561 23.0099 14
      vertex 14.0208 13.8809 11.3586
      vertex -60.5 -19.2395 14
    endloop
  endfacet
  facet normal -0.406194 0.913787 -0.000196067
    outer loop
      vertex -60.5 -19.2395 14
      vertex -51.936 -15.4332 11.4645
      vertex -52.5 -15.6839 11.5
    endloop
  endfacet
  facet normal -0.406143 0.91381 -0.00013704
    outer loop
      vertex 12.8115 13.3434 11.184
      vertex -60.5 -19.2395 14
      vertex 14.0208 13.8809 11.3586
    endloop
  endfacet
  facet normal -0.406135 0.913813 0.000107516
    outer loop
      vertex 11.661 12.8321 10.9434
      vertex -60.5 -19.2395 14
      vertex 12.8115 13.3434 11.184
    endloop
  endfacet
  facet normal -0.406083 0.913836 0.000252555
    outer loop
      vertex -60.5 -19.2395 14
      vertex -51.3809 -15.1865 11.3586
      vertex -51.936 -15.4332 11.4645
    endloop
  endfacet
  facet normal -0.406138 0.913812 2.47384e-05
    outer loop
      vertex -60.5 -19.2395 14
      vertex 11.661 12.8321 10.9434
      vertex -51.3809 -15.1865 11.3586
    endloop
  endfacet
  facet normal -0.406138 0.913812 3.16509e-05
    outer loop
      vertex 10.5875 12.355 10.6406
      vertex -51.3809 -15.1865 11.3586
      vertex 11.661 12.8321 10.9434
    endloop
  endfacet
  facet normal -0.406143 0.913809 -0.000481905
    outer loop
      vertex -51.3809 -15.1865 11.3586
      vertex 10.5875 12.355 10.6406
      vertex -50.8434 -14.9477 11.184
    endloop
  endfacet
  facet normal -0.40614 0.913811 -0.000134557
    outer loop
      vertex 9.60775 11.9195 10.2804
      vertex -50.8434 -14.9477 11.184
      vertex 10.5875 12.355 10.6406
    endloop
  endfacet
  facet normal -0.406136 0.913813 0.000217188
    outer loop
      vertex -50.8434 -14.9477 11.184
      vertex 9.60775 11.9195 10.2804
      vertex -50.3321 -14.7204 10.9434
    endloop
  endfacet
  facet normal -0.406137 0.913812 9.52796e-05
    outer loop
      vertex 8.73735 11.5327 9.86841
      vertex -50.3321 -14.7204 10.9434
      vertex 9.60775 11.9195 10.2804
    endloop
  endfacet
  facet normal -0.406136 0.913813 0.00017233
    outer loop
      vertex -50.3321 -14.7204 10.9434
      vertex 8.73735 11.5327 9.86841
      vertex -49.855 -14.5083 10.6406
    endloop
  endfacet
  facet normal -0.406139 0.913812 -6.19813e-05
    outer loop
      vertex 7.98997 11.2005 9.41122
      vertex -49.855 -14.5083 10.6406
      vertex 8.73735 11.5327 9.86841
    endloop
  endfacet
  facet normal -0.40614 0.913811 -0.000143178
    outer loop
      vertex -49.855 -14.5083 10.6406
      vertex 7.98997 11.2005 9.41122
      vertex -49.4195 -14.3148 10.2804
    endloop
  endfacet
  facet normal -0.406137 0.913812 8.01192e-05
    outer loop
      vertex 7.37742 10.9283 8.91601
      vertex -49.4195 -14.3148 10.2804
      vertex 7.98997 11.2005 9.41122
    endloop
  endfacet
  facet normal -0.406139 0.913811 -2.55913e-05
    outer loop
      vertex -49.4195 -14.3148 10.2804
      vertex 7.37742 10.9283 8.91601
      vertex -49.0327 -14.1429 9.86841
    endloop
  endfacet
  facet normal -0.406141 0.913811 -0.000117529
    outer loop
      vertex 6.90935 10.7202 8.39058
      vertex -49.0327 -14.1429 9.86841
      vertex 7.37742 10.9283 8.91601
    endloop
  endfacet
  facet normal -0.40614 0.913811 -9.01687e-05
    outer loop
      vertex -49.0327 -14.1429 9.86841
      vertex 6.90935 10.7202 8.39058
      vertex -48.7005 -13.9953 9.41122
    endloop
  endfacet
  facet normal -0.406138 0.913812 4.13232e-05
    outer loop
      vertex -48.7005 -13.9953 9.41122
      vertex 6.90935 10.7202 8.39058
      vertex -48.4283 -13.8743 8.91601
    endloop
  endfacet
  facet normal -0.406138 0.913812 6.2619e-05
    outer loop
      vertex 6.59314 10.5797 7.84321
      vertex -48.4283 -13.8743 8.91601
      vertex 6.90935 10.7202 8.39058
    endloop
  endfacet
  facet normal -0.406139 0.913812 1.92977e-05
    outer loop
      vertex -48.4283 -13.8743 8.91601
      vertex 6.59314 10.5797 7.84321
      vertex -48.2202 -13.7818 8.39058
    endloop
  endfacet
  facet normal -0.406138 0.913812 9.29193e-05
    outer loop
      vertex 6.59314 10.5797 7.84321
      vertex -48.0797 -13.7193 7.84321
      vertex -48.2202 -13.7818 8.39058
    endloop
  endfacet
  facet normal -0.406138 0.913812 5.05184e-05
    outer loop
      vertex 6.43377 10.5089 7.28256
      vertex -48.0797 -13.7193 7.84321
      vertex 6.59314 10.5797 7.84321
    endloop
  endfacet
  facet normal -0.406139 0.913811 -0.000108783
    outer loop
      vertex 6.43377 10.5089 7.28256
      vertex -48.0089 -13.6879 7.28256
      vertex -48.0797 -13.7193 7.84321
    endloop
  endfacet
  facet normal -0.406139 0.913811 0
    outer loop
      vertex 6.43377 10.5089 6.71744
      vertex -48.0089 -13.6879 7.28256
      vertex 6.43377 10.5089 7.28256
    endloop
  endfacet
  facet normal -0.406139 0.913811 0
    outer loop
      vertex 6.43377 10.5089 6.71744
      vertex -48.0089 -13.6879 6.71744
      vertex -48.0089 -13.6879 7.28256
    endloop
  endfacet
  facet normal -0.406138 0.913812 -5.05184e-05
    outer loop
      vertex -48.0797 -13.7193 6.15679
      vertex 6.43377 10.5089 6.71744
      vertex 6.59314 10.5797 6.15679
    endloop
  endfacet
  facet normal -0.406139 0.913811 0.000108783
    outer loop
      vertex 6.43377 10.5089 6.71744
      vertex -48.0797 -13.7193 6.15679
      vertex -48.0089 -13.6879 6.71744
    endloop
  endfacet
  facet normal -0.406138 0.913812 -6.2619e-05
    outer loop
      vertex -48.4283 -13.8743 5.08399
      vertex 6.59314 10.5797 6.15679
      vertex 6.90935 10.7202 5.60942
    endloop
  endfacet
  facet normal -0.406138 0.913812 -9.29193e-05
    outer loop
      vertex 6.59314 10.5797 6.15679
      vertex -48.2202 -13.7818 5.60942
      vertex -48.0797 -13.7193 6.15679
    endloop
  endfacet
  facet normal -0.406141 0.913811 0.000117529
    outer loop
      vertex -49.0327 -14.1429 4.13159
      vertex 6.90935 10.7202 5.60942
      vertex 7.37742 10.9283 5.08399
    endloop
  endfacet
  facet normal -0.406139 0.913812 -1.92977e-05
    outer loop
      vertex 6.59314 10.5797 6.15679
      vertex -48.4283 -13.8743 5.08399
      vertex -48.2202 -13.7818 5.60942
    endloop
  endfacet
  facet normal -0.406137 0.913812 -8.01193e-05
    outer loop
      vertex -49.4195 -14.3148 3.71964
      vertex 7.37742 10.9283 5.08399
      vertex 7.98997 11.2005 4.58878
    endloop
  endfacet
  facet normal -0.406138 0.913812 -4.13232e-05
    outer loop
      vertex 6.90935 10.7202 5.60942
      vertex -48.7005 -13.9953 4.58878
      vertex -48.4283 -13.8743 5.08399
    endloop
  endfacet
  facet normal -0.406139 0.913812 6.19814e-05
    outer loop
      vertex -49.855 -14.5083 3.35942
      vertex 7.98997 11.2005 4.58878
      vertex 8.73735 11.5327 4.13159
    endloop
  endfacet
  facet normal -0.40614 0.913811 9.01687e-05
    outer loop
      vertex 6.90935 10.7202 5.60942
      vertex -49.0327 -14.1429 4.13159
      vertex -48.7005 -13.9953 4.58878
    endloop
  endfacet
  facet normal -0.406137 0.913812 -9.52886e-05
    outer loop
      vertex -50.3321 -14.7204 3.05662
      vertex 8.73735 11.5327 4.13159
      vertex 9.60775 11.9195 3.71964
    endloop
  endfacet
  facet normal -0.406139 0.913811 2.55939e-05
    outer loop
      vertex 7.37742 10.9283 5.08399
      vertex -49.4195 -14.3148 3.71964
      vertex -49.0327 -14.1429 4.13159
    endloop
  endfacet
  facet normal -0.40614 0.913811 0.00013455
    outer loop
      vertex -50.8434 -14.9477 2.81601
      vertex 9.60775 11.9195 3.71964
      vertex 10.5875 12.355 3.35942
    endloop
  endfacet
  facet normal -0.40614 0.913811 0.00014317
    outer loop
      vertex 7.98997 11.2005 4.58878
      vertex -49.855 -14.5083 3.35942
      vertex -49.4195 -14.3148 3.71964
    endloop
  endfacet
  facet normal -0.406138 0.913812 -3.16508e-05
    outer loop
      vertex -51.3809 -15.1865 2.64138
      vertex 10.5875 12.355 3.35942
      vertex 11.661 12.8321 3.05662
    endloop
  endfacet
  facet normal -0.406136 0.913813 -0.00017233
    outer loop
      vertex 8.73735 11.5327 4.13159
      vertex -50.3321 -14.7204 3.05662
      vertex -49.855 -14.5083 3.35942
    endloop
  endfacet
  facet normal -0.406135 0.913813 -0.000107512
    outer loop
      vertex -60.5 -19.2395 0
      vertex 11.661 12.8321 3.05662
      vertex 12.8115 13.3434 2.81601
    endloop
  endfacet
  facet normal -0.406136 0.913813 -0.000217179
    outer loop
      vertex 9.60775 11.9195 3.71964
      vertex -50.8434 -14.9477 2.81601
      vertex -50.3321 -14.7204 3.05662
    endloop
  endfacet
  facet normal -0.406143 0.91381 0.000137021
    outer loop
      vertex -60.5 -19.2395 0
      vertex 12.8115 13.3434 2.81601
      vertex 14.0208 13.8809 2.64138
    endloop
  endfacet
  facet normal -0.406143 0.913809 0.00048182
    outer loop
      vertex 10.5875 12.355 3.35942
      vertex -51.3809 -15.1865 2.64138
      vertex -50.8434 -14.9477 2.81601
    endloop
  endfacet
  facet normal -0.406117 0.913821 0.000208137
    outer loop
      vertex 34.561 23.0099 0
      vertex 14.0208 13.8809 2.64138
      vertex 15.2698 14.436 2.53548
    endloop
  endfacet
  facet normal -0.406138 0.913812 -2.47386e-05
    outer loop
      vertex 11.661 12.8321 3.05662
      vertex -60.5 -19.2395 0
      vertex -51.3809 -15.1865 2.64138
    endloop
  endfacet
  facet normal -0.406138 0.913812 1.52598e-05
    outer loop
      vertex 34.561 23.0099 0
      vertex 15.2698 14.436 2.53548
      vertex 16.5388 15 2.5
    endloop
  endfacet
  facet normal -0.406083 0.913836 -0.000252561
    outer loop
      vertex -51.3809 -15.1865 2.64138
      vertex -60.5 -19.2395 0
      vertex -51.936 -15.4332 2.53548
    endloop
  endfacet
  facet normal -0.406138 0.913812 -1.5262e-05
    outer loop
      vertex 15.2698 14.436 11.4645
      vertex 34.561 23.0099 14
      vertex 16.5388 15 11.5
    endloop
  endfacet
  facet normal -0.406139 0.913811 -1.01394e-05
    outer loop
      vertex 34.561 23.0099 14
      vertex 17.8078 15.564 11.4645
      vertex 16.5388 15 11.5
    endloop
  endfacet
  facet normal -0.406135 0.913813 -4.21267e-05
    outer loop
      vertex 34.561 23.0099 14
      vertex 19.0568 16.1191 11.3586
      vertex 17.8078 15.564 11.4645
    endloop
  endfacet
  facet normal -0.406151 0.913806 7.17043e-05
    outer loop
      vertex 34.561 23.0099 14
      vertex 20.2661 16.6566 11.184
      vertex 19.0568 16.1191 11.3586
    endloop
  endfacet
  facet normal -0.406142 0.91381 1.99827e-05
    outer loop
      vertex 34.561 23.0099 14
      vertex 21.4165 17.1679 10.9434
      vertex 20.2661 16.6566 11.184
    endloop
  endfacet
  facet normal -0.406121 0.913819 -9.18951e-05
    outer loop
      vertex 34.561 23.0099 14
      vertex 22.4901 17.645 10.6406
      vertex 21.4165 17.1679 10.9434
    endloop
  endfacet
  facet normal -0.406167 0.913799 0.000105795
    outer loop
      vertex 34.561 23.0099 14
      vertex 23.4698 18.0805 10.2804
      vertex 22.4901 17.645 10.6406
    endloop
  endfacet
  facet normal -0.406121 0.913819 -5.54354e-05
    outer loop
      vertex 34.561 23.0099 14
      vertex 24.3402 18.4673 9.86841
      vertex 23.4698 18.0805 10.2804
    endloop
  endfacet
  facet normal -0.406148 0.913807 2.4788e-05
    outer loop
      vertex 34.561 23.0099 14
      vertex 25.0876 18.7995 9.41122
      vertex 24.3402 18.4673 9.86841
    endloop
  endfacet
  facet normal -0.406107 0.913825 -7.69267e-05
    outer loop
      vertex 34.561 23.0099 14
      vertex 25.7002 19.0717 8.91601
      vertex 25.0876 18.7995 9.41122
    endloop
  endfacet
  facet normal -0.406197 0.913785 0.000111041
    outer loop
      vertex 34.561 23.0099 14
      vertex 26.1682 19.2798 8.39058
      vertex 25.7002 19.0717 8.91601
    endloop
  endfacet
  facet normal -0.406114 0.913822 -3.86357e-05
    outer loop
      vertex 34.561 23.0099 14
      vertex 26.4844 19.4203 7.84321
      vertex 26.1682 19.2798 8.39058
    endloop
  endfacet
  facet normal -0.406101 0.913828 -5.95382e-05
    outer loop
      vertex 34.561 23.0099 14
      vertex 26.6438 19.4911 7.28256
      vertex 26.4844 19.4203 7.84321
    endloop
  endfacet
  facet normal -0.406143 0.91381 0
    outer loop
      vertex 34.561 23.0099 14
      vertex 26.6438 19.4911 6.71744
      vertex 26.6438 19.4911 7.28256
    endloop
  endfacet
  facet normal -0.406143 0.91381 0
    outer loop
      vertex 34.561 23.0099 0
      vertex 26.6438 19.4911 6.71744
      vertex 34.561 23.0099 14
    endloop
  endfacet
  facet normal -0.406101 0.913828 5.95382e-05
    outer loop
      vertex 26.6438 19.4911 6.71744
      vertex 34.561 23.0099 0
      vertex 26.4844 19.4203 6.15679
    endloop
  endfacet
  facet normal -0.406114 0.913822 3.86357e-05
    outer loop
      vertex 26.4844 19.4203 6.15679
      vertex 34.561 23.0099 0
      vertex 26.1682 19.2798 5.60942
    endloop
  endfacet
  facet normal -0.406139 0.913811 2.70447e-06
    outer loop
      vertex 14.0208 13.8809 2.64138
      vertex 34.561 23.0099 0
      vertex -60.5 -19.2395 0
    endloop
  endfacet
  facet normal -0.406139 0.913811 1.01403e-05
    outer loop
      vertex 17.8078 15.564 2.53548
      vertex 34.561 23.0099 0
      vertex 16.5388 15 2.5
    endloop
  endfacet
  facet normal -0.406135 0.913813 4.2127e-05
    outer loop
      vertex 19.0568 16.1191 2.64138
      vertex 34.561 23.0099 0
      vertex 17.8078 15.564 2.53548
    endloop
  endfacet
  facet normal -0.406151 0.913806 -7.16989e-05
    outer loop
      vertex 20.2661 16.6566 2.81601
      vertex 34.561 23.0099 0
      vertex 19.0568 16.1191 2.64138
    endloop
  endfacet
  facet normal -0.406142 0.91381 -1.99822e-05
    outer loop
      vertex 21.4165 17.1679 3.05662
      vertex 34.561 23.0099 0
      vertex 20.2661 16.6566 2.81601
    endloop
  endfacet
  facet normal -0.406121 0.913819 9.18948e-05
    outer loop
      vertex 22.4901 17.645 3.35942
      vertex 34.561 23.0099 0
      vertex 21.4165 17.1679 3.05662
    endloop
  endfacet
  facet normal -0.406167 0.913799 -0.000105791
    outer loop
      vertex 23.4698 18.0805 3.71964
      vertex 34.561 23.0099 0
      vertex 22.4901 17.645 3.35942
    endloop
  endfacet
  facet normal -0.406121 0.913819 5.54384e-05
    outer loop
      vertex 24.3402 18.4673 4.13159
      vertex 34.561 23.0099 0
      vertex 23.4698 18.0805 3.71964
    endloop
  endfacet
  facet normal -0.406148 0.913807 -2.4788e-05
    outer loop
      vertex 25.0876 18.7995 4.58878
      vertex 34.561 23.0099 0
      vertex 24.3402 18.4673 4.13159
    endloop
  endfacet
  facet normal -0.406107 0.913825 7.69267e-05
    outer loop
      vertex 25.7002 19.0717 5.08399
      vertex 34.561 23.0099 0
      vertex 25.0876 18.7995 4.58878
    endloop
  endfacet
  facet normal -0.406197 0.913785 -0.000111041
    outer loop
      vertex 26.1682 19.2798 5.60942
      vertex 34.561 23.0099 0
      vertex 25.7002 19.0717 5.08399
    endloop
  endfacet
  facet normal -0.406117 0.913821 -0.000208132
    outer loop
      vertex 14.0208 13.8809 11.3586
      vertex 34.561 23.0099 14
      vertex 15.2698 14.436 11.4645
    endloop
  endfacet
  facet normal -0.406177 0.913795 -0.000130326
    outer loop
      vertex -53.064 -15.9346 11.4645
      vertex -60.5 -19.2395 14
      vertex -52.5 -15.6839 11.5
    endloop
  endfacet
  facet normal -0.406129 0.913816 3.6966e-05
    outer loop
      vertex -53.6191 -16.1813 11.3586
      vertex -60.5 -19.2395 14
      vertex -53.064 -15.9346 11.4645
    endloop
  endfacet
  facet normal -0.406148 0.913807 -2.249e-05
    outer loop
      vertex -54.1566 -16.4202 11.184
      vertex -60.5 -19.2395 14
      vertex -53.6191 -16.1813 11.3586
    endloop
  endfacet
  facet normal -0.406107 0.913826 8.86115e-05
    outer loop
      vertex -54.6679 -16.6474 10.9434
      vertex -60.5 -19.2395 14
      vertex -54.1566 -16.4202 11.184
    endloop
  endfacet
  facet normal -0.406183 0.913792 -8.43148e-05
    outer loop
      vertex -55.145 -16.8595 10.6406
      vertex -60.5 -19.2395 14
      vertex -54.6679 -16.6474 10.9434
    endloop
  endfacet
  facet normal -0.406096 0.91383 8.01513e-05
    outer loop
      vertex -55.5805 -17.053 10.2804
      vertex -60.5 -19.2395 14
      vertex -55.145 -16.8595 10.6406
    endloop
  endfacet
  facet normal -0.406134 0.913813 2.00797e-05
    outer loop
      vertex -55.9673 -17.2249 9.86841
      vertex -60.5 -19.2395 14
      vertex -55.5805 -17.053 10.2804
    endloop
  endfacet
  facet normal -0.406196 0.913786 -6.09231e-05
    outer loop
      vertex -56.2995 -17.3726 9.41122
      vertex -60.5 -19.2395 14
      vertex -55.9673 -17.2249 9.86841
    endloop
  endfacet
  facet normal -0.406163 0.913801 -2.47911e-05
    outer loop
      vertex -56.5717 -17.4936 8.91601
      vertex -60.5 -19.2395 14
      vertex -56.2995 -17.3726 9.41122
    endloop
  endfacet
  facet normal -0.406027 0.913861 0.000101534
    outer loop
      vertex -56.7798 -17.586 8.39058
      vertex -60.5 -19.2395 14
      vertex -56.5717 -17.4936 8.91601
    endloop
  endfacet
  facet normal -0.406234 0.913769 -6.33293e-05
    outer loop
      vertex -56.9203 -17.6485 7.84321
      vertex -60.5 -19.2395 14
      vertex -56.7798 -17.586 8.39058
    endloop
  endfacet
  facet normal -0.406206 0.913781 -4.40458e-05
    outer loop
      vertex -56.9911 -17.68 7.28256
      vertex -60.5 -19.2395 14
      vertex -56.9203 -17.6485 7.84321
    endloop
  endfacet
  facet normal -0.406136 0.913813 0
    outer loop
      vertex -56.9911 -17.68 6.71744
      vertex -60.5 -19.2395 14
      vertex -56.9911 -17.68 7.28256
    endloop
  endfacet
  facet normal -0.406206 0.913781 4.40458e-05
    outer loop
      vertex -60.5 -19.2395 0
      vertex -56.9911 -17.68 6.71744
      vertex -56.9203 -17.6485 6.15679
    endloop
  endfacet
  facet normal -0.406234 0.913769 6.33293e-05
    outer loop
      vertex -60.5 -19.2395 0
      vertex -56.9203 -17.6485 6.15679
      vertex -56.7798 -17.586 5.60942
    endloop
  endfacet
  facet normal -0.406027 0.913861 -0.000101534
    outer loop
      vertex -60.5 -19.2395 0
      vertex -56.7798 -17.586 5.60942
      vertex -56.5717 -17.4936 5.08399
    endloop
  endfacet
  facet normal -0.406136 0.913813 0
    outer loop
      vertex -56.9911 -17.68 6.71744
      vertex -60.5 -19.2395 0
      vertex -60.5 -19.2395 14
    endloop
  endfacet
  facet normal -0.406163 0.913801 2.47911e-05
    outer loop
      vertex -56.2995 -17.3726 4.58878
      vertex -60.5 -19.2395 0
      vertex -56.5717 -17.4936 5.08399
    endloop
  endfacet
  facet normal -0.406196 0.913786 6.09231e-05
    outer loop
      vertex -55.9673 -17.2249 4.13159
      vertex -60.5 -19.2395 0
      vertex -56.2995 -17.3726 4.58878
    endloop
  endfacet
  facet normal -0.406134 0.913813 -2.00808e-05
    outer loop
      vertex -55.5805 -17.053 3.71964
      vertex -60.5 -19.2395 0
      vertex -55.9673 -17.2249 4.13159
    endloop
  endfacet
  facet normal -0.406096 0.91383 -8.01486e-05
    outer loop
      vertex -55.145 -16.8595 3.35942
      vertex -60.5 -19.2395 0
      vertex -55.5805 -17.053 3.71964
    endloop
  endfacet
  facet normal -0.406183 0.913792 8.43145e-05
    outer loop
      vertex -54.6679 -16.6474 3.05662
      vertex -60.5 -19.2395 0
      vertex -55.145 -16.8595 3.35942
    endloop
  endfacet
  facet normal -0.406107 0.913826 -8.86094e-05
    outer loop
      vertex -54.1566 -16.4202 2.81601
      vertex -60.5 -19.2395 0
      vertex -54.6679 -16.6474 3.05662
    endloop
  endfacet
  facet normal -0.406148 0.913807 2.24883e-05
    outer loop
      vertex -53.6191 -16.1813 2.64138
      vertex -60.5 -19.2395 0
      vertex -54.1566 -16.4202 2.81601
    endloop
  endfacet
  facet normal -0.406129 0.913816 -3.69662e-05
    outer loop
      vertex -53.064 -15.9346 2.53548
      vertex -60.5 -19.2395 0
      vertex -53.6191 -16.1813 2.64138
    endloop
  endfacet
  facet normal -0.406177 0.913795 0.000130339
    outer loop
      vertex -52.5 -15.6839 2.5
      vertex -60.5 -19.2395 0
      vertex -53.064 -15.9346 2.53548
    endloop
  endfacet
  facet normal -0.406194 0.913787 0.000196039
    outer loop
      vertex -51.936 -15.4332 2.53548
      vertex -60.5 -19.2395 0
      vertex -52.5 -15.6839 2.5
    endloop
  endfacet
  facet normal 0.45075 0.568943 0.687843
    outer loop
      vertex -60.5 -33.0805 3.71964
      vertex -60.5 -32.645 3.35942
      vertex -64.7 -31.6258 5.2687
    endloop
  endfacet
  facet normal 0.450748 -0.0560439 0.89089
    outer loop
      vertex -60.5 -30 2.5
      vertex -60.5 -29.436 2.53548
      vertex -64.7 -30 4.625
    endloop
  endfacet
  facet normal 0.450749 -0.0560509 0.890889
    outer loop
      vertex -60.5 -29.436 2.53548
      vertex -64.7 -29.7023 4.64373
      vertex -64.7 -30 4.625
    endloop
  endfacet
  facet normal 0.450749 0.0560509 0.890889
    outer loop
      vertex -60.5 -30.564 2.53548
      vertex -64.7 -30 4.625
      vertex -64.7 -30.2977 4.64373
    endloop
  endfacet
  facet normal 0.450743 0.167314 -0.876833
    outer loop
      vertex -64.7 -30.2977 9.35627
      vertex -60.5 -30.564 11.4645
      vertex -64.7 -30.5906 9.30038
    endloop
  endfacet
  facet normal 0.450756 -0.864619 -0.221932
    outer loop
      vertex -60.5 -25.5797 7.84321
      vertex -60.5 -25.7202 8.39058
      vertex -64.7 -27.6671 7.44503
    endloop
  endfacet
  facet normal 0.450745 0.885607 0.111935
    outer loop
      vertex -60.5 -34.4911 6.71744
      vertex -64.7 -32.3329 6.55497
      vertex -64.7 -32.3703 6.85087
    endloop
  endfacet
  facet normal 0.450749 0.16728 0.876837
    outer loop
      vertex -60.5 -31.1191 2.64138
      vertex -60.5 -30.564 2.53548
      vertex -64.7 -30.5906 4.69962
    endloop
  endfacet
  facet normal 0.450746 0.380086 0.80769
    outer loop
      vertex -60.5 -32.1679 3.05662
      vertex -60.5 -31.6566 2.81601
      vertex -64.7 -31.1442 4.91877
    endloop
  endfacet
  facet normal 0.450742 0.650674 -0.61111
    outer loop
      vertex -64.7 -31.6258 8.7313
      vertex -60.5 -33.4673 9.86841
      vertex -64.7 -31.83 8.51388
    endloop
  endfacet
  facet normal 0.450745 -0.885607 -0.111935
    outer loop
      vertex -64.7 -27.6297 7.14913
      vertex -60.5 -25.5089 7.28256
      vertex -64.7 -27.6671 7.44503
    endloop
  endfacet
  facet normal 0.450745 -0.569021 -0.687782
    outer loop
      vertex -64.7 -28.3742 8.7313
      vertex -60.5 -27.355 10.6406
      vertex -64.7 -28.604 8.92142
    endloop
  endfacet
  facet normal 0.45075 0.275824 0.848967
    outer loop
      vertex -60.5 -31.6566 2.81601
      vertex -60.5 -31.1191 2.64138
      vertex -64.7 -30.5906 4.69962
    endloop
  endfacet
  facet normal 0.450748 0.0560439 0.89089
    outer loop
      vertex -60.5 -30.564 2.53548
      vertex -60.5 -30 2.5
      vertex -64.7 -30 4.625
    endloop
  endfacet
  facet normal 0.450747 0.275791 0.848979
    outer loop
      vertex -60.5 -31.6566 2.81601
      vertex -64.7 -30.5906 4.69962
      vertex -64.7 -30.8743 4.79178
    endloop
  endfacet
  facet normal 0.450744 0.478335 0.753675
    outer loop
      vertex -60.5 -32.1679 3.05662
      vertex -64.7 -31.1442 4.91877
      vertex -64.7 -31.396 5.07858
    endloop
  endfacet
  facet normal 0.450751 0.380034 0.807711
    outer loop
      vertex -60.5 -31.6566 2.81601
      vertex -64.7 -30.8743 4.79178
      vertex -64.7 -31.1442 4.91877
    endloop
  endfacet
  facet normal 0.450749 0.782215 0.430075
    outer loop
      vertex -60.5 -33.7995 4.58878
      vertex -64.7 -32.0053 5.72741
      vertex -64.7 -32.149 5.98877
    endloop
  endfacet
  facet normal 0.450741 0.782269 0.429986
    outer loop
      vertex -60.5 -34.0717 5.08399
      vertex -60.5 -33.7995 4.58878
      vertex -64.7 -32.149 5.98877
    endloop
  endfacet
  facet normal 0.450741 -0.782269 0.429986
    outer loop
      vertex -60.5 -26.2005 4.58878
      vertex -60.5 -25.9283 5.08399
      vertex -64.7 -27.851 5.98877
    endloop
  endfacet
  facet normal 0.450748 -0.275781 -0.848982
    outer loop
      vertex -60.5 -28.3434 11.184
      vertex -60.5 -28.8809 11.3586
      vertex -64.7 -29.4094 9.30038
    endloop
  endfacet
  facet normal 0.450749 -0.782215 -0.430075
    outer loop
      vertex -64.7 -27.851 8.01123
      vertex -60.5 -26.2005 9.41122
      vertex -64.7 -27.9947 8.27259
    endloop
  endfacet
  facet normal 0.450747 0.167313 0.876832
    outer loop
      vertex -60.5 -30.564 2.53548
      vertex -64.7 -30.2977 4.64373
      vertex -64.7 -30.5906 4.69962
    endloop
  endfacet
  facet normal 0.450745 0.478333 0.753675
    outer loop
      vertex -60.5 -32.645 3.35942
      vertex -60.5 -32.1679 3.05662
      vertex -64.7 -31.396 5.07858
    endloop
  endfacet
  facet normal 0.450742 0.569022 0.687783
    outer loop
      vertex -60.5 -32.645 3.35942
      vertex -64.7 -31.396 5.07858
      vertex -64.7 -31.6258 5.2687
    endloop
  endfacet
  facet normal 0.450741 0.829933 0.3287
    outer loop
      vertex -60.5 -34.2798 5.60942
      vertex -60.5 -34.0717 5.08399
      vertex -64.7 -32.149 5.98877
    endloop
  endfacet
  facet normal 0.450742 0.650674 0.61111
    outer loop
      vertex -60.5 -33.4673 4.13159
      vertex -64.7 -31.6258 5.2687
      vertex -64.7 -31.83 5.48612
    endloop
  endfacet
  facet normal 0.450743 0.864663 0.221785
    outer loop
      vertex -60.5 -34.2798 5.60942
      vertex -64.7 -32.2588 6.26608
      vertex -64.7 -32.3329 6.55497
    endloop
  endfacet
  facet normal 0.450748 0.275781 -0.848982
    outer loop
      vertex -60.5 -31.1191 11.3586
      vertex -60.5 -31.6566 11.184
      vertex -64.7 -30.5906 9.30038
    endloop
  endfacet
  facet normal 0.450746 0.16728 -0.876838
    outer loop
      vertex -60.5 -30.564 11.4645
      vertex -60.5 -31.1191 11.3586
      vertex -64.7 -30.5906 9.30038
    endloop
  endfacet
  facet normal 0.450748 0.829961 -0.32862
    outer loop
      vertex -64.7 -32.149 8.01123
      vertex -60.5 -34.2798 8.39058
      vertex -64.7 -32.2588 7.73392
    endloop
  endfacet
  facet normal 0.450756 0.864619 -0.221932
    outer loop
      vertex -60.5 -34.2798 8.39058
      vertex -60.5 -34.4203 7.84321
      vertex -64.7 -32.3329 7.44503
    endloop
  endfacet
  facet normal 0.450743 0.864663 -0.221785
    outer loop
      vertex -64.7 -32.2588 7.73392
      vertex -60.5 -34.2798 8.39058
      vertex -64.7 -32.3329 7.44503
    endloop
  endfacet
  facet normal 0.450749 0.72218 -0.524672
    outer loop
      vertex -64.7 -31.83 8.51388
      vertex -60.5 -33.7995 9.41122
      vertex -64.7 -32.0053 8.27259
    endloop
  endfacet
  facet normal 0.450744 0.722148 -0.524722
    outer loop
      vertex -60.5 -33.4673 9.86841
      vertex -60.5 -33.7995 9.41122
      vertex -64.7 -31.83 8.51388
    endloop
  endfacet
  facet normal 0.450747 0.478334 -0.753673
    outer loop
      vertex -64.7 -31.1442 9.08123
      vertex -60.5 -32.1679 10.9434
      vertex -64.7 -31.396 8.92142
    endloop
  endfacet
  facet normal 0.450755 0.650779 -0.610989
    outer loop
      vertex -60.5 -33.0805 10.2804
      vertex -60.5 -33.4673 9.86841
      vertex -64.7 -31.6258 8.7313
    endloop
  endfacet
  facet normal 0.450751 -0.65075 0.611021
    outer loop
      vertex -60.5 -26.9195 3.71964
      vertex -60.5 -26.5327 4.13159
      vertex -64.7 -28.3742 5.2687
    endloop
  endfacet
  facet normal 0.450749 -0.72218 0.524672
    outer loop
      vertex -60.5 -26.2005 4.58878
      vertex -64.7 -27.9947 5.72741
      vertex -64.7 -28.17 5.48612
    endloop
  endfacet
  facet normal 0.450753 -0.885615 0.111837
    outer loop
      vertex -60.5 -25.5797 6.15679
      vertex -60.5 -25.5089 6.71744
      vertex -64.7 -27.6671 6.55497
    endloop
  endfacet
  facet normal 0.450753 -0.885615 -0.111837
    outer loop
      vertex -60.5 -25.5089 7.28256
      vertex -60.5 -25.5797 7.84321
      vertex -64.7 -27.6671 7.44503
    endloop
  endfacet
  facet normal 0.450746 -0.16728 -0.876838
    outer loop
      vertex -60.5 -28.8809 11.3586
      vertex -60.5 -29.436 11.4645
      vertex -64.7 -29.4094 9.30038
    endloop
  endfacet
  facet normal 0.450747 -0.478334 -0.753673
    outer loop
      vertex -64.7 -28.604 8.92142
      vertex -60.5 -27.8321 10.9434
      vertex -64.7 -28.8558 9.08123
    endloop
  endfacet
  facet normal 0.450747 -0.478333 -0.753674
    outer loop
      vertex -60.5 -27.355 10.6406
      vertex -60.5 -27.8321 10.9434
      vertex -64.7 -28.604 8.92142
    endloop
  endfacet
  facet normal 0.450755 -0.568923 -0.687857
    outer loop
      vertex -60.5 -26.9195 10.2804
      vertex -60.5 -27.355 10.6406
      vertex -64.7 -28.3742 8.7313
    endloop
  endfacet
  facet normal 0.450756 0.864619 0.221932
    outer loop
      vertex -60.5 -34.4203 6.15679
      vertex -60.5 -34.2798 5.60942
      vertex -64.7 -32.3329 6.55497
    endloop
  endfacet
  facet normal 0.450753 0.885615 0.111837
    outer loop
      vertex -60.5 -34.4911 6.71744
      vertex -60.5 -34.4203 6.15679
      vertex -64.7 -32.3329 6.55497
    endloop
  endfacet
  facet normal 0.450744 0.722148 0.524722
    outer loop
      vertex -60.5 -33.7995 4.58878
      vertex -60.5 -33.4673 4.13159
      vertex -64.7 -31.83 5.48612
    endloop
  endfacet
  facet normal 0.450751 0.65075 0.611021
    outer loop
      vertex -60.5 -33.4673 4.13159
      vertex -60.5 -33.0805 3.71964
      vertex -64.7 -31.6258 5.2687
    endloop
  endfacet
  facet normal 0.450741 0.829933 -0.3287
    outer loop
      vertex -60.5 -34.0717 8.91601
      vertex -60.5 -34.2798 8.39058
      vertex -64.7 -32.149 8.01123
    endloop
  endfacet
  facet normal 0.450753 0.885615 -0.111837
    outer loop
      vertex -60.5 -34.4203 7.84321
      vertex -60.5 -34.4911 7.28256
      vertex -64.7 -32.3329 7.44503
    endloop
  endfacet
  facet normal 0.450755 0.568923 -0.687857
    outer loop
      vertex -60.5 -32.645 10.6406
      vertex -60.5 -33.0805 10.2804
      vertex -64.7 -31.6258 8.7313
    endloop
  endfacet
  facet normal 0.450745 -0.478333 0.753675
    outer loop
      vertex -60.5 -27.8321 3.05662
      vertex -60.5 -27.355 3.35942
      vertex -64.7 -28.604 5.07858
    endloop
  endfacet
  facet normal 0.45075 -0.568943 0.687843
    outer loop
      vertex -60.5 -27.355 3.35942
      vertex -60.5 -26.9195 3.71964
      vertex -64.7 -28.3742 5.2687
    endloop
  endfacet
  facet normal 0.450756 -0.864619 0.221932
    outer loop
      vertex -60.5 -25.7202 5.60942
      vertex -60.5 -25.5797 6.15679
      vertex -64.7 -27.6671 6.55497
    endloop
  endfacet
  facet normal 0.450749 -0.782215 0.430075
    outer loop
      vertex -60.5 -26.2005 4.58878
      vertex -64.7 -27.851 5.98877
      vertex -64.7 -27.9947 5.72741
    endloop
  endfacet
  facet normal 0.450744 -0.722148 -0.524722
    outer loop
      vertex -60.5 -26.2005 9.41122
      vertex -60.5 -26.5327 9.86841
      vertex -64.7 -28.17 8.51388
    endloop
  endfacet
  facet normal 0.450742 -0.650674 -0.61111
    outer loop
      vertex -64.7 -28.17 8.51388
      vertex -60.5 -26.5327 9.86841
      vertex -64.7 -28.3742 8.7313
    endloop
  endfacet
  facet normal 0.450741 -0.829933 -0.3287
    outer loop
      vertex -60.5 -25.7202 8.39058
      vertex -60.5 -25.9283 8.91601
      vertex -64.7 -27.851 8.01123
    endloop
  endfacet
  facet normal 0.450741 -0.782269 -0.429986
    outer loop
      vertex -60.5 -25.9283 8.91601
      vertex -60.5 -26.2005 9.41122
      vertex -64.7 -27.851 8.01123
    endloop
  endfacet
  facet normal 0.450748 -0.829961 -0.32862
    outer loop
      vertex -64.7 -27.7412 7.73392
      vertex -60.5 -25.7202 8.39058
      vertex -64.7 -27.851 8.01123
    endloop
  endfacet
  facet normal 0.450743 -0.864663 -0.221785
    outer loop
      vertex -64.7 -27.6671 7.44503
      vertex -60.5 -25.7202 8.39058
      vertex -64.7 -27.7412 7.73392
    endloop
  endfacet
  facet normal 0.450749 -0.380073 -0.807694
    outer loop
      vertex -60.5 -27.8321 10.9434
      vertex -60.5 -28.3434 11.184
      vertex -64.7 -28.8558 9.08123
    endloop
  endfacet
  facet normal 0.450747 -0.0560754 -0.890889
    outer loop
      vertex -60.5 -29.436 11.4645
      vertex -60.5 -30 11.5
      vertex -64.7 -30 9.375
    endloop
  endfacet
  facet normal 0.450745 -0.056051 -0.890891
    outer loop
      vertex -64.7 -29.7023 9.35627
      vertex -60.5 -29.436 11.4645
      vertex -64.7 -30 9.375
    endloop
  endfacet
  facet normal 0.450748 0.829961 0.32862
    outer loop
      vertex -60.5 -34.2798 5.60942
      vertex -64.7 -32.149 5.98877
      vertex -64.7 -32.2588 6.26608
    endloop
  endfacet
  facet normal 0.450749 0.72218 0.524672
    outer loop
      vertex -60.5 -33.7995 4.58878
      vertex -64.7 -31.83 5.48612
      vertex -64.7 -32.0053 5.72741
    endloop
  endfacet
  facet normal 0.450749 0.380073 -0.807694
    outer loop
      vertex -60.5 -31.6566 11.184
      vertex -60.5 -32.1679 10.9434
      vertex -64.7 -31.1442 9.08123
    endloop
  endfacet
  facet normal 0.450741 0.782269 -0.429986
    outer loop
      vertex -60.5 -33.7995 9.41122
      vertex -60.5 -34.0717 8.91601
      vertex -64.7 -32.149 8.01123
    endloop
  endfacet
  facet normal 0.450749 0.782215 -0.430075
    outer loop
      vertex -64.7 -32.0053 8.27259
      vertex -60.5 -33.7995 9.41122
      vertex -64.7 -32.149 8.01123
    endloop
  endfacet
  facet normal 0.450747 0.892652 0
    outer loop
      vertex -60.5 -34.4911 7.28256
      vertex -64.7 -32.3703 6.85087
      vertex -64.7 -32.3703 7.14913
    endloop
  endfacet
  facet normal 0.450747 0.892652 0
    outer loop
      vertex -64.7 -32.3703 6.85087
      vertex -60.5 -34.4911 7.28256
      vertex -60.5 -34.4911 6.71744
    endloop
  endfacet
  facet normal 0.450745 0.569021 -0.687782
    outer loop
      vertex -64.7 -31.396 8.92142
      vertex -60.5 -32.645 10.6406
      vertex -64.7 -31.6258 8.7313
    endloop
  endfacet
  facet normal 0.450747 0.478333 -0.753674
    outer loop
      vertex -60.5 -32.1679 10.9434
      vertex -60.5 -32.645 10.6406
      vertex -64.7 -31.396 8.92142
    endloop
  endfacet
  facet normal 0.450742 -0.650674 0.61111
    outer loop
      vertex -60.5 -26.5327 4.13159
      vertex -64.7 -28.17 5.48612
      vertex -64.7 -28.3742 5.2687
    endloop
  endfacet
  facet normal 0.450744 -0.722148 0.524722
    outer loop
      vertex -60.5 -26.5327 4.13159
      vertex -60.5 -26.2005 4.58878
      vertex -64.7 -28.17 5.48612
    endloop
  endfacet
  facet normal 0.450745 -0.885607 0.111935
    outer loop
      vertex -60.5 -25.5089 6.71744
      vertex -64.7 -27.6297 6.85087
      vertex -64.7 -27.6671 6.55497
    endloop
  endfacet
  facet normal 0.450741 -0.829933 0.3287
    outer loop
      vertex -60.5 -25.9283 5.08399
      vertex -60.5 -25.7202 5.60942
      vertex -64.7 -27.851 5.98877
    endloop
  endfacet
  facet normal 0.450743 -0.864663 0.221785
    outer loop
      vertex -60.5 -25.7202 5.60942
      vertex -64.7 -27.6671 6.55497
      vertex -64.7 -27.7412 6.26608
    endloop
  endfacet
  facet normal 0.450748 -0.829961 0.32862
    outer loop
      vertex -60.5 -25.7202 5.60942
      vertex -64.7 -27.7412 6.26608
      vertex -64.7 -27.851 5.98877
    endloop
  endfacet
  facet normal 0.450749 -0.72218 -0.524672
    outer loop
      vertex -64.7 -27.9947 8.27259
      vertex -60.5 -26.2005 9.41122
      vertex -64.7 -28.17 8.51388
    endloop
  endfacet
  facet normal 0.450755 -0.650779 -0.610989
    outer loop
      vertex -60.5 -26.5327 9.86841
      vertex -60.5 -26.9195 10.2804
      vertex -64.7 -28.3742 8.7313
    endloop
  endfacet
  facet normal 0.450749 -0.275791 -0.848979
    outer loop
      vertex -64.7 -29.1257 9.20822
      vertex -60.5 -28.3434 11.184
      vertex -64.7 -29.4094 9.30038
    endloop
  endfacet
  facet normal 0.450752 -0.380034 -0.807711
    outer loop
      vertex -64.7 -28.8558 9.08123
      vertex -60.5 -28.3434 11.184
      vertex -64.7 -29.1257 9.20822
    endloop
  endfacet
  facet normal 0.450747 0.0560754 -0.890889
    outer loop
      vertex -60.5 -30 11.5
      vertex -60.5 -30.564 11.4645
      vertex -64.7 -30 9.375
    endloop
  endfacet
  facet normal 0.450752 0.380034 -0.807711
    outer loop
      vertex -64.7 -30.8743 9.20822
      vertex -60.5 -31.6566 11.184
      vertex -64.7 -31.1442 9.08123
    endloop
  endfacet
  facet normal 0.450749 0.275791 -0.848979
    outer loop
      vertex -64.7 -30.5906 9.30038
      vertex -60.5 -31.6566 11.184
      vertex -64.7 -30.8743 9.20822
    endloop
  endfacet
  facet normal 0.450745 0.885607 -0.111935
    outer loop
      vertex -64.7 -32.3329 7.44503
      vertex -60.5 -34.4911 7.28256
      vertex -64.7 -32.3703 7.14913
    endloop
  endfacet
  facet normal 0.450742 -0.569022 0.687783
    outer loop
      vertex -60.5 -27.355 3.35942
      vertex -64.7 -28.3742 5.2687
      vertex -64.7 -28.604 5.07858
    endloop
  endfacet
  facet normal 0.450749 -0.16728 0.876837
    outer loop
      vertex -60.5 -29.436 2.53548
      vertex -60.5 -28.8809 2.64138
      vertex -64.7 -29.4094 4.69962
    endloop
  endfacet
  facet normal 0.450747 -0.167313 0.876832
    outer loop
      vertex -60.5 -29.436 2.53548
      vertex -64.7 -29.4094 4.69962
      vertex -64.7 -29.7023 4.64373
    endloop
  endfacet
  facet normal 0.450746 -0.380086 0.80769
    outer loop
      vertex -60.5 -28.3434 2.81601
      vertex -60.5 -27.8321 3.05662
      vertex -64.7 -28.8558 4.91877
    endloop
  endfacet
  facet normal 0.450744 -0.478335 0.753675
    outer loop
      vertex -60.5 -27.8321 3.05662
      vertex -64.7 -28.604 5.07858
      vertex -64.7 -28.8558 4.91877
    endloop
  endfacet
  facet normal 0.450747 -0.892652 0
    outer loop
      vertex -64.7 -27.6297 6.85087
      vertex -60.5 -25.5089 7.28256
      vertex -64.7 -27.6297 7.14913
    endloop
  endfacet
  facet normal 0.450747 -0.892652 0
    outer loop
      vertex -60.5 -25.5089 7.28256
      vertex -64.7 -27.6297 6.85087
      vertex -60.5 -25.5089 6.71744
    endloop
  endfacet
  facet normal 0.450745 0.056051 -0.890891
    outer loop
      vertex -64.7 -30 9.375
      vertex -60.5 -30.564 11.4645
      vertex -64.7 -30.2977 9.35627
    endloop
  endfacet
  facet normal 0.450751 -0.380034 0.807711
    outer loop
      vertex -60.5 -28.3434 2.81601
      vertex -64.7 -28.8558 4.91877
      vertex -64.7 -29.1257 4.79178
    endloop
  endfacet
  facet normal 0.450747 -0.275791 0.848979
    outer loop
      vertex -60.5 -28.3434 2.81601
      vertex -64.7 -29.1257 4.79178
      vertex -64.7 -29.4094 4.69962
    endloop
  endfacet
  facet normal 0.45075 -0.275824 0.848967
    outer loop
      vertex -60.5 -28.8809 2.64138
      vertex -60.5 -28.3434 2.81601
      vertex -64.7 -29.4094 4.69962
    endloop
  endfacet
  facet normal 0.450743 -0.167314 -0.876833
    outer loop
      vertex -64.7 -29.4094 9.30038
      vertex -60.5 -29.436 11.4645
      vertex -64.7 -29.7023 9.35627
    endloop
  endfacet
  facet normal 0 -0.0627837 0.998027
    outer loop
      vertex -60.5 -30 2.5
      vertex -53.064 -29.436 2.53548
      vertex -60.5 -29.436 2.53548
    endloop
  endfacet
  facet normal 0 -0.0627837 0.998027
    outer loop
      vertex -53.064 -29.436 2.53548
      vertex -60.5 -30 2.5
      vertex -52.5 -30 2.5
    endloop
  endfacet
  facet normal 0 -0.0627837 0.998027
    outer loop
      vertex -51.936 -29.436 2.53548
      vertex -50.2888 -30 2.5
      vertex -49.0198 -29.436 2.53548
    endloop
  endfacet
  facet normal 0 -0.0627837 0.998027
    outer loop
      vertex -50.2888 -30 2.5
      vertex -51.936 -29.436 2.53548
      vertex -52.5 -30 2.5
    endloop
  endfacet
  facet normal 0 -0.0628189 -0.998025
    outer loop
      vertex -60.5 -30 11.5
      vertex -53.064 -29.436 11.4645
      vertex -52.5 -30 11.5
    endloop
  endfacet
  facet normal -0 -0.0628189 -0.998025
    outer loop
      vertex -53.064 -29.436 11.4645
      vertex -60.5 -30 11.5
      vertex -60.5 -29.436 11.4645
    endloop
  endfacet
  facet normal 0 -0.0628189 -0.998025
    outer loop
      vertex -50.2888 -30 11.5
      vertex -51.936 -29.436 11.4645
      vertex -49.0198 -29.436 11.4645
    endloop
  endfacet
  facet normal 0 -0.0628189 -0.998025
    outer loop
      vertex -51.936 -29.436 11.4645
      vertex -50.2888 -30 11.5
      vertex -52.5 -30 11.5
    endloop
  endfacet
  facet normal 0 -1 0
    outer loop
      vertex -60.5 -25.5089 6.71744
      vertex -56.9911 -25.5089 7.28256
      vertex -60.5 -25.5089 7.28256
    endloop
  endfacet
  facet normal 0 -1 -0
    outer loop
      vertex -56.9911 -25.5089 7.28256
      vertex -60.5 -25.5089 6.71744
      vertex -56.9911 -25.5089 6.71744
    endloop
  endfacet
  facet normal 0 -1 0
    outer loop
      vertex -48.0089 -25.5089 6.71744
      vertex -40.1838 -25.5089 7.28256
      vertex -48.0089 -25.5089 7.28256
    endloop
  endfacet
  facet normal 0 -1 -0
    outer loop
      vertex -40.1838 -25.5089 7.28256
      vertex -48.0089 -25.5089 6.71744
      vertex -40.1838 -25.5089 6.71744
    endloop
  endfacet
  facet normal 0 1 -0
    outer loop
      vertex -60.3938 -34.4911 6.71744
      vertex -60.5 -34.4911 7.28256
      vertex -60.3938 -34.4911 7.28256
    endloop
  endfacet
  facet normal 0 1 0
    outer loop
      vertex -60.5 -34.4911 7.28256
      vertex -60.3938 -34.4911 6.71744
      vertex -60.5 -34.4911 6.71744
    endloop
  endfacet
  facet normal -0 0.637364 0.770563
    outer loop
      vertex -60.5 -32.645 3.35942
      vertex -57.2198 -33.0805 3.71964
      vertex -56.2401 -32.645 3.35942
    endloop
  endfacet
  facet normal 0 0.637364 0.770563
    outer loop
      vertex -57.2198 -33.0805 3.71964
      vertex -60.5 -32.645 3.35942
      vertex -60.5 -33.0805 3.71964
    endloop
  endfacet
  facet normal 0 -0.72901 0.684503
    outer loop
      vertex -60.5 -26.9195 3.71964
      vertex -55.9673 -26.5327 4.13159
      vertex -60.5 -26.5327 4.13159
    endloop
  endfacet
  facet normal 0 -0.72901 0.684503
    outer loop
      vertex -55.9673 -26.5327 4.13159
      vertex -60.5 -26.9195 3.71964
      vertex -55.5805 -26.9195 3.71964
    endloop
  endfacet
  facet normal 0 -0.72901 0.684503
    outer loop
      vertex -43.3578 -26.9195 3.71964
      vertex -49.0327 -26.5327 4.13159
      vertex -49.4195 -26.9195 3.71964
    endloop
  endfacet
  facet normal 0 -0.72901 0.684503
    outer loop
      vertex -49.0327 -26.5327 4.13159
      vertex -43.3578 -26.9195 3.71964
      vertex -42.4873 -26.5327 4.13159
    endloop
  endfacet
  facet normal -0 -0.729043 -0.684468
    outer loop
      vertex -55.9673 -26.5327 9.86841
      vertex -60.5 -26.9195 10.2804
      vertex -60.5 -26.5327 9.86841
    endloop
  endfacet
  facet normal 0 -0.729043 -0.684468
    outer loop
      vertex -60.5 -26.9195 10.2804
      vertex -55.9673 -26.5327 9.86841
      vertex -55.5805 -26.9195 10.2804
    endloop
  endfacet
  facet normal 0 -0.729043 -0.684468
    outer loop
      vertex -49.0327 -26.5327 9.86841
      vertex -43.3578 -26.9195 10.2804
      vertex -49.4195 -26.9195 10.2804
    endloop
  endfacet
  facet normal 0 -0.729043 -0.684468
    outer loop
      vertex -43.3578 -26.9195 10.2804
      vertex -49.0327 -26.5327 9.86841
      vertex -42.4873 -26.5327 9.86841
    endloop
  endfacet
  facet normal -0 -0.929736 -0.368228
    outer loop
      vertex -56.7798 -25.7202 8.39058
      vertex -60.5 -25.9283 8.91601
      vertex -60.5 -25.7202 8.39058
    endloop
  endfacet
  facet normal 0 -0.929736 -0.368228
    outer loop
      vertex -60.5 -25.9283 8.91601
      vertex -56.7798 -25.7202 8.39058
      vertex -56.5717 -25.9283 8.91601
    endloop
  endfacet
  facet normal 0 -0.929736 -0.368228
    outer loop
      vertex -48.2202 -25.7202 8.39058
      vertex -41.1274 -25.9283 8.91601
      vertex -48.4283 -25.9283 8.91601
    endloop
  endfacet
  facet normal 0 -0.929736 -0.368228
    outer loop
      vertex -41.1274 -25.9283 8.91601
      vertex -48.2202 -25.7202 8.39058
      vertex -40.6593 -25.7202 8.39058
    endloop
  endfacet
  facet normal 0 -0.425794 0.90482
    outer loop
      vertex -60.5 -28.3434 2.81601
      vertex -54.6679 -27.8321 3.05662
      vertex -60.5 -27.8321 3.05662
    endloop
  endfacet
  facet normal 0 -0.425794 0.90482
    outer loop
      vertex -54.6679 -27.8321 3.05662
      vertex -60.5 -28.3434 2.81601
      vertex -54.1566 -28.3434 2.81601
    endloop
  endfacet
  facet normal 0 -0.425794 0.90482
    outer loop
      vertex -50.3321 -27.8321 3.05662
      vertex -46.5615 -28.3434 2.81601
      vertex -45.411 -27.8321 3.05662
    endloop
  endfacet
  facet normal 0 -0.425794 0.90482
    outer loop
      vertex -46.5615 -28.3434 2.81601
      vertex -50.3321 -27.8321 3.05662
      vertex -50.8434 -28.3434 2.81601
    endloop
  endfacet
  facet normal 0 -0.187397 0.982284
    outer loop
      vertex -60.5 -29.436 2.53548
      vertex -53.6191 -28.8809 2.64138
      vertex -60.5 -28.8809 2.64138
    endloop
  endfacet
  facet normal 0 -0.187397 0.982284
    outer loop
      vertex -53.6191 -28.8809 2.64138
      vertex -60.5 -29.436 2.53548
      vertex -53.064 -29.436 2.53548
    endloop
  endfacet
  facet normal 0 -0.187397 0.982284
    outer loop
      vertex -51.3809 -28.8809 2.64138
      vertex -49.0198 -29.436 2.53548
      vertex -47.7708 -28.8809 2.64138
    endloop
  endfacet
  facet normal 0 -0.187397 0.982284
    outer loop
      vertex -49.0198 -29.436 2.53548
      vertex -51.3809 -28.8809 2.64138
      vertex -51.936 -29.436 2.53548
    endloop
  endfacet
  facet normal 0 -0.929736 0.368228
    outer loop
      vertex -60.5 -25.9283 5.08399
      vertex -56.7798 -25.7202 5.60942
      vertex -60.5 -25.7202 5.60942
    endloop
  endfacet
  facet normal 0 -0.929736 0.368228
    outer loop
      vertex -56.7798 -25.7202 5.60942
      vertex -60.5 -25.9283 5.08399
      vertex -56.5717 -25.9283 5.08399
    endloop
  endfacet
  facet normal 0 -0.929736 0.368228
    outer loop
      vertex -41.1274 -25.9283 5.08399
      vertex -48.2202 -25.7202 5.60942
      vertex -48.4283 -25.9283 5.08399
    endloop
  endfacet
  facet normal 0 -0.929736 0.368228
    outer loop
      vertex -48.2202 -25.7202 5.60942
      vertex -41.1274 -25.9283 5.08399
      vertex -40.6593 -25.7202 5.60942
    endloop
  endfacet
  facet normal 0 -0.968601 0.248622
    outer loop
      vertex -60.5 -25.7202 5.60942
      vertex -56.9203 -25.5797 6.15679
      vertex -60.5 -25.5797 6.15679
    endloop
  endfacet
  facet normal 0 -0.968601 0.248622
    outer loop
      vertex -56.9203 -25.5797 6.15679
      vertex -60.5 -25.7202 5.60942
      vertex -56.7798 -25.7202 5.60942
    endloop
  endfacet
  facet normal 0 -0.968601 0.248622
    outer loop
      vertex -40.6593 -25.7202 5.60942
      vertex -48.0797 -25.5797 6.15679
      vertex -48.2202 -25.7202 5.60942
    endloop
  endfacet
  facet normal 0 -0.968601 0.248622
    outer loop
      vertex -48.0797 -25.5797 6.15679
      vertex -40.6593 -25.7202 5.60942
      vertex -40.3431 -25.5797 6.15679
    endloop
  endfacet
  facet normal 0 -0.80899 0.587822
    outer loop
      vertex -60.5 -26.5327 4.13159
      vertex -56.2995 -26.2005 4.58878
      vertex -60.5 -26.2005 4.58878
    endloop
  endfacet
  facet normal 0 -0.80899 0.587822
    outer loop
      vertex -56.2995 -26.2005 4.58878
      vertex -60.5 -26.5327 4.13159
      vertex -55.9673 -26.5327 4.13159
    endloop
  endfacet
  facet normal 0 -0.80899 0.587822
    outer loop
      vertex -42.4873 -26.5327 4.13159
      vertex -48.7005 -26.2005 4.58878
      vertex -49.0327 -26.5327 4.13159
    endloop
  endfacet
  facet normal 0 -0.80899 0.587822
    outer loop
      vertex -48.7005 -26.2005 4.58878
      vertex -42.4873 -26.5327 4.13159
      vertex -41.74 -26.2005 4.58878
    endloop
  endfacet
  facet normal 0 -0.42578 -0.904827
    outer loop
      vertex -60.5 -28.3434 11.184
      vertex -54.6679 -27.8321 10.9434
      vertex -54.1566 -28.3434 11.184
    endloop
  endfacet
  facet normal -0 -0.42578 -0.904827
    outer loop
      vertex -54.6679 -27.8321 10.9434
      vertex -60.5 -28.3434 11.184
      vertex -60.5 -27.8321 10.9434
    endloop
  endfacet
  facet normal 0 -0.42578 -0.904827
    outer loop
      vertex -46.5615 -28.3434 11.184
      vertex -50.3321 -27.8321 10.9434
      vertex -45.411 -27.8321 10.9434
    endloop
  endfacet
  facet normal 0 -0.42578 -0.904827
    outer loop
      vertex -50.3321 -27.8321 10.9434
      vertex -46.5615 -28.3434 11.184
      vertex -50.8434 -28.3434 11.184
    endloop
  endfacet
  facet normal 0 -0.535856 -0.844309
    outer loop
      vertex -60.5 -27.8321 10.9434
      vertex -55.145 -27.355 10.6406
      vertex -54.6679 -27.8321 10.9434
    endloop
  endfacet
  facet normal -0 -0.535856 -0.844309
    outer loop
      vertex -55.145 -27.355 10.6406
      vertex -60.5 -27.8321 10.9434
      vertex -60.5 -27.355 10.6406
    endloop
  endfacet
  facet normal 0 -0.535856 -0.844309
    outer loop
      vertex -45.411 -27.8321 10.9434
      vertex -49.855 -27.355 10.6406
      vertex -44.3375 -27.355 10.6406
    endloop
  endfacet
  facet normal 0 -0.535856 -0.844309
    outer loop
      vertex -49.855 -27.355 10.6406
      vertex -45.411 -27.8321 10.9434
      vertex -50.3321 -27.8321 10.9434
    endloop
  endfacet
  facet normal 0 -0.308946 -0.95108
    outer loop
      vertex -60.5 -28.8809 11.3586
      vertex -54.1566 -28.3434 11.184
      vertex -53.6191 -28.8809 11.3586
    endloop
  endfacet
  facet normal -0 -0.308946 -0.95108
    outer loop
      vertex -54.1566 -28.3434 11.184
      vertex -60.5 -28.8809 11.3586
      vertex -60.5 -28.3434 11.184
    endloop
  endfacet
  facet normal 0 -0.308946 -0.95108
    outer loop
      vertex -47.7708 -28.8809 11.3586
      vertex -50.8434 -28.3434 11.184
      vertex -46.5615 -28.3434 11.184
    endloop
  endfacet
  facet normal 0 -0.308946 -0.95108
    outer loop
      vertex -50.8434 -28.3434 11.184
      vertex -47.7708 -28.8809 11.3586
      vertex -51.3809 -28.8809 11.3586
    endloop
  endfacet
  facet normal -0 -0.87634 -0.481694
    outer loop
      vertex -56.5717 -25.9283 8.91601
      vertex -60.5 -26.2005 9.41122
      vertex -60.5 -25.9283 8.91601
    endloop
  endfacet
  facet normal 0 -0.87634 -0.481694
    outer loop
      vertex -60.5 -26.2005 9.41122
      vertex -56.5717 -25.9283 8.91601
      vertex -56.2995 -26.2005 9.41122
    endloop
  endfacet
  facet normal 0 -0.87634 -0.481694
    outer loop
      vertex -48.4283 -25.9283 8.91601
      vertex -41.74 -26.2005 9.41122
      vertex -48.7005 -26.2005 9.41122
    endloop
  endfacet
  facet normal 0 -0.87634 -0.481694
    outer loop
      vertex -41.74 -26.2005 9.41122
      vertex -48.4283 -25.9283 8.91601
      vertex -41.1274 -25.9283 8.91601
    endloop
  endfacet
  facet normal -0 -0.968601 -0.248622
    outer loop
      vertex -56.9203 -25.5797 7.84321
      vertex -60.5 -25.7202 8.39058
      vertex -60.5 -25.5797 7.84321
    endloop
  endfacet
  facet normal 0 -0.968601 -0.248622
    outer loop
      vertex -60.5 -25.7202 8.39058
      vertex -56.9203 -25.5797 7.84321
      vertex -56.7798 -25.7202 8.39058
    endloop
  endfacet
  facet normal 0 -0.968601 -0.248622
    outer loop
      vertex -48.0797 -25.5797 7.84321
      vertex -40.6593 -25.7202 8.39058
      vertex -48.2202 -25.7202 8.39058
    endloop
  endfacet
  facet normal 0 -0.968601 -0.248622
    outer loop
      vertex -40.6593 -25.7202 8.39058
      vertex -48.0797 -25.5797 7.84321
      vertex -40.3431 -25.5797 7.84321
    endloop
  endfacet
  facet normal -0 0.929736 0.368228
    outer loop
      vertex -60.5 -34.0717 5.08399
      vertex -59.9182 -34.2798 5.60942
      vertex -59.4502 -34.0717 5.08399
    endloop
  endfacet
  facet normal 0 0.929736 0.368228
    outer loop
      vertex -59.9182 -34.2798 5.60942
      vertex -60.5 -34.0717 5.08399
      vertex -60.5 -34.2798 5.60942
    endloop
  endfacet
  facet normal 0 -0.308994 0.951064
    outer loop
      vertex -60.5 -28.8809 2.64138
      vertex -54.1566 -28.3434 2.81601
      vertex -60.5 -28.3434 2.81601
    endloop
  endfacet
  facet normal 0 -0.308994 0.951064
    outer loop
      vertex -54.1566 -28.3434 2.81601
      vertex -60.5 -28.8809 2.64138
      vertex -53.6191 -28.8809 2.64138
    endloop
  endfacet
  facet normal 0 -0.308994 0.951064
    outer loop
      vertex -50.8434 -28.3434 2.81601
      vertex -47.7708 -28.8809 2.64138
      vertex -46.5615 -28.3434 2.81601
    endloop
  endfacet
  facet normal 0 -0.308994 0.951064
    outer loop
      vertex -47.7708 -28.8809 2.64138
      vertex -50.8434 -28.3434 2.81601
      vertex -51.3809 -28.8809 2.64138
    endloop
  endfacet
  facet normal 0 -0.637364 0.770563
    outer loop
      vertex -60.5 -27.355 3.35942
      vertex -55.5805 -26.9195 3.71964
      vertex -60.5 -26.9195 3.71964
    endloop
  endfacet
  facet normal 0 -0.637364 0.770563
    outer loop
      vertex -55.5805 -26.9195 3.71964
      vertex -60.5 -27.355 3.35942
      vertex -55.145 -27.355 3.35942
    endloop
  endfacet
  facet normal 0 -0.637364 0.770563
    outer loop
      vertex -49.4195 -26.9195 3.71964
      vertex -44.3375 -27.355 3.35942
      vertex -43.3578 -26.9195 3.71964
    endloop
  endfacet
  facet normal 0 -0.637364 0.770563
    outer loop
      vertex -44.3375 -27.355 3.35942
      vertex -49.4195 -26.9195 3.71964
      vertex -49.855 -27.355 3.35942
    endloop
  endfacet
  facet normal 0 -0.535856 0.844309
    outer loop
      vertex -60.5 -27.8321 3.05662
      vertex -55.145 -27.355 3.35942
      vertex -60.5 -27.355 3.35942
    endloop
  endfacet
  facet normal 0 -0.535856 0.844309
    outer loop
      vertex -55.145 -27.355 3.35942
      vertex -60.5 -27.8321 3.05662
      vertex -54.6679 -27.8321 3.05662
    endloop
  endfacet
  facet normal 0 -0.535856 0.844309
    outer loop
      vertex -49.855 -27.355 3.35942
      vertex -45.411 -27.8321 3.05662
      vertex -44.3375 -27.355 3.35942
    endloop
  endfacet
  facet normal 0 -0.535856 0.844309
    outer loop
      vertex -45.411 -27.8321 3.05662
      vertex -49.855 -27.355 3.35942
      vertex -50.3321 -27.8321 3.05662
    endloop
  endfacet
  facet normal 0 -0.992121 0.125287
    outer loop
      vertex -60.5 -25.5797 6.15679
      vertex -56.9911 -25.5089 6.71744
      vertex -60.5 -25.5089 6.71744
    endloop
  endfacet
  facet normal 0 -0.992121 0.125287
    outer loop
      vertex -56.9911 -25.5089 6.71744
      vertex -60.5 -25.5797 6.15679
      vertex -56.9203 -25.5797 6.15679
    endloop
  endfacet
  facet normal 0 -0.992121 0.125287
    outer loop
      vertex -40.3431 -25.5797 6.15679
      vertex -48.0089 -25.5089 6.71744
      vertex -48.0797 -25.5797 6.15679
    endloop
  endfacet
  facet normal 0 -0.992121 0.125287
    outer loop
      vertex -48.0089 -25.5089 6.71744
      vertex -40.3431 -25.5797 6.15679
      vertex -40.1838 -25.5089 6.71744
    endloop
  endfacet
  facet normal 0 -0.187397 -0.982284
    outer loop
      vertex -60.5 -29.436 11.4645
      vertex -53.6191 -28.8809 11.3586
      vertex -53.064 -29.436 11.4645
    endloop
  endfacet
  facet normal -0 -0.187397 -0.982284
    outer loop
      vertex -53.6191 -28.8809 11.3586
      vertex -60.5 -29.436 11.4645
      vertex -60.5 -28.8809 11.3586
    endloop
  endfacet
  facet normal 0 -0.187397 -0.982284
    outer loop
      vertex -49.0198 -29.436 11.4645
      vertex -51.3809 -28.8809 11.3586
      vertex -47.7708 -28.8809 11.3586
    endloop
  endfacet
  facet normal 0 -0.187397 -0.982284
    outer loop
      vertex -51.3809 -28.8809 11.3586
      vertex -49.0198 -29.436 11.4645
      vertex -51.936 -29.436 11.4645
    endloop
  endfacet
  facet normal -0 -0.992121 -0.125287
    outer loop
      vertex -56.9911 -25.5089 7.28256
      vertex -60.5 -25.5797 7.84321
      vertex -60.5 -25.5089 7.28256
    endloop
  endfacet
  facet normal 0 -0.992121 -0.125287
    outer loop
      vertex -60.5 -25.5797 7.84321
      vertex -56.9911 -25.5089 7.28256
      vertex -56.9203 -25.5797 7.84321
    endloop
  endfacet
  facet normal 0 -0.992121 -0.125287
    outer loop
      vertex -48.0089 -25.5089 7.28256
      vertex -40.3431 -25.5797 7.84321
      vertex -48.0797 -25.5797 7.84321
    endloop
  endfacet
  facet normal 0 -0.992121 -0.125287
    outer loop
      vertex -40.3431 -25.5797 7.84321
      vertex -48.0089 -25.5089 7.28256
      vertex -40.1838 -25.5089 7.28256
    endloop
  endfacet
  facet normal -0 0.0627837 0.998027
    outer loop
      vertex -60.5 -30 2.5
      vertex -53.064 -30.564 2.53548
      vertex -52.5 -30 2.5
    endloop
  endfacet
  facet normal 0 0.0627837 0.998027
    outer loop
      vertex -53.064 -30.564 2.53548
      vertex -60.5 -30 2.5
      vertex -60.5 -30.564 2.53548
    endloop
  endfacet
  facet normal -0 0.0627837 0.998027
    outer loop
      vertex -52.5 -30 2.5
      vertex -51.5578 -30.564 2.53548
      vertex -50.2888 -30 2.5
    endloop
  endfacet
  facet normal 0 0.0627837 0.998027
    outer loop
      vertex -51.5578 -30.564 2.53548
      vertex -52.5 -30 2.5
      vertex -51.936 -30.564 2.53548
    endloop
  endfacet
  facet normal -0 0.535856 0.844309
    outer loop
      vertex -60.5 -32.1679 3.05662
      vertex -56.2401 -32.645 3.35942
      vertex -55.1665 -32.1679 3.05662
    endloop
  endfacet
  facet normal 0 0.535856 0.844309
    outer loop
      vertex -56.2401 -32.645 3.35942
      vertex -60.5 -32.1679 3.05662
      vertex -60.5 -32.645 3.35942
    endloop
  endfacet
  facet normal -0 0.187397 0.982284
    outer loop
      vertex -60.5 -30.564 2.53548
      vertex -53.6191 -31.1191 2.64138
      vertex -53.064 -30.564 2.53548
    endloop
  endfacet
  facet normal 0 0.187397 0.982284
    outer loop
      vertex -53.6191 -31.1191 2.64138
      vertex -60.5 -30.564 2.53548
      vertex -60.5 -31.1191 2.64138
    endloop
  endfacet
  facet normal 0 0.187345 0.982294
    outer loop
      vertex -51.8196 -30.6804 2.55768
      vertex -51.5578 -30.564 2.53548
      vertex -51.936 -30.564 2.53548
    endloop
  endfacet
  facet normal 0 0.929736 -0.368228
    outer loop
      vertex -59.9182 -34.2798 8.39058
      vertex -60.5 -34.0717 8.91601
      vertex -59.4502 -34.0717 8.91601
    endloop
  endfacet
  facet normal 0 0.929736 -0.368228
    outer loop
      vertex -60.5 -34.0717 8.91601
      vertex -59.9182 -34.2798 8.39058
      vertex -60.5 -34.2798 8.39058
    endloop
  endfacet
  facet normal -6.99052e-05 0.425893 -0.904774
    outer loop
      vertex -55.1665 -32.1679 10.9434
      vertex -54.1566 -31.6566 11.184
      vertex -54.269 -31.769 11.1311
    endloop
  endfacet
  facet normal 0 0.42578 -0.904827
    outer loop
      vertex -60.5 -31.6566 11.184
      vertex -55.1665 -32.1679 10.9434
      vertex -60.5 -32.1679 10.9434
    endloop
  endfacet
  facet normal 0 0.42578 -0.904827
    outer loop
      vertex -55.1665 -32.1679 10.9434
      vertex -60.5 -31.6566 11.184
      vertex -54.1566 -31.6566 11.184
    endloop
  endfacet
  facet normal -0 0.72901 0.684503
    outer loop
      vertex -60.5 -33.0805 3.71964
      vertex -58.0902 -33.4673 4.13159
      vertex -57.2198 -33.0805 3.71964
    endloop
  endfacet
  facet normal 0 0.72901 0.684503
    outer loop
      vertex -58.0902 -33.4673 4.13159
      vertex -60.5 -33.0805 3.71964
      vertex -60.5 -33.4673 4.13159
    endloop
  endfacet
  facet normal -0 0.87634 0.481694
    outer loop
      vertex -60.5 -33.7995 4.58878
      vertex -59.4502 -34.0717 5.08399
      vertex -58.8376 -33.7995 4.58878
    endloop
  endfacet
  facet normal 0 0.87634 0.481694
    outer loop
      vertex -59.4502 -34.0717 5.08399
      vertex -60.5 -33.7995 4.58878
      vertex -60.5 -34.0717 5.08399
    endloop
  endfacet
  facet normal 0 -0.87634 0.481694
    outer loop
      vertex -60.5 -26.2005 4.58878
      vertex -56.5717 -25.9283 5.08399
      vertex -60.5 -25.9283 5.08399
    endloop
  endfacet
  facet normal 0 -0.87634 0.481694
    outer loop
      vertex -56.5717 -25.9283 5.08399
      vertex -60.5 -26.2005 4.58878
      vertex -56.2995 -26.2005 4.58878
    endloop
  endfacet
  facet normal 0 -0.87634 0.481694
    outer loop
      vertex -41.74 -26.2005 4.58878
      vertex -48.4283 -25.9283 5.08399
      vertex -48.7005 -26.2005 4.58878
    endloop
  endfacet
  facet normal 0 -0.87634 0.481694
    outer loop
      vertex -48.4283 -25.9283 5.08399
      vertex -41.74 -26.2005 4.58878
      vertex -41.1274 -25.9283 5.08399
    endloop
  endfacet
  facet normal 0 -0.637343 -0.77058
    outer loop
      vertex -60.5 -27.355 10.6406
      vertex -55.5805 -26.9195 10.2804
      vertex -55.145 -27.355 10.6406
    endloop
  endfacet
  facet normal -0 -0.637343 -0.77058
    outer loop
      vertex -55.5805 -26.9195 10.2804
      vertex -60.5 -27.355 10.6406
      vertex -60.5 -26.9195 10.2804
    endloop
  endfacet
  facet normal 0 -0.637343 -0.77058
    outer loop
      vertex -44.3375 -27.355 10.6406
      vertex -49.4195 -26.9195 10.2804
      vertex -43.3578 -26.9195 10.2804
    endloop
  endfacet
  facet normal 0 -0.637343 -0.77058
    outer loop
      vertex -49.4195 -26.9195 10.2804
      vertex -44.3375 -27.355 10.6406
      vertex -49.855 -27.355 10.6406
    endloop
  endfacet
  facet normal -0 -0.80899 -0.587822
    outer loop
      vertex -56.2995 -26.2005 9.41122
      vertex -60.5 -26.5327 9.86841
      vertex -60.5 -26.2005 9.41122
    endloop
  endfacet
  facet normal 0 -0.80899 -0.587822
    outer loop
      vertex -60.5 -26.5327 9.86841
      vertex -56.2995 -26.2005 9.41122
      vertex -55.9673 -26.5327 9.86841
    endloop
  endfacet
  facet normal 0 -0.80899 -0.587822
    outer loop
      vertex -48.7005 -26.2005 9.41122
      vertex -42.4873 -26.5327 9.86841
      vertex -49.0327 -26.5327 9.86841
    endloop
  endfacet
  facet normal 0 -0.80899 -0.587822
    outer loop
      vertex -42.4873 -26.5327 9.86841
      vertex -48.7005 -26.2005 9.41122
      vertex -41.74 -26.2005 9.41122
    endloop
  endfacet
  facet normal -0 0.308994 0.951064
    outer loop
      vertex -60.5 -31.1191 2.64138
      vertex -54.1566 -31.6566 2.81601
      vertex -53.6191 -31.1191 2.64138
    endloop
  endfacet
  facet normal 0 0.308994 0.951064
    outer loop
      vertex -54.1566 -31.6566 2.81601
      vertex -60.5 -31.1191 2.64138
      vertex -60.5 -31.6566 2.81601
    endloop
  endfacet
  facet normal 3.07897e-05 0.425745 0.904843
    outer loop
      vertex -54.1566 -31.6566 2.81601
      vertex -55.1665 -32.1679 3.05662
      vertex -54.269 -31.769 2.8689
    endloop
  endfacet
  facet normal -0 0.425794 0.90482
    outer loop
      vertex -60.5 -31.6566 2.81601
      vertex -55.1665 -32.1679 3.05662
      vertex -54.1566 -31.6566 2.81601
    endloop
  endfacet
  facet normal 0 0.425794 0.90482
    outer loop
      vertex -55.1665 -32.1679 3.05662
      vertex -60.5 -31.6566 2.81601
      vertex -60.5 -32.1679 3.05662
    endloop
  endfacet
  facet normal 0 0.968601 -0.248622
    outer loop
      vertex -60.2344 -34.4203 7.84321
      vertex -60.5 -34.2798 8.39058
      vertex -59.9182 -34.2798 8.39058
    endloop
  endfacet
  facet normal 0 0.968601 -0.248622
    outer loop
      vertex -60.5 -34.2798 8.39058
      vertex -60.2344 -34.4203 7.84321
      vertex -60.5 -34.4203 7.84321
    endloop
  endfacet
  facet normal 0 0.308946 -0.95108
    outer loop
      vertex -60.5 -31.1191 11.3586
      vertex -54.1566 -31.6566 11.184
      vertex -60.5 -31.6566 11.184
    endloop
  endfacet
  facet normal 0 0.308946 -0.95108
    outer loop
      vertex -54.1566 -31.6566 11.184
      vertex -60.5 -31.1191 11.3586
      vertex -53.6191 -31.1191 11.3586
    endloop
  endfacet
  facet normal -0 0.80899 0.587822
    outer loop
      vertex -60.5 -33.4673 4.13159
      vertex -58.8376 -33.7995 4.58878
      vertex -58.0902 -33.4673 4.13159
    endloop
  endfacet
  facet normal 0 0.80899 0.587822
    outer loop
      vertex -58.8376 -33.7995 4.58878
      vertex -60.5 -33.4673 4.13159
      vertex -60.5 -33.7995 4.58878
    endloop
  endfacet
  facet normal 0 0.992121 -0.125287
    outer loop
      vertex -60.3938 -34.4911 7.28256
      vertex -60.5 -34.4203 7.84321
      vertex -60.2344 -34.4203 7.84321
    endloop
  endfacet
  facet normal 0 0.992121 -0.125287
    outer loop
      vertex -60.5 -34.4203 7.84321
      vertex -60.3938 -34.4911 7.28256
      vertex -60.5 -34.4911 7.28256
    endloop
  endfacet
  facet normal 0 0.729043 -0.684468
    outer loop
      vertex -58.0902 -33.4673 9.86841
      vertex -60.5 -33.0805 10.2804
      vertex -57.2198 -33.0805 10.2804
    endloop
  endfacet
  facet normal 0 0.729043 -0.684468
    outer loop
      vertex -60.5 -33.0805 10.2804
      vertex -58.0902 -33.4673 9.86841
      vertex -60.5 -33.4673 9.86841
    endloop
  endfacet
  facet normal 0 0.87634 -0.481694
    outer loop
      vertex -59.4502 -34.0717 8.91601
      vertex -60.5 -33.7995 9.41122
      vertex -58.8376 -33.7995 9.41122
    endloop
  endfacet
  facet normal 0 0.87634 -0.481694
    outer loop
      vertex -60.5 -33.7995 9.41122
      vertex -59.4502 -34.0717 8.91601
      vertex -60.5 -34.0717 8.91601
    endloop
  endfacet
  facet normal 0 0.637343 -0.77058
    outer loop
      vertex -60.5 -32.645 10.6406
      vertex -57.2198 -33.0805 10.2804
      vertex -60.5 -33.0805 10.2804
    endloop
  endfacet
  facet normal 0 0.637343 -0.77058
    outer loop
      vertex -57.2198 -33.0805 10.2804
      vertex -60.5 -32.645 10.6406
      vertex -56.2401 -32.645 10.6406
    endloop
  endfacet
  facet normal 0 0.535856 -0.844309
    outer loop
      vertex -60.5 -32.1679 10.9434
      vertex -56.2401 -32.645 10.6406
      vertex -60.5 -32.645 10.6406
    endloop
  endfacet
  facet normal 0 0.535856 -0.844309
    outer loop
      vertex -56.2401 -32.645 10.6406
      vertex -60.5 -32.1679 10.9434
      vertex -55.1665 -32.1679 10.9434
    endloop
  endfacet
  facet normal 0 0.187397 -0.982284
    outer loop
      vertex -60.5 -30.564 11.4645
      vertex -53.6191 -31.1191 11.3586
      vertex -60.5 -31.1191 11.3586
    endloop
  endfacet
  facet normal 0 0.187397 -0.982284
    outer loop
      vertex -53.6191 -31.1191 11.3586
      vertex -60.5 -30.564 11.4645
      vertex -53.064 -30.564 11.4645
    endloop
  endfacet
  facet normal 0 0.187345 -0.982294
    outer loop
      vertex -51.5578 -30.564 11.4645
      vertex -51.8196 -30.6804 11.4423
      vertex -51.936 -30.564 11.4645
    endloop
  endfacet
  facet normal 0 0.0628189 -0.998025
    outer loop
      vertex -60.5 -30 11.5
      vertex -53.064 -30.564 11.4645
      vertex -60.5 -30.564 11.4645
    endloop
  endfacet
  facet normal 0 0.0628189 -0.998025
    outer loop
      vertex -53.064 -30.564 11.4645
      vertex -60.5 -30 11.5
      vertex -52.5 -30 11.5
    endloop
  endfacet
  facet normal 0 0.0628189 -0.998025
    outer loop
      vertex -52.5 -30 11.5
      vertex -51.5578 -30.564 11.4645
      vertex -51.936 -30.564 11.4645
    endloop
  endfacet
  facet normal 0 0.0628189 -0.998025
    outer loop
      vertex -51.5578 -30.564 11.4645
      vertex -52.5 -30 11.5
      vertex -50.2888 -30 11.5
    endloop
  endfacet
  facet normal -0 0.968601 0.248622
    outer loop
      vertex -60.5 -34.2798 5.60942
      vertex -60.2344 -34.4203 6.15679
      vertex -59.9182 -34.2798 5.60942
    endloop
  endfacet
  facet normal 0 0.968601 0.248622
    outer loop
      vertex -60.2344 -34.4203 6.15679
      vertex -60.5 -34.2798 5.60942
      vertex -60.5 -34.4203 6.15679
    endloop
  endfacet
  facet normal -0 0.992121 0.125287
    outer loop
      vertex -60.5 -34.4203 6.15679
      vertex -60.3938 -34.4911 6.71744
      vertex -60.2344 -34.4203 6.15679
    endloop
  endfacet
  facet normal 0 0.992121 0.125287
    outer loop
      vertex -60.3938 -34.4911 6.71744
      vertex -60.5 -34.4203 6.15679
      vertex -60.5 -34.4911 6.71744
    endloop
  endfacet
  facet normal 0 0.80899 -0.587822
    outer loop
      vertex -58.8376 -33.7995 9.41122
      vertex -60.5 -33.4673 9.86841
      vertex -58.0902 -33.4673 9.86841
    endloop
  endfacet
  facet normal 0 0.80899 -0.587822
    outer loop
      vertex -60.5 -33.4673 9.86841
      vertex -58.8376 -33.7995 9.41122
      vertex -60.5 -33.7995 9.41122
    endloop
  endfacet
  facet normal 0 -0.308957 -0.951076
    outer loop
      vertex -74.5 -29.4094 9.30038
      vertex -64.7 -29.1257 9.20822
      vertex -64.7 -29.4094 9.30038
    endloop
  endfacet
  facet normal -0 -0.308957 -0.951076
    outer loop
      vertex -64.7 -29.1257 9.20822
      vertex -74.5 -29.4094 9.30038
      vertex -74.5 -29.1257 9.20822
    endloop
  endfacet
  facet normal 0 -0.535858 0.844308
    outer loop
      vertex -74.5 -28.604 5.07858
      vertex -64.7 -28.8558 4.91877
      vertex -64.7 -28.604 5.07858
    endloop
  endfacet
  facet normal 0 -0.535858 0.844308
    outer loop
      vertex -64.7 -28.8558 4.91877
      vertex -74.5 -28.604 5.07858
      vertex -74.5 -28.8558 4.91877
    endloop
  endfacet
  facet normal 0 -0.968643 0.248456
    outer loop
      vertex -74.5 -27.7412 6.26608
      vertex -64.7 -27.6671 6.55497
      vertex -74.5 -27.6671 6.55497
    endloop
  endfacet
  facet normal 0 -0.968643 0.248456
    outer loop
      vertex -64.7 -27.6671 6.55497
      vertex -74.5 -27.7412 6.26608
      vertex -64.7 -27.7412 6.26608
    endloop
  endfacet
  facet normal 0 -0.929771 0.36814
    outer loop
      vertex -74.5 -27.851 5.98877
      vertex -64.7 -27.7412 6.26608
      vertex -74.5 -27.7412 6.26608
    endloop
  endfacet
  facet normal 0 -0.929771 0.36814
    outer loop
      vertex -64.7 -27.7412 6.26608
      vertex -74.5 -27.851 5.98877
      vertex -64.7 -27.851 5.98877
    endloop
  endfacet
  facet normal 0 -0.929771 -0.36814
    outer loop
      vertex -74.5 -27.7412 7.73392
      vertex -64.7 -27.851 8.01123
      vertex -74.5 -27.851 8.01123
    endloop
  endfacet
  facet normal 0 -0.929771 -0.36814
    outer loop
      vertex -64.7 -27.851 8.01123
      vertex -74.5 -27.7412 7.73392
      vertex -64.7 -27.7412 7.73392
    endloop
  endfacet
  facet normal 0 -0.425737 -0.904847
    outer loop
      vertex -74.5 -29.1257 9.20822
      vertex -64.7 -28.8558 9.08123
      vertex -64.7 -29.1257 9.20822
    endloop
  endfacet
  facet normal -0 -0.425737 -0.904847
    outer loop
      vertex -64.7 -28.8558 9.08123
      vertex -74.5 -29.1257 9.20822
      vertex -74.5 -28.8558 9.08123
    endloop
  endfacet
  facet normal -0 0.0627915 0.998027
    outer loop
      vertex -74.5 -30 4.625
      vertex -64.7 -30.2977 4.64373
      vertex -64.7 -30 4.625
    endloop
  endfacet
  facet normal 0 0.0627915 0.998027
    outer loop
      vertex -64.7 -30.2977 4.64373
      vertex -74.5 -30 4.625
      vertex -74.5 -30.2977 4.64373
    endloop
  endfacet
  facet normal 0 0.929771 0.36814
    outer loop
      vertex -64.7 -32.149 5.98877
      vertex -74.4837 -32.2588 6.26608
      vertex -64.7 -32.2588 6.26608
    endloop
  endfacet
  facet normal 0 0.929771 0.36814
    outer loop
      vertex -74.4837 -32.2588 6.26608
      vertex -64.7 -32.149 5.98877
      vertex -74.4906 -32.149 5.98877
    endloop
  endfacet
  facet normal 0 -0.72892 0.684599
    outer loop
      vertex -74.5 -28.3742 5.2687
      vertex -64.7 -28.17 5.48612
      vertex -74.5 -28.17 5.48612
    endloop
  endfacet
  facet normal 0 -0.72892 0.684599
    outer loop
      vertex -64.7 -28.17 5.48612
      vertex -74.5 -28.3742 5.2687
      vertex -64.7 -28.3742 5.2687
    endloop
  endfacet
  facet normal 0 -0.63745 -0.770492
    outer loop
      vertex -74.5 -28.604 8.92142
      vertex -64.7 -28.3742 8.7313
      vertex -64.7 -28.604 8.92142
    endloop
  endfacet
  facet normal -0 -0.63745 -0.770492
    outer loop
      vertex -64.7 -28.3742 8.7313
      vertex -74.5 -28.604 8.92142
      vertex -74.5 -28.3742 8.7313
    endloop
  endfacet
  facet normal 0 -0.992107 -0.125396
    outer loop
      vertex -74.5 -27.6297 7.14913
      vertex -64.7 -27.6671 7.44503
      vertex -74.5 -27.6671 7.44503
    endloop
  endfacet
  facet normal 0 -0.992107 -0.125396
    outer loop
      vertex -64.7 -27.6671 7.44503
      vertex -74.5 -27.6297 7.14913
      vertex -64.7 -27.6297 7.14913
    endloop
  endfacet
  facet normal 0 -0.72892 -0.684599
    outer loop
      vertex -74.5 -28.17 8.51388
      vertex -64.7 -28.3742 8.7313
      vertex -74.5 -28.3742 8.7313
    endloop
  endfacet
  facet normal 0 -0.72892 -0.684599
    outer loop
      vertex -64.7 -28.3742 8.7313
      vertex -74.5 -28.17 8.51388
      vertex -64.7 -28.17 8.51388
    endloop
  endfacet
  facet normal 0 -0.0627915 0.998027
    outer loop
      vertex -74.5 -29.7023 4.64373
      vertex -64.7 -30 4.625
      vertex -64.7 -29.7023 4.64373
    endloop
  endfacet
  facet normal 0 -0.0627915 0.998027
    outer loop
      vertex -64.7 -30 4.625
      vertex -74.5 -29.7023 4.64373
      vertex -74.5 -30 4.625
    endloop
  endfacet
  facet normal 0 0.809029 0.587769
    outer loop
      vertex -64.7 -31.83 5.48612
      vertex -74.4997 -32.0053 5.72741
      vertex -64.7 -32.0053 5.72741
    endloop
  endfacet
  facet normal -0 0.809029 0.587769
    outer loop
      vertex -74.5 -31.83 5.48612
      vertex -74.4997 -32.0053 5.72741
      vertex -64.7 -31.83 5.48612
    endloop
  endfacet
  facet normal 0.0707967 0.807041 0.586236
    outer loop
      vertex -74.4997 -32.0053 5.72741
      vertex -74.5 -31.83 5.48612
      vertex -74.5 -32 5.72015
    endloop
  endfacet
  facet normal -0 0.425737 0.904847
    outer loop
      vertex -74.5 -30.8743 4.79178
      vertex -64.7 -31.1442 4.91877
      vertex -64.7 -30.8743 4.79178
    endloop
  endfacet
  facet normal 0 0.425737 0.904847
    outer loop
      vertex -64.7 -31.1442 4.91877
      vertex -74.5 -30.8743 4.79178
      vertex -74.5 -31.1442 4.91877
    endloop
  endfacet
  facet normal 0 0.992107 -0.125396
    outer loop
      vertex -64.7 -32.3703 7.14913
      vertex -74.4791 -32.3329 7.44503
      vertex -64.7 -32.3329 7.44503
    endloop
  endfacet
  facet normal 0 0.992107 -0.125396
    outer loop
      vertex -74.4791 -32.3329 7.44503
      vertex -64.7 -32.3703 7.14913
      vertex -74.4767 -32.3703 7.14913
    endloop
  endfacet
  facet normal 0 0.968643 0.248456
    outer loop
      vertex -64.7 -32.2588 6.26608
      vertex -74.4791 -32.3329 6.55497
      vertex -64.7 -32.3329 6.55497
    endloop
  endfacet
  facet normal 0 0.968643 0.248456
    outer loop
      vertex -74.4791 -32.3329 6.55497
      vertex -64.7 -32.2588 6.26608
      vertex -74.4837 -32.2588 6.26608
    endloop
  endfacet
  facet normal 0 -0.63745 0.770492
    outer loop
      vertex -74.5 -28.3742 5.2687
      vertex -64.7 -28.604 5.07858
      vertex -64.7 -28.3742 5.2687
    endloop
  endfacet
  facet normal 0 -0.63745 0.770492
    outer loop
      vertex -64.7 -28.604 5.07858
      vertex -74.5 -28.3742 5.2687
      vertex -74.5 -28.604 5.07858
    endloop
  endfacet
  facet normal 0 -1 0
    outer loop
      vertex -74.5 -27.6297 6.85087
      vertex -64.7 -27.6297 7.14913
      vertex -74.5 -27.6297 7.14913
    endloop
  endfacet
  facet normal 0 -1 -0
    outer loop
      vertex -64.7 -27.6297 7.14913
      vertex -74.5 -27.6297 6.85087
      vertex -64.7 -27.6297 6.85087
    endloop
  endfacet
  facet normal 0 -0.809029 0.587769
    outer loop
      vertex -74.5 -28.17 5.48612
      vertex -64.7 -27.9947 5.72741
      vertex -74.5 -27.9947 5.72741
    endloop
  endfacet
  facet normal 0 -0.809029 0.587769
    outer loop
      vertex -64.7 -27.9947 5.72741
      vertex -74.5 -28.17 5.48612
      vertex -64.7 -28.17 5.48612
    endloop
  endfacet
  facet normal 0 -0.876284 0.481795
    outer loop
      vertex -74.5 -27.9947 5.72741
      vertex -64.7 -27.851 5.98877
      vertex -74.5 -27.851 5.98877
    endloop
  endfacet
  facet normal 0 -0.876284 0.481795
    outer loop
      vertex -64.7 -27.851 5.98877
      vertex -74.5 -27.9947 5.72741
      vertex -64.7 -27.9947 5.72741
    endloop
  endfacet
  facet normal 0 -0.0627915 -0.998027
    outer loop
      vertex -74.5 -30 9.375
      vertex -64.7 -29.7023 9.35627
      vertex -64.7 -30 9.375
    endloop
  endfacet
  facet normal -0 -0.0627915 -0.998027
    outer loop
      vertex -64.7 -29.7023 9.35627
      vertex -74.5 -30 9.375
      vertex -74.5 -29.7023 9.35627
    endloop
  endfacet
  facet normal 0 -0.187434 -0.982277
    outer loop
      vertex -74.5 -29.7023 9.35627
      vertex -64.7 -29.4094 9.30038
      vertex -64.7 -29.7023 9.35627
    endloop
  endfacet
  facet normal -0 -0.187434 -0.982277
    outer loop
      vertex -64.7 -29.4094 9.30038
      vertex -74.5 -29.7023 9.35627
      vertex -74.5 -29.4094 9.30038
    endloop
  endfacet
  facet normal 0 -0.535858 -0.844308
    outer loop
      vertex -74.5 -28.8558 9.08123
      vertex -64.7 -28.604 8.92142
      vertex -64.7 -28.8558 9.08123
    endloop
  endfacet
  facet normal -0 -0.535858 -0.844308
    outer loop
      vertex -64.7 -28.604 8.92142
      vertex -74.5 -28.8558 9.08123
      vertex -74.5 -28.604 8.92142
    endloop
  endfacet
  facet normal 0 -0.968643 -0.248456
    outer loop
      vertex -74.5 -27.6671 7.44503
      vertex -64.7 -27.7412 7.73392
      vertex -74.5 -27.7412 7.73392
    endloop
  endfacet
  facet normal 0 -0.968643 -0.248456
    outer loop
      vertex -64.7 -27.7412 7.73392
      vertex -74.5 -27.6671 7.44503
      vertex -64.7 -27.6671 7.44503
    endloop
  endfacet
  facet normal 0 -0.876284 -0.481795
    outer loop
      vertex -74.5 -27.851 8.01123
      vertex -64.7 -27.9947 8.27259
      vertex -74.5 -27.9947 8.27259
    endloop
  endfacet
  facet normal 0 -0.876284 -0.481795
    outer loop
      vertex -64.7 -27.9947 8.27259
      vertex -74.5 -27.851 8.01123
      vertex -64.7 -27.851 8.01123
    endloop
  endfacet
  facet normal 0 -0.809029 -0.587769
    outer loop
      vertex -74.5 -27.9947 8.27259
      vertex -64.7 -28.17 8.51388
      vertex -74.5 -28.17 8.51388
    endloop
  endfacet
  facet normal 0 -0.809029 -0.587769
    outer loop
      vertex -64.7 -28.17 8.51388
      vertex -74.5 -27.9947 8.27259
      vertex -64.7 -27.9947 8.27259
    endloop
  endfacet
  facet normal -0 0.187434 0.982277
    outer loop
      vertex -74.5 -30.2977 4.64373
      vertex -64.7 -30.5906 4.69962
      vertex -64.7 -30.2977 4.64373
    endloop
  endfacet
  facet normal 0 0.187434 0.982277
    outer loop
      vertex -64.7 -30.5906 4.69962
      vertex -74.5 -30.2977 4.64373
      vertex -74.5 -30.5906 4.69962
    endloop
  endfacet
  facet normal -0 0.63745 0.770492
    outer loop
      vertex -74.5 -31.396 5.07858
      vertex -64.7 -31.6258 5.2687
      vertex -64.7 -31.396 5.07858
    endloop
  endfacet
  facet normal 0 0.63745 0.770492
    outer loop
      vertex -64.7 -31.6258 5.2687
      vertex -74.5 -31.396 5.07858
      vertex -74.5 -31.6258 5.2687
    endloop
  endfacet
  facet normal -0 0.535858 0.844308
    outer loop
      vertex -74.5 -31.1442 4.91877
      vertex -64.7 -31.396 5.07858
      vertex -64.7 -31.1442 4.91877
    endloop
  endfacet
  facet normal 0 0.535858 0.844308
    outer loop
      vertex -64.7 -31.396 5.07858
      vertex -74.5 -31.1442 4.91877
      vertex -74.5 -31.396 5.07858
    endloop
  endfacet
  facet normal 0 0.992107 0.125396
    outer loop
      vertex -64.7 -32.3329 6.55497
      vertex -74.4767 -32.3703 6.85087
      vertex -64.7 -32.3703 6.85087
    endloop
  endfacet
  facet normal 0 0.992107 0.125396
    outer loop
      vertex -74.4767 -32.3703 6.85087
      vertex -64.7 -32.3329 6.55497
      vertex -74.4791 -32.3329 6.55497
    endloop
  endfacet
  facet normal 0 0.72892 0.684599
    outer loop
      vertex -64.7 -31.6258 5.2687
      vertex -74.5 -31.83 5.48612
      vertex -64.7 -31.83 5.48612
    endloop
  endfacet
  facet normal 0 0.72892 0.684599
    outer loop
      vertex -74.5 -31.83 5.48612
      vertex -64.7 -31.6258 5.2687
      vertex -74.5 -31.6258 5.2687
    endloop
  endfacet
  facet normal 0 -0.425737 0.904847
    outer loop
      vertex -74.5 -28.8558 4.91877
      vertex -64.7 -29.1257 4.79178
      vertex -64.7 -28.8558 4.91877
    endloop
  endfacet
  facet normal 0 -0.425737 0.904847
    outer loop
      vertex -64.7 -29.1257 4.79178
      vertex -74.5 -28.8558 4.91877
      vertex -74.5 -29.1257 4.79178
    endloop
  endfacet
  facet normal 0 -0.308957 0.951076
    outer loop
      vertex -74.5 -29.1257 4.79178
      vertex -64.7 -29.4094 4.69962
      vertex -64.7 -29.1257 4.79178
    endloop
  endfacet
  facet normal 0 -0.308957 0.951076
    outer loop
      vertex -64.7 -29.4094 4.69962
      vertex -74.5 -29.1257 4.79178
      vertex -74.5 -29.4094 4.69962
    endloop
  endfacet
  facet normal 0 -0.187434 0.982277
    outer loop
      vertex -74.5 -29.4094 4.69962
      vertex -64.7 -29.7023 4.64373
      vertex -64.7 -29.4094 4.69962
    endloop
  endfacet
  facet normal 0 -0.187434 0.982277
    outer loop
      vertex -64.7 -29.7023 4.64373
      vertex -74.5 -29.4094 4.69962
      vertex -74.5 -29.7023 4.64373
    endloop
  endfacet
  facet normal 0 -0.992107 0.125396
    outer loop
      vertex -74.5 -27.6671 6.55497
      vertex -64.7 -27.6297 6.85087
      vertex -74.5 -27.6297 6.85087
    endloop
  endfacet
  facet normal 0 -0.992107 0.125396
    outer loop
      vertex -64.7 -27.6297 6.85087
      vertex -74.5 -27.6671 6.55497
      vertex -64.7 -27.6671 6.55497
    endloop
  endfacet
  facet normal 0 0.72892 -0.684599
    outer loop
      vertex -64.7 -31.83 8.51388
      vertex -74.5 -31.6258 8.7313
      vertex -64.7 -31.6258 8.7313
    endloop
  endfacet
  facet normal 0 0.72892 -0.684599
    outer loop
      vertex -74.5 -31.6258 8.7313
      vertex -64.7 -31.83 8.51388
      vertex -74.5 -31.83 8.51388
    endloop
  endfacet
  facet normal 0 0.876284 -0.481795
    outer loop
      vertex -74.4906 -32.149 8.01123
      vertex -64.7 -32.0053 8.27259
      vertex -64.7 -32.149 8.01123
    endloop
  endfacet
  facet normal 0 0.876284 -0.481795
    outer loop
      vertex -64.7 -32.0053 8.27259
      vertex -74.4906 -32.149 8.01123
      vertex -74.4997 -32.0053 8.27259
    endloop
  endfacet
  facet normal 0 0.0627915 -0.998027
    outer loop
      vertex -74.5 -30.2977 9.35627
      vertex -64.7 -30 9.375
      vertex -64.7 -30.2977 9.35627
    endloop
  endfacet
  facet normal 0 0.0627915 -0.998027
    outer loop
      vertex -64.7 -30 9.375
      vertex -74.5 -30.2977 9.35627
      vertex -74.5 -30 9.375
    endloop
  endfacet
  facet normal 0 0.308957 -0.951076
    outer loop
      vertex -74.5 -30.8743 9.20822
      vertex -64.7 -30.5906 9.30038
      vertex -64.7 -30.8743 9.20822
    endloop
  endfacet
  facet normal 0 0.308957 -0.951076
    outer loop
      vertex -64.7 -30.5906 9.30038
      vertex -74.5 -30.8743 9.20822
      vertex -74.5 -30.5906 9.30038
    endloop
  endfacet
  facet normal 0 0.63745 -0.770492
    outer loop
      vertex -74.5 -31.6258 8.7313
      vertex -64.7 -31.396 8.92142
      vertex -64.7 -31.6258 8.7313
    endloop
  endfacet
  facet normal 0 0.63745 -0.770492
    outer loop
      vertex -64.7 -31.396 8.92142
      vertex -74.5 -31.6258 8.7313
      vertex -74.5 -31.396 8.92142
    endloop
  endfacet
  facet normal 0 0.876284 0.481795
    outer loop
      vertex -64.7 -32.0053 5.72741
      vertex -74.4906 -32.149 5.98877
      vertex -64.7 -32.149 5.98877
    endloop
  endfacet
  facet normal 0 0.876284 0.481795
    outer loop
      vertex -74.4906 -32.149 5.98877
      vertex -64.7 -32.0053 5.72741
      vertex -74.4997 -32.0053 5.72741
    endloop
  endfacet
  facet normal -0 0.308957 0.951076
    outer loop
      vertex -74.5 -30.5906 4.69962
      vertex -64.7 -30.8743 4.79178
      vertex -64.7 -30.5906 4.69962
    endloop
  endfacet
  facet normal 0 0.308957 0.951076
    outer loop
      vertex -64.7 -30.8743 4.79178
      vertex -74.5 -30.5906 4.69962
      vertex -74.5 -30.8743 4.79178
    endloop
  endfacet
  facet normal 0 1 -0
    outer loop
      vertex -64.7 -32.3703 6.85087
      vertex -74.4767 -32.3703 7.14913
      vertex -64.7 -32.3703 7.14913
    endloop
  endfacet
  facet normal 0 1 0
    outer loop
      vertex -74.4767 -32.3703 7.14913
      vertex -64.7 -32.3703 6.85087
      vertex -74.4767 -32.3703 6.85087
    endloop
  endfacet
  facet normal 0 0.929771 -0.36814
    outer loop
      vertex -74.4837 -32.2588 7.73392
      vertex -64.7 -32.149 8.01123
      vertex -64.7 -32.2588 7.73392
    endloop
  endfacet
  facet normal 0 0.929771 -0.36814
    outer loop
      vertex -64.7 -32.149 8.01123
      vertex -74.4837 -32.2588 7.73392
      vertex -74.4906 -32.149 8.01123
    endloop
  endfacet
  facet normal 0 0.809029 -0.587769
    outer loop
      vertex -74.4997 -32.0053 8.27259
      vertex -74.5 -31.83 8.51388
      vertex -64.7 -31.83 8.51388
    endloop
  endfacet
  facet normal 0 0.809029 -0.587769
    outer loop
      vertex -74.4997 -32.0053 8.27259
      vertex -64.7 -31.83 8.51388
      vertex -64.7 -32.0053 8.27259
    endloop
  endfacet
  facet normal 0.0707967 0.807041 -0.586236
    outer loop
      vertex -74.5 -31.83 8.51388
      vertex -74.4997 -32.0053 8.27259
      vertex -74.5 -32 8.27985
    endloop
  endfacet
  facet normal 0 0.187434 -0.982277
    outer loop
      vertex -74.5 -30.5906 9.30038
      vertex -64.7 -30.2977 9.35627
      vertex -64.7 -30.5906 9.30038
    endloop
  endfacet
  facet normal 0 0.187434 -0.982277
    outer loop
      vertex -64.7 -30.2977 9.35627
      vertex -74.5 -30.5906 9.30038
      vertex -74.5 -30.2977 9.35627
    endloop
  endfacet
  facet normal 0 0.535858 -0.844308
    outer loop
      vertex -74.5 -31.396 8.92142
      vertex -64.7 -31.1442 9.08123
      vertex -64.7 -31.396 8.92142
    endloop
  endfacet
  facet normal 0 0.535858 -0.844308
    outer loop
      vertex -64.7 -31.1442 9.08123
      vertex -74.5 -31.396 8.92142
      vertex -74.5 -31.1442 9.08123
    endloop
  endfacet
  facet normal 0 0.425737 -0.904847
    outer loop
      vertex -74.5 -31.1442 9.08123
      vertex -64.7 -30.8743 9.20822
      vertex -64.7 -31.1442 9.08123
    endloop
  endfacet
  facet normal 0 0.425737 -0.904847
    outer loop
      vertex -64.7 -30.8743 9.20822
      vertex -74.5 -31.1442 9.08123
      vertex -74.5 -30.8743 9.20822
    endloop
  endfacet
  facet normal 0 0.968643 -0.248456
    outer loop
      vertex -74.4791 -32.3329 7.44503
      vertex -64.7 -32.2588 7.73392
      vertex -64.7 -32.3329 7.44503
    endloop
  endfacet
  facet normal 0 0.968643 -0.248456
    outer loop
      vertex -64.7 -32.2588 7.73392
      vertex -74.4791 -32.3329 7.44503
      vertex -74.4837 -32.2588 7.73392
    endloop
  endfacet
  facet normal 0.45075 0.568943 0.687843
    outer loop
      vertex -60.5 11.9195 3.71964
      vertex -60.5 12.355 3.35942
      vertex -64.7 13.3742 5.2687
    endloop
  endfacet
  facet normal 0.450748 -0.0560439 0.89089
    outer loop
      vertex -60.5 15 2.5
      vertex -60.5 15.564 2.53548
      vertex -64.7 15 4.625
    endloop
  endfacet
  facet normal 0.450749 -0.0560509 0.890889
    outer loop
      vertex -60.5 15.564 2.53548
      vertex -64.7 15.2977 4.64373
      vertex -64.7 15 4.625
    endloop
  endfacet
  facet normal 0.450749 0.0560509 0.890889
    outer loop
      vertex -60.5 14.436 2.53548
      vertex -64.7 15 4.625
      vertex -64.7 14.7023 4.64373
    endloop
  endfacet
  facet normal 0.450743 0.167314 -0.876833
    outer loop
      vertex -64.7 14.7023 9.35627
      vertex -60.5 14.436 11.4645
      vertex -64.7 14.4094 9.30038
    endloop
  endfacet
  facet normal 0.450756 -0.864619 -0.221932
    outer loop
      vertex -60.5 19.4203 7.84321
      vertex -60.5 19.2798 8.39058
      vertex -64.7 17.3329 7.44503
    endloop
  endfacet
  facet normal 0.450745 0.885607 0.111935
    outer loop
      vertex -60.5 10.5089 6.71744
      vertex -64.7 12.6671 6.55497
      vertex -64.7 12.6297 6.85087
    endloop
  endfacet
  facet normal 0.450749 0.16728 0.876837
    outer loop
      vertex -60.5 13.8809 2.64138
      vertex -60.5 14.436 2.53548
      vertex -64.7 14.4094 4.69962
    endloop
  endfacet
  facet normal 0.450746 0.380086 0.80769
    outer loop
      vertex -60.5 12.8321 3.05662
      vertex -60.5 13.3434 2.81601
      vertex -64.7 13.8558 4.91877
    endloop
  endfacet
  facet normal 0.450742 0.650674 -0.61111
    outer loop
      vertex -64.7 13.3742 8.7313
      vertex -60.5 11.5327 9.86841
      vertex -64.7 13.17 8.51388
    endloop
  endfacet
  facet normal 0.450745 -0.885607 -0.111935
    outer loop
      vertex -64.7 17.3703 7.14913
      vertex -60.5 19.4911 7.28256
      vertex -64.7 17.3329 7.44503
    endloop
  endfacet
  facet normal 0.450745 -0.569021 -0.687782
    outer loop
      vertex -64.7 16.6258 8.7313
      vertex -60.5 17.645 10.6406
      vertex -64.7 16.396 8.92142
    endloop
  endfacet
  facet normal 0.45075 0.275824 0.848967
    outer loop
      vertex -60.5 13.3434 2.81601
      vertex -60.5 13.8809 2.64138
      vertex -64.7 14.4094 4.69962
    endloop
  endfacet
  facet normal 0.450748 0.0560439 0.89089
    outer loop
      vertex -60.5 14.436 2.53548
      vertex -60.5 15 2.5
      vertex -64.7 15 4.625
    endloop
  endfacet
  facet normal 0.450747 0.275791 0.848979
    outer loop
      vertex -60.5 13.3434 2.81601
      vertex -64.7 14.4094 4.69962
      vertex -64.7 14.1257 4.79178
    endloop
  endfacet
  facet normal 0.450744 0.478335 0.753675
    outer loop
      vertex -60.5 12.8321 3.05662
      vertex -64.7 13.8558 4.91877
      vertex -64.7 13.604 5.07858
    endloop
  endfacet
  facet normal 0.450751 0.380034 0.807711
    outer loop
      vertex -60.5 13.3434 2.81601
      vertex -64.7 14.1257 4.79178
      vertex -64.7 13.8558 4.91877
    endloop
  endfacet
  facet normal 0.450749 0.782215 0.430075
    outer loop
      vertex -60.5 11.2005 4.58878
      vertex -64.7 12.9947 5.72741
      vertex -64.7 12.851 5.98877
    endloop
  endfacet
  facet normal 0.450741 0.782269 0.429986
    outer loop
      vertex -60.5 10.9283 5.08399
      vertex -60.5 11.2005 4.58878
      vertex -64.7 12.851 5.98877
    endloop
  endfacet
  facet normal 0.450741 -0.782269 0.429986
    outer loop
      vertex -60.5 18.7995 4.58878
      vertex -60.5 19.0717 5.08399
      vertex -64.7 17.149 5.98877
    endloop
  endfacet
  facet normal 0.450748 -0.275781 -0.848982
    outer loop
      vertex -60.5 16.6566 11.184
      vertex -60.5 16.1191 11.3586
      vertex -64.7 15.5906 9.30038
    endloop
  endfacet
  facet normal 0.450749 -0.782215 -0.430075
    outer loop
      vertex -64.7 17.149 8.01123
      vertex -60.5 18.7995 9.41122
      vertex -64.7 17.0053 8.27259
    endloop
  endfacet
  facet normal 0.450747 0.167313 0.876832
    outer loop
      vertex -60.5 14.436 2.53548
      vertex -64.7 14.7023 4.64373
      vertex -64.7 14.4094 4.69962
    endloop
  endfacet
  facet normal 0.450745 0.478333 0.753675
    outer loop
      vertex -60.5 12.355 3.35942
      vertex -60.5 12.8321 3.05662
      vertex -64.7 13.604 5.07858
    endloop
  endfacet
  facet normal 0.450742 0.569022 0.687783
    outer loop
      vertex -60.5 12.355 3.35942
      vertex -64.7 13.604 5.07858
      vertex -64.7 13.3742 5.2687
    endloop
  endfacet
  facet normal 0.450741 0.829933 0.3287
    outer loop
      vertex -60.5 10.7202 5.60942
      vertex -60.5 10.9283 5.08399
      vertex -64.7 12.851 5.98877
    endloop
  endfacet
  facet normal 0.450742 0.650674 0.61111
    outer loop
      vertex -60.5 11.5327 4.13159
      vertex -64.7 13.3742 5.2687
      vertex -64.7 13.17 5.48612
    endloop
  endfacet
  facet normal 0.450743 0.864663 0.221785
    outer loop
      vertex -60.5 10.7202 5.60942
      vertex -64.7 12.7412 6.26608
      vertex -64.7 12.6671 6.55497
    endloop
  endfacet
  facet normal 0.450748 0.275781 -0.848982
    outer loop
      vertex -60.5 13.8809 11.3586
      vertex -60.5 13.3434 11.184
      vertex -64.7 14.4094 9.30038
    endloop
  endfacet
  facet normal 0.450746 0.16728 -0.876838
    outer loop
      vertex -60.5 14.436 11.4645
      vertex -60.5 13.8809 11.3586
      vertex -64.7 14.4094 9.30038
    endloop
  endfacet
  facet normal 0.450748 0.829961 -0.32862
    outer loop
      vertex -64.7 12.851 8.01123
      vertex -60.5 10.7202 8.39058
      vertex -64.7 12.7412 7.73392
    endloop
  endfacet
  facet normal 0.450756 0.864619 -0.221932
    outer loop
      vertex -60.5 10.7202 8.39058
      vertex -60.5 10.5797 7.84321
      vertex -64.7 12.6671 7.44503
    endloop
  endfacet
  facet normal 0.450743 0.864663 -0.221785
    outer loop
      vertex -64.7 12.7412 7.73392
      vertex -60.5 10.7202 8.39058
      vertex -64.7 12.6671 7.44503
    endloop
  endfacet
  facet normal 0.450749 0.72218 -0.524672
    outer loop
      vertex -64.7 13.17 8.51388
      vertex -60.5 11.2005 9.41122
      vertex -64.7 12.9947 8.27259
    endloop
  endfacet
  facet normal 0.450744 0.722148 -0.524722
    outer loop
      vertex -60.5 11.5327 9.86841
      vertex -60.5 11.2005 9.41122
      vertex -64.7 13.17 8.51388
    endloop
  endfacet
  facet normal 0.450747 0.478334 -0.753673
    outer loop
      vertex -64.7 13.8558 9.08123
      vertex -60.5 12.8321 10.9434
      vertex -64.7 13.604 8.92142
    endloop
  endfacet
  facet normal 0.450755 0.650779 -0.610989
    outer loop
      vertex -60.5 11.9195 10.2804
      vertex -60.5 11.5327 9.86841
      vertex -64.7 13.3742 8.7313
    endloop
  endfacet
  facet normal 0.450751 -0.65075 0.611021
    outer loop
      vertex -60.5 18.0805 3.71964
      vertex -60.5 18.4673 4.13159
      vertex -64.7 16.6258 5.2687
    endloop
  endfacet
  facet normal 0.450749 -0.72218 0.524672
    outer loop
      vertex -60.5 18.7995 4.58878
      vertex -64.7 17.0053 5.72741
      vertex -64.7 16.83 5.48612
    endloop
  endfacet
  facet normal 0.450753 -0.885615 0.111837
    outer loop
      vertex -60.5 19.4203 6.15679
      vertex -60.5 19.4911 6.71744
      vertex -64.7 17.3329 6.55497
    endloop
  endfacet
  facet normal 0.450753 -0.885615 -0.111837
    outer loop
      vertex -60.5 19.4911 7.28256
      vertex -60.5 19.4203 7.84321
      vertex -64.7 17.3329 7.44503
    endloop
  endfacet
  facet normal 0.450746 -0.16728 -0.876838
    outer loop
      vertex -60.5 16.1191 11.3586
      vertex -60.5 15.564 11.4645
      vertex -64.7 15.5906 9.30038
    endloop
  endfacet
  facet normal 0.450747 -0.478334 -0.753673
    outer loop
      vertex -64.7 16.396 8.92142
      vertex -60.5 17.1679 10.9434
      vertex -64.7 16.1442 9.08123
    endloop
  endfacet
  facet normal 0.450747 -0.478333 -0.753674
    outer loop
      vertex -60.5 17.645 10.6406
      vertex -60.5 17.1679 10.9434
      vertex -64.7 16.396 8.92142
    endloop
  endfacet
  facet normal 0.450755 -0.568923 -0.687857
    outer loop
      vertex -60.5 18.0805 10.2804
      vertex -60.5 17.645 10.6406
      vertex -64.7 16.6258 8.7313
    endloop
  endfacet
  facet normal 0.450756 0.864619 0.221932
    outer loop
      vertex -60.5 10.5797 6.15679
      vertex -60.5 10.7202 5.60942
      vertex -64.7 12.6671 6.55497
    endloop
  endfacet
  facet normal 0.450753 0.885615 0.111837
    outer loop
      vertex -60.5 10.5089 6.71744
      vertex -60.5 10.5797 6.15679
      vertex -64.7 12.6671 6.55497
    endloop
  endfacet
  facet normal 0.450744 0.722148 0.524722
    outer loop
      vertex -60.5 11.2005 4.58878
      vertex -60.5 11.5327 4.13159
      vertex -64.7 13.17 5.48612
    endloop
  endfacet
  facet normal 0.450751 0.65075 0.611021
    outer loop
      vertex -60.5 11.5327 4.13159
      vertex -60.5 11.9195 3.71964
      vertex -64.7 13.3742 5.2687
    endloop
  endfacet
  facet normal 0.450741 0.829933 -0.3287
    outer loop
      vertex -60.5 10.9283 8.91601
      vertex -60.5 10.7202 8.39058
      vertex -64.7 12.851 8.01123
    endloop
  endfacet
  facet normal 0.450753 0.885615 -0.111837
    outer loop
      vertex -60.5 10.5797 7.84321
      vertex -60.5 10.5089 7.28256
      vertex -64.7 12.6671 7.44503
    endloop
  endfacet
  facet normal 0.450755 0.568923 -0.687857
    outer loop
      vertex -60.5 12.355 10.6406
      vertex -60.5 11.9195 10.2804
      vertex -64.7 13.3742 8.7313
    endloop
  endfacet
  facet normal 0.450745 -0.478333 0.753675
    outer loop
      vertex -60.5 17.1679 3.05662
      vertex -60.5 17.645 3.35942
      vertex -64.7 16.396 5.07858
    endloop
  endfacet
  facet normal 0.45075 -0.568943 0.687843
    outer loop
      vertex -60.5 17.645 3.35942
      vertex -60.5 18.0805 3.71964
      vertex -64.7 16.6258 5.2687
    endloop
  endfacet
  facet normal 0.450756 -0.864619 0.221932
    outer loop
      vertex -60.5 19.2798 5.60942
      vertex -60.5 19.4203 6.15679
      vertex -64.7 17.3329 6.55497
    endloop
  endfacet
  facet normal 0.450749 -0.782215 0.430075
    outer loop
      vertex -60.5 18.7995 4.58878
      vertex -64.7 17.149 5.98877
      vertex -64.7 17.0053 5.72741
    endloop
  endfacet
  facet normal 0.450744 -0.722148 -0.524722
    outer loop
      vertex -60.5 18.7995 9.41122
      vertex -60.5 18.4673 9.86841
      vertex -64.7 16.83 8.51388
    endloop
  endfacet
  facet normal 0.450742 -0.650674 -0.61111
    outer loop
      vertex -64.7 16.83 8.51388
      vertex -60.5 18.4673 9.86841
      vertex -64.7 16.6258 8.7313
    endloop
  endfacet
  facet normal 0.450741 -0.829933 -0.3287
    outer loop
      vertex -60.5 19.2798 8.39058
      vertex -60.5 19.0717 8.91601
      vertex -64.7 17.149 8.01123
    endloop
  endfacet
  facet normal 0.450741 -0.782269 -0.429986
    outer loop
      vertex -60.5 19.0717 8.91601
      vertex -60.5 18.7995 9.41122
      vertex -64.7 17.149 8.01123
    endloop
  endfacet
  facet normal 0.450748 -0.829961 -0.32862
    outer loop
      vertex -64.7 17.2588 7.73392
      vertex -60.5 19.2798 8.39058
      vertex -64.7 17.149 8.01123
    endloop
  endfacet
  facet normal 0.450743 -0.864663 -0.221785
    outer loop
      vertex -64.7 17.3329 7.44503
      vertex -60.5 19.2798 8.39058
      vertex -64.7 17.2588 7.73392
    endloop
  endfacet
  facet normal 0.450749 -0.380073 -0.807694
    outer loop
      vertex -60.5 17.1679 10.9434
      vertex -60.5 16.6566 11.184
      vertex -64.7 16.1442 9.08123
    endloop
  endfacet
  facet normal 0.450747 -0.0560754 -0.890889
    outer loop
      vertex -60.5 15.564 11.4645
      vertex -60.5 15 11.5
      vertex -64.7 15 9.375
    endloop
  endfacet
  facet normal 0.450745 -0.056051 -0.890891
    outer loop
      vertex -64.7 15.2977 9.35627
      vertex -60.5 15.564 11.4645
      vertex -64.7 15 9.375
    endloop
  endfacet
  facet normal 0.450748 0.829961 0.32862
    outer loop
      vertex -60.5 10.7202 5.60942
      vertex -64.7 12.851 5.98877
      vertex -64.7 12.7412 6.26608
    endloop
  endfacet
  facet normal 0.450749 0.72218 0.524672
    outer loop
      vertex -60.5 11.2005 4.58878
      vertex -64.7 13.17 5.48612
      vertex -64.7 12.9947 5.72741
    endloop
  endfacet
  facet normal 0.450749 0.380073 -0.807694
    outer loop
      vertex -60.5 13.3434 11.184
      vertex -60.5 12.8321 10.9434
      vertex -64.7 13.8558 9.08123
    endloop
  endfacet
  facet normal 0.450741 0.782269 -0.429986
    outer loop
      vertex -60.5 11.2005 9.41122
      vertex -60.5 10.9283 8.91601
      vertex -64.7 12.851 8.01123
    endloop
  endfacet
  facet normal 0.450749 0.782215 -0.430075
    outer loop
      vertex -64.7 12.9947 8.27259
      vertex -60.5 11.2005 9.41122
      vertex -64.7 12.851 8.01123
    endloop
  endfacet
  facet normal 0.450747 0.892652 0
    outer loop
      vertex -60.5 10.5089 7.28256
      vertex -64.7 12.6297 6.85087
      vertex -64.7 12.6297 7.14913
    endloop
  endfacet
  facet normal 0.450747 0.892652 0
    outer loop
      vertex -64.7 12.6297 6.85087
      vertex -60.5 10.5089 7.28256
      vertex -60.5 10.5089 6.71744
    endloop
  endfacet
  facet normal 0.450745 0.569021 -0.687782
    outer loop
      vertex -64.7 13.604 8.92142
      vertex -60.5 12.355 10.6406
      vertex -64.7 13.3742 8.7313
    endloop
  endfacet
  facet normal 0.450747 0.478333 -0.753674
    outer loop
      vertex -60.5 12.8321 10.9434
      vertex -60.5 12.355 10.6406
      vertex -64.7 13.604 8.92142
    endloop
  endfacet
  facet normal 0.450742 -0.650674 0.61111
    outer loop
      vertex -60.5 18.4673 4.13159
      vertex -64.7 16.83 5.48612
      vertex -64.7 16.6258 5.2687
    endloop
  endfacet
  facet normal 0.450744 -0.722148 0.524722
    outer loop
      vertex -60.5 18.4673 4.13159
      vertex -60.5 18.7995 4.58878
      vertex -64.7 16.83 5.48612
    endloop
  endfacet
  facet normal 0.450745 -0.885607 0.111935
    outer loop
      vertex -60.5 19.4911 6.71744
      vertex -64.7 17.3703 6.85087
      vertex -64.7 17.3329 6.55497
    endloop
  endfacet
  facet normal 0.450741 -0.829933 0.3287
    outer loop
      vertex -60.5 19.0717 5.08399
      vertex -60.5 19.2798 5.60942
      vertex -64.7 17.149 5.98877
    endloop
  endfacet
  facet normal 0.450743 -0.864663 0.221785
    outer loop
      vertex -60.5 19.2798 5.60942
      vertex -64.7 17.3329 6.55497
      vertex -64.7 17.2588 6.26608
    endloop
  endfacet
  facet normal 0.450748 -0.829961 0.32862
    outer loop
      vertex -60.5 19.2798 5.60942
      vertex -64.7 17.2588 6.26608
      vertex -64.7 17.149 5.98877
    endloop
  endfacet
  facet normal 0.450749 -0.72218 -0.524672
    outer loop
      vertex -64.7 17.0053 8.27259
      vertex -60.5 18.7995 9.41122
      vertex -64.7 16.83 8.51388
    endloop
  endfacet
  facet normal 0.450755 -0.650779 -0.610989
    outer loop
      vertex -60.5 18.4673 9.86841
      vertex -60.5 18.0805 10.2804
      vertex -64.7 16.6258 8.7313
    endloop
  endfacet
  facet normal 0.450749 -0.275791 -0.848979
    outer loop
      vertex -64.7 15.8743 9.20822
      vertex -60.5 16.6566 11.184
      vertex -64.7 15.5906 9.30038
    endloop
  endfacet
  facet normal 0.450752 -0.380034 -0.807711
    outer loop
      vertex -64.7 16.1442 9.08123
      vertex -60.5 16.6566 11.184
      vertex -64.7 15.8743 9.20822
    endloop
  endfacet
  facet normal 0.450747 0.0560754 -0.890889
    outer loop
      vertex -60.5 15 11.5
      vertex -60.5 14.436 11.4645
      vertex -64.7 15 9.375
    endloop
  endfacet
  facet normal 0.450752 0.380034 -0.807711
    outer loop
      vertex -64.7 14.1257 9.20822
      vertex -60.5 13.3434 11.184
      vertex -64.7 13.8558 9.08123
    endloop
  endfacet
  facet normal 0.450749 0.275791 -0.848979
    outer loop
      vertex -64.7 14.4094 9.30038
      vertex -60.5 13.3434 11.184
      vertex -64.7 14.1257 9.20822
    endloop
  endfacet
  facet normal 0.450745 0.885607 -0.111935
    outer loop
      vertex -64.7 12.6671 7.44503
      vertex -60.5 10.5089 7.28256
      vertex -64.7 12.6297 7.14913
    endloop
  endfacet
  facet normal 0.450742 -0.569022 0.687783
    outer loop
      vertex -60.5 17.645 3.35942
      vertex -64.7 16.6258 5.2687
      vertex -64.7 16.396 5.07858
    endloop
  endfacet
  facet normal 0.450749 -0.16728 0.876837
    outer loop
      vertex -60.5 15.564 2.53548
      vertex -60.5 16.1191 2.64138
      vertex -64.7 15.5906 4.69962
    endloop
  endfacet
  facet normal 0.450747 -0.167313 0.876832
    outer loop
      vertex -60.5 15.564 2.53548
      vertex -64.7 15.5906 4.69962
      vertex -64.7 15.2977 4.64373
    endloop
  endfacet
  facet normal 0.450746 -0.380086 0.80769
    outer loop
      vertex -60.5 16.6566 2.81601
      vertex -60.5 17.1679 3.05662
      vertex -64.7 16.1442 4.91877
    endloop
  endfacet
  facet normal 0.450744 -0.478335 0.753675
    outer loop
      vertex -60.5 17.1679 3.05662
      vertex -64.7 16.396 5.07858
      vertex -64.7 16.1442 4.91877
    endloop
  endfacet
  facet normal 0.450747 -0.892652 0
    outer loop
      vertex -64.7 17.3703 6.85087
      vertex -60.5 19.4911 7.28256
      vertex -64.7 17.3703 7.14913
    endloop
  endfacet
  facet normal 0.450747 -0.892652 0
    outer loop
      vertex -60.5 19.4911 7.28256
      vertex -64.7 17.3703 6.85087
      vertex -60.5 19.4911 6.71744
    endloop
  endfacet
  facet normal 0.450745 0.056051 -0.890891
    outer loop
      vertex -64.7 15 9.375
      vertex -60.5 14.436 11.4645
      vertex -64.7 14.7023 9.35627
    endloop
  endfacet
  facet normal 0.450751 -0.380034 0.807711
    outer loop
      vertex -60.5 16.6566 2.81601
      vertex -64.7 16.1442 4.91877
      vertex -64.7 15.8743 4.79178
    endloop
  endfacet
  facet normal 0.450747 -0.275791 0.848979
    outer loop
      vertex -60.5 16.6566 2.81601
      vertex -64.7 15.8743 4.79178
      vertex -64.7 15.5906 4.69962
    endloop
  endfacet
  facet normal 0.45075 -0.275824 0.848967
    outer loop
      vertex -60.5 16.1191 2.64138
      vertex -60.5 16.6566 2.81601
      vertex -64.7 15.5906 4.69962
    endloop
  endfacet
  facet normal 0.450743 -0.167314 -0.876833
    outer loop
      vertex -64.7 15.5906 9.30038
      vertex -60.5 15.564 11.4645
      vertex -64.7 15.2977 9.35627
    endloop
  endfacet
  facet normal -1.27565e-05 -0.0627617 0.998029
    outer loop
      vertex 51.936 15.564 2.53548
      vertex 50.9612 15 2.5
      vertex 52.0265 15.4735 2.52979
    endloop
  endfacet
  facet normal 0 -0.0627837 0.998027
    outer loop
      vertex 17.8078 15.564 2.53548
      vertex 50.9612 15 2.5
      vertex 51.936 15.564 2.53548
    endloop
  endfacet
  facet normal 0 -0.0627837 0.998027
    outer loop
      vertex 50.9612 15 2.5
      vertex 17.8078 15.564 2.53548
      vertex 16.5388 15 2.5
    endloop
  endfacet
  facet normal 1.46914e-05 -0.0628442 -0.998023
    outer loop
      vertex 50.9612 15 11.5
      vertex 51.936 15.564 11.4645
      vertex 52.0265 15.4735 11.4702
    endloop
  endfacet
  facet normal 0 -0.0628189 -0.998025
    outer loop
      vertex 50.9612 15 11.5
      vertex 17.8078 15.564 11.4645
      vertex 51.936 15.564 11.4645
    endloop
  endfacet
  facet normal 0 -0.0628189 -0.998025
    outer loop
      vertex 17.8078 15.564 11.4645
      vertex 50.9612 15 11.5
      vertex 16.5388 15 11.5
    endloop
  endfacet
  facet normal 0 -1 0
    outer loop
      vertex 26.6438 19.4911 6.71744
      vertex 48.0089 19.4911 7.28256
      vertex 26.6438 19.4911 7.28256
    endloop
  endfacet
  facet normal 0 -1 -0
    outer loop
      vertex 48.0089 19.4911 7.28256
      vertex 26.6438 19.4911 6.71744
      vertex 48.0089 19.4911 6.71744
    endloop
  endfacet
  facet normal 0 -1 0
    outer loop
      vertex 56.9911 19.4911 6.71744
      vertex 61.0662 19.4911 7.28256
      vertex 56.9911 19.4911 7.28256
    endloop
  endfacet
  facet normal 0 -1 -0
    outer loop
      vertex 61.0662 19.4911 7.28256
      vertex 56.9911 19.4911 6.71744
      vertex 61.0662 19.4911 6.71744
    endloop
  endfacet
  facet normal 0 1 -0
    outer loop
      vertex 40.8562 10.5089 6.71744
      vertex 6.43377 10.5089 7.28256
      vertex 40.8562 10.5089 7.28256
    endloop
  endfacet
  facet normal 0 1 0
    outer loop
      vertex 6.43377 10.5089 7.28256
      vertex 40.8562 10.5089 6.71744
      vertex 6.43377 10.5089 6.71744
    endloop
  endfacet
  facet normal -0 0.637364 0.770563
    outer loop
      vertex 10.5875 12.355 3.35942
      vertex 44.0302 11.9195 3.71964
      vertex 45.0099 12.355 3.35942
    endloop
  endfacet
  facet normal 0 0.637364 0.770563
    outer loop
      vertex 44.0302 11.9195 3.71964
      vertex 10.5875 12.355 3.35942
      vertex 9.60775 11.9195 3.71964
    endloop
  endfacet
  facet normal 0 -0.72901 0.684503
    outer loop
      vertex 49.4195 18.0805 3.71964
      vertex 24.3402 18.4673 4.13159
      vertex 23.4698 18.0805 3.71964
    endloop
  endfacet
  facet normal 0 -0.72901 0.684503
    outer loop
      vertex 24.3402 18.4673 4.13159
      vertex 49.4195 18.0805 3.71964
      vertex 49.0327 18.4673 4.13159
    endloop
  endfacet
  facet normal 0 -0.72901 0.684503
    outer loop
      vertex 57.8922 18.0805 3.71964
      vertex 55.9673 18.4673 4.13159
      vertex 55.5805 18.0805 3.71964
    endloop
  endfacet
  facet normal 0 -0.72901 0.684503
    outer loop
      vertex 55.9673 18.4673 4.13159
      vertex 57.8922 18.0805 3.71964
      vertex 58.7627 18.4673 4.13159
    endloop
  endfacet
  facet normal 0 -0.729043 -0.684468
    outer loop
      vertex 24.3402 18.4673 9.86841
      vertex 49.4195 18.0805 10.2804
      vertex 23.4698 18.0805 10.2804
    endloop
  endfacet
  facet normal 0 -0.729043 -0.684468
    outer loop
      vertex 49.4195 18.0805 10.2804
      vertex 24.3402 18.4673 9.86841
      vertex 49.0327 18.4673 9.86841
    endloop
  endfacet
  facet normal 0 -0.729043 -0.684468
    outer loop
      vertex 55.9673 18.4673 9.86841
      vertex 57.8922 18.0805 10.2804
      vertex 55.5805 18.0805 10.2804
    endloop
  endfacet
  facet normal 0 -0.729043 -0.684468
    outer loop
      vertex 57.8922 18.0805 10.2804
      vertex 55.9673 18.4673 9.86841
      vertex 58.7627 18.4673 9.86841
    endloop
  endfacet
  facet normal 0 -0.929736 -0.368228
    outer loop
      vertex 26.1682 19.2798 8.39058
      vertex 48.4283 19.0717 8.91601
      vertex 25.7002 19.0717 8.91601
    endloop
  endfacet
  facet normal 0 -0.929736 -0.368228
    outer loop
      vertex 48.4283 19.0717 8.91601
      vertex 26.1682 19.2798 8.39058
      vertex 48.2202 19.2798 8.39058
    endloop
  endfacet
  facet normal 0 -0.929736 -0.368228
    outer loop
      vertex 56.7798 19.2798 8.39058
      vertex 60.1226 19.0717 8.91601
      vertex 56.5717 19.0717 8.91601
    endloop
  endfacet
  facet normal 0 -0.929736 -0.368228
    outer loop
      vertex 60.1226 19.0717 8.91601
      vertex 56.7798 19.2798 8.39058
      vertex 60.5907 19.2798 8.39058
    endloop
  endfacet
  facet normal 0 -0.425794 0.90482
    outer loop
      vertex 21.4165 17.1679 3.05662
      vertex 50.8434 16.6566 2.81601
      vertex 50.3321 17.1679 3.05662
    endloop
  endfacet
  facet normal 0 -0.425794 0.90482
    outer loop
      vertex 50.8434 16.6566 2.81601
      vertex 21.4165 17.1679 3.05662
      vertex 20.2661 16.6566 2.81601
    endloop
  endfacet
  facet normal 0 -0.425794 0.90482
    outer loop
      vertex 54.6679 17.1679 3.05662
      vertex 54.6885 16.6566 2.81601
      vertex 55.839 17.1679 3.05662
    endloop
  endfacet
  facet normal 0 -0.425794 0.90482
    outer loop
      vertex 54.6885 16.6566 2.81601
      vertex 54.6679 17.1679 3.05662
      vertex 54.1566 16.6566 2.81601
    endloop
  endfacet
  facet normal 0 -0.187397 0.982284
    outer loop
      vertex 19.0568 16.1191 2.64138
      vertex 51.936 15.564 2.53548
      vertex 51.3809 16.1191 2.64138
    endloop
  endfacet
  facet normal 0 -0.187397 0.982284
    outer loop
      vertex 51.936 15.564 2.53548
      vertex 19.0568 16.1191 2.64138
      vertex 17.8078 15.564 2.53548
    endloop
  endfacet
  facet normal 0 -0.929736 0.368228
    outer loop
      vertex 48.4283 19.0717 5.08399
      vertex 26.1682 19.2798 5.60942
      vertex 25.7002 19.0717 5.08399
    endloop
  endfacet
  facet normal 0 -0.929736 0.368228
    outer loop
      vertex 26.1682 19.2798 5.60942
      vertex 48.4283 19.0717 5.08399
      vertex 48.2202 19.2798 5.60942
    endloop
  endfacet
  facet normal 0 -0.929736 0.368228
    outer loop
      vertex 60.1226 19.0717 5.08399
      vertex 56.7798 19.2798 5.60942
      vertex 56.5717 19.0717 5.08399
    endloop
  endfacet
  facet normal 0 -0.929736 0.368228
    outer loop
      vertex 56.7798 19.2798 5.60942
      vertex 60.1226 19.0717 5.08399
      vertex 60.5907 19.2798 5.60942
    endloop
  endfacet
  facet normal 0 -0.968601 0.248622
    outer loop
      vertex 48.2202 19.2798 5.60942
      vertex 26.4844 19.4203 6.15679
      vertex 26.1682 19.2798 5.60942
    endloop
  endfacet
  facet normal 0 -0.968601 0.248622
    outer loop
      vertex 26.4844 19.4203 6.15679
      vertex 48.2202 19.2798 5.60942
      vertex 48.0797 19.4203 6.15679
    endloop
  endfacet
  facet normal 0 -0.968601 0.248622
    outer loop
      vertex 60.5907 19.2798 5.60942
      vertex 56.9203 19.4203 6.15679
      vertex 56.7798 19.2798 5.60942
    endloop
  endfacet
  facet normal 0 -0.968601 0.248622
    outer loop
      vertex 56.9203 19.4203 6.15679
      vertex 60.5907 19.2798 5.60942
      vertex 60.9069 19.4203 6.15679
    endloop
  endfacet
  facet normal 0 -0.80899 0.587822
    outer loop
      vertex 49.0327 18.4673 4.13159
      vertex 25.0876 18.7995 4.58878
      vertex 24.3402 18.4673 4.13159
    endloop
  endfacet
  facet normal 0 -0.80899 0.587822
    outer loop
      vertex 25.0876 18.7995 4.58878
      vertex 49.0327 18.4673 4.13159
      vertex 48.7005 18.7995 4.58878
    endloop
  endfacet
  facet normal 0 -0.80899 0.587822
    outer loop
      vertex 58.7627 18.4673 4.13159
      vertex 56.2995 18.7995 4.58878
      vertex 55.9673 18.4673 4.13159
    endloop
  endfacet
  facet normal 0 -0.80899 0.587822
    outer loop
      vertex 56.2995 18.7995 4.58878
      vertex 58.7627 18.4673 4.13159
      vertex 59.51 18.7995 4.58878
    endloop
  endfacet
  facet normal 0 -0.42578 -0.904827
    outer loop
      vertex 50.8434 16.6566 11.184
      vertex 21.4165 17.1679 10.9434
      vertex 50.3321 17.1679 10.9434
    endloop
  endfacet
  facet normal 0 -0.42578 -0.904827
    outer loop
      vertex 21.4165 17.1679 10.9434
      vertex 50.8434 16.6566 11.184
      vertex 20.2661 16.6566 11.184
    endloop
  endfacet
  facet normal 0 -0.42578 -0.904827
    outer loop
      vertex 54.6885 16.6566 11.184
      vertex 54.6679 17.1679 10.9434
      vertex 55.839 17.1679 10.9434
    endloop
  endfacet
  facet normal 0 -0.42578 -0.904827
    outer loop
      vertex 54.6679 17.1679 10.9434
      vertex 54.6885 16.6566 11.184
      vertex 54.1566 16.6566 11.184
    endloop
  endfacet
  facet normal 0 -0.535856 -0.844309
    outer loop
      vertex 50.3321 17.1679 10.9434
      vertex 22.4901 17.645 10.6406
      vertex 49.855 17.645 10.6406
    endloop
  endfacet
  facet normal 0 -0.535856 -0.844309
    outer loop
      vertex 22.4901 17.645 10.6406
      vertex 50.3321 17.1679 10.9434
      vertex 21.4165 17.1679 10.9434
    endloop
  endfacet
  facet normal 0 -0.535856 -0.844309
    outer loop
      vertex 55.839 17.1679 10.9434
      vertex 55.145 17.645 10.6406
      vertex 56.9125 17.645 10.6406
    endloop
  endfacet
  facet normal 0 -0.535856 -0.844309
    outer loop
      vertex 55.145 17.645 10.6406
      vertex 55.839 17.1679 10.9434
      vertex 54.6679 17.1679 10.9434
    endloop
  endfacet
  facet normal 0 -0.308946 -0.95108
    outer loop
      vertex 51.3809 16.1191 11.3586
      vertex 20.2661 16.6566 11.184
      vertex 50.8434 16.6566 11.184
    endloop
  endfacet
  facet normal 0 -0.308946 -0.95108
    outer loop
      vertex 20.2661 16.6566 11.184
      vertex 51.3809 16.1191 11.3586
      vertex 19.0568 16.1191 11.3586
    endloop
  endfacet
  facet normal 0 -0.309046 -0.951047
    outer loop
      vertex 54.1566 16.6566 11.184
      vertex 54.6885 16.6566 11.184
      vertex 53.731 16.231 11.3223
    endloop
  endfacet
  facet normal 0 -0.87634 -0.481694
    outer loop
      vertex 25.7002 19.0717 8.91601
      vertex 48.7005 18.7995 9.41122
      vertex 25.0876 18.7995 9.41122
    endloop
  endfacet
  facet normal 0 -0.87634 -0.481694
    outer loop
      vertex 48.7005 18.7995 9.41122
      vertex 25.7002 19.0717 8.91601
      vertex 48.4283 19.0717 8.91601
    endloop
  endfacet
  facet normal 0 -0.87634 -0.481694
    outer loop
      vertex 56.5717 19.0717 8.91601
      vertex 59.51 18.7995 9.41122
      vertex 56.2995 18.7995 9.41122
    endloop
  endfacet
  facet normal 0 -0.87634 -0.481694
    outer loop
      vertex 59.51 18.7995 9.41122
      vertex 56.5717 19.0717 8.91601
      vertex 60.1226 19.0717 8.91601
    endloop
  endfacet
  facet normal 0 -0.968601 -0.248622
    outer loop
      vertex 26.4844 19.4203 7.84321
      vertex 48.2202 19.2798 8.39058
      vertex 26.1682 19.2798 8.39058
    endloop
  endfacet
  facet normal 0 -0.968601 -0.248622
    outer loop
      vertex 48.2202 19.2798 8.39058
      vertex 26.4844 19.4203 7.84321
      vertex 48.0797 19.4203 7.84321
    endloop
  endfacet
  facet normal 0 -0.968601 -0.248622
    outer loop
      vertex 56.9203 19.4203 7.84321
      vertex 60.5907 19.2798 8.39058
      vertex 56.7798 19.2798 8.39058
    endloop
  endfacet
  facet normal 0 -0.968601 -0.248622
    outer loop
      vertex 60.5907 19.2798 8.39058
      vertex 56.9203 19.4203 7.84321
      vertex 60.9069 19.4203 7.84321
    endloop
  endfacet
  facet normal -0 0.929736 0.368228
    outer loop
      vertex 7.37742 10.9283 5.08399
      vertex 41.3318 10.7202 5.60942
      vertex 41.7998 10.9283 5.08399
    endloop
  endfacet
  facet normal 0 0.929736 0.368228
    outer loop
      vertex 41.3318 10.7202 5.60942
      vertex 7.37742 10.9283 5.08399
      vertex 6.90935 10.7202 5.60942
    endloop
  endfacet
  facet normal 0 -0.308994 0.951064
    outer loop
      vertex 20.2661 16.6566 2.81601
      vertex 51.3809 16.1191 2.64138
      vertex 50.8434 16.6566 2.81601
    endloop
  endfacet
  facet normal 0 -0.308994 0.951064
    outer loop
      vertex 51.3809 16.1191 2.64138
      vertex 20.2661 16.6566 2.81601
      vertex 19.0568 16.1191 2.64138
    endloop
  endfacet
  facet normal 0 -0.308985 0.951067
    outer loop
      vertex 54.6885 16.6566 2.81601
      vertex 54.1566 16.6566 2.81601
      vertex 53.731 16.231 2.67774
    endloop
  endfacet
  facet normal 0 -0.637364 0.770563
    outer loop
      vertex 23.4698 18.0805 3.71964
      vertex 49.855 17.645 3.35942
      vertex 49.4195 18.0805 3.71964
    endloop
  endfacet
  facet normal 0 -0.637364 0.770563
    outer loop
      vertex 49.855 17.645 3.35942
      vertex 23.4698 18.0805 3.71964
      vertex 22.4901 17.645 3.35942
    endloop
  endfacet
  facet normal 0 -0.637364 0.770563
    outer loop
      vertex 55.5805 18.0805 3.71964
      vertex 56.9125 17.645 3.35942
      vertex 57.8922 18.0805 3.71964
    endloop
  endfacet
  facet normal 0 -0.637364 0.770563
    outer loop
      vertex 56.9125 17.645 3.35942
      vertex 55.5805 18.0805 3.71964
      vertex 55.145 17.645 3.35942
    endloop
  endfacet
  facet normal 0 -0.535856 0.844309
    outer loop
      vertex 22.4901 17.645 3.35942
      vertex 50.3321 17.1679 3.05662
      vertex 49.855 17.645 3.35942
    endloop
  endfacet
  facet normal 0 -0.535856 0.844309
    outer loop
      vertex 50.3321 17.1679 3.05662
      vertex 22.4901 17.645 3.35942
      vertex 21.4165 17.1679 3.05662
    endloop
  endfacet
  facet normal 0 -0.535856 0.844309
    outer loop
      vertex 55.145 17.645 3.35942
      vertex 55.839 17.1679 3.05662
      vertex 56.9125 17.645 3.35942
    endloop
  endfacet
  facet normal 0 -0.535856 0.844309
    outer loop
      vertex 55.839 17.1679 3.05662
      vertex 55.145 17.645 3.35942
      vertex 54.6679 17.1679 3.05662
    endloop
  endfacet
  facet normal 0 -0.992121 0.125287
    outer loop
      vertex 48.0797 19.4203 6.15679
      vertex 26.6438 19.4911 6.71744
      vertex 26.4844 19.4203 6.15679
    endloop
  endfacet
  facet normal 0 -0.992121 0.125287
    outer loop
      vertex 26.6438 19.4911 6.71744
      vertex 48.0797 19.4203 6.15679
      vertex 48.0089 19.4911 6.71744
    endloop
  endfacet
  facet normal 0 -0.992121 0.125287
    outer loop
      vertex 60.9069 19.4203 6.15679
      vertex 56.9911 19.4911 6.71744
      vertex 56.9203 19.4203 6.15679
    endloop
  endfacet
  facet normal 0 -0.992121 0.125287
    outer loop
      vertex 56.9911 19.4911 6.71744
      vertex 60.9069 19.4203 6.15679
      vertex 61.0662 19.4911 6.71744
    endloop
  endfacet
  facet normal 0 -0.187397 -0.982284
    outer loop
      vertex 51.936 15.564 11.4645
      vertex 19.0568 16.1191 11.3586
      vertex 51.3809 16.1191 11.3586
    endloop
  endfacet
  facet normal 0 -0.187397 -0.982284
    outer loop
      vertex 19.0568 16.1191 11.3586
      vertex 51.936 15.564 11.4645
      vertex 17.8078 15.564 11.4645
    endloop
  endfacet
  facet normal 0 -0.992121 -0.125287
    outer loop
      vertex 26.6438 19.4911 7.28256
      vertex 48.0797 19.4203 7.84321
      vertex 26.4844 19.4203 7.84321
    endloop
  endfacet
  facet normal 0 -0.992121 -0.125287
    outer loop
      vertex 48.0797 19.4203 7.84321
      vertex 26.6438 19.4911 7.28256
      vertex 48.0089 19.4911 7.28256
    endloop
  endfacet
  facet normal 0 -0.992121 -0.125287
    outer loop
      vertex 56.9911 19.4911 7.28256
      vertex 60.9069 19.4203 7.84321
      vertex 56.9203 19.4203 7.84321
    endloop
  endfacet
  facet normal 0 -0.992121 -0.125287
    outer loop
      vertex 60.9069 19.4203 7.84321
      vertex 56.9911 19.4911 7.28256
      vertex 61.0662 19.4911 7.28256
    endloop
  endfacet
  facet normal -0 0.0627837 0.998027
    outer loop
      vertex 16.5388 15 2.5
      vertex 49.6922 14.436 2.53548
      vertex 50.9612 15 2.5
    endloop
  endfacet
  facet normal 0 0.0627837 0.998027
    outer loop
      vertex 49.6922 14.436 2.53548
      vertex 16.5388 15 2.5
      vertex 15.2698 14.436 2.53548
    endloop
  endfacet
  facet normal -0 0.535856 0.844309
    outer loop
      vertex 11.661 12.8321 3.05662
      vertex 45.0099 12.355 3.35942
      vertex 46.0835 12.8321 3.05662
    endloop
  endfacet
  facet normal 0 0.535856 0.844309
    outer loop
      vertex 45.0099 12.355 3.35942
      vertex 11.661 12.8321 3.05662
      vertex 10.5875 12.355 3.35942
    endloop
  endfacet
  facet normal -0 0.187397 0.982284
    outer loop
      vertex 15.2698 14.436 2.53548
      vertex 48.4432 13.8809 2.64138
      vertex 49.6922 14.436 2.53548
    endloop
  endfacet
  facet normal 0 0.187397 0.982284
    outer loop
      vertex 48.4432 13.8809 2.64138
      vertex 15.2698 14.436 2.53548
      vertex 14.0208 13.8809 2.64138
    endloop
  endfacet
  facet normal 0 0.929736 -0.368228
    outer loop
      vertex 41.3318 10.7202 8.39058
      vertex 7.37742 10.9283 8.91601
      vertex 41.7998 10.9283 8.91601
    endloop
  endfacet
  facet normal 0 0.929736 -0.368228
    outer loop
      vertex 7.37742 10.9283 8.91601
      vertex 41.3318 10.7202 8.39058
      vertex 6.90935 10.7202 8.39058
    endloop
  endfacet
  facet normal 0 0.42578 -0.904827
    outer loop
      vertex 46.0835 12.8321 10.9434
      vertex 12.8115 13.3434 11.184
      vertex 47.2339 13.3434 11.184
    endloop
  endfacet
  facet normal 0 0.42578 -0.904827
    outer loop
      vertex 12.8115 13.3434 11.184
      vertex 46.0835 12.8321 10.9434
      vertex 11.661 12.8321 10.9434
    endloop
  endfacet
  facet normal -0 0.72901 0.684503
    outer loop
      vertex 9.60775 11.9195 3.71964
      vertex 43.1598 11.5327 4.13159
      vertex 44.0302 11.9195 3.71964
    endloop
  endfacet
  facet normal 0 0.72901 0.684503
    outer loop
      vertex 43.1598 11.5327 4.13159
      vertex 9.60775 11.9195 3.71964
      vertex 8.73735 11.5327 4.13159
    endloop
  endfacet
  facet normal -0 0.87634 0.481694
    outer loop
      vertex 7.98997 11.2005 4.58878
      vertex 41.7998 10.9283 5.08399
      vertex 42.4124 11.2005 4.58878
    endloop
  endfacet
  facet normal 0 0.87634 0.481694
    outer loop
      vertex 41.7998 10.9283 5.08399
      vertex 7.98997 11.2005 4.58878
      vertex 7.37742 10.9283 5.08399
    endloop
  endfacet
  facet normal 0 -0.87634 0.481694
    outer loop
      vertex 48.7005 18.7995 4.58878
      vertex 25.7002 19.0717 5.08399
      vertex 25.0876 18.7995 4.58878
    endloop
  endfacet
  facet normal 0 -0.87634 0.481694
    outer loop
      vertex 25.7002 19.0717 5.08399
      vertex 48.7005 18.7995 4.58878
      vertex 48.4283 19.0717 5.08399
    endloop
  endfacet
  facet normal 0 -0.87634 0.481694
    outer loop
      vertex 59.51 18.7995 4.58878
      vertex 56.5717 19.0717 5.08399
      vertex 56.2995 18.7995 4.58878
    endloop
  endfacet
  facet normal 0 -0.87634 0.481694
    outer loop
      vertex 56.5717 19.0717 5.08399
      vertex 59.51 18.7995 4.58878
      vertex 60.1226 19.0717 5.08399
    endloop
  endfacet
  facet normal 0 -0.637343 -0.77058
    outer loop
      vertex 49.855 17.645 10.6406
      vertex 23.4698 18.0805 10.2804
      vertex 49.4195 18.0805 10.2804
    endloop
  endfacet
  facet normal 0 -0.637343 -0.77058
    outer loop
      vertex 23.4698 18.0805 10.2804
      vertex 49.855 17.645 10.6406
      vertex 22.4901 17.645 10.6406
    endloop
  endfacet
  facet normal 0 -0.637343 -0.77058
    outer loop
      vertex 56.9125 17.645 10.6406
      vertex 55.5805 18.0805 10.2804
      vertex 57.8922 18.0805 10.2804
    endloop
  endfacet
  facet normal 0 -0.637343 -0.77058
    outer loop
      vertex 55.5805 18.0805 10.2804
      vertex 56.9125 17.645 10.6406
      vertex 55.145 17.645 10.6406
    endloop
  endfacet
  facet normal 0 -0.80899 -0.587822
    outer loop
      vertex 25.0876 18.7995 9.41122
      vertex 49.0327 18.4673 9.86841
      vertex 24.3402 18.4673 9.86841
    endloop
  endfacet
  facet normal 0 -0.80899 -0.587822
    outer loop
      vertex 49.0327 18.4673 9.86841
      vertex 25.0876 18.7995 9.41122
      vertex 48.7005 18.7995 9.41122
    endloop
  endfacet
  facet normal 0 -0.80899 -0.587822
    outer loop
      vertex 56.2995 18.7995 9.41122
      vertex 58.7627 18.4673 9.86841
      vertex 55.9673 18.4673 9.86841
    endloop
  endfacet
  facet normal 0 -0.80899 -0.587822
    outer loop
      vertex 58.7627 18.4673 9.86841
      vertex 56.2995 18.7995 9.41122
      vertex 59.51 18.7995 9.41122
    endloop
  endfacet
  facet normal -0 0.308994 0.951064
    outer loop
      vertex 14.0208 13.8809 2.64138
      vertex 47.2339 13.3434 2.81601
      vertex 48.4432 13.8809 2.64138
    endloop
  endfacet
  facet normal 0 0.308994 0.951064
    outer loop
      vertex 47.2339 13.3434 2.81601
      vertex 14.0208 13.8809 2.64138
      vertex 12.8115 13.3434 2.81601
    endloop
  endfacet
  facet normal -0 0.425794 0.90482
    outer loop
      vertex 12.8115 13.3434 2.81601
      vertex 46.0835 12.8321 3.05662
      vertex 47.2339 13.3434 2.81601
    endloop
  endfacet
  facet normal 0 0.425794 0.90482
    outer loop
      vertex 46.0835 12.8321 3.05662
      vertex 12.8115 13.3434 2.81601
      vertex 11.661 12.8321 3.05662
    endloop
  endfacet
  facet normal 0 0.968601 -0.248622
    outer loop
      vertex 41.0156 10.5797 7.84321
      vertex 6.90935 10.7202 8.39058
      vertex 41.3318 10.7202 8.39058
    endloop
  endfacet
  facet normal 0 0.968601 -0.248622
    outer loop
      vertex 6.90935 10.7202 8.39058
      vertex 41.0156 10.5797 7.84321
      vertex 6.59314 10.5797 7.84321
    endloop
  endfacet
  facet normal 0 0.308946 -0.95108
    outer loop
      vertex 47.2339 13.3434 11.184
      vertex 14.0208 13.8809 11.3586
      vertex 48.4432 13.8809 11.3586
    endloop
  endfacet
  facet normal 0 0.308946 -0.95108
    outer loop
      vertex 14.0208 13.8809 11.3586
      vertex 47.2339 13.3434 11.184
      vertex 12.8115 13.3434 11.184
    endloop
  endfacet
  facet normal -0 0.80899 0.587822
    outer loop
      vertex 8.73735 11.5327 4.13159
      vertex 42.4124 11.2005 4.58878
      vertex 43.1598 11.5327 4.13159
    endloop
  endfacet
  facet normal 0 0.80899 0.587822
    outer loop
      vertex 42.4124 11.2005 4.58878
      vertex 8.73735 11.5327 4.13159
      vertex 7.98997 11.2005 4.58878
    endloop
  endfacet
  facet normal 0 0.992121 -0.125287
    outer loop
      vertex 40.8562 10.5089 7.28256
      vertex 6.59314 10.5797 7.84321
      vertex 41.0156 10.5797 7.84321
    endloop
  endfacet
  facet normal 0 0.992121 -0.125287
    outer loop
      vertex 6.59314 10.5797 7.84321
      vertex 40.8562 10.5089 7.28256
      vertex 6.43377 10.5089 7.28256
    endloop
  endfacet
  facet normal 0 0.729043 -0.684468
    outer loop
      vertex 43.1598 11.5327 9.86841
      vertex 9.60775 11.9195 10.2804
      vertex 44.0302 11.9195 10.2804
    endloop
  endfacet
  facet normal 0 0.729043 -0.684468
    outer loop
      vertex 9.60775 11.9195 10.2804
      vertex 43.1598 11.5327 9.86841
      vertex 8.73735 11.5327 9.86841
    endloop
  endfacet
  facet normal 0 0.87634 -0.481694
    outer loop
      vertex 41.7998 10.9283 8.91601
      vertex 7.98997 11.2005 9.41122
      vertex 42.4124 11.2005 9.41122
    endloop
  endfacet
  facet normal 0 0.87634 -0.481694
    outer loop
      vertex 7.98997 11.2005 9.41122
      vertex 41.7998 10.9283 8.91601
      vertex 7.37742 10.9283 8.91601
    endloop
  endfacet
  facet normal 0 0.637343 -0.77058
    outer loop
      vertex 44.0302 11.9195 10.2804
      vertex 10.5875 12.355 10.6406
      vertex 45.0099 12.355 10.6406
    endloop
  endfacet
  facet normal 0 0.637343 -0.77058
    outer loop
      vertex 10.5875 12.355 10.6406
      vertex 44.0302 11.9195 10.2804
      vertex 9.60775 11.9195 10.2804
    endloop
  endfacet
  facet normal 0 0.535856 -0.844309
    outer loop
      vertex 45.0099 12.355 10.6406
      vertex 11.661 12.8321 10.9434
      vertex 46.0835 12.8321 10.9434
    endloop
  endfacet
  facet normal 0 0.535856 -0.844309
    outer loop
      vertex 11.661 12.8321 10.9434
      vertex 45.0099 12.355 10.6406
      vertex 10.5875 12.355 10.6406
    endloop
  endfacet
  facet normal 0 0.187397 -0.982284
    outer loop
      vertex 48.4432 13.8809 11.3586
      vertex 15.2698 14.436 11.4645
      vertex 49.6922 14.436 11.4645
    endloop
  endfacet
  facet normal 0 0.187397 -0.982284
    outer loop
      vertex 15.2698 14.436 11.4645
      vertex 48.4432 13.8809 11.3586
      vertex 14.0208 13.8809 11.3586
    endloop
  endfacet
  facet normal 0 0.0628189 -0.998025
    outer loop
      vertex 49.6922 14.436 11.4645
      vertex 16.5388 15 11.5
      vertex 50.9612 15 11.5
    endloop
  endfacet
  facet normal 0 0.0628189 -0.998025
    outer loop
      vertex 16.5388 15 11.5
      vertex 49.6922 14.436 11.4645
      vertex 15.2698 14.436 11.4645
    endloop
  endfacet
  facet normal -0 0.968601 0.248622
    outer loop
      vertex 6.90935 10.7202 5.60942
      vertex 41.0156 10.5797 6.15679
      vertex 41.3318 10.7202 5.60942
    endloop
  endfacet
  facet normal 0 0.968601 0.248622
    outer loop
      vertex 41.0156 10.5797 6.15679
      vertex 6.90935 10.7202 5.60942
      vertex 6.59314 10.5797 6.15679
    endloop
  endfacet
  facet normal -0 0.992121 0.125287
    outer loop
      vertex 6.59314 10.5797 6.15679
      vertex 40.8562 10.5089 6.71744
      vertex 41.0156 10.5797 6.15679
    endloop
  endfacet
  facet normal 0 0.992121 0.125287
    outer loop
      vertex 40.8562 10.5089 6.71744
      vertex 6.59314 10.5797 6.15679
      vertex 6.43377 10.5089 6.71744
    endloop
  endfacet
  facet normal 0 0.80899 -0.587822
    outer loop
      vertex 42.4124 11.2005 9.41122
      vertex 8.73735 11.5327 9.86841
      vertex 43.1598 11.5327 9.86841
    endloop
  endfacet
  facet normal 0 0.80899 -0.587822
    outer loop
      vertex 8.73735 11.5327 9.86841
      vertex 42.4124 11.2005 9.41122
      vertex 7.98997 11.2005 9.41122
    endloop
  endfacet
  facet normal 0 -0.308957 -0.951076
    outer loop
      vertex -74.5 15.5906 9.30038
      vertex -64.7 15.8743 9.20822
      vertex -64.7 15.5906 9.30038
    endloop
  endfacet
  facet normal -0 -0.308957 -0.951076
    outer loop
      vertex -64.7 15.8743 9.20822
      vertex -74.5 15.5906 9.30038
      vertex -74.5 15.8743 9.20822
    endloop
  endfacet
  facet normal 0 -0.535858 0.844308
    outer loop
      vertex -74.5 16.396 5.07858
      vertex -64.7 16.1442 4.91877
      vertex -64.7 16.396 5.07858
    endloop
  endfacet
  facet normal 0 -0.535858 0.844308
    outer loop
      vertex -64.7 16.1442 4.91877
      vertex -74.5 16.396 5.07858
      vertex -74.5 16.1442 4.91877
    endloop
  endfacet
  facet normal 0 -0.968643 0.248456
    outer loop
      vertex -74.5 17.2588 6.26608
      vertex -64.7 17.3329 6.55497
      vertex -74.5 17.3329 6.55497
    endloop
  endfacet
  facet normal 0 -0.968643 0.248456
    outer loop
      vertex -64.7 17.3329 6.55497
      vertex -74.5 17.2588 6.26608
      vertex -64.7 17.2588 6.26608
    endloop
  endfacet
  facet normal 0 -0.929771 0.36814
    outer loop
      vertex -74.5 17.149 5.98877
      vertex -64.7 17.2588 6.26608
      vertex -74.5 17.2588 6.26608
    endloop
  endfacet
  facet normal 0 -0.929771 0.36814
    outer loop
      vertex -64.7 17.2588 6.26608
      vertex -74.5 17.149 5.98877
      vertex -64.7 17.149 5.98877
    endloop
  endfacet
  facet normal 0 -0.929771 -0.36814
    outer loop
      vertex -74.5 17.2588 7.73392
      vertex -64.7 17.149 8.01123
      vertex -74.5 17.149 8.01123
    endloop
  endfacet
  facet normal 0 -0.929771 -0.36814
    outer loop
      vertex -64.7 17.149 8.01123
      vertex -74.5 17.2588 7.73392
      vertex -64.7 17.2588 7.73392
    endloop
  endfacet
  facet normal 0 -0.425737 -0.904847
    outer loop
      vertex -74.5 15.8743 9.20822
      vertex -64.7 16.1442 9.08123
      vertex -64.7 15.8743 9.20822
    endloop
  endfacet
  facet normal -0 -0.425737 -0.904847
    outer loop
      vertex -64.7 16.1442 9.08123
      vertex -74.5 15.8743 9.20822
      vertex -74.5 16.1442 9.08123
    endloop
  endfacet
  facet normal -0 0.0627915 0.998027
    outer loop
      vertex -74.5 15 4.625
      vertex -64.7 14.7023 4.64373
      vertex -64.7 15 4.625
    endloop
  endfacet
  facet normal 0 0.0627915 0.998027
    outer loop
      vertex -64.7 14.7023 4.64373
      vertex -74.5 15 4.625
      vertex -74.5 14.7023 4.64373
    endloop
  endfacet
  facet normal 0 0.929771 0.36814
    outer loop
      vertex -64.7 12.851 5.98877
      vertex -74.5 12.7412 6.26608
      vertex -64.7 12.7412 6.26608
    endloop
  endfacet
  facet normal 0 0.929771 0.36814
    outer loop
      vertex -74.5 12.7412 6.26608
      vertex -64.7 12.851 5.98877
      vertex -74.5 12.851 5.98877
    endloop
  endfacet
  facet normal 0 -0.72892 0.684599
    outer loop
      vertex -74.5 16.6258 5.2687
      vertex -64.7 16.83 5.48612
      vertex -74.5 16.83 5.48612
    endloop
  endfacet
  facet normal 0 -0.72892 0.684599
    outer loop
      vertex -64.7 16.83 5.48612
      vertex -74.5 16.6258 5.2687
      vertex -64.7 16.6258 5.2687
    endloop
  endfacet
  facet normal 0 -0.63745 -0.770492
    outer loop
      vertex -74.5 16.396 8.92142
      vertex -64.7 16.6258 8.7313
      vertex -64.7 16.396 8.92142
    endloop
  endfacet
  facet normal -0 -0.63745 -0.770492
    outer loop
      vertex -64.7 16.6258 8.7313
      vertex -74.5 16.396 8.92142
      vertex -74.5 16.6258 8.7313
    endloop
  endfacet
  facet normal 0 -0.992107 -0.125396
    outer loop
      vertex -74.5 17.3703 7.14913
      vertex -64.7 17.3329 7.44503
      vertex -74.5 17.3329 7.44503
    endloop
  endfacet
  facet normal 0 -0.992107 -0.125396
    outer loop
      vertex -64.7 17.3329 7.44503
      vertex -74.5 17.3703 7.14913
      vertex -64.7 17.3703 7.14913
    endloop
  endfacet
  facet normal 0 -0.72892 -0.684599
    outer loop
      vertex -74.5 16.83 8.51388
      vertex -64.7 16.6258 8.7313
      vertex -74.5 16.6258 8.7313
    endloop
  endfacet
  facet normal 0 -0.72892 -0.684599
    outer loop
      vertex -64.7 16.6258 8.7313
      vertex -74.5 16.83 8.51388
      vertex -64.7 16.83 8.51388
    endloop
  endfacet
  facet normal 0 -0.0627915 0.998027
    outer loop
      vertex -74.5 15.2977 4.64373
      vertex -64.7 15 4.625
      vertex -64.7 15.2977 4.64373
    endloop
  endfacet
  facet normal 0 -0.0627915 0.998027
    outer loop
      vertex -64.7 15 4.625
      vertex -74.5 15.2977 4.64373
      vertex -74.5 15 4.625
    endloop
  endfacet
  facet normal 0 0.809029 0.587769
    outer loop
      vertex -64.7 13.17 5.48612
      vertex -74.5 12.9947 5.72741
      vertex -64.7 12.9947 5.72741
    endloop
  endfacet
  facet normal 0 0.809029 0.587769
    outer loop
      vertex -74.5 12.9947 5.72741
      vertex -64.7 13.17 5.48612
      vertex -74.5 13.17 5.48612
    endloop
  endfacet
  facet normal -0 0.425737 0.904847
    outer loop
      vertex -74.5 14.1257 4.79178
      vertex -64.7 13.8558 4.91877
      vertex -64.7 14.1257 4.79178
    endloop
  endfacet
  facet normal 0 0.425737 0.904847
    outer loop
      vertex -64.7 13.8558 4.91877
      vertex -74.5 14.1257 4.79178
      vertex -74.5 13.8558 4.91877
    endloop
  endfacet
  facet normal 0 0.992107 -0.125396
    outer loop
      vertex -64.7 12.6297 7.14913
      vertex -74.5 12.6671 7.44503
      vertex -64.7 12.6671 7.44503
    endloop
  endfacet
  facet normal 0 0.992107 -0.125396
    outer loop
      vertex -74.5 12.6671 7.44503
      vertex -64.7 12.6297 7.14913
      vertex -74.5 12.6297 7.14913
    endloop
  endfacet
  facet normal 0 0.968643 0.248456
    outer loop
      vertex -64.7 12.7412 6.26608
      vertex -74.5 12.6671 6.55497
      vertex -64.7 12.6671 6.55497
    endloop
  endfacet
  facet normal 0 0.968643 0.248456
    outer loop
      vertex -74.5 12.6671 6.55497
      vertex -64.7 12.7412 6.26608
      vertex -74.5 12.7412 6.26608
    endloop
  endfacet
  facet normal 0 -0.63745 0.770492
    outer loop
      vertex -74.5 16.6258 5.2687
      vertex -64.7 16.396 5.07858
      vertex -64.7 16.6258 5.2687
    endloop
  endfacet
  facet normal 0 -0.63745 0.770492
    outer loop
      vertex -64.7 16.396 5.07858
      vertex -74.5 16.6258 5.2687
      vertex -74.5 16.396 5.07858
    endloop
  endfacet
  facet normal 0 -1 0
    outer loop
      vertex -74.5 17.3703 6.85087
      vertex -64.7 17.3703 7.14913
      vertex -74.5 17.3703 7.14913
    endloop
  endfacet
  facet normal 0 -1 -0
    outer loop
      vertex -64.7 17.3703 7.14913
      vertex -74.5 17.3703 6.85087
      vertex -64.7 17.3703 6.85087
    endloop
  endfacet
  facet normal 0 -0.809029 0.587769
    outer loop
      vertex -74.5 16.83 5.48612
      vertex -64.7 17.0053 5.72741
      vertex -74.5 17.0053 5.72741
    endloop
  endfacet
  facet normal 0 -0.809029 0.587769
    outer loop
      vertex -64.7 17.0053 5.72741
      vertex -74.5 16.83 5.48612
      vertex -64.7 16.83 5.48612
    endloop
  endfacet
  facet normal 0 -0.876284 0.481795
    outer loop
      vertex -74.5 17.0053 5.72741
      vertex -64.7 17.149 5.98877
      vertex -74.5 17.149 5.98877
    endloop
  endfacet
  facet normal 0 -0.876284 0.481795
    outer loop
      vertex -64.7 17.149 5.98877
      vertex -74.5 17.0053 5.72741
      vertex -64.7 17.0053 5.72741
    endloop
  endfacet
  facet normal 0 -0.0627915 -0.998027
    outer loop
      vertex -74.5 15 9.375
      vertex -64.7 15.2977 9.35627
      vertex -64.7 15 9.375
    endloop
  endfacet
  facet normal -0 -0.0627915 -0.998027
    outer loop
      vertex -64.7 15.2977 9.35627
      vertex -74.5 15 9.375
      vertex -74.5 15.2977 9.35627
    endloop
  endfacet
  facet normal 0 -0.187434 -0.982277
    outer loop
      vertex -74.5 15.2977 9.35627
      vertex -64.7 15.5906 9.30038
      vertex -64.7 15.2977 9.35627
    endloop
  endfacet
  facet normal -0 -0.187434 -0.982277
    outer loop
      vertex -64.7 15.5906 9.30038
      vertex -74.5 15.2977 9.35627
      vertex -74.5 15.5906 9.30038
    endloop
  endfacet
  facet normal 0 -0.535858 -0.844308
    outer loop
      vertex -74.5 16.1442 9.08123
      vertex -64.7 16.396 8.92142
      vertex -64.7 16.1442 9.08123
    endloop
  endfacet
  facet normal -0 -0.535858 -0.844308
    outer loop
      vertex -64.7 16.396 8.92142
      vertex -74.5 16.1442 9.08123
      vertex -74.5 16.396 8.92142
    endloop
  endfacet
  facet normal 0 -0.968643 -0.248456
    outer loop
      vertex -74.5 17.3329 7.44503
      vertex -64.7 17.2588 7.73392
      vertex -74.5 17.2588 7.73392
    endloop
  endfacet
  facet normal 0 -0.968643 -0.248456
    outer loop
      vertex -64.7 17.2588 7.73392
      vertex -74.5 17.3329 7.44503
      vertex -64.7 17.3329 7.44503
    endloop
  endfacet
  facet normal 0 -0.876284 -0.481795
    outer loop
      vertex -74.5 17.149 8.01123
      vertex -64.7 17.0053 8.27259
      vertex -74.5 17.0053 8.27259
    endloop
  endfacet
  facet normal 0 -0.876284 -0.481795
    outer loop
      vertex -64.7 17.0053 8.27259
      vertex -74.5 17.149 8.01123
      vertex -64.7 17.149 8.01123
    endloop
  endfacet
  facet normal 0 -0.809029 -0.587769
    outer loop
      vertex -74.5 17.0053 8.27259
      vertex -64.7 16.83 8.51388
      vertex -74.5 16.83 8.51388
    endloop
  endfacet
  facet normal 0 -0.809029 -0.587769
    outer loop
      vertex -64.7 16.83 8.51388
      vertex -74.5 17.0053 8.27259
      vertex -64.7 17.0053 8.27259
    endloop
  endfacet
  facet normal -0 0.187434 0.982277
    outer loop
      vertex -74.5 14.7023 4.64373
      vertex -64.7 14.4094 4.69962
      vertex -64.7 14.7023 4.64373
    endloop
  endfacet
  facet normal 0 0.187434 0.982277
    outer loop
      vertex -64.7 14.4094 4.69962
      vertex -74.5 14.7023 4.64373
      vertex -74.5 14.4094 4.69962
    endloop
  endfacet
  facet normal -0 0.63745 0.770492
    outer loop
      vertex -74.5 13.604 5.07858
      vertex -64.7 13.3742 5.2687
      vertex -64.7 13.604 5.07858
    endloop
  endfacet
  facet normal 0 0.63745 0.770492
    outer loop
      vertex -64.7 13.3742 5.2687
      vertex -74.5 13.604 5.07858
      vertex -74.5 13.3742 5.2687
    endloop
  endfacet
  facet normal -0 0.535858 0.844308
    outer loop
      vertex -74.5 13.8558 4.91877
      vertex -64.7 13.604 5.07858
      vertex -64.7 13.8558 4.91877
    endloop
  endfacet
  facet normal 0 0.535858 0.844308
    outer loop
      vertex -64.7 13.604 5.07858
      vertex -74.5 13.8558 4.91877
      vertex -74.5 13.604 5.07858
    endloop
  endfacet
  facet normal 0 0.992107 0.125396
    outer loop
      vertex -64.7 12.6671 6.55497
      vertex -74.5 12.6297 6.85087
      vertex -64.7 12.6297 6.85087
    endloop
  endfacet
  facet normal 0 0.992107 0.125396
    outer loop
      vertex -74.5 12.6297 6.85087
      vertex -64.7 12.6671 6.55497
      vertex -74.5 12.6671 6.55497
    endloop
  endfacet
  facet normal 0 0.72892 0.684599
    outer loop
      vertex -64.7 13.3742 5.2687
      vertex -74.5 13.17 5.48612
      vertex -64.7 13.17 5.48612
    endloop
  endfacet
  facet normal 0 0.72892 0.684599
    outer loop
      vertex -74.5 13.17 5.48612
      vertex -64.7 13.3742 5.2687
      vertex -74.5 13.3742 5.2687
    endloop
  endfacet
  facet normal 0 -0.425737 0.904847
    outer loop
      vertex -74.5 16.1442 4.91877
      vertex -64.7 15.8743 4.79178
      vertex -64.7 16.1442 4.91877
    endloop
  endfacet
  facet normal 0 -0.425737 0.904847
    outer loop
      vertex -64.7 15.8743 4.79178
      vertex -74.5 16.1442 4.91877
      vertex -74.5 15.8743 4.79178
    endloop
  endfacet
  facet normal 0 -0.308957 0.951076
    outer loop
      vertex -74.5 15.8743 4.79178
      vertex -64.7 15.5906 4.69962
      vertex -64.7 15.8743 4.79178
    endloop
  endfacet
  facet normal 0 -0.308957 0.951076
    outer loop
      vertex -64.7 15.5906 4.69962
      vertex -74.5 15.8743 4.79178
      vertex -74.5 15.5906 4.69962
    endloop
  endfacet
  facet normal 0 -0.187434 0.982277
    outer loop
      vertex -74.5 15.5906 4.69962
      vertex -64.7 15.2977 4.64373
      vertex -64.7 15.5906 4.69962
    endloop
  endfacet
  facet normal 0 -0.187434 0.982277
    outer loop
      vertex -64.7 15.2977 4.64373
      vertex -74.5 15.5906 4.69962
      vertex -74.5 15.2977 4.64373
    endloop
  endfacet
  facet normal 0 -0.992107 0.125396
    outer loop
      vertex -74.5 17.3329 6.55497
      vertex -64.7 17.3703 6.85087
      vertex -74.5 17.3703 6.85087
    endloop
  endfacet
  facet normal 0 -0.992107 0.125396
    outer loop
      vertex -64.7 17.3703 6.85087
      vertex -74.5 17.3329 6.55497
      vertex -64.7 17.3329 6.55497
    endloop
  endfacet
  facet normal 0 0.72892 -0.684599
    outer loop
      vertex -64.7 13.17 8.51388
      vertex -74.5 13.3742 8.7313
      vertex -64.7 13.3742 8.7313
    endloop
  endfacet
  facet normal 0 0.72892 -0.684599
    outer loop
      vertex -74.5 13.3742 8.7313
      vertex -64.7 13.17 8.51388
      vertex -74.5 13.17 8.51388
    endloop
  endfacet
  facet normal 0 0.876284 -0.481795
    outer loop
      vertex -64.7 12.851 8.01123
      vertex -74.5 12.9947 8.27259
      vertex -64.7 12.9947 8.27259
    endloop
  endfacet
  facet normal 0 0.876284 -0.481795
    outer loop
      vertex -74.5 12.9947 8.27259
      vertex -64.7 12.851 8.01123
      vertex -74.5 12.851 8.01123
    endloop
  endfacet
  facet normal 0 0.0627915 -0.998027
    outer loop
      vertex -74.5 14.7023 9.35627
      vertex -64.7 15 9.375
      vertex -64.7 14.7023 9.35627
    endloop
  endfacet
  facet normal 0 0.0627915 -0.998027
    outer loop
      vertex -64.7 15 9.375
      vertex -74.5 14.7023 9.35627
      vertex -74.5 15 9.375
    endloop
  endfacet
  facet normal 0 0.308957 -0.951076
    outer loop
      vertex -74.5 14.1257 9.20822
      vertex -64.7 14.4094 9.30038
      vertex -64.7 14.1257 9.20822
    endloop
  endfacet
  facet normal 0 0.308957 -0.951076
    outer loop
      vertex -64.7 14.4094 9.30038
      vertex -74.5 14.1257 9.20822
      vertex -74.5 14.4094 9.30038
    endloop
  endfacet
  facet normal 0 0.63745 -0.770492
    outer loop
      vertex -74.5 13.3742 8.7313
      vertex -64.7 13.604 8.92142
      vertex -64.7 13.3742 8.7313
    endloop
  endfacet
  facet normal 0 0.63745 -0.770492
    outer loop
      vertex -64.7 13.604 8.92142
      vertex -74.5 13.3742 8.7313
      vertex -74.5 13.604 8.92142
    endloop
  endfacet
  facet normal 0 0.876284 0.481795
    outer loop
      vertex -64.7 12.9947 5.72741
      vertex -74.5 12.851 5.98877
      vertex -64.7 12.851 5.98877
    endloop
  endfacet
  facet normal 0 0.876284 0.481795
    outer loop
      vertex -74.5 12.851 5.98877
      vertex -64.7 12.9947 5.72741
      vertex -74.5 12.9947 5.72741
    endloop
  endfacet
  facet normal -0 0.308957 0.951076
    outer loop
      vertex -74.5 14.4094 4.69962
      vertex -64.7 14.1257 4.79178
      vertex -64.7 14.4094 4.69962
    endloop
  endfacet
  facet normal 0 0.308957 0.951076
    outer loop
      vertex -64.7 14.1257 4.79178
      vertex -74.5 14.4094 4.69962
      vertex -74.5 14.1257 4.79178
    endloop
  endfacet
  facet normal 0 1 -0
    outer loop
      vertex -64.7 12.6297 6.85087
      vertex -74.5 12.6297 7.14913
      vertex -64.7 12.6297 7.14913
    endloop
  endfacet
  facet normal 0 1 0
    outer loop
      vertex -74.5 12.6297 7.14913
      vertex -64.7 12.6297 6.85087
      vertex -74.5 12.6297 6.85087
    endloop
  endfacet
  facet normal 0 0.929771 -0.36814
    outer loop
      vertex -64.7 12.7412 7.73392
      vertex -74.5 12.851 8.01123
      vertex -64.7 12.851 8.01123
    endloop
  endfacet
  facet normal 0 0.929771 -0.36814
    outer loop
      vertex -74.5 12.851 8.01123
      vertex -64.7 12.7412 7.73392
      vertex -74.5 12.7412 7.73392
    endloop
  endfacet
  facet normal 0 0.809029 -0.587769
    outer loop
      vertex -64.7 12.9947 8.27259
      vertex -74.5 13.17 8.51388
      vertex -64.7 13.17 8.51388
    endloop
  endfacet
  facet normal 0 0.809029 -0.587769
    outer loop
      vertex -74.5 13.17 8.51388
      vertex -64.7 12.9947 8.27259
      vertex -74.5 12.9947 8.27259
    endloop
  endfacet
  facet normal 0 0.187434 -0.982277
    outer loop
      vertex -74.5 14.4094 9.30038
      vertex -64.7 14.7023 9.35627
      vertex -64.7 14.4094 9.30038
    endloop
  endfacet
  facet normal 0 0.187434 -0.982277
    outer loop
      vertex -64.7 14.7023 9.35627
      vertex -74.5 14.4094 9.30038
      vertex -74.5 14.7023 9.35627
    endloop
  endfacet
  facet normal 0 0.535858 -0.844308
    outer loop
      vertex -74.5 13.604 8.92142
      vertex -64.7 13.8558 9.08123
      vertex -64.7 13.604 8.92142
    endloop
  endfacet
  facet normal 0 0.535858 -0.844308
    outer loop
      vertex -64.7 13.8558 9.08123
      vertex -74.5 13.604 8.92142
      vertex -74.5 13.8558 9.08123
    endloop
  endfacet
  facet normal 0 0.425737 -0.904847
    outer loop
      vertex -74.5 13.8558 9.08123
      vertex -64.7 14.1257 9.20822
      vertex -64.7 13.8558 9.08123
    endloop
  endfacet
  facet normal 0 0.425737 -0.904847
    outer loop
      vertex -64.7 14.1257 9.20822
      vertex -74.5 13.8558 9.08123
      vertex -74.5 14.1257 9.20822
    endloop
  endfacet
  facet normal 0 0.968643 -0.248456
    outer loop
      vertex -64.7 12.6671 7.44503
      vertex -74.5 12.7412 7.73392
      vertex -64.7 12.7412 7.73392
    endloop
  endfacet
  facet normal 0 0.968643 -0.248456
    outer loop
      vertex -74.5 12.7412 7.73392
      vertex -64.7 12.6671 7.44503
      vertex -74.5 12.6671 7.44503
    endloop
  endfacet
  facet normal 0.568943 -0.45075 0.687843
    outer loop
      vertex 49.855 23.5 3.35942
      vertex 50.8742 27.7 5.2687
      vertex 49.4195 23.5 3.71964
    endloop
  endfacet
  facet normal -0.0560439 -0.450748 0.89089
    outer loop
      vertex 53.064 23.5 2.53548
      vertex 52.5 27.7 4.625
      vertex 52.5 23.5 2.5
    endloop
  endfacet
  facet normal -0.0560509 -0.450749 0.890889
    outer loop
      vertex 53.064 23.5 2.53548
      vertex 52.7977 27.7 4.64373
      vertex 52.5 27.7 4.625
    endloop
  endfacet
  facet normal 0.0560509 -0.450749 0.890889
    outer loop
      vertex 52.5 27.7 4.625
      vertex 52.2023 27.7 4.64373
      vertex 51.936 23.5 2.53548
    endloop
  endfacet
  facet normal 0.167314 -0.450743 -0.876833
    outer loop
      vertex 52.2023 27.7 9.35627
      vertex 51.936 23.5 11.4645
      vertex 51.9094 27.7 9.30038
    endloop
  endfacet
  facet normal -0.864619 -0.450756 -0.221932
    outer loop
      vertex 56.9203 23.5 7.84321
      vertex 56.7798 23.5 8.39058
      vertex 54.8329 27.7 7.44503
    endloop
  endfacet
  facet normal 0.885607 -0.450745 0.111935
    outer loop
      vertex 50.1671 27.7 6.55497
      vertex 50.1297 27.7 6.85087
      vertex 48.0089 23.5 6.71744
    endloop
  endfacet
  facet normal 0.16728 -0.450749 0.876837
    outer loop
      vertex 51.936 23.5 2.53548
      vertex 51.9094 27.7 4.69962
      vertex 51.3809 23.5 2.64138
    endloop
  endfacet
  facet normal 0.380086 -0.450746 0.80769
    outer loop
      vertex 50.8434 23.5 2.81601
      vertex 51.3558 27.7 4.91877
      vertex 50.3321 23.5 3.05662
    endloop
  endfacet
  facet normal 0.650674 -0.450742 -0.61111
    outer loop
      vertex 50.67 27.7 8.51388
      vertex 50.8742 27.7 8.7313
      vertex 49.0327 23.5 9.86841
    endloop
  endfacet
  facet normal -0.885607 -0.450745 -0.111935
    outer loop
      vertex 54.8703 27.7 7.14913
      vertex 56.9911 23.5 7.28256
      vertex 54.8329 27.7 7.44503
    endloop
  endfacet
  facet normal -0.569021 -0.450745 -0.687782
    outer loop
      vertex 54.1258 27.7 8.7313
      vertex 55.145 23.5 10.6406
      vertex 53.896 27.7 8.92142
    endloop
  endfacet
  facet normal 0.275824 -0.45075 0.848967
    outer loop
      vertex 51.3809 23.5 2.64138
      vertex 51.9094 27.7 4.69962
      vertex 50.8434 23.5 2.81601
    endloop
  endfacet
  facet normal 0.0560439 -0.450748 0.89089
    outer loop
      vertex 52.5 23.5 2.5
      vertex 52.5 27.7 4.625
      vertex 51.936 23.5 2.53548
    endloop
  endfacet
  facet normal 0.275791 -0.450747 0.848979
    outer loop
      vertex 51.9094 27.7 4.69962
      vertex 51.6257 27.7 4.79178
      vertex 50.8434 23.5 2.81601
    endloop
  endfacet
  facet normal 0.478335 -0.450744 0.753675
    outer loop
      vertex 51.3558 27.7 4.91877
      vertex 51.104 27.7 5.07858
      vertex 50.3321 23.5 3.05662
    endloop
  endfacet
  facet normal 0.380034 -0.450751 0.807711
    outer loop
      vertex 51.6257 27.7 4.79178
      vertex 51.3558 27.7 4.91877
      vertex 50.8434 23.5 2.81601
    endloop
  endfacet
  facet normal 0.782215 -0.450749 0.430075
    outer loop
      vertex 50.4947 27.7 5.72741
      vertex 50.351 27.7 5.98877
      vertex 48.7005 23.5 4.58878
    endloop
  endfacet
  facet normal 0.782269 -0.450741 0.429986
    outer loop
      vertex 48.7005 23.5 4.58878
      vertex 50.351 27.7 5.98877
      vertex 48.4283 23.5 5.08399
    endloop
  endfacet
  facet normal -0.782269 -0.450741 0.429986
    outer loop
      vertex 56.2995 23.5 4.58878
      vertex 56.5717 23.5 5.08399
      vertex 54.649 27.7 5.98877
    endloop
  endfacet
  facet normal -0.275781 -0.450748 -0.848982
    outer loop
      vertex 54.1566 23.5 11.184
      vertex 53.6191 23.5 11.3586
      vertex 53.0906 27.7 9.30038
    endloop
  endfacet
  facet normal -0.782215 -0.450749 -0.430075
    outer loop
      vertex 54.649 27.7 8.01123
      vertex 56.2995 23.5 9.41122
      vertex 54.5053 27.7 8.27259
    endloop
  endfacet
  facet normal 0.167313 -0.450747 0.876832
    outer loop
      vertex 51.936 23.5 2.53548
      vertex 52.2023 27.7 4.64373
      vertex 51.9094 27.7 4.69962
    endloop
  endfacet
  facet normal 0.478333 -0.450745 0.753675
    outer loop
      vertex 50.3321 23.5 3.05662
      vertex 51.104 27.7 5.07858
      vertex 49.855 23.5 3.35942
    endloop
  endfacet
  facet normal 0.569022 -0.450742 0.687783
    outer loop
      vertex 51.104 27.7 5.07858
      vertex 50.8742 27.7 5.2687
      vertex 49.855 23.5 3.35942
    endloop
  endfacet
  facet normal 0.829933 -0.450741 0.3287
    outer loop
      vertex 48.4283 23.5 5.08399
      vertex 50.351 27.7 5.98877
      vertex 48.2202 23.5 5.60942
    endloop
  endfacet
  facet normal 0.650674 -0.450742 0.61111
    outer loop
      vertex 50.8742 27.7 5.2687
      vertex 50.67 27.7 5.48612
      vertex 49.0327 23.5 4.13159
    endloop
  endfacet
  facet normal 0.864663 -0.450743 0.221785
    outer loop
      vertex 50.2412 27.7 6.26608
      vertex 50.1671 27.7 6.55497
      vertex 48.2202 23.5 5.60942
    endloop
  endfacet
  facet normal 0.275781 -0.450748 -0.848982
    outer loop
      vertex 51.9094 27.7 9.30038
      vertex 51.3809 23.5 11.3586
      vertex 50.8434 23.5 11.184
    endloop
  endfacet
  facet normal 0.16728 -0.450746 -0.876838
    outer loop
      vertex 51.9094 27.7 9.30038
      vertex 51.936 23.5 11.4645
      vertex 51.3809 23.5 11.3586
    endloop
  endfacet
  facet normal 0.829961 -0.450748 -0.32862
    outer loop
      vertex 50.2412 27.7 7.73392
      vertex 50.351 27.7 8.01123
      vertex 48.2202 23.5 8.39058
    endloop
  endfacet
  facet normal 0.864619 -0.450756 -0.221932
    outer loop
      vertex 50.1671 27.7 7.44503
      vertex 48.2202 23.5 8.39058
      vertex 48.0797 23.5 7.84321
    endloop
  endfacet
  facet normal 0.864663 -0.450743 -0.221785
    outer loop
      vertex 50.1671 27.7 7.44503
      vertex 50.2412 27.7 7.73392
      vertex 48.2202 23.5 8.39058
    endloop
  endfacet
  facet normal 0.72218 -0.450749 -0.524672
    outer loop
      vertex 50.4947 27.7 8.27259
      vertex 50.67 27.7 8.51388
      vertex 48.7005 23.5 9.41122
    endloop
  endfacet
  facet normal 0.722148 -0.450744 -0.524722
    outer loop
      vertex 50.67 27.7 8.51388
      vertex 49.0327 23.5 9.86841
      vertex 48.7005 23.5 9.41122
    endloop
  endfacet
  facet normal 0.478334 -0.450747 -0.753673
    outer loop
      vertex 51.104 27.7 8.92142
      vertex 51.3558 27.7 9.08123
      vertex 50.3321 23.5 10.9434
    endloop
  endfacet
  facet normal 0.650779 -0.450755 -0.610989
    outer loop
      vertex 50.8742 27.7 8.7313
      vertex 49.4195 23.5 10.2804
      vertex 49.0327 23.5 9.86841
    endloop
  endfacet
  facet normal -0.65075 -0.450751 0.611021
    outer loop
      vertex 55.5805 23.5 3.71964
      vertex 55.9673 23.5 4.13159
      vertex 54.1258 27.7 5.2687
    endloop
  endfacet
  facet normal -0.72218 -0.450749 0.524672
    outer loop
      vertex 56.2995 23.5 4.58878
      vertex 54.5053 27.7 5.72741
      vertex 54.33 27.7 5.48612
    endloop
  endfacet
  facet normal -0.885615 -0.450753 0.111837
    outer loop
      vertex 56.9203 23.5 6.15679
      vertex 56.9911 23.5 6.71744
      vertex 54.8329 27.7 6.55497
    endloop
  endfacet
  facet normal -0.885615 -0.450753 -0.111837
    outer loop
      vertex 56.9911 23.5 7.28256
      vertex 56.9203 23.5 7.84321
      vertex 54.8329 27.7 7.44503
    endloop
  endfacet
  facet normal -0.16728 -0.450746 -0.876838
    outer loop
      vertex 53.0906 27.7 9.30038
      vertex 53.6191 23.5 11.3586
      vertex 53.064 23.5 11.4645
    endloop
  endfacet
  facet normal -0.478334 -0.450747 -0.753673
    outer loop
      vertex 53.896 27.7 8.92142
      vertex 54.6679 23.5 10.9434
      vertex 53.6442 27.7 9.08123
    endloop
  endfacet
  facet normal -0.478333 -0.450747 -0.753674
    outer loop
      vertex 55.145 23.5 10.6406
      vertex 54.6679 23.5 10.9434
      vertex 53.896 27.7 8.92142
    endloop
  endfacet
  facet normal -0.568923 -0.450755 -0.687857
    outer loop
      vertex 55.5805 23.5 10.2804
      vertex 55.145 23.5 10.6406
      vertex 54.1258 27.7 8.7313
    endloop
  endfacet
  facet normal 0.864619 -0.450756 0.221932
    outer loop
      vertex 48.2202 23.5 5.60942
      vertex 50.1671 27.7 6.55497
      vertex 48.0797 23.5 6.15679
    endloop
  endfacet
  facet normal 0.885615 -0.450753 0.111837
    outer loop
      vertex 48.0797 23.5 6.15679
      vertex 50.1671 27.7 6.55497
      vertex 48.0089 23.5 6.71744
    endloop
  endfacet
  facet normal 0.722148 -0.450744 0.524722
    outer loop
      vertex 49.0327 23.5 4.13159
      vertex 50.67 27.7 5.48612
      vertex 48.7005 23.5 4.58878
    endloop
  endfacet
  facet normal 0.65075 -0.450751 0.611021
    outer loop
      vertex 49.4195 23.5 3.71964
      vertex 50.8742 27.7 5.2687
      vertex 49.0327 23.5 4.13159
    endloop
  endfacet
  facet normal 0.829933 -0.450741 -0.3287
    outer loop
      vertex 50.351 27.7 8.01123
      vertex 48.4283 23.5 8.91601
      vertex 48.2202 23.5 8.39058
    endloop
  endfacet
  facet normal 0.885615 -0.450753 -0.111837
    outer loop
      vertex 50.1671 27.7 7.44503
      vertex 48.0797 23.5 7.84321
      vertex 48.0089 23.5 7.28256
    endloop
  endfacet
  facet normal 0.568923 -0.450755 -0.687857
    outer loop
      vertex 50.8742 27.7 8.7313
      vertex 49.855 23.5 10.6406
      vertex 49.4195 23.5 10.2804
    endloop
  endfacet
  facet normal -0.478333 -0.450745 0.753675
    outer loop
      vertex 54.6679 23.5 3.05662
      vertex 55.145 23.5 3.35942
      vertex 53.896 27.7 5.07858
    endloop
  endfacet
  facet normal -0.568943 -0.45075 0.687843
    outer loop
      vertex 55.145 23.5 3.35942
      vertex 55.5805 23.5 3.71964
      vertex 54.1258 27.7 5.2687
    endloop
  endfacet
  facet normal -0.864619 -0.450756 0.221932
    outer loop
      vertex 56.7798 23.5 5.60942
      vertex 56.9203 23.5 6.15679
      vertex 54.8329 27.7 6.55497
    endloop
  endfacet
  facet normal -0.782215 -0.450749 0.430075
    outer loop
      vertex 56.2995 23.5 4.58878
      vertex 54.649 27.7 5.98877
      vertex 54.5053 27.7 5.72741
    endloop
  endfacet
  facet normal -0.722148 -0.450744 -0.524722
    outer loop
      vertex 56.2995 23.5 9.41122
      vertex 55.9673 23.5 9.86841
      vertex 54.33 27.7 8.51388
    endloop
  endfacet
  facet normal -0.650674 -0.450742 -0.61111
    outer loop
      vertex 54.33 27.7 8.51388
      vertex 55.9673 23.5 9.86841
      vertex 54.1258 27.7 8.7313
    endloop
  endfacet
  facet normal -0.829933 -0.450741 -0.3287
    outer loop
      vertex 56.7798 23.5 8.39058
      vertex 56.5717 23.5 8.91601
      vertex 54.649 27.7 8.01123
    endloop
  endfacet
  facet normal -0.782269 -0.450741 -0.429986
    outer loop
      vertex 56.5717 23.5 8.91601
      vertex 56.2995 23.5 9.41122
      vertex 54.649 27.7 8.01123
    endloop
  endfacet
  facet normal -0.829961 -0.450748 -0.32862
    outer loop
      vertex 54.7588 27.7 7.73392
      vertex 56.7798 23.5 8.39058
      vertex 54.649 27.7 8.01123
    endloop
  endfacet
  facet normal -0.864663 -0.450743 -0.221785
    outer loop
      vertex 54.8329 27.7 7.44503
      vertex 56.7798 23.5 8.39058
      vertex 54.7588 27.7 7.73392
    endloop
  endfacet
  facet normal -0.380073 -0.450749 -0.807694
    outer loop
      vertex 54.6679 23.5 10.9434
      vertex 54.1566 23.5 11.184
      vertex 53.6442 27.7 9.08123
    endloop
  endfacet
  facet normal -0.0560754 -0.450747 -0.890889
    outer loop
      vertex 52.5 27.7 9.375
      vertex 53.064 23.5 11.4645
      vertex 52.5 23.5 11.5
    endloop
  endfacet
  facet normal -0.056051 -0.450745 -0.890891
    outer loop
      vertex 52.7977 27.7 9.35627
      vertex 53.064 23.5 11.4645
      vertex 52.5 27.7 9.375
    endloop
  endfacet
  facet normal 0.829961 -0.450748 0.32862
    outer loop
      vertex 50.351 27.7 5.98877
      vertex 50.2412 27.7 6.26608
      vertex 48.2202 23.5 5.60942
    endloop
  endfacet
  facet normal 0.72218 -0.450749 0.524672
    outer loop
      vertex 50.67 27.7 5.48612
      vertex 50.4947 27.7 5.72741
      vertex 48.7005 23.5 4.58878
    endloop
  endfacet
  facet normal 0.380073 -0.450749 -0.807694
    outer loop
      vertex 51.3558 27.7 9.08123
      vertex 50.8434 23.5 11.184
      vertex 50.3321 23.5 10.9434
    endloop
  endfacet
  facet normal 0.782269 -0.450741 -0.429986
    outer loop
      vertex 50.351 27.7 8.01123
      vertex 48.7005 23.5 9.41122
      vertex 48.4283 23.5 8.91601
    endloop
  endfacet
  facet normal 0.782215 -0.450749 -0.430075
    outer loop
      vertex 50.351 27.7 8.01123
      vertex 50.4947 27.7 8.27259
      vertex 48.7005 23.5 9.41122
    endloop
  endfacet
  facet normal 0.892652 -0.450747 0
    outer loop
      vertex 48.0089 23.5 7.28256
      vertex 50.1297 27.7 6.85087
      vertex 50.1297 27.7 7.14913
    endloop
  endfacet
  facet normal 0.892652 -0.450747 0
    outer loop
      vertex 50.1297 27.7 6.85087
      vertex 48.0089 23.5 7.28256
      vertex 48.0089 23.5 6.71744
    endloop
  endfacet
  facet normal 0.569021 -0.450745 -0.687782
    outer loop
      vertex 50.8742 27.7 8.7313
      vertex 51.104 27.7 8.92142
      vertex 49.855 23.5 10.6406
    endloop
  endfacet
  facet normal 0.478333 -0.450747 -0.753674
    outer loop
      vertex 51.104 27.7 8.92142
      vertex 50.3321 23.5 10.9434
      vertex 49.855 23.5 10.6406
    endloop
  endfacet
  facet normal -0.650674 -0.450742 0.61111
    outer loop
      vertex 55.9673 23.5 4.13159
      vertex 54.33 27.7 5.48612
      vertex 54.1258 27.7 5.2687
    endloop
  endfacet
  facet normal -0.722148 -0.450744 0.524722
    outer loop
      vertex 55.9673 23.5 4.13159
      vertex 56.2995 23.5 4.58878
      vertex 54.33 27.7 5.48612
    endloop
  endfacet
  facet normal -0.885607 -0.450745 0.111935
    outer loop
      vertex 56.9911 23.5 6.71744
      vertex 54.8703 27.7 6.85087
      vertex 54.8329 27.7 6.55497
    endloop
  endfacet
  facet normal -0.829933 -0.450741 0.3287
    outer loop
      vertex 56.5717 23.5 5.08399
      vertex 56.7798 23.5 5.60942
      vertex 54.649 27.7 5.98877
    endloop
  endfacet
  facet normal -0.864663 -0.450743 0.221785
    outer loop
      vertex 56.7798 23.5 5.60942
      vertex 54.8329 27.7 6.55497
      vertex 54.7588 27.7 6.26608
    endloop
  endfacet
  facet normal -0.829961 -0.450748 0.32862
    outer loop
      vertex 56.7798 23.5 5.60942
      vertex 54.7588 27.7 6.26608
      vertex 54.649 27.7 5.98877
    endloop
  endfacet
  facet normal -0.72218 -0.450749 -0.524672
    outer loop
      vertex 54.5053 27.7 8.27259
      vertex 56.2995 23.5 9.41122
      vertex 54.33 27.7 8.51388
    endloop
  endfacet
  facet normal -0.650779 -0.450755 -0.610989
    outer loop
      vertex 55.9673 23.5 9.86841
      vertex 55.5805 23.5 10.2804
      vertex 54.1258 27.7 8.7313
    endloop
  endfacet
  facet normal -0.275791 -0.450749 -0.848979
    outer loop
      vertex 53.3743 27.7 9.20822
      vertex 54.1566 23.5 11.184
      vertex 53.0906 27.7 9.30038
    endloop
  endfacet
  facet normal -0.380034 -0.450752 -0.807711
    outer loop
      vertex 53.6442 27.7 9.08123
      vertex 54.1566 23.5 11.184
      vertex 53.3743 27.7 9.20822
    endloop
  endfacet
  facet normal 0.0560754 -0.450747 -0.890889
    outer loop
      vertex 52.5 27.7 9.375
      vertex 52.5 23.5 11.5
      vertex 51.936 23.5 11.4645
    endloop
  endfacet
  facet normal 0.380034 -0.450752 -0.807711
    outer loop
      vertex 51.3558 27.7 9.08123
      vertex 51.6257 27.7 9.20822
      vertex 50.8434 23.5 11.184
    endloop
  endfacet
  facet normal 0.275791 -0.450749 -0.848979
    outer loop
      vertex 51.6257 27.7 9.20822
      vertex 51.9094 27.7 9.30038
      vertex 50.8434 23.5 11.184
    endloop
  endfacet
  facet normal 0.885607 -0.450745 -0.111935
    outer loop
      vertex 50.1297 27.7 7.14913
      vertex 50.1671 27.7 7.44503
      vertex 48.0089 23.5 7.28256
    endloop
  endfacet
  facet normal -0.569022 -0.450742 0.687783
    outer loop
      vertex 55.145 23.5 3.35942
      vertex 54.1258 27.7 5.2687
      vertex 53.896 27.7 5.07858
    endloop
  endfacet
  facet normal -0.16728 -0.450749 0.876837
    outer loop
      vertex 53.6191 23.5 2.64138
      vertex 53.0906 27.7 4.69962
      vertex 53.064 23.5 2.53548
    endloop
  endfacet
  facet normal -0.167313 -0.450747 0.876832
    outer loop
      vertex 53.064 23.5 2.53548
      vertex 53.0906 27.7 4.69962
      vertex 52.7977 27.7 4.64373
    endloop
  endfacet
  facet normal -0.380086 -0.450746 0.80769
    outer loop
      vertex 54.1566 23.5 2.81601
      vertex 54.6679 23.5 3.05662
      vertex 53.6442 27.7 4.91877
    endloop
  endfacet
  facet normal -0.478335 -0.450744 0.753675
    outer loop
      vertex 54.6679 23.5 3.05662
      vertex 53.896 27.7 5.07858
      vertex 53.6442 27.7 4.91877
    endloop
  endfacet
  facet normal -0.892652 -0.450747 0
    outer loop
      vertex 56.9911 23.5 6.71744
      vertex 54.8703 27.7 7.14913
      vertex 54.8703 27.7 6.85087
    endloop
  endfacet
  facet normal -0.892652 -0.450747 0
    outer loop
      vertex 54.8703 27.7 7.14913
      vertex 56.9911 23.5 6.71744
      vertex 56.9911 23.5 7.28256
    endloop
  endfacet
  facet normal 0.056051 -0.450745 -0.890891
    outer loop
      vertex 52.2023 27.7 9.35627
      vertex 52.5 27.7 9.375
      vertex 51.936 23.5 11.4645
    endloop
  endfacet
  facet normal -0.380034 -0.450751 0.807711
    outer loop
      vertex 54.1566 23.5 2.81601
      vertex 53.6442 27.7 4.91877
      vertex 53.3743 27.7 4.79178
    endloop
  endfacet
  facet normal -0.275791 -0.450747 0.848979
    outer loop
      vertex 54.1566 23.5 2.81601
      vertex 53.3743 27.7 4.79178
      vertex 53.0906 27.7 4.69962
    endloop
  endfacet
  facet normal -0.275824 -0.45075 0.848967
    outer loop
      vertex 53.6191 23.5 2.64138
      vertex 54.1566 23.5 2.81601
      vertex 53.0906 27.7 4.69962
    endloop
  endfacet
  facet normal -0.167314 -0.450743 -0.876833
    outer loop
      vertex 53.0906 27.7 9.30038
      vertex 53.064 23.5 11.4645
      vertex 52.7977 27.7 9.35627
    endloop
  endfacet
  facet normal -0.0627837 0 0.998027
    outer loop
      vertex 52.5 23.5 2.5
      vertex 53.064 15.9346 2.53548
      vertex 53.064 23.5 2.53548
    endloop
  endfacet
  facet normal -0.0627837 0 0.998027
    outer loop
      vertex 53.064 15.9346 2.53548
      vertex 52.5 23.5 2.5
      vertex 52.5 15.6839 2.5
    endloop
  endfacet
  facet normal -0.0628189 -0 -0.998025
    outer loop
      vertex 52.5 23.5 11.5
      vertex 53.064 15.9346 11.4645
      vertex 52.5 15.6839 11.5
    endloop
  endfacet
  facet normal -0.0628189 0 -0.998025
    outer loop
      vertex 53.064 15.9346 11.4645
      vertex 52.5 23.5 11.5
      vertex 53.064 23.5 11.4645
    endloop
  endfacet
  facet normal -1 0 0
    outer loop
      vertex 56.9911 19.4911 6.71744
      vertex 56.9911 23.5 7.28256
      vertex 56.9911 23.5 6.71744
    endloop
  endfacet
  facet normal -1 -0 0
    outer loop
      vertex 56.9911 23.5 7.28256
      vertex 56.9911 19.4911 6.71744
      vertex 56.9911 19.4911 7.28256
    endloop
  endfacet
  facet normal 1 -0 0
    outer loop
      vertex 48.0089 19.4911 7.28256
      vertex 48.0089 23.5 6.71744
      vertex 48.0089 23.5 7.28256
    endloop
  endfacet
  facet normal 1 0 0
    outer loop
      vertex 48.0089 23.5 6.71744
      vertex 48.0089 19.4911 7.28256
      vertex 48.0089 19.4911 6.71744
    endloop
  endfacet
  facet normal 0.637364 -0 0.770563
    outer loop
      vertex 49.4195 18.0805 3.71964
      vertex 49.855 23.5 3.35942
      vertex 49.4195 23.5 3.71964
    endloop
  endfacet
  facet normal 0.637364 0 0.770563
    outer loop
      vertex 49.855 23.5 3.35942
      vertex 49.4195 18.0805 3.71964
      vertex 49.855 17.645 3.35942
    endloop
  endfacet
  facet normal -0.72901 0 0.684503
    outer loop
      vertex 55.5805 23.5 3.71964
      vertex 55.9673 18.4673 4.13159
      vertex 55.9673 23.5 4.13159
    endloop
  endfacet
  facet normal -0.72901 0 0.684503
    outer loop
      vertex 55.9673 18.4673 4.13159
      vertex 55.5805 23.5 3.71964
      vertex 55.5805 18.0805 3.71964
    endloop
  endfacet
  facet normal -0.729043 0 -0.684468
    outer loop
      vertex 55.9673 18.4673 9.86841
      vertex 55.5805 23.5 10.2804
      vertex 55.9673 23.5 9.86841
    endloop
  endfacet
  facet normal -0.729043 -0 -0.684468
    outer loop
      vertex 55.5805 23.5 10.2804
      vertex 55.9673 18.4673 9.86841
      vertex 55.5805 18.0805 10.2804
    endloop
  endfacet
  facet normal -0.929736 0 -0.368228
    outer loop
      vertex 56.7798 19.2798 8.39058
      vertex 56.5717 23.5 8.91601
      vertex 56.7798 23.5 8.39058
    endloop
  endfacet
  facet normal -0.929736 -0 -0.368228
    outer loop
      vertex 56.5717 23.5 8.91601
      vertex 56.7798 19.2798 8.39058
      vertex 56.5717 19.0717 8.91601
    endloop
  endfacet
  facet normal -0.425794 0 0.90482
    outer loop
      vertex 54.1566 23.5 2.81601
      vertex 54.6679 17.1679 3.05662
      vertex 54.6679 23.5 3.05662
    endloop
  endfacet
  facet normal -0.425794 0 0.90482
    outer loop
      vertex 54.6679 17.1679 3.05662
      vertex 54.1566 23.5 2.81601
      vertex 54.1566 16.6566 2.81601
    endloop
  endfacet
  facet normal -0.187397 0 0.982284
    outer loop
      vertex 53.064 23.5 2.53548
      vertex 53.6191 16.1813 2.64138
      vertex 53.6191 23.5 2.64138
    endloop
  endfacet
  facet normal -0.187397 0 0.982284
    outer loop
      vertex 53.6191 16.1813 2.64138
      vertex 53.064 23.5 2.53548
      vertex 53.064 15.9346 2.53548
    endloop
  endfacet
  facet normal -0.929736 0 0.368228
    outer loop
      vertex 56.5717 23.5 5.08399
      vertex 56.7798 19.2798 5.60942
      vertex 56.7798 23.5 5.60942
    endloop
  endfacet
  facet normal -0.929736 0 0.368228
    outer loop
      vertex 56.7798 19.2798 5.60942
      vertex 56.5717 23.5 5.08399
      vertex 56.5717 19.0717 5.08399
    endloop
  endfacet
  facet normal -0.968601 0 0.248622
    outer loop
      vertex 56.7798 23.5 5.60942
      vertex 56.9203 19.4203 6.15679
      vertex 56.9203 23.5 6.15679
    endloop
  endfacet
  facet normal -0.968601 0 0.248622
    outer loop
      vertex 56.9203 19.4203 6.15679
      vertex 56.7798 23.5 5.60942
      vertex 56.7798 19.2798 5.60942
    endloop
  endfacet
  facet normal -0.80899 0 0.587822
    outer loop
      vertex 55.9673 23.5 4.13159
      vertex 56.2995 18.7995 4.58878
      vertex 56.2995 23.5 4.58878
    endloop
  endfacet
  facet normal -0.80899 0 0.587822
    outer loop
      vertex 56.2995 18.7995 4.58878
      vertex 55.9673 23.5 4.13159
      vertex 55.9673 18.4673 4.13159
    endloop
  endfacet
  facet normal -0.42578 -0 -0.904827
    outer loop
      vertex 54.1566 23.5 11.184
      vertex 54.6679 17.1679 10.9434
      vertex 54.1566 16.6566 11.184
    endloop
  endfacet
  facet normal -0.42578 0 -0.904827
    outer loop
      vertex 54.6679 17.1679 10.9434
      vertex 54.1566 23.5 11.184
      vertex 54.6679 23.5 10.9434
    endloop
  endfacet
  facet normal -0.535856 -0 -0.844309
    outer loop
      vertex 54.6679 23.5 10.9434
      vertex 55.145 17.645 10.6406
      vertex 54.6679 17.1679 10.9434
    endloop
  endfacet
  facet normal -0.535856 0 -0.844309
    outer loop
      vertex 55.145 17.645 10.6406
      vertex 54.6679 23.5 10.9434
      vertex 55.145 23.5 10.6406
    endloop
  endfacet
  facet normal -0.308184 -0.000951962 -0.951326
    outer loop
      vertex 53.6191 16.1813 11.3586
      vertex 54.1566 16.6566 11.184
      vertex 53.731 16.231 11.3223
    endloop
  endfacet
  facet normal -0.308946 0 -0.95108
    outer loop
      vertex 54.1566 16.6566 11.184
      vertex 53.6191 16.1813 11.3586
      vertex 53.6191 23.5 11.3586
    endloop
  endfacet
  facet normal -0.308946 0 -0.95108
    outer loop
      vertex 54.1566 16.6566 11.184
      vertex 53.6191 23.5 11.3586
      vertex 54.1566 23.5 11.184
    endloop
  endfacet
  facet normal -0.87634 0 -0.481694
    outer loop
      vertex 56.5717 19.0717 8.91601
      vertex 56.2995 23.5 9.41122
      vertex 56.5717 23.5 8.91601
    endloop
  endfacet
  facet normal -0.87634 -0 -0.481694
    outer loop
      vertex 56.2995 23.5 9.41122
      vertex 56.5717 19.0717 8.91601
      vertex 56.2995 18.7995 9.41122
    endloop
  endfacet
  facet normal -0.968601 0 -0.248622
    outer loop
      vertex 56.9203 19.4203 7.84321
      vertex 56.7798 23.5 8.39058
      vertex 56.9203 23.5 7.84321
    endloop
  endfacet
  facet normal -0.968601 -0 -0.248622
    outer loop
      vertex 56.7798 23.5 8.39058
      vertex 56.9203 19.4203 7.84321
      vertex 56.7798 19.2798 8.39058
    endloop
  endfacet
  facet normal 0.929736 -0 0.368228
    outer loop
      vertex 48.2202 19.2798 5.60942
      vertex 48.4283 23.5 5.08399
      vertex 48.2202 23.5 5.60942
    endloop
  endfacet
  facet normal 0.929736 0 0.368228
    outer loop
      vertex 48.4283 23.5 5.08399
      vertex 48.2202 19.2798 5.60942
      vertex 48.4283 19.0717 5.08399
    endloop
  endfacet
  facet normal -0.308994 0 0.951064
    outer loop
      vertex 53.6191 23.5 2.64138
      vertex 54.1566 16.6566 2.81601
      vertex 54.1566 23.5 2.81601
    endloop
  endfacet
  facet normal -0.308994 0 0.951064
    outer loop
      vertex 53.6191 16.1813 2.64138
      vertex 54.1566 16.6566 2.81601
      vertex 53.6191 23.5 2.64138
    endloop
  endfacet
  facet normal -0.309063 8.63299e-05 0.951042
    outer loop
      vertex 54.1566 16.6566 2.81601
      vertex 53.6191 16.1813 2.64138
      vertex 53.731 16.231 2.67774
    endloop
  endfacet
  facet normal -0.637364 0 0.770563
    outer loop
      vertex 55.145 23.5 3.35942
      vertex 55.5805 18.0805 3.71964
      vertex 55.5805 23.5 3.71964
    endloop
  endfacet
  facet normal -0.637364 0 0.770563
    outer loop
      vertex 55.5805 18.0805 3.71964
      vertex 55.145 23.5 3.35942
      vertex 55.145 17.645 3.35942
    endloop
  endfacet
  facet normal -0.535856 0 0.844309
    outer loop
      vertex 54.6679 23.5 3.05662
      vertex 55.145 17.645 3.35942
      vertex 55.145 23.5 3.35942
    endloop
  endfacet
  facet normal -0.535856 0 0.844309
    outer loop
      vertex 55.145 17.645 3.35942
      vertex 54.6679 23.5 3.05662
      vertex 54.6679 17.1679 3.05662
    endloop
  endfacet
  facet normal -0.992121 0 0.125287
    outer loop
      vertex 56.9203 23.5 6.15679
      vertex 56.9911 19.4911 6.71744
      vertex 56.9911 23.5 6.71744
    endloop
  endfacet
  facet normal -0.992121 0 0.125287
    outer loop
      vertex 56.9911 19.4911 6.71744
      vertex 56.9203 23.5 6.15679
      vertex 56.9203 19.4203 6.15679
    endloop
  endfacet
  facet normal -0.187397 -0 -0.982284
    outer loop
      vertex 53.064 23.5 11.4645
      vertex 53.6191 16.1813 11.3586
      vertex 53.064 15.9346 11.4645
    endloop
  endfacet
  facet normal -0.187397 0 -0.982284
    outer loop
      vertex 53.6191 16.1813 11.3586
      vertex 53.064 23.5 11.4645
      vertex 53.6191 23.5 11.3586
    endloop
  endfacet
  facet normal -0.992121 0 -0.125287
    outer loop
      vertex 56.9911 19.4911 7.28256
      vertex 56.9203 23.5 7.84321
      vertex 56.9911 23.5 7.28256
    endloop
  endfacet
  facet normal -0.992121 -0 -0.125287
    outer loop
      vertex 56.9203 23.5 7.84321
      vertex 56.9911 19.4911 7.28256
      vertex 56.9203 19.4203 7.84321
    endloop
  endfacet
  facet normal 0.0627837 0 0.998027
    outer loop
      vertex 51.936 23.5 2.53548
      vertex 52.5 15.6839 2.5
      vertex 52.5 23.5 2.5
    endloop
  endfacet
  facet normal 0.0627837 0 0.998027
    outer loop
      vertex 52.5 15.6839 2.5
      vertex 51.936 23.5 2.53548
      vertex 51.936 15.564 2.53548
    endloop
  endfacet
  facet normal 0.0627776 2.87026e-05 0.998028
    outer loop
      vertex 52.5 15.6839 2.5
      vertex 51.936 15.564 2.53548
      vertex 52.0265 15.4735 2.52979
    endloop
  endfacet
  facet normal 0.535856 -0 0.844309
    outer loop
      vertex 49.855 17.645 3.35942
      vertex 50.3321 23.5 3.05662
      vertex 49.855 23.5 3.35942
    endloop
  endfacet
  facet normal 0.535856 0 0.844309
    outer loop
      vertex 50.3321 23.5 3.05662
      vertex 49.855 17.645 3.35942
      vertex 50.3321 17.1679 3.05662
    endloop
  endfacet
  facet normal 0.187397 -0 0.982284
    outer loop
      vertex 51.3809 16.1191 2.64138
      vertex 51.936 23.5 2.53548
      vertex 51.3809 23.5 2.64138
    endloop
  endfacet
  facet normal 0.187397 0 0.982284
    outer loop
      vertex 51.936 23.5 2.53548
      vertex 51.3809 16.1191 2.64138
      vertex 51.936 15.564 2.53548
    endloop
  endfacet
  facet normal 0.929736 0 -0.368228
    outer loop
      vertex 48.4283 23.5 8.91601
      vertex 48.2202 19.2798 8.39058
      vertex 48.2202 23.5 8.39058
    endloop
  endfacet
  facet normal 0.929736 0 -0.368228
    outer loop
      vertex 48.2202 19.2798 8.39058
      vertex 48.4283 23.5 8.91601
      vertex 48.4283 19.0717 8.91601
    endloop
  endfacet
  facet normal 0.42578 0 -0.904827
    outer loop
      vertex 50.3321 17.1679 10.9434
      vertex 50.8434 23.5 11.184
      vertex 50.8434 16.6566 11.184
    endloop
  endfacet
  facet normal 0.42578 0 -0.904827
    outer loop
      vertex 50.8434 23.5 11.184
      vertex 50.3321 17.1679 10.9434
      vertex 50.3321 23.5 10.9434
    endloop
  endfacet
  facet normal 0.72901 -0 0.684503
    outer loop
      vertex 49.0327 18.4673 4.13159
      vertex 49.4195 23.5 3.71964
      vertex 49.0327 23.5 4.13159
    endloop
  endfacet
  facet normal 0.72901 0 0.684503
    outer loop
      vertex 49.4195 23.5 3.71964
      vertex 49.0327 18.4673 4.13159
      vertex 49.4195 18.0805 3.71964
    endloop
  endfacet
  facet normal 0.87634 -0 0.481694
    outer loop
      vertex 48.4283 19.0717 5.08399
      vertex 48.7005 23.5 4.58878
      vertex 48.4283 23.5 5.08399
    endloop
  endfacet
  facet normal 0.87634 0 0.481694
    outer loop
      vertex 48.7005 23.5 4.58878
      vertex 48.4283 19.0717 5.08399
      vertex 48.7005 18.7995 4.58878
    endloop
  endfacet
  facet normal -0.87634 0 0.481694
    outer loop
      vertex 56.2995 23.5 4.58878
      vertex 56.5717 19.0717 5.08399
      vertex 56.5717 23.5 5.08399
    endloop
  endfacet
  facet normal -0.87634 0 0.481694
    outer loop
      vertex 56.5717 19.0717 5.08399
      vertex 56.2995 23.5 4.58878
      vertex 56.2995 18.7995 4.58878
    endloop
  endfacet
  facet normal -0.637343 -0 -0.77058
    outer loop
      vertex 55.145 23.5 10.6406
      vertex 55.5805 18.0805 10.2804
      vertex 55.145 17.645 10.6406
    endloop
  endfacet
  facet normal -0.637343 0 -0.77058
    outer loop
      vertex 55.5805 18.0805 10.2804
      vertex 55.145 23.5 10.6406
      vertex 55.5805 23.5 10.2804
    endloop
  endfacet
  facet normal -0.80899 0 -0.587822
    outer loop
      vertex 56.2995 18.7995 9.41122
      vertex 55.9673 23.5 9.86841
      vertex 56.2995 23.5 9.41122
    endloop
  endfacet
  facet normal -0.80899 -0 -0.587822
    outer loop
      vertex 55.9673 23.5 9.86841
      vertex 56.2995 18.7995 9.41122
      vertex 55.9673 18.4673 9.86841
    endloop
  endfacet
  facet normal 0.308994 -0 0.951064
    outer loop
      vertex 50.8434 16.6566 2.81601
      vertex 51.3809 23.5 2.64138
      vertex 50.8434 23.5 2.81601
    endloop
  endfacet
  facet normal 0.308994 0 0.951064
    outer loop
      vertex 51.3809 23.5 2.64138
      vertex 50.8434 16.6566 2.81601
      vertex 51.3809 16.1191 2.64138
    endloop
  endfacet
  facet normal 0.425794 -0 0.90482
    outer loop
      vertex 50.3321 17.1679 3.05662
      vertex 50.8434 23.5 2.81601
      vertex 50.3321 23.5 3.05662
    endloop
  endfacet
  facet normal 0.425794 0 0.90482
    outer loop
      vertex 50.8434 23.5 2.81601
      vertex 50.3321 17.1679 3.05662
      vertex 50.8434 16.6566 2.81601
    endloop
  endfacet
  facet normal 0.968601 0 -0.248622
    outer loop
      vertex 48.2202 23.5 8.39058
      vertex 48.0797 19.4203 7.84321
      vertex 48.0797 23.5 7.84321
    endloop
  endfacet
  facet normal 0.968601 0 -0.248622
    outer loop
      vertex 48.0797 19.4203 7.84321
      vertex 48.2202 23.5 8.39058
      vertex 48.2202 19.2798 8.39058
    endloop
  endfacet
  facet normal 0.308946 0 -0.95108
    outer loop
      vertex 50.8434 16.6566 11.184
      vertex 51.3809 23.5 11.3586
      vertex 51.3809 16.1191 11.3586
    endloop
  endfacet
  facet normal 0.308946 0 -0.95108
    outer loop
      vertex 51.3809 23.5 11.3586
      vertex 50.8434 16.6566 11.184
      vertex 50.8434 23.5 11.184
    endloop
  endfacet
  facet normal 0.80899 -0 0.587822
    outer loop
      vertex 48.7005 18.7995 4.58878
      vertex 49.0327 23.5 4.13159
      vertex 48.7005 23.5 4.58878
    endloop
  endfacet
  facet normal 0.80899 0 0.587822
    outer loop
      vertex 49.0327 23.5 4.13159
      vertex 48.7005 18.7995 4.58878
      vertex 49.0327 18.4673 4.13159
    endloop
  endfacet
  facet normal 0.992121 0 -0.125287
    outer loop
      vertex 48.0797 23.5 7.84321
      vertex 48.0089 19.4911 7.28256
      vertex 48.0089 23.5 7.28256
    endloop
  endfacet
  facet normal 0.992121 0 -0.125287
    outer loop
      vertex 48.0089 19.4911 7.28256
      vertex 48.0797 23.5 7.84321
      vertex 48.0797 19.4203 7.84321
    endloop
  endfacet
  facet normal 0.729043 0 -0.684468
    outer loop
      vertex 49.4195 23.5 10.2804
      vertex 49.0327 18.4673 9.86841
      vertex 49.0327 23.5 9.86841
    endloop
  endfacet
  facet normal 0.729043 0 -0.684468
    outer loop
      vertex 49.0327 18.4673 9.86841
      vertex 49.4195 23.5 10.2804
      vertex 49.4195 18.0805 10.2804
    endloop
  endfacet
  facet normal 0.87634 0 -0.481694
    outer loop
      vertex 48.7005 23.5 9.41122
      vertex 48.4283 19.0717 8.91601
      vertex 48.4283 23.5 8.91601
    endloop
  endfacet
  facet normal 0.87634 0 -0.481694
    outer loop
      vertex 48.4283 19.0717 8.91601
      vertex 48.7005 23.5 9.41122
      vertex 48.7005 18.7995 9.41122
    endloop
  endfacet
  facet normal 0.637343 0 -0.77058
    outer loop
      vertex 49.4195 18.0805 10.2804
      vertex 49.855 23.5 10.6406
      vertex 49.855 17.645 10.6406
    endloop
  endfacet
  facet normal 0.637343 0 -0.77058
    outer loop
      vertex 49.855 23.5 10.6406
      vertex 49.4195 18.0805 10.2804
      vertex 49.4195 23.5 10.2804
    endloop
  endfacet
  facet normal 0.535856 0 -0.844309
    outer loop
      vertex 49.855 17.645 10.6406
      vertex 50.3321 23.5 10.9434
      vertex 50.3321 17.1679 10.9434
    endloop
  endfacet
  facet normal 0.535856 0 -0.844309
    outer loop
      vertex 50.3321 23.5 10.9434
      vertex 49.855 17.645 10.6406
      vertex 49.855 23.5 10.6406
    endloop
  endfacet
  facet normal 0.187397 0 -0.982284
    outer loop
      vertex 51.3809 16.1191 11.3586
      vertex 51.936 23.5 11.4645
      vertex 51.936 15.564 11.4645
    endloop
  endfacet
  facet normal 0.187397 0 -0.982284
    outer loop
      vertex 51.936 23.5 11.4645
      vertex 51.3809 16.1191 11.3586
      vertex 51.3809 23.5 11.3586
    endloop
  endfacet
  facet normal 0.0628259 -3.30563e-05 -0.998024
    outer loop
      vertex 51.936 15.564 11.4645
      vertex 52.5 15.6839 11.5
      vertex 52.0265 15.4735 11.4702
    endloop
  endfacet
  facet normal 0.0628189 0 -0.998025
    outer loop
      vertex 51.936 23.5 11.4645
      vertex 52.5 15.6839 11.5
      vertex 51.936 15.564 11.4645
    endloop
  endfacet
  facet normal 0.0628189 0 -0.998025
    outer loop
      vertex 52.5 15.6839 11.5
      vertex 51.936 23.5 11.4645
      vertex 52.5 23.5 11.5
    endloop
  endfacet
  facet normal 0.968601 -0 0.248622
    outer loop
      vertex 48.0797 19.4203 6.15679
      vertex 48.2202 23.5 5.60942
      vertex 48.0797 23.5 6.15679
    endloop
  endfacet
  facet normal 0.968601 0 0.248622
    outer loop
      vertex 48.2202 23.5 5.60942
      vertex 48.0797 19.4203 6.15679
      vertex 48.2202 19.2798 5.60942
    endloop
  endfacet
  facet normal 0.992121 -0 0.125287
    outer loop
      vertex 48.0089 19.4911 6.71744
      vertex 48.0797 23.5 6.15679
      vertex 48.0089 23.5 6.71744
    endloop
  endfacet
  facet normal 0.992121 0 0.125287
    outer loop
      vertex 48.0797 23.5 6.15679
      vertex 48.0089 19.4911 6.71744
      vertex 48.0797 19.4203 6.15679
    endloop
  endfacet
  facet normal 0.80899 0 -0.587822
    outer loop
      vertex 49.0327 23.5 9.86841
      vertex 48.7005 18.7995 9.41122
      vertex 48.7005 23.5 9.41122
    endloop
  endfacet
  facet normal 0.80899 0 -0.587822
    outer loop
      vertex 48.7005 18.7995 9.41122
      vertex 49.0327 23.5 9.86841
      vertex 49.0327 18.4673 9.86841
    endloop
  endfacet
  facet normal -0.308957 0 -0.951076
    outer loop
      vertex 53.0906 27.7 9.30038
      vertex 53.3743 36.9901 9.20822
      vertex 53.3743 27.7 9.20822
    endloop
  endfacet
  facet normal -0.308957 0 -0.951076
    outer loop
      vertex 53.3743 36.9901 9.20822
      vertex 53.0906 27.7 9.30038
      vertex 53.0906 36.9901 9.30038
    endloop
  endfacet
  facet normal -0.535858 0 0.844308
    outer loop
      vertex 53.6442 36.9901 4.91877
      vertex 53.896 27.7 5.07858
      vertex 53.896 36.9901 5.07858
    endloop
  endfacet
  facet normal -0.535858 0 0.844308
    outer loop
      vertex 53.896 27.7 5.07858
      vertex 53.6442 36.9901 4.91877
      vertex 53.6442 27.7 4.91877
    endloop
  endfacet
  facet normal -0.968643 0 0.248456
    outer loop
      vertex 54.7588 27.7 6.26608
      vertex 54.8329 36.9901 6.55497
      vertex 54.7588 36.9901 6.26608
    endloop
  endfacet
  facet normal -0.968643 0 0.248456
    outer loop
      vertex 54.8329 36.9901 6.55497
      vertex 54.7588 27.7 6.26608
      vertex 54.8329 27.7 6.55497
    endloop
  endfacet
  facet normal -0.929771 0 0.36814
    outer loop
      vertex 54.649 27.7 5.98877
      vertex 54.7588 36.9901 6.26608
      vertex 54.649 36.9901 5.98877
    endloop
  endfacet
  facet normal -0.929771 0 0.36814
    outer loop
      vertex 54.7588 36.9901 6.26608
      vertex 54.649 27.7 5.98877
      vertex 54.7588 27.7 6.26608
    endloop
  endfacet
  facet normal -0.929771 0 -0.36814
    outer loop
      vertex 54.7588 27.7 7.73392
      vertex 54.649 36.9901 8.01123
      vertex 54.7588 36.9901 7.73392
    endloop
  endfacet
  facet normal -0.929771 -0 -0.36814
    outer loop
      vertex 54.649 36.9901 8.01123
      vertex 54.7588 27.7 7.73392
      vertex 54.649 27.7 8.01123
    endloop
  endfacet
  facet normal -0.425737 0 -0.904847
    outer loop
      vertex 53.3743 27.7 9.20822
      vertex 53.6442 36.9901 9.08123
      vertex 53.6442 27.7 9.08123
    endloop
  endfacet
  facet normal -0.425737 0 -0.904847
    outer loop
      vertex 53.6442 36.9901 9.08123
      vertex 53.3743 27.7 9.20822
      vertex 53.3743 36.9901 9.20822
    endloop
  endfacet
  facet normal 0.0627915 0 0.998027
    outer loop
      vertex 52.2023 36.9901 4.64373
      vertex 52.5 27.7 4.625
      vertex 52.5 36.9901 4.625
    endloop
  endfacet
  facet normal 0.0627915 0 0.998027
    outer loop
      vertex 52.5 27.7 4.625
      vertex 52.2023 36.9901 4.64373
      vertex 52.2023 27.7 4.64373
    endloop
  endfacet
  facet normal 0.929771 -0 0.36814
    outer loop
      vertex 50.2412 27.7 6.26608
      vertex 50.351 36.9901 5.98877
      vertex 50.2412 36.9901 6.26608
    endloop
  endfacet
  facet normal 0.929771 0 0.36814
    outer loop
      vertex 50.351 36.9901 5.98877
      vertex 50.2412 27.7 6.26608
      vertex 50.351 27.7 5.98877
    endloop
  endfacet
  facet normal -0.72892 0 0.684599
    outer loop
      vertex 54.1258 27.7 5.2687
      vertex 54.33 36.9901 5.48612
      vertex 54.1258 36.9901 5.2687
    endloop
  endfacet
  facet normal -0.72892 0 0.684599
    outer loop
      vertex 54.33 36.9901 5.48612
      vertex 54.1258 27.7 5.2687
      vertex 54.33 27.7 5.48612
    endloop
  endfacet
  facet normal -0.63745 0 -0.770492
    outer loop
      vertex 53.896 27.7 8.92142
      vertex 54.1258 36.9901 8.7313
      vertex 54.1258 27.7 8.7313
    endloop
  endfacet
  facet normal -0.63745 0 -0.770492
    outer loop
      vertex 54.1258 36.9901 8.7313
      vertex 53.896 27.7 8.92142
      vertex 53.896 36.9901 8.92142
    endloop
  endfacet
  facet normal -0.992107 0 -0.125396
    outer loop
      vertex 54.8703 27.7 7.14913
      vertex 54.8329 36.9901 7.44503
      vertex 54.8703 36.9901 7.14913
    endloop
  endfacet
  facet normal -0.992107 -0 -0.125396
    outer loop
      vertex 54.8329 36.9901 7.44503
      vertex 54.8703 27.7 7.14913
      vertex 54.8329 27.7 7.44503
    endloop
  endfacet
  facet normal -0.72892 0 -0.684599
    outer loop
      vertex 54.33 27.7 8.51388
      vertex 54.1258 36.9901 8.7313
      vertex 54.33 36.9901 8.51388
    endloop
  endfacet
  facet normal -0.72892 -0 -0.684599
    outer loop
      vertex 54.1258 36.9901 8.7313
      vertex 54.33 27.7 8.51388
      vertex 54.1258 27.7 8.7313
    endloop
  endfacet
  facet normal -0.0627915 0 0.998027
    outer loop
      vertex 52.5 36.9901 4.625
      vertex 52.7977 27.7 4.64373
      vertex 52.7977 36.9901 4.64373
    endloop
  endfacet
  facet normal -0.0627915 0 0.998027
    outer loop
      vertex 52.7977 27.7 4.64373
      vertex 52.5 36.9901 4.625
      vertex 52.5 27.7 4.625
    endloop
  endfacet
  facet normal 0.809029 -0 0.587769
    outer loop
      vertex 50.4947 27.7 5.72741
      vertex 50.67 36.9901 5.48612
      vertex 50.4947 36.9901 5.72741
    endloop
  endfacet
  facet normal 0.809029 0 0.587769
    outer loop
      vertex 50.67 36.9901 5.48612
      vertex 50.4947 27.7 5.72741
      vertex 50.67 27.7 5.48612
    endloop
  endfacet
  facet normal 0.425737 0 0.904847
    outer loop
      vertex 51.3558 36.9901 4.91877
      vertex 51.6257 27.7 4.79178
      vertex 51.6257 36.9901 4.79178
    endloop
  endfacet
  facet normal 0.425737 0 0.904847
    outer loop
      vertex 51.6257 27.7 4.79178
      vertex 51.3558 36.9901 4.91877
      vertex 51.3558 27.7 4.91877
    endloop
  endfacet
  facet normal 0.992107 0 -0.125396
    outer loop
      vertex 50.1671 27.7 7.44503
      vertex 50.1297 36.9901 7.14913
      vertex 50.1671 36.9901 7.44503
    endloop
  endfacet
  facet normal 0.992107 0 -0.125396
    outer loop
      vertex 50.1297 36.9901 7.14913
      vertex 50.1671 27.7 7.44503
      vertex 50.1297 27.7 7.14913
    endloop
  endfacet
  facet normal 0.968643 -0 0.248456
    outer loop
      vertex 50.1671 27.7 6.55497
      vertex 50.2412 36.9901 6.26608
      vertex 50.1671 36.9901 6.55497
    endloop
  endfacet
  facet normal 0.968643 0 0.248456
    outer loop
      vertex 50.2412 36.9901 6.26608
      vertex 50.1671 27.7 6.55497
      vertex 50.2412 27.7 6.26608
    endloop
  endfacet
  facet normal -0.63745 0 0.770492
    outer loop
      vertex 53.896 36.9901 5.07858
      vertex 54.1258 27.7 5.2687
      vertex 54.1258 36.9901 5.2687
    endloop
  endfacet
  facet normal -0.63745 0 0.770492
    outer loop
      vertex 54.1258 27.7 5.2687
      vertex 53.896 36.9901 5.07858
      vertex 53.896 27.7 5.07858
    endloop
  endfacet
  facet normal -1 0 0
    outer loop
      vertex 54.8703 27.7 6.85087
      vertex 54.8703 36.9901 7.14913
      vertex 54.8703 36.9901 6.85087
    endloop
  endfacet
  facet normal -1 -0 0
    outer loop
      vertex 54.8703 36.9901 7.14913
      vertex 54.8703 27.7 6.85087
      vertex 54.8703 27.7 7.14913
    endloop
  endfacet
  facet normal -0.809029 0 0.587769
    outer loop
      vertex 54.33 27.7 5.48612
      vertex 54.5053 36.9901 5.72741
      vertex 54.33 36.9901 5.48612
    endloop
  endfacet
  facet normal -0.809029 0 0.587769
    outer loop
      vertex 54.5053 36.9901 5.72741
      vertex 54.33 27.7 5.48612
      vertex 54.5053 27.7 5.72741
    endloop
  endfacet
  facet normal -0.876284 0 0.481795
    outer loop
      vertex 54.5053 27.7 5.72741
      vertex 54.649 36.9901 5.98877
      vertex 54.5053 36.9901 5.72741
    endloop
  endfacet
  facet normal -0.876284 0 0.481795
    outer loop
      vertex 54.649 36.9901 5.98877
      vertex 54.5053 27.7 5.72741
      vertex 54.649 27.7 5.98877
    endloop
  endfacet
  facet normal -0.0627915 0 -0.998027
    outer loop
      vertex 52.5 27.7 9.375
      vertex 52.7977 36.9901 9.35627
      vertex 52.7977 27.7 9.35627
    endloop
  endfacet
  facet normal -0.0627915 0 -0.998027
    outer loop
      vertex 52.7977 36.9901 9.35627
      vertex 52.5 27.7 9.375
      vertex 52.5 36.9901 9.375
    endloop
  endfacet
  facet normal -0.187434 0 -0.982277
    outer loop
      vertex 52.7977 27.7 9.35627
      vertex 53.0906 36.9901 9.30038
      vertex 53.0906 27.7 9.30038
    endloop
  endfacet
  facet normal -0.187434 0 -0.982277
    outer loop
      vertex 53.0906 36.9901 9.30038
      vertex 52.7977 27.7 9.35627
      vertex 52.7977 36.9901 9.35627
    endloop
  endfacet
  facet normal -0.535858 0 -0.844308
    outer loop
      vertex 53.6442 27.7 9.08123
      vertex 53.896 36.9901 8.92142
      vertex 53.896 27.7 8.92142
    endloop
  endfacet
  facet normal -0.535858 0 -0.844308
    outer loop
      vertex 53.896 36.9901 8.92142
      vertex 53.6442 27.7 9.08123
      vertex 53.6442 36.9901 9.08123
    endloop
  endfacet
  facet normal -0.968643 0 -0.248456
    outer loop
      vertex 54.8329 27.7 7.44503
      vertex 54.7588 36.9901 7.73392
      vertex 54.8329 36.9901 7.44503
    endloop
  endfacet
  facet normal -0.968643 -0 -0.248456
    outer loop
      vertex 54.7588 36.9901 7.73392
      vertex 54.8329 27.7 7.44503
      vertex 54.7588 27.7 7.73392
    endloop
  endfacet
  facet normal -0.876284 0 -0.481795
    outer loop
      vertex 54.649 27.7 8.01123
      vertex 54.5053 36.9901 8.27259
      vertex 54.649 36.9901 8.01123
    endloop
  endfacet
  facet normal -0.876284 -0 -0.481795
    outer loop
      vertex 54.5053 36.9901 8.27259
      vertex 54.649 27.7 8.01123
      vertex 54.5053 27.7 8.27259
    endloop
  endfacet
  facet normal -0.809029 0 -0.587769
    outer loop
      vertex 54.5053 27.7 8.27259
      vertex 54.33 36.9901 8.51388
      vertex 54.5053 36.9901 8.27259
    endloop
  endfacet
  facet normal -0.809029 -0 -0.587769
    outer loop
      vertex 54.33 36.9901 8.51388
      vertex 54.5053 27.7 8.27259
      vertex 54.33 27.7 8.51388
    endloop
  endfacet
  facet normal 0.187434 0 0.982277
    outer loop
      vertex 51.9094 36.9901 4.69962
      vertex 52.2023 27.7 4.64373
      vertex 52.2023 36.9901 4.64373
    endloop
  endfacet
  facet normal 0.187434 0 0.982277
    outer loop
      vertex 52.2023 27.7 4.64373
      vertex 51.9094 36.9901 4.69962
      vertex 51.9094 27.7 4.69962
    endloop
  endfacet
  facet normal 0.63745 0 0.770492
    outer loop
      vertex 50.8742 36.9901 5.2687
      vertex 51.104 27.7 5.07858
      vertex 51.104 36.9901 5.07858
    endloop
  endfacet
  facet normal 0.63745 0 0.770492
    outer loop
      vertex 51.104 27.7 5.07858
      vertex 50.8742 36.9901 5.2687
      vertex 50.8742 27.7 5.2687
    endloop
  endfacet
  facet normal 0.535858 0 0.844308
    outer loop
      vertex 51.104 36.9901 5.07858
      vertex 51.3558 27.7 4.91877
      vertex 51.3558 36.9901 4.91877
    endloop
  endfacet
  facet normal 0.535858 0 0.844308
    outer loop
      vertex 51.3558 27.7 4.91877
      vertex 51.104 36.9901 5.07858
      vertex 51.104 27.7 5.07858
    endloop
  endfacet
  facet normal 0.992107 -0 0.125396
    outer loop
      vertex 50.1297 27.7 6.85087
      vertex 50.1671 36.9901 6.55497
      vertex 50.1297 36.9901 6.85087
    endloop
  endfacet
  facet normal 0.992107 0 0.125396
    outer loop
      vertex 50.1671 36.9901 6.55497
      vertex 50.1297 27.7 6.85087
      vertex 50.1671 27.7 6.55497
    endloop
  endfacet
  facet normal 0.72892 -0 0.684599
    outer loop
      vertex 50.67 27.7 5.48612
      vertex 50.8742 36.9901 5.2687
      vertex 50.67 36.9901 5.48612
    endloop
  endfacet
  facet normal 0.72892 0 0.684599
    outer loop
      vertex 50.8742 36.9901 5.2687
      vertex 50.67 27.7 5.48612
      vertex 50.8742 27.7 5.2687
    endloop
  endfacet
  facet normal -0.425737 0 0.904847
    outer loop
      vertex 53.3743 36.9901 4.79178
      vertex 53.6442 27.7 4.91877
      vertex 53.6442 36.9901 4.91877
    endloop
  endfacet
  facet normal -0.425737 0 0.904847
    outer loop
      vertex 53.6442 27.7 4.91877
      vertex 53.3743 36.9901 4.79178
      vertex 53.3743 27.7 4.79178
    endloop
  endfacet
  facet normal -0.308957 0 0.951076
    outer loop
      vertex 53.0906 36.9901 4.69962
      vertex 53.3743 27.7 4.79178
      vertex 53.3743 36.9901 4.79178
    endloop
  endfacet
  facet normal -0.308957 0 0.951076
    outer loop
      vertex 53.3743 27.7 4.79178
      vertex 53.0906 36.9901 4.69962
      vertex 53.0906 27.7 4.69962
    endloop
  endfacet
  facet normal -0.187434 0 0.982277
    outer loop
      vertex 52.7977 36.9901 4.64373
      vertex 53.0906 27.7 4.69962
      vertex 53.0906 36.9901 4.69962
    endloop
  endfacet
  facet normal -0.187434 0 0.982277
    outer loop
      vertex 53.0906 27.7 4.69962
      vertex 52.7977 36.9901 4.64373
      vertex 52.7977 27.7 4.64373
    endloop
  endfacet
  facet normal -0.992107 0 0.125396
    outer loop
      vertex 54.8329 27.7 6.55497
      vertex 54.8703 36.9901 6.85087
      vertex 54.8329 36.9901 6.55497
    endloop
  endfacet
  facet normal -0.992107 0 0.125396
    outer loop
      vertex 54.8703 36.9901 6.85087
      vertex 54.8329 27.7 6.55497
      vertex 54.8703 27.7 6.85087
    endloop
  endfacet
  facet normal 0.72892 0 -0.684599
    outer loop
      vertex 50.8742 27.7 8.7313
      vertex 50.67 36.9901 8.51388
      vertex 50.8742 36.9901 8.7313
    endloop
  endfacet
  facet normal 0.72892 0 -0.684599
    outer loop
      vertex 50.67 36.9901 8.51388
      vertex 50.8742 27.7 8.7313
      vertex 50.67 27.7 8.51388
    endloop
  endfacet
  facet normal 0.876284 0 -0.481795
    outer loop
      vertex 50.4947 27.7 8.27259
      vertex 50.351 36.9901 8.01123
      vertex 50.4947 36.9901 8.27259
    endloop
  endfacet
  facet normal 0.876284 0 -0.481795
    outer loop
      vertex 50.351 36.9901 8.01123
      vertex 50.4947 27.7 8.27259
      vertex 50.351 27.7 8.01123
    endloop
  endfacet
  facet normal 0.0627915 0 -0.998027
    outer loop
      vertex 52.2023 27.7 9.35627
      vertex 52.5 36.9901 9.375
      vertex 52.5 27.7 9.375
    endloop
  endfacet
  facet normal 0.0627915 0 -0.998027
    outer loop
      vertex 52.5 36.9901 9.375
      vertex 52.2023 27.7 9.35627
      vertex 52.2023 36.9901 9.35627
    endloop
  endfacet
  facet normal 0.308957 0 -0.951076
    outer loop
      vertex 51.6257 27.7 9.20822
      vertex 51.9094 36.9901 9.30038
      vertex 51.9094 27.7 9.30038
    endloop
  endfacet
  facet normal 0.308957 0 -0.951076
    outer loop
      vertex 51.9094 36.9901 9.30038
      vertex 51.6257 27.7 9.20822
      vertex 51.6257 36.9901 9.20822
    endloop
  endfacet
  facet normal 0.63745 0 -0.770492
    outer loop
      vertex 50.8742 27.7 8.7313
      vertex 51.104 36.9901 8.92142
      vertex 51.104 27.7 8.92142
    endloop
  endfacet
  facet normal 0.63745 0 -0.770492
    outer loop
      vertex 51.104 36.9901 8.92142
      vertex 50.8742 27.7 8.7313
      vertex 50.8742 36.9901 8.7313
    endloop
  endfacet
  facet normal 0.876284 -0 0.481795
    outer loop
      vertex 50.351 27.7 5.98877
      vertex 50.4947 36.9901 5.72741
      vertex 50.351 36.9901 5.98877
    endloop
  endfacet
  facet normal 0.876284 0 0.481795
    outer loop
      vertex 50.4947 36.9901 5.72741
      vertex 50.351 27.7 5.98877
      vertex 50.4947 27.7 5.72741
    endloop
  endfacet
  facet normal 0.308957 0 0.951076
    outer loop
      vertex 51.6257 36.9901 4.79178
      vertex 51.9094 27.7 4.69962
      vertex 51.9094 36.9901 4.69962
    endloop
  endfacet
  facet normal 0.308957 0 0.951076
    outer loop
      vertex 51.9094 27.7 4.69962
      vertex 51.6257 36.9901 4.79178
      vertex 51.6257 27.7 4.79178
    endloop
  endfacet
  facet normal 1 -0 0
    outer loop
      vertex 50.1297 27.7 7.14913
      vertex 50.1297 36.9901 6.85087
      vertex 50.1297 36.9901 7.14913
    endloop
  endfacet
  facet normal 1 0 0
    outer loop
      vertex 50.1297 36.9901 6.85087
      vertex 50.1297 27.7 7.14913
      vertex 50.1297 27.7 6.85087
    endloop
  endfacet
  facet normal 0.929771 0 -0.36814
    outer loop
      vertex 50.351 27.7 8.01123
      vertex 50.2412 36.9901 7.73392
      vertex 50.351 36.9901 8.01123
    endloop
  endfacet
  facet normal 0.929771 0 -0.36814
    outer loop
      vertex 50.2412 36.9901 7.73392
      vertex 50.351 27.7 8.01123
      vertex 50.2412 27.7 7.73392
    endloop
  endfacet
  facet normal 0.809029 0 -0.587769
    outer loop
      vertex 50.67 27.7 8.51388
      vertex 50.4947 36.9901 8.27259
      vertex 50.67 36.9901 8.51388
    endloop
  endfacet
  facet normal 0.809029 0 -0.587769
    outer loop
      vertex 50.4947 36.9901 8.27259
      vertex 50.67 27.7 8.51388
      vertex 50.4947 27.7 8.27259
    endloop
  endfacet
  facet normal 0.187434 0 -0.982277
    outer loop
      vertex 51.9094 27.7 9.30038
      vertex 52.2023 36.9901 9.35627
      vertex 52.2023 27.7 9.35627
    endloop
  endfacet
  facet normal 0.187434 0 -0.982277
    outer loop
      vertex 52.2023 36.9901 9.35627
      vertex 51.9094 27.7 9.30038
      vertex 51.9094 36.9901 9.30038
    endloop
  endfacet
  facet normal 0.535858 0 -0.844308
    outer loop
      vertex 51.104 27.7 8.92142
      vertex 51.3558 36.9901 9.08123
      vertex 51.3558 27.7 9.08123
    endloop
  endfacet
  facet normal 0.535858 0 -0.844308
    outer loop
      vertex 51.3558 36.9901 9.08123
      vertex 51.104 27.7 8.92142
      vertex 51.104 36.9901 8.92142
    endloop
  endfacet
  facet normal 0.425737 0 -0.904847
    outer loop
      vertex 51.3558 27.7 9.08123
      vertex 51.6257 36.9901 9.20822
      vertex 51.6257 27.7 9.20822
    endloop
  endfacet
  facet normal 0.425737 0 -0.904847
    outer loop
      vertex 51.6257 36.9901 9.20822
      vertex 51.3558 27.7 9.08123
      vertex 51.3558 36.9901 9.08123
    endloop
  endfacet
  facet normal 0.968643 0 -0.248456
    outer loop
      vertex 50.2412 27.7 7.73392
      vertex 50.1671 36.9901 7.44503
      vertex 50.2412 36.9901 7.73392
    endloop
  endfacet
  facet normal 0.968643 0 -0.248456
    outer loop
      vertex 50.1671 36.9901 7.44503
      vertex 50.2412 27.7 7.73392
      vertex 50.1671 27.7 7.44503
    endloop
  endfacet
  facet normal 0.568943 -0.45075 0.687843
    outer loop
      vertex -55.145 23.5 3.35942
      vertex -54.1258 27.7 5.2687
      vertex -55.5805 23.5 3.71964
    endloop
  endfacet
  facet normal -0.0560439 -0.450748 0.89089
    outer loop
      vertex -51.936 23.5 2.53548
      vertex -52.5 27.7 4.625
      vertex -52.5 23.5 2.5
    endloop
  endfacet
  facet normal -0.0560509 -0.450749 0.890889
    outer loop
      vertex -51.936 23.5 2.53548
      vertex -52.2023 27.7 4.64373
      vertex -52.5 27.7 4.625
    endloop
  endfacet
  facet normal 0.0560509 -0.450749 0.890889
    outer loop
      vertex -52.5 27.7 4.625
      vertex -52.7977 27.7 4.64373
      vertex -53.064 23.5 2.53548
    endloop
  endfacet
  facet normal 0.167314 -0.450743 -0.876833
    outer loop
      vertex -52.7977 27.7 9.35627
      vertex -53.064 23.5 11.4645
      vertex -53.0906 27.7 9.30038
    endloop
  endfacet
  facet normal -0.864619 -0.450756 -0.221932
    outer loop
      vertex -48.0797 23.5 7.84321
      vertex -48.2202 23.5 8.39058
      vertex -50.1671 27.7 7.44503
    endloop
  endfacet
  facet normal 0.885607 -0.450745 0.111935
    outer loop
      vertex -54.8329 27.7 6.55497
      vertex -54.8703 27.7 6.85087
      vertex -56.9911 23.5 6.71744
    endloop
  endfacet
  facet normal 0.16728 -0.450749 0.876837
    outer loop
      vertex -53.064 23.5 2.53548
      vertex -53.0906 27.7 4.69962
      vertex -53.6191 23.5 2.64138
    endloop
  endfacet
  facet normal 0.380086 -0.450746 0.80769
    outer loop
      vertex -54.1566 23.5 2.81601
      vertex -53.6442 27.7 4.91877
      vertex -54.6679 23.5 3.05662
    endloop
  endfacet
  facet normal 0.650674 -0.450742 -0.61111
    outer loop
      vertex -54.33 27.7 8.51388
      vertex -54.1258 27.7 8.7313
      vertex -55.9673 23.5 9.86841
    endloop
  endfacet
  facet normal -0.885607 -0.450745 -0.111935
    outer loop
      vertex -50.1297 27.7 7.14913
      vertex -48.0089 23.5 7.28256
      vertex -50.1671 27.7 7.44503
    endloop
  endfacet
  facet normal -0.569021 -0.450745 -0.687782
    outer loop
      vertex -50.8742 27.7 8.7313
      vertex -49.855 23.5 10.6406
      vertex -51.104 27.7 8.92142
    endloop
  endfacet
  facet normal 0.275824 -0.45075 0.848967
    outer loop
      vertex -53.6191 23.5 2.64138
      vertex -53.0906 27.7 4.69962
      vertex -54.1566 23.5 2.81601
    endloop
  endfacet
  facet normal 0.0560439 -0.450748 0.89089
    outer loop
      vertex -52.5 23.5 2.5
      vertex -52.5 27.7 4.625
      vertex -53.064 23.5 2.53548
    endloop
  endfacet
  facet normal 0.275791 -0.450747 0.848979
    outer loop
      vertex -53.0906 27.7 4.69962
      vertex -53.3743 27.7 4.79178
      vertex -54.1566 23.5 2.81601
    endloop
  endfacet
  facet normal 0.478335 -0.450744 0.753675
    outer loop
      vertex -53.6442 27.7 4.91877
      vertex -53.896 27.7 5.07858
      vertex -54.6679 23.5 3.05662
    endloop
  endfacet
  facet normal 0.380034 -0.450751 0.807711
    outer loop
      vertex -53.3743 27.7 4.79178
      vertex -53.6442 27.7 4.91877
      vertex -54.1566 23.5 2.81601
    endloop
  endfacet
  facet normal 0.782215 -0.450749 0.430075
    outer loop
      vertex -54.5053 27.7 5.72741
      vertex -54.649 27.7 5.98877
      vertex -56.2995 23.5 4.58878
    endloop
  endfacet
  facet normal 0.782269 -0.450741 0.429986
    outer loop
      vertex -56.2995 23.5 4.58878
      vertex -54.649 27.7 5.98877
      vertex -56.5717 23.5 5.08399
    endloop
  endfacet
  facet normal -0.782269 -0.450741 0.429986
    outer loop
      vertex -48.7005 23.5 4.58878
      vertex -48.4283 23.5 5.08399
      vertex -50.351 27.7 5.98877
    endloop
  endfacet
  facet normal -0.275781 -0.450748 -0.848982
    outer loop
      vertex -50.8434 23.5 11.184
      vertex -51.3809 23.5 11.3586
      vertex -51.9094 27.7 9.30038
    endloop
  endfacet
  facet normal -0.782215 -0.450749 -0.430075
    outer loop
      vertex -50.351 27.7 8.01123
      vertex -48.7005 23.5 9.41122
      vertex -50.4947 27.7 8.27259
    endloop
  endfacet
  facet normal 0.167313 -0.450747 0.876832
    outer loop
      vertex -53.064 23.5 2.53548
      vertex -52.7977 27.7 4.64373
      vertex -53.0906 27.7 4.69962
    endloop
  endfacet
  facet normal 0.478333 -0.450745 0.753675
    outer loop
      vertex -54.6679 23.5 3.05662
      vertex -53.896 27.7 5.07858
      vertex -55.145 23.5 3.35942
    endloop
  endfacet
  facet normal 0.569022 -0.450742 0.687783
    outer loop
      vertex -53.896 27.7 5.07858
      vertex -54.1258 27.7 5.2687
      vertex -55.145 23.5 3.35942
    endloop
  endfacet
  facet normal 0.829933 -0.450741 0.3287
    outer loop
      vertex -56.5717 23.5 5.08399
      vertex -54.649 27.7 5.98877
      vertex -56.7798 23.5 5.60942
    endloop
  endfacet
  facet normal 0.650674 -0.450742 0.61111
    outer loop
      vertex -54.1258 27.7 5.2687
      vertex -54.33 27.7 5.48612
      vertex -55.9673 23.5 4.13159
    endloop
  endfacet
  facet normal 0.864663 -0.450743 0.221785
    outer loop
      vertex -54.7588 27.7 6.26608
      vertex -54.8329 27.7 6.55497
      vertex -56.7798 23.5 5.60942
    endloop
  endfacet
  facet normal 0.275781 -0.450748 -0.848982
    outer loop
      vertex -53.0906 27.7 9.30038
      vertex -53.6191 23.5 11.3586
      vertex -54.1566 23.5 11.184
    endloop
  endfacet
  facet normal 0.16728 -0.450746 -0.876838
    outer loop
      vertex -53.0906 27.7 9.30038
      vertex -53.064 23.5 11.4645
      vertex -53.6191 23.5 11.3586
    endloop
  endfacet
  facet normal 0.829961 -0.450748 -0.32862
    outer loop
      vertex -54.7588 27.7 7.73392
      vertex -54.649 27.7 8.01123
      vertex -56.7798 23.5 8.39058
    endloop
  endfacet
  facet normal 0.864619 -0.450756 -0.221932
    outer loop
      vertex -54.8329 27.7 7.44503
      vertex -56.7798 23.5 8.39058
      vertex -56.9203 23.5 7.84321
    endloop
  endfacet
  facet normal 0.864663 -0.450743 -0.221785
    outer loop
      vertex -54.8329 27.7 7.44503
      vertex -54.7588 27.7 7.73392
      vertex -56.7798 23.5 8.39058
    endloop
  endfacet
  facet normal 0.72218 -0.450749 -0.524672
    outer loop
      vertex -54.5053 27.7 8.27259
      vertex -54.33 27.7 8.51388
      vertex -56.2995 23.5 9.41122
    endloop
  endfacet
  facet normal 0.722148 -0.450744 -0.524722
    outer loop
      vertex -54.33 27.7 8.51388
      vertex -55.9673 23.5 9.86841
      vertex -56.2995 23.5 9.41122
    endloop
  endfacet
  facet normal 0.478334 -0.450747 -0.753673
    outer loop
      vertex -53.896 27.7 8.92142
      vertex -53.6442 27.7 9.08123
      vertex -54.6679 23.5 10.9434
    endloop
  endfacet
  facet normal 0.650779 -0.450755 -0.610989
    outer loop
      vertex -54.1258 27.7 8.7313
      vertex -55.5805 23.5 10.2804
      vertex -55.9673 23.5 9.86841
    endloop
  endfacet
  facet normal -0.65075 -0.450751 0.611021
    outer loop
      vertex -49.4195 23.5 3.71964
      vertex -49.0327 23.5 4.13159
      vertex -50.8742 27.7 5.2687
    endloop
  endfacet
  facet normal -0.72218 -0.450749 0.524672
    outer loop
      vertex -48.7005 23.5 4.58878
      vertex -50.4947 27.7 5.72741
      vertex -50.67 27.7 5.48612
    endloop
  endfacet
  facet normal -0.885615 -0.450753 0.111837
    outer loop
      vertex -48.0797 23.5 6.15679
      vertex -48.0089 23.5 6.71744
      vertex -50.1671 27.7 6.55497
    endloop
  endfacet
  facet normal -0.885615 -0.450753 -0.111837
    outer loop
      vertex -48.0089 23.5 7.28256
      vertex -48.0797 23.5 7.84321
      vertex -50.1671 27.7 7.44503
    endloop
  endfacet
  facet normal -0.16728 -0.450746 -0.876838
    outer loop
      vertex -51.9094 27.7 9.30038
      vertex -51.3809 23.5 11.3586
      vertex -51.936 23.5 11.4645
    endloop
  endfacet
  facet normal -0.478334 -0.450747 -0.753673
    outer loop
      vertex -51.104 27.7 8.92142
      vertex -50.3321 23.5 10.9434
      vertex -51.3558 27.7 9.08123
    endloop
  endfacet
  facet normal -0.478333 -0.450747 -0.753674
    outer loop
      vertex -49.855 23.5 10.6406
      vertex -50.3321 23.5 10.9434
      vertex -51.104 27.7 8.92142
    endloop
  endfacet
  facet normal -0.568923 -0.450755 -0.687857
    outer loop
      vertex -49.4195 23.5 10.2804
      vertex -49.855 23.5 10.6406
      vertex -50.8742 27.7 8.7313
    endloop
  endfacet
  facet normal 0.864619 -0.450756 0.221932
    outer loop
      vertex -56.7798 23.5 5.60942
      vertex -54.8329 27.7 6.55497
      vertex -56.9203 23.5 6.15679
    endloop
  endfacet
  facet normal 0.885615 -0.450753 0.111837
    outer loop
      vertex -56.9203 23.5 6.15679
      vertex -54.8329 27.7 6.55497
      vertex -56.9911 23.5 6.71744
    endloop
  endfacet
  facet normal 0.722148 -0.450744 0.524722
    outer loop
      vertex -55.9673 23.5 4.13159
      vertex -54.33 27.7 5.48612
      vertex -56.2995 23.5 4.58878
    endloop
  endfacet
  facet normal 0.65075 -0.450751 0.611021
    outer loop
      vertex -55.5805 23.5 3.71964
      vertex -54.1258 27.7 5.2687
      vertex -55.9673 23.5 4.13159
    endloop
  endfacet
  facet normal 0.829933 -0.450741 -0.3287
    outer loop
      vertex -54.649 27.7 8.01123
      vertex -56.5717 23.5 8.91601
      vertex -56.7798 23.5 8.39058
    endloop
  endfacet
  facet normal 0.885615 -0.450753 -0.111837
    outer loop
      vertex -54.8329 27.7 7.44503
      vertex -56.9203 23.5 7.84321
      vertex -56.9911 23.5 7.28256
    endloop
  endfacet
  facet normal 0.568923 -0.450755 -0.687857
    outer loop
      vertex -54.1258 27.7 8.7313
      vertex -55.145 23.5 10.6406
      vertex -55.5805 23.5 10.2804
    endloop
  endfacet
  facet normal -0.478333 -0.450745 0.753675
    outer loop
      vertex -50.3321 23.5 3.05662
      vertex -49.855 23.5 3.35942
      vertex -51.104 27.7 5.07858
    endloop
  endfacet
  facet normal -0.568943 -0.45075 0.687843
    outer loop
      vertex -49.855 23.5 3.35942
      vertex -49.4195 23.5 3.71964
      vertex -50.8742 27.7 5.2687
    endloop
  endfacet
  facet normal -0.864619 -0.450756 0.221932
    outer loop
      vertex -48.2202 23.5 5.60942
      vertex -48.0797 23.5 6.15679
      vertex -50.1671 27.7 6.55497
    endloop
  endfacet
  facet normal -0.782215 -0.450749 0.430075
    outer loop
      vertex -48.7005 23.5 4.58878
      vertex -50.351 27.7 5.98877
      vertex -50.4947 27.7 5.72741
    endloop
  endfacet
  facet normal -0.722148 -0.450744 -0.524722
    outer loop
      vertex -48.7005 23.5 9.41122
      vertex -49.0327 23.5 9.86841
      vertex -50.67 27.7 8.51388
    endloop
  endfacet
  facet normal -0.650674 -0.450742 -0.61111
    outer loop
      vertex -50.67 27.7 8.51388
      vertex -49.0327 23.5 9.86841
      vertex -50.8742 27.7 8.7313
    endloop
  endfacet
  facet normal -0.829933 -0.450741 -0.3287
    outer loop
      vertex -48.2202 23.5 8.39058
      vertex -48.4283 23.5 8.91601
      vertex -50.351 27.7 8.01123
    endloop
  endfacet
  facet normal -0.782269 -0.450741 -0.429986
    outer loop
      vertex -48.4283 23.5 8.91601
      vertex -48.7005 23.5 9.41122
      vertex -50.351 27.7 8.01123
    endloop
  endfacet
  facet normal -0.829961 -0.450748 -0.32862
    outer loop
      vertex -50.2412 27.7 7.73392
      vertex -48.2202 23.5 8.39058
      vertex -50.351 27.7 8.01123
    endloop
  endfacet
  facet normal -0.864663 -0.450743 -0.221785
    outer loop
      vertex -50.1671 27.7 7.44503
      vertex -48.2202 23.5 8.39058
      vertex -50.2412 27.7 7.73392
    endloop
  endfacet
  facet normal -0.380073 -0.450749 -0.807694
    outer loop
      vertex -50.3321 23.5 10.9434
      vertex -50.8434 23.5 11.184
      vertex -51.3558 27.7 9.08123
    endloop
  endfacet
  facet normal -0.0560754 -0.450747 -0.890889
    outer loop
      vertex -52.5 27.7 9.375
      vertex -51.936 23.5 11.4645
      vertex -52.5 23.5 11.5
    endloop
  endfacet
  facet normal -0.056051 -0.450745 -0.890891
    outer loop
      vertex -52.2023 27.7 9.35627
      vertex -51.936 23.5 11.4645
      vertex -52.5 27.7 9.375
    endloop
  endfacet
  facet normal 0.829961 -0.450748 0.32862
    outer loop
      vertex -54.649 27.7 5.98877
      vertex -54.7588 27.7 6.26608
      vertex -56.7798 23.5 5.60942
    endloop
  endfacet
  facet normal 0.72218 -0.450749 0.524672
    outer loop
      vertex -54.33 27.7 5.48612
      vertex -54.5053 27.7 5.72741
      vertex -56.2995 23.5 4.58878
    endloop
  endfacet
  facet normal 0.380073 -0.450749 -0.807694
    outer loop
      vertex -53.6442 27.7 9.08123
      vertex -54.1566 23.5 11.184
      vertex -54.6679 23.5 10.9434
    endloop
  endfacet
  facet normal 0.782269 -0.450741 -0.429986
    outer loop
      vertex -54.649 27.7 8.01123
      vertex -56.2995 23.5 9.41122
      vertex -56.5717 23.5 8.91601
    endloop
  endfacet
  facet normal 0.782215 -0.450749 -0.430075
    outer loop
      vertex -54.649 27.7 8.01123
      vertex -54.5053 27.7 8.27259
      vertex -56.2995 23.5 9.41122
    endloop
  endfacet
  facet normal 0.892652 -0.450747 0
    outer loop
      vertex -56.9911 23.5 7.28256
      vertex -54.8703 27.7 6.85087
      vertex -54.8703 27.7 7.14913
    endloop
  endfacet
  facet normal 0.892652 -0.450747 0
    outer loop
      vertex -54.8703 27.7 6.85087
      vertex -56.9911 23.5 7.28256
      vertex -56.9911 23.5 6.71744
    endloop
  endfacet
  facet normal 0.569021 -0.450745 -0.687782
    outer loop
      vertex -54.1258 27.7 8.7313
      vertex -53.896 27.7 8.92142
      vertex -55.145 23.5 10.6406
    endloop
  endfacet
  facet normal 0.478333 -0.450747 -0.753674
    outer loop
      vertex -53.896 27.7 8.92142
      vertex -54.6679 23.5 10.9434
      vertex -55.145 23.5 10.6406
    endloop
  endfacet
  facet normal -0.650674 -0.450742 0.61111
    outer loop
      vertex -49.0327 23.5 4.13159
      vertex -50.67 27.7 5.48612
      vertex -50.8742 27.7 5.2687
    endloop
  endfacet
  facet normal -0.722148 -0.450744 0.524722
    outer loop
      vertex -49.0327 23.5 4.13159
      vertex -48.7005 23.5 4.58878
      vertex -50.67 27.7 5.48612
    endloop
  endfacet
  facet normal -0.885607 -0.450745 0.111935
    outer loop
      vertex -48.0089 23.5 6.71744
      vertex -50.1297 27.7 6.85087
      vertex -50.1671 27.7 6.55497
    endloop
  endfacet
  facet normal -0.829933 -0.450741 0.3287
    outer loop
      vertex -48.4283 23.5 5.08399
      vertex -48.2202 23.5 5.60942
      vertex -50.351 27.7 5.98877
    endloop
  endfacet
  facet normal -0.864663 -0.450743 0.221785
    outer loop
      vertex -48.2202 23.5 5.60942
      vertex -50.1671 27.7 6.55497
      vertex -50.2412 27.7 6.26608
    endloop
  endfacet
  facet normal -0.829961 -0.450748 0.32862
    outer loop
      vertex -48.2202 23.5 5.60942
      vertex -50.2412 27.7 6.26608
      vertex -50.351 27.7 5.98877
    endloop
  endfacet
  facet normal -0.72218 -0.450749 -0.524672
    outer loop
      vertex -50.4947 27.7 8.27259
      vertex -48.7005 23.5 9.41122
      vertex -50.67 27.7 8.51388
    endloop
  endfacet
  facet normal -0.650779 -0.450755 -0.610989
    outer loop
      vertex -49.0327 23.5 9.86841
      vertex -49.4195 23.5 10.2804
      vertex -50.8742 27.7 8.7313
    endloop
  endfacet
  facet normal -0.275791 -0.450749 -0.848979
    outer loop
      vertex -51.6257 27.7 9.20822
      vertex -50.8434 23.5 11.184
      vertex -51.9094 27.7 9.30038
    endloop
  endfacet
  facet normal -0.380034 -0.450752 -0.807711
    outer loop
      vertex -51.3558 27.7 9.08123
      vertex -50.8434 23.5 11.184
      vertex -51.6257 27.7 9.20822
    endloop
  endfacet
  facet normal 0.0560754 -0.450747 -0.890889
    outer loop
      vertex -52.5 27.7 9.375
      vertex -52.5 23.5 11.5
      vertex -53.064 23.5 11.4645
    endloop
  endfacet
  facet normal 0.380034 -0.450752 -0.807711
    outer loop
      vertex -53.6442 27.7 9.08123
      vertex -53.3743 27.7 9.20822
      vertex -54.1566 23.5 11.184
    endloop
  endfacet
  facet normal 0.275791 -0.450749 -0.848979
    outer loop
      vertex -53.3743 27.7 9.20822
      vertex -53.0906 27.7 9.30038
      vertex -54.1566 23.5 11.184
    endloop
  endfacet
  facet normal 0.885607 -0.450745 -0.111935
    outer loop
      vertex -54.8703 27.7 7.14913
      vertex -54.8329 27.7 7.44503
      vertex -56.9911 23.5 7.28256
    endloop
  endfacet
  facet normal -0.569022 -0.450742 0.687783
    outer loop
      vertex -49.855 23.5 3.35942
      vertex -50.8742 27.7 5.2687
      vertex -51.104 27.7 5.07858
    endloop
  endfacet
  facet normal -0.16728 -0.450749 0.876837
    outer loop
      vertex -51.3809 23.5 2.64138
      vertex -51.9094 27.7 4.69962
      vertex -51.936 23.5 2.53548
    endloop
  endfacet
  facet normal -0.167313 -0.450747 0.876832
    outer loop
      vertex -51.936 23.5 2.53548
      vertex -51.9094 27.7 4.69962
      vertex -52.2023 27.7 4.64373
    endloop
  endfacet
  facet normal -0.380086 -0.450746 0.80769
    outer loop
      vertex -50.8434 23.5 2.81601
      vertex -50.3321 23.5 3.05662
      vertex -51.3558 27.7 4.91877
    endloop
  endfacet
  facet normal -0.478335 -0.450744 0.753675
    outer loop
      vertex -50.3321 23.5 3.05662
      vertex -51.104 27.7 5.07858
      vertex -51.3558 27.7 4.91877
    endloop
  endfacet
  facet normal -0.892652 -0.450747 0
    outer loop
      vertex -48.0089 23.5 6.71744
      vertex -50.1297 27.7 7.14913
      vertex -50.1297 27.7 6.85087
    endloop
  endfacet
  facet normal -0.892652 -0.450747 0
    outer loop
      vertex -50.1297 27.7 7.14913
      vertex -48.0089 23.5 6.71744
      vertex -48.0089 23.5 7.28256
    endloop
  endfacet
  facet normal 0.056051 -0.450745 -0.890891
    outer loop
      vertex -52.7977 27.7 9.35627
      vertex -52.5 27.7 9.375
      vertex -53.064 23.5 11.4645
    endloop
  endfacet
  facet normal -0.380034 -0.450751 0.807711
    outer loop
      vertex -50.8434 23.5 2.81601
      vertex -51.3558 27.7 4.91877
      vertex -51.6257 27.7 4.79178
    endloop
  endfacet
  facet normal -0.275791 -0.450747 0.848979
    outer loop
      vertex -50.8434 23.5 2.81601
      vertex -51.6257 27.7 4.79178
      vertex -51.9094 27.7 4.69962
    endloop
  endfacet
  facet normal -0.275824 -0.45075 0.848967
    outer loop
      vertex -51.3809 23.5 2.64138
      vertex -50.8434 23.5 2.81601
      vertex -51.9094 27.7 4.69962
    endloop
  endfacet
  facet normal -0.167314 -0.450743 -0.876833
    outer loop
      vertex -51.9094 27.7 9.30038
      vertex -51.936 23.5 11.4645
      vertex -52.2023 27.7 9.35627
    endloop
  endfacet
  facet normal -0.0627837 0 0.998027
    outer loop
      vertex -52.5 23.5 2.5
      vertex -51.936 23.0099 2.53548
      vertex -51.936 23.5 2.53548
    endloop
  endfacet
  facet normal -0.0627837 0 0.998027
    outer loop
      vertex -51.936 23.0099 2.53548
      vertex -52.5 23.5 2.5
      vertex -52.5 23.0099 2.5
    endloop
  endfacet
  facet normal -0.0627837 0 0.998027
    outer loop
      vertex -52.5 -30.9828 2.5
      vertex -51.936 -30.564 2.53548
      vertex -52.5 -30 2.5
    endloop
  endfacet
  facet normal -0.0627837 0 0.998027
    outer loop
      vertex -51.936 -30.564 2.53548
      vertex -52.5 -30.9828 2.5
      vertex -51.936 -30.7321 2.53548
    endloop
  endfacet
  facet normal -0.0627837 0 0.998027
    outer loop
      vertex -52.5 -15.6839 2.5
      vertex -51.936 -29.436 2.53548
      vertex -51.936 -15.4332 2.53548
    endloop
  endfacet
  facet normal -0.0627837 0 0.998027
    outer loop
      vertex -51.936 -29.436 2.53548
      vertex -52.5 -15.6839 2.5
      vertex -52.5 -30 2.5
    endloop
  endfacet
  facet normal -0.0628189 0 -0.998025
    outer loop
      vertex -52.5 23.0099 11.5
      vertex -51.936 23.5 11.4645
      vertex -51.936 23.0099 11.4645
    endloop
  endfacet
  facet normal -0.0628189 0 -0.998025
    outer loop
      vertex -51.936 23.5 11.4645
      vertex -52.5 23.0099 11.5
      vertex -52.5 23.5 11.5
    endloop
  endfacet
  facet normal -0.0628189 0 -0.998025
    outer loop
      vertex -52.5 -30.9828 11.5
      vertex -51.936 -30.564 11.4645
      vertex -51.936 -30.7321 11.4645
    endloop
  endfacet
  facet normal -0.0628189 0 -0.998025
    outer loop
      vertex -51.936 -30.564 11.4645
      vertex -52.5 -30.9828 11.5
      vertex -52.5 -30 11.5
    endloop
  endfacet
  facet normal -0.0628189 -0 -0.998025
    outer loop
      vertex -52.5 -15.6839 11.5
      vertex -51.936 -29.436 11.4645
      vertex -52.5 -30 11.5
    endloop
  endfacet
  facet normal -0.0628189 0 -0.998025
    outer loop
      vertex -51.936 -29.436 11.4645
      vertex -52.5 -15.6839 11.5
      vertex -51.936 -15.4332 11.4645
    endloop
  endfacet
  facet normal -1 0 0
    outer loop
      vertex -48.0089 23.0099 6.71744
      vertex -48.0089 23.5 7.28256
      vertex -48.0089 23.5 6.71744
    endloop
  endfacet
  facet normal -1 -0 0
    outer loop
      vertex -48.0089 23.5 7.28256
      vertex -48.0089 23.0099 6.71744
      vertex -48.0089 23.0099 7.28256
    endloop
  endfacet
  facet normal -1 0 0
    outer loop
      vertex -48.0089 -25.5089 6.71744
      vertex -48.0089 -13.6879 7.28256
      vertex -48.0089 -13.6879 6.71744
    endloop
  endfacet
  facet normal -1 -0 0
    outer loop
      vertex -48.0089 -13.6879 7.28256
      vertex -48.0089 -25.5089 6.71744
      vertex -48.0089 -25.5089 7.28256
    endloop
  endfacet
  facet normal 1 -0 0
    outer loop
      vertex -56.9911 23.0099 7.28256
      vertex -56.9911 23.5 6.71744
      vertex -56.9911 23.5 7.28256
    endloop
  endfacet
  facet normal 1 0 0
    outer loop
      vertex -56.9911 23.5 6.71744
      vertex -56.9911 23.0099 7.28256
      vertex -56.9911 23.0099 6.71744
    endloop
  endfacet
  facet normal 1 -0 0
    outer loop
      vertex -56.9911 -25.5089 7.28256
      vertex -56.9911 -17.68 6.71744
      vertex -56.9911 -17.68 7.28256
    endloop
  endfacet
  facet normal 1 0 0
    outer loop
      vertex -56.9911 -17.68 6.71744
      vertex -56.9911 -25.5089 7.28256
      vertex -56.9911 -25.5089 6.71744
    endloop
  endfacet
  facet normal 0.637364 0 0.770563
    outer loop
      vertex -55.5805 23.5 3.71964
      vertex -55.145 23.0099 3.35942
      vertex -55.145 23.5 3.35942
    endloop
  endfacet
  facet normal 0.637364 0 0.770563
    outer loop
      vertex -55.145 23.0099 3.35942
      vertex -55.5805 23.5 3.71964
      vertex -55.5805 23.0099 3.71964
    endloop
  endfacet
  facet normal 0.637364 -0 0.770563
    outer loop
      vertex -55.5805 -26.9195 3.71964
      vertex -55.145 -16.8595 3.35942
      vertex -55.5805 -17.053 3.71964
    endloop
  endfacet
  facet normal 0.637364 0 0.770563
    outer loop
      vertex -55.145 -16.8595 3.35942
      vertex -55.5805 -26.9195 3.71964
      vertex -55.145 -27.355 3.35942
    endloop
  endfacet
  facet normal -0.72901 0 0.684503
    outer loop
      vertex -49.4195 23.0099 3.71964
      vertex -49.0327 23.5 4.13159
      vertex -49.4195 23.5 3.71964
    endloop
  endfacet
  facet normal -0.72901 0 0.684503
    outer loop
      vertex -49.0327 23.5 4.13159
      vertex -49.4195 23.0099 3.71964
      vertex -49.0327 23.0099 4.13159
    endloop
  endfacet
  facet normal -0.72901 0 0.684503
    outer loop
      vertex -49.4195 -14.3148 3.71964
      vertex -49.0327 -26.5327 4.13159
      vertex -49.0327 -14.1429 4.13159
    endloop
  endfacet
  facet normal -0.72901 0 0.684503
    outer loop
      vertex -49.0327 -26.5327 4.13159
      vertex -49.4195 -14.3148 3.71964
      vertex -49.4195 -26.9195 3.71964
    endloop
  endfacet
  facet normal -0.729043 0 -0.684468
    outer loop
      vertex -49.0327 23.0099 9.86841
      vertex -49.4195 23.5 10.2804
      vertex -49.0327 23.5 9.86841
    endloop
  endfacet
  facet normal -0.729043 -0 -0.684468
    outer loop
      vertex -49.4195 23.5 10.2804
      vertex -49.0327 23.0099 9.86841
      vertex -49.4195 23.0099 10.2804
    endloop
  endfacet
  facet normal -0.729043 0 -0.684468
    outer loop
      vertex -49.0327 -26.5327 9.86841
      vertex -49.4195 -14.3148 10.2804
      vertex -49.0327 -14.1429 9.86841
    endloop
  endfacet
  facet normal -0.729043 -0 -0.684468
    outer loop
      vertex -49.4195 -14.3148 10.2804
      vertex -49.0327 -26.5327 9.86841
      vertex -49.4195 -26.9195 10.2804
    endloop
  endfacet
  facet normal -0.929736 0 -0.368228
    outer loop
      vertex -48.2202 23.0099 8.39058
      vertex -48.4283 23.5 8.91601
      vertex -48.2202 23.5 8.39058
    endloop
  endfacet
  facet normal -0.929736 -0 -0.368228
    outer loop
      vertex -48.4283 23.5 8.91601
      vertex -48.2202 23.0099 8.39058
      vertex -48.4283 23.0099 8.91601
    endloop
  endfacet
  facet normal -0.929736 0 -0.368228
    outer loop
      vertex -48.2202 -25.7202 8.39058
      vertex -48.4283 -13.8743 8.91601
      vertex -48.2202 -13.7818 8.39058
    endloop
  endfacet
  facet normal -0.929736 -0 -0.368228
    outer loop
      vertex -48.4283 -13.8743 8.91601
      vertex -48.2202 -25.7202 8.39058
      vertex -48.4283 -25.9283 8.91601
    endloop
  endfacet
  facet normal -0.425794 0 0.90482
    outer loop
      vertex -50.8434 23.5 2.81601
      vertex -50.3321 23.0099 3.05662
      vertex -50.3321 23.5 3.05662
    endloop
  endfacet
  facet normal -0.425794 0 0.90482
    outer loop
      vertex -50.3321 23.0099 3.05662
      vertex -50.8434 23.5 2.81601
      vertex -50.8434 23.0099 2.81601
    endloop
  endfacet
  facet normal -0.425794 0 0.90482
    outer loop
      vertex -50.8434 -14.9477 2.81601
      vertex -50.3321 -27.8321 3.05662
      vertex -50.3321 -14.7204 3.05662
    endloop
  endfacet
  facet normal -0.425794 0 0.90482
    outer loop
      vertex -50.3321 -27.8321 3.05662
      vertex -50.8434 -14.9477 2.81601
      vertex -50.8434 -28.3434 2.81601
    endloop
  endfacet
  facet normal -0.187397 0 0.982284
    outer loop
      vertex -51.936 23.5 2.53548
      vertex -51.3809 23.0099 2.64138
      vertex -51.3809 23.5 2.64138
    endloop
  endfacet
  facet normal -0.187397 0 0.982284
    outer loop
      vertex -51.3809 23.0099 2.64138
      vertex -51.936 23.5 2.53548
      vertex -51.936 23.0099 2.53548
    endloop
  endfacet
  facet normal -0.187397 0 0.982284
    outer loop
      vertex -51.936 -15.4332 2.53548
      vertex -51.3809 -28.8809 2.64138
      vertex -51.3809 -15.1865 2.64138
    endloop
  endfacet
  facet normal -0.187397 0 0.982284
    outer loop
      vertex -51.3809 -28.8809 2.64138
      vertex -51.936 -15.4332 2.53548
      vertex -51.936 -29.436 2.53548
    endloop
  endfacet
  facet normal -0.187345 0 0.982294
    outer loop
      vertex -51.8196 -30.6804 2.55768
      vertex -51.936 -30.564 2.53548
      vertex -51.936 -30.7321 2.53548
    endloop
  endfacet
  facet normal -0.929736 0 0.368228
    outer loop
      vertex -48.4283 23.0099 5.08399
      vertex -48.2202 23.5 5.60942
      vertex -48.4283 23.5 5.08399
    endloop
  endfacet
  facet normal -0.929736 0 0.368228
    outer loop
      vertex -48.2202 23.5 5.60942
      vertex -48.4283 23.0099 5.08399
      vertex -48.2202 23.0099 5.60942
    endloop
  endfacet
  facet normal -0.929736 0 0.368228
    outer loop
      vertex -48.4283 -13.8743 5.08399
      vertex -48.2202 -25.7202 5.60942
      vertex -48.2202 -13.7818 5.60942
    endloop
  endfacet
  facet normal -0.929736 0 0.368228
    outer loop
      vertex -48.2202 -25.7202 5.60942
      vertex -48.4283 -13.8743 5.08399
      vertex -48.4283 -25.9283 5.08399
    endloop
  endfacet
  facet normal -0.968601 0 0.248622
    outer loop
      vertex -48.2202 23.0099 5.60942
      vertex -48.0797 23.5 6.15679
      vertex -48.2202 23.5 5.60942
    endloop
  endfacet
  facet normal -0.968601 0 0.248622
    outer loop
      vertex -48.0797 23.5 6.15679
      vertex -48.2202 23.0099 5.60942
      vertex -48.0797 23.0099 6.15679
    endloop
  endfacet
  facet normal -0.968601 0 0.248622
    outer loop
      vertex -48.2202 -13.7818 5.60942
      vertex -48.0797 -25.5797 6.15679
      vertex -48.0797 -13.7193 6.15679
    endloop
  endfacet
  facet normal -0.968601 0 0.248622
    outer loop
      vertex -48.0797 -25.5797 6.15679
      vertex -48.2202 -13.7818 5.60942
      vertex -48.2202 -25.7202 5.60942
    endloop
  endfacet
  facet normal -0.80899 0 0.587822
    outer loop
      vertex -49.0327 23.0099 4.13159
      vertex -48.7005 23.5 4.58878
      vertex -49.0327 23.5 4.13159
    endloop
  endfacet
  facet normal -0.80899 0 0.587822
    outer loop
      vertex -48.7005 23.5 4.58878
      vertex -49.0327 23.0099 4.13159
      vertex -48.7005 23.0099 4.58878
    endloop
  endfacet
  facet normal -0.80899 0 0.587822
    outer loop
      vertex -49.0327 -14.1429 4.13159
      vertex -48.7005 -26.2005 4.58878
      vertex -48.7005 -13.9953 4.58878
    endloop
  endfacet
  facet normal -0.80899 0 0.587822
    outer loop
      vertex -48.7005 -26.2005 4.58878
      vertex -49.0327 -14.1429 4.13159
      vertex -49.0327 -26.5327 4.13159
    endloop
  endfacet
  facet normal -0.42578 0 -0.904827
    outer loop
      vertex -50.8434 23.0099 11.184
      vertex -50.3321 23.5 10.9434
      vertex -50.3321 23.0099 10.9434
    endloop
  endfacet
  facet normal -0.42578 0 -0.904827
    outer loop
      vertex -50.3321 23.5 10.9434
      vertex -50.8434 23.0099 11.184
      vertex -50.8434 23.5 11.184
    endloop
  endfacet
  facet normal -0.42578 -0 -0.904827
    outer loop
      vertex -50.8434 -14.9477 11.184
      vertex -50.3321 -27.8321 10.9434
      vertex -50.8434 -28.3434 11.184
    endloop
  endfacet
  facet normal -0.42578 0 -0.904827
    outer loop
      vertex -50.3321 -27.8321 10.9434
      vertex -50.8434 -14.9477 11.184
      vertex -50.3321 -14.7204 10.9434
    endloop
  endfacet
  facet normal -0.535856 0 -0.844309
    outer loop
      vertex -50.3321 23.0099 10.9434
      vertex -49.855 23.5 10.6406
      vertex -49.855 23.0099 10.6406
    endloop
  endfacet
  facet normal -0.535856 0 -0.844309
    outer loop
      vertex -49.855 23.5 10.6406
      vertex -50.3321 23.0099 10.9434
      vertex -50.3321 23.5 10.9434
    endloop
  endfacet
  facet normal -0.535856 -0 -0.844309
    outer loop
      vertex -50.3321 -14.7204 10.9434
      vertex -49.855 -27.355 10.6406
      vertex -50.3321 -27.8321 10.9434
    endloop
  endfacet
  facet normal -0.535856 0 -0.844309
    outer loop
      vertex -49.855 -27.355 10.6406
      vertex -50.3321 -14.7204 10.9434
      vertex -49.855 -14.5083 10.6406
    endloop
  endfacet
  facet normal -0.308946 0 -0.95108
    outer loop
      vertex -51.3809 23.0099 11.3586
      vertex -50.8434 23.5 11.184
      vertex -50.8434 23.0099 11.184
    endloop
  endfacet
  facet normal -0.308946 0 -0.95108
    outer loop
      vertex -50.8434 23.5 11.184
      vertex -51.3809 23.0099 11.3586
      vertex -51.3809 23.5 11.3586
    endloop
  endfacet
  facet normal -0.308946 -0 -0.95108
    outer loop
      vertex -51.3809 -15.1865 11.3586
      vertex -50.8434 -28.3434 11.184
      vertex -51.3809 -28.8809 11.3586
    endloop
  endfacet
  facet normal -0.308946 0 -0.95108
    outer loop
      vertex -50.8434 -28.3434 11.184
      vertex -51.3809 -15.1865 11.3586
      vertex -50.8434 -14.9477 11.184
    endloop
  endfacet
  facet normal -0.87634 0 -0.481694
    outer loop
      vertex -48.4283 23.0099 8.91601
      vertex -48.7005 23.5 9.41122
      vertex -48.4283 23.5 8.91601
    endloop
  endfacet
  facet normal -0.87634 -0 -0.481694
    outer loop
      vertex -48.7005 23.5 9.41122
      vertex -48.4283 23.0099 8.91601
      vertex -48.7005 23.0099 9.41122
    endloop
  endfacet
  facet normal -0.87634 0 -0.481694
    outer loop
      vertex -48.4283 -25.9283 8.91601
      vertex -48.7005 -13.9953 9.41122
      vertex -48.4283 -13.8743 8.91601
    endloop
  endfacet
  facet normal -0.87634 -0 -0.481694
    outer loop
      vertex -48.7005 -13.9953 9.41122
      vertex -48.4283 -25.9283 8.91601
      vertex -48.7005 -26.2005 9.41122
    endloop
  endfacet
  facet normal -0.968601 0 -0.248622
    outer loop
      vertex -48.0797 23.0099 7.84321
      vertex -48.2202 23.5 8.39058
      vertex -48.0797 23.5 7.84321
    endloop
  endfacet
  facet normal -0.968601 -0 -0.248622
    outer loop
      vertex -48.2202 23.5 8.39058
      vertex -48.0797 23.0099 7.84321
      vertex -48.2202 23.0099 8.39058
    endloop
  endfacet
  facet normal -0.968601 0 -0.248622
    outer loop
      vertex -48.0797 -25.5797 7.84321
      vertex -48.2202 -13.7818 8.39058
      vertex -48.0797 -13.7193 7.84321
    endloop
  endfacet
  facet normal -0.968601 -0 -0.248622
    outer loop
      vertex -48.2202 -13.7818 8.39058
      vertex -48.0797 -25.5797 7.84321
      vertex -48.2202 -25.7202 8.39058
    endloop
  endfacet
  facet normal 0.929736 -0 0.368228
    outer loop
      vertex -56.7798 23.0099 5.60942
      vertex -56.5717 23.5 5.08399
      vertex -56.7798 23.5 5.60942
    endloop
  endfacet
  facet normal 0.929736 0 0.368228
    outer loop
      vertex -56.5717 23.5 5.08399
      vertex -56.7798 23.0099 5.60942
      vertex -56.5717 23.0099 5.08399
    endloop
  endfacet
  facet normal 0.929736 -0 0.368228
    outer loop
      vertex -56.7798 -25.7202 5.60942
      vertex -56.5717 -17.4936 5.08399
      vertex -56.7798 -17.586 5.60942
    endloop
  endfacet
  facet normal 0.929736 0 0.368228
    outer loop
      vertex -56.5717 -17.4936 5.08399
      vertex -56.7798 -25.7202 5.60942
      vertex -56.5717 -25.9283 5.08399
    endloop
  endfacet
  facet normal -0.308994 0 0.951064
    outer loop
      vertex -51.3809 23.5 2.64138
      vertex -50.8434 23.0099 2.81601
      vertex -50.8434 23.5 2.81601
    endloop
  endfacet
  facet normal -0.308994 0 0.951064
    outer loop
      vertex -50.8434 23.0099 2.81601
      vertex -51.3809 23.5 2.64138
      vertex -51.3809 23.0099 2.64138
    endloop
  endfacet
  facet normal -0.308994 0 0.951064
    outer loop
      vertex -51.3809 -15.1865 2.64138
      vertex -50.8434 -28.3434 2.81601
      vertex -50.8434 -14.9477 2.81601
    endloop
  endfacet
  facet normal -0.308994 0 0.951064
    outer loop
      vertex -50.8434 -28.3434 2.81601
      vertex -51.3809 -15.1865 2.64138
      vertex -51.3809 -28.8809 2.64138
    endloop
  endfacet
  facet normal -0.637364 0 0.770563
    outer loop
      vertex -49.855 23.5 3.35942
      vertex -49.4195 23.0099 3.71964
      vertex -49.4195 23.5 3.71964
    endloop
  endfacet
  facet normal -0.637364 0 0.770563
    outer loop
      vertex -49.4195 23.0099 3.71964
      vertex -49.855 23.5 3.35942
      vertex -49.855 23.0099 3.35942
    endloop
  endfacet
  facet normal -0.637364 0 0.770563
    outer loop
      vertex -49.855 -14.5083 3.35942
      vertex -49.4195 -26.9195 3.71964
      vertex -49.4195 -14.3148 3.71964
    endloop
  endfacet
  facet normal -0.637364 0 0.770563
    outer loop
      vertex -49.4195 -26.9195 3.71964
      vertex -49.855 -14.5083 3.35942
      vertex -49.855 -27.355 3.35942
    endloop
  endfacet
  facet normal -0.535856 0 0.844309
    outer loop
      vertex -50.3321 23.5 3.05662
      vertex -49.855 23.0099 3.35942
      vertex -49.855 23.5 3.35942
    endloop
  endfacet
  facet normal -0.535856 0 0.844309
    outer loop
      vertex -49.855 23.0099 3.35942
      vertex -50.3321 23.5 3.05662
      vertex -50.3321 23.0099 3.05662
    endloop
  endfacet
  facet normal -0.535856 0 0.844309
    outer loop
      vertex -50.3321 -14.7204 3.05662
      vertex -49.855 -27.355 3.35942
      vertex -49.855 -14.5083 3.35942
    endloop
  endfacet
  facet normal -0.535856 0 0.844309
    outer loop
      vertex -49.855 -27.355 3.35942
      vertex -50.3321 -14.7204 3.05662
      vertex -50.3321 -27.8321 3.05662
    endloop
  endfacet
  facet normal -0.992121 0 0.125287
    outer loop
      vertex -48.0797 23.0099 6.15679
      vertex -48.0089 23.5 6.71744
      vertex -48.0797 23.5 6.15679
    endloop
  endfacet
  facet normal -0.992121 0 0.125287
    outer loop
      vertex -48.0089 23.5 6.71744
      vertex -48.0797 23.0099 6.15679
      vertex -48.0089 23.0099 6.71744
    endloop
  endfacet
  facet normal -0.992121 0 0.125287
    outer loop
      vertex -48.0797 -13.7193 6.15679
      vertex -48.0089 -25.5089 6.71744
      vertex -48.0089 -13.6879 6.71744
    endloop
  endfacet
  facet normal -0.992121 0 0.125287
    outer loop
      vertex -48.0089 -25.5089 6.71744
      vertex -48.0797 -13.7193 6.15679
      vertex -48.0797 -25.5797 6.15679
    endloop
  endfacet
  facet normal -0.187397 0 -0.982284
    outer loop
      vertex -51.936 23.0099 11.4645
      vertex -51.3809 23.5 11.3586
      vertex -51.3809 23.0099 11.3586
    endloop
  endfacet
  facet normal -0.187397 0 -0.982284
    outer loop
      vertex -51.3809 23.5 11.3586
      vertex -51.936 23.0099 11.4645
      vertex -51.936 23.5 11.4645
    endloop
  endfacet
  facet normal -0.187397 -0 -0.982284
    outer loop
      vertex -51.936 -15.4332 11.4645
      vertex -51.3809 -28.8809 11.3586
      vertex -51.936 -29.436 11.4645
    endloop
  endfacet
  facet normal -0.187397 0 -0.982284
    outer loop
      vertex -51.3809 -28.8809 11.3586
      vertex -51.936 -15.4332 11.4645
      vertex -51.3809 -15.1865 11.3586
    endloop
  endfacet
  facet normal -0.187345 -0 -0.982294
    outer loop
      vertex -51.936 -30.564 11.4645
      vertex -51.8196 -30.6804 11.4423
      vertex -51.936 -30.7321 11.4645
    endloop
  endfacet
  facet normal -0.992121 0 -0.125287
    outer loop
      vertex -48.0089 23.0099 7.28256
      vertex -48.0797 23.5 7.84321
      vertex -48.0089 23.5 7.28256
    endloop
  endfacet
  facet normal -0.992121 -0 -0.125287
    outer loop
      vertex -48.0797 23.5 7.84321
      vertex -48.0089 23.0099 7.28256
      vertex -48.0797 23.0099 7.84321
    endloop
  endfacet
  facet normal -0.992121 0 -0.125287
    outer loop
      vertex -48.0089 -25.5089 7.28256
      vertex -48.0797 -13.7193 7.84321
      vertex -48.0089 -13.6879 7.28256
    endloop
  endfacet
  facet normal -0.992121 -0 -0.125287
    outer loop
      vertex -48.0797 -13.7193 7.84321
      vertex -48.0089 -25.5089 7.28256
      vertex -48.0797 -25.5797 7.84321
    endloop
  endfacet
  facet normal 0.0627837 0 0.998027
    outer loop
      vertex -53.064 23.5 2.53548
      vertex -52.5 23.0099 2.5
      vertex -52.5 23.5 2.5
    endloop
  endfacet
  facet normal 0.0627837 0 0.998027
    outer loop
      vertex -52.5 23.0099 2.5
      vertex -53.064 23.5 2.53548
      vertex -53.064 23.0099 2.53548
    endloop
  endfacet
  facet normal 0.0627837 0 0.998027
    outer loop
      vertex -53.064 -30.564 2.53548
      vertex -52.5 -30.9828 2.5
      vertex -52.5 -30 2.5
    endloop
  endfacet
  facet normal 0.0627837 0 0.998027
    outer loop
      vertex -52.5 -30.9828 2.5
      vertex -53.064 -30.564 2.53548
      vertex -53.064 -31.2334 2.53548
    endloop
  endfacet
  facet normal 0.0627837 -0 0.998027
    outer loop
      vertex -53.064 -29.436 2.53548
      vertex -52.5 -15.6839 2.5
      vertex -53.064 -15.9346 2.53548
    endloop
  endfacet
  facet normal 0.0627837 0 0.998027
    outer loop
      vertex -52.5 -15.6839 2.5
      vertex -53.064 -29.436 2.53548
      vertex -52.5 -30 2.5
    endloop
  endfacet
  facet normal 0.535856 0 0.844309
    outer loop
      vertex -55.145 23.5 3.35942
      vertex -54.6679 23.0099 3.05662
      vertex -54.6679 23.5 3.05662
    endloop
  endfacet
  facet normal 0.535856 0 0.844309
    outer loop
      vertex -54.6679 23.0099 3.05662
      vertex -55.145 23.5 3.35942
      vertex -55.145 23.0099 3.35942
    endloop
  endfacet
  facet normal 0.535856 -0 0.844309
    outer loop
      vertex -55.145 -27.355 3.35942
      vertex -54.6679 -16.6474 3.05662
      vertex -55.145 -16.8595 3.35942
    endloop
  endfacet
  facet normal 0.535856 0 0.844309
    outer loop
      vertex -54.6679 -16.6474 3.05662
      vertex -55.145 -27.355 3.35942
      vertex -54.6679 -27.8321 3.05662
    endloop
  endfacet
  facet normal 0.187397 0 0.982284
    outer loop
      vertex -53.6191 23.5 2.64138
      vertex -53.064 23.0099 2.53548
      vertex -53.064 23.5 2.53548
    endloop
  endfacet
  facet normal 0.187397 0 0.982284
    outer loop
      vertex -53.064 23.0099 2.53548
      vertex -53.6191 23.5 2.64138
      vertex -53.6191 23.0099 2.64138
    endloop
  endfacet
  facet normal 0.187397 -0 0.982284
    outer loop
      vertex -53.6191 -28.8809 2.64138
      vertex -53.064 -15.9346 2.53548
      vertex -53.6191 -16.1813 2.64138
    endloop
  endfacet
  facet normal 0.187397 0 0.982284
    outer loop
      vertex -53.064 -15.9346 2.53548
      vertex -53.6191 -28.8809 2.64138
      vertex -53.064 -29.436 2.53548
    endloop
  endfacet
  facet normal 0.187397 0 0.982284
    outer loop
      vertex -53.6191 -31.1191 2.64138
      vertex -53.064 -31.2334 2.53548
      vertex -53.064 -30.564 2.53548
    endloop
  endfacet
  facet normal 0.187397 0 0.982284
    outer loop
      vertex -53.064 -31.2334 2.53548
      vertex -53.6191 -31.1191 2.64138
      vertex -53.6191 -31.4801 2.64138
    endloop
  endfacet
  facet normal 0.929736 0 -0.368228
    outer loop
      vertex -56.5717 23.0099 8.91601
      vertex -56.7798 23.5 8.39058
      vertex -56.5717 23.5 8.91601
    endloop
  endfacet
  facet normal 0.929736 0 -0.368228
    outer loop
      vertex -56.7798 23.5 8.39058
      vertex -56.5717 23.0099 8.91601
      vertex -56.7798 23.0099 8.39058
    endloop
  endfacet
  facet normal 0.929736 0 -0.368228
    outer loop
      vertex -56.5717 -17.4936 8.91601
      vertex -56.7798 -25.7202 8.39058
      vertex -56.7798 -17.586 8.39058
    endloop
  endfacet
  facet normal 0.929736 0 -0.368228
    outer loop
      vertex -56.7798 -25.7202 8.39058
      vertex -56.5717 -17.4936 8.91601
      vertex -56.5717 -25.9283 8.91601
    endloop
  endfacet
  facet normal 0.42578 0 -0.904827
    outer loop
      vertex -54.6679 23.0099 10.9434
      vertex -54.1566 23.5 11.184
      vertex -54.1566 23.0099 11.184
    endloop
  endfacet
  facet normal 0.42578 0 -0.904827
    outer loop
      vertex -54.1566 23.5 11.184
      vertex -54.6679 23.0099 10.9434
      vertex -54.6679 23.5 10.9434
    endloop
  endfacet
  facet normal 0.42578 0 -0.904827
    outer loop
      vertex -54.6679 -27.8321 10.9434
      vertex -54.1566 -16.4202 11.184
      vertex -54.1566 -28.3434 11.184
    endloop
  endfacet
  facet normal 0.42578 0 -0.904827
    outer loop
      vertex -54.1566 -16.4202 11.184
      vertex -54.6679 -27.8321 10.9434
      vertex -54.6679 -16.6474 10.9434
    endloop
  endfacet
  facet normal 0.425836 0 -0.9048
    outer loop
      vertex -54.1566 -31.6566 11.184
      vertex -54.1566 -31.719 11.184
      vertex -54.269 -31.769 11.1311
    endloop
  endfacet
  facet normal 0.72901 -0 0.684503
    outer loop
      vertex -55.9673 23.0099 4.13159
      vertex -55.5805 23.5 3.71964
      vertex -55.9673 23.5 4.13159
    endloop
  endfacet
  facet normal 0.72901 0 0.684503
    outer loop
      vertex -55.5805 23.5 3.71964
      vertex -55.9673 23.0099 4.13159
      vertex -55.5805 23.0099 3.71964
    endloop
  endfacet
  facet normal 0.72901 -0 0.684503
    outer loop
      vertex -55.9673 -26.5327 4.13159
      vertex -55.5805 -17.053 3.71964
      vertex -55.9673 -17.2249 4.13159
    endloop
  endfacet
  facet normal 0.72901 0 0.684503
    outer loop
      vertex -55.5805 -17.053 3.71964
      vertex -55.9673 -26.5327 4.13159
      vertex -55.5805 -26.9195 3.71964
    endloop
  endfacet
  facet normal 0.87634 -0 0.481694
    outer loop
      vertex -56.5717 23.0099 5.08399
      vertex -56.2995 23.5 4.58878
      vertex -56.5717 23.5 5.08399
    endloop
  endfacet
  facet normal 0.87634 0 0.481694
    outer loop
      vertex -56.2995 23.5 4.58878
      vertex -56.5717 23.0099 5.08399
      vertex -56.2995 23.0099 4.58878
    endloop
  endfacet
  facet normal 0.87634 -0 0.481694
    outer loop
      vertex -56.5717 -25.9283 5.08399
      vertex -56.2995 -17.3726 4.58878
      vertex -56.5717 -17.4936 5.08399
    endloop
  endfacet
  facet normal 0.87634 0 0.481694
    outer loop
      vertex -56.2995 -17.3726 4.58878
      vertex -56.5717 -25.9283 5.08399
      vertex -56.2995 -26.2005 4.58878
    endloop
  endfacet
  facet normal -0.87634 0 0.481694
    outer loop
      vertex -48.7005 23.0099 4.58878
      vertex -48.4283 23.5 5.08399
      vertex -48.7005 23.5 4.58878
    endloop
  endfacet
  facet normal -0.87634 0 0.481694
    outer loop
      vertex -48.4283 23.5 5.08399
      vertex -48.7005 23.0099 4.58878
      vertex -48.4283 23.0099 5.08399
    endloop
  endfacet
  facet normal -0.87634 0 0.481694
    outer loop
      vertex -48.7005 -13.9953 4.58878
      vertex -48.4283 -25.9283 5.08399
      vertex -48.4283 -13.8743 5.08399
    endloop
  endfacet
  facet normal -0.87634 0 0.481694
    outer loop
      vertex -48.4283 -25.9283 5.08399
      vertex -48.7005 -13.9953 4.58878
      vertex -48.7005 -26.2005 4.58878
    endloop
  endfacet
  facet normal -0.637343 0 -0.77058
    outer loop
      vertex -49.855 23.0099 10.6406
      vertex -49.4195 23.5 10.2804
      vertex -49.4195 23.0099 10.2804
    endloop
  endfacet
  facet normal -0.637343 0 -0.77058
    outer loop
      vertex -49.4195 23.5 10.2804
      vertex -49.855 23.0099 10.6406
      vertex -49.855 23.5 10.6406
    endloop
  endfacet
  facet normal -0.637343 -0 -0.77058
    outer loop
      vertex -49.855 -14.5083 10.6406
      vertex -49.4195 -26.9195 10.2804
      vertex -49.855 -27.355 10.6406
    endloop
  endfacet
  facet normal -0.637343 0 -0.77058
    outer loop
      vertex -49.4195 -26.9195 10.2804
      vertex -49.855 -14.5083 10.6406
      vertex -49.4195 -14.3148 10.2804
    endloop
  endfacet
  facet normal -0.80899 0 -0.587822
    outer loop
      vertex -48.7005 23.0099 9.41122
      vertex -49.0327 23.5 9.86841
      vertex -48.7005 23.5 9.41122
    endloop
  endfacet
  facet normal -0.80899 -0 -0.587822
    outer loop
      vertex -49.0327 23.5 9.86841
      vertex -48.7005 23.0099 9.41122
      vertex -49.0327 23.0099 9.86841
    endloop
  endfacet
  facet normal -0.80899 0 -0.587822
    outer loop
      vertex -48.7005 -26.2005 9.41122
      vertex -49.0327 -14.1429 9.86841
      vertex -48.7005 -13.9953 9.41122
    endloop
  endfacet
  facet normal -0.80899 -0 -0.587822
    outer loop
      vertex -49.0327 -14.1429 9.86841
      vertex -48.7005 -26.2005 9.41122
      vertex -49.0327 -26.5327 9.86841
    endloop
  endfacet
  facet normal 0.308994 0 0.951064
    outer loop
      vertex -54.1566 23.5 2.81601
      vertex -53.6191 23.0099 2.64138
      vertex -53.6191 23.5 2.64138
    endloop
  endfacet
  facet normal 0.308994 0 0.951064
    outer loop
      vertex -53.6191 23.0099 2.64138
      vertex -54.1566 23.5 2.81601
      vertex -54.1566 23.0099 2.81601
    endloop
  endfacet
  facet normal 0.308994 0 0.951064
    outer loop
      vertex -54.1566 -31.6566 2.81601
      vertex -53.6191 -31.4801 2.64138
      vertex -53.6191 -31.1191 2.64138
    endloop
  endfacet
  facet normal 0.308994 0 0.951064
    outer loop
      vertex -53.6191 -31.4801 2.64138
      vertex -54.1566 -31.6566 2.81601
      vertex -54.1566 -31.719 2.81601
    endloop
  endfacet
  facet normal 0.308994 -0 0.951064
    outer loop
      vertex -54.1566 -28.3434 2.81601
      vertex -53.6191 -16.1813 2.64138
      vertex -54.1566 -16.4202 2.81601
    endloop
  endfacet
  facet normal 0.308994 0 0.951064
    outer loop
      vertex -53.6191 -16.1813 2.64138
      vertex -54.1566 -28.3434 2.81601
      vertex -53.6191 -28.8809 2.64138
    endloop
  endfacet
  facet normal 0.425794 0 0.90482
    outer loop
      vertex -54.6679 23.5 3.05662
      vertex -54.1566 23.0099 2.81601
      vertex -54.1566 23.5 2.81601
    endloop
  endfacet
  facet normal 0.425794 0 0.90482
    outer loop
      vertex -54.1566 23.0099 2.81601
      vertex -54.6679 23.5 3.05662
      vertex -54.6679 23.0099 3.05662
    endloop
  endfacet
  facet normal 0.42577 -0 0.904831
    outer loop
      vertex -54.1566 -31.719 2.81601
      vertex -54.1566 -31.6566 2.81601
      vertex -54.269 -31.769 2.8689
    endloop
  endfacet
  facet normal 0.425794 -0 0.90482
    outer loop
      vertex -54.6679 -27.8321 3.05662
      vertex -54.1566 -16.4202 2.81601
      vertex -54.6679 -16.6474 3.05662
    endloop
  endfacet
  facet normal 0.425794 0 0.90482
    outer loop
      vertex -54.1566 -16.4202 2.81601
      vertex -54.6679 -27.8321 3.05662
      vertex -54.1566 -28.3434 2.81601
    endloop
  endfacet
  facet normal 0.968601 0 -0.248622
    outer loop
      vertex -56.7798 23.0099 8.39058
      vertex -56.9203 23.5 7.84321
      vertex -56.7798 23.5 8.39058
    endloop
  endfacet
  facet normal 0.968601 0 -0.248622
    outer loop
      vertex -56.9203 23.5 7.84321
      vertex -56.7798 23.0099 8.39058
      vertex -56.9203 23.0099 7.84321
    endloop
  endfacet
  facet normal 0.968601 0 -0.248622
    outer loop
      vertex -56.7798 -17.586 8.39058
      vertex -56.9203 -25.5797 7.84321
      vertex -56.9203 -17.6485 7.84321
    endloop
  endfacet
  facet normal 0.968601 0 -0.248622
    outer loop
      vertex -56.9203 -25.5797 7.84321
      vertex -56.7798 -17.586 8.39058
      vertex -56.7798 -25.7202 8.39058
    endloop
  endfacet
  facet normal 0.308946 0 -0.95108
    outer loop
      vertex -54.1566 23.0099 11.184
      vertex -53.6191 23.5 11.3586
      vertex -53.6191 23.0099 11.3586
    endloop
  endfacet
  facet normal 0.308946 0 -0.95108
    outer loop
      vertex -53.6191 23.5 11.3586
      vertex -54.1566 23.0099 11.184
      vertex -54.1566 23.5 11.184
    endloop
  endfacet
  facet normal 0.308946 0 -0.95108
    outer loop
      vertex -54.1566 -28.3434 11.184
      vertex -53.6191 -16.1813 11.3586
      vertex -53.6191 -28.8809 11.3586
    endloop
  endfacet
  facet normal 0.308946 0 -0.95108
    outer loop
      vertex -53.6191 -16.1813 11.3586
      vertex -54.1566 -28.3434 11.184
      vertex -54.1566 -16.4202 11.184
    endloop
  endfacet
  facet normal 0.308946 0 -0.95108
    outer loop
      vertex -54.1566 -31.6566 11.184
      vertex -53.6191 -31.4801 11.3586
      vertex -54.1566 -31.719 11.184
    endloop
  endfacet
  facet normal 0.308946 0 -0.95108
    outer loop
      vertex -53.6191 -31.4801 11.3586
      vertex -54.1566 -31.6566 11.184
      vertex -53.6191 -31.1191 11.3586
    endloop
  endfacet
  facet normal 0.80899 -0 0.587822
    outer loop
      vertex -56.2995 23.0099 4.58878
      vertex -55.9673 23.5 4.13159
      vertex -56.2995 23.5 4.58878
    endloop
  endfacet
  facet normal 0.80899 0 0.587822
    outer loop
      vertex -55.9673 23.5 4.13159
      vertex -56.2995 23.0099 4.58878
      vertex -55.9673 23.0099 4.13159
    endloop
  endfacet
  facet normal 0.80899 -0 0.587822
    outer loop
      vertex -56.2995 -26.2005 4.58878
      vertex -55.9673 -17.2249 4.13159
      vertex -56.2995 -17.3726 4.58878
    endloop
  endfacet
  facet normal 0.80899 0 0.587822
    outer loop
      vertex -55.9673 -17.2249 4.13159
      vertex -56.2995 -26.2005 4.58878
      vertex -55.9673 -26.5327 4.13159
    endloop
  endfacet
  facet normal 0.992121 0 -0.125287
    outer loop
      vertex -56.9203 23.0099 7.84321
      vertex -56.9911 23.5 7.28256
      vertex -56.9203 23.5 7.84321
    endloop
  endfacet
  facet normal 0.992121 0 -0.125287
    outer loop
      vertex -56.9911 23.5 7.28256
      vertex -56.9203 23.0099 7.84321
      vertex -56.9911 23.0099 7.28256
    endloop
  endfacet
  facet normal 0.992121 0 -0.125287
    outer loop
      vertex -56.9203 -17.6485 7.84321
      vertex -56.9911 -25.5089 7.28256
      vertex -56.9911 -17.68 7.28256
    endloop
  endfacet
  facet normal 0.992121 0 -0.125287
    outer loop
      vertex -56.9911 -25.5089 7.28256
      vertex -56.9203 -17.6485 7.84321
      vertex -56.9203 -25.5797 7.84321
    endloop
  endfacet
  facet normal 0.729043 0 -0.684468
    outer loop
      vertex -55.5805 23.0099 10.2804
      vertex -55.9673 23.5 9.86841
      vertex -55.5805 23.5 10.2804
    endloop
  endfacet
  facet normal 0.729043 0 -0.684468
    outer loop
      vertex -55.9673 23.5 9.86841
      vertex -55.5805 23.0099 10.2804
      vertex -55.9673 23.0099 9.86841
    endloop
  endfacet
  facet normal 0.729043 0 -0.684468
    outer loop
      vertex -55.5805 -17.053 10.2804
      vertex -55.9673 -26.5327 9.86841
      vertex -55.9673 -17.2249 9.86841
    endloop
  endfacet
  facet normal 0.729043 0 -0.684468
    outer loop
      vertex -55.9673 -26.5327 9.86841
      vertex -55.5805 -17.053 10.2804
      vertex -55.5805 -26.9195 10.2804
    endloop
  endfacet
  facet normal 0.87634 0 -0.481694
    outer loop
      vertex -56.2995 23.0099 9.41122
      vertex -56.5717 23.5 8.91601
      vertex -56.2995 23.5 9.41122
    endloop
  endfacet
  facet normal 0.87634 0 -0.481694
    outer loop
      vertex -56.5717 23.5 8.91601
      vertex -56.2995 23.0099 9.41122
      vertex -56.5717 23.0099 8.91601
    endloop
  endfacet
  facet normal 0.87634 0 -0.481694
    outer loop
      vertex -56.2995 -17.3726 9.41122
      vertex -56.5717 -25.9283 8.91601
      vertex -56.5717 -17.4936 8.91601
    endloop
  endfacet
  facet normal 0.87634 0 -0.481694
    outer loop
      vertex -56.5717 -25.9283 8.91601
      vertex -56.2995 -17.3726 9.41122
      vertex -56.2995 -26.2005 9.41122
    endloop
  endfacet
  facet normal 0.637343 0 -0.77058
    outer loop
      vertex -55.5805 23.0099 10.2804
      vertex -55.145 23.5 10.6406
      vertex -55.145 23.0099 10.6406
    endloop
  endfacet
  facet normal 0.637343 0 -0.77058
    outer loop
      vertex -55.145 23.5 10.6406
      vertex -55.5805 23.0099 10.2804
      vertex -55.5805 23.5 10.2804
    endloop
  endfacet
  facet normal 0.637343 0 -0.77058
    outer loop
      vertex -55.5805 -26.9195 10.2804
      vertex -55.145 -16.8595 10.6406
      vertex -55.145 -27.355 10.6406
    endloop
  endfacet
  facet normal 0.637343 0 -0.77058
    outer loop
      vertex -55.145 -16.8595 10.6406
      vertex -55.5805 -26.9195 10.2804
      vertex -55.5805 -17.053 10.2804
    endloop
  endfacet
  facet normal 0.535856 0 -0.844309
    outer loop
      vertex -55.145 23.0099 10.6406
      vertex -54.6679 23.5 10.9434
      vertex -54.6679 23.0099 10.9434
    endloop
  endfacet
  facet normal 0.535856 0 -0.844309
    outer loop
      vertex -54.6679 23.5 10.9434
      vertex -55.145 23.0099 10.6406
      vertex -55.145 23.5 10.6406
    endloop
  endfacet
  facet normal 0.535856 0 -0.844309
    outer loop
      vertex -55.145 -27.355 10.6406
      vertex -54.6679 -16.6474 10.9434
      vertex -54.6679 -27.8321 10.9434
    endloop
  endfacet
  facet normal 0.535856 0 -0.844309
    outer loop
      vertex -54.6679 -16.6474 10.9434
      vertex -55.145 -27.355 10.6406
      vertex -55.145 -16.8595 10.6406
    endloop
  endfacet
  facet normal 0.187397 0 -0.982284
    outer loop
      vertex -53.6191 23.0099 11.3586
      vertex -53.064 23.5 11.4645
      vertex -53.064 23.0099 11.4645
    endloop
  endfacet
  facet normal 0.187397 0 -0.982284
    outer loop
      vertex -53.064 23.5 11.4645
      vertex -53.6191 23.0099 11.3586
      vertex -53.6191 23.5 11.3586
    endloop
  endfacet
  facet normal 0.187397 0 -0.982284
    outer loop
      vertex -53.6191 -28.8809 11.3586
      vertex -53.064 -15.9346 11.4645
      vertex -53.064 -29.436 11.4645
    endloop
  endfacet
  facet normal 0.187397 0 -0.982284
    outer loop
      vertex -53.064 -15.9346 11.4645
      vertex -53.6191 -28.8809 11.3586
      vertex -53.6191 -16.1813 11.3586
    endloop
  endfacet
  facet normal 0.187397 0 -0.982284
    outer loop
      vertex -53.6191 -31.1191 11.3586
      vertex -53.064 -31.2334 11.4645
      vertex -53.6191 -31.4801 11.3586
    endloop
  endfacet
  facet normal 0.187397 0 -0.982284
    outer loop
      vertex -53.064 -31.2334 11.4645
      vertex -53.6191 -31.1191 11.3586
      vertex -53.064 -30.564 11.4645
    endloop
  endfacet
  facet normal 0.0628189 0 -0.998025
    outer loop
      vertex -53.064 23.0099 11.4645
      vertex -52.5 23.5 11.5
      vertex -52.5 23.0099 11.5
    endloop
  endfacet
  facet normal 0.0628189 0 -0.998025
    outer loop
      vertex -52.5 23.5 11.5
      vertex -53.064 23.0099 11.4645
      vertex -53.064 23.5 11.4645
    endloop
  endfacet
  facet normal 0.0628189 0 -0.998025
    outer loop
      vertex -53.064 -30.564 11.4645
      vertex -52.5 -30.9828 11.5
      vertex -53.064 -31.2334 11.4645
    endloop
  endfacet
  facet normal 0.0628189 0 -0.998025
    outer loop
      vertex -52.5 -30.9828 11.5
      vertex -53.064 -30.564 11.4645
      vertex -52.5 -30 11.5
    endloop
  endfacet
  facet normal 0.0628189 0 -0.998025
    outer loop
      vertex -53.064 -29.436 11.4645
      vertex -52.5 -15.6839 11.5
      vertex -52.5 -30 11.5
    endloop
  endfacet
  facet normal 0.0628189 0 -0.998025
    outer loop
      vertex -52.5 -15.6839 11.5
      vertex -53.064 -29.436 11.4645
      vertex -53.064 -15.9346 11.4645
    endloop
  endfacet
  facet normal 0.968601 -0 0.248622
    outer loop
      vertex -56.9203 23.0099 6.15679
      vertex -56.7798 23.5 5.60942
      vertex -56.9203 23.5 6.15679
    endloop
  endfacet
  facet normal 0.968601 0 0.248622
    outer loop
      vertex -56.7798 23.5 5.60942
      vertex -56.9203 23.0099 6.15679
      vertex -56.7798 23.0099 5.60942
    endloop
  endfacet
  facet normal 0.968601 -0 0.248622
    outer loop
      vertex -56.9203 -25.5797 6.15679
      vertex -56.7798 -17.586 5.60942
      vertex -56.9203 -17.6485 6.15679
    endloop
  endfacet
  facet normal 0.968601 0 0.248622
    outer loop
      vertex -56.7798 -17.586 5.60942
      vertex -56.9203 -25.5797 6.15679
      vertex -56.7798 -25.7202 5.60942
    endloop
  endfacet
  facet normal 0.992121 -0 0.125287
    outer loop
      vertex -56.9911 23.0099 6.71744
      vertex -56.9203 23.5 6.15679
      vertex -56.9911 23.5 6.71744
    endloop
  endfacet
  facet normal 0.992121 0 0.125287
    outer loop
      vertex -56.9203 23.5 6.15679
      vertex -56.9911 23.0099 6.71744
      vertex -56.9203 23.0099 6.15679
    endloop
  endfacet
  facet normal 0.992121 -0 0.125287
    outer loop
      vertex -56.9911 -25.5089 6.71744
      vertex -56.9203 -17.6485 6.15679
      vertex -56.9911 -17.68 6.71744
    endloop
  endfacet
  facet normal 0.992121 0 0.125287
    outer loop
      vertex -56.9203 -17.6485 6.15679
      vertex -56.9911 -25.5089 6.71744
      vertex -56.9203 -25.5797 6.15679
    endloop
  endfacet
  facet normal 0.80899 0 -0.587822
    outer loop
      vertex -55.9673 23.0099 9.86841
      vertex -56.2995 23.5 9.41122
      vertex -55.9673 23.5 9.86841
    endloop
  endfacet
  facet normal 0.80899 0 -0.587822
    outer loop
      vertex -56.2995 23.5 9.41122
      vertex -55.9673 23.0099 9.86841
      vertex -56.2995 23.0099 9.41122
    endloop
  endfacet
  facet normal 0.80899 0 -0.587822
    outer loop
      vertex -55.9673 -17.2249 9.86841
      vertex -56.2995 -26.2005 9.41122
      vertex -56.2995 -17.3726 9.41122
    endloop
  endfacet
  facet normal 0.80899 0 -0.587822
    outer loop
      vertex -56.2995 -26.2005 9.41122
      vertex -55.9673 -17.2249 9.86841
      vertex -55.9673 -26.5327 9.86841
    endloop
  endfacet
  facet normal -0.308957 0 -0.951076
    outer loop
      vertex -51.9094 27.7 9.30038
      vertex -51.6257 36.9901 9.20822
      vertex -51.6257 27.7 9.20822
    endloop
  endfacet
  facet normal -0.308957 0 -0.951076
    outer loop
      vertex -51.6257 36.9901 9.20822
      vertex -51.9094 27.7 9.30038
      vertex -51.9094 36.9901 9.30038
    endloop
  endfacet
  facet normal -0.535858 0 0.844308
    outer loop
      vertex -51.3558 36.9901 4.91877
      vertex -51.104 27.7 5.07858
      vertex -51.104 36.9901 5.07858
    endloop
  endfacet
  facet normal -0.535858 0 0.844308
    outer loop
      vertex -51.104 27.7 5.07858
      vertex -51.3558 36.9901 4.91877
      vertex -51.3558 27.7 4.91877
    endloop
  endfacet
  facet normal -0.968643 0 0.248456
    outer loop
      vertex -50.2412 27.7 6.26608
      vertex -50.1671 36.9901 6.55497
      vertex -50.2412 36.9901 6.26608
    endloop
  endfacet
  facet normal -0.968643 0 0.248456
    outer loop
      vertex -50.1671 36.9901 6.55497
      vertex -50.2412 27.7 6.26608
      vertex -50.1671 27.7 6.55497
    endloop
  endfacet
  facet normal -0.929771 0 0.36814
    outer loop
      vertex -50.351 27.7 5.98877
      vertex -50.2412 36.9901 6.26608
      vertex -50.351 36.9901 5.98877
    endloop
  endfacet
  facet normal -0.929771 0 0.36814
    outer loop
      vertex -50.2412 36.9901 6.26608
      vertex -50.351 27.7 5.98877
      vertex -50.2412 27.7 6.26608
    endloop
  endfacet
  facet normal -0.929771 0 -0.36814
    outer loop
      vertex -50.2412 27.7 7.73392
      vertex -50.351 36.9901 8.01123
      vertex -50.2412 36.9901 7.73392
    endloop
  endfacet
  facet normal -0.929771 -0 -0.36814
    outer loop
      vertex -50.351 36.9901 8.01123
      vertex -50.2412 27.7 7.73392
      vertex -50.351 27.7 8.01123
    endloop
  endfacet
  facet normal -0.425737 0 -0.904847
    outer loop
      vertex -51.6257 27.7 9.20822
      vertex -51.3558 36.9901 9.08123
      vertex -51.3558 27.7 9.08123
    endloop
  endfacet
  facet normal -0.425737 0 -0.904847
    outer loop
      vertex -51.3558 36.9901 9.08123
      vertex -51.6257 27.7 9.20822
      vertex -51.6257 36.9901 9.20822
    endloop
  endfacet
  facet normal 0.0627915 0 0.998027
    outer loop
      vertex -52.7977 36.9901 4.64373
      vertex -52.5 27.7 4.625
      vertex -52.5 36.9901 4.625
    endloop
  endfacet
  facet normal 0.0627915 0 0.998027
    outer loop
      vertex -52.5 27.7 4.625
      vertex -52.7977 36.9901 4.64373
      vertex -52.7977 27.7 4.64373
    endloop
  endfacet
  facet normal 0.929771 -0 0.36814
    outer loop
      vertex -54.7588 27.7 6.26608
      vertex -54.649 36.9901 5.98877
      vertex -54.7588 36.9901 6.26608
    endloop
  endfacet
  facet normal 0.929771 0 0.36814
    outer loop
      vertex -54.649 36.9901 5.98877
      vertex -54.7588 27.7 6.26608
      vertex -54.649 27.7 5.98877
    endloop
  endfacet
  facet normal -0.72892 0 0.684599
    outer loop
      vertex -50.8742 27.7 5.2687
      vertex -50.67 36.9901 5.48612
      vertex -50.8742 36.9901 5.2687
    endloop
  endfacet
  facet normal -0.72892 0 0.684599
    outer loop
      vertex -50.67 36.9901 5.48612
      vertex -50.8742 27.7 5.2687
      vertex -50.67 27.7 5.48612
    endloop
  endfacet
  facet normal -0.63745 0 -0.770492
    outer loop
      vertex -51.104 27.7 8.92142
      vertex -50.8742 36.9901 8.7313
      vertex -50.8742 27.7 8.7313
    endloop
  endfacet
  facet normal -0.63745 0 -0.770492
    outer loop
      vertex -50.8742 36.9901 8.7313
      vertex -51.104 27.7 8.92142
      vertex -51.104 36.9901 8.92142
    endloop
  endfacet
  facet normal -0.992107 0 -0.125396
    outer loop
      vertex -50.1297 27.7 7.14913
      vertex -50.1671 36.9901 7.44503
      vertex -50.1297 36.9901 7.14913
    endloop
  endfacet
  facet normal -0.992107 -0 -0.125396
    outer loop
      vertex -50.1671 36.9901 7.44503
      vertex -50.1297 27.7 7.14913
      vertex -50.1671 27.7 7.44503
    endloop
  endfacet
  facet normal -0.72892 0 -0.684599
    outer loop
      vertex -50.67 27.7 8.51388
      vertex -50.8742 36.9901 8.7313
      vertex -50.67 36.9901 8.51388
    endloop
  endfacet
  facet normal -0.72892 -0 -0.684599
    outer loop
      vertex -50.8742 36.9901 8.7313
      vertex -50.67 27.7 8.51388
      vertex -50.8742 27.7 8.7313
    endloop
  endfacet
  facet normal -0.0627915 0 0.998027
    outer loop
      vertex -52.5 36.9901 4.625
      vertex -52.2023 27.7 4.64373
      vertex -52.2023 36.9901 4.64373
    endloop
  endfacet
  facet normal -0.0627915 0 0.998027
    outer loop
      vertex -52.2023 27.7 4.64373
      vertex -52.5 36.9901 4.625
      vertex -52.5 27.7 4.625
    endloop
  endfacet
  facet normal 0.809029 -0 0.587769
    outer loop
      vertex -54.5053 27.7 5.72741
      vertex -54.33 36.9901 5.48612
      vertex -54.5053 36.9901 5.72741
    endloop
  endfacet
  facet normal 0.809029 0 0.587769
    outer loop
      vertex -54.33 36.9901 5.48612
      vertex -54.5053 27.7 5.72741
      vertex -54.33 27.7 5.48612
    endloop
  endfacet
  facet normal 0.425737 0 0.904847
    outer loop
      vertex -53.6442 36.9901 4.91877
      vertex -53.3743 27.7 4.79178
      vertex -53.3743 36.9901 4.79178
    endloop
  endfacet
  facet normal 0.425737 0 0.904847
    outer loop
      vertex -53.3743 27.7 4.79178
      vertex -53.6442 36.9901 4.91877
      vertex -53.6442 27.7 4.91877
    endloop
  endfacet
  facet normal 0.992107 0 -0.125396
    outer loop
      vertex -54.8329 27.7 7.44503
      vertex -54.8703 36.9901 7.14913
      vertex -54.8329 36.9901 7.44503
    endloop
  endfacet
  facet normal 0.992107 0 -0.125396
    outer loop
      vertex -54.8703 36.9901 7.14913
      vertex -54.8329 27.7 7.44503
      vertex -54.8703 27.7 7.14913
    endloop
  endfacet
  facet normal 0.968643 -0 0.248456
    outer loop
      vertex -54.8329 27.7 6.55497
      vertex -54.7588 36.9901 6.26608
      vertex -54.8329 36.9901 6.55497
    endloop
  endfacet
  facet normal 0.968643 0 0.248456
    outer loop
      vertex -54.7588 36.9901 6.26608
      vertex -54.8329 27.7 6.55497
      vertex -54.7588 27.7 6.26608
    endloop
  endfacet
  facet normal -0.63745 0 0.770492
    outer loop
      vertex -51.104 36.9901 5.07858
      vertex -50.8742 27.7 5.2687
      vertex -50.8742 36.9901 5.2687
    endloop
  endfacet
  facet normal -0.63745 0 0.770492
    outer loop
      vertex -50.8742 27.7 5.2687
      vertex -51.104 36.9901 5.07858
      vertex -51.104 27.7 5.07858
    endloop
  endfacet
  facet normal -1 0 0
    outer loop
      vertex -50.1297 27.7 6.85087
      vertex -50.1297 36.9901 7.14913
      vertex -50.1297 36.9901 6.85087
    endloop
  endfacet
  facet normal -1 -0 0
    outer loop
      vertex -50.1297 36.9901 7.14913
      vertex -50.1297 27.7 6.85087
      vertex -50.1297 27.7 7.14913
    endloop
  endfacet
  facet normal -0.809029 0 0.587769
    outer loop
      vertex -50.67 27.7 5.48612
      vertex -50.4947 36.9901 5.72741
      vertex -50.67 36.9901 5.48612
    endloop
  endfacet
  facet normal -0.809029 0 0.587769
    outer loop
      vertex -50.4947 36.9901 5.72741
      vertex -50.67 27.7 5.48612
      vertex -50.4947 27.7 5.72741
    endloop
  endfacet
  facet normal -0.876284 0 0.481795
    outer loop
      vertex -50.4947 27.7 5.72741
      vertex -50.351 36.9901 5.98877
      vertex -50.4947 36.9901 5.72741
    endloop
  endfacet
  facet normal -0.876284 0 0.481795
    outer loop
      vertex -50.351 36.9901 5.98877
      vertex -50.4947 27.7 5.72741
      vertex -50.351 27.7 5.98877
    endloop
  endfacet
  facet normal -0.0627915 0 -0.998027
    outer loop
      vertex -52.5 27.7 9.375
      vertex -52.2023 36.9901 9.35627
      vertex -52.2023 27.7 9.35627
    endloop
  endfacet
  facet normal -0.0627915 0 -0.998027
    outer loop
      vertex -52.2023 36.9901 9.35627
      vertex -52.5 27.7 9.375
      vertex -52.5 36.9901 9.375
    endloop
  endfacet
  facet normal -0.187434 0 -0.982277
    outer loop
      vertex -52.2023 27.7 9.35627
      vertex -51.9094 36.9901 9.30038
      vertex -51.9094 27.7 9.30038
    endloop
  endfacet
  facet normal -0.187434 0 -0.982277
    outer loop
      vertex -51.9094 36.9901 9.30038
      vertex -52.2023 27.7 9.35627
      vertex -52.2023 36.9901 9.35627
    endloop
  endfacet
  facet normal -0.535858 0 -0.844308
    outer loop
      vertex -51.3558 27.7 9.08123
      vertex -51.104 36.9901 8.92142
      vertex -51.104 27.7 8.92142
    endloop
  endfacet
  facet normal -0.535858 0 -0.844308
    outer loop
      vertex -51.104 36.9901 8.92142
      vertex -51.3558 27.7 9.08123
      vertex -51.3558 36.9901 9.08123
    endloop
  endfacet
  facet normal -0.968643 0 -0.248456
    outer loop
      vertex -50.1671 27.7 7.44503
      vertex -50.2412 36.9901 7.73392
      vertex -50.1671 36.9901 7.44503
    endloop
  endfacet
  facet normal -0.968643 -0 -0.248456
    outer loop
      vertex -50.2412 36.9901 7.73392
      vertex -50.1671 27.7 7.44503
      vertex -50.2412 27.7 7.73392
    endloop
  endfacet
  facet normal -0.876284 0 -0.481795
    outer loop
      vertex -50.351 27.7 8.01123
      vertex -50.4947 36.9901 8.27259
      vertex -50.351 36.9901 8.01123
    endloop
  endfacet
  facet normal -0.876284 -0 -0.481795
    outer loop
      vertex -50.4947 36.9901 8.27259
      vertex -50.351 27.7 8.01123
      vertex -50.4947 27.7 8.27259
    endloop
  endfacet
  facet normal -0.809029 0 -0.587769
    outer loop
      vertex -50.4947 27.7 8.27259
      vertex -50.67 36.9901 8.51388
      vertex -50.4947 36.9901 8.27259
    endloop
  endfacet
  facet normal -0.809029 -0 -0.587769
    outer loop
      vertex -50.67 36.9901 8.51388
      vertex -50.4947 27.7 8.27259
      vertex -50.67 27.7 8.51388
    endloop
  endfacet
  facet normal 0.187434 0 0.982277
    outer loop
      vertex -53.0906 36.9901 4.69962
      vertex -52.7977 27.7 4.64373
      vertex -52.7977 36.9901 4.64373
    endloop
  endfacet
  facet normal 0.187434 0 0.982277
    outer loop
      vertex -52.7977 27.7 4.64373
      vertex -53.0906 36.9901 4.69962
      vertex -53.0906 27.7 4.69962
    endloop
  endfacet
  facet normal 0.63745 0 0.770492
    outer loop
      vertex -54.1258 36.9901 5.2687
      vertex -53.896 27.7 5.07858
      vertex -53.896 36.9901 5.07858
    endloop
  endfacet
  facet normal 0.63745 0 0.770492
    outer loop
      vertex -53.896 27.7 5.07858
      vertex -54.1258 36.9901 5.2687
      vertex -54.1258 27.7 5.2687
    endloop
  endfacet
  facet normal 0.535858 0 0.844308
    outer loop
      vertex -53.896 36.9901 5.07858
      vertex -53.6442 27.7 4.91877
      vertex -53.6442 36.9901 4.91877
    endloop
  endfacet
  facet normal 0.535858 0 0.844308
    outer loop
      vertex -53.6442 27.7 4.91877
      vertex -53.896 36.9901 5.07858
      vertex -53.896 27.7 5.07858
    endloop
  endfacet
  facet normal 0.992107 -0 0.125396
    outer loop
      vertex -54.8703 27.7 6.85087
      vertex -54.8329 36.9901 6.55497
      vertex -54.8703 36.9901 6.85087
    endloop
  endfacet
  facet normal 0.992107 0 0.125396
    outer loop
      vertex -54.8329 36.9901 6.55497
      vertex -54.8703 27.7 6.85087
      vertex -54.8329 27.7 6.55497
    endloop
  endfacet
  facet normal 0.72892 -0 0.684599
    outer loop
      vertex -54.33 27.7 5.48612
      vertex -54.1258 36.9901 5.2687
      vertex -54.33 36.9901 5.48612
    endloop
  endfacet
  facet normal 0.72892 0 0.684599
    outer loop
      vertex -54.1258 36.9901 5.2687
      vertex -54.33 27.7 5.48612
      vertex -54.1258 27.7 5.2687
    endloop
  endfacet
  facet normal -0.425737 0 0.904847
    outer loop
      vertex -51.6257 36.9901 4.79178
      vertex -51.3558 27.7 4.91877
      vertex -51.3558 36.9901 4.91877
    endloop
  endfacet
  facet normal -0.425737 0 0.904847
    outer loop
      vertex -51.3558 27.7 4.91877
      vertex -51.6257 36.9901 4.79178
      vertex -51.6257 27.7 4.79178
    endloop
  endfacet
  facet normal -0.308957 0 0.951076
    outer loop
      vertex -51.9094 36.9901 4.69962
      vertex -51.6257 27.7 4.79178
      vertex -51.6257 36.9901 4.79178
    endloop
  endfacet
  facet normal -0.308957 0 0.951076
    outer loop
      vertex -51.6257 27.7 4.79178
      vertex -51.9094 36.9901 4.69962
      vertex -51.9094 27.7 4.69962
    endloop
  endfacet
  facet normal -0.187434 0 0.982277
    outer loop
      vertex -52.2023 36.9901 4.64373
      vertex -51.9094 27.7 4.69962
      vertex -51.9094 36.9901 4.69962
    endloop
  endfacet
  facet normal -0.187434 0 0.982277
    outer loop
      vertex -51.9094 27.7 4.69962
      vertex -52.2023 36.9901 4.64373
      vertex -52.2023 27.7 4.64373
    endloop
  endfacet
  facet normal -0.992107 0 0.125396
    outer loop
      vertex -50.1671 27.7 6.55497
      vertex -50.1297 36.9901 6.85087
      vertex -50.1671 36.9901 6.55497
    endloop
  endfacet
  facet normal -0.992107 0 0.125396
    outer loop
      vertex -50.1297 36.9901 6.85087
      vertex -50.1671 27.7 6.55497
      vertex -50.1297 27.7 6.85087
    endloop
  endfacet
  facet normal 0.72892 0 -0.684599
    outer loop
      vertex -54.1258 27.7 8.7313
      vertex -54.33 36.9901 8.51388
      vertex -54.1258 36.9901 8.7313
    endloop
  endfacet
  facet normal 0.72892 0 -0.684599
    outer loop
      vertex -54.33 36.9901 8.51388
      vertex -54.1258 27.7 8.7313
      vertex -54.33 27.7 8.51388
    endloop
  endfacet
  facet normal 0.876284 0 -0.481795
    outer loop
      vertex -54.5053 27.7 8.27259
      vertex -54.649 36.9901 8.01123
      vertex -54.5053 36.9901 8.27259
    endloop
  endfacet
  facet normal 0.876284 0 -0.481795
    outer loop
      vertex -54.649 36.9901 8.01123
      vertex -54.5053 27.7 8.27259
      vertex -54.649 27.7 8.01123
    endloop
  endfacet
  facet normal 0.0627915 0 -0.998027
    outer loop
      vertex -52.7977 27.7 9.35627
      vertex -52.5 36.9901 9.375
      vertex -52.5 27.7 9.375
    endloop
  endfacet
  facet normal 0.0627915 0 -0.998027
    outer loop
      vertex -52.5 36.9901 9.375
      vertex -52.7977 27.7 9.35627
      vertex -52.7977 36.9901 9.35627
    endloop
  endfacet
  facet normal 0.308957 0 -0.951076
    outer loop
      vertex -53.3743 27.7 9.20822
      vertex -53.0906 36.9901 9.30038
      vertex -53.0906 27.7 9.30038
    endloop
  endfacet
  facet normal 0.308957 0 -0.951076
    outer loop
      vertex -53.0906 36.9901 9.30038
      vertex -53.3743 27.7 9.20822
      vertex -53.3743 36.9901 9.20822
    endloop
  endfacet
  facet normal 0.63745 0 -0.770492
    outer loop
      vertex -54.1258 27.7 8.7313
      vertex -53.896 36.9901 8.92142
      vertex -53.896 27.7 8.92142
    endloop
  endfacet
  facet normal 0.63745 0 -0.770492
    outer loop
      vertex -53.896 36.9901 8.92142
      vertex -54.1258 27.7 8.7313
      vertex -54.1258 36.9901 8.7313
    endloop
  endfacet
  facet normal 0.876284 -0 0.481795
    outer loop
      vertex -54.649 27.7 5.98877
      vertex -54.5053 36.9901 5.72741
      vertex -54.649 36.9901 5.98877
    endloop
  endfacet
  facet normal 0.876284 0 0.481795
    outer loop
      vertex -54.5053 36.9901 5.72741
      vertex -54.649 27.7 5.98877
      vertex -54.5053 27.7 5.72741
    endloop
  endfacet
  facet normal 0.308957 0 0.951076
    outer loop
      vertex -53.3743 36.9901 4.79178
      vertex -53.0906 27.7 4.69962
      vertex -53.0906 36.9901 4.69962
    endloop
  endfacet
  facet normal 0.308957 0 0.951076
    outer loop
      vertex -53.0906 27.7 4.69962
      vertex -53.3743 36.9901 4.79178
      vertex -53.3743 27.7 4.79178
    endloop
  endfacet
  facet normal 1 -0 0
    outer loop
      vertex -54.8703 27.7 7.14913
      vertex -54.8703 36.9901 6.85087
      vertex -54.8703 36.9901 7.14913
    endloop
  endfacet
  facet normal 1 0 0
    outer loop
      vertex -54.8703 36.9901 6.85087
      vertex -54.8703 27.7 7.14913
      vertex -54.8703 27.7 6.85087
    endloop
  endfacet
  facet normal 0.929771 0 -0.36814
    outer loop
      vertex -54.649 27.7 8.01123
      vertex -54.7588 36.9901 7.73392
      vertex -54.649 36.9901 8.01123
    endloop
  endfacet
  facet normal 0.929771 0 -0.36814
    outer loop
      vertex -54.7588 36.9901 7.73392
      vertex -54.649 27.7 8.01123
      vertex -54.7588 27.7 7.73392
    endloop
  endfacet
  facet normal 0.809029 0 -0.587769
    outer loop
      vertex -54.33 27.7 8.51388
      vertex -54.5053 36.9901 8.27259
      vertex -54.33 36.9901 8.51388
    endloop
  endfacet
  facet normal 0.809029 0 -0.587769
    outer loop
      vertex -54.5053 36.9901 8.27259
      vertex -54.33 27.7 8.51388
      vertex -54.5053 27.7 8.27259
    endloop
  endfacet
  facet normal 0.187434 0 -0.982277
    outer loop
      vertex -53.0906 27.7 9.30038
      vertex -52.7977 36.9901 9.35627
      vertex -52.7977 27.7 9.35627
    endloop
  endfacet
  facet normal 0.187434 0 -0.982277
    outer loop
      vertex -52.7977 36.9901 9.35627
      vertex -53.0906 27.7 9.30038
      vertex -53.0906 36.9901 9.30038
    endloop
  endfacet
  facet normal 0.535858 0 -0.844308
    outer loop
      vertex -53.896 27.7 8.92142
      vertex -53.6442 36.9901 9.08123
      vertex -53.6442 27.7 9.08123
    endloop
  endfacet
  facet normal 0.535858 0 -0.844308
    outer loop
      vertex -53.6442 36.9901 9.08123
      vertex -53.896 27.7 8.92142
      vertex -53.896 36.9901 8.92142
    endloop
  endfacet
  facet normal 0.425737 0 -0.904847
    outer loop
      vertex -53.6442 27.7 9.08123
      vertex -53.3743 36.9901 9.20822
      vertex -53.3743 27.7 9.20822
    endloop
  endfacet
  facet normal 0.425737 0 -0.904847
    outer loop
      vertex -53.3743 36.9901 9.20822
      vertex -53.6442 27.7 9.08123
      vertex -53.6442 36.9901 9.08123
    endloop
  endfacet
  facet normal 0.968643 0 -0.248456
    outer loop
      vertex -54.7588 27.7 7.73392
      vertex -54.8329 36.9901 7.44503
      vertex -54.7588 36.9901 7.73392
    endloop
  endfacet
  facet normal 0.968643 0 -0.248456
    outer loop
      vertex -54.8329 36.9901 7.44503
      vertex -54.7588 27.7 7.73392
      vertex -54.8329 27.7 7.44503
    endloop
  endfacet
endsolid OpenSCAD_Model
