solid OpenSCAD_Model
  facet normal -1 0 0
    outer loop
      vertex -74.5 32 0
      vertex -74.5 17.7446 6.82733
      vertex -74.5 32 14
    endloop
  endfacet
  facet normal -1 0 0
    outer loop
      vertex -74.5 32 0
      vertex -74.5 17.7013 6.4847
      vertex -74.5 17.7446 6.82733
    endloop
  endfacet
  facet normal -1 0 0
    outer loop
      vertex -74.5 32 0
      vertex -74.5 17.6154 6.1502
      vertex -74.5 17.7013 6.4847
    endloop
  endfacet
  facet normal -1 0 0
    outer loop
      vertex -74.5 32 0
      vertex -74.5 17.4883 5.82911
      vertex -74.5 17.6154 6.1502
    endloop
  endfacet
  facet normal -1 0 0
    outer loop
      vertex -74.5 32 0
      vertex -74.5 17.3219 5.52648
      vertex -74.5 17.4883 5.82911
    endloop
  endfacet
  facet normal -1 0 0
    outer loop
      vertex -74.5 32 0
      vertex -74.5 17.1189 5.24708
      vertex -74.5 17.3219 5.52648
    endloop
  endfacet
  facet normal -1 0 0
    outer loop
      vertex -74.5 32 0
      vertex -74.5 16.8825 4.99534
      vertex -74.5 17.1189 5.24708
    endloop
  endfacet
  facet normal -1 0 0
    outer loop
      vertex -74.5 32 0
      vertex -74.5 16.6164 4.7752
      vertex -74.5 16.8825 4.99534
    endloop
  endfacet
  facet normal -1 0 0
    outer loop
      vertex -74.5 32 0
      vertex -74.5 16.3248 4.59016
      vertex -74.5 16.6164 4.7752
    endloop
  endfacet
  facet normal -1 0 0
    outer loop
      vertex -74.5 32 0
      vertex -74.5 16.0123 4.44312
      vertex -74.5 16.3248 4.59016
    endloop
  endfacet
  facet normal -1 0 0
    outer loop
      vertex -74.5 32 0
      vertex -74.5 15.6839 4.3364
      vertex -74.5 16.0123 4.44312
    endloop
  endfacet
  facet normal -1 0 0
    outer loop
      vertex -74.5 32 0
      vertex -74.5 15.3447 4.27168
      vertex -74.5 15.6839 4.3364
    endloop
  endfacet
  facet normal -1 0 0
    outer loop
      vertex -74.5 32 0
      vertex -74.5 15 4.25
      vertex -74.5 15.3447 4.27168
    endloop
  endfacet
  facet normal -1 0 0
    outer loop
      vertex -74.5 32 0
      vertex -74.5 14.6553 4.27168
      vertex -74.5 15 4.25
    endloop
  endfacet
  facet normal -1 0 0
    outer loop
      vertex -74.5 -32 0
      vertex -74.5 14.6553 4.27168
      vertex -74.5 32 0
    endloop
  endfacet
  facet normal -1 0 0
    outer loop
      vertex -74.5 12.2554 6.82733
      vertex -74.5 -27.2554 6.82733
      vertex -74.5 12.2554 7.17267
    endloop
  endfacet
  facet normal -1 0 0
    outer loop
      vertex -74.5 12.2987 6.4847
      vertex -74.5 -27.2554 6.82733
      vertex -74.5 12.2554 6.82733
    endloop
  endfacet
  facet normal -1 0 0
    outer loop
      vertex -74.5 -27.2987 6.4847
      vertex -74.5 12.2987 6.4847
      vertex -74.5 12.3846 6.1502
    endloop
  endfacet
  facet normal -1 0 0
    outer loop
      vertex -74.5 -27.3846 6.1502
      vertex -74.5 12.3846 6.1502
      vertex -74.5 12.5117 5.82911
    endloop
  endfacet
  facet normal -1 0 0
    outer loop
      vertex -74.5 -27.5117 5.82911
      vertex -74.5 12.5117 5.82911
      vertex -74.5 12.6781 5.52648
    endloop
  endfacet
  facet normal -1 0 0
    outer loop
      vertex -74.5 -27.6781 5.52648
      vertex -74.5 12.6781 5.52648
      vertex -74.5 12.8811 5.24708
    endloop
  endfacet
  facet normal -1 0 0
    outer loop
      vertex -74.5 -27.8811 5.24708
      vertex -74.5 12.8811 5.24708
      vertex -74.5 13.1175 4.99534
    endloop
  endfacet
  facet normal -1 0 0
    outer loop
      vertex -74.5 -32 0
      vertex -74.5 13.1175 4.99534
      vertex -74.5 13.3836 4.7752
    endloop
  endfacet
  facet normal -1 0 0
    outer loop
      vertex -74.5 -32 0
      vertex -74.5 13.3836 4.7752
      vertex -74.5 13.6752 4.59016
    endloop
  endfacet
  facet normal -1 0 0
    outer loop
      vertex -74.5 -32 0
      vertex -74.5 13.6752 4.59016
      vertex -74.5 13.9877 4.44312
    endloop
  endfacet
  facet normal -1 0 0
    outer loop
      vertex -74.5 -32 0
      vertex -74.5 13.9877 4.44312
      vertex -74.5 14.3161 4.3364
    endloop
  endfacet
  facet normal -1 -0 0
    outer loop
      vertex -74.5 14.6553 4.27168
      vertex -74.5 -32 0
      vertex -74.5 14.3161 4.3364
    endloop
  endfacet
  facet normal -1 0 0
    outer loop
      vertex -74.5 12.2987 6.4847
      vertex -74.5 -27.2987 6.4847
      vertex -74.5 -27.2554 6.82733
    endloop
  endfacet
  facet normal -1 0 0
    outer loop
      vertex -74.5 12.3846 6.1502
      vertex -74.5 -27.3846 6.1502
      vertex -74.5 -27.2987 6.4847
    endloop
  endfacet
  facet normal -1 0 0
    outer loop
      vertex -74.5 12.5117 5.82911
      vertex -74.5 -27.5117 5.82911
      vertex -74.5 -27.3846 6.1502
    endloop
  endfacet
  facet normal -1 0 0
    outer loop
      vertex -74.5 12.6781 5.52648
      vertex -74.5 -27.6781 5.52648
      vertex -74.5 -27.5117 5.82911
    endloop
  endfacet
  facet normal -1 0 0
    outer loop
      vertex -74.5 12.8811 5.24708
      vertex -74.5 -27.8811 5.24708
      vertex -74.5 -27.6781 5.52648
    endloop
  endfacet
  facet normal -1 0 0
    outer loop
      vertex -74.5 13.1175 4.99534
      vertex -74.5 -28.1175 4.99534
      vertex -74.5 -27.8811 5.24708
    endloop
  endfacet
  facet normal -1 -0 0
    outer loop
      vertex -74.5 13.1175 4.99534
      vertex -74.5 -32 0
      vertex -74.5 -28.1175 4.99534
    endloop
  endfacet
  facet normal -1 0 0
    outer loop
      vertex -74.5 -28.1175 4.99534
      vertex -74.5 -32 0
      vertex -74.5 -28.3836 4.7752
    endloop
  endfacet
  facet normal -1 0 0
    outer loop
      vertex -74.5 -28.3836 4.7752
      vertex -74.5 -32 0
      vertex -74.5 -28.6752 4.59016
    endloop
  endfacet
  facet normal -1 0 0
    outer loop
      vertex -74.5 -28.6752 4.59016
      vertex -74.5 -32 0
      vertex -74.5 -28.9877 4.44312
    endloop
  endfacet
  facet normal -1 0 0
    outer loop
      vertex -74.5 -28.9877 4.44312
      vertex -74.5 -32 0
      vertex -74.5 -29.3161 4.3364
    endloop
  endfacet
  facet normal -1 0 0
    outer loop
      vertex -74.5 -29.3161 4.3364
      vertex -74.5 -32 0
      vertex -74.5 -29.6553 4.27168
    endloop
  endfacet
  facet normal -1 0 0
    outer loop
      vertex -74.5 -29.6553 4.27168
      vertex -74.5 -32 0
      vertex -74.5 -30 4.25
    endloop
  endfacet
  facet normal -1 -0 0
    outer loop
      vertex -74.5 -30 4.25
      vertex -74.5 -32 0
      vertex -74.5 -30.3447 4.27168
    endloop
  endfacet
  facet normal -1 0 0
    outer loop
      vertex -74.5 -32 0
      vertex -74.5 -30.6839 4.3364
      vertex -74.5 -30.3447 4.27168
    endloop
  endfacet
  facet normal -1 0 0
    outer loop
      vertex -74.5 -32 0
      vertex -74.5 -31.0123 4.44312
      vertex -74.5 -30.6839 4.3364
    endloop
  endfacet
  facet normal -1 0 0
    outer loop
      vertex -74.5 -32 0
      vertex -74.5 -31.3248 4.59016
      vertex -74.5 -31.0123 4.44312
    endloop
  endfacet
  facet normal -1 0 0
    outer loop
      vertex -74.5 -32 0
      vertex -74.5 -31.6164 4.7752
      vertex -74.5 -31.3248 4.59016
    endloop
  endfacet
  facet normal -1 0 0
    outer loop
      vertex -74.5 -32 0
      vertex -74.5 -31.8825 4.99534
      vertex -74.5 -31.6164 4.7752
    endloop
  endfacet
  facet normal -1 -0 0
    outer loop
      vertex -74.5 -31.8825 4.99534
      vertex -74.5 -32 0
      vertex -74.5 -32 5.12046
    endloop
  endfacet
  facet normal -1 0 0
    outer loop
      vertex -74.5 17.7446 7.17267
      vertex -74.5 32 14
      vertex -74.5 17.7446 6.82733
    endloop
  endfacet
  facet normal -1 0 0
    outer loop
      vertex -74.5 17.7013 7.5153
      vertex -74.5 32 14
      vertex -74.5 17.7446 7.17267
    endloop
  endfacet
  facet normal -1 0 0
    outer loop
      vertex -74.5 17.6154 7.8498
      vertex -74.5 32 14
      vertex -74.5 17.7013 7.5153
    endloop
  endfacet
  facet normal -1 0 0
    outer loop
      vertex -74.5 17.4883 8.17089
      vertex -74.5 32 14
      vertex -74.5 17.6154 7.8498
    endloop
  endfacet
  facet normal -1 0 0
    outer loop
      vertex -74.5 17.3219 8.47352
      vertex -74.5 32 14
      vertex -74.5 17.4883 8.17089
    endloop
  endfacet
  facet normal -1 0 0
    outer loop
      vertex -74.5 17.1189 8.75292
      vertex -74.5 32 14
      vertex -74.5 17.3219 8.47352
    endloop
  endfacet
  facet normal -1 0 0
    outer loop
      vertex -74.5 16.8825 9.00466
      vertex -74.5 32 14
      vertex -74.5 17.1189 8.75292
    endloop
  endfacet
  facet normal -1 0 0
    outer loop
      vertex -74.5 16.6164 9.2248
      vertex -74.5 32 14
      vertex -74.5 16.8825 9.00466
    endloop
  endfacet
  facet normal -1 0 0
    outer loop
      vertex -74.5 16.3248 9.40984
      vertex -74.5 32 14
      vertex -74.5 16.6164 9.2248
    endloop
  endfacet
  facet normal -1 0 0
    outer loop
      vertex -74.5 16.0123 9.55688
      vertex -74.5 32 14
      vertex -74.5 16.3248 9.40984
    endloop
  endfacet
  facet normal -1 0 0
    outer loop
      vertex -74.5 15.6839 9.6636
      vertex -74.5 32 14
      vertex -74.5 16.0123 9.55688
    endloop
  endfacet
  facet normal -1 0 0
    outer loop
      vertex -74.5 15.3447 9.72832
      vertex -74.5 32 14
      vertex -74.5 15.6839 9.6636
    endloop
  endfacet
  facet normal -1 0 0
    outer loop
      vertex -74.5 15 9.75
      vertex -74.5 32 14
      vertex -74.5 15.3447 9.72832
    endloop
  endfacet
  facet normal -1 0 0
    outer loop
      vertex -74.5 14.6553 9.72832
      vertex -74.5 32 14
      vertex -74.5 15 9.75
    endloop
  endfacet
  facet normal -1 0 0
    outer loop
      vertex -74.5 -32 14
      vertex -74.5 14.6553 9.72832
      vertex -74.5 14.3161 9.6636
    endloop
  endfacet
  facet normal -1 0 0
    outer loop
      vertex -74.5 -27.2554 7.17267
      vertex -74.5 12.2554 7.17267
      vertex -74.5 -27.2554 6.82733
    endloop
  endfacet
  facet normal -1 0 0
    outer loop
      vertex -74.5 12.2554 7.17267
      vertex -74.5 -27.2554 7.17267
      vertex -74.5 12.2987 7.5153
    endloop
  endfacet
  facet normal -1 0 0
    outer loop
      vertex -74.5 -27.2987 7.5153
      vertex -74.5 12.2987 7.5153
      vertex -74.5 -27.2554 7.17267
    endloop
  endfacet
  facet normal -1 0 0
    outer loop
      vertex -74.5 12.2987 7.5153
      vertex -74.5 -27.2987 7.5153
      vertex -74.5 12.3846 7.8498
    endloop
  endfacet
  facet normal -1 0 0
    outer loop
      vertex -74.5 -27.3846 7.8498
      vertex -74.5 12.3846 7.8498
      vertex -74.5 -27.2987 7.5153
    endloop
  endfacet
  facet normal -1 0 0
    outer loop
      vertex -74.5 12.3846 7.8498
      vertex -74.5 -27.3846 7.8498
      vertex -74.5 12.5117 8.17089
    endloop
  endfacet
  facet normal -1 0 0
    outer loop
      vertex -74.5 -27.5117 8.17089
      vertex -74.5 12.5117 8.17089
      vertex -74.5 -27.3846 7.8498
    endloop
  endfacet
  facet normal -1 0 0
    outer loop
      vertex -74.5 12.5117 8.17089
      vertex -74.5 -27.5117 8.17089
      vertex -74.5 12.6781 8.47352
    endloop
  endfacet
  facet normal -1 0 0
    outer loop
      vertex -74.5 -27.6781 8.47352
      vertex -74.5 12.6781 8.47352
      vertex -74.5 -27.5117 8.17089
    endloop
  endfacet
  facet normal -1 0 0
    outer loop
      vertex -74.5 12.6781 8.47352
      vertex -74.5 -27.6781 8.47352
      vertex -74.5 12.8811 8.75292
    endloop
  endfacet
  facet normal -1 0 0
    outer loop
      vertex -74.5 -27.8811 8.75292
      vertex -74.5 12.8811 8.75292
      vertex -74.5 -27.6781 8.47352
    endloop
  endfacet
  facet normal -1 0 0
    outer loop
      vertex -74.5 12.8811 8.75292
      vertex -74.5 -27.8811 8.75292
      vertex -74.5 13.1175 9.00466
    endloop
  endfacet
  facet normal -1 0 0
    outer loop
      vertex -74.5 -28.1175 9.00466
      vertex -74.5 13.1175 9.00466
      vertex -74.5 -27.8811 8.75292
    endloop
  endfacet
  facet normal -1 0 0
    outer loop
      vertex -74.5 -32 14
      vertex -74.5 13.1175 9.00466
      vertex -74.5 -28.1175 9.00466
    endloop
  endfacet
  facet normal -1 0 0
    outer loop
      vertex -74.5 13.1175 9.00466
      vertex -74.5 -32 14
      vertex -74.5 13.3836 9.2248
    endloop
  endfacet
  facet normal -1 0 0
    outer loop
      vertex -74.5 13.3836 9.2248
      vertex -74.5 -32 14
      vertex -74.5 13.6752 9.40984
    endloop
  endfacet
  facet normal -1 0 0
    outer loop
      vertex -74.5 13.6752 9.40984
      vertex -74.5 -32 14
      vertex -74.5 13.9877 9.55688
    endloop
  endfacet
  facet normal -1 0 0
    outer loop
      vertex -74.5 13.9877 9.55688
      vertex -74.5 -32 14
      vertex -74.5 14.3161 9.6636
    endloop
  endfacet
  facet normal -1 0 0
    outer loop
      vertex -74.5 -32 14
      vertex -74.5 -28.1175 9.00466
      vertex -74.5 -28.3836 9.2248
    endloop
  endfacet
  facet normal -1 0 0
    outer loop
      vertex -74.5 -32 14
      vertex -74.5 -28.3836 9.2248
      vertex -74.5 -28.6752 9.40984
    endloop
  endfacet
  facet normal -1 0 0
    outer loop
      vertex -74.5 -32 14
      vertex -74.5 -28.6752 9.40984
      vertex -74.5 -28.9877 9.55688
    endloop
  endfacet
  facet normal -1 0 0
    outer loop
      vertex -74.5 -32 14
      vertex -74.5 -28.9877 9.55688
      vertex -74.5 -29.3161 9.6636
    endloop
  endfacet
  facet normal -1 0 0
    outer loop
      vertex -74.5 -32 14
      vertex -74.5 -29.3161 9.6636
      vertex -74.5 -29.6553 9.72832
    endloop
  endfacet
  facet normal -1 0 0
    outer loop
      vertex -74.5 -32 14
      vertex -74.5 -29.6553 9.72832
      vertex -74.5 -30 9.75
    endloop
  endfacet
  facet normal -1 0 0
    outer loop
      vertex -74.5 -32 14
      vertex -74.5 -30 9.75
      vertex -74.5 -30.3447 9.72832
    endloop
  endfacet
  facet normal -1 0 0
    outer loop
      vertex -74.5 14.6553 9.72832
      vertex -74.5 -32 14
      vertex -74.5 32 14
    endloop
  endfacet
  facet normal -1 0 0
    outer loop
      vertex -74.5 -30.6839 9.6636
      vertex -74.5 -32 14
      vertex -74.5 -30.3447 9.72832
    endloop
  endfacet
  facet normal -1 0 0
    outer loop
      vertex -74.5 -31.0123 9.55688
      vertex -74.5 -32 14
      vertex -74.5 -30.6839 9.6636
    endloop
  endfacet
  facet normal -1 0 0
    outer loop
      vertex -74.5 -31.3248 9.40984
      vertex -74.5 -32 14
      vertex -74.5 -31.0123 9.55688
    endloop
  endfacet
  facet normal -1 0 0
    outer loop
      vertex -74.5 -31.6164 9.2248
      vertex -74.5 -32 14
      vertex -74.5 -31.3248 9.40984
    endloop
  endfacet
  facet normal -1 0 0
    outer loop
      vertex -74.5 -31.8825 9.00466
      vertex -74.5 -32 14
      vertex -74.5 -31.6164 9.2248
    endloop
  endfacet
  facet normal -1 0 0
    outer loop
      vertex -74.5 -32 14
      vertex -74.5 -31.8825 9.00466
      vertex -74.5 -32 8.87954
    endloop
  endfacet
  facet normal 0 1 0
    outer loop
      vertex 69.8139 36.9901 14
      vertex 51.9094 36.9901 9.30038
      vertex -69.8139 36.9901 14
    endloop
  endfacet
  facet normal 0 1 0
    outer loop
      vertex -69.8139 36.9901 14
      vertex -52.2023 36.9901 9.35627
      vertex -52.5 36.9901 9.375
    endloop
  endfacet
  facet normal 0 1 -0
    outer loop
      vertex -51.9094 36.9901 9.30038
      vertex -69.8139 36.9901 14
      vertex 51.9094 36.9901 9.30038
    endloop
  endfacet
  facet normal 0 1 0
    outer loop
      vertex -69.8139 36.9901 14
      vertex -51.9094 36.9901 9.30038
      vertex -52.2023 36.9901 9.35627
    endloop
  endfacet
  facet normal 0 1 -0
    outer loop
      vertex 51.6257 36.9901 9.20822
      vertex -51.9094 36.9901 9.30038
      vertex 51.9094 36.9901 9.30038
    endloop
  endfacet
  facet normal 0 1 0
    outer loop
      vertex 51.6257 36.9901 9.20822
      vertex -51.6257 36.9901 9.20822
      vertex -51.9094 36.9901 9.30038
    endloop
  endfacet
  facet normal 0 1 -0
    outer loop
      vertex 51.3558 36.9901 9.08123
      vertex -51.6257 36.9901 9.20822
      vertex 51.6257 36.9901 9.20822
    endloop
  endfacet
  facet normal 0 1 0
    outer loop
      vertex 51.3558 36.9901 9.08123
      vertex -51.3558 36.9901 9.08123
      vertex -51.6257 36.9901 9.20822
    endloop
  endfacet
  facet normal 0 1 -0
    outer loop
      vertex 51.104 36.9901 8.92142
      vertex -51.3558 36.9901 9.08123
      vertex 51.3558 36.9901 9.08123
    endloop
  endfacet
  facet normal 0 1 0
    outer loop
      vertex 51.104 36.9901 8.92142
      vertex -51.104 36.9901 8.92142
      vertex -51.3558 36.9901 9.08123
    endloop
  endfacet
  facet normal 0 1 -0
    outer loop
      vertex 50.8742 36.9901 8.7313
      vertex -51.104 36.9901 8.92142
      vertex 51.104 36.9901 8.92142
    endloop
  endfacet
  facet normal 0 1 0
    outer loop
      vertex 50.8742 36.9901 8.7313
      vertex -50.8742 36.9901 8.7313
      vertex -51.104 36.9901 8.92142
    endloop
  endfacet
  facet normal 0 1 -0
    outer loop
      vertex 50.67 36.9901 8.51388
      vertex -50.8742 36.9901 8.7313
      vertex 50.8742 36.9901 8.7313
    endloop
  endfacet
  facet normal 0 1 0
    outer loop
      vertex 50.67 36.9901 8.51388
      vertex -50.67 36.9901 8.51388
      vertex -50.8742 36.9901 8.7313
    endloop
  endfacet
  facet normal 0 1 -0
    outer loop
      vertex 50.4947 36.9901 8.27259
      vertex -50.67 36.9901 8.51388
      vertex 50.67 36.9901 8.51388
    endloop
  endfacet
  facet normal 0 1 0
    outer loop
      vertex 50.4947 36.9901 8.27259
      vertex -50.4947 36.9901 8.27259
      vertex -50.67 36.9901 8.51388
    endloop
  endfacet
  facet normal 0 1 -0
    outer loop
      vertex 50.351 36.9901 8.01123
      vertex -50.4947 36.9901 8.27259
      vertex 50.4947 36.9901 8.27259
    endloop
  endfacet
  facet normal 0 1 0
    outer loop
      vertex 50.351 36.9901 8.01123
      vertex -50.351 36.9901 8.01123
      vertex -50.4947 36.9901 8.27259
    endloop
  endfacet
  facet normal 0 1 -0
    outer loop
      vertex 50.2412 36.9901 7.73392
      vertex -50.351 36.9901 8.01123
      vertex 50.351 36.9901 8.01123
    endloop
  endfacet
  facet normal 0 1 0
    outer loop
      vertex 50.2412 36.9901 7.73392
      vertex -50.2412 36.9901 7.73392
      vertex -50.351 36.9901 8.01123
    endloop
  endfacet
  facet normal 0 1 -0
    outer loop
      vertex 50.1671 36.9901 7.44503
      vertex -50.2412 36.9901 7.73392
      vertex 50.2412 36.9901 7.73392
    endloop
  endfacet
  facet normal 0 1 0
    outer loop
      vertex 50.1671 36.9901 7.44503
      vertex -50.1671 36.9901 7.44503
      vertex -50.2412 36.9901 7.73392
    endloop
  endfacet
  facet normal 0 1 -0
    outer loop
      vertex 50.1297 36.9901 7.14913
      vertex -50.1671 36.9901 7.44503
      vertex 50.1671 36.9901 7.44503
    endloop
  endfacet
  facet normal 0 1 0
    outer loop
      vertex 50.1297 36.9901 7.14913
      vertex -50.1297 36.9901 7.14913
      vertex -50.1671 36.9901 7.44503
    endloop
  endfacet
  facet normal 0 1 -0
    outer loop
      vertex 50.1297 36.9901 6.85087
      vertex -50.1297 36.9901 7.14913
      vertex 50.1297 36.9901 7.14913
    endloop
  endfacet
  facet normal 0 1 0
    outer loop
      vertex 50.1297 36.9901 6.85087
      vertex -50.1297 36.9901 6.85087
      vertex -50.1297 36.9901 7.14913
    endloop
  endfacet
  facet normal 0 1 0
    outer loop
      vertex 50.1671 36.9901 6.55497
      vertex -50.1297 36.9901 6.85087
      vertex 50.1297 36.9901 6.85087
    endloop
  endfacet
  facet normal 0 1 0
    outer loop
      vertex 50.1671 36.9901 6.55497
      vertex -50.1671 36.9901 6.55497
      vertex -50.1297 36.9901 6.85087
    endloop
  endfacet
  facet normal 0 1 0
    outer loop
      vertex 50.2412 36.9901 6.26608
      vertex -50.1671 36.9901 6.55497
      vertex 50.1671 36.9901 6.55497
    endloop
  endfacet
  facet normal 0 1 0
    outer loop
      vertex 50.2412 36.9901 6.26608
      vertex -50.2412 36.9901 6.26608
      vertex -50.1671 36.9901 6.55497
    endloop
  endfacet
  facet normal 0 1 0
    outer loop
      vertex 50.351 36.9901 5.98877
      vertex -50.2412 36.9901 6.26608
      vertex 50.2412 36.9901 6.26608
    endloop
  endfacet
  facet normal 0 1 0
    outer loop
      vertex 50.351 36.9901 5.98877
      vertex -50.351 36.9901 5.98877
      vertex -50.2412 36.9901 6.26608
    endloop
  endfacet
  facet normal 0 1 0
    outer loop
      vertex 50.4947 36.9901 5.72741
      vertex -50.351 36.9901 5.98877
      vertex 50.351 36.9901 5.98877
    endloop
  endfacet
  facet normal 0 1 0
    outer loop
      vertex 50.4947 36.9901 5.72741
      vertex -50.4947 36.9901 5.72741
      vertex -50.351 36.9901 5.98877
    endloop
  endfacet
  facet normal 0 1 0
    outer loop
      vertex 50.67 36.9901 5.48612
      vertex -50.4947 36.9901 5.72741
      vertex 50.4947 36.9901 5.72741
    endloop
  endfacet
  facet normal 0 1 0
    outer loop
      vertex 50.67 36.9901 5.48612
      vertex -50.67 36.9901 5.48612
      vertex -50.4947 36.9901 5.72741
    endloop
  endfacet
  facet normal 0 1 0
    outer loop
      vertex 50.8742 36.9901 5.2687
      vertex -50.67 36.9901 5.48612
      vertex 50.67 36.9901 5.48612
    endloop
  endfacet
  facet normal 0 1 0
    outer loop
      vertex 50.8742 36.9901 5.2687
      vertex -50.8742 36.9901 5.2687
      vertex -50.67 36.9901 5.48612
    endloop
  endfacet
  facet normal 0 1 0
    outer loop
      vertex 51.104 36.9901 5.07858
      vertex -50.8742 36.9901 5.2687
      vertex 50.8742 36.9901 5.2687
    endloop
  endfacet
  facet normal 0 1 0
    outer loop
      vertex 51.104 36.9901 5.07858
      vertex -51.104 36.9901 5.07858
      vertex -50.8742 36.9901 5.2687
    endloop
  endfacet
  facet normal 0 1 0
    outer loop
      vertex 51.3558 36.9901 4.91877
      vertex -51.104 36.9901 5.07858
      vertex 51.104 36.9901 5.07858
    endloop
  endfacet
  facet normal 0 1 0
    outer loop
      vertex 51.3558 36.9901 4.91877
      vertex -51.3558 36.9901 4.91877
      vertex -51.104 36.9901 5.07858
    endloop
  endfacet
  facet normal 0 1 0
    outer loop
      vertex 51.6257 36.9901 4.79178
      vertex -51.3558 36.9901 4.91877
      vertex 51.3558 36.9901 4.91877
    endloop
  endfacet
  facet normal 0 1 0
    outer loop
      vertex 51.6257 36.9901 4.79178
      vertex -51.6257 36.9901 4.79178
      vertex -51.3558 36.9901 4.91877
    endloop
  endfacet
  facet normal 0 1 0
    outer loop
      vertex 51.9094 36.9901 4.69962
      vertex -51.6257 36.9901 4.79178
      vertex 51.6257 36.9901 4.79178
    endloop
  endfacet
  facet normal 0 1 0
    outer loop
      vertex 51.9094 36.9901 4.69962
      vertex -51.9094 36.9901 4.69962
      vertex -51.6257 36.9901 4.79178
    endloop
  endfacet
  facet normal 0 1 0
    outer loop
      vertex 69.8139 36.9901 0
      vertex 51.9094 36.9901 4.69962
      vertex 52.2023 36.9901 4.64373
    endloop
  endfacet
  facet normal 0 1 0
    outer loop
      vertex 51.9094 36.9901 4.69962
      vertex 69.8139 36.9901 0
      vertex -51.9094 36.9901 4.69962
    endloop
  endfacet
  facet normal 0 1 0
    outer loop
      vertex 69.8139 36.9901 0
      vertex 52.2023 36.9901 4.64373
      vertex 52.5 36.9901 4.625
    endloop
  endfacet
  facet normal 0 1 0
    outer loop
      vertex -69.8139 36.9901 0
      vertex -51.9094 36.9901 4.69962
      vertex 69.8139 36.9901 0
    endloop
  endfacet
  facet normal 0 1 0
    outer loop
      vertex 52.2023 36.9901 9.35627
      vertex 69.8139 36.9901 14
      vertex 52.5 36.9901 9.375
    endloop
  endfacet
  facet normal 0 1 0
    outer loop
      vertex 69.8139 36.9901 14
      vertex 52.7977 36.9901 9.35627
      vertex 52.5 36.9901 9.375
    endloop
  endfacet
  facet normal 0 1 0
    outer loop
      vertex 69.8139 36.9901 14
      vertex 53.0906 36.9901 9.30038
      vertex 52.7977 36.9901 9.35627
    endloop
  endfacet
  facet normal 0 1 0
    outer loop
      vertex 69.8139 36.9901 14
      vertex 53.3743 36.9901 9.20822
      vertex 53.0906 36.9901 9.30038
    endloop
  endfacet
  facet normal 0 1 0
    outer loop
      vertex 69.8139 36.9901 14
      vertex 53.6442 36.9901 9.08123
      vertex 53.3743 36.9901 9.20822
    endloop
  endfacet
  facet normal 0 1 0
    outer loop
      vertex 69.8139 36.9901 14
      vertex 53.896 36.9901 8.92142
      vertex 53.6442 36.9901 9.08123
    endloop
  endfacet
  facet normal 0 1 0
    outer loop
      vertex 69.8139 36.9901 14
      vertex 54.1258 36.9901 8.7313
      vertex 53.896 36.9901 8.92142
    endloop
  endfacet
  facet normal 0 1 0
    outer loop
      vertex 69.8139 36.9901 14
      vertex 54.33 36.9901 8.51388
      vertex 54.1258 36.9901 8.7313
    endloop
  endfacet
  facet normal 0 1 0
    outer loop
      vertex 69.8139 36.9901 14
      vertex 54.5053 36.9901 8.27259
      vertex 54.33 36.9901 8.51388
    endloop
  endfacet
  facet normal 0 1 0
    outer loop
      vertex 69.8139 36.9901 14
      vertex 54.649 36.9901 8.01123
      vertex 54.5053 36.9901 8.27259
    endloop
  endfacet
  facet normal 0 1 0
    outer loop
      vertex 69.8139 36.9901 14
      vertex 54.7588 36.9901 7.73392
      vertex 54.649 36.9901 8.01123
    endloop
  endfacet
  facet normal 0 1 0
    outer loop
      vertex 69.8139 36.9901 14
      vertex 54.8329 36.9901 7.44503
      vertex 54.7588 36.9901 7.73392
    endloop
  endfacet
  facet normal 0 1 0
    outer loop
      vertex 69.8139 36.9901 14
      vertex 54.8703 36.9901 7.14913
      vertex 54.8329 36.9901 7.44503
    endloop
  endfacet
  facet normal 0 1 0
    outer loop
      vertex 69.8139 36.9901 14
      vertex 54.8703 36.9901 6.85087
      vertex 54.8703 36.9901 7.14913
    endloop
  endfacet
  facet normal 0 1 -0
    outer loop
      vertex 69.8139 36.9901 0
      vertex 54.8703 36.9901 6.85087
      vertex 69.8139 36.9901 14
    endloop
  endfacet
  facet normal 0 1 0
    outer loop
      vertex 54.8703 36.9901 6.85087
      vertex 69.8139 36.9901 0
      vertex 54.8329 36.9901 6.55497
    endloop
  endfacet
  facet normal 0 1 0
    outer loop
      vertex 54.8329 36.9901 6.55497
      vertex 69.8139 36.9901 0
      vertex 54.7588 36.9901 6.26608
    endloop
  endfacet
  facet normal 0 1 0
    outer loop
      vertex 54.7588 36.9901 6.26608
      vertex 69.8139 36.9901 0
      vertex 54.649 36.9901 5.98877
    endloop
  endfacet
  facet normal 0 1 0
    outer loop
      vertex 54.649 36.9901 5.98877
      vertex 69.8139 36.9901 0
      vertex 54.5053 36.9901 5.72741
    endloop
  endfacet
  facet normal 0 1 0
    outer loop
      vertex 54.5053 36.9901 5.72741
      vertex 69.8139 36.9901 0
      vertex 54.33 36.9901 5.48612
    endloop
  endfacet
  facet normal 0 1 0
    outer loop
      vertex 54.33 36.9901 5.48612
      vertex 69.8139 36.9901 0
      vertex 54.1258 36.9901 5.2687
    endloop
  endfacet
  facet normal 0 1 0
    outer loop
      vertex 54.1258 36.9901 5.2687
      vertex 69.8139 36.9901 0
      vertex 53.896 36.9901 5.07858
    endloop
  endfacet
  facet normal 0 1 0
    outer loop
      vertex -51.9094 36.9901 4.69962
      vertex -69.8139 36.9901 0
      vertex -52.2023 36.9901 4.64373
    endloop
  endfacet
  facet normal 0 1 0
    outer loop
      vertex 52.7977 36.9901 4.64373
      vertex 69.8139 36.9901 0
      vertex 52.5 36.9901 4.625
    endloop
  endfacet
  facet normal 0 1 0
    outer loop
      vertex 53.0906 36.9901 4.69962
      vertex 69.8139 36.9901 0
      vertex 52.7977 36.9901 4.64373
    endloop
  endfacet
  facet normal 0 1 0
    outer loop
      vertex 53.3743 36.9901 4.79178
      vertex 69.8139 36.9901 0
      vertex 53.0906 36.9901 4.69962
    endloop
  endfacet
  facet normal 0 1 0
    outer loop
      vertex 53.6442 36.9901 4.91877
      vertex 69.8139 36.9901 0
      vertex 53.3743 36.9901 4.79178
    endloop
  endfacet
  facet normal 0 1 0
    outer loop
      vertex 53.896 36.9901 5.07858
      vertex 69.8139 36.9901 0
      vertex 53.6442 36.9901 4.91877
    endloop
  endfacet
  facet normal 0 1 0
    outer loop
      vertex 51.9094 36.9901 9.30038
      vertex 69.8139 36.9901 14
      vertex 52.2023 36.9901 9.35627
    endloop
  endfacet
  facet normal 0 1 -0
    outer loop
      vertex -52.7977 36.9901 9.35627
      vertex -69.8139 36.9901 14
      vertex -52.5 36.9901 9.375
    endloop
  endfacet
  facet normal 0 1 -0
    outer loop
      vertex -53.0906 36.9901 9.30038
      vertex -69.8139 36.9901 14
      vertex -52.7977 36.9901 9.35627
    endloop
  endfacet
  facet normal 0 1 -0
    outer loop
      vertex -53.3743 36.9901 9.20822
      vertex -69.8139 36.9901 14
      vertex -53.0906 36.9901 9.30038
    endloop
  endfacet
  facet normal 0 1 -0
    outer loop
      vertex -53.6442 36.9901 9.08123
      vertex -69.8139 36.9901 14
      vertex -53.3743 36.9901 9.20822
    endloop
  endfacet
  facet normal 0 1 -0
    outer loop
      vertex -53.896 36.9901 8.92142
      vertex -69.8139 36.9901 14
      vertex -53.6442 36.9901 9.08123
    endloop
  endfacet
  facet normal 0 1 -0
    outer loop
      vertex -54.1258 36.9901 8.7313
      vertex -69.8139 36.9901 14
      vertex -53.896 36.9901 8.92142
    endloop
  endfacet
  facet normal 0 1 -0
    outer loop
      vertex -54.33 36.9901 8.51388
      vertex -69.8139 36.9901 14
      vertex -54.1258 36.9901 8.7313
    endloop
  endfacet
  facet normal 0 1 -0
    outer loop
      vertex -54.5053 36.9901 8.27259
      vertex -69.8139 36.9901 14
      vertex -54.33 36.9901 8.51388
    endloop
  endfacet
  facet normal 0 1 -0
    outer loop
      vertex -54.649 36.9901 8.01123
      vertex -69.8139 36.9901 14
      vertex -54.5053 36.9901 8.27259
    endloop
  endfacet
  facet normal 0 1 -0
    outer loop
      vertex -54.7588 36.9901 7.73392
      vertex -69.8139 36.9901 14
      vertex -54.649 36.9901 8.01123
    endloop
  endfacet
  facet normal 0 1 -0
    outer loop
      vertex -54.8329 36.9901 7.44503
      vertex -69.8139 36.9901 14
      vertex -54.7588 36.9901 7.73392
    endloop
  endfacet
  facet normal 0 1 -0
    outer loop
      vertex -54.8703 36.9901 7.14913
      vertex -69.8139 36.9901 14
      vertex -54.8329 36.9901 7.44503
    endloop
  endfacet
  facet normal 0 1 -0
    outer loop
      vertex -54.8703 36.9901 6.85087
      vertex -69.8139 36.9901 14
      vertex -54.8703 36.9901 7.14913
    endloop
  endfacet
  facet normal 0 1 0
    outer loop
      vertex -69.8139 36.9901 0
      vertex -54.8703 36.9901 6.85087
      vertex -54.8329 36.9901 6.55497
    endloop
  endfacet
  facet normal 0 1 0
    outer loop
      vertex -69.8139 36.9901 0
      vertex -54.8329 36.9901 6.55497
      vertex -54.7588 36.9901 6.26608
    endloop
  endfacet
  facet normal 0 1 0
    outer loop
      vertex -69.8139 36.9901 0
      vertex -54.7588 36.9901 6.26608
      vertex -54.649 36.9901 5.98877
    endloop
  endfacet
  facet normal 0 1 0
    outer loop
      vertex -69.8139 36.9901 0
      vertex -54.649 36.9901 5.98877
      vertex -54.5053 36.9901 5.72741
    endloop
  endfacet
  facet normal 0 1 0
    outer loop
      vertex -69.8139 36.9901 0
      vertex -54.5053 36.9901 5.72741
      vertex -54.33 36.9901 5.48612
    endloop
  endfacet
  facet normal 0 1 0
    outer loop
      vertex -69.8139 36.9901 0
      vertex -54.33 36.9901 5.48612
      vertex -54.1258 36.9901 5.2687
    endloop
  endfacet
  facet normal 0 1 0
    outer loop
      vertex -69.8139 36.9901 0
      vertex -54.1258 36.9901 5.2687
      vertex -53.896 36.9901 5.07858
    endloop
  endfacet
  facet normal 0 1 0
    outer loop
      vertex -69.8139 36.9901 0
      vertex -53.896 36.9901 5.07858
      vertex -53.6442 36.9901 4.91877
    endloop
  endfacet
  facet normal 0 1 0
    outer loop
      vertex -54.8703 36.9901 6.85087
      vertex -69.8139 36.9901 0
      vertex -69.8139 36.9901 14
    endloop
  endfacet
  facet normal 0 1 0
    outer loop
      vertex -53.3743 36.9901 4.79178
      vertex -69.8139 36.9901 0
      vertex -53.6442 36.9901 4.91877
    endloop
  endfacet
  facet normal 0 1 0
    outer loop
      vertex -53.0906 36.9901 4.69962
      vertex -69.8139 36.9901 0
      vertex -53.3743 36.9901 4.79178
    endloop
  endfacet
  facet normal 0 1 0
    outer loop
      vertex -52.7977 36.9901 4.64373
      vertex -69.8139 36.9901 0
      vertex -53.0906 36.9901 4.69962
    endloop
  endfacet
  facet normal 0 1 0
    outer loop
      vertex -52.5 36.9901 4.625
      vertex -69.8139 36.9901 0
      vertex -52.7977 36.9901 4.64373
    endloop
  endfacet
  facet normal 0 1 0
    outer loop
      vertex -52.2023 36.9901 4.64373
      vertex -69.8139 36.9901 0
      vertex -52.5 36.9901 4.625
    endloop
  endfacet
  facet normal 0 -1 0
    outer loop
      vertex 68.9834 23.0099 0
      vertex 69.8139 23.0099 14
      vertex 68.9834 23.0099 14
    endloop
  endfacet
  facet normal 0 -1 -0
    outer loop
      vertex 69.8139 23.0099 14
      vertex 68.9834 23.0099 0
      vertex 69.8139 23.0099 0
    endloop
  endfacet
  facet normal 0 -1 0
    outer loop
      vertex -51.936 23.0099 11.4645
      vertex -60.5 23.0099 14
      vertex -52.5 23.0099 11.5
    endloop
  endfacet
  facet normal 0 -1 0
    outer loop
      vertex -60.5 23.0099 14
      vertex -53.064 23.0099 11.4645
      vertex -52.5 23.0099 11.5
    endloop
  endfacet
  facet normal 0 -1 0
    outer loop
      vertex -60.5 23.0099 14
      vertex -53.6191 23.0099 11.3586
      vertex -53.064 23.0099 11.4645
    endloop
  endfacet
  facet normal 0 -1 0
    outer loop
      vertex -60.5 23.0099 14
      vertex -54.1566 23.0099 11.184
      vertex -53.6191 23.0099 11.3586
    endloop
  endfacet
  facet normal 0 -1 0
    outer loop
      vertex -60.5 23.0099 14
      vertex -54.6679 23.0099 10.9434
      vertex -54.1566 23.0099 11.184
    endloop
  endfacet
  facet normal 0 -1 0
    outer loop
      vertex -60.5 23.0099 14
      vertex -55.145 23.0099 10.6406
      vertex -54.6679 23.0099 10.9434
    endloop
  endfacet
  facet normal 0 -1 0
    outer loop
      vertex -60.5 23.0099 14
      vertex -55.5805 23.0099 10.2804
      vertex -55.145 23.0099 10.6406
    endloop
  endfacet
  facet normal 0 -1 0
    outer loop
      vertex -60.5 23.0099 14
      vertex -55.9673 23.0099 9.86841
      vertex -55.5805 23.0099 10.2804
    endloop
  endfacet
  facet normal 0 -1 0
    outer loop
      vertex -60.5 23.0099 14
      vertex -56.2995 23.0099 9.41122
      vertex -55.9673 23.0099 9.86841
    endloop
  endfacet
  facet normal 0 -1 0
    outer loop
      vertex -60.5 23.0099 14
      vertex -56.5717 23.0099 8.91601
      vertex -56.2995 23.0099 9.41122
    endloop
  endfacet
  facet normal 0 -1 0
    outer loop
      vertex -60.5 23.0099 14
      vertex -56.7798 23.0099 8.39058
      vertex -56.5717 23.0099 8.91601
    endloop
  endfacet
  facet normal 0 -1 0
    outer loop
      vertex -60.5 23.0099 14
      vertex -56.9203 23.0099 7.84321
      vertex -56.7798 23.0099 8.39058
    endloop
  endfacet
  facet normal 0 -1 0
    outer loop
      vertex -60.5 23.0099 14
      vertex -56.9911 23.0099 7.28256
      vertex -56.9203 23.0099 7.84321
    endloop
  endfacet
  facet normal 0 -1 0
    outer loop
      vertex -60.5 23.0099 14
      vertex -56.9911 23.0099 6.71744
      vertex -56.9911 23.0099 7.28256
    endloop
  endfacet
  facet normal 0 -1 0
    outer loop
      vertex -60.5 23.0099 0
      vertex -56.9911 23.0099 6.71744
      vertex -60.5 23.0099 14
    endloop
  endfacet
  facet normal 0 -1 -0
    outer loop
      vertex -56.9911 23.0099 6.71744
      vertex -60.5 23.0099 0
      vertex -56.9203 23.0099 6.15679
    endloop
  endfacet
  facet normal 0 -1 -0
    outer loop
      vertex -56.9203 23.0099 6.15679
      vertex -60.5 23.0099 0
      vertex -56.7798 23.0099 5.60942
    endloop
  endfacet
  facet normal 0 -1 -0
    outer loop
      vertex -53.064 23.0099 2.53548
      vertex -60.5 23.0099 0
      vertex -52.5 23.0099 2.5
    endloop
  endfacet
  facet normal 0 -1 -0
    outer loop
      vertex -53.6191 23.0099 2.64138
      vertex -60.5 23.0099 0
      vertex -53.064 23.0099 2.53548
    endloop
  endfacet
  facet normal 0 -1 -0
    outer loop
      vertex -54.1566 23.0099 2.81601
      vertex -60.5 23.0099 0
      vertex -53.6191 23.0099 2.64138
    endloop
  endfacet
  facet normal 0 -1 -0
    outer loop
      vertex -54.6679 23.0099 3.05662
      vertex -60.5 23.0099 0
      vertex -54.1566 23.0099 2.81601
    endloop
  endfacet
  facet normal 0 -1 -0
    outer loop
      vertex -55.145 23.0099 3.35942
      vertex -60.5 23.0099 0
      vertex -54.6679 23.0099 3.05662
    endloop
  endfacet
  facet normal 0 -1 -0
    outer loop
      vertex -55.5805 23.0099 3.71964
      vertex -60.5 23.0099 0
      vertex -55.145 23.0099 3.35942
    endloop
  endfacet
  facet normal 0 -1 -0
    outer loop
      vertex -55.9673 23.0099 4.13159
      vertex -60.5 23.0099 0
      vertex -55.5805 23.0099 3.71964
    endloop
  endfacet
  facet normal 0 -1 -0
    outer loop
      vertex -56.2995 23.0099 4.58878
      vertex -60.5 23.0099 0
      vertex -55.9673 23.0099 4.13159
    endloop
  endfacet
  facet normal 0 -1 -0
    outer loop
      vertex -56.5717 23.0099 5.08399
      vertex -60.5 23.0099 0
      vertex -56.2995 23.0099 4.58878
    endloop
  endfacet
  facet normal 0 -1 -0
    outer loop
      vertex -56.7798 23.0099 5.60942
      vertex -60.5 23.0099 0
      vertex -56.5717 23.0099 5.08399
    endloop
  endfacet
  facet normal 0 -1 0
    outer loop
      vertex -51.3809 23.0099 11.3586
      vertex -60.5 23.0099 14
      vertex -51.936 23.0099 11.4645
    endloop
  endfacet
  facet normal 0 -1 0
    outer loop
      vertex -60.5 23.0099 14
      vertex -51.3809 23.0099 11.3586
      vertex 34.561 23.0099 14
    endloop
  endfacet
  facet normal 0 -1 0
    outer loop
      vertex -50.8434 23.0099 11.184
      vertex 34.561 23.0099 14
      vertex -51.3809 23.0099 11.3586
    endloop
  endfacet
  facet normal 0 -1 0
    outer loop
      vertex -50.3321 23.0099 10.9434
      vertex 34.561 23.0099 14
      vertex -50.8434 23.0099 11.184
    endloop
  endfacet
  facet normal 0 -1 0
    outer loop
      vertex -49.855 23.0099 10.6406
      vertex 34.561 23.0099 14
      vertex -50.3321 23.0099 10.9434
    endloop
  endfacet
  facet normal 0 -1 0
    outer loop
      vertex -49.4195 23.0099 10.2804
      vertex 34.561 23.0099 14
      vertex -49.855 23.0099 10.6406
    endloop
  endfacet
  facet normal 0 -1 0
    outer loop
      vertex -49.0327 23.0099 9.86841
      vertex 34.561 23.0099 14
      vertex -49.4195 23.0099 10.2804
    endloop
  endfacet
  facet normal 0 -1 0
    outer loop
      vertex -48.7005 23.0099 9.41122
      vertex 34.561 23.0099 14
      vertex -49.0327 23.0099 9.86841
    endloop
  endfacet
  facet normal 0 -1 0
    outer loop
      vertex -48.4283 23.0099 8.91601
      vertex 34.561 23.0099 14
      vertex -48.7005 23.0099 9.41122
    endloop
  endfacet
  facet normal 0 -1 0
    outer loop
      vertex -48.2202 23.0099 8.39058
      vertex 34.561 23.0099 14
      vertex -48.4283 23.0099 8.91601
    endloop
  endfacet
  facet normal 0 -1 0
    outer loop
      vertex -48.0797 23.0099 7.84321
      vertex 34.561 23.0099 14
      vertex -48.2202 23.0099 8.39058
    endloop
  endfacet
  facet normal 0 -1 0
    outer loop
      vertex -48.0089 23.0099 7.28256
      vertex 34.561 23.0099 14
      vertex -48.0797 23.0099 7.84321
    endloop
  endfacet
  facet normal 0 -1 0
    outer loop
      vertex -48.0089 23.0099 6.71744
      vertex 34.561 23.0099 14
      vertex -48.0089 23.0099 7.28256
    endloop
  endfacet
  facet normal 0 -1 0
    outer loop
      vertex 34.561 23.0099 0
      vertex -48.0089 23.0099 6.71744
      vertex -48.0797 23.0099 6.15679
    endloop
  endfacet
  facet normal 0 -1 0
    outer loop
      vertex 34.561 23.0099 0
      vertex -48.0797 23.0099 6.15679
      vertex -48.2202 23.0099 5.60942
    endloop
  endfacet
  facet normal 0 -1 0
    outer loop
      vertex 34.561 23.0099 0
      vertex -48.2202 23.0099 5.60942
      vertex -48.4283 23.0099 5.08399
    endloop
  endfacet
  facet normal 0 -1 0
    outer loop
      vertex 34.561 23.0099 0
      vertex -48.4283 23.0099 5.08399
      vertex -48.7005 23.0099 4.58878
    endloop
  endfacet
  facet normal 0 -1 0
    outer loop
      vertex 34.561 23.0099 0
      vertex -48.7005 23.0099 4.58878
      vertex -49.0327 23.0099 4.13159
    endloop
  endfacet
  facet normal 0 -1 0
    outer loop
      vertex 34.561 23.0099 0
      vertex -49.0327 23.0099 4.13159
      vertex -49.4195 23.0099 3.71964
    endloop
  endfacet
  facet normal 0 -1 0
    outer loop
      vertex 34.561 23.0099 0
      vertex -49.4195 23.0099 3.71964
      vertex -49.855 23.0099 3.35942
    endloop
  endfacet
  facet normal 0 -1 0
    outer loop
      vertex 34.561 23.0099 0
      vertex -49.855 23.0099 3.35942
      vertex -50.3321 23.0099 3.05662
    endloop
  endfacet
  facet normal 0 -1 0
    outer loop
      vertex 34.561 23.0099 0
      vertex -50.3321 23.0099 3.05662
      vertex -50.8434 23.0099 2.81601
    endloop
  endfacet
  facet normal 0 -1 0
    outer loop
      vertex 34.561 23.0099 0
      vertex -50.8434 23.0099 2.81601
      vertex -51.3809 23.0099 2.64138
    endloop
  endfacet
  facet normal 0 -1 0
    outer loop
      vertex -60.5 23.0099 0
      vertex -51.3809 23.0099 2.64138
      vertex -51.936 23.0099 2.53548
    endloop
  endfacet
  facet normal 0 -1 0
    outer loop
      vertex -60.5 23.0099 0
      vertex -51.936 23.0099 2.53548
      vertex -52.5 23.0099 2.5
    endloop
  endfacet
  facet normal 0 -1 -0
    outer loop
      vertex -51.3809 23.0099 2.64138
      vertex -60.5 23.0099 0
      vertex 34.561 23.0099 0
    endloop
  endfacet
  facet normal 0 -1 0
    outer loop
      vertex -48.0089 23.0099 6.71744
      vertex 34.561 23.0099 0
      vertex 34.561 23.0099 14
    endloop
  endfacet
  facet normal -0.99803 0.0627451 0
    outer loop
      vertex -74.5 32 0
      vertex -74.4606 32.6267 14
      vertex -74.4606 32.6267 0
    endloop
  endfacet
  facet normal -0.99803 0.0627451 0
    outer loop
      vertex -74.4606 32.6267 14
      vertex -74.5 32 0
      vertex -74.5 32 14
    endloop
  endfacet
  facet normal 0 0 1
    outer loop
      vertex 69.8139 36.9901 14
      vertex 74.5 32 14
      vertex 74.4606 32.6267 14
    endloop
  endfacet
  facet normal 0 0 1
    outer loop
      vertex 68.9834 23.0099 14
      vertex 74.5 32 14
      vertex 69.8139 36.9901 14
    endloop
  endfacet
  facet normal 0 0 1
    outer loop
      vertex 69.8139 36.9901 14
      vertex 74.4606 32.6267 14
      vertex 74.3429 33.2435 14
    endloop
  endfacet
  facet normal 0 0 1
    outer loop
      vertex 74.5 32 14
      vertex 68.9834 23.0099 14
      vertex 74.5 28 14
    endloop
  endfacet
  facet normal 0 0 1
    outer loop
      vertex 69.8139 36.9901 14
      vertex 74.3429 33.2435 14
      vertex 74.1489 33.8406 14
    endloop
  endfacet
  facet normal 0 -0 1
    outer loop
      vertex 69.8139 23.0099 14
      vertex 74.5 28 14
      vertex 68.9834 23.0099 14
    endloop
  endfacet
  facet normal 0 0 1
    outer loop
      vertex 69.8139 36.9901 14
      vertex 74.1489 33.8406 14
      vertex 73.8815 34.4088 14
    endloop
  endfacet
  facet normal 0 0 1
    outer loop
      vertex 74.4606 27.3733 14
      vertex 69.8139 23.0099 14
      vertex 74.3429 26.7565 14
    endloop
  endfacet
  facet normal 0 0 1
    outer loop
      vertex 69.8139 36.9901 14
      vertex 73.8815 34.4088 14
      vertex 73.5451 34.9389 14
    endloop
  endfacet
  facet normal 0 0 1
    outer loop
      vertex 74.3429 26.7565 14
      vertex 69.8139 23.0099 14
      vertex 74.1489 26.1594 14
    endloop
  endfacet
  facet normal 0 0 1
    outer loop
      vertex 69.8139 36.9901 14
      vertex 73.5451 34.9389 14
      vertex 73.1448 35.4227 14
    endloop
  endfacet
  facet normal 0 0 1
    outer loop
      vertex 74.1489 26.1594 14
      vertex 69.8139 23.0099 14
      vertex 73.8815 25.5912 14
    endloop
  endfacet
  facet normal 0 0 1
    outer loop
      vertex 69.8139 36.9901 14
      vertex 73.1448 35.4227 14
      vertex 72.6871 35.8526 14
    endloop
  endfacet
  facet normal 0 0 1
    outer loop
      vertex 73.8815 25.5912 14
      vertex 69.8139 23.0099 14
      vertex 73.5451 25.0611 14
    endloop
  endfacet
  facet normal 0 0 1
    outer loop
      vertex 69.8139 36.9901 14
      vertex 72.6871 35.8526 14
      vertex 72.1791 36.2216 14
    endloop
  endfacet
  facet normal 0 0 1
    outer loop
      vertex 73.5451 25.0611 14
      vertex 69.8139 23.0099 14
      vertex 73.1448 24.5773 14
    endloop
  endfacet
  facet normal 0 0 1
    outer loop
      vertex 69.8139 36.9901 14
      vertex 72.1791 36.2216 14
      vertex 71.6289 36.5241 14
    endloop
  endfacet
  facet normal 0 0 1
    outer loop
      vertex 73.1448 24.5773 14
      vertex 69.8139 23.0099 14
      vertex 72.6871 24.1474 14
    endloop
  endfacet
  facet normal 0 0 1
    outer loop
      vertex 69.8139 36.9901 14
      vertex 71.6289 36.5241 14
      vertex 71.0451 36.7553 14
    endloop
  endfacet
  facet normal 0 0 1
    outer loop
      vertex 72.6871 24.1474 14
      vertex 69.8139 23.0099 14
      vertex 72.1791 23.7784 14
    endloop
  endfacet
  facet normal 0 0 1
    outer loop
      vertex 69.8139 36.9901 14
      vertex 71.0451 36.7553 14
      vertex 70.4369 36.9114 14
    endloop
  endfacet
  facet normal 0 0 1
    outer loop
      vertex 72.1791 23.7784 14
      vertex 69.8139 23.0099 14
      vertex 71.6289 23.4759 14
    endloop
  endfacet
  facet normal 0 0 1
    outer loop
      vertex 74.5 28 14
      vertex 69.8139 23.0099 14
      vertex 74.4606 27.3733 14
    endloop
  endfacet
  facet normal 0 0 1
    outer loop
      vertex 71.6289 23.4759 14
      vertex 69.8139 23.0099 14
      vertex 71.0451 23.2447 14
    endloop
  endfacet
  facet normal 0 0 1
    outer loop
      vertex 71.0451 23.2447 14
      vertex 69.8139 23.0099 14
      vertex 70.4369 23.0886 14
    endloop
  endfacet
  facet normal 0 0 1
    outer loop
      vertex 69.8139 36.9901 14
      vertex 34.561 23.0099 14
      vertex 68.9834 23.0099 14
    endloop
  endfacet
  facet normal -0 0 1
    outer loop
      vertex -69.8139 36.9901 14
      vertex 34.561 23.0099 14
      vertex 69.8139 36.9901 14
    endloop
  endfacet
  facet normal 0 0 1
    outer loop
      vertex -74.5 32 14
      vertex -60.5 -19.2395 14
      vertex -60.5 23.0099 14
    endloop
  endfacet
  facet normal 0 0 1
    outer loop
      vertex -60.5 -19.2395 14
      vertex -74.5 -32 14
      vertex -61.486 -34.9766 14
    endloop
  endfacet
  facet normal 0 -0 1
    outer loop
      vertex -65.1861 -36.9901 14
      vertex -61.486 -34.9766 14
      vertex -74.5 -32 14
    endloop
  endfacet
  facet normal 0 0 1
    outer loop
      vertex -61.486 -34.9766 14
      vertex -65.1861 -36.9901 14
      vertex -61.8552 -35.4227 14
    endloop
  endfacet
  facet normal 0 0 1
    outer loop
      vertex -61.8552 -35.4227 14
      vertex -65.1861 -36.9901 14
      vertex -62.3129 -35.8526 14
    endloop
  endfacet
  facet normal 0 0 1
    outer loop
      vertex -62.3129 -35.8526 14
      vertex -65.1861 -36.9901 14
      vertex -62.8209 -36.2216 14
    endloop
  endfacet
  facet normal 0 0 1
    outer loop
      vertex -62.8209 -36.2216 14
      vertex -65.1861 -36.9901 14
      vertex -63.3711 -36.5241 14
    endloop
  endfacet
  facet normal 0 0 1
    outer loop
      vertex -63.3711 -36.5241 14
      vertex -65.1861 -36.9901 14
      vertex -63.9549 -36.7553 14
    endloop
  endfacet
  facet normal 0 0 1
    outer loop
      vertex 34.561 23.0099 14
      vertex -69.8139 36.9901 14
      vertex -60.5 23.0099 14
    endloop
  endfacet
  facet normal -0 0 1
    outer loop
      vertex -74.5 32 14
      vertex -60.5 23.0099 14
      vertex -69.8139 36.9901 14
    endloop
  endfacet
  facet normal 0 0 1
    outer loop
      vertex -60.5 -19.2395 14
      vertex -74.5 32 14
      vertex -74.5 -32 14
    endloop
  endfacet
  facet normal 0 0 1
    outer loop
      vertex -74.5 32 14
      vertex -69.8139 36.9901 14
      vertex -70.4369 36.9114 14
    endloop
  endfacet
  facet normal 0 0 1
    outer loop
      vertex -63.9549 -36.7553 14
      vertex -65.1861 -36.9901 14
      vertex -64.5631 -36.9114 14
    endloop
  endfacet
  facet normal 0 0 1
    outer loop
      vertex -74.5 32 14
      vertex -70.4369 36.9114 14
      vertex -71.0451 36.7553 14
    endloop
  endfacet
  facet normal 0 0 1
    outer loop
      vertex -65.1861 -36.9901 14
      vertex -74.5 -32 14
      vertex -69.8139 -36.9901 14
    endloop
  endfacet
  facet normal 0 0 1
    outer loop
      vertex -74.5 32 14
      vertex -71.0451 36.7553 14
      vertex -71.6289 36.5241 14
    endloop
  endfacet
  facet normal 0 0 1
    outer loop
      vertex -69.8139 -36.9901 14
      vertex -74.5 -32 14
      vertex -70.4369 -36.9114 14
    endloop
  endfacet
  facet normal 0 0 1
    outer loop
      vertex -74.5 32 14
      vertex -71.6289 36.5241 14
      vertex -72.1791 36.2216 14
    endloop
  endfacet
  facet normal 0 0 1
    outer loop
      vertex -70.4369 -36.9114 14
      vertex -74.5 -32 14
      vertex -71.0451 -36.7553 14
    endloop
  endfacet
  facet normal 0 0 1
    outer loop
      vertex -74.5 32 14
      vertex -72.1791 36.2216 14
      vertex -72.6871 35.8526 14
    endloop
  endfacet
  facet normal 0 0 1
    outer loop
      vertex -71.0451 -36.7553 14
      vertex -74.5 -32 14
      vertex -71.6289 -36.5241 14
    endloop
  endfacet
  facet normal 0 0 1
    outer loop
      vertex -74.5 32 14
      vertex -72.6871 35.8526 14
      vertex -73.1448 35.4227 14
    endloop
  endfacet
  facet normal 0 0 1
    outer loop
      vertex -71.6289 -36.5241 14
      vertex -74.5 -32 14
      vertex -72.1791 -36.2216 14
    endloop
  endfacet
  facet normal 0 0 1
    outer loop
      vertex -74.5 32 14
      vertex -73.1448 35.4227 14
      vertex -73.5451 34.9389 14
    endloop
  endfacet
  facet normal 0 0 1
    outer loop
      vertex -72.1791 -36.2216 14
      vertex -74.5 -32 14
      vertex -72.6871 -35.8526 14
    endloop
  endfacet
  facet normal 0 0 1
    outer loop
      vertex -74.5 32 14
      vertex -73.5451 34.9389 14
      vertex -73.8815 34.4088 14
    endloop
  endfacet
  facet normal 0 0 1
    outer loop
      vertex -72.6871 -35.8526 14
      vertex -74.5 -32 14
      vertex -73.1448 -35.4227 14
    endloop
  endfacet
  facet normal 0 0 1
    outer loop
      vertex -74.5 32 14
      vertex -73.8815 34.4088 14
      vertex -74.1489 33.8406 14
    endloop
  endfacet
  facet normal 0 0 1
    outer loop
      vertex -73.1448 -35.4227 14
      vertex -74.5 -32 14
      vertex -73.5451 -34.9389 14
    endloop
  endfacet
  facet normal 0 0 1
    outer loop
      vertex -74.5 32 14
      vertex -74.1489 33.8406 14
      vertex -74.3429 33.2435 14
    endloop
  endfacet
  facet normal 0 0 1
    outer loop
      vertex -73.5451 -34.9389 14
      vertex -74.5 -32 14
      vertex -73.8815 -34.4088 14
    endloop
  endfacet
  facet normal 0 0 1
    outer loop
      vertex -74.5 32 14
      vertex -74.3429 33.2435 14
      vertex -74.4606 32.6267 14
    endloop
  endfacet
  facet normal 0 0 1
    outer loop
      vertex -73.8815 -34.4088 14
      vertex -74.5 -32 14
      vertex -74.1489 -33.8406 14
    endloop
  endfacet
  facet normal 0 0 1
    outer loop
      vertex -74.1489 -33.8406 14
      vertex -74.5 -32 14
      vertex -74.3429 -33.2435 14
    endloop
  endfacet
  facet normal 0 0 1
    outer loop
      vertex -74.3429 -33.2435 14
      vertex -74.5 -32 14
      vertex -74.4606 -32.6267 14
    endloop
  endfacet
  facet normal 0 0 1
    outer loop
      vertex -61.486 -34.9766 14
      vertex 34.561 23.0099 14
      vertex -60.5 -19.2395 14
    endloop
  endfacet
  facet normal -0 0 1
    outer loop
      vertex 34.561 23.0099 14
      vertex -61.486 -34.9766 14
      vertex 68.9834 23.0099 14
    endloop
  endfacet
  facet normal 0.904811 -0.425812 0
    outer loop
      vertex 73.8815 25.5912 14
      vertex 74.1489 26.1594 0
      vertex 74.1489 26.1594 14
    endloop
  endfacet
  facet normal 0.904811 -0.425812 0
    outer loop
      vertex 74.1489 26.1594 0
      vertex 73.8815 25.5912 14
      vertex 73.8815 25.5912 0
    endloop
  endfacet
  facet normal 1 -0 0
    outer loop
      vertex 74.5 28 14
      vertex 74.5 32 0
      vertex 74.5 32 14
    endloop
  endfacet
  facet normal 1 0 0
    outer loop
      vertex 74.5 32 0
      vertex 74.5 28 14
      vertex 74.5 28 0
    endloop
  endfacet
  facet normal 0.951061 -0.309003 0
    outer loop
      vertex 74.1489 26.1594 14
      vertex 74.3429 26.7565 0
      vertex 74.3429 26.7565 14
    endloop
  endfacet
  facet normal 0.951061 -0.309003 0
    outer loop
      vertex 74.3429 26.7565 0
      vertex 74.1489 26.1594 14
      vertex 74.1489 26.1594 0
    endloop
  endfacet
  facet normal 0.904811 0.425812 0
    outer loop
      vertex 74.1489 33.8406 14
      vertex 73.8815 34.4088 0
      vertex 73.8815 34.4088 14
    endloop
  endfacet
  facet normal 0.904811 0.425812 0
    outer loop
      vertex 73.8815 34.4088 0
      vertex 74.1489 33.8406 14
      vertex 74.1489 33.8406 0
    endloop
  endfacet
  facet normal 0.951061 0.309003 0
    outer loop
      vertex 74.3429 33.2435 14
      vertex 74.1489 33.8406 0
      vertex 74.1489 33.8406 14
    endloop
  endfacet
  facet normal 0.951061 0.309003 0
    outer loop
      vertex 74.1489 33.8406 0
      vertex 74.3429 33.2435 14
      vertex 74.3429 33.2435 0
    endloop
  endfacet
  facet normal 0.684624 0.728896 -0
    outer loop
      vertex 73.1448 35.4227 0
      vertex 72.6871 35.8526 14
      vertex 73.1448 35.4227 14
    endloop
  endfacet
  facet normal 0.684624 0.728896 0
    outer loop
      vertex 72.6871 35.8526 14
      vertex 73.1448 35.4227 0
      vertex 72.6871 35.8526 0
    endloop
  endfacet
  facet normal 0.368203 0.929745 -0
    outer loop
      vertex 71.6289 36.5241 0
      vertex 71.0451 36.7553 14
      vertex 71.6289 36.5241 14
    endloop
  endfacet
  facet normal 0.368203 0.929745 0
    outer loop
      vertex 71.0451 36.7553 14
      vertex 71.6289 36.5241 0
      vertex 71.0451 36.7553 0
    endloop
  endfacet
  facet normal 0.248601 0.968606 -0
    outer loop
      vertex 71.0451 36.7553 0
      vertex 70.4369 36.9114 14
      vertex 71.0451 36.7553 14
    endloop
  endfacet
  facet normal 0.248601 0.968606 0
    outer loop
      vertex 70.4369 36.9114 14
      vertex 71.0451 36.7553 0
      vertex 70.4369 36.9114 0
    endloop
  endfacet
  facet normal 0.125328 0.992115 -0
    outer loop
      vertex 70.4369 36.9114 0
      vertex 69.8139 36.9901 14
      vertex 70.4369 36.9114 14
    endloop
  endfacet
  facet normal 0.125328 0.992115 0
    outer loop
      vertex 69.8139 36.9901 14
      vertex 70.4369 36.9114 0
      vertex 69.8139 36.9901 0
    endloop
  endfacet
  facet normal -0.481784 0.87629 0
    outer loop
      vertex -71.6289 36.5241 0
      vertex -72.1791 36.2216 14
      vertex -71.6289 36.5241 14
    endloop
  endfacet
  facet normal -0.481784 0.87629 0
    outer loop
      vertex -72.1791 36.2216 14
      vertex -71.6289 36.5241 0
      vertex -72.1791 36.2216 0
    endloop
  endfacet
  facet normal -0.248601 0.968606 0
    outer loop
      vertex -70.4369 36.9114 0
      vertex -71.0451 36.7553 14
      vertex -70.4369 36.9114 14
    endloop
  endfacet
  facet normal -0.248601 0.968606 0
    outer loop
      vertex -71.0451 36.7553 14
      vertex -70.4369 36.9114 0
      vertex -71.0451 36.7553 0
    endloop
  endfacet
  facet normal 0 0 -1
    outer loop
      vertex -61.486 -34.9766 0
      vertex 34.561 23.0099 0
      vertex 68.9834 23.0099 0
    endloop
  endfacet
  facet normal 0 0 -1
    outer loop
      vertex -74.5 -32 0
      vertex -60.5 -19.2395 0
      vertex -61.486 -34.9766 0
    endloop
  endfacet
  facet normal 0 0 -1
    outer loop
      vertex 34.561 23.0099 0
      vertex -61.486 -34.9766 0
      vertex -60.5 -19.2395 0
    endloop
  endfacet
  facet normal 0 0 -1
    outer loop
      vertex 69.8139 23.0099 0
      vertex 74.5 28 0
      vertex 74.4606 27.3733 0
    endloop
  endfacet
  facet normal -0 0 -1
    outer loop
      vertex 74.5 28 0
      vertex 68.9834 23.0099 0
      vertex 74.5 32 0
    endloop
  endfacet
  facet normal 0 0 -1
    outer loop
      vertex 69.8139 23.0099 0
      vertex 74.4606 27.3733 0
      vertex 74.3429 26.7565 0
    endloop
  endfacet
  facet normal 0 -0 -1
    outer loop
      vertex 69.8139 36.9901 0
      vertex 74.5 32 0
      vertex 68.9834 23.0099 0
    endloop
  endfacet
  facet normal 0 0 -1
    outer loop
      vertex 69.8139 23.0099 0
      vertex 74.3429 26.7565 0
      vertex 74.1489 26.1594 0
    endloop
  endfacet
  facet normal 0 0 -1
    outer loop
      vertex 74.5 32 0
      vertex 69.8139 36.9901 0
      vertex 74.4606 32.6267 0
    endloop
  endfacet
  facet normal 0 0 -1
    outer loop
      vertex 69.8139 23.0099 0
      vertex 74.1489 26.1594 0
      vertex 73.8815 25.5912 0
    endloop
  endfacet
  facet normal 0 0 -1
    outer loop
      vertex 74.4606 32.6267 0
      vertex 69.8139 36.9901 0
      vertex 74.3429 33.2435 0
    endloop
  endfacet
  facet normal 0 0 -1
    outer loop
      vertex 69.8139 23.0099 0
      vertex 73.8815 25.5912 0
      vertex 73.5451 25.0611 0
    endloop
  endfacet
  facet normal 0 0 -1
    outer loop
      vertex 74.3429 33.2435 0
      vertex 69.8139 36.9901 0
      vertex 74.1489 33.8406 0
    endloop
  endfacet
  facet normal 0 0 -1
    outer loop
      vertex 69.8139 23.0099 0
      vertex 73.5451 25.0611 0
      vertex 73.1448 24.5773 0
    endloop
  endfacet
  facet normal 0 0 -1
    outer loop
      vertex 74.1489 33.8406 0
      vertex 69.8139 36.9901 0
      vertex 73.8815 34.4088 0
    endloop
  endfacet
  facet normal 0 0 -1
    outer loop
      vertex 69.8139 23.0099 0
      vertex 73.1448 24.5773 0
      vertex 72.6871 24.1474 0
    endloop
  endfacet
  facet normal 0 0 -1
    outer loop
      vertex 73.8815 34.4088 0
      vertex 69.8139 36.9901 0
      vertex 73.5451 34.9389 0
    endloop
  endfacet
  facet normal 0 0 -1
    outer loop
      vertex 69.8139 23.0099 0
      vertex 72.6871 24.1474 0
      vertex 72.1791 23.7784 0
    endloop
  endfacet
  facet normal 0 0 -1
    outer loop
      vertex 73.5451 34.9389 0
      vertex 69.8139 36.9901 0
      vertex 73.1448 35.4227 0
    endloop
  endfacet
  facet normal 0 0 -1
    outer loop
      vertex 69.8139 23.0099 0
      vertex 72.1791 23.7784 0
      vertex 71.6289 23.4759 0
    endloop
  endfacet
  facet normal 0 0 -1
    outer loop
      vertex 73.1448 35.4227 0
      vertex 69.8139 36.9901 0
      vertex 72.6871 35.8526 0
    endloop
  endfacet
  facet normal 0 0 -1
    outer loop
      vertex 69.8139 23.0099 0
      vertex 71.6289 23.4759 0
      vertex 71.0451 23.2447 0
    endloop
  endfacet
  facet normal 0 0 -1
    outer loop
      vertex 72.6871 35.8526 0
      vertex 69.8139 36.9901 0
      vertex 72.1791 36.2216 0
    endloop
  endfacet
  facet normal 0 0 -1
    outer loop
      vertex 69.8139 23.0099 0
      vertex 71.0451 23.2447 0
      vertex 70.4369 23.0886 0
    endloop
  endfacet
  facet normal 0 0 -1
    outer loop
      vertex 72.1791 36.2216 0
      vertex 69.8139 36.9901 0
      vertex 71.6289 36.5241 0
    endloop
  endfacet
  facet normal 0 0 -1
    outer loop
      vertex 74.5 28 0
      vertex 69.8139 23.0099 0
      vertex 68.9834 23.0099 0
    endloop
  endfacet
  facet normal 0 0 -1
    outer loop
      vertex 71.6289 36.5241 0
      vertex 69.8139 36.9901 0
      vertex 71.0451 36.7553 0
    endloop
  endfacet
  facet normal 0 0 -1
    outer loop
      vertex 71.0451 36.7553 0
      vertex 69.8139 36.9901 0
      vertex 70.4369 36.9114 0
    endloop
  endfacet
  facet normal 0 0 -1
    outer loop
      vertex 34.561 23.0099 0
      vertex 69.8139 36.9901 0
      vertex 68.9834 23.0099 0
    endloop
  endfacet
  facet normal 0 0 -1
    outer loop
      vertex -69.8139 36.9901 0
      vertex 34.561 23.0099 0
      vertex -60.5 23.0099 0
    endloop
  endfacet
  facet normal 0 0 -1
    outer loop
      vertex -65.1861 -36.9901 0
      vertex -61.486 -34.9766 0
      vertex -61.8552 -35.4227 0
    endloop
  endfacet
  facet normal 0 0 -1
    outer loop
      vertex -65.1861 -36.9901 0
      vertex -61.8552 -35.4227 0
      vertex -62.3129 -35.8526 0
    endloop
  endfacet
  facet normal 0 0 -1
    outer loop
      vertex -65.1861 -36.9901 0
      vertex -62.3129 -35.8526 0
      vertex -62.8209 -36.2216 0
    endloop
  endfacet
  facet normal 0 0 -1
    outer loop
      vertex -65.1861 -36.9901 0
      vertex -62.8209 -36.2216 0
      vertex -63.3711 -36.5241 0
    endloop
  endfacet
  facet normal 0 0 -1
    outer loop
      vertex -65.1861 -36.9901 0
      vertex -63.3711 -36.5241 0
      vertex -63.9549 -36.7553 0
    endloop
  endfacet
  facet normal 0 0 -1
    outer loop
      vertex -65.1861 -36.9901 0
      vertex -63.9549 -36.7553 0
      vertex -64.5631 -36.9114 0
    endloop
  endfacet
  facet normal -0 0 -1
    outer loop
      vertex -61.486 -34.9766 0
      vertex -65.1861 -36.9901 0
      vertex -74.5 -32 0
    endloop
  endfacet
  facet normal 0 0 -1
    outer loop
      vertex -74.5 -32 0
      vertex -65.1861 -36.9901 0
      vertex -69.8139 -36.9901 0
    endloop
  endfacet
  facet normal 0 0 -1
    outer loop
      vertex 34.561 23.0099 0
      vertex -69.8139 36.9901 0
      vertex 69.8139 36.9901 0
    endloop
  endfacet
  facet normal 0 0 -1
    outer loop
      vertex -74.5 32 0
      vertex -60.5 -19.2395 0
      vertex -74.5 -32 0
    endloop
  endfacet
  facet normal 0 0 -1
    outer loop
      vertex -74.5 -32 0
      vertex -69.8139 -36.9901 0
      vertex -70.4369 -36.9114 0
    endloop
  endfacet
  facet normal 0 0 -1
    outer loop
      vertex -60.5 -19.2395 0
      vertex -74.5 32 0
      vertex -60.5 23.0099 0
    endloop
  endfacet
  facet normal 0 0 -1
    outer loop
      vertex -74.5 -32 0
      vertex -70.4369 -36.9114 0
      vertex -71.0451 -36.7553 0
    endloop
  endfacet
  facet normal 0 0 -1
    outer loop
      vertex -60.5 23.0099 0
      vertex -74.5 32 0
      vertex -69.8139 36.9901 0
    endloop
  endfacet
  facet normal 0 0 -1
    outer loop
      vertex -74.5 -32 0
      vertex -71.0451 -36.7553 0
      vertex -71.6289 -36.5241 0
    endloop
  endfacet
  facet normal 0 0 -1
    outer loop
      vertex -69.8139 36.9901 0
      vertex -74.5 32 0
      vertex -70.4369 36.9114 0
    endloop
  endfacet
  facet normal 0 0 -1
    outer loop
      vertex -74.5 -32 0
      vertex -71.6289 -36.5241 0
      vertex -72.1791 -36.2216 0
    endloop
  endfacet
  facet normal 0 0 -1
    outer loop
      vertex -70.4369 36.9114 0
      vertex -74.5 32 0
      vertex -71.0451 36.7553 0
    endloop
  endfacet
  facet normal 0 0 -1
    outer loop
      vertex -74.5 -32 0
      vertex -72.1791 -36.2216 0
      vertex -72.6871 -35.8526 0
    endloop
  endfacet
  facet normal 0 0 -1
    outer loop
      vertex -71.0451 36.7553 0
      vertex -74.5 32 0
      vertex -71.6289 36.5241 0
    endloop
  endfacet
  facet normal 0 0 -1
    outer loop
      vertex -74.5 -32 0
      vertex -72.6871 -35.8526 0
      vertex -73.1448 -35.4227 0
    endloop
  endfacet
  facet normal 0 0 -1
    outer loop
      vertex -71.6289 36.5241 0
      vertex -74.5 32 0
      vertex -72.1791 36.2216 0
    endloop
  endfacet
  facet normal 0 0 -1
    outer loop
      vertex -74.5 -32 0
      vertex -73.1448 -35.4227 0
      vertex -73.5451 -34.9389 0
    endloop
  endfacet
  facet normal 0 0 -1
    outer loop
      vertex -72.1791 36.2216 0
      vertex -74.5 32 0
      vertex -72.6871 35.8526 0
    endloop
  endfacet
  facet normal 0 0 -1
    outer loop
      vertex -74.5 -32 0
      vertex -73.5451 -34.9389 0
      vertex -73.8815 -34.4088 0
    endloop
  endfacet
  facet normal 0 0 -1
    outer loop
      vertex -72.6871 35.8526 0
      vertex -74.5 32 0
      vertex -73.1448 35.4227 0
    endloop
  endfacet
  facet normal 0 0 -1
    outer loop
      vertex -74.5 -32 0
      vertex -73.8815 -34.4088 0
      vertex -74.1489 -33.8406 0
    endloop
  endfacet
  facet normal 0 0 -1
    outer loop
      vertex -73.1448 35.4227 0
      vertex -74.5 32 0
      vertex -73.5451 34.9389 0
    endloop
  endfacet
  facet normal 0 0 -1
    outer loop
      vertex -74.5 -32 0
      vertex -74.1489 -33.8406 0
      vertex -74.3429 -33.2435 0
    endloop
  endfacet
  facet normal 0 0 -1
    outer loop
      vertex -73.5451 34.9389 0
      vertex -74.5 32 0
      vertex -73.8815 34.4088 0
    endloop
  endfacet
  facet normal 0 0 -1
    outer loop
      vertex -74.5 -32 0
      vertex -74.3429 -33.2435 0
      vertex -74.4606 -32.6267 0
    endloop
  endfacet
  facet normal 0 0 -1
    outer loop
      vertex -73.8815 34.4088 0
      vertex -74.5 32 0
      vertex -74.1489 33.8406 0
    endloop
  endfacet
  facet normal 0 0 -1
    outer loop
      vertex -74.1489 33.8406 0
      vertex -74.5 32 0
      vertex -74.3429 33.2435 0
    endloop
  endfacet
  facet normal 0 0 -1
    outer loop
      vertex -74.3429 33.2435 0
      vertex -74.5 32 0
      vertex -74.4606 32.6267 0
    endloop
  endfacet
  facet normal 0.99803 -0.0627451 0
    outer loop
      vertex 74.4606 27.3733 14
      vertex 74.5 28 0
      vertex 74.5 28 14
    endloop
  endfacet
  facet normal 0.99803 -0.0627451 0
    outer loop
      vertex 74.5 28 0
      vertex 74.4606 27.3733 14
      vertex 74.4606 27.3733 0
    endloop
  endfacet
  facet normal 0.844336 -0.535814 0
    outer loop
      vertex 73.5451 25.0611 14
      vertex 73.8815 25.5912 0
      vertex 73.8815 25.5912 14
    endloop
  endfacet
  facet normal 0.844336 -0.535814 0
    outer loop
      vertex 73.8815 25.5912 0
      vertex 73.5451 25.0611 14
      vertex 73.5451 25.0611 0
    endloop
  endfacet
  facet normal 0.587698 -0.80908 0
    outer loop
      vertex 72.1791 23.7784 0
      vertex 72.6871 24.1474 14
      vertex 72.1791 23.7784 14
    endloop
  endfacet
  facet normal 0.587698 -0.80908 0
    outer loop
      vertex 72.6871 24.1474 14
      vertex 72.1791 23.7784 0
      vertex 72.6871 24.1474 0
    endloop
  endfacet
  facet normal 0.770462 -0.637486 0
    outer loop
      vertex 73.1448 24.5773 14
      vertex 73.5451 25.0611 0
      vertex 73.5451 25.0611 14
    endloop
  endfacet
  facet normal 0.770462 -0.637486 0
    outer loop
      vertex 73.5451 25.0611 0
      vertex 73.1448 24.5773 14
      vertex 73.1448 24.5773 0
    endloop
  endfacet
  facet normal 0.368203 -0.929745 0
    outer loop
      vertex 71.0451 23.2447 0
      vertex 71.6289 23.4759 14
      vertex 71.0451 23.2447 14
    endloop
  endfacet
  facet normal 0.368203 -0.929745 0
    outer loop
      vertex 71.6289 23.4759 14
      vertex 71.0451 23.2447 0
      vertex 71.6289 23.4759 0
    endloop
  endfacet
  facet normal 0.125328 -0.992115 0
    outer loop
      vertex 69.8139 23.0099 0
      vertex 70.4369 23.0886 14
      vertex 69.8139 23.0099 14
    endloop
  endfacet
  facet normal 0.125328 -0.992115 0
    outer loop
      vertex 70.4369 23.0886 14
      vertex 69.8139 23.0099 0
      vertex 70.4369 23.0886 0
    endloop
  endfacet
  facet normal 0.770462 0.637486 0
    outer loop
      vertex 73.5451 34.9389 14
      vertex 73.1448 35.4227 0
      vertex 73.1448 35.4227 14
    endloop
  endfacet
  facet normal 0.770462 0.637486 0
    outer loop
      vertex 73.1448 35.4227 0
      vertex 73.5451 34.9389 14
      vertex 73.5451 34.9389 0
    endloop
  endfacet
  facet normal 0.844336 0.535814 0
    outer loop
      vertex 73.8815 34.4088 14
      vertex 73.5451 34.9389 0
      vertex 73.5451 34.9389 14
    endloop
  endfacet
  facet normal 0.844336 0.535814 0
    outer loop
      vertex 73.5451 34.9389 0
      vertex 73.8815 34.4088 14
      vertex 73.8815 34.4088 0
    endloop
  endfacet
  facet normal 0.587698 0.80908 -0
    outer loop
      vertex 72.6871 35.8526 0
      vertex 72.1791 36.2216 14
      vertex 72.6871 35.8526 14
    endloop
  endfacet
  facet normal 0.587698 0.80908 0
    outer loop
      vertex 72.1791 36.2216 14
      vertex 72.6871 35.8526 0
      vertex 72.1791 36.2216 0
    endloop
  endfacet
  facet normal 0.481784 0.87629 -0
    outer loop
      vertex 72.1791 36.2216 0
      vertex 71.6289 36.5241 14
      vertex 72.1791 36.2216 14
    endloop
  endfacet
  facet normal 0.481784 0.87629 0
    outer loop
      vertex 71.6289 36.5241 14
      vertex 72.1791 36.2216 0
      vertex 71.6289 36.5241 0
    endloop
  endfacet
  facet normal -0.125328 0.992115 0
    outer loop
      vertex -69.8139 36.9901 0
      vertex -70.4369 36.9114 14
      vertex -69.8139 36.9901 14
    endloop
  endfacet
  facet normal -0.125328 0.992115 0
    outer loop
      vertex -70.4369 36.9114 14
      vertex -69.8139 36.9901 0
      vertex -70.4369 36.9114 0
    endloop
  endfacet
  facet normal -0.982276 0.187441 0
    outer loop
      vertex -74.4606 32.6267 0
      vertex -74.3429 33.2435 14
      vertex -74.3429 33.2435 0
    endloop
  endfacet
  facet normal -0.982276 0.187441 0
    outer loop
      vertex -74.3429 33.2435 14
      vertex -74.4606 32.6267 0
      vertex -74.4606 32.6267 14
    endloop
  endfacet
  facet normal -0.951061 0.309003 0
    outer loop
      vertex -74.3429 33.2435 0
      vertex -74.1489 33.8406 14
      vertex -74.1489 33.8406 0
    endloop
  endfacet
  facet normal -0.951061 0.309003 0
    outer loop
      vertex -74.1489 33.8406 14
      vertex -74.3429 33.2435 0
      vertex -74.3429 33.2435 14
    endloop
  endfacet
  facet normal 0.982276 -0.187441 0
    outer loop
      vertex 74.3429 26.7565 14
      vertex 74.4606 27.3733 0
      vertex 74.4606 27.3733 14
    endloop
  endfacet
  facet normal 0.982276 -0.187441 0
    outer loop
      vertex 74.4606 27.3733 0
      vertex 74.3429 26.7565 14
      vertex 74.3429 26.7565 0
    endloop
  endfacet
  facet normal 0.684624 -0.728896 0
    outer loop
      vertex 72.6871 24.1474 0
      vertex 73.1448 24.5773 14
      vertex 72.6871 24.1474 14
    endloop
  endfacet
  facet normal 0.684624 -0.728896 0
    outer loop
      vertex 73.1448 24.5773 14
      vertex 72.6871 24.1474 0
      vertex 73.1448 24.5773 0
    endloop
  endfacet
  facet normal 0.481784 -0.87629 0
    outer loop
      vertex 71.6289 23.4759 0
      vertex 72.1791 23.7784 14
      vertex 71.6289 23.4759 14
    endloop
  endfacet
  facet normal 0.481784 -0.87629 0
    outer loop
      vertex 72.1791 23.7784 14
      vertex 71.6289 23.4759 0
      vertex 72.1791 23.7784 0
    endloop
  endfacet
  facet normal 0.248601 -0.968606 0
    outer loop
      vertex 70.4369 23.0886 0
      vertex 71.0451 23.2447 14
      vertex 70.4369 23.0886 14
    endloop
  endfacet
  facet normal 0.248601 -0.968606 0
    outer loop
      vertex 71.0451 23.2447 14
      vertex 70.4369 23.0886 0
      vertex 71.0451 23.2447 0
    endloop
  endfacet
  facet normal -0.684624 0.728896 0
    outer loop
      vertex -72.6871 35.8526 0
      vertex -73.1448 35.4227 14
      vertex -72.6871 35.8526 14
    endloop
  endfacet
  facet normal -0.684624 0.728896 0
    outer loop
      vertex -73.1448 35.4227 14
      vertex -72.6871 35.8526 0
      vertex -73.1448 35.4227 0
    endloop
  endfacet
  facet normal -0.587698 0.80908 0
    outer loop
      vertex -72.1791 36.2216 0
      vertex -72.6871 35.8526 14
      vertex -72.1791 36.2216 14
    endloop
  endfacet
  facet normal -0.587698 0.80908 0
    outer loop
      vertex -72.6871 35.8526 14
      vertex -72.1791 36.2216 0
      vertex -72.6871 35.8526 0
    endloop
  endfacet
  facet normal -0.368203 0.929745 0
    outer loop
      vertex -71.0451 36.7553 0
      vertex -71.6289 36.5241 14
      vertex -71.0451 36.7553 14
    endloop
  endfacet
  facet normal -0.368203 0.929745 0
    outer loop
      vertex -71.6289 36.5241 14
      vertex -71.0451 36.7553 0
      vertex -71.6289 36.5241 0
    endloop
  endfacet
  facet normal -0.844336 0.535814 0
    outer loop
      vertex -73.8815 34.4088 0
      vertex -73.5451 34.9389 14
      vertex -73.5451 34.9389 0
    endloop
  endfacet
  facet normal -0.844336 0.535814 0
    outer loop
      vertex -73.5451 34.9389 14
      vertex -73.8815 34.4088 0
      vertex -73.8815 34.4088 14
    endloop
  endfacet
  facet normal -0.770462 0.637486 0
    outer loop
      vertex -73.5451 34.9389 0
      vertex -73.1448 35.4227 14
      vertex -73.1448 35.4227 0
    endloop
  endfacet
  facet normal -0.770462 0.637486 0
    outer loop
      vertex -73.1448 35.4227 14
      vertex -73.5451 34.9389 0
      vertex -73.5451 34.9389 14
    endloop
  endfacet
  facet normal -0.904811 0.425812 0
    outer loop
      vertex -74.1489 33.8406 0
      vertex -73.8815 34.4088 14
      vertex -73.8815 34.4088 0
    endloop
  endfacet
  facet normal -0.904811 0.425812 0
    outer loop
      vertex -73.8815 34.4088 14
      vertex -74.1489 33.8406 0
      vertex -74.1489 33.8406 14
    endloop
  endfacet
  facet normal 0.982276 0.187441 0
    outer loop
      vertex 74.4606 32.6267 14
      vertex 74.3429 33.2435 0
      vertex 74.3429 33.2435 14
    endloop
  endfacet
  facet normal 0.982276 0.187441 0
    outer loop
      vertex 74.3429 33.2435 0
      vertex 74.4606 32.6267 14
      vertex 74.4606 32.6267 0
    endloop
  endfacet
  facet normal 0.99803 0.0627451 0
    outer loop
      vertex 74.5 32 14
      vertex 74.4606 32.6267 0
      vertex 74.4606 32.6267 14
    endloop
  endfacet
  facet normal 0.99803 0.0627451 0
    outer loop
      vertex 74.4606 32.6267 0
      vertex 74.5 32 14
      vertex 74.5 32 0
    endloop
  endfacet
  facet normal 1 0 0
    outer loop
      vertex -60.5 23.0099 14
      vertex -60.5 20.4891 7.34535
      vertex -60.5 23.0099 0
    endloop
  endfacet
  facet normal 1 0 0
    outer loop
      vertex -60.5 23.0099 14
      vertex -60.5 20.4026 8.0306
      vertex -60.5 20.4891 7.34535
    endloop
  endfacet
  facet normal 1 0 0
    outer loop
      vertex -60.5 23.0099 14
      vertex -60.5 20.2308 8.69959
      vertex -60.5 20.4026 8.0306
    endloop
  endfacet
  facet normal 1 0 0
    outer loop
      vertex -60.5 23.0099 14
      vertex -60.5 19.9765 9.34179
      vertex -60.5 20.2308 8.69959
    endloop
  endfacet
  facet normal 1 0 0
    outer loop
      vertex -60.5 23.0099 14
      vertex -60.5 19.6438 9.94705
      vertex -60.5 19.9765 9.34179
    endloop
  endfacet
  facet normal 1 0 0
    outer loop
      vertex -60.5 23.0099 14
      vertex -60.5 19.2378 10.5058
      vertex -60.5 19.6438 9.94705
    endloop
  endfacet
  facet normal 1 0 0
    outer loop
      vertex -60.5 23.0099 14
      vertex -60.5 18.765 11.0093
      vertex -60.5 19.2378 10.5058
    endloop
  endfacet
  facet normal 1 0 0
    outer loop
      vertex -60.5 23.0099 14
      vertex -60.5 18.2328 11.4496
      vertex -60.5 18.765 11.0093
    endloop
  endfacet
  facet normal 1 0 0
    outer loop
      vertex -60.5 23.0099 14
      vertex -60.5 17.6496 11.8197
      vertex -60.5 18.2328 11.4496
    endloop
  endfacet
  facet normal 1 0 0
    outer loop
      vertex -60.5 23.0099 14
      vertex -60.5 17.0247 12.1138
      vertex -60.5 17.6496 11.8197
    endloop
  endfacet
  facet normal 1 0 0
    outer loop
      vertex -60.5 23.0099 14
      vertex -60.5 16.3678 12.3272
      vertex -60.5 17.0247 12.1138
    endloop
  endfacet
  facet normal 1 0 0
    outer loop
      vertex -60.5 23.0099 14
      vertex -60.5 15.6893 12.4566
      vertex -60.5 16.3678 12.3272
    endloop
  endfacet
  facet normal 1 0 0
    outer loop
      vertex -60.5 23.0099 14
      vertex -60.5 15 12.5
      vertex -60.5 15.6893 12.4566
    endloop
  endfacet
  facet normal 1 0 0
    outer loop
      vertex -60.5 23.0099 14
      vertex -60.5 14.3107 12.4566
      vertex -60.5 15 12.5
    endloop
  endfacet
  facet normal 1 0 0
    outer loop
      vertex -60.5 9.51085 7.34535
      vertex -60.5 -19.2395 14
      vertex -60.5 9.51085 6.65465
    endloop
  endfacet
  facet normal 1 0 0
    outer loop
      vertex -60.5 9.59742 8.0306
      vertex -60.5 -19.2395 14
      vertex -60.5 9.51085 7.34535
    endloop
  endfacet
  facet normal 1 0 0
    outer loop
      vertex -60.5 9.76919 8.69959
      vertex -60.5 -19.2395 14
      vertex -60.5 9.59742 8.0306
    endloop
  endfacet
  facet normal 1 0 0
    outer loop
      vertex -60.5 10.0235 9.34179
      vertex -60.5 -19.2395 14
      vertex -60.5 9.76919 8.69959
    endloop
  endfacet
  facet normal 1 0 0
    outer loop
      vertex -60.5 10.3562 9.94705
      vertex -60.5 -19.2395 14
      vertex -60.5 10.0235 9.34179
    endloop
  endfacet
  facet normal 1 0 0
    outer loop
      vertex -60.5 10.7622 10.5058
      vertex -60.5 -19.2395 14
      vertex -60.5 10.3562 9.94705
    endloop
  endfacet
  facet normal 1 0 0
    outer loop
      vertex -60.5 11.235 11.0093
      vertex -60.5 -19.2395 14
      vertex -60.5 10.7622 10.5058
    endloop
  endfacet
  facet normal 1 0 0
    outer loop
      vertex -60.5 11.7672 11.4496
      vertex -60.5 -19.2395 14
      vertex -60.5 11.235 11.0093
    endloop
  endfacet
  facet normal 1 0 0
    outer loop
      vertex -60.5 12.3504 11.8197
      vertex -60.5 -19.2395 14
      vertex -60.5 11.7672 11.4496
    endloop
  endfacet
  facet normal 1 0 0
    outer loop
      vertex -60.5 12.9753 12.1138
      vertex -60.5 -19.2395 14
      vertex -60.5 12.3504 11.8197
    endloop
  endfacet
  facet normal 1 0 0
    outer loop
      vertex -60.5 13.6322 12.3272
      vertex -60.5 -19.2395 14
      vertex -60.5 12.9753 12.1138
    endloop
  endfacet
  facet normal 1 0 0
    outer loop
      vertex -60.5 14.3107 12.4566
      vertex -60.5 -19.2395 14
      vertex -60.5 13.6322 12.3272
    endloop
  endfacet
  facet normal 1 -0 0
    outer loop
      vertex -60.5 -19.2395 14
      vertex -60.5 14.3107 12.4566
      vertex -60.5 23.0099 14
    endloop
  endfacet
  facet normal 1 -0 0
    outer loop
      vertex -60.5 20.4891 6.65465
      vertex -60.5 23.0099 0
      vertex -60.5 20.4891 7.34535
    endloop
  endfacet
  facet normal 1 -0 0
    outer loop
      vertex -60.5 20.4026 5.9694
      vertex -60.5 23.0099 0
      vertex -60.5 20.4891 6.65465
    endloop
  endfacet
  facet normal 1 -0 0
    outer loop
      vertex -60.5 20.2308 5.30041
      vertex -60.5 23.0099 0
      vertex -60.5 20.4026 5.9694
    endloop
  endfacet
  facet normal 1 -0 0
    outer loop
      vertex -60.5 19.9765 4.65821
      vertex -60.5 23.0099 0
      vertex -60.5 20.2308 5.30041
    endloop
  endfacet
  facet normal 1 -0 0
    outer loop
      vertex -60.5 19.6438 4.05295
      vertex -60.5 23.0099 0
      vertex -60.5 19.9765 4.65821
    endloop
  endfacet
  facet normal 1 -0 0
    outer loop
      vertex -60.5 19.2378 3.49417
      vertex -60.5 23.0099 0
      vertex -60.5 19.6438 4.05295
    endloop
  endfacet
  facet normal 1 -0 0
    outer loop
      vertex -60.5 18.765 2.99067
      vertex -60.5 23.0099 0
      vertex -60.5 19.2378 3.49417
    endloop
  endfacet
  facet normal 1 -0 0
    outer loop
      vertex -60.5 18.2328 2.55041
      vertex -60.5 23.0099 0
      vertex -60.5 18.765 2.99067
    endloop
  endfacet
  facet normal 1 -0 0
    outer loop
      vertex -60.5 17.6496 2.18031
      vertex -60.5 23.0099 0
      vertex -60.5 18.2328 2.55041
    endloop
  endfacet
  facet normal 1 -0 0
    outer loop
      vertex -60.5 17.0247 1.88623
      vertex -60.5 23.0099 0
      vertex -60.5 17.6496 2.18031
    endloop
  endfacet
  facet normal 1 -0 0
    outer loop
      vertex -60.5 16.3678 1.67279
      vertex -60.5 23.0099 0
      vertex -60.5 17.0247 1.88623
    endloop
  endfacet
  facet normal 1 -0 0
    outer loop
      vertex -60.5 15.6893 1.54337
      vertex -60.5 23.0099 0
      vertex -60.5 16.3678 1.67279
    endloop
  endfacet
  facet normal 1 -0 0
    outer loop
      vertex -60.5 15 1.5
      vertex -60.5 23.0099 0
      vertex -60.5 15.6893 1.54337
    endloop
  endfacet
  facet normal 1 0 0
    outer loop
      vertex -60.5 14.3107 1.54337
      vertex -60.5 23.0099 0
      vertex -60.5 15 1.5
    endloop
  endfacet
  facet normal 1 0 0
    outer loop
      vertex -60.5 -19.2395 0
      vertex -60.5 9.51085 6.65465
      vertex -60.5 -19.2395 14
    endloop
  endfacet
  facet normal 1 0 0
    outer loop
      vertex -60.5 9.51085 6.65465
      vertex -60.5 -19.2395 0
      vertex -60.5 9.59742 5.9694
    endloop
  endfacet
  facet normal 1 0 0
    outer loop
      vertex -60.5 9.59742 5.9694
      vertex -60.5 -19.2395 0
      vertex -60.5 9.76919 5.30041
    endloop
  endfacet
  facet normal 1 0 0
    outer loop
      vertex -60.5 9.76919 5.30041
      vertex -60.5 -19.2395 0
      vertex -60.5 10.0235 4.65821
    endloop
  endfacet
  facet normal 1 0 0
    outer loop
      vertex -60.5 10.0235 4.65821
      vertex -60.5 -19.2395 0
      vertex -60.5 10.3562 4.05295
    endloop
  endfacet
  facet normal 1 0 0
    outer loop
      vertex -60.5 10.3562 4.05295
      vertex -60.5 -19.2395 0
      vertex -60.5 10.7622 3.49417
    endloop
  endfacet
  facet normal 1 0 0
    outer loop
      vertex -60.5 10.7622 3.49417
      vertex -60.5 -19.2395 0
      vertex -60.5 11.235 2.99067
    endloop
  endfacet
  facet normal 1 0 0
    outer loop
      vertex -60.5 11.235 2.99067
      vertex -60.5 -19.2395 0
      vertex -60.5 11.7672 2.55041
    endloop
  endfacet
  facet normal 1 0 0
    outer loop
      vertex -60.5 11.7672 2.55041
      vertex -60.5 -19.2395 0
      vertex -60.5 12.3504 2.18031
    endloop
  endfacet
  facet normal 1 0 0
    outer loop
      vertex -60.5 14.3107 1.54337
      vertex -60.5 -19.2395 0
      vertex -60.5 23.0099 0
    endloop
  endfacet
  facet normal 1 0 0
    outer loop
      vertex -60.5 13.6322 1.67279
      vertex -60.5 -19.2395 0
      vertex -60.5 14.3107 1.54337
    endloop
  endfacet
  facet normal 1 0 0
    outer loop
      vertex -60.5 12.9753 1.88623
      vertex -60.5 -19.2395 0
      vertex -60.5 13.6322 1.67279
    endloop
  endfacet
  facet normal 1 0 0
    outer loop
      vertex -60.5 12.3504 2.18031
      vertex -60.5 -19.2395 0
      vertex -60.5 12.9753 1.88623
    endloop
  endfacet
  facet normal -0.998018 -0.0629291 -2.26092e-05
    outer loop
      vertex -74.4606 -32.6267 14
      vertex -74.5 -32 8.87954
      vertex -74.4925 -32.1189 8.75292
    endloop
  endfacet
  facet normal -0.99802 -0.0629019 -1.99598e-05
    outer loop
      vertex -74.4606 -32.6267 14
      vertex -74.4925 -32.1189 8.75292
      vertex -74.4797 -32.3219 8.47352
    endloop
  endfacet
  facet normal -0.998052 -0.0623932 8.20656e-06
    outer loop
      vertex -74.4606 -32.6267 14
      vertex -74.4797 -32.3219 8.47352
      vertex -74.4693 -32.4883 8.17089
    endloop
  endfacet
  facet normal -0.998025 -0.0628137 -1.81732e-06
    outer loop
      vertex -74.4606 -32.6267 14
      vertex -74.4693 -32.4883 8.17089
      vertex -74.4613 -32.6154 7.8498
    endloop
  endfacet
  facet normal -0.998087 -0.0618284 -0
    outer loop
      vertex -74.4606 -32.6267 14
      vertex -74.4613 -32.6154 7.8498
      vertex -74.4606 -32.6267 7.80594
    endloop
  endfacet
  facet normal -0.99803 -0.0627451 0
    outer loop
      vertex -74.5 -32 8.87954
      vertex -74.4606 -32.6267 14
      vertex -74.5 -32 14
    endloop
  endfacet
  facet normal -0.99803 -0.0627451 0
    outer loop
      vertex -74.4606 -32.6267 0
      vertex -74.5 -32 5.12046
      vertex -74.5 -32 0
    endloop
  endfacet
  facet normal -0.998018 -0.0629291 2.26092e-05
    outer loop
      vertex -74.5 -32 5.12046
      vertex -74.4606 -32.6267 0
      vertex -74.4925 -32.1189 5.24708
    endloop
  endfacet
  facet normal -0.99802 -0.0629019 1.99598e-05
    outer loop
      vertex -74.4925 -32.1189 5.24708
      vertex -74.4606 -32.6267 0
      vertex -74.4797 -32.3219 5.52648
    endloop
  endfacet
  facet normal -0.998052 -0.0623932 -8.20656e-06
    outer loop
      vertex -74.4797 -32.3219 5.52648
      vertex -74.4606 -32.6267 0
      vertex -74.4693 -32.4883 5.82911
    endloop
  endfacet
  facet normal -0.998025 -0.0628137 1.81732e-06
    outer loop
      vertex -74.4693 -32.4883 5.82911
      vertex -74.4606 -32.6267 0
      vertex -74.4613 -32.6154 6.1502
    endloop
  endfacet
  facet normal -0.998087 -0.0618284 0
    outer loop
      vertex -74.4613 -32.6154 6.1502
      vertex -74.4606 -32.6267 0
      vertex -74.4606 -32.6267 6.19406
    endloop
  endfacet
  facet normal 0.125328 -0.992115 0
    outer loop
      vertex -65.1861 -36.9901 0
      vertex -64.5631 -36.9114 14
      vertex -65.1861 -36.9901 14
    endloop
  endfacet
  facet normal 0.125328 -0.992115 0
    outer loop
      vertex -64.5631 -36.9114 14
      vertex -65.1861 -36.9901 0
      vertex -64.5631 -36.9114 0
    endloop
  endfacet
  facet normal -0.684624 -0.728896 0
    outer loop
      vertex -73.1448 -35.4227 0
      vertex -72.6871 -35.8526 14
      vertex -73.1448 -35.4227 14
    endloop
  endfacet
  facet normal -0.684624 -0.728896 -0
    outer loop
      vertex -72.6871 -35.8526 14
      vertex -73.1448 -35.4227 0
      vertex -72.6871 -35.8526 0
    endloop
  endfacet
  facet normal -0.125328 -0.992115 0
    outer loop
      vertex -70.4369 -36.9114 0
      vertex -69.8139 -36.9901 14
      vertex -70.4369 -36.9114 14
    endloop
  endfacet
  facet normal -0.125328 -0.992115 -0
    outer loop
      vertex -69.8139 -36.9901 14
      vertex -70.4369 -36.9114 0
      vertex -69.8139 -36.9901 0
    endloop
  endfacet
  facet normal -0.481784 -0.87629 0
    outer loop
      vertex -72.1791 -36.2216 0
      vertex -71.6289 -36.5241 14
      vertex -72.1791 -36.2216 14
    endloop
  endfacet
  facet normal -0.481784 -0.87629 -0
    outer loop
      vertex -71.6289 -36.5241 14
      vertex -72.1791 -36.2216 0
      vertex -71.6289 -36.5241 0
    endloop
  endfacet
  facet normal 0 -1 0
    outer loop
      vertex -69.8139 -36.9901 0
      vertex -65.1861 -36.9901 14
      vertex -69.8139 -36.9901 14
    endloop
  endfacet
  facet normal 0 -1 -0
    outer loop
      vertex -65.1861 -36.9901 14
      vertex -69.8139 -36.9901 0
      vertex -65.1861 -36.9901 0
    endloop
  endfacet
  facet normal -0.368203 -0.929745 0
    outer loop
      vertex -71.6289 -36.5241 0
      vertex -71.0451 -36.7553 14
      vertex -71.6289 -36.5241 14
    endloop
  endfacet
  facet normal -0.368203 -0.929745 -0
    outer loop
      vertex -71.0451 -36.7553 14
      vertex -71.6289 -36.5241 0
      vertex -71.0451 -36.7553 0
    endloop
  endfacet
  facet normal -0.982276 -0.187441 0
    outer loop
      vertex -74.3429 -33.2435 0
      vertex -74.4606 -32.6267 6.19406
      vertex -74.4606 -32.6267 0
    endloop
  endfacet
  facet normal -0.982163 -0.188032 6.09809e-05
    outer loop
      vertex -74.4606 -32.6267 6.19406
      vertex -74.3429 -33.2435 0
      vertex -74.4463 -32.7013 6.4847
    endloop
  endfacet
  facet normal -0.982276 -0.187438 0
    outer loop
      vertex -74.4381 -32.7446 6.82733
      vertex -74.3429 -33.2435 0
      vertex -74.4381 -32.7446 7.17267
    endloop
  endfacet
  facet normal -0.982442 -0.186571 -6.56559e-05
    outer loop
      vertex -74.4463 -32.7013 6.4847
      vertex -74.3429 -33.2435 0
      vertex -74.4381 -32.7446 6.82733
    endloop
  endfacet
  facet normal -0.982163 -0.188032 -6.09809e-05
    outer loop
      vertex -74.3429 -33.2435 14
      vertex -74.4606 -32.6267 7.80594
      vertex -74.4463 -32.7013 7.5153
    endloop
  endfacet
  facet normal -0.982442 -0.186571 6.56559e-05
    outer loop
      vertex -74.3429 -33.2435 14
      vertex -74.4463 -32.7013 7.5153
      vertex -74.4381 -32.7446 7.17267
    endloop
  endfacet
  facet normal -0.982276 -0.187438 -0
    outer loop
      vertex -74.3429 -33.2435 14
      vertex -74.4381 -32.7446 7.17267
      vertex -74.3429 -33.2435 0
    endloop
  endfacet
  facet normal -0.982276 -0.187441 0
    outer loop
      vertex -74.4606 -32.6267 7.80594
      vertex -74.3429 -33.2435 14
      vertex -74.4606 -32.6267 14
    endloop
  endfacet
  facet normal -0.904811 -0.425812 0
    outer loop
      vertex -73.8815 -34.4088 0
      vertex -74.1489 -33.8406 14
      vertex -74.1489 -33.8406 0
    endloop
  endfacet
  facet normal -0.904811 -0.425812 0
    outer loop
      vertex -74.1489 -33.8406 14
      vertex -73.8815 -34.4088 0
      vertex -73.8815 -34.4088 14
    endloop
  endfacet
  facet normal -0.770462 -0.637486 0
    outer loop
      vertex -73.1448 -35.4227 0
      vertex -73.5451 -34.9389 14
      vertex -73.5451 -34.9389 0
    endloop
  endfacet
  facet normal -0.770462 -0.637486 0
    outer loop
      vertex -73.5451 -34.9389 14
      vertex -73.1448 -35.4227 0
      vertex -73.1448 -35.4227 14
    endloop
  endfacet
  facet normal 0.248601 -0.968606 0
    outer loop
      vertex -64.5631 -36.9114 0
      vertex -63.9549 -36.7553 14
      vertex -64.5631 -36.9114 14
    endloop
  endfacet
  facet normal 0.248601 -0.968606 0
    outer loop
      vertex -63.9549 -36.7553 14
      vertex -64.5631 -36.9114 0
      vertex -63.9549 -36.7553 0
    endloop
  endfacet
  facet normal 0.481784 -0.87629 0
    outer loop
      vertex -63.3711 -36.5241 0
      vertex -62.8209 -36.2216 14
      vertex -63.3711 -36.5241 14
    endloop
  endfacet
  facet normal 0.481784 -0.87629 0
    outer loop
      vertex -62.8209 -36.2216 14
      vertex -63.3711 -36.5241 0
      vertex -62.8209 -36.2216 0
    endloop
  endfacet
  facet normal 0.368203 -0.929745 0
    outer loop
      vertex -63.9549 -36.7553 0
      vertex -63.3711 -36.5241 14
      vertex -63.9549 -36.7553 14
    endloop
  endfacet
  facet normal 0.368203 -0.929745 0
    outer loop
      vertex -63.3711 -36.5241 14
      vertex -63.9549 -36.7553 0
      vertex -63.3711 -36.5241 0
    endloop
  endfacet
  facet normal 0.684624 -0.728896 0
    outer loop
      vertex -62.3129 -35.8526 0
      vertex -61.8552 -35.4227 14
      vertex -62.3129 -35.8526 14
    endloop
  endfacet
  facet normal 0.684624 -0.728896 0
    outer loop
      vertex -61.8552 -35.4227 14
      vertex -62.3129 -35.8526 0
      vertex -61.8552 -35.4227 0
    endloop
  endfacet
  facet normal -0.587698 -0.80908 0
    outer loop
      vertex -72.6871 -35.8526 0
      vertex -72.1791 -36.2216 14
      vertex -72.6871 -35.8526 14
    endloop
  endfacet
  facet normal -0.587698 -0.80908 -0
    outer loop
      vertex -72.1791 -36.2216 14
      vertex -72.6871 -35.8526 0
      vertex -72.1791 -36.2216 0
    endloop
  endfacet
  facet normal -0.248601 -0.968606 0
    outer loop
      vertex -71.0451 -36.7553 0
      vertex -70.4369 -36.9114 14
      vertex -71.0451 -36.7553 14
    endloop
  endfacet
  facet normal -0.248601 -0.968606 -0
    outer loop
      vertex -70.4369 -36.9114 14
      vertex -71.0451 -36.7553 0
      vertex -70.4369 -36.9114 0
    endloop
  endfacet
  facet normal -0.951061 -0.309003 0
    outer loop
      vertex -74.1489 -33.8406 0
      vertex -74.3429 -33.2435 14
      vertex -74.3429 -33.2435 0
    endloop
  endfacet
  facet normal -0.951061 -0.309003 0
    outer loop
      vertex -74.3429 -33.2435 14
      vertex -74.1489 -33.8406 0
      vertex -74.1489 -33.8406 14
    endloop
  endfacet
  facet normal -0.844336 -0.535814 0
    outer loop
      vertex -73.5451 -34.9389 0
      vertex -73.8815 -34.4088 14
      vertex -73.8815 -34.4088 0
    endloop
  endfacet
  facet normal -0.844336 -0.535814 0
    outer loop
      vertex -73.8815 -34.4088 14
      vertex -73.5451 -34.9389 0
      vertex -73.5451 -34.9389 14
    endloop
  endfacet
  facet normal 0.587698 -0.80908 0
    outer loop
      vertex -62.8209 -36.2216 0
      vertex -62.3129 -35.8526 14
      vertex -62.8209 -36.2216 14
    endloop
  endfacet
  facet normal 0.587698 -0.80908 0
    outer loop
      vertex -62.3129 -35.8526 14
      vertex -62.8209 -36.2216 0
      vertex -62.3129 -35.8526 0
    endloop
  endfacet
  facet normal 0.770383 -0.637582 0
    outer loop
      vertex -61.8552 -35.4227 14
      vertex -61.486 -34.9766 0
      vertex -61.486 -34.9766 14
    endloop
  endfacet
  facet normal 0.770383 -0.637582 0
    outer loop
      vertex -61.486 -34.9766 0
      vertex -61.8552 -35.4227 14
      vertex -61.8552 -35.4227 0
    endloop
  endfacet
  facet normal 0.406226 -0.913772 0.000850343
    outer loop
      vertex -47.2113 -28.6322 12.3272
      vertex -61.486 -34.9766 14
      vertex -48.7378 -29.3107 12.4566
    endloop
  endfacet
  facet normal 0.406133 -0.913814 -0.00048839
    outer loop
      vertex -61.486 -34.9766 14
      vertex 49.4102 14.3107 12.4566
      vertex 50.9612 15 12.5
    endloop
  endfacet
  facet normal 0.406138 -0.913812 -5.22024e-05
    outer loop
      vertex 47.8837 13.6322 12.3272
      vertex -61.486 -34.9766 14
      vertex -47.2113 -28.6322 12.3272
    endloop
  endfacet
  facet normal 0.406143 -0.913809 0.000328649
    outer loop
      vertex -61.486 -34.9766 14
      vertex 47.8837 13.6322 12.3272
      vertex 49.4102 14.3107 12.4566
    endloop
  endfacet
  facet normal 0.406138 -0.913812 0.00013978
    outer loop
      vertex -45.7332 -27.9753 12.1138
      vertex 47.8837 13.6322 12.3272
      vertex -47.2113 -28.6322 12.3272
    endloop
  endfacet
  facet normal 0.406138 -0.913812 4.91059e-05
    outer loop
      vertex -45.7332 -27.9753 12.1138
      vertex 46.4057 12.9753 12.1138
      vertex 47.8837 13.6322 12.3272
    endloop
  endfacet
  facet normal 0.406138 -0.913812 0.000102518
    outer loop
      vertex -44.3271 -27.3504 11.8197
      vertex 46.4057 12.9753 12.1138
      vertex -45.7332 -27.9753 12.1138
    endloop
  endfacet
  facet normal 0.406139 -0.913811 -0.000246015
    outer loop
      vertex -44.3271 -27.3504 11.8197
      vertex 44.9995 12.3504 11.8197
      vertex 46.4057 12.9753 12.1138
    endloop
  endfacet
  facet normal 0.406139 -0.913811 3.22407e-06
    outer loop
      vertex -43.0149 -26.7672 11.4496
      vertex 44.9995 12.3504 11.8197
      vertex -44.3271 -27.3504 11.8197
    endloop
  endfacet
  facet normal 0.406139 -0.913811 0.000108077
    outer loop
      vertex -43.0149 -26.7672 11.4496
      vertex 43.6874 11.7672 11.4496
      vertex 44.9995 12.3504 11.8197
    endloop
  endfacet
  facet normal 0.406139 -0.913811 -4.48467e-05
    outer loop
      vertex -41.8175 -26.235 11.0093
      vertex 43.6874 11.7672 11.4496
      vertex -43.0149 -26.7672 11.4496
    endloop
  endfacet
  facet normal 0.406139 -0.913811 -4.74308e-05
    outer loop
      vertex -41.8175 -26.235 11.0093
      vertex 42.4899 11.235 11.0093
      vertex 43.6874 11.7672 11.4496
    endloop
  endfacet
  facet normal 0.406139 -0.913811 1.01782e-06
    outer loop
      vertex -40.7537 -25.7622 10.5058
      vertex 42.4899 11.235 11.0093
      vertex -41.8175 -26.235 11.0093
    endloop
  endfacet
  facet normal 0.406139 -0.913811 -1.04417e-06
    outer loop
      vertex -40.7537 -25.7622 10.5058
      vertex 41.4261 10.7622 10.5058
      vertex 42.4899 11.235 11.0093
    endloop
  endfacet
  facet normal 0.406139 -0.913811 8.07979e-07
    outer loop
      vertex -39.8402 -25.3562 9.94705
      vertex 41.4261 10.7622 10.5058
      vertex -40.7537 -25.7622 10.5058
    endloop
  endfacet
  facet normal 0.406138 -0.913812 7.2687e-05
    outer loop
      vertex -39.8402 -25.3562 9.94705
      vertex 40.5127 10.3562 9.94705
      vertex 41.4261 10.7622 10.5058
    endloop
  endfacet
  facet normal 0.406138 -0.913812 1.67754e-05
    outer loop
      vertex -39.0916 -25.0235 9.34179
      vertex 40.5127 10.3562 9.94705
      vertex -39.8402 -25.3562 9.94705
    endloop
  endfacet
  facet normal 0.406139 -0.913811 -8.48325e-05
    outer loop
      vertex -39.0916 -25.0235 9.34179
      vertex 39.764 10.0235 9.34179
      vertex 40.5127 10.3562 9.94705
    endloop
  endfacet
  facet normal 0.406139 -0.913811 -4.67431e-05
    outer loop
      vertex -38.5195 -24.7692 8.69959
      vertex 39.764 10.0235 9.34179
      vertex -39.0916 -25.0235 9.34179
    endloop
  endfacet
  facet normal 0.406138 -0.913812 6.17655e-05
    outer loop
      vertex -38.5195 -24.7692 8.69959
      vertex 39.1919 9.76919 8.69959
      vertex 39.764 10.0235 9.34179
    endloop
  endfacet
  facet normal 0.406138 -0.913812 -3.04225e-05
    outer loop
      vertex -38.133 -24.5974 8.0306
      vertex 39.1919 9.76919 8.69959
      vertex -38.5195 -24.7692 8.69959
    endloop
  endfacet
  facet normal 0.406138 -0.913812 -1.04564e-05
    outer loop
      vertex -38.133 -24.5974 8.0306
      vertex 38.8054 9.59742 8.0306
      vertex 39.1919 9.76919 8.69959
    endloop
  endfacet
  facet normal 0.406138 -0.913812 0.000103638
    outer loop
      vertex -37.9382 -24.5109 7.34535
      vertex 38.8054 9.59742 8.0306
      vertex -38.133 -24.5974 8.0306
    endloop
  endfacet
  facet normal 0.406139 -0.913811 -1.05794e-05
    outer loop
      vertex -37.9382 -24.5109 7.34535
      vertex 38.6106 9.51085 7.34535
      vertex 38.8054 9.59742 8.0306
    endloop
  endfacet
  facet normal 0.406139 -0.913811 0
    outer loop
      vertex -37.9382 -24.5109 6.65465
      vertex 38.6106 9.51085 7.34535
      vertex -37.9382 -24.5109 7.34535
    endloop
  endfacet
  facet normal 0.406139 -0.913811 0
    outer loop
      vertex -37.9382 -24.5109 6.65465
      vertex 38.6106 9.51085 6.65465
      vertex 38.6106 9.51085 7.34535
    endloop
  endfacet
  facet normal 0.406139 -0.913811 -0.000103928
    outer loop
      vertex -38.133 -24.5974 5.9694
      vertex 38.6106 9.51085 6.65465
      vertex -37.9382 -24.5109 6.65465
    endloop
  endfacet
  facet normal 0.406138 -0.913812 1.02895e-05
    outer loop
      vertex -38.133 -24.5974 5.9694
      vertex 38.8054 9.59742 5.9694
      vertex 38.6106 9.51085 6.65465
    endloop
  endfacet
  facet normal 0.406138 -0.913812 3.05223e-05
    outer loop
      vertex -38.5195 -24.7692 5.30041
      vertex 38.8054 9.59742 5.9694
      vertex -38.133 -24.5974 5.9694
    endloop
  endfacet
  facet normal 0.406138 -0.913812 1.05562e-05
    outer loop
      vertex -38.5195 -24.7692 5.30041
      vertex 39.1919 9.76919 5.30041
      vertex 38.8054 9.59742 5.9694
    endloop
  endfacet
  facet normal 0.406138 -0.913812 4.75361e-05
    outer loop
      vertex -39.0916 -25.0235 4.65821
      vertex 39.1919 9.76919 5.30041
      vertex -38.5195 -24.7692 5.30041
    endloop
  endfacet
  facet normal 0.406139 -0.913811 -6.09724e-05
    outer loop
      vertex -39.0916 -25.0235 4.65821
      vertex 39.764 10.0235 4.65821
      vertex 39.1919 9.76919 5.30041
    endloop
  endfacet
  facet normal 0.406139 -0.913811 -1.77309e-05
    outer loop
      vertex -39.8402 -25.3562 4.05295
      vertex 39.764 10.0235 4.65821
      vertex -39.0916 -25.0235 4.65821
    endloop
  endfacet
  facet normal 0.406138 -0.913812 8.38769e-05
    outer loop
      vertex -39.8402 -25.3562 4.05295
      vertex 40.5127 10.3562 4.05295
      vertex 39.764 10.0235 4.65821
    endloop
  endfacet
  facet normal 0.406138 -0.913812 -1.30151e-15
    outer loop
      vertex -40.7537 -25.7622 3.49417
      vertex 40.5127 10.3562 4.05295
      vertex -39.8402 -25.3562 4.05295
    endloop
  endfacet
  facet normal 0.406139 -0.913811 -7.18752e-05
    outer loop
      vertex -40.7537 -25.7622 3.49417
      vertex 41.4261 10.7622 3.49417
      vertex 40.5127 10.3562 4.05295
    endloop
  endfacet
  facet normal 0.406139 -0.913811 -1.04417e-06
    outer loop
      vertex -41.8175 -26.235 2.99067
      vertex 41.4261 10.7622 3.49417
      vertex -40.7537 -25.7622 3.49417
    endloop
  endfacet
  facet normal 0.406139 -0.913811 1.01782e-06
    outer loop
      vertex -41.8175 -26.235 2.99067
      vertex 42.4899 11.235 2.99067
      vertex 41.4261 10.7622 3.49417
    endloop
  endfacet
  facet normal 0.406139 -0.913811 4.48146e-05
    outer loop
      vertex -43.0149 -26.7672 2.55041
      vertex 42.4899 11.235 2.99067
      vertex -41.8175 -26.235 2.99067
    endloop
  endfacet
  facet normal 0.406139 -0.913811 4.7399e-05
    outer loop
      vertex -43.0149 -26.7672 2.55041
      vertex 43.6874 11.7672 2.55041
      vertex 42.4899 11.235 2.99067
    endloop
  endfacet
  facet normal 0.406139 -0.913811 -1.66083e-06
    outer loop
      vertex -44.3271 -27.3504 2.18031
      vertex 43.6874 11.7672 2.55041
      vertex -43.0149 -26.7672 2.55041
    endloop
  endfacet
  facet normal 0.406139 -0.913811 -0.000106514
    outer loop
      vertex -44.3271 -27.3504 2.18031
      vertex 44.9995 12.3504 2.18031
      vertex 43.6874 11.7672 2.55041
    endloop
  endfacet
  facet normal 0.406139 -0.913811 -0.000107926
    outer loop
      vertex -45.7332 -27.9753 1.88623
      vertex 44.9995 12.3504 2.18031
      vertex -44.3271 -27.3504 2.18031
    endloop
  endfacet
  facet normal 0.406138 -0.913812 0.000240629
    outer loop
      vertex -45.7332 -27.9753 1.88623
      vertex 46.4057 12.9753 1.88623
      vertex 44.9995 12.3504 2.18031
    endloop
  endfacet
  facet normal 0.406138 -0.913812 -0.000141185
    outer loop
      vertex -47.2113 -28.6322 1.67279
      vertex 46.4057 12.9753 1.88623
      vertex -45.7332 -27.9753 1.88623
    endloop
  endfacet
  facet normal 0.406138 -0.913812 -5.0528e-05
    outer loop
      vertex -47.2113 -28.6322 1.67279
      vertex 47.8837 13.6322 1.67279
      vertex 46.4057 12.9753 1.88623
    endloop
  endfacet
  facet normal 0.406226 -0.913772 -0.000850706
    outer loop
      vertex -61.486 -34.9766 0
      vertex -47.2113 -28.6322 1.67279
      vertex -48.7378 -29.3107 1.54337
    endloop
  endfacet
  facet normal 0.406138 -0.913812 5.22028e-05
    outer loop
      vertex -47.2113 -28.6322 1.67279
      vertex -61.486 -34.9766 0
      vertex 47.8837 13.6322 1.67279
    endloop
  endfacet
  facet normal 0.406117 -0.913821 0.000236607
    outer loop
      vertex -61.486 -34.9766 0
      vertex -48.7378 -29.3107 1.54337
      vertex -50.2888 -30 1.5
    endloop
  endfacet
  facet normal 0.406143 -0.913809 -0.000328606
    outer loop
      vertex 47.8837 13.6322 1.67279
      vertex -61.486 -34.9766 0
      vertex 49.4102 14.3107 1.54337
    endloop
  endfacet
  facet normal 0.406117 -0.913821 -0.00023665
    outer loop
      vertex -48.7378 -29.3107 12.4566
      vertex -61.486 -34.9766 14
      vertex -50.2888 -30 12.5
    endloop
  endfacet
  facet normal 0.406126 -0.913817 -0.000154869
    outer loop
      vertex -61.486 -34.9766 14
      vertex -51.8398 -30.6893 12.4566
      vertex -50.2888 -30 12.5
    endloop
  endfacet
  facet normal 0.406159 -0.913802 9.7168e-05
    outer loop
      vertex -61.486 -34.9766 14
      vertex -53.3663 -31.3678 12.3272
      vertex -51.8398 -30.6893 12.4566
    endloop
  endfacet
  facet normal 0.406144 -0.913809 5.33055e-06
    outer loop
      vertex -61.486 -34.9766 14
      vertex -54.8443 -32.0247 12.1138
      vertex -53.3663 -31.3678 12.3272
    endloop
  endfacet
  facet normal 0.406116 -0.913822 -0.000111795
    outer loop
      vertex -61.486 -34.9766 14
      vertex -56.2505 -32.6496 11.8197
      vertex -54.8443 -32.0247 12.1138
    endloop
  endfacet
  facet normal 0.40616 -0.913802 1.6549e-05
    outer loop
      vertex -61.486 -34.9766 14
      vertex -57.5626 -33.2328 11.4496
      vertex -56.2505 -32.6496 11.8197
    endloop
  endfacet
  facet normal 0.406134 -0.913813 -3.19194e-05
    outer loop
      vertex -61.486 -34.9766 14
      vertex -58.7601 -33.765 11.0093
      vertex -57.5626 -33.2328 11.4496
    endloop
  endfacet
  facet normal 0.406146 -0.913808 -1.89745e-05
    outer loop
      vertex -61.486 -34.9766 14
      vertex -59.8239 -34.2378 10.5058
      vertex -58.7601 -33.765 11.0093
    endloop
  endfacet
  facet normal 0.406157 -0.913803 -1.24732e-05
    outer loop
      vertex -61.486 -34.9766 14
      vertex -60.5 -34.5383 10.0922
      vertex -59.8239 -34.2378 10.5058
    endloop
  endfacet
  facet normal 0.406045 -0.913853 -4.64357e-05
    outer loop
      vertex -61.486 -34.9766 14
      vertex -60.6058 -34.5853 9.90994
      vertex -60.5 -34.5383 10.0922
    endloop
  endfacet
  facet normal 0.406147 -0.913808 -2.01883e-05
    outer loop
      vertex -61.486 -34.9766 14
      vertex -60.9071 -34.7192 9.25763
      vertex -60.6058 -34.5853 9.90994
    endloop
  endfacet
  facet normal 0.410479 -0.91187 0.000613808
    outer loop
      vertex -61.486 -34.9766 14
      vertex -60.9226 -34.7262 9.22396
      vertex -60.9071 -34.7192 9.25763
    endloop
  endfacet
  facet normal 0.402171 -0.915565 -0.000559961
    outer loop
      vertex -61.486 -34.9766 14
      vertex -60.9354 -34.7318 9.18713
      vertex -60.9226 -34.7262 9.22396
    endloop
  endfacet
  facet normal 0.406199 -0.913785 -8.58838e-06
    outer loop
      vertex -61.486 -34.9766 14
      vertex -61.1489 -34.8267 8.5683
      vertex -60.9354 -34.7318 9.18713
    endloop
  endfacet
  facet normal 0.406329 -0.913727 1.05041e-06
    outer loop
      vertex -61.486 -34.9766 14
      vertex -61.28 -34.885 7.99702
      vertex -61.1489 -34.8267 8.5683
    endloop
  endfacet
  facet normal 0.406665 -0.913578 1.48621e-05
    outer loop
      vertex -61.486 -34.9766 14
      vertex -61.2946 -34.8915 7.9331
      vertex -61.28 -34.885 7.99702
    endloop
  endfacet
  facet normal 0.405888 -0.913923 -1.44908e-05
    outer loop
      vertex -61.486 -34.9766 14
      vertex -61.366 -34.9232 7.30974
      vertex -61.2946 -34.8915 7.9331
    endloop
  endfacet
  facet normal 0.406562 -0.913623 0
    outer loop
      vertex -61.486 -34.9766 14
      vertex -61.366 -34.9232 6.69026
      vertex -61.366 -34.9232 7.30974
    endloop
  endfacet
  facet normal 0.410479 -0.91187 -0.000613808
    outer loop
      vertex -61.486 -34.9766 0
      vertex -60.9071 -34.7192 4.74237
      vertex -60.9226 -34.7262 4.77604
    endloop
  endfacet
  facet normal 0.406139 -0.913811 8.88259e-06
    outer loop
      vertex 68.9834 23.0099 0
      vertex 49.4102 14.3107 1.54337
      vertex -61.486 -34.9766 0
    endloop
  endfacet
  facet normal 0.406126 -0.913817 0.000154887
    outer loop
      vertex -51.8398 -30.6893 1.54337
      vertex -61.486 -34.9766 0
      vertex -50.2888 -30 1.5
    endloop
  endfacet
  facet normal 0.406159 -0.913802 -9.7164e-05
    outer loop
      vertex -53.3663 -31.3678 1.67279
      vertex -61.486 -34.9766 0
      vertex -51.8398 -30.6893 1.54337
    endloop
  endfacet
  facet normal 0.406144 -0.913809 -5.33016e-06
    outer loop
      vertex -54.8443 -32.0247 1.88623
      vertex -61.486 -34.9766 0
      vertex -53.3663 -31.3678 1.67279
    endloop
  endfacet
  facet normal 0.406116 -0.913822 0.000111797
    outer loop
      vertex -56.2505 -32.6496 2.18031
      vertex -61.486 -34.9766 0
      vertex -54.8443 -32.0247 1.88623
    endloop
  endfacet
  facet normal 0.40616 -0.913802 -1.6549e-05
    outer loop
      vertex -57.5626 -33.2328 2.55041
      vertex -61.486 -34.9766 0
      vertex -56.2505 -32.6496 2.18031
    endloop
  endfacet
  facet normal 0.406134 -0.913813 3.19204e-05
    outer loop
      vertex -58.7601 -33.765 2.99067
      vertex -61.486 -34.9766 0
      vertex -57.5626 -33.2328 2.55041
    endloop
  endfacet
  facet normal 0.406146 -0.913808 1.89746e-05
    outer loop
      vertex -59.8239 -34.2378 3.49417
      vertex -61.486 -34.9766 0
      vertex -58.7601 -33.765 2.99067
    endloop
  endfacet
  facet normal 0.406157 -0.913803 1.24733e-05
    outer loop
      vertex -60.5 -34.5383 3.90776
      vertex -61.486 -34.9766 0
      vertex -59.8239 -34.2378 3.49417
    endloop
  endfacet
  facet normal 0.406045 -0.913853 4.6433e-05
    outer loop
      vertex -60.6058 -34.5853 4.09006
      vertex -61.486 -34.9766 0
      vertex -60.5 -34.5383 3.90776
    endloop
  endfacet
  facet normal 0.406147 -0.913808 2.01883e-05
    outer loop
      vertex -60.9071 -34.7192 4.74237
      vertex -61.486 -34.9766 0
      vertex -60.6058 -34.5853 4.09006
    endloop
  endfacet
  facet normal 0.402171 -0.915565 0.000559961
    outer loop
      vertex -60.9354 -34.7318 4.81287
      vertex -61.486 -34.9766 0
      vertex -60.9226 -34.7262 4.77604
    endloop
  endfacet
  facet normal 0.406199 -0.913785 8.58838e-06
    outer loop
      vertex -61.1489 -34.8267 5.4317
      vertex -61.486 -34.9766 0
      vertex -60.9354 -34.7318 4.81287
    endloop
  endfacet
  facet normal 0.406329 -0.913727 -1.05041e-06
    outer loop
      vertex -61.28 -34.885 6.00298
      vertex -61.486 -34.9766 0
      vertex -61.1489 -34.8267 5.4317
    endloop
  endfacet
  facet normal 0.406665 -0.913578 -1.48621e-05
    outer loop
      vertex -61.2946 -34.8915 6.0669
      vertex -61.486 -34.9766 0
      vertex -61.28 -34.885 6.00298
    endloop
  endfacet
  facet normal 0.405888 -0.913923 1.44908e-05
    outer loop
      vertex -61.366 -34.9232 6.69026
      vertex -61.486 -34.9766 0
      vertex -61.2946 -34.8915 6.0669
    endloop
  endfacet
  facet normal 0.406562 -0.913623 0
    outer loop
      vertex -61.486 -34.9766 0
      vertex -61.366 -34.9232 6.69026
      vertex -61.486 -34.9766 14
    endloop
  endfacet
  facet normal 0.406139 -0.913811 1.18917e-05
    outer loop
      vertex -61.486 -34.9766 14
      vertex 50.9612 15 12.5
      vertex 68.9834 23.0099 14
    endloop
  endfacet
  facet normal 0.406127 -0.913817 0.00019179
    outer loop
      vertex 52.5122 15.6893 12.4566
      vertex 68.9834 23.0099 14
      vertex 50.9612 15 12.5
    endloop
  endfacet
  facet normal 0.406155 -0.913804 -0.00016562
    outer loop
      vertex 54.0387 16.3678 12.3272
      vertex 68.9834 23.0099 14
      vertex 52.5122 15.6893 12.4566
    endloop
  endfacet
  facet normal 0.406131 -0.913815 8.30538e-05
    outer loop
      vertex 55.5168 17.0247 12.1138
      vertex 68.9834 23.0099 14
      vertex 54.0387 16.3678 12.3272
    endloop
  endfacet
  facet normal 0.406133 -0.913814 7.06679e-05
    outer loop
      vertex 56.9229 17.6496 11.8197
      vertex 68.9834 23.0099 14
      vertex 55.5168 17.0247 12.1138
    endloop
  endfacet
  facet normal 0.406141 -0.91381 1.27329e-05
    outer loop
      vertex 58.2351 18.2328 11.4496
      vertex 68.9834 23.0099 14
      vertex 56.9229 17.6496 11.8197
    endloop
  endfacet
  facet normal 0.406147 -0.913808 -1.71018e-05
    outer loop
      vertex 59.4325 18.765 11.0093
      vertex 68.9834 23.0099 14
      vertex 58.2351 18.2328 11.4496
    endloop
  endfacet
  facet normal 0.406141 -0.91381 6.7589e-06
    outer loop
      vertex 60.4963 19.2378 10.5058
      vertex 68.9834 23.0099 14
      vertex 59.4325 18.765 11.0093
    endloop
  endfacet
  facet normal 0.406141 -0.91381 5.84512e-06
    outer loop
      vertex 61.4098 19.6438 9.94705
      vertex 68.9834 23.0099 14
      vertex 60.4963 19.2378 10.5058
    endloop
  endfacet
  facet normal 0.406137 -0.913812 1.5083e-05
    outer loop
      vertex 62.1584 19.9765 9.34179
      vertex 68.9834 23.0099 14
      vertex 61.4098 19.6438 9.94705
    endloop
  endfacet
  facet normal 0.40616 -0.913802 -2.45514e-05
    outer loop
      vertex 62.7305 20.2308 8.69959
      vertex 68.9834 23.0099 14
      vertex 62.1584 19.9765 9.34179
    endloop
  endfacet
  facet normal 0.406156 -0.913804 -1.84865e-05
    outer loop
      vertex 63.117 20.4026 8.0306
      vertex 68.9834 23.0099 14
      vertex 62.7305 20.2308 8.69959
    endloop
  endfacet
  facet normal 0.406071 -0.913841 8.08332e-05
    outer loop
      vertex 63.3118 20.4891 7.34535
      vertex 68.9834 23.0099 14
      vertex 63.117 20.4026 8.0306
    endloop
  endfacet
  facet normal 0.40615 -0.913806 0
    outer loop
      vertex 63.3118 20.4891 6.65465
      vertex 68.9834 23.0099 14
      vertex 63.3118 20.4891 7.34535
    endloop
  endfacet
  facet normal 0.406071 -0.913841 -8.08332e-05
    outer loop
      vertex 68.9834 23.0099 0
      vertex 63.3118 20.4891 6.65465
      vertex 63.117 20.4026 5.9694
    endloop
  endfacet
  facet normal 0.406156 -0.913804 1.84865e-05
    outer loop
      vertex 68.9834 23.0099 0
      vertex 63.117 20.4026 5.9694
      vertex 62.7305 20.2308 5.30041
    endloop
  endfacet
  facet normal 0.40615 -0.913806 0
    outer loop
      vertex 63.3118 20.4891 6.65465
      vertex 68.9834 23.0099 0
      vertex 68.9834 23.0099 14
    endloop
  endfacet
  facet normal 0.40616 -0.913802 2.45514e-05
    outer loop
      vertex 62.1584 19.9765 4.65821
      vertex 68.9834 23.0099 0
      vertex 62.7305 20.2308 5.30041
    endloop
  endfacet
  facet normal 0.406137 -0.913812 -1.5083e-05
    outer loop
      vertex 61.4098 19.6438 4.05295
      vertex 68.9834 23.0099 0
      vertex 62.1584 19.9765 4.65821
    endloop
  endfacet
  facet normal 0.406141 -0.91381 -5.84495e-06
    outer loop
      vertex 60.4963 19.2378 3.49417
      vertex 68.9834 23.0099 0
      vertex 61.4098 19.6438 4.05295
    endloop
  endfacet
  facet normal 0.406141 -0.91381 -6.75892e-06
    outer loop
      vertex 59.4325 18.765 2.99067
      vertex 68.9834 23.0099 0
      vertex 60.4963 19.2378 3.49417
    endloop
  endfacet
  facet normal 0.406147 -0.913808 1.71027e-05
    outer loop
      vertex 58.2351 18.2328 2.55041
      vertex 68.9834 23.0099 0
      vertex 59.4325 18.765 2.99067
    endloop
  endfacet
  facet normal 0.406141 -0.91381 -1.27329e-05
    outer loop
      vertex 56.9229 17.6496 2.18031
      vertex 68.9834 23.0099 0
      vertex 58.2351 18.2328 2.55041
    endloop
  endfacet
  facet normal 0.406133 -0.913814 -7.06703e-05
    outer loop
      vertex 55.5168 17.0247 1.88623
      vertex 68.9834 23.0099 0
      vertex 56.9229 17.6496 2.18031
    endloop
  endfacet
  facet normal 0.406131 -0.913815 -8.30452e-05
    outer loop
      vertex 54.0387 16.3678 1.67279
      vertex 68.9834 23.0099 0
      vertex 55.5168 17.0247 1.88623
    endloop
  endfacet
  facet normal 0.406155 -0.913804 0.000165609
    outer loop
      vertex 52.5122 15.6893 1.54337
      vertex 68.9834 23.0099 0
      vertex 54.0387 16.3678 1.67279
    endloop
  endfacet
  facet normal 0.406127 -0.913817 -0.000191823
    outer loop
      vertex 50.9612 15 1.5
      vertex 68.9834 23.0099 0
      vertex 52.5122 15.6893 1.54337
    endloop
  endfacet
  facet normal 0.406113 -0.913823 -0.00038593
    outer loop
      vertex 49.4102 14.3107 1.54337
      vertex 68.9834 23.0099 0
      vertex 50.9612 15 1.5
    endloop
  endfacet
  facet normal -0.406194 0.913787 -0.000196067
    outer loop
      vertex -60.5 -19.2395 14
      vertex -51.936 -15.4332 11.4645
      vertex -52.5 -15.6839 11.5
    endloop
  endfacet
  facet normal -0.406138 0.913812 -5.5759e-05
    outer loop
      vertex -51.3809 -15.1865 11.3586
      vertex 10.5771 12.3504 11.8197
      vertex 9.26495 11.7672 11.4496
    endloop
  endfacet
  facet normal -0.406083 0.913836 0.000252555
    outer loop
      vertex -60.5 -19.2395 14
      vertex -51.3809 -15.1865 11.3586
      vertex -51.936 -15.4332 11.4645
    endloop
  endfacet
  facet normal -0.406138 0.913812 -0.00046257
    outer loop
      vertex 9.26495 11.7672 11.4496
      vertex -50.8434 -14.9477 11.184
      vertex -51.3809 -15.1865 11.3586
    endloop
  endfacet
  facet normal -0.406139 0.913811 -1.54178e-05
    outer loop
      vertex 8.06752 11.235 11.0093
      vertex -50.8434 -14.9477 11.184
      vertex 9.26495 11.7672 11.4496
    endloop
  endfacet
  facet normal -0.406139 0.913811 0.000210056
    outer loop
      vertex 8.06752 11.235 11.0093
      vertex -50.3321 -14.7204 10.9434
      vertex -50.8434 -14.9477 11.184
    endloop
  endfacet
  facet normal -0.406139 0.913811 2.46986e-05
    outer loop
      vertex 7.00369 10.7622 10.5058
      vertex -50.3321 -14.7204 10.9434
      vertex 8.06752 11.235 11.0093
    endloop
  endfacet
  facet normal -0.406138 0.913812 0.000169023
    outer loop
      vertex -50.3321 -14.7204 10.9434
      vertex 7.00369 10.7622 10.5058
      vertex -49.855 -14.5083 10.6406
    endloop
  endfacet
  facet normal -0.406138 0.913812 -3.69593e-05
    outer loop
      vertex 6.09024 10.3562 9.94705
      vertex -49.855 -14.5083 10.6406
      vertex 7.00369 10.7622 10.5058
    endloop
  endfacet
  facet normal -0.406139 0.913811 -0.000142062
    outer loop
      vertex -49.855 -14.5083 10.6406
      vertex 6.09024 10.3562 9.94705
      vertex -49.4195 -14.3148 10.2804
    endloop
  endfacet
  facet normal -0.406138 0.913812 7.00269e-05
    outer loop
      vertex 5.34156 10.0235 9.34179
      vertex -49.4195 -14.3148 10.2804
      vertex 6.09024 10.3562 9.94705
    endloop
  endfacet
  facet normal -0.40614 0.913811 -2.58618e-05
    outer loop
      vertex -49.4195 -14.3148 10.2804
      vertex 5.34156 10.0235 9.34179
      vertex -49.0327 -14.1429 9.86841
    endloop
  endfacet
  facet normal -0.40614 0.913811 -6.64797e-05
    outer loop
      vertex 4.76947 9.76919 8.69959
      vertex -49.0327 -14.1429 9.86841
      vertex 5.34156 10.0235 9.34179
    endloop
  endfacet
  facet normal -0.40614 0.913811 -9.04394e-05
    outer loop
      vertex -49.0327 -14.1429 9.86841
      vertex 4.76947 9.76919 8.69959
      vertex -48.7005 -13.9953 9.41122
    endloop
  endfacet
  facet normal -0.406139 0.913811 4.07516e-05
    outer loop
      vertex -48.7005 -13.9953 9.41122
      vertex 4.76947 9.76919 8.69959
      vertex -48.4283 -13.8743 8.91601
    endloop
  endfacet
  facet normal -0.406139 0.913811 -1.15116e-06
    outer loop
      vertex 4.38299 9.59742 8.0306
      vertex -48.4283 -13.8743 8.91601
      vertex 4.76947 9.76919 8.69959
    endloop
  endfacet
  facet normal -0.406139 0.913811 1.9208e-05
    outer loop
      vertex -48.4283 -13.8743 8.91601
      vertex 4.38299 9.59742 8.0306
      vertex -48.2202 -13.7818 8.39058
    endloop
  endfacet
  facet normal -0.406138 0.913812 9.28017e-05
    outer loop
      vertex 4.38299 9.59742 8.0306
      vertex -48.0797 -13.7193 7.84321
      vertex -48.2202 -13.7818 8.39058
    endloop
  endfacet
  facet normal -0.406138 0.913812 -1.63741e-06
    outer loop
      vertex 4.18821 9.51085 7.34535
      vertex -48.0797 -13.7193 7.84321
      vertex 4.38299 9.59742 8.0306
    endloop
  endfacet
  facet normal -0.406139 0.913811 -0.000108721
    outer loop
      vertex 4.18821 9.51085 7.34535
      vertex -48.0089 -13.6879 7.28256
      vertex -48.0797 -13.7193 7.84321
    endloop
  endfacet
  facet normal -0.406139 0.913811 0
    outer loop
      vertex 4.18821 9.51085 7.34535
      vertex -48.0089 -13.6879 6.71744
      vertex -48.0089 -13.6879 7.28256
    endloop
  endfacet
  facet normal -0.406139 0.913811 0
    outer loop
      vertex 4.18821 9.51085 6.65465
      vertex -48.0089 -13.6879 6.71744
      vertex 4.18821 9.51085 7.34535
    endloop
  endfacet
  facet normal -0.406139 0.913811 0.000108721
    outer loop
      vertex 4.18821 9.51085 6.65465
      vertex -48.0797 -13.7193 6.15679
      vertex -48.0089 -13.6879 6.71744
    endloop
  endfacet
  facet normal -0.406138 0.913812 1.63741e-06
    outer loop
      vertex 4.38299 9.59742 5.9694
      vertex -48.0797 -13.7193 6.15679
      vertex 4.18821 9.51085 6.65465
    endloop
  endfacet
  facet normal -0.406138 0.913812 -9.28017e-05
    outer loop
      vertex 4.38299 9.59742 5.9694
      vertex -48.2202 -13.7818 5.60942
      vertex -48.0797 -13.7193 6.15679
    endloop
  endfacet
  facet normal -0.406139 0.913811 1.15116e-06
    outer loop
      vertex -48.4283 -13.8743 5.08399
      vertex 4.38299 9.59742 5.9694
      vertex 4.76947 9.76919 5.30041
    endloop
  endfacet
  facet normal -0.406139 0.913811 -1.9208e-05
    outer loop
      vertex 4.38299 9.59742 5.9694
      vertex -48.4283 -13.8743 5.08399
      vertex -48.2202 -13.7818 5.60942
    endloop
  endfacet
  facet normal -0.40614 0.913811 6.64797e-05
    outer loop
      vertex -49.0327 -14.1429 4.13159
      vertex 4.76947 9.76919 5.30041
      vertex 5.34156 10.0235 4.65821
    endloop
  endfacet
  facet normal -0.406139 0.913811 -4.07516e-05
    outer loop
      vertex 4.76947 9.76919 5.30041
      vertex -48.7005 -13.9953 4.58878
      vertex -48.4283 -13.8743 5.08399
    endloop
  endfacet
  facet normal -0.40614 0.913811 9.04394e-05
    outer loop
      vertex 4.76947 9.76919 5.30041
      vertex -49.0327 -14.1429 4.13159
      vertex -48.7005 -13.9953 4.58878
    endloop
  endfacet
  facet normal -0.406138 0.913812 -7.0027e-05
    outer loop
      vertex -49.4195 -14.3148 3.71964
      vertex 5.34156 10.0235 4.65821
      vertex 6.09024 10.3562 4.05295
    endloop
  endfacet
  facet normal -0.40614 0.913811 2.58644e-05
    outer loop
      vertex 5.34156 10.0235 4.65821
      vertex -49.4195 -14.3148 3.71964
      vertex -49.0327 -14.1429 4.13159
    endloop
  endfacet
  facet normal -0.406138 0.913812 3.69574e-05
    outer loop
      vertex -49.855 -14.5083 3.35942
      vertex 6.09024 10.3562 4.05295
      vertex 7.00369 10.7622 3.49417
    endloop
  endfacet
  facet normal -0.406139 0.913811 0.000142054
    outer loop
      vertex 6.09024 10.3562 4.05295
      vertex -49.855 -14.5083 3.35942
      vertex -49.4195 -14.3148 3.71964
    endloop
  endfacet
  facet normal -0.406138 0.913812 -0.000169022
    outer loop
      vertex 7.00369 10.7622 3.49417
      vertex -50.3321 -14.7204 3.05662
      vertex -49.855 -14.5083 3.35942
    endloop
  endfacet
  facet normal -0.406139 0.913811 -2.46987e-05
    outer loop
      vertex 8.06752 11.235 2.99067
      vertex -50.3321 -14.7204 3.05662
      vertex 7.00369 10.7622 3.49417
    endloop
  endfacet
  facet normal -0.406139 0.913811 -0.000210047
    outer loop
      vertex 8.06752 11.235 2.99067
      vertex -50.8434 -14.9477 2.81601
      vertex -50.3321 -14.7204 3.05662
    endloop
  endfacet
  facet normal -0.406139 0.913811 1.54192e-05
    outer loop
      vertex 9.26495 11.7672 2.55041
      vertex -50.8434 -14.9477 2.81601
      vertex 8.06752 11.235 2.99067
    endloop
  endfacet
  facet normal -0.406138 0.913812 0.000462491
    outer loop
      vertex -50.8434 -14.9477 2.81601
      vertex 9.26495 11.7672 2.55041
      vertex -51.3809 -15.1865 2.64138
    endloop
  endfacet
  facet normal -0.406138 0.913812 5.57589e-05
    outer loop
      vertex 10.5771 12.3504 2.18031
      vertex -51.3809 -15.1865 2.64138
      vertex 9.26495 11.7672 2.55041
    endloop
  endfacet
  facet normal -0.406139 0.913811 -2.19347e-05
    outer loop
      vertex -60.5 -19.2395 0
      vertex -51.3809 -15.1865 2.64138
      vertex 10.5771 12.3504 2.18031
    endloop
  endfacet
  facet normal -0.406083 0.913836 -0.000252561
    outer loop
      vertex -51.3809 -15.1865 2.64138
      vertex -60.5 -19.2395 0
      vertex -51.936 -15.4332 2.53548
    endloop
  endfacet
  facet normal -0.406113 0.913823 -0.000386065
    outer loop
      vertex 14.9878 14.3107 12.4566
      vertex 34.561 23.0099 14
      vertex 16.5388 15 12.5
    endloop
  endfacet
  facet normal -0.406127 0.913817 -0.00019179
    outer loop
      vertex 34.561 23.0099 14
      vertex 18.0898 15.6893 12.4566
      vertex 16.5388 15 12.5
    endloop
  endfacet
  facet normal -0.406155 0.913804 0.00016562
    outer loop
      vertex 34.561 23.0099 14
      vertex 19.6163 16.3678 12.3272
      vertex 18.0898 15.6893 12.4566
    endloop
  endfacet
  facet normal -0.406141 0.91381 2.4151e-05
    outer loop
      vertex 34.561 23.0099 14
      vertex 21.0943 17.0247 12.1138
      vertex 19.6163 16.3678 12.3272
    endloop
  endfacet
  facet normal -0.406122 0.913819 -0.000144738
    outer loop
      vertex 34.561 23.0099 14
      vertex 22.5005 17.6496 11.8197
      vertex 21.0943 17.0247 12.1138
    endloop
  endfacet
  facet normal -0.406152 0.913806 5.41432e-05
    outer loop
      vertex 34.561 23.0099 14
      vertex 23.8126 18.2328 11.4496
      vertex 22.5005 17.6496 11.8197
    endloop
  endfacet
  facet normal -0.406134 0.913813 -3.27156e-05
    outer loop
      vertex 34.561 23.0099 14
      vertex 25.0101 18.765 11.0093
      vertex 23.8126 18.2328 11.4496
    endloop
  endfacet
  facet normal -0.406141 0.91381 -6.7589e-06
    outer loop
      vertex 34.561 23.0099 14
      vertex 26.0739 19.2378 10.5058
      vertex 25.0101 18.765 11.0093
    endloop
  endfacet
  facet normal -0.406156 0.913804 3.76013e-05
    outer loop
      vertex 34.561 23.0099 14
      vertex 26.9873 19.6438 9.94705
      vertex 26.0739 19.2378 10.5058
    endloop
  endfacet
  facet normal -0.406117 0.913821 -5.14671e-05
    outer loop
      vertex 34.561 23.0099 14
      vertex 27.736 19.9765 9.34179
      vertex 26.9873 19.6438 9.94705
    endloop
  endfacet
  facet normal -0.40616 0.913802 2.45514e-05
    outer loop
      vertex 34.561 23.0099 14
      vertex 28.3081 20.2308 8.69959
      vertex 27.736 19.9765 9.34179
    endloop
  endfacet
  facet normal -0.406156 0.913804 1.84865e-05
    outer loop
      vertex 34.561 23.0099 14
      vertex 28.6946 20.4026 8.0306
      vertex 28.3081 20.2308 8.69959
    endloop
  endfacet
  facet normal -0.406071 0.913841 -8.08332e-05
    outer loop
      vertex 34.561 23.0099 14
      vertex 28.8894 20.4891 7.34535
      vertex 28.6946 20.4026 8.0306
    endloop
  endfacet
  facet normal -0.40615 0.913806 0
    outer loop
      vertex 34.561 23.0099 14
      vertex 28.8894 20.4891 6.65465
      vertex 28.8894 20.4891 7.34535
    endloop
  endfacet
  facet normal -0.40615 0.913806 0
    outer loop
      vertex 34.561 23.0099 0
      vertex 28.8894 20.4891 6.65465
      vertex 34.561 23.0099 14
    endloop
  endfacet
  facet normal -0.406071 0.913841 8.08332e-05
    outer loop
      vertex 28.8894 20.4891 6.65465
      vertex 34.561 23.0099 0
      vertex 28.6946 20.4026 5.9694
    endloop
  endfacet
  facet normal -0.406127 0.913817 0.000191823
    outer loop
      vertex 18.0898 15.6893 1.54337
      vertex 34.561 23.0099 0
      vertex 16.5388 15 1.5
    endloop
  endfacet
  facet normal -0.406155 0.913804 -0.000165609
    outer loop
      vertex 19.6163 16.3678 1.67279
      vertex 34.561 23.0099 0
      vertex 18.0898 15.6893 1.54337
    endloop
  endfacet
  facet normal -0.406141 0.91381 -2.41485e-05
    outer loop
      vertex 21.0943 17.0247 1.88623
      vertex 34.561 23.0099 0
      vertex 19.6163 16.3678 1.67279
    endloop
  endfacet
  facet normal -0.406122 0.913819 0.000144743
    outer loop
      vertex 22.5005 17.6496 2.18031
      vertex 34.561 23.0099 0
      vertex 21.0943 17.0247 1.88623
    endloop
  endfacet
  facet normal -0.406152 0.913806 -5.41431e-05
    outer loop
      vertex 23.8126 18.2328 2.55041
      vertex 34.561 23.0099 0
      vertex 22.5005 17.6496 2.18031
    endloop
  endfacet
  facet normal -0.406134 0.913813 3.27173e-05
    outer loop
      vertex 25.0101 18.765 2.99067
      vertex 34.561 23.0099 0
      vertex 23.8126 18.2328 2.55041
    endloop
  endfacet
  facet normal -0.406141 0.91381 6.75892e-06
    outer loop
      vertex 26.0739 19.2378 3.49417
      vertex 34.561 23.0099 0
      vertex 25.0101 18.765 2.99067
    endloop
  endfacet
  facet normal -0.406156 0.913804 -3.76003e-05
    outer loop
      vertex 26.9873 19.6438 4.05295
      vertex 34.561 23.0099 0
      vertex 26.0739 19.2378 3.49417
    endloop
  endfacet
  facet normal -0.406117 0.913821 5.14671e-05
    outer loop
      vertex 27.736 19.9765 4.65821
      vertex 34.561 23.0099 0
      vertex 26.9873 19.6438 4.05295
    endloop
  endfacet
  facet normal -0.40616 0.913802 -2.45514e-05
    outer loop
      vertex 28.3081 20.2308 5.30041
      vertex 34.561 23.0099 0
      vertex 27.736 19.9765 4.65821
    endloop
  endfacet
  facet normal -0.406156 0.913804 -1.84865e-05
    outer loop
      vertex 28.6946 20.4026 5.9694
      vertex 34.561 23.0099 0
      vertex 28.3081 20.2308 5.30041
    endloop
  endfacet
  facet normal -0.406139 0.913811 8.1273e-06
    outer loop
      vertex 34.561 23.0099 14
      vertex 14.9878 14.3107 12.4566
      vertex -60.5 -19.2395 14
    endloop
  endfacet
  facet normal -0.406144 0.913809 -0.000308419
    outer loop
      vertex 13.4613 13.6322 12.3272
      vertex -60.5 -19.2395 14
      vertex 14.9878 14.3107 12.4566
    endloop
  endfacet
  facet normal -0.406139 0.913811 -4.03137e-05
    outer loop
      vertex 11.9833 12.9753 12.1138
      vertex -60.5 -19.2395 14
      vertex 13.4613 13.6322 12.3272
    endloop
  endfacet
  facet normal -0.406134 0.913814 0.000214926
    outer loop
      vertex 10.5771 12.3504 11.8197
      vertex -60.5 -19.2395 14
      vertex 11.9833 12.9753 12.1138
    endloop
  endfacet
  facet normal -0.406139 0.913811 2.19345e-05
    outer loop
      vertex -51.3809 -15.1865 11.3586
      vertex -60.5 -19.2395 14
      vertex 10.5771 12.3504 11.8197
    endloop
  endfacet
  facet normal -0.406177 0.913795 -0.000130326
    outer loop
      vertex -53.064 -15.9346 11.4645
      vertex -60.5 -19.2395 14
      vertex -52.5 -15.6839 11.5
    endloop
  endfacet
  facet normal -0.406129 0.913816 3.6966e-05
    outer loop
      vertex -53.6191 -16.1813 11.3586
      vertex -60.5 -19.2395 14
      vertex -53.064 -15.9346 11.4645
    endloop
  endfacet
  facet normal -0.406148 0.913807 -2.249e-05
    outer loop
      vertex -54.1566 -16.4202 11.184
      vertex -60.5 -19.2395 14
      vertex -53.6191 -16.1813 11.3586
    endloop
  endfacet
  facet normal -0.406107 0.913826 8.86115e-05
    outer loop
      vertex -54.6679 -16.6474 10.9434
      vertex -60.5 -19.2395 14
      vertex -54.1566 -16.4202 11.184
    endloop
  endfacet
  facet normal -0.406183 0.913792 -8.43148e-05
    outer loop
      vertex -55.145 -16.8595 10.6406
      vertex -60.5 -19.2395 14
      vertex -54.6679 -16.6474 10.9434
    endloop
  endfacet
  facet normal -0.406096 0.91383 8.01513e-05
    outer loop
      vertex -55.5805 -17.053 10.2804
      vertex -60.5 -19.2395 14
      vertex -55.145 -16.8595 10.6406
    endloop
  endfacet
  facet normal -0.406134 0.913813 2.00797e-05
    outer loop
      vertex -55.9673 -17.2249 9.86841
      vertex -60.5 -19.2395 14
      vertex -55.5805 -17.053 10.2804
    endloop
  endfacet
  facet normal -0.406196 0.913786 -6.09231e-05
    outer loop
      vertex -56.2995 -17.3726 9.41122
      vertex -60.5 -19.2395 14
      vertex -55.9673 -17.2249 9.86841
    endloop
  endfacet
  facet normal -0.406163 0.913801 -2.47911e-05
    outer loop
      vertex -56.5717 -17.4936 8.91601
      vertex -60.5 -19.2395 14
      vertex -56.2995 -17.3726 9.41122
    endloop
  endfacet
  facet normal -0.406027 0.913861 0.000101534
    outer loop
      vertex -56.7798 -17.586 8.39058
      vertex -60.5 -19.2395 14
      vertex -56.5717 -17.4936 8.91601
    endloop
  endfacet
  facet normal -0.406234 0.913769 -6.33293e-05
    outer loop
      vertex -56.9203 -17.6485 7.84321
      vertex -60.5 -19.2395 14
      vertex -56.7798 -17.586 8.39058
    endloop
  endfacet
  facet normal -0.406206 0.913781 -4.40458e-05
    outer loop
      vertex -56.9911 -17.68 7.28256
      vertex -60.5 -19.2395 14
      vertex -56.9203 -17.6485 7.84321
    endloop
  endfacet
  facet normal -0.406136 0.913813 0
    outer loop
      vertex -56.9911 -17.68 6.71744
      vertex -60.5 -19.2395 14
      vertex -56.9911 -17.68 7.28256
    endloop
  endfacet
  facet normal -0.406206 0.913781 4.40458e-05
    outer loop
      vertex -60.5 -19.2395 0
      vertex -56.9911 -17.68 6.71744
      vertex -56.9203 -17.6485 6.15679
    endloop
  endfacet
  facet normal -0.406234 0.913769 6.33293e-05
    outer loop
      vertex -60.5 -19.2395 0
      vertex -56.9203 -17.6485 6.15679
      vertex -56.7798 -17.586 5.60942
    endloop
  endfacet
  facet normal -0.406027 0.913861 -0.000101534
    outer loop
      vertex -60.5 -19.2395 0
      vertex -56.7798 -17.586 5.60942
      vertex -56.5717 -17.4936 5.08399
    endloop
  endfacet
  facet normal -0.406134 0.913814 -0.000214938
    outer loop
      vertex -60.5 -19.2395 0
      vertex 10.5771 12.3504 2.18031
      vertex 11.9833 12.9753 1.88623
    endloop
  endfacet
  facet normal -0.406139 0.913811 4.03072e-05
    outer loop
      vertex -60.5 -19.2395 0
      vertex 11.9833 12.9753 1.88623
      vertex 13.4613 13.6322 1.67279
    endloop
  endfacet
  facet normal -0.406144 0.913809 0.000308381
    outer loop
      vertex -60.5 -19.2395 0
      vertex 13.4613 13.6322 1.67279
      vertex 14.9878 14.3107 1.54337
    endloop
  endfacet
  facet normal -0.406113 0.913823 0.00038593
    outer loop
      vertex 34.561 23.0099 0
      vertex 14.9878 14.3107 1.54337
      vertex 16.5388 15 1.5
    endloop
  endfacet
  facet normal -0.406139 0.913811 -8.12746e-06
    outer loop
      vertex 14.9878 14.3107 1.54337
      vertex 34.561 23.0099 0
      vertex -60.5 -19.2395 0
    endloop
  endfacet
  facet normal -0.406136 0.913813 0
    outer loop
      vertex -56.9911 -17.68 6.71744
      vertex -60.5 -19.2395 0
      vertex -60.5 -19.2395 14
    endloop
  endfacet
  facet normal -0.406163 0.913801 2.47911e-05
    outer loop
      vertex -56.2995 -17.3726 4.58878
      vertex -60.5 -19.2395 0
      vertex -56.5717 -17.4936 5.08399
    endloop
  endfacet
  facet normal -0.406196 0.913786 6.09231e-05
    outer loop
      vertex -55.9673 -17.2249 4.13159
      vertex -60.5 -19.2395 0
      vertex -56.2995 -17.3726 4.58878
    endloop
  endfacet
  facet normal -0.406134 0.913813 -2.00808e-05
    outer loop
      vertex -55.5805 -17.053 3.71964
      vertex -60.5 -19.2395 0
      vertex -55.9673 -17.2249 4.13159
    endloop
  endfacet
  facet normal -0.406096 0.91383 -8.01486e-05
    outer loop
      vertex -55.145 -16.8595 3.35942
      vertex -60.5 -19.2395 0
      vertex -55.5805 -17.053 3.71964
    endloop
  endfacet
  facet normal -0.406183 0.913792 8.43145e-05
    outer loop
      vertex -54.6679 -16.6474 3.05662
      vertex -60.5 -19.2395 0
      vertex -55.145 -16.8595 3.35942
    endloop
  endfacet
  facet normal -0.406107 0.913826 -8.86094e-05
    outer loop
      vertex -54.1566 -16.4202 2.81601
      vertex -60.5 -19.2395 0
      vertex -54.6679 -16.6474 3.05662
    endloop
  endfacet
  facet normal -0.406148 0.913807 2.24883e-05
    outer loop
      vertex -53.6191 -16.1813 2.64138
      vertex -60.5 -19.2395 0
      vertex -54.1566 -16.4202 2.81601
    endloop
  endfacet
  facet normal -0.406129 0.913816 -3.69662e-05
    outer loop
      vertex -53.064 -15.9346 2.53548
      vertex -60.5 -19.2395 0
      vertex -53.6191 -16.1813 2.64138
    endloop
  endfacet
  facet normal -0.406177 0.913795 0.000130339
    outer loop
      vertex -52.5 -15.6839 2.5
      vertex -60.5 -19.2395 0
      vertex -53.064 -15.9346 2.53548
    endloop
  endfacet
  facet normal -0.406194 0.913787 0.000196039
    outer loop
      vertex -51.936 -15.4332 2.53548
      vertex -60.5 -19.2395 0
      vertex -52.5 -15.6839 2.5
    endloop
  endfacet
  facet normal 0.547029 -0.0525663 0.835462
    outer loop
      vertex -60.5 -30 1.5
      vertex -60.5 -29.3107 1.54337
      vertex -64.7 -30 4.25
    endloop
  endfacet
  facet normal 0.547027 -0.0525467 0.835464
    outer loop
      vertex -60.5 -29.3107 1.54337
      vertex -64.7 -29.6553 4.27168
      vertex -64.7 -30 4.25
    endloop
  endfacet
  facet normal 0.547027 -0.677236 0.49205
    outer loop
      vertex -60.5 -25.7622 3.49417
      vertex -64.7 -27.6781 5.52648
      vertex -64.7 -27.8811 5.24708
    endloop
  endfacet
  facet normal 0.547029 -0.810805 -0.208216
    outer loop
      vertex -64.7 -27.2987 7.5153
      vertex -60.5 -24.5974 8.0306
      vertex -64.7 -27.3846 7.8498
    endloop
  endfacet
  facet normal 0.547029 0.0525663 0.835462
    outer loop
      vertex -60.5 -30.6893 1.54337
      vertex -60.5 -30 1.5
      vertex -64.7 -30 4.25
    endloop
  endfacet
  facet normal 0.547027 0.533601 0.645005
    outer loop
      vertex -64.7 -31.8825 4.99534
      vertex -60.5 -33.2328 2.55041
      vertex -64.7 -31.6164 4.7752
    endloop
  endfacet
  facet normal 0.547029 0.533586 0.645016
    outer loop
      vertex -60.5 -33.2328 2.55041
      vertex -64.7 -31.8825 4.99534
      vertex -60.5 -33.765 2.99067
    endloop
  endfacet
  facet normal 0.547027 0.810791 -0.208277
    outer loop
      vertex -61.1489 -34.8267 8.5683
      vertex -61.28 -34.885 7.99702
      vertex -64.7 -32.6154 7.8498
    endloop
  endfacet
  facet normal 0.547028 -0.44854 -0.706804
    outer loop
      vertex -60.5 -26.7672 11.4496
      vertex -60.5 -27.3504 11.8197
      vertex -64.7 -28.3836 9.2248
    endloop
  endfacet
  facet normal 0.547029 0.258718 0.796131
    outer loop
      vertex -64.7 -31.0123 4.44312
      vertex -60.5 -31.3678 1.67279
      vertex -64.7 -30.6839 4.3364
    endloop
  endfacet
  facet normal 0.547032 0.258682 0.796141
    outer loop
      vertex -60.5 -31.3678 1.67279
      vertex -64.7 -31.0123 4.44312
      vertex -60.5 -32.0247 1.88623
    endloop
  endfacet
  facet normal 0.547027 0.156847 0.82229
    outer loop
      vertex -60.5 -31.3678 1.67279
      vertex -60.5 -30.6893 1.54337
      vertex -64.7 -30.3447 4.27168
    endloop
  endfacet
  facet normal 0.547033 0.356402 0.757451
    outer loop
      vertex -64.7 -31.3248 4.59016
      vertex -60.5 -32.0247 1.88623
      vertex -64.7 -31.0123 4.44312
    endloop
  endfacet
  facet normal 0.547029 0.35645 0.757432
    outer loop
      vertex -60.5 -32.0247 1.88623
      vertex -64.7 -31.3248 4.59016
      vertex -60.5 -32.6496 2.18031
    endloop
  endfacet
  facet normal 0.547027 0.44854 0.706805
    outer loop
      vertex -60.5 -33.2328 2.55041
      vertex -60.5 -32.6496 2.18031
      vertex -64.7 -31.6164 4.7752
    endloop
  endfacet
  facet normal 0.547016 0.830517 0.104957
    outer loop
      vertex -61.366 -34.9232 6.69026
      vertex -64.7 -32.7013 6.4847
      vertex -64.7 -32.7446 6.82733
    endloop
  endfacet
  facet normal 0.547022 0.830521 0.104891
    outer loop
      vertex -64.7 -32.7013 6.4847
      vertex -61.366 -34.9232 6.69026
      vertex -61.2946 -34.8915 6.0669
    endloop
  endfacet
  facet normal 0.547027 0.733585 0.403254
    outer loop
      vertex -60.9071 -34.7192 4.74237
      vertex -60.6058 -34.5853 4.09006
      vertex -64.7 -32.3219 5.52648
    endloop
  endfacet
  facet normal 0.54703 0.448522 -0.706814
    outer loop
      vertex -64.7 -31.3248 9.40984
      vertex -60.5 -32.6496 11.8197
      vertex -64.7 -31.6164 9.2248
    endloop
  endfacet
  facet normal 0.547024 0.610231 -0.573046
    outer loop
      vertex -64.7 -31.8825 9.00466
      vertex -60.5 -34.2378 10.5058
      vertex -64.7 -32.1189 8.75292
    endloop
  endfacet
  facet normal 0.547027 0.778358 -0.308092
    outer loop
      vertex -60.9354 -34.7318 9.18713
      vertex -61.1489 -34.8267 8.5683
      vertex -64.7 -32.6154 7.8498
    endloop
  endfacet
  facet normal 0.547029 -0.810805 0.208216
    outer loop
      vertex -60.5 -24.5974 5.9694
      vertex -64.7 -27.2987 6.4847
      vertex -64.7 -27.3846 6.1502
    endloop
  endfacet
  facet normal 0.547029 -0.35645 0.757432
    outer loop
      vertex -64.7 -28.6752 4.59016
      vertex -60.5 -27.9753 1.88623
      vertex -60.5 -27.3504 2.18031
    endloop
  endfacet
  facet normal 0.547033 -0.356402 0.757451
    outer loop
      vertex -60.5 -27.9753 1.88623
      vertex -64.7 -28.6752 4.59016
      vertex -64.7 -28.9877 4.44312
    endloop
  endfacet
  facet normal 0.547028 -0.733592 -0.403242
    outer loop
      vertex -60.5 -25.0235 9.34179
      vertex -60.5 -25.3562 9.94705
      vertex -64.7 -27.6781 8.47352
    endloop
  endfacet
  facet normal 0.547028 -0.533601 -0.645004
    outer loop
      vertex -64.7 -28.1175 9.00466
      vertex -60.5 -26.7672 11.4496
      vertex -64.7 -28.3836 9.2248
    endloop
  endfacet
  facet normal 0.547026 -0.533616 -0.644993
    outer loop
      vertex -60.5 -26.7672 11.4496
      vertex -64.7 -28.1175 9.00466
      vertex -60.5 -26.235 11.0093
    endloop
  endfacet
  facet normal 0.547023 -0.0525469 -0.835467
    outer loop
      vertex -64.7 -29.6553 9.72832
      vertex -60.5 -29.3107 12.4566
      vertex -64.7 -30 9.75
    endloop
  endfacet
  facet normal 0.547027 0.0525467 0.835464
    outer loop
      vertex -60.5 -30.6893 1.54337
      vertex -64.7 -30 4.25
      vertex -64.7 -30.3447 4.27168
    endloop
  endfacet
  facet normal 0.547028 0.778353 0.308103
    outer loop
      vertex -60.9354 -34.7318 4.81287
      vertex -64.7 -32.4883 5.82911
      vertex -64.7 -32.6154 6.1502
    endloop
  endfacet
  facet normal 0.547036 0.778211 0.308445
    outer loop
      vertex -64.7 -32.4883 5.82911
      vertex -60.9354 -34.7318 4.81287
      vertex -60.9226 -34.7262 4.77604
    endloop
  endfacet
  facet normal 0.547028 0.610241 0.573032
    outer loop
      vertex -60.5 -34.2378 3.49417
      vertex -60.5 -33.765 2.99067
      vertex -64.7 -31.8825 4.99534
    endloop
  endfacet
  facet normal 0.547023 0.156824 -0.822297
    outer loop
      vertex -60.5 -30.6893 12.4566
      vertex -60.5 -31.3678 12.3272
      vertex -64.7 -30.3447 9.72832
    endloop
  endfacet
  facet normal 0.547029 0.156893 -0.82228
    outer loop
      vertex -64.7 -30.3447 9.72832
      vertex -60.5 -31.3678 12.3272
      vertex -64.7 -30.6839 9.6636
    endloop
  endfacet
  facet normal 0.547031 0.356469 -0.757421
    outer loop
      vertex -64.7 -31.3248 9.40984
      vertex -60.5 -32.0247 12.1138
      vertex -60.5 -32.6496 11.8197
    endloop
  endfacet
  facet normal 0.547037 0.356401 -0.757449
    outer loop
      vertex -60.5 -32.0247 12.1138
      vertex -64.7 -31.3248 9.40984
      vertex -64.7 -31.0123 9.55688
    endloop
  endfacet
  facet normal 0.547026 0.610242 -0.573034
    outer loop
      vertex -60.5 -33.765 11.0093
      vertex -60.5 -34.2378 10.5058
      vertex -64.7 -31.8825 9.00466
    endloop
  endfacet
  facet normal 0.547017 0.837122 0
    outer loop
      vertex -61.366 -34.9232 7.30974
      vertex -64.7 -32.7446 6.82733
      vertex -64.7 -32.7446 7.17267
    endloop
  endfacet
  facet normal 0.547017 0.837122 0
    outer loop
      vertex -64.7 -32.7446 6.82733
      vertex -61.366 -34.9232 7.30974
      vertex -61.366 -34.9232 6.69026
    endloop
  endfacet
  facet normal 0.547036 0.778211 -0.308445
    outer loop
      vertex -60.9354 -34.7318 9.18713
      vertex -64.7 -32.4883 8.17089
      vertex -60.9226 -34.7262 9.22396
    endloop
  endfacet
  facet normal 0.547028 0.778353 -0.308103
    outer loop
      vertex -64.7 -32.4883 8.17089
      vertex -60.9354 -34.7318 9.18713
      vertex -64.7 -32.6154 7.8498
    endloop
  endfacet
  facet normal 0.547032 -0.258682 0.796141
    outer loop
      vertex -64.7 -28.9877 4.44312
      vertex -60.5 -28.6322 1.67279
      vertex -60.5 -27.9753 1.88623
    endloop
  endfacet
  facet normal 0.547029 -0.258718 0.796131
    outer loop
      vertex -60.5 -28.6322 1.67279
      vertex -64.7 -28.9877 4.44312
      vertex -64.7 -29.3161 4.3364
    endloop
  endfacet
  facet normal 0.547028 -0.610241 0.573032
    outer loop
      vertex -60.5 -26.235 2.99067
      vertex -60.5 -25.7622 3.49417
      vertex -64.7 -28.1175 4.99534
    endloop
  endfacet
  facet normal 0.547027 -0.778316 -0.308199
    outer loop
      vertex -60.5 -24.7692 8.69959
      vertex -60.5 -25.0235 9.34179
      vertex -64.7 -27.3846 7.8498
    endloop
  endfacet
  facet normal 0.547028 -0.830524 -0.104838
    outer loop
      vertex -64.7 -27.2987 7.5153
      vertex -60.5 -24.5109 7.34535
      vertex -60.5 -24.5974 8.0306
    endloop
  endfacet
  facet normal 0.547018 -0.830515 -0.104957
    outer loop
      vertex -60.5 -24.5109 7.34535
      vertex -64.7 -27.2987 7.5153
      vertex -64.7 -27.2554 7.17267
    endloop
  endfacet
  facet normal 0.547024 -0.610231 -0.573046
    outer loop
      vertex -64.7 -27.8811 8.75292
      vertex -60.5 -25.7622 10.5058
      vertex -64.7 -28.1175 9.00466
    endloop
  endfacet
  facet normal 0.547028 -0.677214 -0.492079
    outer loop
      vertex -60.5 -25.3562 9.94705
      vertex -60.5 -25.7622 10.5058
      vertex -64.7 -27.6781 8.47352
    endloop
  endfacet
  facet normal 0.547023 -0.156824 -0.822297
    outer loop
      vertex -60.5 -28.6322 12.3272
      vertex -60.5 -29.3107 12.4566
      vertex -64.7 -29.6553 9.72832
    endloop
  endfacet
  facet normal 0.547023 0.0525469 -0.835467
    outer loop
      vertex -64.7 -30 9.75
      vertex -60.5 -30.6893 12.4566
      vertex -64.7 -30.3447 9.72832
    endloop
  endfacet
  facet normal 0.547031 0.156892 0.822279
    outer loop
      vertex -60.5 -31.3678 1.67279
      vertex -64.7 -30.3447 4.27168
      vertex -64.7 -30.6839 4.3364
    endloop
  endfacet
  facet normal 0.547029 0.448522 0.706815
    outer loop
      vertex -60.5 -32.6496 2.18031
      vertex -64.7 -31.3248 4.59016
      vertex -64.7 -31.6164 4.7752
    endloop
  endfacet
  facet normal 0.547027 0.810791 0.208277
    outer loop
      vertex -61.28 -34.885 6.00298
      vertex -61.1489 -34.8267 5.4317
      vertex -64.7 -32.6154 6.1502
    endloop
  endfacet
  facet normal 0.547027 0.778358 0.308092
    outer loop
      vertex -61.1489 -34.8267 5.4317
      vertex -60.9354 -34.7318 4.81287
      vertex -64.7 -32.6154 6.1502
    endloop
  endfacet
  facet normal 0.547022 0.81081 0.208217
    outer loop
      vertex -61.2946 -34.8915 6.0669
      vertex -64.7 -32.6154 6.1502
      vertex -64.7 -32.7013 6.4847
    endloop
  endfacet
  facet normal 0.547102 0.810958 0.20743
    outer loop
      vertex -64.7 -32.6154 6.1502
      vertex -61.2946 -34.8915 6.0669
      vertex -61.28 -34.885 6.00298
    endloop
  endfacet
  facet normal 0.547025 0.733542 0.403335
    outer loop
      vertex -60.9226 -34.7262 4.77604
      vertex -64.7 -32.3219 5.52648
      vertex -64.7 -32.4883 5.82911
    endloop
  endfacet
  facet normal 0.546936 0.733132 0.404201
    outer loop
      vertex -64.7 -32.3219 5.52648
      vertex -60.9226 -34.7262 4.77604
      vertex -60.9071 -34.7192 4.74237
    endloop
  endfacet
  facet normal 0.547 0.677247 0.492064
    outer loop
      vertex -60.5 -34.2378 3.49417
      vertex -60.6058 -34.5853 4.09006
      vertex -60.5 -34.5383 3.90776
    endloop
  endfacet
  facet normal 0.547028 0.677229 0.492058
    outer loop
      vertex -60.6058 -34.5853 4.09006
      vertex -60.5 -34.2378 3.49417
      vertex -64.7 -32.3219 5.52648
    endloop
  endfacet
  facet normal 0.547027 0.61023 0.573045
    outer loop
      vertex -60.5 -34.2378 3.49417
      vertex -64.7 -31.8825 4.99534
      vertex -64.7 -32.1189 5.24708
    endloop
  endfacet
  facet normal 0.547027 0.677236 0.49205
    outer loop
      vertex -60.5 -34.2378 3.49417
      vertex -64.7 -32.1189 5.24708
      vertex -64.7 -32.3219 5.52648
    endloop
  endfacet
  facet normal 0.547034 0.258638 -0.796153
    outer loop
      vertex -64.7 -31.0123 9.55688
      vertex -60.5 -31.3678 12.3272
      vertex -60.5 -32.0247 12.1138
    endloop
  endfacet
  facet normal 0.547027 0.258719 -0.796132
    outer loop
      vertex -60.5 -31.3678 12.3272
      vertex -64.7 -31.0123 9.55688
      vertex -64.7 -30.6839 9.6636
    endloop
  endfacet
  facet normal 0.547022 0.830521 -0.104891
    outer loop
      vertex -61.366 -34.9232 7.30974
      vertex -64.7 -32.7013 7.5153
      vertex -61.2946 -34.8915 7.9331
    endloop
  endfacet
  facet normal 0.547016 0.830517 -0.104957
    outer loop
      vertex -64.7 -32.7013 7.5153
      vertex -61.366 -34.9232 7.30974
      vertex -64.7 -32.7446 7.17267
    endloop
  endfacet
  facet normal 0.547025 0.677237 -0.492051
    outer loop
      vertex -64.7 -32.1189 8.75292
      vertex -60.5 -34.2378 10.5058
      vertex -64.7 -32.3219 8.47352
    endloop
  endfacet
  facet normal 0.547018 -0.733546 0.403338
    outer loop
      vertex -60.5 -25.0235 4.65821
      vertex -64.7 -27.5117 5.82911
      vertex -64.7 -27.6781 5.52648
    endloop
  endfacet
  facet normal 0.547018 -0.837121 0
    outer loop
      vertex -64.7 -27.2554 6.82733
      vertex -60.5 -24.5109 7.34535
      vertex -64.7 -27.2554 7.17267
    endloop
  endfacet
  facet normal 0.547018 -0.837121 0
    outer loop
      vertex -60.5 -24.5109 7.34535
      vertex -64.7 -27.2554 6.82733
      vertex -60.5 -24.5109 6.65465
    endloop
  endfacet
  facet normal 0.547027 -0.156847 0.82229
    outer loop
      vertex -60.5 -29.3107 1.54337
      vertex -60.5 -28.6322 1.67279
      vertex -64.7 -29.6553 4.27168
    endloop
  endfacet
  facet normal 0.547031 -0.156892 0.822279
    outer loop
      vertex -60.5 -28.6322 1.67279
      vertex -64.7 -29.3161 4.3364
      vertex -64.7 -29.6553 4.27168
    endloop
  endfacet
  facet normal 0.547027 -0.44854 0.706805
    outer loop
      vertex -60.5 -27.3504 2.18031
      vertex -60.5 -26.7672 2.55041
      vertex -64.7 -28.3836 4.7752
    endloop
  endfacet
  facet normal 0.547029 -0.533586 0.645016
    outer loop
      vertex -64.7 -28.1175 4.99534
      vertex -60.5 -26.7672 2.55041
      vertex -60.5 -26.235 2.99067
    endloop
  endfacet
  facet normal 0.547027 -0.533601 0.645005
    outer loop
      vertex -60.5 -26.7672 2.55041
      vertex -64.7 -28.1175 4.99534
      vertex -64.7 -28.3836 4.7752
    endloop
  endfacet
  facet normal 0.547029 -0.810805 -0.208219
    outer loop
      vertex -60.5 -24.5974 8.0306
      vertex -60.5 -24.7692 8.69959
      vertex -64.7 -27.3846 7.8498
    endloop
  endfacet
  facet normal 0.547026 -0.610242 -0.573034
    outer loop
      vertex -60.5 -25.7622 10.5058
      vertex -60.5 -26.235 11.0093
      vertex -64.7 -28.1175 9.00466
    endloop
  endfacet
  facet normal 0.547018 -0.733546 -0.403338
    outer loop
      vertex -64.7 -27.5117 8.17089
      vertex -60.5 -25.0235 9.34179
      vertex -64.7 -27.6781 8.47352
    endloop
  endfacet
  facet normal 0.547018 -0.778359 -0.308105
    outer loop
      vertex -64.7 -27.3846 7.8498
      vertex -60.5 -25.0235 9.34179
      vertex -64.7 -27.5117 8.17089
    endloop
  endfacet
  facet normal 0.547025 -0.677237 -0.492051
    outer loop
      vertex -64.7 -27.6781 8.47352
      vertex -60.5 -25.7622 10.5058
      vertex -64.7 -27.8811 8.75292
    endloop
  endfacet
  facet normal 0.547037 -0.356401 -0.757449
    outer loop
      vertex -64.7 -28.6752 9.40984
      vertex -60.5 -27.9753 12.1138
      vertex -64.7 -28.9877 9.55688
    endloop
  endfacet
  facet normal 0.547031 -0.356469 -0.757421
    outer loop
      vertex -60.5 -27.9753 12.1138
      vertex -64.7 -28.6752 9.40984
      vertex -60.5 -27.3504 11.8197
    endloop
  endfacet
  facet normal 0.547028 0.0526026 -0.83546
    outer loop
      vertex -60.5 -30 12.5
      vertex -60.5 -30.6893 12.4566
      vertex -64.7 -30 9.75
    endloop
  endfacet
  facet normal 0.547028 -0.0526026 -0.83546
    outer loop
      vertex -60.5 -29.3107 12.4566
      vertex -60.5 -30 12.5
      vertex -64.7 -30 9.75
    endloop
  endfacet
  facet normal 0.547026 0.533616 -0.644993
    outer loop
      vertex -64.7 -31.8825 9.00466
      vertex -60.5 -33.2328 11.4496
      vertex -60.5 -33.765 11.0093
    endloop
  endfacet
  facet normal 0.547028 0.533601 -0.645004
    outer loop
      vertex -60.5 -33.2328 11.4496
      vertex -64.7 -31.8825 9.00466
      vertex -64.7 -31.6164 9.2248
    endloop
  endfacet
  facet normal 0.547028 0.44854 -0.706804
    outer loop
      vertex -60.5 -32.6496 11.8197
      vertex -60.5 -33.2328 11.4496
      vertex -64.7 -31.6164 9.2248
    endloop
  endfacet
  facet normal 0.547102 0.810958 -0.20743
    outer loop
      vertex -61.2946 -34.8915 7.9331
      vertex -64.7 -32.6154 7.8498
      vertex -61.28 -34.885 7.99702
    endloop
  endfacet
  facet normal 0.547022 0.81081 -0.208217
    outer loop
      vertex -64.7 -32.6154 7.8498
      vertex -61.2946 -34.8915 7.9331
      vertex -64.7 -32.7013 7.5153
    endloop
  endfacet
  facet normal 0.546936 0.733132 -0.404201
    outer loop
      vertex -60.9226 -34.7262 9.22396
      vertex -64.7 -32.3219 8.47352
      vertex -60.9071 -34.7192 9.25763
    endloop
  endfacet
  facet normal 0.547025 0.733542 -0.403335
    outer loop
      vertex -64.7 -32.3219 8.47352
      vertex -60.9226 -34.7262 9.22396
      vertex -64.7 -32.4883 8.17089
    endloop
  endfacet
  facet normal 0.546859 0.677328 -0.492111
    outer loop
      vertex -60.6058 -34.5853 9.90994
      vertex -60.5 -34.2378 10.5058
      vertex -60.5 -34.5383 10.0922
    endloop
  endfacet
  facet normal 0.547027 0.677217 -0.492076
    outer loop
      vertex -60.5 -34.2378 10.5058
      vertex -60.6058 -34.5853 9.90994
      vertex -64.7 -32.3219 8.47352
    endloop
  endfacet
  facet normal 0.547027 0.733585 -0.403254
    outer loop
      vertex -60.6058 -34.5853 9.90994
      vertex -60.9071 -34.7192 9.25763
      vertex -64.7 -32.3219 8.47352
    endloop
  endfacet
  facet normal 0.547028 -0.733592 0.403242
    outer loop
      vertex -60.5 -25.3562 4.05295
      vertex -60.5 -25.0235 4.65821
      vertex -64.7 -27.6781 5.52648
    endloop
  endfacet
  facet normal 0.547028 -0.677227 0.492061
    outer loop
      vertex -60.5 -25.7622 3.49417
      vertex -60.5 -25.3562 4.05295
      vertex -64.7 -27.6781 5.52648
    endloop
  endfacet
  facet normal 0.547027 -0.778316 0.308199
    outer loop
      vertex -60.5 -25.0235 4.65821
      vertex -60.5 -24.7692 5.30041
      vertex -64.7 -27.3846 6.1502
    endloop
  endfacet
  facet normal 0.547029 -0.810805 0.208219
    outer loop
      vertex -60.5 -24.7692 5.30041
      vertex -60.5 -24.5974 5.9694
      vertex -64.7 -27.3846 6.1502
    endloop
  endfacet
  facet normal 0.54703 -0.448522 -0.706814
    outer loop
      vertex -64.7 -28.3836 9.2248
      vertex -60.5 -27.3504 11.8197
      vertex -64.7 -28.6752 9.40984
    endloop
  endfacet
  facet normal 0.547029 -0.156893 -0.82228
    outer loop
      vertex -64.7 -29.3161 9.6636
      vertex -60.5 -28.6322 12.3272
      vertex -64.7 -29.6553 9.72832
    endloop
  endfacet
  facet normal 0.547027 -0.258719 -0.796132
    outer loop
      vertex -64.7 -28.9877 9.55688
      vertex -60.5 -28.6322 12.3272
      vertex -64.7 -29.3161 9.6636
    endloop
  endfacet
  facet normal 0.547034 -0.258638 -0.796153
    outer loop
      vertex -60.5 -28.6322 12.3272
      vertex -64.7 -28.9877 9.55688
      vertex -60.5 -27.9753 12.1138
    endloop
  endfacet
  facet normal 0.547018 -0.778359 0.308105
    outer loop
      vertex -60.5 -25.0235 4.65821
      vertex -64.7 -27.3846 6.1502
      vertex -64.7 -27.5117 5.82911
    endloop
  endfacet
  facet normal 0.547018 -0.830515 0.104957
    outer loop
      vertex -64.7 -27.2987 6.4847
      vertex -60.5 -24.5109 6.65465
      vertex -64.7 -27.2554 6.82733
    endloop
  endfacet
  facet normal 0.547028 -0.830524 0.104838
    outer loop
      vertex -60.5 -24.5109 6.65465
      vertex -64.7 -27.2987 6.4847
      vertex -60.5 -24.5974 5.9694
    endloop
  endfacet
  facet normal 0.547029 -0.448522 0.706815
    outer loop
      vertex -60.5 -27.3504 2.18031
      vertex -64.7 -28.3836 4.7752
      vertex -64.7 -28.6752 4.59016
    endloop
  endfacet
  facet normal 0.547027 -0.61023 0.573045
    outer loop
      vertex -60.5 -25.7622 3.49417
      vertex -64.7 -27.8811 5.24708
      vertex -64.7 -28.1175 4.99534
    endloop
  endfacet
  facet normal 0 -0.0627947 0.998026
    outer loop
      vertex -60.5 -29.3107 1.54337
      vertex -50.2888 -30 1.5
      vertex -48.7378 -29.3107 1.54337
    endloop
  endfacet
  facet normal 0 -0.0627947 0.998026
    outer loop
      vertex -50.2888 -30 1.5
      vertex -60.5 -29.3107 1.54337
      vertex -60.5 -30 1.5
    endloop
  endfacet
  facet normal 0 -0.062838 -0.998024
    outer loop
      vertex -60.5 -29.3107 12.4566
      vertex -50.2888 -30 12.5
      vertex -60.5 -30 12.5
    endloop
  endfacet
  facet normal 0 -0.062838 -0.998024
    outer loop
      vertex -50.2888 -30 12.5
      vertex -60.5 -29.3107 12.4566
      vertex -48.7378 -29.3107 12.4566
    endloop
  endfacet
  facet normal 0 -1 0
    outer loop
      vertex -60.5 -24.5109 7.34535
      vertex -56.9911 -24.5109 7.28256
      vertex -56.9832 -24.5109 7.34535
    endloop
  endfacet
  facet normal 0 -1 0
    outer loop
      vertex -60.5 -24.5109 7.34535
      vertex -56.9911 -24.5109 6.71744
      vertex -56.9911 -24.5109 7.28256
    endloop
  endfacet
  facet normal 0 -1 0
    outer loop
      vertex -60.5 -24.5109 6.65465
      vertex -56.9911 -24.5109 6.71744
      vertex -60.5 -24.5109 7.34535
    endloop
  endfacet
  facet normal 0 -1 -0
    outer loop
      vertex -56.9911 -24.5109 6.71744
      vertex -60.5 -24.5109 6.65465
      vertex -56.9832 -24.5109 6.65465
    endloop
  endfacet
  facet normal 0 -1 0
    outer loop
      vertex -48.0089 -24.5109 7.28256
      vertex -37.9382 -24.5109 7.34535
      vertex -48.0168 -24.5109 7.34535
    endloop
  endfacet
  facet normal 0 -1 0
    outer loop
      vertex -48.0089 -24.5109 6.71744
      vertex -37.9382 -24.5109 7.34535
      vertex -48.0089 -24.5109 7.28256
    endloop
  endfacet
  facet normal 0 -1 0
    outer loop
      vertex -37.9382 -24.5109 6.65465
      vertex -48.0089 -24.5109 6.71744
      vertex -48.0168 -24.5109 6.65465
    endloop
  endfacet
  facet normal 0 -1 0
    outer loop
      vertex -48.0089 -24.5109 6.71744
      vertex -37.9382 -24.5109 6.65465
      vertex -37.9382 -24.5109 7.34535
    endloop
  endfacet
  facet normal 0 -0.728982 0.684533
    outer loop
      vertex -60.5 -26.235 2.99067
      vertex -55.3079 -25.7622 3.49417
      vertex -60.5 -25.7622 3.49417
    endloop
  endfacet
  facet normal 1.59028e-05 -0.729063 0.684446
    outer loop
      vertex -55.3079 -25.7622 3.49417
      vertex -60.5 -26.235 2.99067
      vertex -55.145 -25.8887 3.35942
    endloop
  endfacet
  facet normal -5.21512e-06 -0.72891 0.684609
    outer loop
      vertex -55.145 -25.8887 3.35942
      vertex -60.5 -26.235 2.99067
      vertex -54.6679 -26.1731 3.05662
    endloop
  endfacet
  facet normal 0 -0.729141 0.684364
    outer loop
      vertex -54.6679 -26.1731 3.05662
      vertex -60.5 -26.235 2.99067
      vertex -54.5277 -26.235 2.99067
    endloop
  endfacet
  facet normal -1.08742e-05 -0.729066 0.684443
    outer loop
      vertex -41.8175 -26.235 2.99067
      vertex -49.6921 -25.7622 3.49417
      vertex -49.855 -25.8887 3.35942
    endloop
  endfacet
  facet normal 3.59192e-06 -0.728909 0.68461
    outer loop
      vertex -41.8175 -26.235 2.99067
      vertex -49.855 -25.8887 3.35942
      vertex -50.3321 -26.1731 3.05662
    endloop
  endfacet
  facet normal 0 -0.729141 0.684364
    outer loop
      vertex -41.8175 -26.235 2.99067
      vertex -50.3321 -26.1731 3.05662
      vertex -50.4723 -26.235 2.99067
    endloop
  endfacet
  facet normal 0 -0.728982 0.684533
    outer loop
      vertex -49.6921 -25.7622 3.49417
      vertex -41.8175 -26.235 2.99067
      vertex -40.7537 -25.7622 3.49417
    endloop
  endfacet
  facet normal 0 -0.728882 -0.68464
    outer loop
      vertex -60.5 -26.235 11.0093
      vertex -54.6679 -26.1731 10.9434
      vertex -54.5277 -26.235 11.0093
    endloop
  endfacet
  facet normal 5.51525e-07 -0.728906 -0.684614
    outer loop
      vertex -60.5 -26.235 11.0093
      vertex -55.145 -25.8887 10.6406
      vertex -54.6679 -26.1731 10.9434
    endloop
  endfacet
  facet normal -0 -0.728982 -0.684533
    outer loop
      vertex -55.3079 -25.7622 10.5058
      vertex -60.5 -26.235 11.0093
      vertex -60.5 -25.7622 10.5058
    endloop
  endfacet
  facet normal 3.79456e-05 -0.729177 -0.684325
    outer loop
      vertex -60.5 -26.235 11.0093
      vertex -55.3079 -25.7622 10.5058
      vertex -55.145 -25.8887 10.6406
    endloop
  endfacet
  facet normal 0 -0.728882 -0.68464
    outer loop
      vertex -50.3321 -26.1731 10.9434
      vertex -41.8175 -26.235 11.0093
      vertex -50.4723 -26.235 11.0093
    endloop
  endfacet
  facet normal -3.79862e-07 -0.728906 -0.684614
    outer loop
      vertex -49.855 -25.8887 10.6406
      vertex -41.8175 -26.235 11.0093
      vertex -50.3321 -26.1731 10.9434
    endloop
  endfacet
  facet normal -2.59467e-05 -0.729184 -0.684318
    outer loop
      vertex -49.6921 -25.7622 10.5058
      vertex -41.8175 -26.235 11.0093
      vertex -49.855 -25.8887 10.6406
    endloop
  endfacet
  facet normal 0 -0.728982 -0.684533
    outer loop
      vertex -41.8175 -26.235 11.0093
      vertex -49.6921 -25.7622 10.5058
      vertex -40.7537 -25.7622 10.5058
    endloop
  endfacet
  facet normal 0 -0.92976 -0.368166
    outer loop
      vertex -60.5 -25.0235 9.34179
      vertex -56.5717 -24.8549 8.91601
      vertex -56.3376 -25.0235 9.34179
    endloop
  endfacet
  facet normal -0 -0.929759 -0.368168
    outer loop
      vertex -56.6574 -24.7692 8.69959
      vertex -60.5 -25.0235 9.34179
      vertex -60.5 -24.7692 8.69959
    endloop
  endfacet
  facet normal -9.79407e-07 -0.929757 -0.368173
    outer loop
      vertex -60.5 -25.0235 9.34179
      vertex -56.6574 -24.7692 8.69959
      vertex -56.5717 -24.8549 8.91601
    endloop
  endfacet
  facet normal 0 -0.92976 -0.368166
    outer loop
      vertex -48.4283 -24.8549 8.91601
      vertex -39.0916 -25.0235 9.34179
      vertex -48.6624 -25.0235 9.34179
    endloop
  endfacet
  facet normal 4.22137e-07 -0.929757 -0.368174
    outer loop
      vertex -48.3426 -24.7692 8.69959
      vertex -39.0916 -25.0235 9.34179
      vertex -48.4283 -24.8549 8.91601
    endloop
  endfacet
  facet normal 0 -0.929759 -0.368168
    outer loop
      vertex -39.0916 -25.0235 9.34179
      vertex -48.3426 -24.7692 8.69959
      vertex -38.5195 -24.7692 8.69959
    endloop
  endfacet
  facet normal -0 0.637412 0.770523
    outer loop
      vertex -60.5 -33.2328 2.55041
      vertex -58.7601 -33.765 2.99067
      vertex -57.5626 -33.2328 2.55041
    endloop
  endfacet
  facet normal 0 0.637412 0.770523
    outer loop
      vertex -58.7601 -33.765 2.99067
      vertex -60.5 -33.2328 2.55041
      vertex -60.5 -33.765 2.99067
    endloop
  endfacet
  facet normal 0 -0.425808 0.904813
    outer loop
      vertex -60.5 -27.3504 2.18031
      vertex -45.7332 -27.9753 1.88623
      vertex -44.3271 -27.3504 2.18031
    endloop
  endfacet
  facet normal 0 -0.425808 0.904813
    outer loop
      vertex -45.7332 -27.9753 1.88623
      vertex -60.5 -27.3504 2.18031
      vertex -60.5 -27.9753 1.88623
    endloop
  endfacet
  facet normal 0 -0.929759 0.368168
    outer loop
      vertex -60.5 -25.0235 4.65821
      vertex -56.6574 -24.7692 5.30041
      vertex -60.5 -24.7692 5.30041
    endloop
  endfacet
  facet normal -9.79407e-07 -0.929757 0.368173
    outer loop
      vertex -56.6574 -24.7692 5.30041
      vertex -60.5 -25.0235 4.65821
      vertex -56.5717 -24.8549 5.08399
    endloop
  endfacet
  facet normal 0 -0.92976 0.368166
    outer loop
      vertex -56.5717 -24.8549 5.08399
      vertex -60.5 -25.0235 4.65821
      vertex -56.3376 -25.0235 4.65821
    endloop
  endfacet
  facet normal 4.22137e-07 -0.929757 0.368174
    outer loop
      vertex -39.0916 -25.0235 4.65821
      vertex -48.3426 -24.7692 5.30041
      vertex -48.4283 -24.8549 5.08399
    endloop
  endfacet
  facet normal 0 -0.92976 0.368166
    outer loop
      vertex -39.0916 -25.0235 4.65821
      vertex -48.4283 -24.8549 5.08399
      vertex -48.6624 -25.0235 4.65821
    endloop
  endfacet
  facet normal 0 -0.929759 0.368168
    outer loop
      vertex -48.3426 -24.7692 5.30041
      vertex -39.0916 -25.0235 4.65821
      vertex -38.5195 -24.7692 5.30041
    endloop
  endfacet
  facet normal 0 -0.968572 0.248734
    outer loop
      vertex -60.5 -24.7692 5.30041
      vertex -56.8722 -24.5974 5.9694
      vertex -60.5 -24.5974 5.9694
    endloop
  endfacet
  facet normal 2.11658e-05 -0.968599 0.248626
    outer loop
      vertex -56.8722 -24.5974 5.9694
      vertex -60.5 -24.7692 5.30041
      vertex -56.7798 -24.6898 5.60942
    endloop
  endfacet
  facet normal 0 -0.968538 0.248865
    outer loop
      vertex -56.7798 -24.6898 5.60942
      vertex -60.5 -24.7692 5.30041
      vertex -56.6574 -24.7692 5.30041
    endloop
  endfacet
  facet normal -8.22287e-06 -0.9686 0.248623
    outer loop
      vertex -38.5195 -24.7692 5.30041
      vertex -48.1278 -24.5974 5.9694
      vertex -48.2202 -24.6898 5.60942
    endloop
  endfacet
  facet normal 0 -0.968538 0.248865
    outer loop
      vertex -38.5195 -24.7692 5.30041
      vertex -48.2202 -24.6898 5.60942
      vertex -48.3426 -24.7692 5.30041
    endloop
  endfacet
  facet normal 0 -0.968572 0.248734
    outer loop
      vertex -48.1278 -24.5974 5.9694
      vertex -38.5195 -24.7692 5.30041
      vertex -38.133 -24.5974 5.9694
    endloop
  endfacet
  facet normal 0 -0.876334 0.481704
    outer loop
      vertex -60.5 -25.3562 4.05295
      vertex -56.3376 -25.0235 4.65821
      vertex -60.5 -25.0235 4.65821
    endloop
  endfacet
  facet normal 0.000109435 -0.876651 0.481126
    outer loop
      vertex -56.3376 -25.0235 4.65821
      vertex -60.5 -25.3562 4.05295
      vertex -56.2995 -25.0616 4.58878
    endloop
  endfacet
  facet normal -8.1378e-06 -0.876263 0.481834
    outer loop
      vertex -56.2995 -25.0616 4.58878
      vertex -60.5 -25.3562 4.05295
      vertex -55.9673 -25.313 4.13159
    endloop
  endfacet
  facet normal 0 -0.876461 0.481474
    outer loop
      vertex -55.9673 -25.313 4.13159
      vertex -60.5 -25.3562 4.05295
      vertex -55.8935 -25.3562 4.05295
    endloop
  endfacet
  facet normal -5.37307e-05 -0.876664 0.481103
    outer loop
      vertex -39.8402 -25.3562 4.05295
      vertex -48.6624 -25.0235 4.65821
      vertex -48.7005 -25.0616 4.58878
    endloop
  endfacet
  facet normal 4.03812e-06 -0.876261 0.481836
    outer loop
      vertex -39.8402 -25.3562 4.05295
      vertex -48.7005 -25.0616 4.58878
      vertex -49.0327 -25.313 4.13159
    endloop
  endfacet
  facet normal 0 -0.876461 0.481474
    outer loop
      vertex -39.8402 -25.3562 4.05295
      vertex -49.0327 -25.313 4.13159
      vertex -49.1065 -25.3562 4.05295
    endloop
  endfacet
  facet normal 0 -0.876334 0.481704
    outer loop
      vertex -48.6624 -25.0235 4.65821
      vertex -39.8402 -25.3562 4.05295
      vertex -39.0916 -25.0235 4.65821
    endloop
  endfacet
  facet normal 0 -0.425832 -0.904802
    outer loop
      vertex -60.5 -27.3504 11.8197
      vertex -45.7332 -27.9753 12.1138
      vertex -60.5 -27.9753 12.1138
    endloop
  endfacet
  facet normal 0 -0.425832 -0.904802
    outer loop
      vertex -45.7332 -27.9753 12.1138
      vertex -60.5 -27.3504 11.8197
      vertex -44.3271 -27.3504 11.8197
    endloop
  endfacet
  facet normal 0 -0.637424 -0.770513
    outer loop
      vertex -60.5 -26.7672 11.4496
      vertex -53.6191 -26.6572 11.3586
      vertex -53.1422 -26.7672 11.4496
    endloop
  endfacet
  facet normal -2.08997e-06 -0.637347 -0.770577
    outer loop
      vertex -60.5 -26.7672 11.4496
      vertex -54.1566 -26.4461 11.184
      vertex -53.6191 -26.6572 11.3586
    endloop
  endfacet
  facet normal 1.4798e-05 -0.637545 -0.770413
    outer loop
      vertex -60.5 -26.7672 11.4496
      vertex -54.5277 -26.235 11.0093
      vertex -54.1566 -26.4461 11.184
    endloop
  endfacet
  facet normal -0 -0.637446 -0.770495
    outer loop
      vertex -54.5277 -26.235 11.0093
      vertex -60.5 -26.7672 11.4496
      vertex -60.5 -26.235 11.0093
    endloop
  endfacet
  facet normal 0 -0.637446 -0.770495
    outer loop
      vertex -43.0149 -26.7672 11.4496
      vertex -50.4723 -26.235 11.0093
      vertex -41.8175 -26.235 11.0093
    endloop
  endfacet
  facet normal -1.21796e-05 -0.637548 -0.770411
    outer loop
      vertex -43.0149 -26.7672 11.4496
      vertex -50.8434 -26.4461 11.184
      vertex -50.4723 -26.235 11.0093
    endloop
  endfacet
  facet normal 1.73098e-06 -0.637346 -0.770578
    outer loop
      vertex -43.0149 -26.7672 11.4496
      vertex -51.3809 -26.6572 11.3586
      vertex -50.8434 -26.4461 11.184
    endloop
  endfacet
  facet normal 0 -0.637424 -0.770513
    outer loop
      vertex -51.3809 -26.6572 11.3586
      vertex -43.0149 -26.7672 11.4496
      vertex -51.8578 -26.7672 11.4496
    endloop
  endfacet
  facet normal 0 -0.992097 -0.125475
    outer loop
      vertex -60.5 -24.5974 8.0306
      vertex -56.9203 -24.5737 7.84321
      vertex -56.8722 -24.5974 8.0306
    endloop
  endfacet
  facet normal -0 -0.992127 -0.125237
    outer loop
      vertex -56.9832 -24.5109 7.34535
      vertex -60.5 -24.5974 8.0306
      vertex -60.5 -24.5109 7.34535
    endloop
  endfacet
  facet normal 1.72493e-05 -0.992138 -0.12515
    outer loop
      vertex -60.5 -24.5974 8.0306
      vertex -56.9832 -24.5109 7.34535
      vertex -56.9203 -24.5737 7.84321
    endloop
  endfacet
  facet normal 0 -0.992097 -0.125475
    outer loop
      vertex -48.0797 -24.5737 7.84321
      vertex -38.133 -24.5974 8.0306
      vertex -48.1278 -24.5974 8.0306
    endloop
  endfacet
  facet normal -6.23403e-06 -0.992138 -0.125149
    outer loop
      vertex -48.0168 -24.5109 7.34535
      vertex -38.133 -24.5974 8.0306
      vertex -48.0797 -24.5737 7.84321
    endloop
  endfacet
  facet normal 0 -0.992127 -0.125237
    outer loop
      vertex -38.133 -24.5974 8.0306
      vertex -48.0168 -24.5109 7.34535
      vertex -37.9382 -24.5109 7.34535
    endloop
  endfacet
  facet normal 0 -0.309017 0.951056
    outer loop
      vertex -60.5 -27.9753 1.88623
      vertex -47.2113 -28.6322 1.67279
      vertex -45.7332 -27.9753 1.88623
    endloop
  endfacet
  facet normal 0 -0.309017 0.951056
    outer loop
      vertex -47.2113 -28.6322 1.67279
      vertex -60.5 -27.9753 1.88623
      vertex -60.5 -28.6322 1.67279
    endloop
  endfacet
  facet normal 0 -0.187366 0.98229
    outer loop
      vertex -60.5 -28.6322 1.67279
      vertex -48.7378 -29.3107 1.54337
      vertex -47.2113 -28.6322 1.67279
    endloop
  endfacet
  facet normal 0 -0.187366 0.98229
    outer loop
      vertex -48.7378 -29.3107 1.54337
      vertex -60.5 -28.6322 1.67279
      vertex -60.5 -29.3107 1.54337
    endloop
  endfacet
  facet normal 0 -0.637412 0.770523
    outer loop
      vertex -60.5 -26.7672 2.55041
      vertex -54.5277 -26.235 2.99067
      vertex -60.5 -26.235 2.99067
    endloop
  endfacet
  facet normal 8.01308e-06 -0.637465 0.770479
    outer loop
      vertex -54.5277 -26.235 2.99067
      vertex -60.5 -26.7672 2.55041
      vertex -54.1566 -26.4461 2.81601
    endloop
  endfacet
  facet normal 2.82026e-06 -0.637404 0.77053
    outer loop
      vertex -54.1566 -26.4461 2.81601
      vertex -60.5 -26.7672 2.55041
      vertex -53.6191 -26.6572 2.64138
    endloop
  endfacet
  facet normal 0 -0.6373 0.770616
    outer loop
      vertex -53.6191 -26.6572 2.64138
      vertex -60.5 -26.7672 2.55041
      vertex -53.1422 -26.7672 2.55041
    endloop
  endfacet
  facet normal 0 -0.637412 0.770523
    outer loop
      vertex -50.4723 -26.235 2.99067
      vertex -43.0149 -26.7672 2.55041
      vertex -41.8175 -26.235 2.99067
    endloop
  endfacet
  facet normal -6.59519e-06 -0.637467 0.770478
    outer loop
      vertex -50.8434 -26.4461 2.81601
      vertex -43.0149 -26.7672 2.55041
      vertex -50.4723 -26.235 2.99067
    endloop
  endfacet
  facet normal -2.33583e-06 -0.637405 0.770529
    outer loop
      vertex -51.3809 -26.6572 2.64138
      vertex -43.0149 -26.7672 2.55041
      vertex -50.8434 -26.4461 2.81601
    endloop
  endfacet
  facet normal 0 -0.6373 0.770616
    outer loop
      vertex -43.0149 -26.7672 2.55041
      vertex -51.3809 -26.6572 2.64138
      vertex -51.8578 -26.7672 2.55041
    endloop
  endfacet
  facet normal 0 -0.535817 0.844334
    outer loop
      vertex -51.8578 -26.7672 2.55041
      vertex -44.3271 -27.3504 2.18031
      vertex -43.0149 -26.7672 2.55041
    endloop
  endfacet
  facet normal -3.72647e-05 -0.536159 0.844117
    outer loop
      vertex -51.936 -26.7907 2.53548
      vertex -44.3271 -27.3504 2.18031
      vertex -51.8578 -26.7672 2.55041
    endloop
  endfacet
  facet normal -4.732e-06 -0.535844 0.844317
    outer loop
      vertex -52.5 -26.8466 2.5
      vertex -44.3271 -27.3504 2.18031
      vertex -51.936 -26.7907 2.53548
    endloop
  endfacet
  facet normal 0 -0.535817 0.844334
    outer loop
      vertex -60.5 -27.3504 2.18031
      vertex -53.1422 -26.7672 2.55041
      vertex -60.5 -26.7672 2.55041
    endloop
  endfacet
  facet normal 3.79577e-05 -0.536158 0.844118
    outer loop
      vertex -53.1422 -26.7672 2.55041
      vertex -60.5 -27.3504 2.18031
      vertex -53.064 -26.7907 2.53548
    endloop
  endfacet
  facet normal 4.79453e-06 -0.535844 0.844317
    outer loop
      vertex -53.064 -26.7907 2.53548
      vertex -60.5 -27.3504 2.18031
      vertex -52.5 -26.8466 2.5
    endloop
  endfacet
  facet normal 0 -0.53579 0.844352
    outer loop
      vertex -52.5 -26.8466 2.5
      vertex -60.5 -27.3504 2.18031
      vertex -44.3271 -27.3504 2.18031
    endloop
  endfacet
  facet normal 0 -0.992127 0.125237
    outer loop
      vertex -60.5 -24.5974 5.9694
      vertex -56.9832 -24.5109 6.65465
      vertex -60.5 -24.5109 6.65465
    endloop
  endfacet
  facet normal 1.72493e-05 -0.992138 0.12515
    outer loop
      vertex -56.9832 -24.5109 6.65465
      vertex -60.5 -24.5974 5.9694
      vertex -56.9203 -24.5737 6.15679
    endloop
  endfacet
  facet normal 0 -0.992097 0.125475
    outer loop
      vertex -56.9203 -24.5737 6.15679
      vertex -60.5 -24.5974 5.9694
      vertex -56.8722 -24.5974 5.9694
    endloop
  endfacet
  facet normal -6.23403e-06 -0.992138 0.125149
    outer loop
      vertex -38.133 -24.5974 5.9694
      vertex -48.0168 -24.5109 6.65465
      vertex -48.0797 -24.5737 6.15679
    endloop
  endfacet
  facet normal 0 -0.992097 0.125475
    outer loop
      vertex -38.133 -24.5974 5.9694
      vertex -48.0797 -24.5737 6.15679
      vertex -48.1278 -24.5974 5.9694
    endloop
  endfacet
  facet normal 0 -0.992127 0.125237
    outer loop
      vertex -48.0168 -24.5109 6.65465
      vertex -38.133 -24.5974 5.9694
      vertex -37.9382 -24.5109 6.65465
    endloop
  endfacet
  facet normal 0 -0.809001 0.587807
    outer loop
      vertex -60.5 -25.7622 3.49417
      vertex -55.8935 -25.3562 4.05295
      vertex -60.5 -25.3562 4.05295
    endloop
  endfacet
  facet normal -5.98637e-06 -0.808978 0.587839
    outer loop
      vertex -55.8935 -25.3562 4.05295
      vertex -60.5 -25.7622 3.49417
      vertex -55.5805 -25.5984 3.71964
    endloop
  endfacet
  facet normal 0 -0.80904 0.587753
    outer loop
      vertex -55.5805 -25.5984 3.71964
      vertex -60.5 -25.7622 3.49417
      vertex -55.3079 -25.7622 3.49417
    endloop
  endfacet
  facet normal 3.46013e-06 -0.808977 0.58784
    outer loop
      vertex -40.7537 -25.7622 3.49417
      vertex -49.1065 -25.3562 4.05295
      vertex -49.4195 -25.5984 3.71964
    endloop
  endfacet
  facet normal 0 -0.80904 0.587753
    outer loop
      vertex -40.7537 -25.7622 3.49417
      vertex -49.4195 -25.5984 3.71964
      vertex -49.6921 -25.7622 3.49417
    endloop
  endfacet
  facet normal 0 -0.809001 0.587807
    outer loop
      vertex -49.1065 -25.3562 4.05295
      vertex -40.7537 -25.7622 3.49417
      vertex -39.8402 -25.3562 4.05295
    endloop
  endfacet
  facet normal 0 -0.535817 -0.844334
    outer loop
      vertex -44.3271 -27.3504 11.8197
      vertex -51.8578 -26.7672 11.4496
      vertex -43.0149 -26.7672 11.4496
    endloop
  endfacet
  facet normal 2.91015e-05 -0.535549 -0.844504
    outer loop
      vertex -44.3271 -27.3504 11.8197
      vertex -51.936 -26.7907 11.4645
      vertex -51.8578 -26.7672 11.4496
    endloop
  endfacet
  facet normal -1.55742e-05 -0.535982 -0.84423
    outer loop
      vertex -44.3271 -27.3504 11.8197
      vertex -52.5 -26.8466 11.5
      vertex -51.936 -26.7907 11.4645
    endloop
  endfacet
  facet normal 0 -0.535801 -0.844344
    outer loop
      vertex -60.5 -27.3504 11.8197
      vertex -52.5 -26.8466 11.5
      vertex -44.3271 -27.3504 11.8197
    endloop
  endfacet
  facet normal 1.57801e-05 -0.53598 -0.844231
    outer loop
      vertex -60.5 -27.3504 11.8197
      vertex -53.064 -26.7907 11.4645
      vertex -52.5 -26.8466 11.5
    endloop
  endfacet
  facet normal -2.96426e-05 -0.53555 -0.844504
    outer loop
      vertex -60.5 -27.3504 11.8197
      vertex -53.1422 -26.7672 11.4496
      vertex -53.064 -26.7907 11.4645
    endloop
  endfacet
  facet normal -0 -0.535817 -0.844334
    outer loop
      vertex -53.1422 -26.7672 11.4496
      vertex -60.5 -27.3504 11.8197
      vertex -60.5 -26.7672 11.4496
    endloop
  endfacet
  facet normal 0 -0.308965 -0.951073
    outer loop
      vertex -60.5 -27.9753 12.1138
      vertex -47.2113 -28.6322 12.3272
      vertex -60.5 -28.6322 12.3272
    endloop
  endfacet
  facet normal 0 -0.308965 -0.951073
    outer loop
      vertex -47.2113 -28.6322 12.3272
      vertex -60.5 -27.9753 12.1138
      vertex -45.7332 -27.9753 12.1138
    endloop
  endfacet
  facet normal 0 -0.187338 -0.982295
    outer loop
      vertex -60.5 -28.6322 12.3272
      vertex -48.7378 -29.3107 12.4566
      vertex -60.5 -29.3107 12.4566
    endloop
  endfacet
  facet normal 0 -0.187338 -0.982295
    outer loop
      vertex -48.7378 -29.3107 12.4566
      vertex -60.5 -28.6322 12.3272
      vertex -47.2113 -28.6322 12.3272
    endloop
  endfacet
  facet normal 0 -0.876461 -0.481474
    outer loop
      vertex -60.5 -25.3562 9.94705
      vertex -55.9673 -25.313 9.86841
      vertex -55.8935 -25.3562 9.94705
    endloop
  endfacet
  facet normal -8.1378e-06 -0.876263 -0.481834
    outer loop
      vertex -60.5 -25.3562 9.94705
      vertex -56.2995 -25.0616 9.41122
      vertex -55.9673 -25.313 9.86841
    endloop
  endfacet
  facet normal -0 -0.876334 -0.481704
    outer loop
      vertex -56.3376 -25.0235 9.34179
      vertex -60.5 -25.3562 9.94705
      vertex -60.5 -25.0235 9.34179
    endloop
  endfacet
  facet normal 0.000109435 -0.876651 -0.481126
    outer loop
      vertex -60.5 -25.3562 9.94705
      vertex -56.3376 -25.0235 9.34179
      vertex -56.2995 -25.0616 9.41122
    endloop
  endfacet
  facet normal 0 -0.876461 -0.481474
    outer loop
      vertex -49.0327 -25.313 9.86841
      vertex -39.8402 -25.3562 9.94705
      vertex -49.1065 -25.3562 9.94705
    endloop
  endfacet
  facet normal 4.03812e-06 -0.876261 -0.481836
    outer loop
      vertex -48.7005 -25.0616 9.41122
      vertex -39.8402 -25.3562 9.94705
      vertex -49.0327 -25.313 9.86841
    endloop
  endfacet
  facet normal -5.37307e-05 -0.876664 -0.481103
    outer loop
      vertex -48.6624 -25.0235 9.34179
      vertex -39.8402 -25.3562 9.94705
      vertex -48.7005 -25.0616 9.41122
    endloop
  endfacet
  facet normal 0 -0.876334 -0.481704
    outer loop
      vertex -39.8402 -25.3562 9.94705
      vertex -48.6624 -25.0235 9.34179
      vertex -39.0916 -25.0235 9.34179
    endloop
  endfacet
  facet normal 0 -0.808953 -0.587873
    outer loop
      vertex -60.5 -25.7622 10.5058
      vertex -55.5805 -25.5984 10.2804
      vertex -55.3079 -25.7622 10.5058
    endloop
  endfacet
  facet normal -0 -0.808986 -0.587827
    outer loop
      vertex -55.8935 -25.3562 9.94705
      vertex -60.5 -25.7622 10.5058
      vertex -60.5 -25.3562 9.94705
    endloop
  endfacet
  facet normal 5.13177e-06 -0.809007 -0.5878
    outer loop
      vertex -60.5 -25.7622 10.5058
      vertex -55.8935 -25.3562 9.94705
      vertex -55.5805 -25.5984 10.2804
    endloop
  endfacet
  facet normal 0 -0.808953 -0.587873
    outer loop
      vertex -49.4195 -25.5984 10.2804
      vertex -40.7537 -25.7622 10.5058
      vertex -49.6921 -25.7622 10.5058
    endloop
  endfacet
  facet normal -2.96616e-06 -0.809008 -0.587798
    outer loop
      vertex -49.1065 -25.3562 9.94705
      vertex -40.7537 -25.7622 10.5058
      vertex -49.4195 -25.5984 10.2804
    endloop
  endfacet
  facet normal 0 -0.808986 -0.587827
    outer loop
      vertex -40.7537 -25.7622 10.5058
      vertex -49.1065 -25.3562 9.94705
      vertex -39.8402 -25.3562 9.94705
    endloop
  endfacet
  facet normal 0 -0.968538 -0.248865
    outer loop
      vertex -60.5 -24.7692 8.69959
      vertex -56.7798 -24.6898 8.39058
      vertex -56.6574 -24.7692 8.69959
    endloop
  endfacet
  facet normal -0 -0.968572 -0.248734
    outer loop
      vertex -56.8722 -24.5974 8.0306
      vertex -60.5 -24.7692 8.69959
      vertex -60.5 -24.5974 8.0306
    endloop
  endfacet
  facet normal 2.11658e-05 -0.968599 -0.248626
    outer loop
      vertex -60.5 -24.7692 8.69959
      vertex -56.8722 -24.5974 8.0306
      vertex -56.7798 -24.6898 8.39058
    endloop
  endfacet
  facet normal 0 -0.968538 -0.248865
    outer loop
      vertex -48.2202 -24.6898 8.39058
      vertex -38.5195 -24.7692 8.69959
      vertex -48.3426 -24.7692 8.69959
    endloop
  endfacet
  facet normal -8.22287e-06 -0.9686 -0.248623
    outer loop
      vertex -48.1278 -24.5974 8.0306
      vertex -38.5195 -24.7692 8.69959
      vertex -48.2202 -24.6898 8.39058
    endloop
  endfacet
  facet normal 0 -0.968572 -0.248734
    outer loop
      vertex -38.5195 -24.7692 8.69959
      vertex -48.1278 -24.5974 8.0306
      vertex -38.133 -24.5974 8.0306
    endloop
  endfacet
  facet normal -0 0.0627947 0.998026
    outer loop
      vertex -60.5 -30 1.5
      vertex -51.8398 -30.6893 1.54337
      vertex -50.2888 -30 1.5
    endloop
  endfacet
  facet normal 0 0.0627947 0.998026
    outer loop
      vertex -51.8398 -30.6893 1.54337
      vertex -60.5 -30 1.5
      vertex -60.5 -30.6893 1.54337
    endloop
  endfacet
  facet normal -0 0.728982 0.684533
    outer loop
      vertex -60.5 -33.765 2.99067
      vertex -59.8239 -34.2378 3.49417
      vertex -58.7601 -33.765 2.99067
    endloop
  endfacet
  facet normal 0 0.728982 0.684533
    outer loop
      vertex -59.8239 -34.2378 3.49417
      vertex -60.5 -33.765 2.99067
      vertex -60.5 -34.2378 3.49417
    endloop
  endfacet
  facet normal -0 0.425808 0.904813
    outer loop
      vertex -60.5 -32.0247 1.88623
      vertex -56.2505 -32.6496 2.18031
      vertex -54.8443 -32.0247 1.88623
    endloop
  endfacet
  facet normal 0 0.425808 0.904813
    outer loop
      vertex -56.2505 -32.6496 2.18031
      vertex -60.5 -32.0247 1.88623
      vertex -60.5 -32.6496 2.18031
    endloop
  endfacet
  facet normal 0 0.425832 -0.904802
    outer loop
      vertex -60.5 -32.0247 12.1138
      vertex -56.2505 -32.6496 11.8197
      vertex -60.5 -32.6496 11.8197
    endloop
  endfacet
  facet normal 0 0.425832 -0.904802
    outer loop
      vertex -56.2505 -32.6496 11.8197
      vertex -60.5 -32.0247 12.1138
      vertex -54.8443 -32.0247 12.1138
    endloop
  endfacet
  facet normal -0 0.309017 0.951056
    outer loop
      vertex -60.5 -31.3678 1.67279
      vertex -54.8443 -32.0247 1.88623
      vertex -53.3663 -31.3678 1.67279
    endloop
  endfacet
  facet normal 0 0.309017 0.951056
    outer loop
      vertex -54.8443 -32.0247 1.88623
      vertex -60.5 -31.3678 1.67279
      vertex -60.5 -32.0247 1.88623
    endloop
  endfacet
  facet normal -0 0.535817 0.844334
    outer loop
      vertex -60.5 -32.6496 2.18031
      vertex -57.5626 -33.2328 2.55041
      vertex -56.2505 -32.6496 2.18031
    endloop
  endfacet
  facet normal 0 0.535817 0.844334
    outer loop
      vertex -57.5626 -33.2328 2.55041
      vertex -60.5 -32.6496 2.18031
      vertex -60.5 -33.2328 2.55041
    endloop
  endfacet
  facet normal 0 0.187338 -0.982295
    outer loop
      vertex -60.5 -30.6893 12.4566
      vertex -53.3663 -31.3678 12.3272
      vertex -60.5 -31.3678 12.3272
    endloop
  endfacet
  facet normal 0 0.187338 -0.982295
    outer loop
      vertex -53.3663 -31.3678 12.3272
      vertex -60.5 -30.6893 12.4566
      vertex -51.8398 -30.6893 12.4566
    endloop
  endfacet
  facet normal 0 0.062838 -0.998024
    outer loop
      vertex -60.5 -30 12.5
      vertex -51.8398 -30.6893 12.4566
      vertex -60.5 -30.6893 12.4566
    endloop
  endfacet
  facet normal 0 0.062838 -0.998024
    outer loop
      vertex -51.8398 -30.6893 12.4566
      vertex -60.5 -30 12.5
      vertex -50.2888 -30 12.5
    endloop
  endfacet
  facet normal 0 0.308965 -0.951073
    outer loop
      vertex -60.5 -31.3678 12.3272
      vertex -54.8443 -32.0247 12.1138
      vertex -60.5 -32.0247 12.1138
    endloop
  endfacet
  facet normal 0 0.308965 -0.951073
    outer loop
      vertex -54.8443 -32.0247 12.1138
      vertex -60.5 -31.3678 12.3272
      vertex -53.3663 -31.3678 12.3272
    endloop
  endfacet
  facet normal -0 0.187366 0.98229
    outer loop
      vertex -60.5 -30.6893 1.54337
      vertex -53.3663 -31.3678 1.67279
      vertex -51.8398 -30.6893 1.54337
    endloop
  endfacet
  facet normal 0 0.187366 0.98229
    outer loop
      vertex -53.3663 -31.3678 1.67279
      vertex -60.5 -30.6893 1.54337
      vertex -60.5 -31.3678 1.67279
    endloop
  endfacet
  facet normal 0 0.809008 0.587797
    outer loop
      vertex -59.8239 -34.2378 3.49417
      vertex -60.5 -34.2378 3.49417
      vertex -60.5 -34.5383 3.90776
    endloop
  endfacet
  facet normal 0 0.637446 -0.770495
    outer loop
      vertex -60.5 -33.2328 11.4496
      vertex -58.7601 -33.765 11.0093
      vertex -60.5 -33.765 11.0093
    endloop
  endfacet
  facet normal 0 0.637446 -0.770495
    outer loop
      vertex -58.7601 -33.765 11.0093
      vertex -60.5 -33.2328 11.4496
      vertex -57.5626 -33.2328 11.4496
    endloop
  endfacet
  facet normal 0 0.728982 -0.684533
    outer loop
      vertex -59.8239 -34.2378 10.5058
      vertex -60.5 -33.765 11.0093
      vertex -58.7601 -33.765 11.0093
    endloop
  endfacet
  facet normal 0 0.728982 -0.684533
    outer loop
      vertex -60.5 -33.765 11.0093
      vertex -59.8239 -34.2378 10.5058
      vertex -60.5 -34.2378 10.5058
    endloop
  endfacet
  facet normal 0 0.535817 -0.844334
    outer loop
      vertex -60.5 -32.6496 11.8197
      vertex -57.5626 -33.2328 11.4496
      vertex -60.5 -33.2328 11.4496
    endloop
  endfacet
  facet normal 0 0.535817 -0.844334
    outer loop
      vertex -57.5626 -33.2328 11.4496
      vertex -60.5 -32.6496 11.8197
      vertex -56.2505 -32.6496 11.8197
    endloop
  endfacet
  facet normal 0 0.809015 -0.587788
    outer loop
      vertex -60.5 -34.2378 10.5058
      vertex -59.8239 -34.2378 10.5058
      vertex -60.5 -34.5383 10.0922
    endloop
  endfacet
  facet normal 0 -0.0627712 0.998028
    outer loop
      vertex -74.5 -29.6553 4.27168
      vertex -64.7 -30 4.25
      vertex -64.7 -29.6553 4.27168
    endloop
  endfacet
  facet normal 0 -0.0627712 0.998028
    outer loop
      vertex -64.7 -30 4.25
      vertex -74.5 -29.6553 4.27168
      vertex -74.5 -30 4.25
    endloop
  endfacet
  facet normal 0 -0.0627712 -0.998028
    outer loop
      vertex -74.5 -30 9.75
      vertex -64.7 -29.6553 9.72832
      vertex -64.7 -30 9.75
    endloop
  endfacet
  facet normal -0 -0.0627712 -0.998028
    outer loop
      vertex -64.7 -29.6553 9.72832
      vertex -74.5 -30 9.75
      vertex -74.5 -29.6553 9.72832
    endloop
  endfacet
  facet normal 0 -1 0
    outer loop
      vertex -74.5 -27.2554 6.82733
      vertex -64.7 -27.2554 7.17267
      vertex -74.5 -27.2554 7.17267
    endloop
  endfacet
  facet normal 0 -1 -0
    outer loop
      vertex -64.7 -27.2554 7.17267
      vertex -74.5 -27.2554 6.82733
      vertex -64.7 -27.2554 6.82733
    endloop
  endfacet
  facet normal 0 1 -0
    outer loop
      vertex -64.7 -32.7446 6.82733
      vertex -74.4381 -32.7446 7.17267
      vertex -64.7 -32.7446 7.17267
    endloop
  endfacet
  facet normal 0 1 0
    outer loop
      vertex -74.4381 -32.7446 7.17267
      vertex -64.7 -32.7446 6.82733
      vertex -74.4381 -32.7446 6.82733
    endloop
  endfacet
  facet normal 0 0.728968 0.684548
    outer loop
      vertex -64.7 -31.8825 4.99534
      vertex -74.4925 -32.1189 5.24708
      vertex -64.7 -32.1189 5.24708
    endloop
  endfacet
  facet normal -0 0.728968 0.684548
    outer loop
      vertex -74.5 -31.8825 4.99534
      vertex -74.4925 -32.1189 5.24708
      vertex -64.7 -31.8825 4.99534
    endloop
  endfacet
  facet normal -0.000840505 0.728955 0.684561
    outer loop
      vertex -74.4925 -32.1189 5.24708
      vertex -74.5 -31.8825 4.99534
      vertex -74.5 -32 5.12046
    endloop
  endfacet
  facet normal 0 -0.728968 0.684548
    outer loop
      vertex -74.5 -28.1175 4.99534
      vertex -64.7 -27.8811 5.24708
      vertex -74.5 -27.8811 5.24708
    endloop
  endfacet
  facet normal 0 -0.728968 0.684548
    outer loop
      vertex -64.7 -27.8811 5.24708
      vertex -74.5 -28.1175 4.99534
      vertex -64.7 -28.1175 4.99534
    endloop
  endfacet
  facet normal 0 -0.728968 -0.684548
    outer loop
      vertex -74.5 -27.8811 8.75292
      vertex -64.7 -28.1175 9.00466
      vertex -74.5 -28.1175 9.00466
    endloop
  endfacet
  facet normal 0 -0.728968 -0.684548
    outer loop
      vertex -64.7 -28.1175 9.00466
      vertex -74.5 -27.8811 8.75292
      vertex -64.7 -27.8811 8.75292
    endloop
  endfacet
  facet normal 0 -0.929805 -0.368053
    outer loop
      vertex -74.5 -27.3846 7.8498
      vertex -64.7 -27.5117 8.17089
      vertex -74.5 -27.5117 8.17089
    endloop
  endfacet
  facet normal 0 -0.929805 -0.368053
    outer loop
      vertex -64.7 -27.5117 8.17089
      vertex -74.5 -27.3846 7.8498
      vertex -64.7 -27.3846 7.8498
    endloop
  endfacet
  facet normal -0 0.425752 0.90484
    outer loop
      vertex -74.5 -31.0123 4.44312
      vertex -64.7 -31.3248 4.59016
      vertex -64.7 -31.0123 4.44312
    endloop
  endfacet
  facet normal 0 0.425752 0.90484
    outer loop
      vertex -64.7 -31.3248 4.59016
      vertex -74.5 -31.0123 4.44312
      vertex -74.5 -31.3248 4.59016
    endloop
  endfacet
  facet normal 0 -0.425752 0.90484
    outer loop
      vertex -74.5 -28.6752 4.59016
      vertex -64.7 -28.9877 4.44312
      vertex -64.7 -28.6752 4.59016
    endloop
  endfacet
  facet normal 0 -0.425752 0.90484
    outer loop
      vertex -64.7 -28.9877 4.44312
      vertex -74.5 -28.6752 4.59016
      vertex -74.5 -28.9877 4.44312
    endloop
  endfacet
  facet normal 0 -0.929805 0.368053
    outer loop
      vertex -74.5 -27.5117 5.82911
      vertex -64.7 -27.3846 6.1502
      vertex -74.5 -27.3846 6.1502
    endloop
  endfacet
  facet normal 0 -0.929805 0.368053
    outer loop
      vertex -64.7 -27.3846 6.1502
      vertex -74.5 -27.5117 5.82911
      vertex -64.7 -27.5117 5.82911
    endloop
  endfacet
  facet normal 0 -0.809011 0.587793
    outer loop
      vertex -74.5 -27.8811 5.24708
      vertex -64.7 -27.6781 5.52648
      vertex -74.5 -27.6781 5.52648
    endloop
  endfacet
  facet normal 0 -0.809011 0.587793
    outer loop
      vertex -64.7 -27.6781 5.52648
      vertex -74.5 -27.8811 5.24708
      vertex -64.7 -27.8811 5.24708
    endloop
  endfacet
  facet normal 0 -0.425752 -0.90484
    outer loop
      vertex -74.5 -28.9877 9.55688
      vertex -64.7 -28.6752 9.40984
      vertex -64.7 -28.9877 9.55688
    endloop
  endfacet
  facet normal -0 -0.425752 -0.90484
    outer loop
      vertex -64.7 -28.6752 9.40984
      vertex -74.5 -28.9877 9.55688
      vertex -74.5 -28.6752 9.40984
    endloop
  endfacet
  facet normal 0 -0.637429 -0.770509
    outer loop
      vertex -74.5 -28.3836 9.2248
      vertex -64.7 -28.1175 9.00466
      vertex -64.7 -28.3836 9.2248
    endloop
  endfacet
  facet normal -0 -0.637429 -0.770509
    outer loop
      vertex -64.7 -28.1175 9.00466
      vertex -74.5 -28.3836 9.2248
      vertex -74.5 -28.1175 9.00466
    endloop
  endfacet
  facet normal 0 -0.876273 -0.481815
    outer loop
      vertex -74.5 -27.5117 8.17089
      vertex -64.7 -27.6781 8.47352
      vertex -74.5 -27.6781 8.47352
    endloop
  endfacet
  facet normal 0 -0.876273 -0.481815
    outer loop
      vertex -64.7 -27.6781 8.47352
      vertex -74.5 -27.5117 8.17089
      vertex -64.7 -27.5117 8.17089
    endloop
  endfacet
  facet normal 0 -0.968573 -0.248731
    outer loop
      vertex -74.5 -27.2987 7.5153
      vertex -64.7 -27.3846 7.8498
      vertex -74.5 -27.3846 7.8498
    endloop
  endfacet
  facet normal 0 -0.968573 -0.248731
    outer loop
      vertex -64.7 -27.3846 7.8498
      vertex -74.5 -27.2987 7.5153
      vertex -64.7 -27.2987 7.5153
    endloop
  endfacet
  facet normal -0 0.187421 0.98228
    outer loop
      vertex -74.5 -30.3447 4.27168
      vertex -64.7 -30.6839 4.3364
      vertex -64.7 -30.3447 4.27168
    endloop
  endfacet
  facet normal 0 0.187421 0.98228
    outer loop
      vertex -64.7 -30.6839 4.3364
      vertex -74.5 -30.3447 4.27168
      vertex -74.5 -30.6839 4.3364
    endloop
  endfacet
  facet normal 0 0.929805 0.368053
    outer loop
      vertex -64.7 -32.4883 5.82911
      vertex -74.4613 -32.6154 6.1502
      vertex -64.7 -32.6154 6.1502
    endloop
  endfacet
  facet normal 0 0.929805 0.368053
    outer loop
      vertex -74.4613 -32.6154 6.1502
      vertex -64.7 -32.4883 5.82911
      vertex -74.4693 -32.4883 5.82911
    endloop
  endfacet
  facet normal 0 -0.30906 0.951043
    outer loop
      vertex -74.5 -28.9877 4.44312
      vertex -64.7 -29.3161 4.3364
      vertex -64.7 -28.9877 4.44312
    endloop
  endfacet
  facet normal 0 -0.30906 0.951043
    outer loop
      vertex -64.7 -29.3161 4.3364
      vertex -74.5 -28.9877 4.44312
      vertex -74.5 -29.3161 4.3364
    endloop
  endfacet
  facet normal 0 -0.187421 0.98228
    outer loop
      vertex -74.5 -29.3161 4.3364
      vertex -64.7 -29.6553 4.27168
      vertex -64.7 -29.3161 4.3364
    endloop
  endfacet
  facet normal 0 -0.187421 0.98228
    outer loop
      vertex -64.7 -29.6553 4.27168
      vertex -74.5 -29.3161 4.3364
      vertex -74.5 -29.6553 4.27168
    endloop
  endfacet
  facet normal 0 -0.637429 0.770509
    outer loop
      vertex -74.5 -28.1175 4.99534
      vertex -64.7 -28.3836 4.7752
      vertex -64.7 -28.1175 4.99534
    endloop
  endfacet
  facet normal 0 -0.637429 0.770509
    outer loop
      vertex -64.7 -28.3836 4.7752
      vertex -74.5 -28.1175 4.99534
      vertex -74.5 -28.3836 4.7752
    endloop
  endfacet
  facet normal 0 -0.535796 0.844348
    outer loop
      vertex -74.5 -28.3836 4.7752
      vertex -64.7 -28.6752 4.59016
      vertex -64.7 -28.3836 4.7752
    endloop
  endfacet
  facet normal 0 -0.535796 0.844348
    outer loop
      vertex -64.7 -28.6752 4.59016
      vertex -74.5 -28.3836 4.7752
      vertex -74.5 -28.6752 4.59016
    endloop
  endfacet
  facet normal 0 -0.968573 0.248731
    outer loop
      vertex -74.5 -27.3846 6.1502
      vertex -64.7 -27.2987 6.4847
      vertex -74.5 -27.2987 6.4847
    endloop
  endfacet
  facet normal 0 -0.968573 0.248731
    outer loop
      vertex -64.7 -27.2987 6.4847
      vertex -74.5 -27.3846 6.1502
      vertex -64.7 -27.3846 6.1502
    endloop
  endfacet
  facet normal 0 -0.992109 0.125378
    outer loop
      vertex -74.5 -27.2987 6.4847
      vertex -64.7 -27.2554 6.82733
      vertex -74.5 -27.2554 6.82733
    endloop
  endfacet
  facet normal 0 -0.992109 0.125378
    outer loop
      vertex -64.7 -27.2554 6.82733
      vertex -74.5 -27.2987 6.4847
      vertex -64.7 -27.2987 6.4847
    endloop
  endfacet
  facet normal 0 -0.876273 0.481815
    outer loop
      vertex -74.5 -27.6781 5.52648
      vertex -64.7 -27.5117 5.82911
      vertex -74.5 -27.5117 5.82911
    endloop
  endfacet
  facet normal 0 -0.876273 0.481815
    outer loop
      vertex -64.7 -27.5117 5.82911
      vertex -74.5 -27.6781 5.52648
      vertex -64.7 -27.6781 5.52648
    endloop
  endfacet
  facet normal 0 -0.535796 -0.844348
    outer loop
      vertex -74.5 -28.6752 9.40984
      vertex -64.7 -28.3836 9.2248
      vertex -64.7 -28.6752 9.40984
    endloop
  endfacet
  facet normal -0 -0.535796 -0.844348
    outer loop
      vertex -64.7 -28.3836 9.2248
      vertex -74.5 -28.6752 9.40984
      vertex -74.5 -28.3836 9.2248
    endloop
  endfacet
  facet normal 0 -0.30906 -0.951043
    outer loop
      vertex -74.5 -29.3161 9.6636
      vertex -64.7 -28.9877 9.55688
      vertex -64.7 -29.3161 9.6636
    endloop
  endfacet
  facet normal -0 -0.30906 -0.951043
    outer loop
      vertex -64.7 -28.9877 9.55688
      vertex -74.5 -29.3161 9.6636
      vertex -74.5 -28.9877 9.55688
    endloop
  endfacet
  facet normal 0 -0.187421 -0.98228
    outer loop
      vertex -74.5 -29.6553 9.72832
      vertex -64.7 -29.3161 9.6636
      vertex -64.7 -29.6553 9.72832
    endloop
  endfacet
  facet normal -0 -0.187421 -0.98228
    outer loop
      vertex -64.7 -29.3161 9.6636
      vertex -74.5 -29.6553 9.72832
      vertex -74.5 -29.3161 9.6636
    endloop
  endfacet
  facet normal 0 -0.809011 -0.587793
    outer loop
      vertex -74.5 -27.6781 8.47352
      vertex -64.7 -27.8811 8.75292
      vertex -74.5 -27.8811 8.75292
    endloop
  endfacet
  facet normal 0 -0.809011 -0.587793
    outer loop
      vertex -64.7 -27.8811 8.75292
      vertex -74.5 -27.6781 8.47352
      vertex -64.7 -27.6781 8.47352
    endloop
  endfacet
  facet normal 0 -0.992109 -0.125378
    outer loop
      vertex -74.5 -27.2554 7.17267
      vertex -64.7 -27.2987 7.5153
      vertex -74.5 -27.2987 7.5153
    endloop
  endfacet
  facet normal 0 -0.992109 -0.125378
    outer loop
      vertex -64.7 -27.2987 7.5153
      vertex -74.5 -27.2554 7.17267
      vertex -64.7 -27.2554 7.17267
    endloop
  endfacet
  facet normal -0 0.0627712 0.998028
    outer loop
      vertex -74.5 -30 4.25
      vertex -64.7 -30.3447 4.27168
      vertex -64.7 -30 4.25
    endloop
  endfacet
  facet normal 0 0.0627712 0.998028
    outer loop
      vertex -64.7 -30.3447 4.27168
      vertex -74.5 -30 4.25
      vertex -74.5 -30.3447 4.27168
    endloop
  endfacet
  facet normal -0 0.637429 0.770509
    outer loop
      vertex -74.5 -31.6164 4.7752
      vertex -64.7 -31.8825 4.99534
      vertex -64.7 -31.6164 4.7752
    endloop
  endfacet
  facet normal 0 0.637429 0.770509
    outer loop
      vertex -64.7 -31.8825 4.99534
      vertex -74.5 -31.6164 4.7752
      vertex -74.5 -31.8825 4.99534
    endloop
  endfacet
  facet normal 0 0.425752 -0.90484
    outer loop
      vertex -74.5 -31.3248 9.40984
      vertex -64.7 -31.0123 9.55688
      vertex -64.7 -31.3248 9.40984
    endloop
  endfacet
  facet normal 0 0.425752 -0.90484
    outer loop
      vertex -64.7 -31.0123 9.55688
      vertex -74.5 -31.3248 9.40984
      vertex -74.5 -31.0123 9.55688
    endloop
  endfacet
  facet normal 0 0.637429 -0.770509
    outer loop
      vertex -74.5 -31.8825 9.00466
      vertex -64.7 -31.6164 9.2248
      vertex -64.7 -31.8825 9.00466
    endloop
  endfacet
  facet normal 0 0.637429 -0.770509
    outer loop
      vertex -64.7 -31.6164 9.2248
      vertex -74.5 -31.8825 9.00466
      vertex -74.5 -31.6164 9.2248
    endloop
  endfacet
  facet normal 0 0.0627712 -0.998028
    outer loop
      vertex -74.5 -30.3447 9.72832
      vertex -64.7 -30 9.75
      vertex -64.7 -30.3447 9.72832
    endloop
  endfacet
  facet normal 0 0.0627712 -0.998028
    outer loop
      vertex -64.7 -30 9.75
      vertex -74.5 -30.3447 9.72832
      vertex -74.5 -30 9.75
    endloop
  endfacet
  facet normal 0 0.876273 0.481815
    outer loop
      vertex -64.7 -32.3219 5.52648
      vertex -74.4693 -32.4883 5.82911
      vertex -64.7 -32.4883 5.82911
    endloop
  endfacet
  facet normal 0 0.876273 0.481815
    outer loop
      vertex -74.4693 -32.4883 5.82911
      vertex -64.7 -32.3219 5.52648
      vertex -74.4797 -32.3219 5.52648
    endloop
  endfacet
  facet normal -0 0.30906 0.951043
    outer loop
      vertex -74.5 -30.6839 4.3364
      vertex -64.7 -31.0123 4.44312
      vertex -64.7 -30.6839 4.3364
    endloop
  endfacet
  facet normal 0 0.30906 0.951043
    outer loop
      vertex -64.7 -31.0123 4.44312
      vertex -74.5 -30.6839 4.3364
      vertex -74.5 -31.0123 4.44312
    endloop
  endfacet
  facet normal -0 0.535796 0.844348
    outer loop
      vertex -74.5 -31.3248 4.59016
      vertex -64.7 -31.6164 4.7752
      vertex -64.7 -31.3248 4.59016
    endloop
  endfacet
  facet normal 0 0.535796 0.844348
    outer loop
      vertex -64.7 -31.6164 4.7752
      vertex -74.5 -31.3248 4.59016
      vertex -74.5 -31.6164 4.7752
    endloop
  endfacet
  facet normal 0 0.187421 -0.98228
    outer loop
      vertex -74.5 -30.6839 9.6636
      vertex -64.7 -30.3447 9.72832
      vertex -64.7 -30.6839 9.6636
    endloop
  endfacet
  facet normal 0 0.187421 -0.98228
    outer loop
      vertex -64.7 -30.3447 9.72832
      vertex -74.5 -30.6839 9.6636
      vertex -74.5 -30.3447 9.72832
    endloop
  endfacet
  facet normal 0 0.30906 -0.951043
    outer loop
      vertex -74.5 -31.0123 9.55688
      vertex -64.7 -30.6839 9.6636
      vertex -64.7 -31.0123 9.55688
    endloop
  endfacet
  facet normal 0 0.30906 -0.951043
    outer loop
      vertex -64.7 -30.6839 9.6636
      vertex -74.5 -31.0123 9.55688
      vertex -74.5 -30.6839 9.6636
    endloop
  endfacet
  facet normal 0 0.809011 0.587793
    outer loop
      vertex -64.7 -32.1189 5.24708
      vertex -74.4797 -32.3219 5.52648
      vertex -64.7 -32.3219 5.52648
    endloop
  endfacet
  facet normal 0 0.809011 0.587793
    outer loop
      vertex -74.4797 -32.3219 5.52648
      vertex -64.7 -32.1189 5.24708
      vertex -74.4925 -32.1189 5.24708
    endloop
  endfacet
  facet normal 0 0.968573 0.248731
    outer loop
      vertex -64.7 -32.6154 6.1502
      vertex -74.4463 -32.7013 6.4847
      vertex -64.7 -32.7013 6.4847
    endloop
  endfacet
  facet normal -4.19058e-06 0.968602 0.248616
    outer loop
      vertex -74.4463 -32.7013 6.4847
      vertex -64.7 -32.6154 6.1502
      vertex -74.4606 -32.6267 6.19406
    endloop
  endfacet
  facet normal 0 0.968377 0.249491
    outer loop
      vertex -74.4606 -32.6267 6.19406
      vertex -64.7 -32.6154 6.1502
      vertex -74.4613 -32.6154 6.1502
    endloop
  endfacet
  facet normal 0 0.992109 0.125378
    outer loop
      vertex -64.7 -32.7013 6.4847
      vertex -74.4381 -32.7446 6.82733
      vertex -64.7 -32.7446 6.82733
    endloop
  endfacet
  facet normal 0 0.992109 0.125378
    outer loop
      vertex -74.4381 -32.7446 6.82733
      vertex -64.7 -32.7013 6.4847
      vertex -74.4463 -32.7013 6.4847
    endloop
  endfacet
  facet normal 0 0.992109 -0.125378
    outer loop
      vertex -74.4381 -32.7446 7.17267
      vertex -64.7 -32.7013 7.5153
      vertex -64.7 -32.7446 7.17267
    endloop
  endfacet
  facet normal 0 0.992109 -0.125378
    outer loop
      vertex -64.7 -32.7013 7.5153
      vertex -74.4381 -32.7446 7.17267
      vertex -74.4463 -32.7013 7.5153
    endloop
  endfacet
  facet normal 0 0.968377 -0.249491
    outer loop
      vertex -64.7 -32.6154 7.8498
      vertex -74.4606 -32.6267 7.80594
      vertex -74.4613 -32.6154 7.8498
    endloop
  endfacet
  facet normal 0 0.968573 -0.248731
    outer loop
      vertex -74.4463 -32.7013 7.5153
      vertex -64.7 -32.6154 7.8498
      vertex -64.7 -32.7013 7.5153
    endloop
  endfacet
  facet normal -4.19058e-06 0.968602 -0.248616
    outer loop
      vertex -64.7 -32.6154 7.8498
      vertex -74.4463 -32.7013 7.5153
      vertex -74.4606 -32.6267 7.80594
    endloop
  endfacet
  facet normal 0 0.535796 -0.844348
    outer loop
      vertex -74.5 -31.6164 9.2248
      vertex -64.7 -31.3248 9.40984
      vertex -64.7 -31.6164 9.2248
    endloop
  endfacet
  facet normal 0 0.535796 -0.844348
    outer loop
      vertex -64.7 -31.3248 9.40984
      vertex -74.5 -31.6164 9.2248
      vertex -74.5 -31.3248 9.40984
    endloop
  endfacet
  facet normal 0 0.876273 -0.481815
    outer loop
      vertex -74.4693 -32.4883 8.17089
      vertex -64.7 -32.3219 8.47352
      vertex -64.7 -32.4883 8.17089
    endloop
  endfacet
  facet normal 0 0.876273 -0.481815
    outer loop
      vertex -64.7 -32.3219 8.47352
      vertex -74.4693 -32.4883 8.17089
      vertex -74.4797 -32.3219 8.47352
    endloop
  endfacet
  facet normal 0 0.929805 -0.368053
    outer loop
      vertex -74.4613 -32.6154 7.8498
      vertex -64.7 -32.4883 8.17089
      vertex -64.7 -32.6154 7.8498
    endloop
  endfacet
  facet normal 0 0.929805 -0.368053
    outer loop
      vertex -64.7 -32.4883 8.17089
      vertex -74.4613 -32.6154 7.8498
      vertex -74.4693 -32.4883 8.17089
    endloop
  endfacet
  facet normal 0 0.809011 -0.587793
    outer loop
      vertex -74.4797 -32.3219 8.47352
      vertex -64.7 -32.1189 8.75292
      vertex -64.7 -32.3219 8.47352
    endloop
  endfacet
  facet normal 0 0.809011 -0.587793
    outer loop
      vertex -64.7 -32.1189 8.75292
      vertex -74.4797 -32.3219 8.47352
      vertex -74.4925 -32.1189 8.75292
    endloop
  endfacet
  facet normal 0 0.728968 -0.684548
    outer loop
      vertex -74.4925 -32.1189 8.75292
      vertex -74.5 -31.8825 9.00466
      vertex -64.7 -31.8825 9.00466
    endloop
  endfacet
  facet normal 0 0.728968 -0.684548
    outer loop
      vertex -74.4925 -32.1189 8.75292
      vertex -64.7 -31.8825 9.00466
      vertex -64.7 -32.1189 8.75292
    endloop
  endfacet
  facet normal -0.000840505 0.728955 -0.684561
    outer loop
      vertex -74.5 -31.8825 9.00466
      vertex -74.4925 -32.1189 8.75292
      vertex -74.5 -32 8.87954
    endloop
  endfacet
  facet normal 0.547029 -0.0525663 0.835462
    outer loop
      vertex -60.5 15 1.5
      vertex -60.5 15.6893 1.54337
      vertex -64.7 15 4.25
    endloop
  endfacet
  facet normal 0.547027 -0.0525467 0.835464
    outer loop
      vertex -60.5 15.6893 1.54337
      vertex -64.7 15.3447 4.27168
      vertex -64.7 15 4.25
    endloop
  endfacet
  facet normal 0.547027 -0.677236 0.49205
    outer loop
      vertex -60.5 19.2378 3.49417
      vertex -64.7 17.3219 5.52648
      vertex -64.7 17.1189 5.24708
    endloop
  endfacet
  facet normal 0.547029 -0.810805 -0.208216
    outer loop
      vertex -64.7 17.7013 7.5153
      vertex -60.5 20.4026 8.0306
      vertex -64.7 17.6154 7.8498
    endloop
  endfacet
  facet normal 0.547029 0.0525663 0.835462
    outer loop
      vertex -60.5 14.3107 1.54337
      vertex -60.5 15 1.5
      vertex -64.7 15 4.25
    endloop
  endfacet
  facet normal 0.547027 0.533601 0.645005
    outer loop
      vertex -64.7 13.1175 4.99534
      vertex -60.5 11.7672 2.55041
      vertex -64.7 13.3836 4.7752
    endloop
  endfacet
  facet normal 0.547029 0.533586 0.645016
    outer loop
      vertex -60.5 11.7672 2.55041
      vertex -64.7 13.1175 4.99534
      vertex -60.5 11.235 2.99067
    endloop
  endfacet
  facet normal 0.547029 0.810813 -0.208185
    outer loop
      vertex -60.5 9.76919 8.69959
      vertex -60.5 9.59742 8.0306
      vertex -64.7 12.3846 7.8498
    endloop
  endfacet
  facet normal 0.547028 -0.44854 -0.706804
    outer loop
      vertex -60.5 18.2328 11.4496
      vertex -60.5 17.6496 11.8197
      vertex -64.7 16.6164 9.2248
    endloop
  endfacet
  facet normal 0.547029 0.258718 0.796131
    outer loop
      vertex -64.7 13.9877 4.44312
      vertex -60.5 13.6322 1.67279
      vertex -64.7 14.3161 4.3364
    endloop
  endfacet
  facet normal 0.547032 0.258682 0.796141
    outer loop
      vertex -60.5 13.6322 1.67279
      vertex -64.7 13.9877 4.44312
      vertex -60.5 12.9753 1.88623
    endloop
  endfacet
  facet normal 0.547027 0.156847 0.82229
    outer loop
      vertex -60.5 13.6322 1.67279
      vertex -60.5 14.3107 1.54337
      vertex -64.7 14.6553 4.27168
    endloop
  endfacet
  facet normal 0.547033 0.356402 0.757451
    outer loop
      vertex -64.7 13.6752 4.59016
      vertex -60.5 12.9753 1.88623
      vertex -64.7 13.9877 4.44312
    endloop
  endfacet
  facet normal 0.547029 0.35645 0.757432
    outer loop
      vertex -60.5 12.9753 1.88623
      vertex -64.7 13.6752 4.59016
      vertex -60.5 12.3504 2.18031
    endloop
  endfacet
  facet normal 0.547027 0.44854 0.706805
    outer loop
      vertex -60.5 11.7672 2.55041
      vertex -60.5 12.3504 2.18031
      vertex -64.7 13.3836 4.7752
    endloop
  endfacet
  facet normal 0.547024 0.830511 0.104956
    outer loop
      vertex -60.5 9.51085 6.65465
      vertex -64.7 12.2987 6.4847
      vertex -64.7 12.2554 6.82733
    endloop
  endfacet
  facet normal 0.547027 0.830513 0.104922
    outer loop
      vertex -64.7 12.2987 6.4847
      vertex -60.5 9.51085 6.65465
      vertex -60.5 9.59742 5.9694
    endloop
  endfacet
  facet normal 0.547028 0.733592 0.403242
    outer loop
      vertex -60.5 10.0235 4.65821
      vertex -60.5 10.3562 4.05295
      vertex -64.7 12.6781 5.52648
    endloop
  endfacet
  facet normal 0.54703 0.448522 -0.706814
    outer loop
      vertex -64.7 13.6752 9.40984
      vertex -60.5 12.3504 11.8197
      vertex -64.7 13.3836 9.2248
    endloop
  endfacet
  facet normal 0.547024 0.610231 -0.573046
    outer loop
      vertex -64.7 13.1175 9.00466
      vertex -60.5 10.7622 10.5058
      vertex -64.7 12.8811 8.75292
    endloop
  endfacet
  facet normal 0.547027 0.778311 -0.30821
    outer loop
      vertex -60.5 10.0235 9.34179
      vertex -60.5 9.76919 8.69959
      vertex -64.7 12.3846 7.8498
    endloop
  endfacet
  facet normal 0.547029 -0.810805 0.208216
    outer loop
      vertex -60.5 20.4026 5.9694
      vertex -64.7 17.7013 6.4847
      vertex -64.7 17.6154 6.1502
    endloop
  endfacet
  facet normal 0.547029 -0.35645 0.757432
    outer loop
      vertex -64.7 16.3248 4.59016
      vertex -60.5 17.0247 1.88623
      vertex -60.5 17.6496 2.18031
    endloop
  endfacet
  facet normal 0.547033 -0.356402 0.757451
    outer loop
      vertex -60.5 17.0247 1.88623
      vertex -64.7 16.3248 4.59016
      vertex -64.7 16.0123 4.44312
    endloop
  endfacet
  facet normal 0.547028 -0.733592 -0.403242
    outer loop
      vertex -60.5 19.9765 9.34179
      vertex -60.5 19.6438 9.94705
      vertex -64.7 17.3219 8.47352
    endloop
  endfacet
  facet normal 0.547028 -0.533601 -0.645004
    outer loop
      vertex -64.7 16.8825 9.00466
      vertex -60.5 18.2328 11.4496
      vertex -64.7 16.6164 9.2248
    endloop
  endfacet
  facet normal 0.547026 -0.533616 -0.644993
    outer loop
      vertex -60.5 18.2328 11.4496
      vertex -64.7 16.8825 9.00466
      vertex -60.5 18.765 11.0093
    endloop
  endfacet
  facet normal 0.547023 -0.0525469 -0.835467
    outer loop
      vertex -64.7 15.3447 9.72832
      vertex -60.5 15.6893 12.4566
      vertex -64.7 15 9.75
    endloop
  endfacet
  facet normal 0.547027 0.0525467 0.835464
    outer loop
      vertex -60.5 14.3107 1.54337
      vertex -64.7 15 4.25
      vertex -64.7 14.6553 4.27168
    endloop
  endfacet
  facet normal 0.547018 0.778359 0.308105
    outer loop
      vertex -60.5 10.0235 4.65821
      vertex -64.7 12.5117 5.82911
      vertex -64.7 12.3846 6.1502
    endloop
  endfacet
  facet normal 0.547028 0.610241 0.573032
    outer loop
      vertex -60.5 10.7622 3.49417
      vertex -60.5 11.235 2.99067
      vertex -64.7 13.1175 4.99534
    endloop
  endfacet
  facet normal 0.547023 0.156824 -0.822297
    outer loop
      vertex -60.5 14.3107 12.4566
      vertex -60.5 13.6322 12.3272
      vertex -64.7 14.6553 9.72832
    endloop
  endfacet
  facet normal 0.547029 0.156893 -0.82228
    outer loop
      vertex -64.7 14.6553 9.72832
      vertex -60.5 13.6322 12.3272
      vertex -64.7 14.3161 9.6636
    endloop
  endfacet
  facet normal 0.547031 0.356469 -0.757421
    outer loop
      vertex -64.7 13.6752 9.40984
      vertex -60.5 12.9753 12.1138
      vertex -60.5 12.3504 11.8197
    endloop
  endfacet
  facet normal 0.547037 0.356401 -0.757449
    outer loop
      vertex -60.5 12.9753 12.1138
      vertex -64.7 13.6752 9.40984
      vertex -64.7 13.9877 9.55688
    endloop
  endfacet
  facet normal 0.547026 0.610242 -0.573034
    outer loop
      vertex -60.5 11.235 11.0093
      vertex -60.5 10.7622 10.5058
      vertex -64.7 13.1175 9.00466
    endloop
  endfacet
  facet normal 0.547025 0.837116 0
    outer loop
      vertex -60.5 9.51085 7.34535
      vertex -64.7 12.2554 6.82733
      vertex -64.7 12.2554 7.17267
    endloop
  endfacet
  facet normal 0.547025 0.837116 0
    outer loop
      vertex -64.7 12.2554 6.82733
      vertex -60.5 9.51085 7.34535
      vertex -60.5 9.51085 6.65465
    endloop
  endfacet
  facet normal 0.547018 0.778359 -0.308105
    outer loop
      vertex -64.7 12.5117 8.17089
      vertex -60.5 10.0235 9.34179
      vertex -64.7 12.3846 7.8498
    endloop
  endfacet
  facet normal 0.547032 -0.258682 0.796141
    outer loop
      vertex -64.7 16.0123 4.44312
      vertex -60.5 16.3678 1.67279
      vertex -60.5 17.0247 1.88623
    endloop
  endfacet
  facet normal 0.547029 -0.258718 0.796131
    outer loop
      vertex -60.5 16.3678 1.67279
      vertex -64.7 16.0123 4.44312
      vertex -64.7 15.6839 4.3364
    endloop
  endfacet
  facet normal 0.547028 -0.610241 0.573032
    outer loop
      vertex -60.5 18.765 2.99067
      vertex -60.5 19.2378 3.49417
      vertex -64.7 16.8825 4.99534
    endloop
  endfacet
  facet normal 0.547027 -0.778316 -0.308199
    outer loop
      vertex -60.5 20.2308 8.69959
      vertex -60.5 19.9765 9.34179
      vertex -64.7 17.6154 7.8498
    endloop
  endfacet
  facet normal 0.547028 -0.830524 -0.104838
    outer loop
      vertex -64.7 17.7013 7.5153
      vertex -60.5 20.4891 7.34535
      vertex -60.5 20.4026 8.0306
    endloop
  endfacet
  facet normal 0.547018 -0.830515 -0.104957
    outer loop
      vertex -60.5 20.4891 7.34535
      vertex -64.7 17.7013 7.5153
      vertex -64.7 17.7446 7.17267
    endloop
  endfacet
  facet normal 0.547024 -0.610231 -0.573046
    outer loop
      vertex -64.7 17.1189 8.75292
      vertex -60.5 19.2378 10.5058
      vertex -64.7 16.8825 9.00466
    endloop
  endfacet
  facet normal 0.547028 -0.677214 -0.492079
    outer loop
      vertex -60.5 19.6438 9.94705
      vertex -60.5 19.2378 10.5058
      vertex -64.7 17.3219 8.47352
    endloop
  endfacet
  facet normal 0.547023 -0.156824 -0.822297
    outer loop
      vertex -60.5 16.3678 12.3272
      vertex -60.5 15.6893 12.4566
      vertex -64.7 15.3447 9.72832
    endloop
  endfacet
  facet normal 0.547023 0.0525469 -0.835467
    outer loop
      vertex -64.7 15 9.75
      vertex -60.5 14.3107 12.4566
      vertex -64.7 14.6553 9.72832
    endloop
  endfacet
  facet normal 0.547031 0.156892 0.822279
    outer loop
      vertex -60.5 13.6322 1.67279
      vertex -64.7 14.6553 4.27168
      vertex -64.7 14.3161 4.3364
    endloop
  endfacet
  facet normal 0.547029 0.448522 0.706815
    outer loop
      vertex -60.5 12.3504 2.18031
      vertex -64.7 13.6752 4.59016
      vertex -64.7 13.3836 4.7752
    endloop
  endfacet
  facet normal 0.547029 0.810813 0.208185
    outer loop
      vertex -60.5 9.59742 5.9694
      vertex -60.5 9.76919 5.30041
      vertex -64.7 12.3846 6.1502
    endloop
  endfacet
  facet normal 0.547027 0.778311 0.30821
    outer loop
      vertex -60.5 9.76919 5.30041
      vertex -60.5 10.0235 4.65821
      vertex -64.7 12.3846 6.1502
    endloop
  endfacet
  facet normal 0.547026 0.810807 0.208216
    outer loop
      vertex -60.5 9.59742 5.9694
      vertex -64.7 12.3846 6.1502
      vertex -64.7 12.2987 6.4847
    endloop
  endfacet
  facet normal 0.547018 0.733546 0.403338
    outer loop
      vertex -60.5 10.0235 4.65821
      vertex -64.7 12.6781 5.52648
      vertex -64.7 12.5117 5.82911
    endloop
  endfacet
  facet normal 0.547028 0.677227 0.492061
    outer loop
      vertex -60.5 10.3562 4.05295
      vertex -60.5 10.7622 3.49417
      vertex -64.7 12.6781 5.52648
    endloop
  endfacet
  facet normal 0.547027 0.61023 0.573045
    outer loop
      vertex -60.5 10.7622 3.49417
      vertex -64.7 13.1175 4.99534
      vertex -64.7 12.8811 5.24708
    endloop
  endfacet
  facet normal 0.547027 0.677236 0.49205
    outer loop
      vertex -60.5 10.7622 3.49417
      vertex -64.7 12.8811 5.24708
      vertex -64.7 12.6781 5.52648
    endloop
  endfacet
  facet normal 0.547034 0.258638 -0.796153
    outer loop
      vertex -64.7 13.9877 9.55688
      vertex -60.5 13.6322 12.3272
      vertex -60.5 12.9753 12.1138
    endloop
  endfacet
  facet normal 0.547027 0.258719 -0.796132
    outer loop
      vertex -60.5 13.6322 12.3272
      vertex -64.7 13.9877 9.55688
      vertex -64.7 14.3161 9.6636
    endloop
  endfacet
  facet normal 0.547027 0.830513 -0.104922
    outer loop
      vertex -60.5 9.51085 7.34535
      vertex -64.7 12.2987 7.5153
      vertex -60.5 9.59742 8.0306
    endloop
  endfacet
  facet normal 0.547024 0.830511 -0.104956
    outer loop
      vertex -64.7 12.2987 7.5153
      vertex -60.5 9.51085 7.34535
      vertex -64.7 12.2554 7.17267
    endloop
  endfacet
  facet normal 0.547025 0.677237 -0.492051
    outer loop
      vertex -64.7 12.8811 8.75292
      vertex -60.5 10.7622 10.5058
      vertex -64.7 12.6781 8.47352
    endloop
  endfacet
  facet normal 0.547018 -0.733546 0.403338
    outer loop
      vertex -60.5 19.9765 4.65821
      vertex -64.7 17.4883 5.82911
      vertex -64.7 17.3219 5.52648
    endloop
  endfacet
  facet normal 0.547018 -0.837121 0
    outer loop
      vertex -64.7 17.7446 6.82733
      vertex -60.5 20.4891 7.34535
      vertex -64.7 17.7446 7.17267
    endloop
  endfacet
  facet normal 0.547018 -0.837121 0
    outer loop
      vertex -60.5 20.4891 7.34535
      vertex -64.7 17.7446 6.82733
      vertex -60.5 20.4891 6.65465
    endloop
  endfacet
  facet normal 0.547027 -0.156847 0.82229
    outer loop
      vertex -60.5 15.6893 1.54337
      vertex -60.5 16.3678 1.67279
      vertex -64.7 15.3447 4.27168
    endloop
  endfacet
  facet normal 0.547031 -0.156892 0.822279
    outer loop
      vertex -60.5 16.3678 1.67279
      vertex -64.7 15.6839 4.3364
      vertex -64.7 15.3447 4.27168
    endloop
  endfacet
  facet normal 0.547027 -0.44854 0.706805
    outer loop
      vertex -60.5 17.6496 2.18031
      vertex -60.5 18.2328 2.55041
      vertex -64.7 16.6164 4.7752
    endloop
  endfacet
  facet normal 0.547029 -0.533586 0.645016
    outer loop
      vertex -64.7 16.8825 4.99534
      vertex -60.5 18.2328 2.55041
      vertex -60.5 18.765 2.99067
    endloop
  endfacet
  facet normal 0.547027 -0.533601 0.645005
    outer loop
      vertex -60.5 18.2328 2.55041
      vertex -64.7 16.8825 4.99534
      vertex -64.7 16.6164 4.7752
    endloop
  endfacet
  facet normal 0.547029 -0.810805 -0.208219
    outer loop
      vertex -60.5 20.4026 8.0306
      vertex -60.5 20.2308 8.69959
      vertex -64.7 17.6154 7.8498
    endloop
  endfacet
  facet normal 0.547026 -0.610242 -0.573034
    outer loop
      vertex -60.5 19.2378 10.5058
      vertex -60.5 18.765 11.0093
      vertex -64.7 16.8825 9.00466
    endloop
  endfacet
  facet normal 0.547018 -0.733546 -0.403338
    outer loop
      vertex -64.7 17.4883 8.17089
      vertex -60.5 19.9765 9.34179
      vertex -64.7 17.3219 8.47352
    endloop
  endfacet
  facet normal 0.547018 -0.778359 -0.308105
    outer loop
      vertex -64.7 17.6154 7.8498
      vertex -60.5 19.9765 9.34179
      vertex -64.7 17.4883 8.17089
    endloop
  endfacet
  facet normal 0.547025 -0.677237 -0.492051
    outer loop
      vertex -64.7 17.3219 8.47352
      vertex -60.5 19.2378 10.5058
      vertex -64.7 17.1189 8.75292
    endloop
  endfacet
  facet normal 0.547037 -0.356401 -0.757449
    outer loop
      vertex -64.7 16.3248 9.40984
      vertex -60.5 17.0247 12.1138
      vertex -64.7 16.0123 9.55688
    endloop
  endfacet
  facet normal 0.547031 -0.356469 -0.757421
    outer loop
      vertex -60.5 17.0247 12.1138
      vertex -64.7 16.3248 9.40984
      vertex -60.5 17.6496 11.8197
    endloop
  endfacet
  facet normal 0.547028 0.0526026 -0.83546
    outer loop
      vertex -60.5 15 12.5
      vertex -60.5 14.3107 12.4566
      vertex -64.7 15 9.75
    endloop
  endfacet
  facet normal 0.547028 -0.0526026 -0.83546
    outer loop
      vertex -60.5 15.6893 12.4566
      vertex -60.5 15 12.5
      vertex -64.7 15 9.75
    endloop
  endfacet
  facet normal 0.547026 0.533616 -0.644993
    outer loop
      vertex -64.7 13.1175 9.00466
      vertex -60.5 11.7672 11.4496
      vertex -60.5 11.235 11.0093
    endloop
  endfacet
  facet normal 0.547028 0.533601 -0.645004
    outer loop
      vertex -60.5 11.7672 11.4496
      vertex -64.7 13.1175 9.00466
      vertex -64.7 13.3836 9.2248
    endloop
  endfacet
  facet normal 0.547028 0.44854 -0.706804
    outer loop
      vertex -60.5 12.3504 11.8197
      vertex -60.5 11.7672 11.4496
      vertex -64.7 13.3836 9.2248
    endloop
  endfacet
  facet normal 0.547026 0.810807 -0.208216
    outer loop
      vertex -64.7 12.3846 7.8498
      vertex -60.5 9.59742 8.0306
      vertex -64.7 12.2987 7.5153
    endloop
  endfacet
  facet normal 0.547018 0.733546 -0.403338
    outer loop
      vertex -64.7 12.6781 8.47352
      vertex -60.5 10.0235 9.34179
      vertex -64.7 12.5117 8.17089
    endloop
  endfacet
  facet normal 0.547028 0.677214 -0.492079
    outer loop
      vertex -60.5 10.7622 10.5058
      vertex -60.5 10.3562 9.94705
      vertex -64.7 12.6781 8.47352
    endloop
  endfacet
  facet normal 0.547028 0.733592 -0.403242
    outer loop
      vertex -60.5 10.3562 9.94705
      vertex -60.5 10.0235 9.34179
      vertex -64.7 12.6781 8.47352
    endloop
  endfacet
  facet normal 0.547028 -0.733592 0.403242
    outer loop
      vertex -60.5 19.6438 4.05295
      vertex -60.5 19.9765 4.65821
      vertex -64.7 17.3219 5.52648
    endloop
  endfacet
  facet normal 0.547028 -0.677227 0.492061
    outer loop
      vertex -60.5 19.2378 3.49417
      vertex -60.5 19.6438 4.05295
      vertex -64.7 17.3219 5.52648
    endloop
  endfacet
  facet normal 0.547027 -0.778316 0.308199
    outer loop
      vertex -60.5 19.9765 4.65821
      vertex -60.5 20.2308 5.30041
      vertex -64.7 17.6154 6.1502
    endloop
  endfacet
  facet normal 0.547029 -0.810805 0.208219
    outer loop
      vertex -60.5 20.2308 5.30041
      vertex -60.5 20.4026 5.9694
      vertex -64.7 17.6154 6.1502
    endloop
  endfacet
  facet normal 0.54703 -0.448522 -0.706814
    outer loop
      vertex -64.7 16.6164 9.2248
      vertex -60.5 17.6496 11.8197
      vertex -64.7 16.3248 9.40984
    endloop
  endfacet
  facet normal 0.547029 -0.156893 -0.82228
    outer loop
      vertex -64.7 15.6839 9.6636
      vertex -60.5 16.3678 12.3272
      vertex -64.7 15.3447 9.72832
    endloop
  endfacet
  facet normal 0.547027 -0.258719 -0.796132
    outer loop
      vertex -64.7 16.0123 9.55688
      vertex -60.5 16.3678 12.3272
      vertex -64.7 15.6839 9.6636
    endloop
  endfacet
  facet normal 0.547034 -0.258638 -0.796153
    outer loop
      vertex -60.5 16.3678 12.3272
      vertex -64.7 16.0123 9.55688
      vertex -60.5 17.0247 12.1138
    endloop
  endfacet
  facet normal 0.547018 -0.778359 0.308105
    outer loop
      vertex -60.5 19.9765 4.65821
      vertex -64.7 17.6154 6.1502
      vertex -64.7 17.4883 5.82911
    endloop
  endfacet
  facet normal 0.547018 -0.830515 0.104957
    outer loop
      vertex -64.7 17.7013 6.4847
      vertex -60.5 20.4891 6.65465
      vertex -64.7 17.7446 6.82733
    endloop
  endfacet
  facet normal 0.547028 -0.830524 0.104838
    outer loop
      vertex -60.5 20.4891 6.65465
      vertex -64.7 17.7013 6.4847
      vertex -60.5 20.4026 5.9694
    endloop
  endfacet
  facet normal 0.547029 -0.448522 0.706815
    outer loop
      vertex -60.5 17.6496 2.18031
      vertex -64.7 16.6164 4.7752
      vertex -64.7 16.3248 4.59016
    endloop
  endfacet
  facet normal 0.547027 -0.61023 0.573045
    outer loop
      vertex -60.5 19.2378 3.49417
      vertex -64.7 17.1189 5.24708
      vertex -64.7 16.8825 4.99534
    endloop
  endfacet
  facet normal 0 -0.0627947 0.998026
    outer loop
      vertex 18.0898 15.6893 1.54337
      vertex 50.9612 15 1.5
      vertex 52.5122 15.6893 1.54337
    endloop
  endfacet
  facet normal 0 -0.0627947 0.998026
    outer loop
      vertex 50.9612 15 1.5
      vertex 18.0898 15.6893 1.54337
      vertex 16.5388 15 1.5
    endloop
  endfacet
  facet normal 0 -0.062838 -0.998024
    outer loop
      vertex 50.9612 15 12.5
      vertex 18.0898 15.6893 12.4566
      vertex 52.5122 15.6893 12.4566
    endloop
  endfacet
  facet normal 0 -0.062838 -0.998024
    outer loop
      vertex 18.0898 15.6893 12.4566
      vertex 50.9612 15 12.5
      vertex 16.5388 15 12.5
    endloop
  endfacet
  facet normal 0 -1 0
    outer loop
      vertex 28.8894 20.4891 7.34535
      vertex 48.0089 20.4891 7.28256
      vertex 48.0168 20.4891 7.34535
    endloop
  endfacet
  facet normal 0 -1 0
    outer loop
      vertex 28.8894 20.4891 7.34535
      vertex 48.0089 20.4891 6.71744
      vertex 48.0089 20.4891 7.28256
    endloop
  endfacet
  facet normal 0 -1 0
    outer loop
      vertex 28.8894 20.4891 6.65465
      vertex 48.0089 20.4891 6.71744
      vertex 28.8894 20.4891 7.34535
    endloop
  endfacet
  facet normal 0 -1 -0
    outer loop
      vertex 48.0089 20.4891 6.71744
      vertex 28.8894 20.4891 6.65465
      vertex 48.0168 20.4891 6.65465
    endloop
  endfacet
  facet normal 0 -1 0
    outer loop
      vertex 56.9911 20.4891 7.28256
      vertex 63.3118 20.4891 7.34535
      vertex 56.9832 20.4891 7.34535
    endloop
  endfacet
  facet normal 0 -1 0
    outer loop
      vertex 56.9911 20.4891 6.71744
      vertex 63.3118 20.4891 7.34535
      vertex 56.9911 20.4891 7.28256
    endloop
  endfacet
  facet normal 0 -1 0
    outer loop
      vertex 63.3118 20.4891 6.65465
      vertex 56.9911 20.4891 6.71744
      vertex 56.9832 20.4891 6.65465
    endloop
  endfacet
  facet normal 0 -1 0
    outer loop
      vertex 56.9911 20.4891 6.71744
      vertex 63.3118 20.4891 6.65465
      vertex 63.3118 20.4891 7.34535
    endloop
  endfacet
  facet normal 0 1 -0
    outer loop
      vertex 38.6106 9.51085 6.65465
      vertex 4.18821 9.51085 7.34535
      vertex 38.6106 9.51085 7.34535
    endloop
  endfacet
  facet normal 0 1 0
    outer loop
      vertex 4.18821 9.51085 7.34535
      vertex 38.6106 9.51085 6.65465
      vertex 4.18821 9.51085 6.65465
    endloop
  endfacet
  facet normal 0 -0.729073 0.684436
    outer loop
      vertex 26.0739 19.2378 3.49417
      vertex 49.855 19.1113 3.35942
      vertex 49.6921 19.2378 3.49417
    endloop
  endfacet
  facet normal 1.90994e-06 -0.728905 0.684615
    outer loop
      vertex 26.0739 19.2378 3.49417
      vertex 50.3321 18.8269 3.05662
      vertex 49.855 19.1113 3.35942
    endloop
  endfacet
  facet normal -8.34223e-07 -0.728981 0.684534
    outer loop
      vertex 25.0101 18.765 2.99067
      vertex 50.3321 18.8269 3.05662
      vertex 26.0739 19.2378 3.49417
    endloop
  endfacet
  facet normal 0 -0.729141 0.684364
    outer loop
      vertex 50.3321 18.8269 3.05662
      vertex 25.0101 18.765 2.99067
      vertex 50.4723 18.765 2.99067
    endloop
  endfacet
  facet normal -1.94893e-05 -0.729061 0.684448
    outer loop
      vertex 59.4325 18.765 2.99067
      vertex 55.3079 19.2378 3.49417
      vertex 55.145 19.1113 3.35942
    endloop
  endfacet
  facet normal 6.35863e-06 -0.728911 0.684608
    outer loop
      vertex 59.4325 18.765 2.99067
      vertex 55.145 19.1113 3.35942
      vertex 54.6679 18.8269 3.05662
    endloop
  endfacet
  facet normal 0 -0.729141 0.684364
    outer loop
      vertex 59.4325 18.765 2.99067
      vertex 54.6679 18.8269 3.05662
      vertex 54.5277 18.765 2.99067
    endloop
  endfacet
  facet normal 0 -0.728982 0.684533
    outer loop
      vertex 55.3079 19.2378 3.49417
      vertex 59.4325 18.765 2.99067
      vertex 60.4963 19.2378 3.49417
    endloop
  endfacet
  facet normal 0 -0.728882 -0.68464
    outer loop
      vertex 25.0101 18.765 11.0093
      vertex 50.3321 18.8269 10.9434
      vertex 50.4723 18.765 11.0093
    endloop
  endfacet
  facet normal 5.2491e-07 -0.728982 -0.684533
    outer loop
      vertex 26.0739 19.2378 10.5058
      vertex 50.3321 18.8269 10.9434
      vertex 25.0101 18.765 11.0093
    endloop
  endfacet
  facet normal 3.36231e-06 -0.728904 -0.684616
    outer loop
      vertex 50.3321 18.8269 10.9434
      vertex 26.0739 19.2378 10.5058
      vertex 49.855 19.1113 10.6406
    endloop
  endfacet
  facet normal 0 -0.7292 -0.684301
    outer loop
      vertex 49.855 19.1113 10.6406
      vertex 26.0739 19.2378 10.5058
      vertex 49.6921 19.2378 10.5058
    endloop
  endfacet
  facet normal 0 -0.728882 -0.68464
    outer loop
      vertex 54.6679 18.8269 10.9434
      vertex 59.4325 18.765 11.0093
      vertex 54.5277 18.765 11.0093
    endloop
  endfacet
  facet normal -6.72458e-07 -0.728906 -0.684614
    outer loop
      vertex 55.145 19.1113 10.6406
      vertex 59.4325 18.765 11.0093
      vertex 54.6679 18.8269 10.9434
    endloop
  endfacet
  facet normal -4.65035e-05 -0.729172 -0.684331
    outer loop
      vertex 55.3079 19.2378 10.5058
      vertex 59.4325 18.765 11.0093
      vertex 55.145 19.1113 10.6406
    endloop
  endfacet
  facet normal 0 -0.728982 -0.684533
    outer loop
      vertex 59.4325 18.765 11.0093
      vertex 55.3079 19.2378 10.5058
      vertex 60.4963 19.2378 10.5058
    endloop
  endfacet
  facet normal 0 -0.929759 -0.368168
    outer loop
      vertex 28.3081 20.2308 8.69959
      vertex 48.6624 19.9765 9.34179
      vertex 27.736 19.9765 9.34179
    endloop
  endfacet
  facet normal -1.01971e-07 -0.92976 -0.368166
    outer loop
      vertex 48.6624 19.9765 9.34179
      vertex 28.3081 20.2308 8.69959
      vertex 48.4283 20.1451 8.91601
    endloop
  endfacet
  facet normal 0 -0.929757 -0.368174
    outer loop
      vertex 48.4283 20.1451 8.91601
      vertex 28.3081 20.2308 8.69959
      vertex 48.3426 20.2308 8.69959
    endloop
  endfacet
  facet normal 0 -0.92976 -0.368166
    outer loop
      vertex 56.5717 20.1451 8.91601
      vertex 62.1584 19.9765 9.34179
      vertex 56.3376 19.9765 9.34179
    endloop
  endfacet
  facet normal 6.97189e-07 -0.929757 -0.368174
    outer loop
      vertex 56.6574 20.2308 8.69959
      vertex 62.1584 19.9765 9.34179
      vertex 56.5717 20.1451 8.91601
    endloop
  endfacet
  facet normal 0 -0.929759 -0.368168
    outer loop
      vertex 62.1584 19.9765 9.34179
      vertex 56.6574 20.2308 8.69959
      vertex 62.7305 20.2308 8.69959
    endloop
  endfacet
  facet normal -0 0.637412 0.770523
    outer loop
      vertex 9.26495 11.7672 2.55041
      vertex 42.4899 11.235 2.99067
      vertex 43.6874 11.7672 2.55041
    endloop
  endfacet
  facet normal 0 0.637412 0.770523
    outer loop
      vertex 42.4899 11.235 2.99067
      vertex 9.26495 11.7672 2.55041
      vertex 8.06752 11.235 2.99067
    endloop
  endfacet
  facet normal 0 -0.425808 0.904813
    outer loop
      vertex 22.5005 17.6496 2.18031
      vertex 55.5168 17.0247 1.88623
      vertex 56.9229 17.6496 2.18031
    endloop
  endfacet
  facet normal 0 -0.425808 0.904813
    outer loop
      vertex 55.5168 17.0247 1.88623
      vertex 22.5005 17.6496 2.18031
      vertex 21.0943 17.0247 1.88623
    endloop
  endfacet
  facet normal 0 -0.929757 0.368174
    outer loop
      vertex 28.3081 20.2308 5.30041
      vertex 48.4283 20.1451 5.08399
      vertex 48.3426 20.2308 5.30041
    endloop
  endfacet
  facet normal 0 -0.929759 0.368168
    outer loop
      vertex 48.6624 19.9765 4.65821
      vertex 28.3081 20.2308 5.30041
      vertex 27.736 19.9765 4.65821
    endloop
  endfacet
  facet normal -1.01971e-07 -0.92976 0.368166
    outer loop
      vertex 28.3081 20.2308 5.30041
      vertex 48.6624 19.9765 4.65821
      vertex 48.4283 20.1451 5.08399
    endloop
  endfacet
  facet normal 6.97189e-07 -0.929757 0.368174
    outer loop
      vertex 62.1584 19.9765 4.65821
      vertex 56.6574 20.2308 5.30041
      vertex 56.5717 20.1451 5.08399
    endloop
  endfacet
  facet normal 0 -0.92976 0.368166
    outer loop
      vertex 62.1584 19.9765 4.65821
      vertex 56.5717 20.1451 5.08399
      vertex 56.3376 19.9765 4.65821
    endloop
  endfacet
  facet normal 0 -0.929759 0.368168
    outer loop
      vertex 56.6574 20.2308 5.30041
      vertex 62.1584 19.9765 4.65821
      vertex 62.7305 20.2308 5.30041
    endloop
  endfacet
  facet normal 0 -0.968601 0.248621
    outer loop
      vertex 28.6946 20.4026 5.9694
      vertex 48.2202 20.3102 5.60942
      vertex 48.1278 20.4026 5.9694
    endloop
  endfacet
  facet normal 0 -0.968572 0.248734
    outer loop
      vertex 48.3426 20.2308 5.30041
      vertex 28.6946 20.4026 5.9694
      vertex 28.3081 20.2308 5.30041
    endloop
  endfacet
  facet normal 4.83303e-06 -0.968538 0.248867
    outer loop
      vertex 28.6946 20.4026 5.9694
      vertex 48.3426 20.2308 5.30041
      vertex 48.2202 20.3102 5.60942
    endloop
  endfacet
  facet normal -1.33366e-05 -0.9686 0.248625
    outer loop
      vertex 62.7305 20.2308 5.30041
      vertex 56.8722 20.4026 5.9694
      vertex 56.7798 20.3102 5.60942
    endloop
  endfacet
  facet normal 0 -0.968538 0.248865
    outer loop
      vertex 62.7305 20.2308 5.30041
      vertex 56.7798 20.3102 5.60942
      vertex 56.6574 20.2308 5.30041
    endloop
  endfacet
  facet normal 0 -0.968572 0.248734
    outer loop
      vertex 56.8722 20.4026 5.9694
      vertex 62.7305 20.2308 5.30041
      vertex 63.117 20.4026 5.9694
    endloop
  endfacet
  facet normal 0 -0.876677 0.48108
    outer loop
      vertex 27.736 19.9765 4.65821
      vertex 48.7005 19.9384 4.58878
      vertex 48.6624 19.9765 4.65821
    endloop
  endfacet
  facet normal 3.27742e-06 -0.876259 0.48184
    outer loop
      vertex 27.736 19.9765 4.65821
      vertex 49.0327 19.687 4.13159
      vertex 48.7005 19.9384 4.58878
    endloop
  endfacet
  facet normal 0 -0.876334 0.481704
    outer loop
      vertex 49.1065 19.6438 4.05295
      vertex 27.736 19.9765 4.65821
      vertex 26.9873 19.6438 4.05295
    endloop
  endfacet
  facet normal -8.73084e-06 -0.876464 0.481467
    outer loop
      vertex 27.736 19.9765 4.65821
      vertex 49.1065 19.6438 4.05295
      vertex 49.0327 19.687 4.13159
    endloop
  endfacet
  facet normal -9.10128e-05 -0.876656 0.481118
    outer loop
      vertex 61.4098 19.6438 4.05295
      vertex 56.3376 19.9765 4.65821
      vertex 56.2995 19.9384 4.58878
    endloop
  endfacet
  facet normal 6.79157e-06 -0.876262 0.481835
    outer loop
      vertex 61.4098 19.6438 4.05295
      vertex 56.2995 19.9384 4.58878
      vertex 55.9673 19.687 4.13159
    endloop
  endfacet
  facet normal 0 -0.876461 0.481474
    outer loop
      vertex 61.4098 19.6438 4.05295
      vertex 55.9673 19.687 4.13159
      vertex 55.8935 19.6438 4.05295
    endloop
  endfacet
  facet normal 0 -0.876334 0.481704
    outer loop
      vertex 56.3376 19.9765 4.65821
      vertex 61.4098 19.6438 4.05295
      vertex 62.1584 19.9765 4.65821
    endloop
  endfacet
  facet normal 0 -0.425832 -0.904802
    outer loop
      vertex 55.5168 17.0247 12.1138
      vertex 22.5005 17.6496 11.8197
      vertex 56.9229 17.6496 11.8197
    endloop
  endfacet
  facet normal 0 -0.425832 -0.904802
    outer loop
      vertex 22.5005 17.6496 11.8197
      vertex 55.5168 17.0247 12.1138
      vertex 21.0943 17.0247 12.1138
    endloop
  endfacet
  facet normal 0 -0.63756 -0.770401
    outer loop
      vertex 50.8434 18.5539 11.184
      vertex 25.0101 18.765 11.0093
      vertex 50.4723 18.765 11.0093
    endloop
  endfacet
  facet normal -5.37419e-07 -0.637344 -0.770579
    outer loop
      vertex 23.8126 18.2328 11.4496
      vertex 50.8434 18.5539 11.184
      vertex 51.3809 18.3428 11.3586
    endloop
  endfacet
  facet normal 0 -0.637424 -0.770513
    outer loop
      vertex 23.8126 18.2328 11.4496
      vertex 51.3809 18.3428 11.3586
      vertex 51.8578 18.2328 11.4496
    endloop
  endfacet
  facet normal 1.5414e-06 -0.637448 -0.770493
    outer loop
      vertex 50.8434 18.5539 11.184
      vertex 23.8126 18.2328 11.4496
      vertex 25.0101 18.765 11.0093
    endloop
  endfacet
  facet normal 0 -0.637446 -0.770495
    outer loop
      vertex 58.2351 18.2328 11.4496
      vertex 54.5277 18.765 11.0093
      vertex 59.4325 18.765 11.0093
    endloop
  endfacet
  facet normal -2.20169e-05 -0.637537 -0.77042
    outer loop
      vertex 58.2351 18.2328 11.4496
      vertex 54.1566 18.5539 11.184
      vertex 54.5277 18.765 11.0093
    endloop
  endfacet
  facet normal 3.05677e-06 -0.637348 -0.770576
    outer loop
      vertex 58.2351 18.2328 11.4496
      vertex 53.6191 18.3428 11.3586
      vertex 54.1566 18.5539 11.184
    endloop
  endfacet
  facet normal 0 -0.637424 -0.770513
    outer loop
      vertex 53.6191 18.3428 11.3586
      vertex 58.2351 18.2328 11.4496
      vertex 53.1422 18.2328 11.4496
    endloop
  endfacet
  facet normal 0 -0.992097 -0.125475
    outer loop
      vertex 28.6946 20.4026 8.0306
      vertex 48.0797 20.4263 7.84321
      vertex 48.1278 20.4026 8.0306
    endloop
  endfacet
  facet normal 2.33593e-06 -0.992127 -0.125237
    outer loop
      vertex 28.8894 20.4891 7.34535
      vertex 48.0797 20.4263 7.84321
      vertex 28.6946 20.4026 8.0306
    endloop
  endfacet
  facet normal 0 -0.992138 -0.125148
    outer loop
      vertex 48.0797 20.4263 7.84321
      vertex 28.8894 20.4891 7.34535
      vertex 48.0168 20.4891 7.34535
    endloop
  endfacet
  facet normal 0 -0.992097 -0.125475
    outer loop
      vertex 56.9203 20.4263 7.84321
      vertex 63.117 20.4026 8.0306
      vertex 56.8722 20.4026 8.0306
    endloop
  endfacet
  facet normal -9.99226e-06 -0.992138 -0.125149
    outer loop
      vertex 56.9832 20.4891 7.34535
      vertex 63.117 20.4026 8.0306
      vertex 56.9203 20.4263 7.84321
    endloop
  endfacet
  facet normal 0 -0.992127 -0.125237
    outer loop
      vertex 63.117 20.4026 8.0306
      vertex 56.9832 20.4891 7.34535
      vertex 63.3118 20.4891 7.34535
    endloop
  endfacet
  facet normal -0 0.992114 0.125337
    outer loop
      vertex 4.38299 9.59742 5.9694
      vertex 38.6106 9.51085 6.65465
      vertex 38.8054 9.59742 5.9694
    endloop
  endfacet
  facet normal 0 0.992114 0.125337
    outer loop
      vertex 38.6106 9.51085 6.65465
      vertex 4.38299 9.59742 5.9694
      vertex 4.18821 9.51085 6.65465
    endloop
  endfacet
  facet normal -0 0.929754 0.368181
    outer loop
      vertex 5.34156 10.0235 4.65821
      vertex 39.1919 9.76919 5.30041
      vertex 39.764 10.0235 4.65821
    endloop
  endfacet
  facet normal 0 0.929754 0.368181
    outer loop
      vertex 39.1919 9.76919 5.30041
      vertex 5.34156 10.0235 4.65821
      vertex 4.76947 9.76919 5.30041
    endloop
  endfacet
  facet normal 0 -0.309017 0.951056
    outer loop
      vertex 21.0943 17.0247 1.88623
      vertex 54.0387 16.3678 1.67279
      vertex 55.5168 17.0247 1.88623
    endloop
  endfacet
  facet normal 0 -0.309017 0.951056
    outer loop
      vertex 54.0387 16.3678 1.67279
      vertex 21.0943 17.0247 1.88623
      vertex 19.6163 16.3678 1.67279
    endloop
  endfacet
  facet normal 0 -0.187366 0.98229
    outer loop
      vertex 19.6163 16.3678 1.67279
      vertex 52.5122 15.6893 1.54337
      vertex 54.0387 16.3678 1.67279
    endloop
  endfacet
  facet normal 0 -0.187366 0.98229
    outer loop
      vertex 52.5122 15.6893 1.54337
      vertex 19.6163 16.3678 1.67279
      vertex 18.0898 15.6893 1.54337
    endloop
  endfacet
  facet normal 0 -0.637474 0.770472
    outer loop
      vertex 25.0101 18.765 2.99067
      vertex 50.8434 18.5539 2.81601
      vertex 50.4723 18.765 2.99067
    endloop
  endfacet
  facet normal 8.3462e-07 -0.637413 0.770522
    outer loop
      vertex 23.8126 18.2328 2.55041
      vertex 50.8434 18.5539 2.81601
      vertex 25.0101 18.765 2.99067
    endloop
  endfacet
  facet normal 7.25204e-07 -0.637407 0.770527
    outer loop
      vertex 50.8434 18.5539 2.81601
      vertex 23.8126 18.2328 2.55041
      vertex 51.3809 18.3428 2.64138
    endloop
  endfacet
  facet normal 0 -0.6373 0.770616
    outer loop
      vertex 51.3809 18.3428 2.64138
      vertex 23.8126 18.2328 2.55041
      vertex 51.8578 18.2328 2.55041
    endloop
  endfacet
  facet normal 0 -0.637412 0.770523
    outer loop
      vertex 54.5277 18.765 2.99067
      vertex 58.2351 18.2328 2.55041
      vertex 59.4325 18.765 2.99067
    endloop
  endfacet
  facet normal -1.1922e-05 -0.637461 0.770482
    outer loop
      vertex 54.1566 18.5539 2.81601
      vertex 58.2351 18.2328 2.55041
      vertex 54.5277 18.765 2.99067
    endloop
  endfacet
  facet normal -4.12491e-06 -0.637402 0.770531
    outer loop
      vertex 53.6191 18.3428 2.64138
      vertex 58.2351 18.2328 2.55041
      vertex 54.1566 18.5539 2.81601
    endloop
  endfacet
  facet normal 0 -0.6373 0.770616
    outer loop
      vertex 58.2351 18.2328 2.55041
      vertex 53.6191 18.3428 2.64138
      vertex 53.1422 18.2328 2.55041
    endloop
  endfacet
  facet normal 0 -0.535817 0.844334
    outer loop
      vertex 53.1422 18.2328 2.55041
      vertex 56.9229 17.6496 2.18031
      vertex 58.2351 18.2328 2.55041
    endloop
  endfacet
  facet normal -6.1692e-05 -0.536102 0.844153
    outer loop
      vertex 53.064 18.2093 2.53548
      vertex 56.9229 17.6496 2.18031
      vertex 53.1422 18.2328 2.55041
    endloop
  endfacet
  facet normal -6.59878e-06 -0.535831 0.844325
    outer loop
      vertex 52.5 18.1534 2.5
      vertex 56.9229 17.6496 2.18031
      vertex 53.064 18.2093 2.53548
    endloop
  endfacet
  facet normal 9.50641e-05 -0.535194 0.844729
    outer loop
      vertex 51.936 18.2093 2.53548
      vertex 56.9229 17.6496 2.18031
      vertex 52.5 18.1534 2.5
    endloop
  endfacet
  facet normal 0 -0.535817 0.844334
    outer loop
      vertex 22.5005 17.6496 2.18031
      vertex 51.8578 18.2328 2.55041
      vertex 23.8126 18.2328 2.55041
    endloop
  endfacet
  facet normal 1.12765e-05 -0.536221 0.844078
    outer loop
      vertex 51.8578 18.2328 2.55041
      vertex 22.5005 17.6496 2.18031
      vertex 51.936 18.2093 2.53548
    endloop
  endfacet
  facet normal 0 -0.535798 0.844346
    outer loop
      vertex 51.936 18.2093 2.53548
      vertex 22.5005 17.6496 2.18031
      vertex 56.9229 17.6496 2.18031
    endloop
  endfacet
  facet normal 0 -0.992138 0.125148
    outer loop
      vertex 28.8894 20.4891 6.65465
      vertex 48.0797 20.4263 6.15679
      vertex 48.0168 20.4891 6.65465
    endloop
  endfacet
  facet normal 2.33593e-06 -0.992127 0.125237
    outer loop
      vertex 28.6946 20.4026 5.9694
      vertex 48.0797 20.4263 6.15679
      vertex 28.8894 20.4891 6.65465
    endloop
  endfacet
  facet normal 0 -0.992097 0.125475
    outer loop
      vertex 48.0797 20.4263 6.15679
      vertex 28.6946 20.4026 5.9694
      vertex 48.1278 20.4026 5.9694
    endloop
  endfacet
  facet normal -9.99226e-06 -0.992138 0.125149
    outer loop
      vertex 63.117 20.4026 5.9694
      vertex 56.9832 20.4891 6.65465
      vertex 56.9203 20.4263 6.15679
    endloop
  endfacet
  facet normal 0 -0.992097 0.125475
    outer loop
      vertex 63.117 20.4026 5.9694
      vertex 56.9203 20.4263 6.15679
      vertex 56.8722 20.4026 5.9694
    endloop
  endfacet
  facet normal 0 -0.992127 0.125237
    outer loop
      vertex 56.9832 20.4891 6.65465
      vertex 63.117 20.4026 5.9694
      vertex 63.3118 20.4891 6.65465
    endloop
  endfacet
  facet normal 0 -0.808975 0.587843
    outer loop
      vertex 26.9873 19.6438 4.05295
      vertex 49.4195 19.4016 3.71964
      vertex 49.1065 19.6438 4.05295
    endloop
  endfacet
  facet normal 0 -0.809001 0.587807
    outer loop
      vertex 49.6921 19.2378 3.49417
      vertex 26.9873 19.6438 4.05295
      vertex 26.0739 19.2378 3.49417
    endloop
  endfacet
  facet normal -2.06148e-06 -0.809041 0.587752
    outer loop
      vertex 26.9873 19.6438 4.05295
      vertex 49.6921 19.2378 3.49417
      vertex 49.4195 19.4016 3.71964
    endloop
  endfacet
  facet normal 5.99069e-06 -0.808978 0.587839
    outer loop
      vertex 60.4963 19.2378 3.49417
      vertex 55.8935 19.6438 4.05295
      vertex 55.5805 19.4016 3.71964
    endloop
  endfacet
  facet normal 0 -0.80904 0.587753
    outer loop
      vertex 60.4963 19.2378 3.49417
      vertex 55.5805 19.4016 3.71964
      vertex 55.3079 19.2378 3.49417
    endloop
  endfacet
  facet normal 0 -0.809001 0.587807
    outer loop
      vertex 55.8935 19.6438 4.05295
      vertex 60.4963 19.2378 3.49417
      vertex 61.4098 19.6438 4.05295
    endloop
  endfacet
  facet normal 0 -0.535817 -0.844334
    outer loop
      vertex 56.9229 17.6496 11.8197
      vertex 53.1422 18.2328 11.4496
      vertex 58.2351 18.2328 11.4496
    endloop
  endfacet
  facet normal 4.8174e-05 -0.535594 -0.844476
    outer loop
      vertex 56.9229 17.6496 11.8197
      vertex 53.064 18.2093 11.4645
      vertex 53.1422 18.2328 11.4496
    endloop
  endfacet
  facet normal -2.17188e-05 -0.535937 -0.844258
    outer loop
      vertex 56.9229 17.6496 11.8197
      vertex 52.5 18.1534 11.5
      vertex 53.064 18.2093 11.4645
    endloop
  endfacet
  facet normal 0.00031323 -0.53384 -0.845586
    outer loop
      vertex 56.9229 17.6496 11.8197
      vertex 51.936 18.2093 11.4645
      vertex 52.5 18.1534 11.5
    endloop
  endfacet
  facet normal -8.80701e-06 -0.5355 -0.844535
    outer loop
      vertex 22.5005 17.6496 11.8197
      vertex 51.8578 18.2328 11.4496
      vertex 51.936 18.2093 11.4645
    endloop
  endfacet
  facet normal 0 -0.535831 -0.844325
    outer loop
      vertex 22.5005 17.6496 11.8197
      vertex 51.936 18.2093 11.4645
      vertex 56.9229 17.6496 11.8197
    endloop
  endfacet
  facet normal -0 -0.535817 -0.844334
    outer loop
      vertex 51.8578 18.2328 11.4496
      vertex 22.5005 17.6496 11.8197
      vertex 23.8126 18.2328 11.4496
    endloop
  endfacet
  facet normal 0 -0.308965 -0.951073
    outer loop
      vertex 54.0387 16.3678 12.3272
      vertex 21.0943 17.0247 12.1138
      vertex 55.5168 17.0247 12.1138
    endloop
  endfacet
  facet normal 0 -0.308965 -0.951073
    outer loop
      vertex 21.0943 17.0247 12.1138
      vertex 54.0387 16.3678 12.3272
      vertex 19.6163 16.3678 12.3272
    endloop
  endfacet
  facet normal 0 -0.187338 -0.982295
    outer loop
      vertex 52.5122 15.6893 12.4566
      vertex 19.6163 16.3678 12.3272
      vertex 54.0387 16.3678 12.3272
    endloop
  endfacet
  facet normal 0 -0.187338 -0.982295
    outer loop
      vertex 19.6163 16.3678 12.3272
      vertex 52.5122 15.6893 12.4566
      vertex 18.0898 15.6893 12.4566
    endloop
  endfacet
  facet normal 0 -0.876334 -0.481704
    outer loop
      vertex 27.736 19.9765 9.34179
      vertex 49.1065 19.6438 9.94705
      vertex 26.9873 19.6438 9.94705
    endloop
  endfacet
  facet normal -8.73084e-06 -0.876464 -0.481467
    outer loop
      vertex 49.1065 19.6438 9.94705
      vertex 27.736 19.9765 9.34179
      vertex 49.0327 19.687 9.86841
    endloop
  endfacet
  facet normal 3.27742e-06 -0.876259 -0.48184
    outer loop
      vertex 49.0327 19.687 9.86841
      vertex 27.736 19.9765 9.34179
      vertex 48.7005 19.9384 9.41122
    endloop
  endfacet
  facet normal 0 -0.876677 -0.48108
    outer loop
      vertex 48.7005 19.9384 9.41122
      vertex 27.736 19.9765 9.34179
      vertex 48.6624 19.9765 9.34179
    endloop
  endfacet
  facet normal 0 -0.876461 -0.481474
    outer loop
      vertex 55.9673 19.687 9.86841
      vertex 61.4098 19.6438 9.94705
      vertex 55.8935 19.6438 9.94705
    endloop
  endfacet
  facet normal 6.79157e-06 -0.876262 -0.481835
    outer loop
      vertex 56.2995 19.9384 9.41122
      vertex 61.4098 19.6438 9.94705
      vertex 55.9673 19.687 9.86841
    endloop
  endfacet
  facet normal -9.10128e-05 -0.876656 -0.481118
    outer loop
      vertex 56.3376 19.9765 9.34179
      vertex 61.4098 19.6438 9.94705
      vertex 56.2995 19.9384 9.41122
    endloop
  endfacet
  facet normal 0 -0.876334 -0.481704
    outer loop
      vertex 61.4098 19.6438 9.94705
      vertex 56.3376 19.9765 9.34179
      vertex 62.1584 19.9765 9.34179
    endloop
  endfacet
  facet normal 0 -0.808986 -0.587827
    outer loop
      vertex 26.9873 19.6438 9.94705
      vertex 49.6921 19.2378 10.5058
      vertex 26.0739 19.2378 10.5058
    endloop
  endfacet
  facet normal 1.76768e-06 -0.808952 -0.587874
    outer loop
      vertex 49.6921 19.2378 10.5058
      vertex 26.9873 19.6438 9.94705
      vertex 49.4195 19.4016 10.2804
    endloop
  endfacet
  facet normal 0 -0.809009 -0.587796
    outer loop
      vertex 49.4195 19.4016 10.2804
      vertex 26.9873 19.6438 9.94705
      vertex 49.1065 19.6438 9.94705
    endloop
  endfacet
  facet normal 0 -0.808953 -0.587873
    outer loop
      vertex 55.5805 19.4016 10.2804
      vertex 60.4963 19.2378 10.5058
      vertex 55.3079 19.2378 10.5058
    endloop
  endfacet
  facet normal -5.13548e-06 -0.809007 -0.5878
    outer loop
      vertex 55.8935 19.6438 9.94705
      vertex 60.4963 19.2378 10.5058
      vertex 55.5805 19.4016 10.2804
    endloop
  endfacet
  facet normal 0 -0.808986 -0.587827
    outer loop
      vertex 60.4963 19.2378 10.5058
      vertex 55.8935 19.6438 9.94705
      vertex 61.4098 19.6438 9.94705
    endloop
  endfacet
  facet normal 0 -0.968572 -0.248734
    outer loop
      vertex 28.6946 20.4026 8.0306
      vertex 48.3426 20.2308 8.69959
      vertex 28.3081 20.2308 8.69959
    endloop
  endfacet
  facet normal 4.83303e-06 -0.968538 -0.248867
    outer loop
      vertex 48.3426 20.2308 8.69959
      vertex 28.6946 20.4026 8.0306
      vertex 48.2202 20.3102 8.39058
    endloop
  endfacet
  facet normal 0 -0.968601 -0.248621
    outer loop
      vertex 48.2202 20.3102 8.39058
      vertex 28.6946 20.4026 8.0306
      vertex 48.1278 20.4026 8.0306
    endloop
  endfacet
  facet normal 0 -0.968538 -0.248865
    outer loop
      vertex 56.7798 20.3102 8.39058
      vertex 62.7305 20.2308 8.69959
      vertex 56.6574 20.2308 8.69959
    endloop
  endfacet
  facet normal -1.33366e-05 -0.9686 -0.248625
    outer loop
      vertex 56.8722 20.4026 8.0306
      vertex 62.7305 20.2308 8.69959
      vertex 56.7798 20.3102 8.39058
    endloop
  endfacet
  facet normal 0 -0.968572 -0.248734
    outer loop
      vertex 62.7305 20.2308 8.69959
      vertex 56.8722 20.4026 8.0306
      vertex 63.117 20.4026 8.0306
    endloop
  endfacet
  facet normal -0 0.0627947 0.998026
    outer loop
      vertex 16.5388 15 1.5
      vertex 49.4102 14.3107 1.54337
      vertex 50.9612 15 1.5
    endloop
  endfacet
  facet normal 0 0.0627947 0.998026
    outer loop
      vertex 49.4102 14.3107 1.54337
      vertex 16.5388 15 1.5
      vertex 14.9878 14.3107 1.54337
    endloop
  endfacet
  facet normal -0 0.876334 0.481704
    outer loop
      vertex 6.09024 10.3562 4.05295
      vertex 39.764 10.0235 4.65821
      vertex 40.5127 10.3562 4.05295
    endloop
  endfacet
  facet normal 0 0.876334 0.481704
    outer loop
      vertex 39.764 10.0235 4.65821
      vertex 6.09024 10.3562 4.05295
      vertex 5.34156 10.0235 4.65821
    endloop
  endfacet
  facet normal -0 0.728982 0.684533
    outer loop
      vertex 8.06752 11.235 2.99067
      vertex 41.4261 10.7622 3.49417
      vertex 42.4899 11.235 2.99067
    endloop
  endfacet
  facet normal 0 0.728982 0.684533
    outer loop
      vertex 41.4261 10.7622 3.49417
      vertex 8.06752 11.235 2.99067
      vertex 7.00369 10.7622 3.49417
    endloop
  endfacet
  facet normal -0 0.425808 0.904813
    outer loop
      vertex 11.9833 12.9753 1.88623
      vertex 44.9995 12.3504 2.18031
      vertex 46.4057 12.9753 1.88623
    endloop
  endfacet
  facet normal 0 0.425808 0.904813
    outer loop
      vertex 44.9995 12.3504 2.18031
      vertex 11.9833 12.9753 1.88623
      vertex 10.5771 12.3504 2.18031
    endloop
  endfacet
  facet normal 0 0.425832 -0.904802
    outer loop
      vertex 44.9995 12.3504 11.8197
      vertex 11.9833 12.9753 12.1138
      vertex 46.4057 12.9753 12.1138
    endloop
  endfacet
  facet normal 0 0.425832 -0.904802
    outer loop
      vertex 11.9833 12.9753 12.1138
      vertex 44.9995 12.3504 11.8197
      vertex 10.5771 12.3504 11.8197
    endloop
  endfacet
  facet normal -0 0.309017 0.951056
    outer loop
      vertex 13.4613 13.6322 1.67279
      vertex 46.4057 12.9753 1.88623
      vertex 47.8837 13.6322 1.67279
    endloop
  endfacet
  facet normal 0 0.309017 0.951056
    outer loop
      vertex 46.4057 12.9753 1.88623
      vertex 13.4613 13.6322 1.67279
      vertex 11.9833 12.9753 1.88623
    endloop
  endfacet
  facet normal -0 0.535817 0.844334
    outer loop
      vertex 10.5771 12.3504 2.18031
      vertex 43.6874 11.7672 2.55041
      vertex 44.9995 12.3504 2.18031
    endloop
  endfacet
  facet normal 0 0.535817 0.844334
    outer loop
      vertex 43.6874 11.7672 2.55041
      vertex 10.5771 12.3504 2.18031
      vertex 9.26495 11.7672 2.55041
    endloop
  endfacet
  facet normal 0 0.187338 -0.982295
    outer loop
      vertex 47.8837 13.6322 12.3272
      vertex 14.9878 14.3107 12.4566
      vertex 49.4102 14.3107 12.4566
    endloop
  endfacet
  facet normal 0 0.187338 -0.982295
    outer loop
      vertex 14.9878 14.3107 12.4566
      vertex 47.8837 13.6322 12.3272
      vertex 13.4613 13.6322 12.3272
    endloop
  endfacet
  facet normal 0 0.062838 -0.998024
    outer loop
      vertex 49.4102 14.3107 12.4566
      vertex 16.5388 15 12.5
      vertex 50.9612 15 12.5
    endloop
  endfacet
  facet normal 0 0.062838 -0.998024
    outer loop
      vertex 16.5388 15 12.5
      vertex 49.4102 14.3107 12.4566
      vertex 14.9878 14.3107 12.4566
    endloop
  endfacet
  facet normal 0 0.308965 -0.951073
    outer loop
      vertex 46.4057 12.9753 12.1138
      vertex 13.4613 13.6322 12.3272
      vertex 47.8837 13.6322 12.3272
    endloop
  endfacet
  facet normal 0 0.308965 -0.951073
    outer loop
      vertex 13.4613 13.6322 12.3272
      vertex 46.4057 12.9753 12.1138
      vertex 11.9833 12.9753 12.1138
    endloop
  endfacet
  facet normal -0 0.968582 0.248693
    outer loop
      vertex 4.76947 9.76919 5.30041
      vertex 38.8054 9.59742 5.9694
      vertex 39.1919 9.76919 5.30041
    endloop
  endfacet
  facet normal 0 0.968582 0.248693
    outer loop
      vertex 38.8054 9.59742 5.9694
      vertex 4.76947 9.76919 5.30041
      vertex 4.38299 9.59742 5.9694
    endloop
  endfacet
  facet normal -0 0.187366 0.98229
    outer loop
      vertex 14.9878 14.3107 1.54337
      vertex 47.8837 13.6322 1.67279
      vertex 49.4102 14.3107 1.54337
    endloop
  endfacet
  facet normal 0 0.187366 0.98229
    outer loop
      vertex 47.8837 13.6322 1.67279
      vertex 14.9878 14.3107 1.54337
      vertex 13.4613 13.6322 1.67279
    endloop
  endfacet
  facet normal -0 0.809001 0.587807
    outer loop
      vertex 7.00369 10.7622 3.49417
      vertex 40.5127 10.3562 4.05295
      vertex 41.4261 10.7622 3.49417
    endloop
  endfacet
  facet normal 0 0.809001 0.587807
    outer loop
      vertex 40.5127 10.3562 4.05295
      vertex 7.00369 10.7622 3.49417
      vertex 6.09024 10.3562 4.05295
    endloop
  endfacet
  facet normal 0 0.992114 -0.125337
    outer loop
      vertex 38.6106 9.51085 7.34535
      vertex 4.38299 9.59742 8.0306
      vertex 38.8054 9.59742 8.0306
    endloop
  endfacet
  facet normal 0 0.992114 -0.125337
    outer loop
      vertex 4.38299 9.59742 8.0306
      vertex 38.6106 9.51085 7.34535
      vertex 4.18821 9.51085 7.34535
    endloop
  endfacet
  facet normal 0 0.929754 -0.368181
    outer loop
      vertex 39.1919 9.76919 8.69959
      vertex 5.34156 10.0235 9.34179
      vertex 39.764 10.0235 9.34179
    endloop
  endfacet
  facet normal 0 0.929754 -0.368181
    outer loop
      vertex 5.34156 10.0235 9.34179
      vertex 39.1919 9.76919 8.69959
      vertex 4.76947 9.76919 8.69959
    endloop
  endfacet
  facet normal 0 0.968582 -0.248693
    outer loop
      vertex 38.8054 9.59742 8.0306
      vertex 4.76947 9.76919 8.69959
      vertex 39.1919 9.76919 8.69959
    endloop
  endfacet
  facet normal 0 0.968582 -0.248693
    outer loop
      vertex 4.76947 9.76919 8.69959
      vertex 38.8054 9.59742 8.0306
      vertex 4.38299 9.59742 8.0306
    endloop
  endfacet
  facet normal 0 0.637446 -0.770495
    outer loop
      vertex 42.4899 11.235 11.0093
      vertex 9.26495 11.7672 11.4496
      vertex 43.6874 11.7672 11.4496
    endloop
  endfacet
  facet normal 0 0.637446 -0.770495
    outer loop
      vertex 9.26495 11.7672 11.4496
      vertex 42.4899 11.235 11.0093
      vertex 8.06752 11.235 11.0093
    endloop
  endfacet
  facet normal 0 0.728982 -0.684533
    outer loop
      vertex 41.4261 10.7622 10.5058
      vertex 8.06752 11.235 11.0093
      vertex 42.4899 11.235 11.0093
    endloop
  endfacet
  facet normal 0 0.728982 -0.684533
    outer loop
      vertex 8.06752 11.235 11.0093
      vertex 41.4261 10.7622 10.5058
      vertex 7.00369 10.7622 10.5058
    endloop
  endfacet
  facet normal 0 0.535817 -0.844334
    outer loop
      vertex 43.6874 11.7672 11.4496
      vertex 10.5771 12.3504 11.8197
      vertex 44.9995 12.3504 11.8197
    endloop
  endfacet
  facet normal 0 0.535817 -0.844334
    outer loop
      vertex 10.5771 12.3504 11.8197
      vertex 43.6874 11.7672 11.4496
      vertex 9.26495 11.7672 11.4496
    endloop
  endfacet
  facet normal 0 0.876334 -0.481704
    outer loop
      vertex 39.764 10.0235 9.34179
      vertex 6.09024 10.3562 9.94705
      vertex 40.5127 10.3562 9.94705
    endloop
  endfacet
  facet normal 0 0.876334 -0.481704
    outer loop
      vertex 6.09024 10.3562 9.94705
      vertex 39.764 10.0235 9.34179
      vertex 5.34156 10.0235 9.34179
    endloop
  endfacet
  facet normal 0 0.808986 -0.587827
    outer loop
      vertex 40.5127 10.3562 9.94705
      vertex 7.00369 10.7622 10.5058
      vertex 41.4261 10.7622 10.5058
    endloop
  endfacet
  facet normal 0 0.808986 -0.587827
    outer loop
      vertex 7.00369 10.7622 10.5058
      vertex 40.5127 10.3562 9.94705
      vertex 6.09024 10.3562 9.94705
    endloop
  endfacet
  facet normal 0 -0.0627712 0.998028
    outer loop
      vertex -74.5 15.3447 4.27168
      vertex -64.7 15 4.25
      vertex -64.7 15.3447 4.27168
    endloop
  endfacet
  facet normal 0 -0.0627712 0.998028
    outer loop
      vertex -64.7 15 4.25
      vertex -74.5 15.3447 4.27168
      vertex -74.5 15 4.25
    endloop
  endfacet
  facet normal 0 -0.0627712 -0.998028
    outer loop
      vertex -74.5 15 9.75
      vertex -64.7 15.3447 9.72832
      vertex -64.7 15 9.75
    endloop
  endfacet
  facet normal -0 -0.0627712 -0.998028
    outer loop
      vertex -64.7 15.3447 9.72832
      vertex -74.5 15 9.75
      vertex -74.5 15.3447 9.72832
    endloop
  endfacet
  facet normal 0 -1 0
    outer loop
      vertex -74.5 17.7446 6.82733
      vertex -64.7 17.7446 7.17267
      vertex -74.5 17.7446 7.17267
    endloop
  endfacet
  facet normal 0 -1 -0
    outer loop
      vertex -64.7 17.7446 7.17267
      vertex -74.5 17.7446 6.82733
      vertex -64.7 17.7446 6.82733
    endloop
  endfacet
  facet normal 0 1 -0
    outer loop
      vertex -64.7 12.2554 6.82733
      vertex -74.5 12.2554 7.17267
      vertex -64.7 12.2554 7.17267
    endloop
  endfacet
  facet normal 0 1 0
    outer loop
      vertex -74.5 12.2554 7.17267
      vertex -64.7 12.2554 6.82733
      vertex -74.5 12.2554 6.82733
    endloop
  endfacet
  facet normal 0 0.728968 0.684548
    outer loop
      vertex -64.7 13.1175 4.99534
      vertex -74.5 12.8811 5.24708
      vertex -64.7 12.8811 5.24708
    endloop
  endfacet
  facet normal 0 0.728968 0.684548
    outer loop
      vertex -74.5 12.8811 5.24708
      vertex -64.7 13.1175 4.99534
      vertex -74.5 13.1175 4.99534
    endloop
  endfacet
  facet normal 0 -0.728968 0.684548
    outer loop
      vertex -74.5 16.8825 4.99534
      vertex -64.7 17.1189 5.24708
      vertex -74.5 17.1189 5.24708
    endloop
  endfacet
  facet normal 0 -0.728968 0.684548
    outer loop
      vertex -64.7 17.1189 5.24708
      vertex -74.5 16.8825 4.99534
      vertex -64.7 16.8825 4.99534
    endloop
  endfacet
  facet normal 0 -0.728968 -0.684548
    outer loop
      vertex -74.5 17.1189 8.75292
      vertex -64.7 16.8825 9.00466
      vertex -74.5 16.8825 9.00466
    endloop
  endfacet
  facet normal 0 -0.728968 -0.684548
    outer loop
      vertex -64.7 16.8825 9.00466
      vertex -74.5 17.1189 8.75292
      vertex -64.7 17.1189 8.75292
    endloop
  endfacet
  facet normal 0 -0.929805 -0.368053
    outer loop
      vertex -74.5 17.6154 7.8498
      vertex -64.7 17.4883 8.17089
      vertex -74.5 17.4883 8.17089
    endloop
  endfacet
  facet normal 0 -0.929805 -0.368053
    outer loop
      vertex -64.7 17.4883 8.17089
      vertex -74.5 17.6154 7.8498
      vertex -64.7 17.6154 7.8498
    endloop
  endfacet
  facet normal -0 0.425752 0.90484
    outer loop
      vertex -74.5 13.9877 4.44312
      vertex -64.7 13.6752 4.59016
      vertex -64.7 13.9877 4.44312
    endloop
  endfacet
  facet normal 0 0.425752 0.90484
    outer loop
      vertex -64.7 13.6752 4.59016
      vertex -74.5 13.9877 4.44312
      vertex -74.5 13.6752 4.59016
    endloop
  endfacet
  facet normal 0 -0.425752 0.90484
    outer loop
      vertex -74.5 16.3248 4.59016
      vertex -64.7 16.0123 4.44312
      vertex -64.7 16.3248 4.59016
    endloop
  endfacet
  facet normal 0 -0.425752 0.90484
    outer loop
      vertex -64.7 16.0123 4.44312
      vertex -74.5 16.3248 4.59016
      vertex -74.5 16.0123 4.44312
    endloop
  endfacet
  facet normal 0 -0.929805 0.368053
    outer loop
      vertex -74.5 17.4883 5.82911
      vertex -64.7 17.6154 6.1502
      vertex -74.5 17.6154 6.1502
    endloop
  endfacet
  facet normal 0 -0.929805 0.368053
    outer loop
      vertex -64.7 17.6154 6.1502
      vertex -74.5 17.4883 5.82911
      vertex -64.7 17.4883 5.82911
    endloop
  endfacet
  facet normal 0 -0.809011 0.587793
    outer loop
      vertex -74.5 17.1189 5.24708
      vertex -64.7 17.3219 5.52648
      vertex -74.5 17.3219 5.52648
    endloop
  endfacet
  facet normal 0 -0.809011 0.587793
    outer loop
      vertex -64.7 17.3219 5.52648
      vertex -74.5 17.1189 5.24708
      vertex -64.7 17.1189 5.24708
    endloop
  endfacet
  facet normal 0 -0.425752 -0.90484
    outer loop
      vertex -74.5 16.0123 9.55688
      vertex -64.7 16.3248 9.40984
      vertex -64.7 16.0123 9.55688
    endloop
  endfacet
  facet normal -0 -0.425752 -0.90484
    outer loop
      vertex -64.7 16.3248 9.40984
      vertex -74.5 16.0123 9.55688
      vertex -74.5 16.3248 9.40984
    endloop
  endfacet
  facet normal 0 -0.637429 -0.770509
    outer loop
      vertex -74.5 16.6164 9.2248
      vertex -64.7 16.8825 9.00466
      vertex -64.7 16.6164 9.2248
    endloop
  endfacet
  facet normal -0 -0.637429 -0.770509
    outer loop
      vertex -64.7 16.8825 9.00466
      vertex -74.5 16.6164 9.2248
      vertex -74.5 16.8825 9.00466
    endloop
  endfacet
  facet normal 0 -0.876273 -0.481815
    outer loop
      vertex -74.5 17.4883 8.17089
      vertex -64.7 17.3219 8.47352
      vertex -74.5 17.3219 8.47352
    endloop
  endfacet
  facet normal 0 -0.876273 -0.481815
    outer loop
      vertex -64.7 17.3219 8.47352
      vertex -74.5 17.4883 8.17089
      vertex -64.7 17.4883 8.17089
    endloop
  endfacet
  facet normal 0 -0.968573 -0.248731
    outer loop
      vertex -74.5 17.7013 7.5153
      vertex -64.7 17.6154 7.8498
      vertex -74.5 17.6154 7.8498
    endloop
  endfacet
  facet normal 0 -0.968573 -0.248731
    outer loop
      vertex -64.7 17.6154 7.8498
      vertex -74.5 17.7013 7.5153
      vertex -64.7 17.7013 7.5153
    endloop
  endfacet
  facet normal -0 0.187421 0.98228
    outer loop
      vertex -74.5 14.6553 4.27168
      vertex -64.7 14.3161 4.3364
      vertex -64.7 14.6553 4.27168
    endloop
  endfacet
  facet normal 0 0.187421 0.98228
    outer loop
      vertex -64.7 14.3161 4.3364
      vertex -74.5 14.6553 4.27168
      vertex -74.5 14.3161 4.3364
    endloop
  endfacet
  facet normal 0 0.929805 0.368053
    outer loop
      vertex -64.7 12.5117 5.82911
      vertex -74.5 12.3846 6.1502
      vertex -64.7 12.3846 6.1502
    endloop
  endfacet
  facet normal 0 0.929805 0.368053
    outer loop
      vertex -74.5 12.3846 6.1502
      vertex -64.7 12.5117 5.82911
      vertex -74.5 12.5117 5.82911
    endloop
  endfacet
  facet normal 0 -0.30906 0.951043
    outer loop
      vertex -74.5 16.0123 4.44312
      vertex -64.7 15.6839 4.3364
      vertex -64.7 16.0123 4.44312
    endloop
  endfacet
  facet normal 0 -0.30906 0.951043
    outer loop
      vertex -64.7 15.6839 4.3364
      vertex -74.5 16.0123 4.44312
      vertex -74.5 15.6839 4.3364
    endloop
  endfacet
  facet normal 0 -0.187421 0.98228
    outer loop
      vertex -74.5 15.6839 4.3364
      vertex -64.7 15.3447 4.27168
      vertex -64.7 15.6839 4.3364
    endloop
  endfacet
  facet normal 0 -0.187421 0.98228
    outer loop
      vertex -64.7 15.3447 4.27168
      vertex -74.5 15.6839 4.3364
      vertex -74.5 15.3447 4.27168
    endloop
  endfacet
  facet normal 0 -0.637429 0.770509
    outer loop
      vertex -74.5 16.8825 4.99534
      vertex -64.7 16.6164 4.7752
      vertex -64.7 16.8825 4.99534
    endloop
  endfacet
  facet normal 0 -0.637429 0.770509
    outer loop
      vertex -64.7 16.6164 4.7752
      vertex -74.5 16.8825 4.99534
      vertex -74.5 16.6164 4.7752
    endloop
  endfacet
  facet normal 0 -0.535796 0.844348
    outer loop
      vertex -74.5 16.6164 4.7752
      vertex -64.7 16.3248 4.59016
      vertex -64.7 16.6164 4.7752
    endloop
  endfacet
  facet normal 0 -0.535796 0.844348
    outer loop
      vertex -64.7 16.3248 4.59016
      vertex -74.5 16.6164 4.7752
      vertex -74.5 16.3248 4.59016
    endloop
  endfacet
  facet normal 0 -0.968573 0.248731
    outer loop
      vertex -74.5 17.6154 6.1502
      vertex -64.7 17.7013 6.4847
      vertex -74.5 17.7013 6.4847
    endloop
  endfacet
  facet normal 0 -0.968573 0.248731
    outer loop
      vertex -64.7 17.7013 6.4847
      vertex -74.5 17.6154 6.1502
      vertex -64.7 17.6154 6.1502
    endloop
  endfacet
  facet normal 0 -0.992109 0.125378
    outer loop
      vertex -74.5 17.7013 6.4847
      vertex -64.7 17.7446 6.82733
      vertex -74.5 17.7446 6.82733
    endloop
  endfacet
  facet normal 0 -0.992109 0.125378
    outer loop
      vertex -64.7 17.7446 6.82733
      vertex -74.5 17.7013 6.4847
      vertex -64.7 17.7013 6.4847
    endloop
  endfacet
  facet normal 0 -0.876273 0.481815
    outer loop
      vertex -74.5 17.3219 5.52648
      vertex -64.7 17.4883 5.82911
      vertex -74.5 17.4883 5.82911
    endloop
  endfacet
  facet normal 0 -0.876273 0.481815
    outer loop
      vertex -64.7 17.4883 5.82911
      vertex -74.5 17.3219 5.52648
      vertex -64.7 17.3219 5.52648
    endloop
  endfacet
  facet normal 0 -0.535796 -0.844348
    outer loop
      vertex -74.5 16.3248 9.40984
      vertex -64.7 16.6164 9.2248
      vertex -64.7 16.3248 9.40984
    endloop
  endfacet
  facet normal -0 -0.535796 -0.844348
    outer loop
      vertex -64.7 16.6164 9.2248
      vertex -74.5 16.3248 9.40984
      vertex -74.5 16.6164 9.2248
    endloop
  endfacet
  facet normal 0 -0.30906 -0.951043
    outer loop
      vertex -74.5 15.6839 9.6636
      vertex -64.7 16.0123 9.55688
      vertex -64.7 15.6839 9.6636
    endloop
  endfacet
  facet normal -0 -0.30906 -0.951043
    outer loop
      vertex -64.7 16.0123 9.55688
      vertex -74.5 15.6839 9.6636
      vertex -74.5 16.0123 9.55688
    endloop
  endfacet
  facet normal 0 -0.187421 -0.98228
    outer loop
      vertex -74.5 15.3447 9.72832
      vertex -64.7 15.6839 9.6636
      vertex -64.7 15.3447 9.72832
    endloop
  endfacet
  facet normal -0 -0.187421 -0.98228
    outer loop
      vertex -64.7 15.6839 9.6636
      vertex -74.5 15.3447 9.72832
      vertex -74.5 15.6839 9.6636
    endloop
  endfacet
  facet normal 0 -0.809011 -0.587793
    outer loop
      vertex -74.5 17.3219 8.47352
      vertex -64.7 17.1189 8.75292
      vertex -74.5 17.1189 8.75292
    endloop
  endfacet
  facet normal 0 -0.809011 -0.587793
    outer loop
      vertex -64.7 17.1189 8.75292
      vertex -74.5 17.3219 8.47352
      vertex -64.7 17.3219 8.47352
    endloop
  endfacet
  facet normal 0 -0.992109 -0.125378
    outer loop
      vertex -74.5 17.7446 7.17267
      vertex -64.7 17.7013 7.5153
      vertex -74.5 17.7013 7.5153
    endloop
  endfacet
  facet normal 0 -0.992109 -0.125378
    outer loop
      vertex -64.7 17.7013 7.5153
      vertex -74.5 17.7446 7.17267
      vertex -64.7 17.7446 7.17267
    endloop
  endfacet
  facet normal -0 0.0627712 0.998028
    outer loop
      vertex -74.5 15 4.25
      vertex -64.7 14.6553 4.27168
      vertex -64.7 15 4.25
    endloop
  endfacet
  facet normal 0 0.0627712 0.998028
    outer loop
      vertex -64.7 14.6553 4.27168
      vertex -74.5 15 4.25
      vertex -74.5 14.6553 4.27168
    endloop
  endfacet
  facet normal -0 0.637429 0.770509
    outer loop
      vertex -74.5 13.3836 4.7752
      vertex -64.7 13.1175 4.99534
      vertex -64.7 13.3836 4.7752
    endloop
  endfacet
  facet normal 0 0.637429 0.770509
    outer loop
      vertex -64.7 13.1175 4.99534
      vertex -74.5 13.3836 4.7752
      vertex -74.5 13.1175 4.99534
    endloop
  endfacet
  facet normal 0 0.425752 -0.90484
    outer loop
      vertex -74.5 13.6752 9.40984
      vertex -64.7 13.9877 9.55688
      vertex -64.7 13.6752 9.40984
    endloop
  endfacet
  facet normal 0 0.425752 -0.90484
    outer loop
      vertex -64.7 13.9877 9.55688
      vertex -74.5 13.6752 9.40984
      vertex -74.5 13.9877 9.55688
    endloop
  endfacet
  facet normal 0 0.637429 -0.770509
    outer loop
      vertex -74.5 13.1175 9.00466
      vertex -64.7 13.3836 9.2248
      vertex -64.7 13.1175 9.00466
    endloop
  endfacet
  facet normal 0 0.637429 -0.770509
    outer loop
      vertex -64.7 13.3836 9.2248
      vertex -74.5 13.1175 9.00466
      vertex -74.5 13.3836 9.2248
    endloop
  endfacet
  facet normal 0 0.0627712 -0.998028
    outer loop
      vertex -74.5 14.6553 9.72832
      vertex -64.7 15 9.75
      vertex -64.7 14.6553 9.72832
    endloop
  endfacet
  facet normal 0 0.0627712 -0.998028
    outer loop
      vertex -64.7 15 9.75
      vertex -74.5 14.6553 9.72832
      vertex -74.5 15 9.75
    endloop
  endfacet
  facet normal 0 0.876273 0.481815
    outer loop
      vertex -64.7 12.6781 5.52648
      vertex -74.5 12.5117 5.82911
      vertex -64.7 12.5117 5.82911
    endloop
  endfacet
  facet normal 0 0.876273 0.481815
    outer loop
      vertex -74.5 12.5117 5.82911
      vertex -64.7 12.6781 5.52648
      vertex -74.5 12.6781 5.52648
    endloop
  endfacet
  facet normal -0 0.30906 0.951043
    outer loop
      vertex -74.5 14.3161 4.3364
      vertex -64.7 13.9877 4.44312
      vertex -64.7 14.3161 4.3364
    endloop
  endfacet
  facet normal 0 0.30906 0.951043
    outer loop
      vertex -64.7 13.9877 4.44312
      vertex -74.5 14.3161 4.3364
      vertex -74.5 13.9877 4.44312
    endloop
  endfacet
  facet normal -0 0.535796 0.844348
    outer loop
      vertex -74.5 13.6752 4.59016
      vertex -64.7 13.3836 4.7752
      vertex -64.7 13.6752 4.59016
    endloop
  endfacet
  facet normal 0 0.535796 0.844348
    outer loop
      vertex -64.7 13.3836 4.7752
      vertex -74.5 13.6752 4.59016
      vertex -74.5 13.3836 4.7752
    endloop
  endfacet
  facet normal 0 0.187421 -0.98228
    outer loop
      vertex -74.5 14.3161 9.6636
      vertex -64.7 14.6553 9.72832
      vertex -64.7 14.3161 9.6636
    endloop
  endfacet
  facet normal 0 0.187421 -0.98228
    outer loop
      vertex -64.7 14.6553 9.72832
      vertex -74.5 14.3161 9.6636
      vertex -74.5 14.6553 9.72832
    endloop
  endfacet
  facet normal 0 0.30906 -0.951043
    outer loop
      vertex -74.5 13.9877 9.55688
      vertex -64.7 14.3161 9.6636
      vertex -64.7 13.9877 9.55688
    endloop
  endfacet
  facet normal 0 0.30906 -0.951043
    outer loop
      vertex -64.7 14.3161 9.6636
      vertex -74.5 13.9877 9.55688
      vertex -74.5 14.3161 9.6636
    endloop
  endfacet
  facet normal 0 0.809011 0.587793
    outer loop
      vertex -64.7 12.8811 5.24708
      vertex -74.5 12.6781 5.52648
      vertex -64.7 12.6781 5.52648
    endloop
  endfacet
  facet normal 0 0.809011 0.587793
    outer loop
      vertex -74.5 12.6781 5.52648
      vertex -64.7 12.8811 5.24708
      vertex -74.5 12.8811 5.24708
    endloop
  endfacet
  facet normal 0 0.968573 0.248731
    outer loop
      vertex -64.7 12.3846 6.1502
      vertex -74.5 12.2987 6.4847
      vertex -64.7 12.2987 6.4847
    endloop
  endfacet
  facet normal 0 0.968573 0.248731
    outer loop
      vertex -74.5 12.2987 6.4847
      vertex -64.7 12.3846 6.1502
      vertex -74.5 12.3846 6.1502
    endloop
  endfacet
  facet normal 0 0.992109 0.125378
    outer loop
      vertex -64.7 12.2987 6.4847
      vertex -74.5 12.2554 6.82733
      vertex -64.7 12.2554 6.82733
    endloop
  endfacet
  facet normal 0 0.992109 0.125378
    outer loop
      vertex -74.5 12.2554 6.82733
      vertex -64.7 12.2987 6.4847
      vertex -74.5 12.2987 6.4847
    endloop
  endfacet
  facet normal 0 0.992109 -0.125378
    outer loop
      vertex -64.7 12.2554 7.17267
      vertex -74.5 12.2987 7.5153
      vertex -64.7 12.2987 7.5153
    endloop
  endfacet
  facet normal 0 0.992109 -0.125378
    outer loop
      vertex -74.5 12.2987 7.5153
      vertex -64.7 12.2554 7.17267
      vertex -74.5 12.2554 7.17267
    endloop
  endfacet
  facet normal 0 0.968573 -0.248731
    outer loop
      vertex -64.7 12.2987 7.5153
      vertex -74.5 12.3846 7.8498
      vertex -64.7 12.3846 7.8498
    endloop
  endfacet
  facet normal 0 0.968573 -0.248731
    outer loop
      vertex -74.5 12.3846 7.8498
      vertex -64.7 12.2987 7.5153
      vertex -74.5 12.2987 7.5153
    endloop
  endfacet
  facet normal 0 0.535796 -0.844348
    outer loop
      vertex -74.5 13.3836 9.2248
      vertex -64.7 13.6752 9.40984
      vertex -64.7 13.3836 9.2248
    endloop
  endfacet
  facet normal 0 0.535796 -0.844348
    outer loop
      vertex -64.7 13.6752 9.40984
      vertex -74.5 13.3836 9.2248
      vertex -74.5 13.6752 9.40984
    endloop
  endfacet
  facet normal 0 0.876273 -0.481815
    outer loop
      vertex -64.7 12.5117 8.17089
      vertex -74.5 12.6781 8.47352
      vertex -64.7 12.6781 8.47352
    endloop
  endfacet
  facet normal 0 0.876273 -0.481815
    outer loop
      vertex -74.5 12.6781 8.47352
      vertex -64.7 12.5117 8.17089
      vertex -74.5 12.5117 8.17089
    endloop
  endfacet
  facet normal 0 0.929805 -0.368053
    outer loop
      vertex -64.7 12.3846 7.8498
      vertex -74.5 12.5117 8.17089
      vertex -64.7 12.5117 8.17089
    endloop
  endfacet
  facet normal 0 0.929805 -0.368053
    outer loop
      vertex -74.5 12.5117 8.17089
      vertex -64.7 12.3846 7.8498
      vertex -74.5 12.3846 7.8498
    endloop
  endfacet
  facet normal 0 0.809011 -0.587793
    outer loop
      vertex -64.7 12.6781 8.47352
      vertex -74.5 12.8811 8.75292
      vertex -64.7 12.8811 8.75292
    endloop
  endfacet
  facet normal 0 0.809011 -0.587793
    outer loop
      vertex -74.5 12.8811 8.75292
      vertex -64.7 12.6781 8.47352
      vertex -74.5 12.6781 8.47352
    endloop
  endfacet
  facet normal 0 0.728968 -0.684548
    outer loop
      vertex -64.7 12.8811 8.75292
      vertex -74.5 13.1175 9.00466
      vertex -64.7 13.1175 9.00466
    endloop
  endfacet
  facet normal 0 0.728968 -0.684548
    outer loop
      vertex -74.5 13.1175 9.00466
      vertex -64.7 12.8811 8.75292
      vertex -74.5 12.8811 8.75292
    endloop
  endfacet
  facet normal 0.568943 -0.45075 0.687843
    outer loop
      vertex 49.855 23.5 3.35942
      vertex 50.8742 27.7 5.2687
      vertex 49.4195 23.5 3.71964
    endloop
  endfacet
  facet normal -0.0560439 -0.450748 0.89089
    outer loop
      vertex 53.064 23.5 2.53548
      vertex 52.5 27.7 4.625
      vertex 52.5 23.5 2.5
    endloop
  endfacet
  facet normal -0.0560509 -0.450749 0.890889
    outer loop
      vertex 53.064 23.5 2.53548
      vertex 52.7977 27.7 4.64373
      vertex 52.5 27.7 4.625
    endloop
  endfacet
  facet normal 0.0560509 -0.450749 0.890889
    outer loop
      vertex 52.5 27.7 4.625
      vertex 52.2023 27.7 4.64373
      vertex 51.936 23.5 2.53548
    endloop
  endfacet
  facet normal 0.167314 -0.450743 -0.876833
    outer loop
      vertex 52.2023 27.7 9.35627
      vertex 51.936 23.5 11.4645
      vertex 51.9094 27.7 9.30038
    endloop
  endfacet
  facet normal -0.864619 -0.450756 -0.221932
    outer loop
      vertex 56.9203 23.5 7.84321
      vertex 56.7798 23.5 8.39058
      vertex 54.8329 27.7 7.44503
    endloop
  endfacet
  facet normal 0.885607 -0.450745 0.111935
    outer loop
      vertex 50.1671 27.7 6.55497
      vertex 50.1297 27.7 6.85087
      vertex 48.0089 23.5 6.71744
    endloop
  endfacet
  facet normal 0.16728 -0.450749 0.876837
    outer loop
      vertex 51.936 23.5 2.53548
      vertex 51.9094 27.7 4.69962
      vertex 51.3809 23.5 2.64138
    endloop
  endfacet
  facet normal 0.380086 -0.450746 0.80769
    outer loop
      vertex 50.8434 23.5 2.81601
      vertex 51.3558 27.7 4.91877
      vertex 50.3321 23.5 3.05662
    endloop
  endfacet
  facet normal 0.722148 -0.450744 -0.524722
    outer loop
      vertex 50.67 27.7 8.51388
      vertex 49.0327 23.5 9.86841
      vertex 48.7005 23.5 9.41122
    endloop
  endfacet
  facet normal 0.650674 -0.450742 -0.61111
    outer loop
      vertex 50.67 27.7 8.51388
      vertex 50.8742 27.7 8.7313
      vertex 49.0327 23.5 9.86841
    endloop
  endfacet
  facet normal -0.478333 -0.450747 -0.753674
    outer loop
      vertex 55.145 23.5 10.6406
      vertex 54.6679 23.5 10.9434
      vertex 53.896 27.7 8.92142
    endloop
  endfacet
  facet normal -0.569021 -0.450745 -0.687782
    outer loop
      vertex 54.1258 27.7 8.7313
      vertex 55.145 23.5 10.6406
      vertex 53.896 27.7 8.92142
    endloop
  endfacet
  facet normal 0.275824 -0.45075 0.848967
    outer loop
      vertex 51.3809 23.5 2.64138
      vertex 51.9094 27.7 4.69962
      vertex 50.8434 23.5 2.81601
    endloop
  endfacet
  facet normal 0.0560439 -0.450748 0.89089
    outer loop
      vertex 52.5 23.5 2.5
      vertex 52.5 27.7 4.625
      vertex 51.936 23.5 2.53548
    endloop
  endfacet
  facet normal 0.275791 -0.450747 0.848979
    outer loop
      vertex 51.9094 27.7 4.69962
      vertex 51.6257 27.7 4.79178
      vertex 50.8434 23.5 2.81601
    endloop
  endfacet
  facet normal 0.478335 -0.450744 0.753675
    outer loop
      vertex 51.3558 27.7 4.91877
      vertex 51.104 27.7 5.07858
      vertex 50.3321 23.5 3.05662
    endloop
  endfacet
  facet normal 0.380034 -0.450751 0.807711
    outer loop
      vertex 51.6257 27.7 4.79178
      vertex 51.3558 27.7 4.91877
      vertex 50.8434 23.5 2.81601
    endloop
  endfacet
  facet normal 0.782215 -0.450749 0.430075
    outer loop
      vertex 50.4947 27.7 5.72741
      vertex 50.351 27.7 5.98877
      vertex 48.7005 23.5 4.58878
    endloop
  endfacet
  facet normal 0.782269 -0.450741 0.429986
    outer loop
      vertex 48.7005 23.5 4.58878
      vertex 50.351 27.7 5.98877
      vertex 48.4283 23.5 5.08399
    endloop
  endfacet
  facet normal 0.885615 -0.450753 -0.111837
    outer loop
      vertex 50.1671 27.7 7.44503
      vertex 48.0797 23.5 7.84321
      vertex 48.0089 23.5 7.28256
    endloop
  endfacet
  facet normal 0.380073 -0.450749 -0.807694
    outer loop
      vertex 51.3558 27.7 9.08123
      vertex 50.8434 23.5 11.184
      vertex 50.3321 23.5 10.9434
    endloop
  endfacet
  facet normal -0.275791 -0.450749 -0.848979
    outer loop
      vertex 53.3743 27.7 9.20822
      vertex 54.1566 23.5 11.184
      vertex 53.0906 27.7 9.30038
    endloop
  endfacet
  facet normal 0.167313 -0.450747 0.876832
    outer loop
      vertex 51.936 23.5 2.53548
      vertex 52.2023 27.7 4.64373
      vertex 51.9094 27.7 4.69962
    endloop
  endfacet
  facet normal 0.478333 -0.450745 0.753675
    outer loop
      vertex 50.3321 23.5 3.05662
      vertex 51.104 27.7 5.07858
      vertex 49.855 23.5 3.35942
    endloop
  endfacet
  facet normal 0.569022 -0.450742 0.687783
    outer loop
      vertex 51.104 27.7 5.07858
      vertex 50.8742 27.7 5.2687
      vertex 49.855 23.5 3.35942
    endloop
  endfacet
  facet normal 0.829933 -0.450741 0.3287
    outer loop
      vertex 48.4283 23.5 5.08399
      vertex 50.351 27.7 5.98877
      vertex 48.2202 23.5 5.60942
    endloop
  endfacet
  facet normal 0.722148 -0.450744 0.524722
    outer loop
      vertex 49.0327 23.5 4.13159
      vertex 50.67 27.7 5.48612
      vertex 48.7005 23.5 4.58878
    endloop
  endfacet
  facet normal 0.16728 -0.450746 -0.876838
    outer loop
      vertex 51.9094 27.7 9.30038
      vertex 51.936 23.5 11.4645
      vertex 51.3809 23.5 11.3586
    endloop
  endfacet
  facet normal 0.782215 -0.450749 -0.430075
    outer loop
      vertex 50.351 27.7 8.01123
      vertex 50.4947 27.7 8.27259
      vertex 48.7005 23.5 9.41122
    endloop
  endfacet
  facet normal 0.72218 -0.450749 -0.524672
    outer loop
      vertex 50.4947 27.7 8.27259
      vertex 50.67 27.7 8.51388
      vertex 48.7005 23.5 9.41122
    endloop
  endfacet
  facet normal 0.650779 -0.450755 -0.610989
    outer loop
      vertex 50.8742 27.7 8.7313
      vertex 49.4195 23.5 10.2804
      vertex 49.0327 23.5 9.86841
    endloop
  endfacet
  facet normal -0.380034 -0.450751 0.807711
    outer loop
      vertex 54.1566 23.5 2.81601
      vertex 53.6442 27.7 4.91877
      vertex 53.3743 27.7 4.79178
    endloop
  endfacet
  facet normal -0.782215 -0.450749 0.430075
    outer loop
      vertex 56.2995 23.5 4.58878
      vertex 54.649 27.7 5.98877
      vertex 54.5053 27.7 5.72741
    endloop
  endfacet
  facet normal -0.885615 -0.450753 -0.111837
    outer loop
      vertex 56.9911 23.5 7.28256
      vertex 56.9203 23.5 7.84321
      vertex 54.8329 27.7 7.44503
    endloop
  endfacet
  facet normal -0.782269 -0.450741 -0.429986
    outer loop
      vertex 56.5717 23.5 8.91601
      vertex 56.2995 23.5 9.41122
      vertex 54.649 27.7 8.01123
    endloop
  endfacet
  facet normal -0.829961 -0.450748 -0.32862
    outer loop
      vertex 54.7588 27.7 7.73392
      vertex 56.7798 23.5 8.39058
      vertex 54.649 27.7 8.01123
    endloop
  endfacet
  facet normal -0.380073 -0.450749 -0.807694
    outer loop
      vertex 54.6679 23.5 10.9434
      vertex 54.1566 23.5 11.184
      vertex 53.6442 27.7 9.08123
    endloop
  endfacet
  facet normal 0.056051 -0.450745 -0.890891
    outer loop
      vertex 52.2023 27.7 9.35627
      vertex 52.5 27.7 9.375
      vertex 51.936 23.5 11.4645
    endloop
  endfacet
  facet normal -0.478334 -0.450747 -0.753673
    outer loop
      vertex 53.896 27.7 8.92142
      vertex 54.6679 23.5 10.9434
      vertex 53.6442 27.7 9.08123
    endloop
  endfacet
  facet normal -0.568923 -0.450755 -0.687857
    outer loop
      vertex 55.5805 23.5 10.2804
      vertex 55.145 23.5 10.6406
      vertex 54.1258 27.7 8.7313
    endloop
  endfacet
  facet normal 0.864619 -0.450756 0.221932
    outer loop
      vertex 48.2202 23.5 5.60942
      vertex 50.1671 27.7 6.55497
      vertex 48.0797 23.5 6.15679
    endloop
  endfacet
  facet normal 0.885615 -0.450753 0.111837
    outer loop
      vertex 48.0797 23.5 6.15679
      vertex 50.1671 27.7 6.55497
      vertex 48.0089 23.5 6.71744
    endloop
  endfacet
  facet normal 0.72218 -0.450749 0.524672
    outer loop
      vertex 50.67 27.7 5.48612
      vertex 50.4947 27.7 5.72741
      vertex 48.7005 23.5 4.58878
    endloop
  endfacet
  facet normal 0.65075 -0.450751 0.611021
    outer loop
      vertex 49.4195 23.5 3.71964
      vertex 50.8742 27.7 5.2687
      vertex 49.0327 23.5 4.13159
    endloop
  endfacet
  facet normal 0.829961 -0.450748 -0.32862
    outer loop
      vertex 50.2412 27.7 7.73392
      vertex 50.351 27.7 8.01123
      vertex 48.2202 23.5 8.39058
    endloop
  endfacet
  facet normal 0.864619 -0.450756 -0.221932
    outer loop
      vertex 50.1671 27.7 7.44503
      vertex 48.2202 23.5 8.39058
      vertex 48.0797 23.5 7.84321
    endloop
  endfacet
  facet normal 0.864663 -0.450743 -0.221785
    outer loop
      vertex 50.1671 27.7 7.44503
      vertex 50.2412 27.7 7.73392
      vertex 48.2202 23.5 8.39058
    endloop
  endfacet
  facet normal 0.569021 -0.450745 -0.687782
    outer loop
      vertex 50.8742 27.7 8.7313
      vertex 51.104 27.7 8.92142
      vertex 49.855 23.5 10.6406
    endloop
  endfacet
  facet normal 0.568923 -0.450755 -0.687857
    outer loop
      vertex 50.8742 27.7 8.7313
      vertex 49.855 23.5 10.6406
      vertex 49.4195 23.5 10.2804
    endloop
  endfacet
  facet normal -0.478333 -0.450745 0.753675
    outer loop
      vertex 54.6679 23.5 3.05662
      vertex 55.145 23.5 3.35942
      vertex 53.896 27.7 5.07858
    endloop
  endfacet
  facet normal -0.65075 -0.450751 0.611021
    outer loop
      vertex 55.5805 23.5 3.71964
      vertex 55.9673 23.5 4.13159
      vertex 54.1258 27.7 5.2687
    endloop
  endfacet
  facet normal -0.885615 -0.450753 0.111837
    outer loop
      vertex 56.9203 23.5 6.15679
      vertex 56.9911 23.5 6.71744
      vertex 54.8329 27.7 6.55497
    endloop
  endfacet
  facet normal -0.864619 -0.450756 0.221932
    outer loop
      vertex 56.7798 23.5 5.60942
      vertex 56.9203 23.5 6.15679
      vertex 54.8329 27.7 6.55497
    endloop
  endfacet
  facet normal -0.829933 -0.450741 0.3287
    outer loop
      vertex 56.5717 23.5 5.08399
      vertex 56.7798 23.5 5.60942
      vertex 54.649 27.7 5.98877
    endloop
  endfacet
  facet normal -0.72218 -0.450749 0.524672
    outer loop
      vertex 56.2995 23.5 4.58878
      vertex 54.5053 27.7 5.72741
      vertex 54.33 27.7 5.48612
    endloop
  endfacet
  facet normal -0.722148 -0.450744 -0.524722
    outer loop
      vertex 56.2995 23.5 9.41122
      vertex 55.9673 23.5 9.86841
      vertex 54.33 27.7 8.51388
    endloop
  endfacet
  facet normal -0.829933 -0.450741 -0.3287
    outer loop
      vertex 56.7798 23.5 8.39058
      vertex 56.5717 23.5 8.91601
      vertex 54.649 27.7 8.01123
    endloop
  endfacet
  facet normal -0.864663 -0.450743 -0.221785
    outer loop
      vertex 54.8329 27.7 7.44503
      vertex 56.7798 23.5 8.39058
      vertex 54.7588 27.7 7.73392
    endloop
  endfacet
  facet normal -0.275781 -0.450748 -0.848982
    outer loop
      vertex 54.1566 23.5 11.184
      vertex 53.6191 23.5 11.3586
      vertex 53.0906 27.7 9.30038
    endloop
  endfacet
  facet normal 0.0560754 -0.450747 -0.890889
    outer loop
      vertex 52.5 27.7 9.375
      vertex 52.5 23.5 11.5
      vertex 51.936 23.5 11.4645
    endloop
  endfacet
  facet normal 0.829961 -0.450748 0.32862
    outer loop
      vertex 50.351 27.7 5.98877
      vertex 50.2412 27.7 6.26608
      vertex 48.2202 23.5 5.60942
    endloop
  endfacet
  facet normal 0.864663 -0.450743 0.221785
    outer loop
      vertex 50.2412 27.7 6.26608
      vertex 50.1671 27.7 6.55497
      vertex 48.2202 23.5 5.60942
    endloop
  endfacet
  facet normal 0.650674 -0.450742 0.61111
    outer loop
      vertex 50.8742 27.7 5.2687
      vertex 50.67 27.7 5.48612
      vertex 49.0327 23.5 4.13159
    endloop
  endfacet
  facet normal 0.275781 -0.450748 -0.848982
    outer loop
      vertex 51.9094 27.7 9.30038
      vertex 51.3809 23.5 11.3586
      vertex 50.8434 23.5 11.184
    endloop
  endfacet
  facet normal 0.380034 -0.450752 -0.807711
    outer loop
      vertex 51.3558 27.7 9.08123
      vertex 51.6257 27.7 9.20822
      vertex 50.8434 23.5 11.184
    endloop
  endfacet
  facet normal 0.829933 -0.450741 -0.3287
    outer loop
      vertex 50.351 27.7 8.01123
      vertex 48.4283 23.5 8.91601
      vertex 48.2202 23.5 8.39058
    endloop
  endfacet
  facet normal 0.782269 -0.450741 -0.429986
    outer loop
      vertex 50.351 27.7 8.01123
      vertex 48.7005 23.5 9.41122
      vertex 48.4283 23.5 8.91601
    endloop
  endfacet
  facet normal 0.892652 -0.450747 0
    outer loop
      vertex 48.0089 23.5 7.28256
      vertex 50.1297 27.7 6.85087
      vertex 50.1297 27.7 7.14913
    endloop
  endfacet
  facet normal 0.892652 -0.450747 0
    outer loop
      vertex 50.1297 27.7 6.85087
      vertex 48.0089 23.5 7.28256
      vertex 48.0089 23.5 6.71744
    endloop
  endfacet
  facet normal 0.478333 -0.450747 -0.753674
    outer loop
      vertex 51.104 27.7 8.92142
      vertex 50.3321 23.5 10.9434
      vertex 49.855 23.5 10.6406
    endloop
  endfacet
  facet normal 0.478334 -0.450747 -0.753673
    outer loop
      vertex 51.104 27.7 8.92142
      vertex 51.3558 27.7 9.08123
      vertex 50.3321 23.5 10.9434
    endloop
  endfacet
  facet normal -0.650674 -0.450742 0.61111
    outer loop
      vertex 55.9673 23.5 4.13159
      vertex 54.33 27.7 5.48612
      vertex 54.1258 27.7 5.2687
    endloop
  endfacet
  facet normal -0.568943 -0.45075 0.687843
    outer loop
      vertex 55.145 23.5 3.35942
      vertex 55.5805 23.5 3.71964
      vertex 54.1258 27.7 5.2687
    endloop
  endfacet
  facet normal -0.722148 -0.450744 0.524722
    outer loop
      vertex 55.9673 23.5 4.13159
      vertex 56.2995 23.5 4.58878
      vertex 54.33 27.7 5.48612
    endloop
  endfacet
  facet normal -0.892652 -0.450747 0
    outer loop
      vertex 56.9911 23.5 6.71744
      vertex 54.8703 27.7 7.14913
      vertex 54.8703 27.7 6.85087
    endloop
  endfacet
  facet normal -0.892652 -0.450747 0
    outer loop
      vertex 54.8703 27.7 7.14913
      vertex 56.9911 23.5 6.71744
      vertex 56.9911 23.5 7.28256
    endloop
  endfacet
  facet normal -0.864663 -0.450743 0.221785
    outer loop
      vertex 56.7798 23.5 5.60942
      vertex 54.8329 27.7 6.55497
      vertex 54.7588 27.7 6.26608
    endloop
  endfacet
  facet normal -0.829961 -0.450748 0.32862
    outer loop
      vertex 56.7798 23.5 5.60942
      vertex 54.7588 27.7 6.26608
      vertex 54.649 27.7 5.98877
    endloop
  endfacet
  facet normal -0.782269 -0.450741 0.429986
    outer loop
      vertex 56.2995 23.5 4.58878
      vertex 56.5717 23.5 5.08399
      vertex 54.649 27.7 5.98877
    endloop
  endfacet
  facet normal -0.650674 -0.450742 -0.61111
    outer loop
      vertex 54.33 27.7 8.51388
      vertex 55.9673 23.5 9.86841
      vertex 54.1258 27.7 8.7313
    endloop
  endfacet
  facet normal -0.650779 -0.450755 -0.610989
    outer loop
      vertex 55.9673 23.5 9.86841
      vertex 55.5805 23.5 10.2804
      vertex 54.1258 27.7 8.7313
    endloop
  endfacet
  facet normal -0.72218 -0.450749 -0.524672
    outer loop
      vertex 54.5053 27.7 8.27259
      vertex 56.2995 23.5 9.41122
      vertex 54.33 27.7 8.51388
    endloop
  endfacet
  facet normal -0.782215 -0.450749 -0.430075
    outer loop
      vertex 54.649 27.7 8.01123
      vertex 56.2995 23.5 9.41122
      vertex 54.5053 27.7 8.27259
    endloop
  endfacet
  facet normal -0.380034 -0.450752 -0.807711
    outer loop
      vertex 53.6442 27.7 9.08123
      vertex 54.1566 23.5 11.184
      vertex 53.3743 27.7 9.20822
    endloop
  endfacet
  facet normal -0.0560754 -0.450747 -0.890889
    outer loop
      vertex 52.5 27.7 9.375
      vertex 53.064 23.5 11.4645
      vertex 52.5 23.5 11.5
    endloop
  endfacet
  facet normal 0.275791 -0.450749 -0.848979
    outer loop
      vertex 51.6257 27.7 9.20822
      vertex 51.9094 27.7 9.30038
      vertex 50.8434 23.5 11.184
    endloop
  endfacet
  facet normal 0.885607 -0.450745 -0.111935
    outer loop
      vertex 50.1297 27.7 7.14913
      vertex 50.1671 27.7 7.44503
      vertex 48.0089 23.5 7.28256
    endloop
  endfacet
  facet normal -0.16728 -0.450749 0.876837
    outer loop
      vertex 53.6191 23.5 2.64138
      vertex 53.0906 27.7 4.69962
      vertex 53.064 23.5 2.53548
    endloop
  endfacet
  facet normal -0.275824 -0.45075 0.848967
    outer loop
      vertex 53.6191 23.5 2.64138
      vertex 54.1566 23.5 2.81601
      vertex 53.0906 27.7 4.69962
    endloop
  endfacet
  facet normal -0.380086 -0.450746 0.80769
    outer loop
      vertex 54.1566 23.5 2.81601
      vertex 54.6679 23.5 3.05662
      vertex 53.6442 27.7 4.91877
    endloop
  endfacet
  facet normal -0.478335 -0.450744 0.753675
    outer loop
      vertex 54.6679 23.5 3.05662
      vertex 53.896 27.7 5.07858
      vertex 53.6442 27.7 4.91877
    endloop
  endfacet
  facet normal -0.569022 -0.450742 0.687783
    outer loop
      vertex 55.145 23.5 3.35942
      vertex 54.1258 27.7 5.2687
      vertex 53.896 27.7 5.07858
    endloop
  endfacet
  facet normal -0.885607 -0.450745 0.111935
    outer loop
      vertex 56.9911 23.5 6.71744
      vertex 54.8703 27.7 6.85087
      vertex 54.8329 27.7 6.55497
    endloop
  endfacet
  facet normal -0.885607 -0.450745 -0.111935
    outer loop
      vertex 54.8703 27.7 7.14913
      vertex 56.9911 23.5 7.28256
      vertex 54.8329 27.7 7.44503
    endloop
  endfacet
  facet normal -0.16728 -0.450746 -0.876838
    outer loop
      vertex 53.0906 27.7 9.30038
      vertex 53.6191 23.5 11.3586
      vertex 53.064 23.5 11.4645
    endloop
  endfacet
  facet normal -0.167313 -0.450747 0.876832
    outer loop
      vertex 53.064 23.5 2.53548
      vertex 53.0906 27.7 4.69962
      vertex 52.7977 27.7 4.64373
    endloop
  endfacet
  facet normal -0.056051 -0.450745 -0.890891
    outer loop
      vertex 52.7977 27.7 9.35627
      vertex 53.064 23.5 11.4645
      vertex 52.5 27.7 9.375
    endloop
  endfacet
  facet normal -0.167314 -0.450743 -0.876833
    outer loop
      vertex 53.0906 27.7 9.30038
      vertex 53.064 23.5 11.4645
      vertex 52.7977 27.7 9.35627
    endloop
  endfacet
  facet normal -0.275791 -0.450747 0.848979
    outer loop
      vertex 54.1566 23.5 2.81601
      vertex 53.3743 27.7 4.79178
      vertex 53.0906 27.7 4.69962
    endloop
  endfacet
  facet normal -0.308946 -0 -0.95108
    outer loop
      vertex 53.6191 23.5 11.3586
      vertex 54.1566 18.5539 11.184
      vertex 53.6191 18.3428 11.3586
    endloop
  endfacet
  facet normal -0.308946 0 -0.95108
    outer loop
      vertex 54.1566 18.5539 11.184
      vertex 53.6191 23.5 11.3586
      vertex 54.1566 23.5 11.184
    endloop
  endfacet
  facet normal -0.535856 0 0.844309
    outer loop
      vertex 54.6679 23.5 3.05662
      vertex 55.145 19.1113 3.35942
      vertex 55.145 23.5 3.35942
    endloop
  endfacet
  facet normal -0.535856 0 0.844309
    outer loop
      vertex 55.145 19.1113 3.35942
      vertex 54.6679 23.5 3.05662
      vertex 54.6679 18.8269 3.05662
    endloop
  endfacet
  facet normal -0.929736 0 0.368228
    outer loop
      vertex 56.5717 23.5 5.08399
      vertex 56.7798 20.3102 5.60942
      vertex 56.7798 23.5 5.60942
    endloop
  endfacet
  facet normal -0.929721 6.9236e-06 0.368264
    outer loop
      vertex 56.5717 23.5 5.08399
      vertex 56.6574 20.2308 5.30041
      vertex 56.7798 20.3102 5.60942
    endloop
  endfacet
  facet normal -0.929757 0 0.368174
    outer loop
      vertex 56.6574 20.2308 5.30041
      vertex 56.5717 23.5 5.08399
      vertex 56.5717 20.1451 5.08399
    endloop
  endfacet
  facet normal -0.929736 0 -0.368228
    outer loop
      vertex 56.7798 20.3102 8.39058
      vertex 56.5717 23.5 8.91601
      vertex 56.7798 23.5 8.39058
    endloop
  endfacet
  facet normal -0.929721 6.9236e-06 -0.368264
    outer loop
      vertex 56.6574 20.2308 8.69959
      vertex 56.5717 23.5 8.91601
      vertex 56.7798 20.3102 8.39058
    endloop
  endfacet
  facet normal -0.929757 -0 -0.368174
    outer loop
      vertex 56.5717 23.5 8.91601
      vertex 56.6574 20.2308 8.69959
      vertex 56.5717 20.1451 8.91601
    endloop
  endfacet
  facet normal -0.425411 4.93468e-05 -0.905
    outer loop
      vertex 54.1566 23.5 11.184
      vertex 54.6679 18.8269 10.9434
      vertex 54.5277 18.765 11.0093
    endloop
  endfacet
  facet normal -0.425926 -0 -0.904758
    outer loop
      vertex 54.1566 23.5 11.184
      vertex 54.5277 18.765 11.0093
      vertex 54.1566 18.5539 11.184
    endloop
  endfacet
  facet normal -0.42578 0 -0.904827
    outer loop
      vertex 54.6679 18.8269 10.9434
      vertex 54.1566 23.5 11.184
      vertex 54.6679 23.5 10.9434
    endloop
  endfacet
  facet normal 0.187533 0 0.982258
    outer loop
      vertex 51.936 23.5 2.53548
      vertex 51.8578 18.2328 2.55041
      vertex 51.936 18.2093 2.53548
    endloop
  endfacet
  facet normal 0.187397 -0 0.982284
    outer loop
      vertex 51.3809 18.3428 2.64138
      vertex 51.936 23.5 2.53548
      vertex 51.3809 23.5 2.64138
    endloop
  endfacet
  facet normal 0.187375 2.44079e-06 0.982288
    outer loop
      vertex 51.936 23.5 2.53548
      vertex 51.3809 18.3428 2.64138
      vertex 51.8578 18.2328 2.55041
    endloop
  endfacet
  facet normal -0.187397 0 0.982284
    outer loop
      vertex 53.064 23.5 2.53548
      vertex 53.6191 18.3428 2.64138
      vertex 53.6191 23.5 2.64138
    endloop
  endfacet
  facet normal -0.187375 2.44079e-06 0.982288
    outer loop
      vertex 53.6191 18.3428 2.64138
      vertex 53.064 23.5 2.53548
      vertex 53.1422 18.2328 2.55041
    endloop
  endfacet
  facet normal -0.187533 0 0.982258
    outer loop
      vertex 53.1422 18.2328 2.55041
      vertex 53.064 23.5 2.53548
      vertex 53.064 18.2093 2.53548
    endloop
  endfacet
  facet normal -0.72901 0 0.684503
    outer loop
      vertex 55.5805 23.5 3.71964
      vertex 55.9673 19.687 4.13159
      vertex 55.9673 23.5 4.13159
    endloop
  endfacet
  facet normal -0.72918 -3.68251e-05 0.684322
    outer loop
      vertex 55.5805 23.5 3.71964
      vertex 55.8935 19.6438 4.05295
      vertex 55.9673 19.687 4.13159
    endloop
  endfacet
  facet normal -0.728967 0 0.684548
    outer loop
      vertex 55.8935 19.6438 4.05295
      vertex 55.5805 23.5 3.71964
      vertex 55.5805 19.4016 3.71964
    endloop
  endfacet
  facet normal -0.992121 -9.63697e-06 0.125287
    outer loop
      vertex 56.9203 23.5 6.15679
      vertex 56.9832 20.4891 6.65465
      vertex 56.9911 23.5 6.71744
    endloop
  endfacet
  facet normal -0.992113 0 0.125344
    outer loop
      vertex 56.9832 20.4891 6.65465
      vertex 56.9203 23.5 6.15679
      vertex 56.9203 20.4263 6.15679
    endloop
  endfacet
  facet normal -0.992178 0 0.124832
    outer loop
      vertex 56.9911 23.5 6.71744
      vertex 56.9832 20.4891 6.65465
      vertex 56.9911 20.4891 6.71744
    endloop
  endfacet
  facet normal -0.80899 0 0.587822
    outer loop
      vertex 55.9673 23.5 4.13159
      vertex 56.2995 19.9384 4.58878
      vertex 56.2995 23.5 4.58878
    endloop
  endfacet
  facet normal -0.80899 0 0.587822
    outer loop
      vertex 56.2995 19.9384 4.58878
      vertex 55.9673 23.5 4.13159
      vertex 55.9673 19.687 4.13159
    endloop
  endfacet
  facet normal -0.187433 -4.04909e-06 -0.982277
    outer loop
      vertex 53.064 23.5 11.4645
      vertex 53.6191 18.3428 11.3586
      vertex 53.1422 18.2328 11.4496
    endloop
  endfacet
  facet normal -0.18717 -0 -0.982328
    outer loop
      vertex 53.064 23.5 11.4645
      vertex 53.1422 18.2328 11.4496
      vertex 53.064 18.2093 11.4645
    endloop
  endfacet
  facet normal -0.187397 0 -0.982284
    outer loop
      vertex 53.6191 18.3428 11.3586
      vertex 53.064 23.5 11.4645
      vertex 53.6191 23.5 11.3586
    endloop
  endfacet
  facet normal -0.637239 1.8687e-05 -0.770666
    outer loop
      vertex 55.145 23.5 10.6406
      vertex 55.5805 19.4016 10.2804
      vertex 55.3079 19.2378 10.5058
    endloop
  endfacet
  facet normal -0.637529 -0 -0.770426
    outer loop
      vertex 55.145 23.5 10.6406
      vertex 55.3079 19.2378 10.5058
      vertex 55.145 19.1113 10.6406
    endloop
  endfacet
  facet normal -0.637343 0 -0.77058
    outer loop
      vertex 55.5805 19.4016 10.2804
      vertex 55.145 23.5 10.6406
      vertex 55.5805 23.5 10.2804
    endloop
  endfacet
  facet normal -0.87634 0 -0.481694
    outer loop
      vertex 56.5717 20.1451 8.91601
      vertex 56.2995 23.5 9.41122
      vertex 56.5717 23.5 8.91601
    endloop
  endfacet
  facet normal -0.876288 1.81669e-05 -0.481788
    outer loop
      vertex 56.3376 19.9765 9.34179
      vertex 56.2995 23.5 9.41122
      vertex 56.5717 20.1451 8.91601
    endloop
  endfacet
  facet normal -0.876677 -0 -0.48108
    outer loop
      vertex 56.2995 23.5 9.41122
      vertex 56.3376 19.9765 9.34179
      vertex 56.2995 19.9384 9.41122
    endloop
  endfacet
  facet normal -0.968601 0 -0.248622
    outer loop
      vertex 56.9203 20.4263 7.84321
      vertex 56.7798 23.5 8.39058
      vertex 56.9203 23.5 7.84321
    endloop
  endfacet
  facet normal -0.9686 3.32212e-07 -0.248624
    outer loop
      vertex 56.8722 20.4026 8.0306
      vertex 56.7798 23.5 8.39058
      vertex 56.9203 20.4263 7.84321
    endloop
  endfacet
  facet normal -0.968601 -0 -0.248621
    outer loop
      vertex 56.7798 23.5 8.39058
      vertex 56.8722 20.4026 8.0306
      vertex 56.7798 20.3102 8.39058
    endloop
  endfacet
  facet normal -0.0627837 0 0.998027
    outer loop
      vertex 52.5 23.5 2.5
      vertex 53.064 18.2093 2.53548
      vertex 53.064 23.5 2.53548
    endloop
  endfacet
  facet normal -0.0627837 0 0.998027
    outer loop
      vertex 53.064 18.2093 2.53548
      vertex 52.5 23.5 2.5
      vertex 52.5 18.1534 2.5
    endloop
  endfacet
  facet normal 0.308994 -0 0.951064
    outer loop
      vertex 50.8434 18.5539 2.81601
      vertex 51.3809 23.5 2.64138
      vertex 50.8434 23.5 2.81601
    endloop
  endfacet
  facet normal 0.308994 0 0.951064
    outer loop
      vertex 51.3809 23.5 2.64138
      vertex 50.8434 18.5539 2.81601
      vertex 51.3809 18.3428 2.64138
    endloop
  endfacet
  facet normal 0.729043 0 -0.684468
    outer loop
      vertex 49.4195 23.5 10.2804
      vertex 49.0327 19.687 9.86841
      vertex 49.0327 23.5 9.86841
    endloop
  endfacet
  facet normal 0.729182 -3.00486e-05 -0.68432
    outer loop
      vertex 49.4195 23.5 10.2804
      vertex 49.1065 19.6438 9.94705
      vertex 49.0327 19.687 9.86841
    endloop
  endfacet
  facet normal 0.729008 0 -0.684505
    outer loop
      vertex 49.1065 19.6438 9.94705
      vertex 49.4195 23.5 10.2804
      vertex 49.4195 19.4016 10.2804
    endloop
  endfacet
  facet normal 0.425926 0 -0.904758
    outer loop
      vertex 50.4723 18.765 11.0093
      vertex 50.8434 23.5 11.184
      vertex 50.8434 18.5539 11.184
    endloop
  endfacet
  facet normal 0.425411 4.93468e-05 -0.905
    outer loop
      vertex 50.3321 18.8269 10.9434
      vertex 50.8434 23.5 11.184
      vertex 50.4723 18.765 11.0093
    endloop
  endfacet
  facet normal 0.42578 0 -0.904827
    outer loop
      vertex 50.8434 23.5 11.184
      vertex 50.3321 18.8269 10.9434
      vertex 50.3321 23.5 10.9434
    endloop
  endfacet
  facet normal 0.80899 -0 0.587822
    outer loop
      vertex 48.7005 19.9384 4.58878
      vertex 49.0327 23.5 4.13159
      vertex 48.7005 23.5 4.58878
    endloop
  endfacet
  facet normal 0.80899 0 0.587822
    outer loop
      vertex 49.0327 23.5 4.13159
      vertex 48.7005 19.9384 4.58878
      vertex 49.0327 19.687 4.13159
    endloop
  endfacet
  facet normal -0.637364 0 0.770563
    outer loop
      vertex 55.145 23.5 3.35942
      vertex 55.5805 19.4016 3.71964
      vertex 55.5805 23.5 3.71964
    endloop
  endfacet
  facet normal -0.63735 2.45521e-06 0.770574
    outer loop
      vertex 55.5805 19.4016 3.71964
      vertex 55.145 23.5 3.35942
      vertex 55.3079 19.2378 3.49417
    endloop
  endfacet
  facet normal -0.637389 0 0.770543
    outer loop
      vertex 55.3079 19.2378 3.49417
      vertex 55.145 23.5 3.35942
      vertex 55.145 19.1113 3.35942
    endloop
  endfacet
  facet normal -1 0 0
    outer loop
      vertex 56.9911 20.4891 6.71744
      vertex 56.9911 23.5 7.28256
      vertex 56.9911 23.5 6.71744
    endloop
  endfacet
  facet normal -1 -0 0
    outer loop
      vertex 56.9911 23.5 7.28256
      vertex 56.9911 20.4891 6.71744
      vertex 56.9911 20.4891 7.28256
    endloop
  endfacet
  facet normal -0.968601 0 0.248622
    outer loop
      vertex 56.7798 23.5 5.60942
      vertex 56.9203 20.4263 6.15679
      vertex 56.9203 23.5 6.15679
    endloop
  endfacet
  facet normal -0.9686 3.32212e-07 0.248624
    outer loop
      vertex 56.7798 23.5 5.60942
      vertex 56.8722 20.4026 5.9694
      vertex 56.9203 20.4263 6.15679
    endloop
  endfacet
  facet normal -0.968601 0 0.248621
    outer loop
      vertex 56.8722 20.4026 5.9694
      vertex 56.7798 23.5 5.60942
      vertex 56.7798 20.3102 5.60942
    endloop
  endfacet
  facet normal -0.87634 0 0.481694
    outer loop
      vertex 56.2995 23.5 4.58878
      vertex 56.5717 20.1451 5.08399
      vertex 56.5717 23.5 5.08399
    endloop
  endfacet
  facet normal -0.876288 1.81669e-05 0.481788
    outer loop
      vertex 56.2995 23.5 4.58878
      vertex 56.3376 19.9765 4.65821
      vertex 56.5717 20.1451 5.08399
    endloop
  endfacet
  facet normal -0.876677 0 0.48108
    outer loop
      vertex 56.3376 19.9765 4.65821
      vertex 56.2995 23.5 4.58878
      vertex 56.2995 19.9384 4.58878
    endloop
  endfacet
  facet normal -0.0628189 -0 -0.998025
    outer loop
      vertex 52.5 23.5 11.5
      vertex 53.064 18.2093 11.4645
      vertex 52.5 18.1534 11.5
    endloop
  endfacet
  facet normal -0.0628189 0 -0.998025
    outer loop
      vertex 53.064 18.2093 11.4645
      vertex 52.5 23.5 11.5
      vertex 53.064 23.5 11.4645
    endloop
  endfacet
  facet normal -0.535856 -0 -0.844309
    outer loop
      vertex 54.6679 23.5 10.9434
      vertex 55.145 19.1113 10.6406
      vertex 54.6679 18.8269 10.9434
    endloop
  endfacet
  facet normal -0.535856 0 -0.844309
    outer loop
      vertex 55.145 19.1113 10.6406
      vertex 54.6679 23.5 10.9434
      vertex 55.145 23.5 10.6406
    endloop
  endfacet
  facet normal -0.992178 0 -0.124832
    outer loop
      vertex 56.9832 20.4891 7.34535
      vertex 56.9911 23.5 7.28256
      vertex 56.9911 20.4891 7.28256
    endloop
  endfacet
  facet normal -0.992121 -9.63697e-06 -0.125287
    outer loop
      vertex 56.9911 23.5 7.28256
      vertex 56.9832 20.4891 7.34535
      vertex 56.9203 23.5 7.84321
    endloop
  endfacet
  facet normal -0.992113 -0 -0.125344
    outer loop
      vertex 56.9203 23.5 7.84321
      vertex 56.9832 20.4891 7.34535
      vertex 56.9203 20.4263 7.84321
    endloop
  endfacet
  facet normal -0.80899 0 -0.587822
    outer loop
      vertex 56.2995 19.9384 9.41122
      vertex 55.9673 23.5 9.86841
      vertex 56.2995 23.5 9.41122
    endloop
  endfacet
  facet normal -0.80899 -0 -0.587822
    outer loop
      vertex 55.9673 23.5 9.86841
      vertex 56.2995 19.9384 9.41122
      vertex 55.9673 19.687 9.86841
    endloop
  endfacet
  facet normal -0.729043 0 -0.684468
    outer loop
      vertex 55.9673 19.687 9.86841
      vertex 55.5805 23.5 10.2804
      vertex 55.9673 23.5 9.86841
    endloop
  endfacet
  facet normal -0.729182 -3.00486e-05 -0.68432
    outer loop
      vertex 55.8935 19.6438 9.94705
      vertex 55.5805 23.5 10.2804
      vertex 55.9673 19.687 9.86841
    endloop
  endfacet
  facet normal -0.729008 -0 -0.684505
    outer loop
      vertex 55.5805 23.5 10.2804
      vertex 55.8935 19.6438 9.94705
      vertex 55.5805 19.4016 10.2804
    endloop
  endfacet
  facet normal 0.535856 -0 0.844309
    outer loop
      vertex 49.855 19.1113 3.35942
      vertex 50.3321 23.5 3.05662
      vertex 49.855 23.5 3.35942
    endloop
  endfacet
  facet normal 0.535856 0 0.844309
    outer loop
      vertex 50.3321 23.5 3.05662
      vertex 49.855 19.1113 3.35942
      vertex 50.3321 18.8269 3.05662
    endloop
  endfacet
  facet normal 1 -0 0
    outer loop
      vertex 48.0089 20.4891 7.28256
      vertex 48.0089 23.5 6.71744
      vertex 48.0089 23.5 7.28256
    endloop
  endfacet
  facet normal 1 0 0
    outer loop
      vertex 48.0089 23.5 6.71744
      vertex 48.0089 20.4891 7.28256
      vertex 48.0089 20.4891 6.71744
    endloop
  endfacet
  facet normal 0.308946 0 -0.95108
    outer loop
      vertex 50.8434 18.5539 11.184
      vertex 51.3809 23.5 11.3586
      vertex 51.3809 18.3428 11.3586
    endloop
  endfacet
  facet normal 0.308946 0 -0.95108
    outer loop
      vertex 51.3809 23.5 11.3586
      vertex 50.8434 18.5539 11.184
      vertex 50.8434 23.5 11.184
    endloop
  endfacet
  facet normal 0.535856 0 -0.844309
    outer loop
      vertex 49.855 19.1113 10.6406
      vertex 50.3321 23.5 10.9434
      vertex 50.3321 18.8269 10.9434
    endloop
  endfacet
  facet normal 0.535856 0 -0.844309
    outer loop
      vertex 50.3321 23.5 10.9434
      vertex 49.855 19.1113 10.6406
      vertex 49.855 23.5 10.6406
    endloop
  endfacet
  facet normal 0.992178 0 0.124832
    outer loop
      vertex 48.0168 20.4891 6.65465
      vertex 48.0089 23.5 6.71744
      vertex 48.0089 20.4891 6.71744
    endloop
  endfacet
  facet normal 0.992121 -9.63697e-06 0.125287
    outer loop
      vertex 48.0089 23.5 6.71744
      vertex 48.0168 20.4891 6.65465
      vertex 48.0797 23.5 6.15679
    endloop
  endfacet
  facet normal 0.992113 0 0.125344
    outer loop
      vertex 48.0797 23.5 6.15679
      vertex 48.0168 20.4891 6.65465
      vertex 48.0797 20.4263 6.15679
    endloop
  endfacet
  facet normal 0.968601 -0 0.248622
    outer loop
      vertex 48.0797 20.4263 6.15679
      vertex 48.2202 23.5 5.60942
      vertex 48.0797 23.5 6.15679
    endloop
  endfacet
  facet normal 0.9686 3.32212e-07 0.248624
    outer loop
      vertex 48.1278 20.4026 5.9694
      vertex 48.2202 23.5 5.60942
      vertex 48.0797 20.4263 6.15679
    endloop
  endfacet
  facet normal 0.968601 0 0.248621
    outer loop
      vertex 48.2202 23.5 5.60942
      vertex 48.1278 20.4026 5.9694
      vertex 48.2202 20.3102 5.60942
    endloop
  endfacet
  facet normal -0.425794 0 0.90482
    outer loop
      vertex 54.1566 23.5 2.81601
      vertex 54.6679 18.8269 3.05662
      vertex 54.6679 23.5 3.05662
    endloop
  endfacet
  facet normal -0.425663 1.75056e-05 0.904882
    outer loop
      vertex 54.6679 18.8269 3.05662
      vertex 54.1566 23.5 2.81601
      vertex 54.5277 18.765 2.99067
    endloop
  endfacet
  facet normal -0.425846 0 0.904795
    outer loop
      vertex 54.5277 18.765 2.99067
      vertex 54.1566 23.5 2.81601
      vertex 54.1566 18.5539 2.81601
    endloop
  endfacet
  facet normal -0.308994 0 0.951064
    outer loop
      vertex 53.6191 23.5 2.64138
      vertex 54.1566 18.5539 2.81601
      vertex 54.1566 23.5 2.81601
    endloop
  endfacet
  facet normal -0.308994 0 0.951064
    outer loop
      vertex 54.1566 18.5539 2.81601
      vertex 53.6191 23.5 2.64138
      vertex 53.6191 18.3428 2.64138
    endloop
  endfacet
  facet normal 0.0627837 -0 0.998027
    outer loop
      vertex 51.936 18.2093 2.53548
      vertex 52.5 23.5 2.5
      vertex 51.936 23.5 2.53548
    endloop
  endfacet
  facet normal 0.0627837 0 0.998027
    outer loop
      vertex 52.5 23.5 2.5
      vertex 51.936 18.2093 2.53548
      vertex 52.5 18.1534 2.5
    endloop
  endfacet
  facet normal 0.425846 0 0.904795
    outer loop
      vertex 50.8434 23.5 2.81601
      vertex 50.4723 18.765 2.99067
      vertex 50.8434 18.5539 2.81601
    endloop
  endfacet
  facet normal 0.425794 -0 0.90482
    outer loop
      vertex 50.3321 18.8269 3.05662
      vertex 50.8434 23.5 2.81601
      vertex 50.3321 23.5 3.05662
    endloop
  endfacet
  facet normal 0.425663 1.75056e-05 0.904882
    outer loop
      vertex 50.8434 23.5 2.81601
      vertex 50.3321 18.8269 3.05662
      vertex 50.4723 18.765 2.99067
    endloop
  endfacet
  facet normal 0.87634 0 -0.481694
    outer loop
      vertex 48.7005 23.5 9.41122
      vertex 48.4283 20.1451 8.91601
      vertex 48.4283 23.5 8.91601
    endloop
  endfacet
  facet normal 0.876288 1.81669e-05 -0.481788
    outer loop
      vertex 48.7005 23.5 9.41122
      vertex 48.6624 19.9765 9.34179
      vertex 48.4283 20.1451 8.91601
    endloop
  endfacet
  facet normal 0.876677 0 -0.48108
    outer loop
      vertex 48.6624 19.9765 9.34179
      vertex 48.7005 23.5 9.41122
      vertex 48.7005 19.9384 9.41122
    endloop
  endfacet
  facet normal 0.968601 0 -0.248622
    outer loop
      vertex 48.2202 23.5 8.39058
      vertex 48.0797 20.4263 7.84321
      vertex 48.0797 23.5 7.84321
    endloop
  endfacet
  facet normal 0.9686 3.32212e-07 -0.248624
    outer loop
      vertex 48.2202 23.5 8.39058
      vertex 48.1278 20.4026 8.0306
      vertex 48.0797 20.4263 7.84321
    endloop
  endfacet
  facet normal 0.968601 0 -0.248621
    outer loop
      vertex 48.1278 20.4026 8.0306
      vertex 48.2202 23.5 8.39058
      vertex 48.2202 20.3102 8.39058
    endloop
  endfacet
  facet normal 0.0628189 0 -0.998025
    outer loop
      vertex 51.936 18.2093 11.4645
      vertex 52.5 23.5 11.5
      vertex 52.5 18.1534 11.5
    endloop
  endfacet
  facet normal 0.0628189 0 -0.998025
    outer loop
      vertex 52.5 23.5 11.5
      vertex 51.936 18.2093 11.4645
      vertex 51.936 23.5 11.4645
    endloop
  endfacet
  facet normal 0.637529 0 -0.770426
    outer loop
      vertex 49.6921 19.2378 10.5058
      vertex 49.855 23.5 10.6406
      vertex 49.855 19.1113 10.6406
    endloop
  endfacet
  facet normal 0.637239 1.8687e-05 -0.770666
    outer loop
      vertex 49.4195 19.4016 10.2804
      vertex 49.855 23.5 10.6406
      vertex 49.6921 19.2378 10.5058
    endloop
  endfacet
  facet normal 0.637343 0 -0.77058
    outer loop
      vertex 49.855 23.5 10.6406
      vertex 49.4195 19.4016 10.2804
      vertex 49.4195 23.5 10.2804
    endloop
  endfacet
  facet normal 0.87634 -0 0.481694
    outer loop
      vertex 48.4283 20.1451 5.08399
      vertex 48.7005 23.5 4.58878
      vertex 48.4283 23.5 5.08399
    endloop
  endfacet
  facet normal 0.876288 1.81669e-05 0.481788
    outer loop
      vertex 48.6624 19.9765 4.65821
      vertex 48.7005 23.5 4.58878
      vertex 48.4283 20.1451 5.08399
    endloop
  endfacet
  facet normal 0.876677 0 0.48108
    outer loop
      vertex 48.7005 23.5 4.58878
      vertex 48.6624 19.9765 4.65821
      vertex 48.7005 19.9384 4.58878
    endloop
  endfacet
  facet normal 0.637389 0 0.770543
    outer loop
      vertex 49.855 23.5 3.35942
      vertex 49.6921 19.2378 3.49417
      vertex 49.855 19.1113 3.35942
    endloop
  endfacet
  facet normal 0.637364 -0 0.770563
    outer loop
      vertex 49.4195 19.4016 3.71964
      vertex 49.855 23.5 3.35942
      vertex 49.4195 23.5 3.71964
    endloop
  endfacet
  facet normal 0.63735 2.45521e-06 0.770574
    outer loop
      vertex 49.855 23.5 3.35942
      vertex 49.4195 19.4016 3.71964
      vertex 49.6921 19.2378 3.49417
    endloop
  endfacet
  facet normal 0.992121 -9.63697e-06 -0.125287
    outer loop
      vertex 48.0797 23.5 7.84321
      vertex 48.0168 20.4891 7.34535
      vertex 48.0089 23.5 7.28256
    endloop
  endfacet
  facet normal 0.992113 0 -0.125344
    outer loop
      vertex 48.0168 20.4891 7.34535
      vertex 48.0797 23.5 7.84321
      vertex 48.0797 20.4263 7.84321
    endloop
  endfacet
  facet normal 0.992178 0 -0.124832
    outer loop
      vertex 48.0089 23.5 7.28256
      vertex 48.0168 20.4891 7.34535
      vertex 48.0089 20.4891 7.28256
    endloop
  endfacet
  facet normal 0.18717 0 -0.982328
    outer loop
      vertex 51.8578 18.2328 11.4496
      vertex 51.936 23.5 11.4645
      vertex 51.936 18.2093 11.4645
    endloop
  endfacet
  facet normal 0.187433 -4.04909e-06 -0.982277
    outer loop
      vertex 51.3809 18.3428 11.3586
      vertex 51.936 23.5 11.4645
      vertex 51.8578 18.2328 11.4496
    endloop
  endfacet
  facet normal 0.187397 0 -0.982284
    outer loop
      vertex 51.936 23.5 11.4645
      vertex 51.3809 18.3428 11.3586
      vertex 51.3809 23.5 11.3586
    endloop
  endfacet
  facet normal 0.929736 -0 0.368228
    outer loop
      vertex 48.2202 20.3102 5.60942
      vertex 48.4283 23.5 5.08399
      vertex 48.2202 23.5 5.60942
    endloop
  endfacet
  facet normal 0.929721 6.9236e-06 0.368264
    outer loop
      vertex 48.3426 20.2308 5.30041
      vertex 48.4283 23.5 5.08399
      vertex 48.2202 20.3102 5.60942
    endloop
  endfacet
  facet normal 0.929757 0 0.368174
    outer loop
      vertex 48.4283 23.5 5.08399
      vertex 48.3426 20.2308 5.30041
      vertex 48.4283 20.1451 5.08399
    endloop
  endfacet
  facet normal 0.72901 -0 0.684503
    outer loop
      vertex 49.0327 19.687 4.13159
      vertex 49.4195 23.5 3.71964
      vertex 49.0327 23.5 4.13159
    endloop
  endfacet
  facet normal 0.72918 -3.68251e-05 0.684322
    outer loop
      vertex 49.1065 19.6438 4.05295
      vertex 49.4195 23.5 3.71964
      vertex 49.0327 19.687 4.13159
    endloop
  endfacet
  facet normal 0.728967 0 0.684548
    outer loop
      vertex 49.4195 23.5 3.71964
      vertex 49.1065 19.6438 4.05295
      vertex 49.4195 19.4016 3.71964
    endloop
  endfacet
  facet normal 0.80899 0 -0.587822
    outer loop
      vertex 49.0327 23.5 9.86841
      vertex 48.7005 19.9384 9.41122
      vertex 48.7005 23.5 9.41122
    endloop
  endfacet
  facet normal 0.80899 0 -0.587822
    outer loop
      vertex 48.7005 19.9384 9.41122
      vertex 49.0327 23.5 9.86841
      vertex 49.0327 19.687 9.86841
    endloop
  endfacet
  facet normal 0.929736 0 -0.368228
    outer loop
      vertex 48.4283 23.5 8.91601
      vertex 48.2202 20.3102 8.39058
      vertex 48.2202 23.5 8.39058
    endloop
  endfacet
  facet normal 0.929721 6.9236e-06 -0.368264
    outer loop
      vertex 48.4283 23.5 8.91601
      vertex 48.3426 20.2308 8.69959
      vertex 48.2202 20.3102 8.39058
    endloop
  endfacet
  facet normal 0.929757 0 -0.368174
    outer loop
      vertex 48.3426 20.2308 8.69959
      vertex 48.4283 23.5 8.91601
      vertex 48.4283 20.1451 8.91601
    endloop
  endfacet
  facet normal -0.535858 0 0.844308
    outer loop
      vertex 53.6442 36.9901 4.91877
      vertex 53.896 27.7 5.07858
      vertex 53.896 36.9901 5.07858
    endloop
  endfacet
  facet normal -0.535858 0 0.844308
    outer loop
      vertex 53.896 27.7 5.07858
      vertex 53.6442 36.9901 4.91877
      vertex 53.6442 27.7 4.91877
    endloop
  endfacet
  facet normal -0.929771 0 0.36814
    outer loop
      vertex 54.649 27.7 5.98877
      vertex 54.7588 36.9901 6.26608
      vertex 54.649 36.9901 5.98877
    endloop
  endfacet
  facet normal -0.929771 0 0.36814
    outer loop
      vertex 54.7588 36.9901 6.26608
      vertex 54.649 27.7 5.98877
      vertex 54.7588 27.7 6.26608
    endloop
  endfacet
  facet normal -0.929771 0 -0.36814
    outer loop
      vertex 54.7588 27.7 7.73392
      vertex 54.649 36.9901 8.01123
      vertex 54.7588 36.9901 7.73392
    endloop
  endfacet
  facet normal -0.929771 -0 -0.36814
    outer loop
      vertex 54.649 36.9901 8.01123
      vertex 54.7588 27.7 7.73392
      vertex 54.649 27.7 8.01123
    endloop
  endfacet
  facet normal -0.425737 0 -0.904847
    outer loop
      vertex 53.3743 27.7 9.20822
      vertex 53.6442 36.9901 9.08123
      vertex 53.6442 27.7 9.08123
    endloop
  endfacet
  facet normal -0.425737 0 -0.904847
    outer loop
      vertex 53.6442 36.9901 9.08123
      vertex 53.3743 27.7 9.20822
      vertex 53.3743 36.9901 9.20822
    endloop
  endfacet
  facet normal 0.187434 0 0.982277
    outer loop
      vertex 51.9094 36.9901 4.69962
      vertex 52.2023 27.7 4.64373
      vertex 52.2023 36.9901 4.64373
    endloop
  endfacet
  facet normal 0.187434 0 0.982277
    outer loop
      vertex 52.2023 27.7 4.64373
      vertex 51.9094 36.9901 4.69962
      vertex 51.9094 27.7 4.69962
    endloop
  endfacet
  facet normal -0.187434 0 0.982277
    outer loop
      vertex 52.7977 36.9901 4.64373
      vertex 53.0906 27.7 4.69962
      vertex 53.0906 36.9901 4.69962
    endloop
  endfacet
  facet normal -0.187434 0 0.982277
    outer loop
      vertex 53.0906 27.7 4.69962
      vertex 52.7977 36.9901 4.64373
      vertex 52.7977 27.7 4.64373
    endloop
  endfacet
  facet normal -0.72892 0 0.684599
    outer loop
      vertex 54.1258 27.7 5.2687
      vertex 54.33 36.9901 5.48612
      vertex 54.1258 36.9901 5.2687
    endloop
  endfacet
  facet normal -0.72892 0 0.684599
    outer loop
      vertex 54.33 36.9901 5.48612
      vertex 54.1258 27.7 5.2687
      vertex 54.33 27.7 5.48612
    endloop
  endfacet
  facet normal -0.992107 0 0.125396
    outer loop
      vertex 54.8329 27.7 6.55497
      vertex 54.8703 36.9901 6.85087
      vertex 54.8329 36.9901 6.55497
    endloop
  endfacet
  facet normal -0.992107 0 0.125396
    outer loop
      vertex 54.8703 36.9901 6.85087
      vertex 54.8329 27.7 6.55497
      vertex 54.8703 27.7 6.85087
    endloop
  endfacet
  facet normal -0.876284 0 0.481795
    outer loop
      vertex 54.5053 27.7 5.72741
      vertex 54.649 36.9901 5.98877
      vertex 54.5053 36.9901 5.72741
    endloop
  endfacet
  facet normal -0.876284 0 0.481795
    outer loop
      vertex 54.649 36.9901 5.98877
      vertex 54.5053 27.7 5.72741
      vertex 54.649 27.7 5.98877
    endloop
  endfacet
  facet normal -0.187434 0 -0.982277
    outer loop
      vertex 52.7977 27.7 9.35627
      vertex 53.0906 36.9901 9.30038
      vertex 53.0906 27.7 9.30038
    endloop
  endfacet
  facet normal -0.187434 0 -0.982277
    outer loop
      vertex 53.0906 36.9901 9.30038
      vertex 52.7977 27.7 9.35627
      vertex 52.7977 36.9901 9.35627
    endloop
  endfacet
  facet normal -0.63745 0 -0.770492
    outer loop
      vertex 53.896 27.7 8.92142
      vertex 54.1258 36.9901 8.7313
      vertex 54.1258 27.7 8.7313
    endloop
  endfacet
  facet normal -0.63745 0 -0.770492
    outer loop
      vertex 54.1258 36.9901 8.7313
      vertex 53.896 27.7 8.92142
      vertex 53.896 36.9901 8.92142
    endloop
  endfacet
  facet normal -0.992107 0 -0.125396
    outer loop
      vertex 54.8703 27.7 7.14913
      vertex 54.8329 36.9901 7.44503
      vertex 54.8703 36.9901 7.14913
    endloop
  endfacet
  facet normal -0.992107 -0 -0.125396
    outer loop
      vertex 54.8329 36.9901 7.44503
      vertex 54.8703 27.7 7.14913
      vertex 54.8329 27.7 7.44503
    endloop
  endfacet
  facet normal -0.72892 0 -0.684599
    outer loop
      vertex 54.33 27.7 8.51388
      vertex 54.1258 36.9901 8.7313
      vertex 54.33 36.9901 8.51388
    endloop
  endfacet
  facet normal -0.72892 -0 -0.684599
    outer loop
      vertex 54.1258 36.9901 8.7313
      vertex 54.33 27.7 8.51388
      vertex 54.1258 27.7 8.7313
    endloop
  endfacet
  facet normal -0.0627915 0 0.998027
    outer loop
      vertex 52.5 36.9901 4.625
      vertex 52.7977 27.7 4.64373
      vertex 52.7977 36.9901 4.64373
    endloop
  endfacet
  facet normal -0.0627915 0 0.998027
    outer loop
      vertex 52.7977 27.7 4.64373
      vertex 52.5 36.9901 4.625
      vertex 52.5 27.7 4.625
    endloop
  endfacet
  facet normal 0.72892 0 -0.684599
    outer loop
      vertex 50.8742 27.7 8.7313
      vertex 50.67 36.9901 8.51388
      vertex 50.8742 36.9901 8.7313
    endloop
  endfacet
  facet normal 0.72892 0 -0.684599
    outer loop
      vertex 50.67 36.9901 8.51388
      vertex 50.8742 27.7 8.7313
      vertex 50.67 27.7 8.51388
    endloop
  endfacet
  facet normal 0.876284 -0 0.481795
    outer loop
      vertex 50.351 27.7 5.98877
      vertex 50.4947 36.9901 5.72741
      vertex 50.351 36.9901 5.98877
    endloop
  endfacet
  facet normal 0.876284 0 0.481795
    outer loop
      vertex 50.4947 36.9901 5.72741
      vertex 50.351 27.7 5.98877
      vertex 50.4947 27.7 5.72741
    endloop
  endfacet
  facet normal -0.63745 0 0.770492
    outer loop
      vertex 53.896 36.9901 5.07858
      vertex 54.1258 27.7 5.2687
      vertex 54.1258 36.9901 5.2687
    endloop
  endfacet
  facet normal -0.63745 0 0.770492
    outer loop
      vertex 54.1258 27.7 5.2687
      vertex 53.896 36.9901 5.07858
      vertex 53.896 27.7 5.07858
    endloop
  endfacet
  facet normal -1 0 0
    outer loop
      vertex 54.8703 27.7 6.85087
      vertex 54.8703 36.9901 7.14913
      vertex 54.8703 36.9901 6.85087
    endloop
  endfacet
  facet normal -1 -0 0
    outer loop
      vertex 54.8703 36.9901 7.14913
      vertex 54.8703 27.7 6.85087
      vertex 54.8703 27.7 7.14913
    endloop
  endfacet
  facet normal -0.968643 0 0.248456
    outer loop
      vertex 54.7588 27.7 6.26608
      vertex 54.8329 36.9901 6.55497
      vertex 54.7588 36.9901 6.26608
    endloop
  endfacet
  facet normal -0.968643 0 0.248456
    outer loop
      vertex 54.8329 36.9901 6.55497
      vertex 54.7588 27.7 6.26608
      vertex 54.8329 27.7 6.55497
    endloop
  endfacet
  facet normal -0.809029 0 0.587769
    outer loop
      vertex 54.33 27.7 5.48612
      vertex 54.5053 36.9901 5.72741
      vertex 54.33 36.9901 5.48612
    endloop
  endfacet
  facet normal -0.809029 0 0.587769
    outer loop
      vertex 54.5053 36.9901 5.72741
      vertex 54.33 27.7 5.48612
      vertex 54.5053 27.7 5.72741
    endloop
  endfacet
  facet normal -0.0627915 0 -0.998027
    outer loop
      vertex 52.5 27.7 9.375
      vertex 52.7977 36.9901 9.35627
      vertex 52.7977 27.7 9.35627
    endloop
  endfacet
  facet normal -0.0627915 0 -0.998027
    outer loop
      vertex 52.7977 36.9901 9.35627
      vertex 52.5 27.7 9.375
      vertex 52.5 36.9901 9.375
    endloop
  endfacet
  facet normal -0.308957 0 -0.951076
    outer loop
      vertex 53.0906 27.7 9.30038
      vertex 53.3743 36.9901 9.20822
      vertex 53.3743 27.7 9.20822
    endloop
  endfacet
  facet normal -0.308957 0 -0.951076
    outer loop
      vertex 53.3743 36.9901 9.20822
      vertex 53.0906 27.7 9.30038
      vertex 53.0906 36.9901 9.30038
    endloop
  endfacet
  facet normal -0.535858 0 -0.844308
    outer loop
      vertex 53.6442 27.7 9.08123
      vertex 53.896 36.9901 8.92142
      vertex 53.896 27.7 8.92142
    endloop
  endfacet
  facet normal -0.535858 0 -0.844308
    outer loop
      vertex 53.896 36.9901 8.92142
      vertex 53.6442 27.7 9.08123
      vertex 53.6442 36.9901 9.08123
    endloop
  endfacet
  facet normal -0.968643 0 -0.248456
    outer loop
      vertex 54.8329 27.7 7.44503
      vertex 54.7588 36.9901 7.73392
      vertex 54.8329 36.9901 7.44503
    endloop
  endfacet
  facet normal -0.968643 -0 -0.248456
    outer loop
      vertex 54.7588 36.9901 7.73392
      vertex 54.8329 27.7 7.44503
      vertex 54.7588 27.7 7.73392
    endloop
  endfacet
  facet normal -0.809029 0 -0.587769
    outer loop
      vertex 54.5053 27.7 8.27259
      vertex 54.33 36.9901 8.51388
      vertex 54.5053 36.9901 8.27259
    endloop
  endfacet
  facet normal -0.809029 -0 -0.587769
    outer loop
      vertex 54.33 36.9901 8.51388
      vertex 54.5053 27.7 8.27259
      vertex 54.33 27.7 8.51388
    endloop
  endfacet
  facet normal -0.876284 0 -0.481795
    outer loop
      vertex 54.649 27.7 8.01123
      vertex 54.5053 36.9901 8.27259
      vertex 54.649 36.9901 8.01123
    endloop
  endfacet
  facet normal -0.876284 -0 -0.481795
    outer loop
      vertex 54.5053 36.9901 8.27259
      vertex 54.649 27.7 8.01123
      vertex 54.5053 27.7 8.27259
    endloop
  endfacet
  facet normal 0.63745 0 0.770492
    outer loop
      vertex 50.8742 36.9901 5.2687
      vertex 51.104 27.7 5.07858
      vertex 51.104 36.9901 5.07858
    endloop
  endfacet
  facet normal 0.63745 0 0.770492
    outer loop
      vertex 51.104 27.7 5.07858
      vertex 50.8742 36.9901 5.2687
      vertex 50.8742 27.7 5.2687
    endloop
  endfacet
  facet normal 1 -0 0
    outer loop
      vertex 50.1297 27.7 7.14913
      vertex 50.1297 36.9901 6.85087
      vertex 50.1297 36.9901 7.14913
    endloop
  endfacet
  facet normal 1 0 0
    outer loop
      vertex 50.1297 36.9901 6.85087
      vertex 50.1297 27.7 7.14913
      vertex 50.1297 27.7 6.85087
    endloop
  endfacet
  facet normal 0.308957 0 -0.951076
    outer loop
      vertex 51.6257 27.7 9.20822
      vertex 51.9094 36.9901 9.30038
      vertex 51.9094 27.7 9.30038
    endloop
  endfacet
  facet normal 0.308957 0 -0.951076
    outer loop
      vertex 51.9094 36.9901 9.30038
      vertex 51.6257 27.7 9.20822
      vertex 51.6257 36.9901 9.20822
    endloop
  endfacet
  facet normal 0.63745 0 -0.770492
    outer loop
      vertex 50.8742 27.7 8.7313
      vertex 51.104 36.9901 8.92142
      vertex 51.104 27.7 8.92142
    endloop
  endfacet
  facet normal 0.63745 0 -0.770492
    outer loop
      vertex 51.104 36.9901 8.92142
      vertex 50.8742 27.7 8.7313
      vertex 50.8742 36.9901 8.7313
    endloop
  endfacet
  facet normal 0.992107 -0 0.125396
    outer loop
      vertex 50.1297 27.7 6.85087
      vertex 50.1671 36.9901 6.55497
      vertex 50.1297 36.9901 6.85087
    endloop
  endfacet
  facet normal 0.992107 0 0.125396
    outer loop
      vertex 50.1671 36.9901 6.55497
      vertex 50.1297 27.7 6.85087
      vertex 50.1671 27.7 6.55497
    endloop
  endfacet
  facet normal -0.425737 0 0.904847
    outer loop
      vertex 53.3743 36.9901 4.79178
      vertex 53.6442 27.7 4.91877
      vertex 53.6442 36.9901 4.91877
    endloop
  endfacet
  facet normal -0.425737 0 0.904847
    outer loop
      vertex 53.6442 27.7 4.91877
      vertex 53.3743 36.9901 4.79178
      vertex 53.3743 27.7 4.79178
    endloop
  endfacet
  facet normal -0.308957 0 0.951076
    outer loop
      vertex 53.0906 36.9901 4.69962
      vertex 53.3743 27.7 4.79178
      vertex 53.3743 36.9901 4.79178
    endloop
  endfacet
  facet normal -0.308957 0 0.951076
    outer loop
      vertex 53.3743 27.7 4.79178
      vertex 53.0906 36.9901 4.69962
      vertex 53.0906 27.7 4.69962
    endloop
  endfacet
  facet normal 0.0627915 0 0.998027
    outer loop
      vertex 52.2023 36.9901 4.64373
      vertex 52.5 27.7 4.625
      vertex 52.5 36.9901 4.625
    endloop
  endfacet
  facet normal 0.0627915 0 0.998027
    outer loop
      vertex 52.5 27.7 4.625
      vertex 52.2023 36.9901 4.64373
      vertex 52.2023 27.7 4.64373
    endloop
  endfacet
  facet normal 0.425737 0 0.904847
    outer loop
      vertex 51.3558 36.9901 4.91877
      vertex 51.6257 27.7 4.79178
      vertex 51.6257 36.9901 4.79178
    endloop
  endfacet
  facet normal 0.425737 0 0.904847
    outer loop
      vertex 51.6257 27.7 4.79178
      vertex 51.3558 36.9901 4.91877
      vertex 51.3558 27.7 4.91877
    endloop
  endfacet
  facet normal 0.308957 0 0.951076
    outer loop
      vertex 51.6257 36.9901 4.79178
      vertex 51.9094 27.7 4.69962
      vertex 51.9094 36.9901 4.69962
    endloop
  endfacet
  facet normal 0.308957 0 0.951076
    outer loop
      vertex 51.9094 27.7 4.69962
      vertex 51.6257 36.9901 4.79178
      vertex 51.6257 27.7 4.79178
    endloop
  endfacet
  facet normal 0.809029 0 -0.587769
    outer loop
      vertex 50.67 27.7 8.51388
      vertex 50.4947 36.9901 8.27259
      vertex 50.67 36.9901 8.51388
    endloop
  endfacet
  facet normal 0.809029 0 -0.587769
    outer loop
      vertex 50.4947 36.9901 8.27259
      vertex 50.67 27.7 8.51388
      vertex 50.4947 27.7 8.27259
    endloop
  endfacet
  facet normal 0.0627915 0 -0.998027
    outer loop
      vertex 52.2023 27.7 9.35627
      vertex 52.5 36.9901 9.375
      vertex 52.5 27.7 9.375
    endloop
  endfacet
  facet normal 0.0627915 0 -0.998027
    outer loop
      vertex 52.5 36.9901 9.375
      vertex 52.2023 27.7 9.35627
      vertex 52.2023 36.9901 9.35627
    endloop
  endfacet
  facet normal 0.929771 -0 0.36814
    outer loop
      vertex 50.2412 27.7 6.26608
      vertex 50.351 36.9901 5.98877
      vertex 50.2412 36.9901 6.26608
    endloop
  endfacet
  facet normal 0.929771 0 0.36814
    outer loop
      vertex 50.351 36.9901 5.98877
      vertex 50.2412 27.7 6.26608
      vertex 50.351 27.7 5.98877
    endloop
  endfacet
  facet normal 0.968643 -0 0.248456
    outer loop
      vertex 50.1671 27.7 6.55497
      vertex 50.2412 36.9901 6.26608
      vertex 50.1671 36.9901 6.55497
    endloop
  endfacet
  facet normal 0.968643 0 0.248456
    outer loop
      vertex 50.2412 36.9901 6.26608
      vertex 50.1671 27.7 6.55497
      vertex 50.2412 27.7 6.26608
    endloop
  endfacet
  facet normal 0.72892 -0 0.684599
    outer loop
      vertex 50.67 27.7 5.48612
      vertex 50.8742 36.9901 5.2687
      vertex 50.67 36.9901 5.48612
    endloop
  endfacet
  facet normal 0.72892 0 0.684599
    outer loop
      vertex 50.8742 36.9901 5.2687
      vertex 50.67 27.7 5.48612
      vertex 50.8742 27.7 5.2687
    endloop
  endfacet
  facet normal 0.535858 0 0.844308
    outer loop
      vertex 51.104 36.9901 5.07858
      vertex 51.3558 27.7 4.91877
      vertex 51.3558 36.9901 4.91877
    endloop
  endfacet
  facet normal 0.535858 0 0.844308
    outer loop
      vertex 51.3558 27.7 4.91877
      vertex 51.104 36.9901 5.07858
      vertex 51.104 27.7 5.07858
    endloop
  endfacet
  facet normal 0.992107 0 -0.125396
    outer loop
      vertex 50.1671 27.7 7.44503
      vertex 50.1297 36.9901 7.14913
      vertex 50.1671 36.9901 7.44503
    endloop
  endfacet
  facet normal 0.992107 0 -0.125396
    outer loop
      vertex 50.1297 36.9901 7.14913
      vertex 50.1671 27.7 7.44503
      vertex 50.1297 27.7 7.14913
    endloop
  endfacet
  facet normal 0.968643 0 -0.248456
    outer loop
      vertex 50.2412 27.7 7.73392
      vertex 50.1671 36.9901 7.44503
      vertex 50.2412 36.9901 7.73392
    endloop
  endfacet
  facet normal 0.968643 0 -0.248456
    outer loop
      vertex 50.1671 36.9901 7.44503
      vertex 50.2412 27.7 7.73392
      vertex 50.1671 27.7 7.44503
    endloop
  endfacet
  facet normal 0.929771 0 -0.36814
    outer loop
      vertex 50.351 27.7 8.01123
      vertex 50.2412 36.9901 7.73392
      vertex 50.351 36.9901 8.01123
    endloop
  endfacet
  facet normal 0.929771 0 -0.36814
    outer loop
      vertex 50.2412 36.9901 7.73392
      vertex 50.351 27.7 8.01123
      vertex 50.2412 27.7 7.73392
    endloop
  endfacet
  facet normal 0.187434 0 -0.982277
    outer loop
      vertex 51.9094 27.7 9.30038
      vertex 52.2023 36.9901 9.35627
      vertex 52.2023 27.7 9.35627
    endloop
  endfacet
  facet normal 0.187434 0 -0.982277
    outer loop
      vertex 52.2023 36.9901 9.35627
      vertex 51.9094 27.7 9.30038
      vertex 51.9094 36.9901 9.30038
    endloop
  endfacet
  facet normal 0.535858 0 -0.844308
    outer loop
      vertex 51.104 27.7 8.92142
      vertex 51.3558 36.9901 9.08123
      vertex 51.3558 27.7 9.08123
    endloop
  endfacet
  facet normal 0.535858 0 -0.844308
    outer loop
      vertex 51.3558 36.9901 9.08123
      vertex 51.104 27.7 8.92142
      vertex 51.104 36.9901 8.92142
    endloop
  endfacet
  facet normal 0.425737 0 -0.904847
    outer loop
      vertex 51.3558 27.7 9.08123
      vertex 51.6257 36.9901 9.20822
      vertex 51.6257 27.7 9.20822
    endloop
  endfacet
  facet normal 0.425737 0 -0.904847
    outer loop
      vertex 51.6257 36.9901 9.20822
      vertex 51.3558 27.7 9.08123
      vertex 51.3558 36.9901 9.08123
    endloop
  endfacet
  facet normal 0.809029 -0 0.587769
    outer loop
      vertex 50.4947 27.7 5.72741
      vertex 50.67 36.9901 5.48612
      vertex 50.4947 36.9901 5.72741
    endloop
  endfacet
  facet normal 0.809029 0 0.587769
    outer loop
      vertex 50.67 36.9901 5.48612
      vertex 50.4947 27.7 5.72741
      vertex 50.67 27.7 5.48612
    endloop
  endfacet
  facet normal 0.876284 0 -0.481795
    outer loop
      vertex 50.4947 27.7 8.27259
      vertex 50.351 36.9901 8.01123
      vertex 50.4947 36.9901 8.27259
    endloop
  endfacet
  facet normal 0.876284 0 -0.481795
    outer loop
      vertex 50.351 36.9901 8.01123
      vertex 50.4947 27.7 8.27259
      vertex 50.351 27.7 8.01123
    endloop
  endfacet
  facet normal 0.568943 -0.45075 0.687843
    outer loop
      vertex -55.145 23.5 3.35942
      vertex -54.1258 27.7 5.2687
      vertex -55.5805 23.5 3.71964
    endloop
  endfacet
  facet normal -0.0560439 -0.450748 0.89089
    outer loop
      vertex -51.936 23.5 2.53548
      vertex -52.5 27.7 4.625
      vertex -52.5 23.5 2.5
    endloop
  endfacet
  facet normal -0.0560509 -0.450749 0.890889
    outer loop
      vertex -51.936 23.5 2.53548
      vertex -52.2023 27.7 4.64373
      vertex -52.5 27.7 4.625
    endloop
  endfacet
  facet normal 0.0560509 -0.450749 0.890889
    outer loop
      vertex -52.5 27.7 4.625
      vertex -52.7977 27.7 4.64373
      vertex -53.064 23.5 2.53548
    endloop
  endfacet
  facet normal 0.167314 -0.450743 -0.876833
    outer loop
      vertex -52.7977 27.7 9.35627
      vertex -53.064 23.5 11.4645
      vertex -53.0906 27.7 9.30038
    endloop
  endfacet
  facet normal -0.864619 -0.450756 -0.221932
    outer loop
      vertex -48.0797 23.5 7.84321
      vertex -48.2202 23.5 8.39058
      vertex -50.1671 27.7 7.44503
    endloop
  endfacet
  facet normal 0.885607 -0.450745 0.111935
    outer loop
      vertex -54.8329 27.7 6.55497
      vertex -54.8703 27.7 6.85087
      vertex -56.9911 23.5 6.71744
    endloop
  endfacet
  facet normal 0.16728 -0.450749 0.876837
    outer loop
      vertex -53.064 23.5 2.53548
      vertex -53.0906 27.7 4.69962
      vertex -53.6191 23.5 2.64138
    endloop
  endfacet
  facet normal 0.380086 -0.450746 0.80769
    outer loop
      vertex -54.1566 23.5 2.81601
      vertex -53.6442 27.7 4.91877
      vertex -54.6679 23.5 3.05662
    endloop
  endfacet
  facet normal 0.722148 -0.450744 -0.524722
    outer loop
      vertex -54.33 27.7 8.51388
      vertex -55.9673 23.5 9.86841
      vertex -56.2995 23.5 9.41122
    endloop
  endfacet
  facet normal 0.650674 -0.450742 -0.61111
    outer loop
      vertex -54.33 27.7 8.51388
      vertex -54.1258 27.7 8.7313
      vertex -55.9673 23.5 9.86841
    endloop
  endfacet
  facet normal -0.478333 -0.450747 -0.753674
    outer loop
      vertex -49.855 23.5 10.6406
      vertex -50.3321 23.5 10.9434
      vertex -51.104 27.7 8.92142
    endloop
  endfacet
  facet normal -0.569021 -0.450745 -0.687782
    outer loop
      vertex -50.8742 27.7 8.7313
      vertex -49.855 23.5 10.6406
      vertex -51.104 27.7 8.92142
    endloop
  endfacet
  facet normal 0.275824 -0.45075 0.848967
    outer loop
      vertex -53.6191 23.5 2.64138
      vertex -53.0906 27.7 4.69962
      vertex -54.1566 23.5 2.81601
    endloop
  endfacet
  facet normal 0.0560439 -0.450748 0.89089
    outer loop
      vertex -52.5 23.5 2.5
      vertex -52.5 27.7 4.625
      vertex -53.064 23.5 2.53548
    endloop
  endfacet
  facet normal 0.275791 -0.450747 0.848979
    outer loop
      vertex -53.0906 27.7 4.69962
      vertex -53.3743 27.7 4.79178
      vertex -54.1566 23.5 2.81601
    endloop
  endfacet
  facet normal 0.478335 -0.450744 0.753675
    outer loop
      vertex -53.6442 27.7 4.91877
      vertex -53.896 27.7 5.07858
      vertex -54.6679 23.5 3.05662
    endloop
  endfacet
  facet normal 0.380034 -0.450751 0.807711
    outer loop
      vertex -53.3743 27.7 4.79178
      vertex -53.6442 27.7 4.91877
      vertex -54.1566 23.5 2.81601
    endloop
  endfacet
  facet normal 0.782215 -0.450749 0.430075
    outer loop
      vertex -54.5053 27.7 5.72741
      vertex -54.649 27.7 5.98877
      vertex -56.2995 23.5 4.58878
    endloop
  endfacet
  facet normal 0.782269 -0.450741 0.429986
    outer loop
      vertex -56.2995 23.5 4.58878
      vertex -54.649 27.7 5.98877
      vertex -56.5717 23.5 5.08399
    endloop
  endfacet
  facet normal 0.885615 -0.450753 -0.111837
    outer loop
      vertex -54.8329 27.7 7.44503
      vertex -56.9203 23.5 7.84321
      vertex -56.9911 23.5 7.28256
    endloop
  endfacet
  facet normal 0.380073 -0.450749 -0.807694
    outer loop
      vertex -53.6442 27.7 9.08123
      vertex -54.1566 23.5 11.184
      vertex -54.6679 23.5 10.9434
    endloop
  endfacet
  facet normal -0.275791 -0.450749 -0.848979
    outer loop
      vertex -51.6257 27.7 9.20822
      vertex -50.8434 23.5 11.184
      vertex -51.9094 27.7 9.30038
    endloop
  endfacet
  facet normal 0.167313 -0.450747 0.876832
    outer loop
      vertex -53.064 23.5 2.53548
      vertex -52.7977 27.7 4.64373
      vertex -53.0906 27.7 4.69962
    endloop
  endfacet
  facet normal 0.478333 -0.450745 0.753675
    outer loop
      vertex -54.6679 23.5 3.05662
      vertex -53.896 27.7 5.07858
      vertex -55.145 23.5 3.35942
    endloop
  endfacet
  facet normal 0.569022 -0.450742 0.687783
    outer loop
      vertex -53.896 27.7 5.07858
      vertex -54.1258 27.7 5.2687
      vertex -55.145 23.5 3.35942
    endloop
  endfacet
  facet normal 0.829933 -0.450741 0.3287
    outer loop
      vertex -56.5717 23.5 5.08399
      vertex -54.649 27.7 5.98877
      vertex -56.7798 23.5 5.60942
    endloop
  endfacet
  facet normal 0.722148 -0.450744 0.524722
    outer loop
      vertex -55.9673 23.5 4.13159
      vertex -54.33 27.7 5.48612
      vertex -56.2995 23.5 4.58878
    endloop
  endfacet
  facet normal 0.16728 -0.450746 -0.876838
    outer loop
      vertex -53.0906 27.7 9.30038
      vertex -53.064 23.5 11.4645
      vertex -53.6191 23.5 11.3586
    endloop
  endfacet
  facet normal 0.782215 -0.450749 -0.430075
    outer loop
      vertex -54.649 27.7 8.01123
      vertex -54.5053 27.7 8.27259
      vertex -56.2995 23.5 9.41122
    endloop
  endfacet
  facet normal 0.72218 -0.450749 -0.524672
    outer loop
      vertex -54.5053 27.7 8.27259
      vertex -54.33 27.7 8.51388
      vertex -56.2995 23.5 9.41122
    endloop
  endfacet
  facet normal 0.650779 -0.450755 -0.610989
    outer loop
      vertex -54.1258 27.7 8.7313
      vertex -55.5805 23.5 10.2804
      vertex -55.9673 23.5 9.86841
    endloop
  endfacet
  facet normal -0.380034 -0.450751 0.807711
    outer loop
      vertex -50.8434 23.5 2.81601
      vertex -51.3558 27.7 4.91877
      vertex -51.6257 27.7 4.79178
    endloop
  endfacet
  facet normal -0.782215 -0.450749 0.430075
    outer loop
      vertex -48.7005 23.5 4.58878
      vertex -50.351 27.7 5.98877
      vertex -50.4947 27.7 5.72741
    endloop
  endfacet
  facet normal -0.885615 -0.450753 -0.111837
    outer loop
      vertex -48.0089 23.5 7.28256
      vertex -48.0797 23.5 7.84321
      vertex -50.1671 27.7 7.44503
    endloop
  endfacet
  facet normal -0.782269 -0.450741 -0.429986
    outer loop
      vertex -48.4283 23.5 8.91601
      vertex -48.7005 23.5 9.41122
      vertex -50.351 27.7 8.01123
    endloop
  endfacet
  facet normal -0.829961 -0.450748 -0.32862
    outer loop
      vertex -50.2412 27.7 7.73392
      vertex -48.2202 23.5 8.39058
      vertex -50.351 27.7 8.01123
    endloop
  endfacet
  facet normal -0.380073 -0.450749 -0.807694
    outer loop
      vertex -50.3321 23.5 10.9434
      vertex -50.8434 23.5 11.184
      vertex -51.3558 27.7 9.08123
    endloop
  endfacet
  facet normal 0.056051 -0.450745 -0.890891
    outer loop
      vertex -52.7977 27.7 9.35627
      vertex -52.5 27.7 9.375
      vertex -53.064 23.5 11.4645
    endloop
  endfacet
  facet normal -0.478334 -0.450747 -0.753673
    outer loop
      vertex -51.104 27.7 8.92142
      vertex -50.3321 23.5 10.9434
      vertex -51.3558 27.7 9.08123
    endloop
  endfacet
  facet normal -0.568923 -0.450755 -0.687857
    outer loop
      vertex -49.4195 23.5 10.2804
      vertex -49.855 23.5 10.6406
      vertex -50.8742 27.7 8.7313
    endloop
  endfacet
  facet normal 0.864619 -0.450756 0.221932
    outer loop
      vertex -56.7798 23.5 5.60942
      vertex -54.8329 27.7 6.55497
      vertex -56.9203 23.5 6.15679
    endloop
  endfacet
  facet normal 0.885615 -0.450753 0.111837
    outer loop
      vertex -56.9203 23.5 6.15679
      vertex -54.8329 27.7 6.55497
      vertex -56.9911 23.5 6.71744
    endloop
  endfacet
  facet normal 0.72218 -0.450749 0.524672
    outer loop
      vertex -54.33 27.7 5.48612
      vertex -54.5053 27.7 5.72741
      vertex -56.2995 23.5 4.58878
    endloop
  endfacet
  facet normal 0.65075 -0.450751 0.611021
    outer loop
      vertex -55.5805 23.5 3.71964
      vertex -54.1258 27.7 5.2687
      vertex -55.9673 23.5 4.13159
    endloop
  endfacet
  facet normal 0.829961 -0.450748 -0.32862
    outer loop
      vertex -54.7588 27.7 7.73392
      vertex -54.649 27.7 8.01123
      vertex -56.7798 23.5 8.39058
    endloop
  endfacet
  facet normal 0.864619 -0.450756 -0.221932
    outer loop
      vertex -54.8329 27.7 7.44503
      vertex -56.7798 23.5 8.39058
      vertex -56.9203 23.5 7.84321
    endloop
  endfacet
  facet normal 0.864663 -0.450743 -0.221785
    outer loop
      vertex -54.8329 27.7 7.44503
      vertex -54.7588 27.7 7.73392
      vertex -56.7798 23.5 8.39058
    endloop
  endfacet
  facet normal 0.569021 -0.450745 -0.687782
    outer loop
      vertex -54.1258 27.7 8.7313
      vertex -53.896 27.7 8.92142
      vertex -55.145 23.5 10.6406
    endloop
  endfacet
  facet normal 0.568923 -0.450755 -0.687857
    outer loop
      vertex -54.1258 27.7 8.7313
      vertex -55.145 23.5 10.6406
      vertex -55.5805 23.5 10.2804
    endloop
  endfacet
  facet normal -0.478333 -0.450745 0.753675
    outer loop
      vertex -50.3321 23.5 3.05662
      vertex -49.855 23.5 3.35942
      vertex -51.104 27.7 5.07858
    endloop
  endfacet
  facet normal -0.65075 -0.450751 0.611021
    outer loop
      vertex -49.4195 23.5 3.71964
      vertex -49.0327 23.5 4.13159
      vertex -50.8742 27.7 5.2687
    endloop
  endfacet
  facet normal -0.885615 -0.450753 0.111837
    outer loop
      vertex -48.0797 23.5 6.15679
      vertex -48.0089 23.5 6.71744
      vertex -50.1671 27.7 6.55497
    endloop
  endfacet
  facet normal -0.864619 -0.450756 0.221932
    outer loop
      vertex -48.2202 23.5 5.60942
      vertex -48.0797 23.5 6.15679
      vertex -50.1671 27.7 6.55497
    endloop
  endfacet
  facet normal -0.829933 -0.450741 0.3287
    outer loop
      vertex -48.4283 23.5 5.08399
      vertex -48.2202 23.5 5.60942
      vertex -50.351 27.7 5.98877
    endloop
  endfacet
  facet normal -0.72218 -0.450749 0.524672
    outer loop
      vertex -48.7005 23.5 4.58878
      vertex -50.4947 27.7 5.72741
      vertex -50.67 27.7 5.48612
    endloop
  endfacet
  facet normal -0.722148 -0.450744 -0.524722
    outer loop
      vertex -48.7005 23.5 9.41122
      vertex -49.0327 23.5 9.86841
      vertex -50.67 27.7 8.51388
    endloop
  endfacet
  facet normal -0.829933 -0.450741 -0.3287
    outer loop
      vertex -48.2202 23.5 8.39058
      vertex -48.4283 23.5 8.91601
      vertex -50.351 27.7 8.01123
    endloop
  endfacet
  facet normal -0.864663 -0.450743 -0.221785
    outer loop
      vertex -50.1671 27.7 7.44503
      vertex -48.2202 23.5 8.39058
      vertex -50.2412 27.7 7.73392
    endloop
  endfacet
  facet normal -0.275781 -0.450748 -0.848982
    outer loop
      vertex -50.8434 23.5 11.184
      vertex -51.3809 23.5 11.3586
      vertex -51.9094 27.7 9.30038
    endloop
  endfacet
  facet normal 0.0560754 -0.450747 -0.890889
    outer loop
      vertex -52.5 27.7 9.375
      vertex -52.5 23.5 11.5
      vertex -53.064 23.5 11.4645
    endloop
  endfacet
  facet normal 0.829961 -0.450748 0.32862
    outer loop
      vertex -54.649 27.7 5.98877
      vertex -54.7588 27.7 6.26608
      vertex -56.7798 23.5 5.60942
    endloop
  endfacet
  facet normal 0.864663 -0.450743 0.221785
    outer loop
      vertex -54.7588 27.7 6.26608
      vertex -54.8329 27.7 6.55497
      vertex -56.7798 23.5 5.60942
    endloop
  endfacet
  facet normal 0.650674 -0.450742 0.61111
    outer loop
      vertex -54.1258 27.7 5.2687
      vertex -54.33 27.7 5.48612
      vertex -55.9673 23.5 4.13159
    endloop
  endfacet
  facet normal 0.275781 -0.450748 -0.848982
    outer loop
      vertex -53.0906 27.7 9.30038
      vertex -53.6191 23.5 11.3586
      vertex -54.1566 23.5 11.184
    endloop
  endfacet
  facet normal 0.380034 -0.450752 -0.807711
    outer loop
      vertex -53.6442 27.7 9.08123
      vertex -53.3743 27.7 9.20822
      vertex -54.1566 23.5 11.184
    endloop
  endfacet
  facet normal 0.829933 -0.450741 -0.3287
    outer loop
      vertex -54.649 27.7 8.01123
      vertex -56.5717 23.5 8.91601
      vertex -56.7798 23.5 8.39058
    endloop
  endfacet
  facet normal 0.782269 -0.450741 -0.429986
    outer loop
      vertex -54.649 27.7 8.01123
      vertex -56.2995 23.5 9.41122
      vertex -56.5717 23.5 8.91601
    endloop
  endfacet
  facet normal 0.892652 -0.450747 0
    outer loop
      vertex -56.9911 23.5 7.28256
      vertex -54.8703 27.7 6.85087
      vertex -54.8703 27.7 7.14913
    endloop
  endfacet
  facet normal 0.892652 -0.450747 0
    outer loop
      vertex -54.8703 27.7 6.85087
      vertex -56.9911 23.5 7.28256
      vertex -56.9911 23.5 6.71744
    endloop
  endfacet
  facet normal 0.478333 -0.450747 -0.753674
    outer loop
      vertex -53.896 27.7 8.92142
      vertex -54.6679 23.5 10.9434
      vertex -55.145 23.5 10.6406
    endloop
  endfacet
  facet normal 0.478334 -0.450747 -0.753673
    outer loop
      vertex -53.896 27.7 8.92142
      vertex -53.6442 27.7 9.08123
      vertex -54.6679 23.5 10.9434
    endloop
  endfacet
  facet normal -0.650674 -0.450742 0.61111
    outer loop
      vertex -49.0327 23.5 4.13159
      vertex -50.67 27.7 5.48612
      vertex -50.8742 27.7 5.2687
    endloop
  endfacet
  facet normal -0.568943 -0.45075 0.687843
    outer loop
      vertex -49.855 23.5 3.35942
      vertex -49.4195 23.5 3.71964
      vertex -50.8742 27.7 5.2687
    endloop
  endfacet
  facet normal -0.722148 -0.450744 0.524722
    outer loop
      vertex -49.0327 23.5 4.13159
      vertex -48.7005 23.5 4.58878
      vertex -50.67 27.7 5.48612
    endloop
  endfacet
  facet normal -0.892652 -0.450747 0
    outer loop
      vertex -48.0089 23.5 6.71744
      vertex -50.1297 27.7 7.14913
      vertex -50.1297 27.7 6.85087
    endloop
  endfacet
  facet normal -0.892652 -0.450747 0
    outer loop
      vertex -50.1297 27.7 7.14913
      vertex -48.0089 23.5 6.71744
      vertex -48.0089 23.5 7.28256
    endloop
  endfacet
  facet normal -0.864663 -0.450743 0.221785
    outer loop
      vertex -48.2202 23.5 5.60942
      vertex -50.1671 27.7 6.55497
      vertex -50.2412 27.7 6.26608
    endloop
  endfacet
  facet normal -0.829961 -0.450748 0.32862
    outer loop
      vertex -48.2202 23.5 5.60942
      vertex -50.2412 27.7 6.26608
      vertex -50.351 27.7 5.98877
    endloop
  endfacet
  facet normal -0.782269 -0.450741 0.429986
    outer loop
      vertex -48.7005 23.5 4.58878
      vertex -48.4283 23.5 5.08399
      vertex -50.351 27.7 5.98877
    endloop
  endfacet
  facet normal -0.650674 -0.450742 -0.61111
    outer loop
      vertex -50.67 27.7 8.51388
      vertex -49.0327 23.5 9.86841
      vertex -50.8742 27.7 8.7313
    endloop
  endfacet
  facet normal -0.650779 -0.450755 -0.610989
    outer loop
      vertex -49.0327 23.5 9.86841
      vertex -49.4195 23.5 10.2804
      vertex -50.8742 27.7 8.7313
    endloop
  endfacet
  facet normal -0.72218 -0.450749 -0.524672
    outer loop
      vertex -50.4947 27.7 8.27259
      vertex -48.7005 23.5 9.41122
      vertex -50.67 27.7 8.51388
    endloop
  endfacet
  facet normal -0.782215 -0.450749 -0.430075
    outer loop
      vertex -50.351 27.7 8.01123
      vertex -48.7005 23.5 9.41122
      vertex -50.4947 27.7 8.27259
    endloop
  endfacet
  facet normal -0.380034 -0.450752 -0.807711
    outer loop
      vertex -51.3558 27.7 9.08123
      vertex -50.8434 23.5 11.184
      vertex -51.6257 27.7 9.20822
    endloop
  endfacet
  facet normal -0.0560754 -0.450747 -0.890889
    outer loop
      vertex -52.5 27.7 9.375
      vertex -51.936 23.5 11.4645
      vertex -52.5 23.5 11.5
    endloop
  endfacet
  facet normal 0.275791 -0.450749 -0.848979
    outer loop
      vertex -53.3743 27.7 9.20822
      vertex -53.0906 27.7 9.30038
      vertex -54.1566 23.5 11.184
    endloop
  endfacet
  facet normal 0.885607 -0.450745 -0.111935
    outer loop
      vertex -54.8703 27.7 7.14913
      vertex -54.8329 27.7 7.44503
      vertex -56.9911 23.5 7.28256
    endloop
  endfacet
  facet normal -0.16728 -0.450749 0.876837
    outer loop
      vertex -51.3809 23.5 2.64138
      vertex -51.9094 27.7 4.69962
      vertex -51.936 23.5 2.53548
    endloop
  endfacet
  facet normal -0.275824 -0.45075 0.848967
    outer loop
      vertex -51.3809 23.5 2.64138
      vertex -50.8434 23.5 2.81601
      vertex -51.9094 27.7 4.69962
    endloop
  endfacet
  facet normal -0.380086 -0.450746 0.80769
    outer loop
      vertex -50.8434 23.5 2.81601
      vertex -50.3321 23.5 3.05662
      vertex -51.3558 27.7 4.91877
    endloop
  endfacet
  facet normal -0.478335 -0.450744 0.753675
    outer loop
      vertex -50.3321 23.5 3.05662
      vertex -51.104 27.7 5.07858
      vertex -51.3558 27.7 4.91877
    endloop
  endfacet
  facet normal -0.569022 -0.450742 0.687783
    outer loop
      vertex -49.855 23.5 3.35942
      vertex -50.8742 27.7 5.2687
      vertex -51.104 27.7 5.07858
    endloop
  endfacet
  facet normal -0.885607 -0.450745 0.111935
    outer loop
      vertex -48.0089 23.5 6.71744
      vertex -50.1297 27.7 6.85087
      vertex -50.1671 27.7 6.55497
    endloop
  endfacet
  facet normal -0.885607 -0.450745 -0.111935
    outer loop
      vertex -50.1297 27.7 7.14913
      vertex -48.0089 23.5 7.28256
      vertex -50.1671 27.7 7.44503
    endloop
  endfacet
  facet normal -0.16728 -0.450746 -0.876838
    outer loop
      vertex -51.9094 27.7 9.30038
      vertex -51.3809 23.5 11.3586
      vertex -51.936 23.5 11.4645
    endloop
  endfacet
  facet normal -0.167313 -0.450747 0.876832
    outer loop
      vertex -51.936 23.5 2.53548
      vertex -51.9094 27.7 4.69962
      vertex -52.2023 27.7 4.64373
    endloop
  endfacet
  facet normal -0.056051 -0.450745 -0.890891
    outer loop
      vertex -52.2023 27.7 9.35627
      vertex -51.936 23.5 11.4645
      vertex -52.5 27.7 9.375
    endloop
  endfacet
  facet normal -0.167314 -0.450743 -0.876833
    outer loop
      vertex -51.9094 27.7 9.30038
      vertex -51.936 23.5 11.4645
      vertex -52.2023 27.7 9.35627
    endloop
  endfacet
  facet normal -0.275791 -0.450747 0.848979
    outer loop
      vertex -50.8434 23.5 2.81601
      vertex -51.6257 27.7 4.79178
      vertex -51.9094 27.7 4.69962
    endloop
  endfacet
  facet normal -0.308946 0 -0.95108
    outer loop
      vertex -51.3809 23.0099 11.3586
      vertex -50.8434 23.5 11.184
      vertex -50.8434 23.0099 11.184
    endloop
  endfacet
  facet normal -0.308946 0 -0.95108
    outer loop
      vertex -50.8434 23.5 11.184
      vertex -51.3809 23.0099 11.3586
      vertex -51.3809 23.5 11.3586
    endloop
  endfacet
  facet normal -0.308946 -0 -0.95108
    outer loop
      vertex -51.3809 -15.1865 11.3586
      vertex -50.8434 -26.4461 11.184
      vertex -51.3809 -26.6572 11.3586
    endloop
  endfacet
  facet normal -0.308946 0 -0.95108
    outer loop
      vertex -50.8434 -26.4461 11.184
      vertex -51.3809 -15.1865 11.3586
      vertex -50.8434 -14.9477 11.184
    endloop
  endfacet
  facet normal -0.535856 0 0.844309
    outer loop
      vertex -50.3321 23.5 3.05662
      vertex -49.855 23.0099 3.35942
      vertex -49.855 23.5 3.35942
    endloop
  endfacet
  facet normal -0.535856 0 0.844309
    outer loop
      vertex -49.855 23.0099 3.35942
      vertex -50.3321 23.5 3.05662
      vertex -50.3321 23.0099 3.05662
    endloop
  endfacet
  facet normal -0.535856 0 0.844309
    outer loop
      vertex -50.3321 -14.7204 3.05662
      vertex -49.855 -25.8887 3.35942
      vertex -49.855 -14.5083 3.35942
    endloop
  endfacet
  facet normal -0.535856 0 0.844309
    outer loop
      vertex -49.855 -25.8887 3.35942
      vertex -50.3321 -14.7204 3.05662
      vertex -50.3321 -26.1731 3.05662
    endloop
  endfacet
  facet normal -0.929736 0 0.368228
    outer loop
      vertex -48.4283 23.0099 5.08399
      vertex -48.2202 23.5 5.60942
      vertex -48.4283 23.5 5.08399
    endloop
  endfacet
  facet normal -0.929736 0 0.368228
    outer loop
      vertex -48.2202 23.5 5.60942
      vertex -48.4283 23.0099 5.08399
      vertex -48.2202 23.0099 5.60942
    endloop
  endfacet
  facet normal -0.929736 0 0.368228
    outer loop
      vertex -48.4283 -13.8743 5.08399
      vertex -48.2202 -24.6898 5.60942
      vertex -48.2202 -13.7818 5.60942
    endloop
  endfacet
  facet normal -0.929721 2.10215e-06 0.368265
    outer loop
      vertex -48.4283 -13.8743 5.08399
      vertex -48.3426 -24.7692 5.30041
      vertex -48.2202 -24.6898 5.60942
    endloop
  endfacet
  facet normal -0.929757 0 0.368174
    outer loop
      vertex -48.3426 -24.7692 5.30041
      vertex -48.4283 -13.8743 5.08399
      vertex -48.4283 -24.8549 5.08399
    endloop
  endfacet
  facet normal -0.929736 0 -0.368228
    outer loop
      vertex -48.2202 23.0099 8.39058
      vertex -48.4283 23.5 8.91601
      vertex -48.2202 23.5 8.39058
    endloop
  endfacet
  facet normal -0.929736 -0 -0.368228
    outer loop
      vertex -48.4283 23.5 8.91601
      vertex -48.2202 23.0099 8.39058
      vertex -48.4283 23.0099 8.91601
    endloop
  endfacet
  facet normal -0.929736 0 -0.368228
    outer loop
      vertex -48.2202 -24.6898 8.39058
      vertex -48.4283 -13.8743 8.91601
      vertex -48.2202 -13.7818 8.39058
    endloop
  endfacet
  facet normal -0.929721 2.10215e-06 -0.368265
    outer loop
      vertex -48.3426 -24.7692 8.69959
      vertex -48.4283 -13.8743 8.91601
      vertex -48.2202 -24.6898 8.39058
    endloop
  endfacet
  facet normal -0.929757 -0 -0.368174
    outer loop
      vertex -48.4283 -13.8743 8.91601
      vertex -48.3426 -24.7692 8.69959
      vertex -48.4283 -24.8549 8.91601
    endloop
  endfacet
  facet normal -0.42578 0 -0.904827
    outer loop
      vertex -50.8434 23.0099 11.184
      vertex -50.3321 23.5 10.9434
      vertex -50.3321 23.0099 10.9434
    endloop
  endfacet
  facet normal -0.42578 0 -0.904827
    outer loop
      vertex -50.3321 23.5 10.9434
      vertex -50.8434 23.0099 11.184
      vertex -50.8434 23.5 11.184
    endloop
  endfacet
  facet normal -0.4254 2.11109e-05 -0.905005
    outer loop
      vertex -50.8434 -14.9477 11.184
      vertex -50.3321 -26.1731 10.9434
      vertex -50.4723 -26.235 11.0093
    endloop
  endfacet
  facet normal -0.425926 -0 -0.904758
    outer loop
      vertex -50.8434 -14.9477 11.184
      vertex -50.4723 -26.235 11.0093
      vertex -50.8434 -26.4461 11.184
    endloop
  endfacet
  facet normal -0.42578 0 -0.904827
    outer loop
      vertex -50.3321 -26.1731 10.9434
      vertex -50.8434 -14.9477 11.184
      vertex -50.3321 -14.7204 10.9434
    endloop
  endfacet
  facet normal 0.187397 0 0.982284
    outer loop
      vertex -53.6191 23.5 2.64138
      vertex -53.064 23.0099 2.53548
      vertex -53.064 23.5 2.53548
    endloop
  endfacet
  facet normal 0.187397 0 0.982284
    outer loop
      vertex -53.064 23.0099 2.53548
      vertex -53.6191 23.5 2.64138
      vertex -53.6191 23.0099 2.64138
    endloop
  endfacet
  facet normal 0.187397 0 0.982284
    outer loop
      vertex -53.6191 -16.1813 2.64138
      vertex -53.064 -26.7907 2.53548
      vertex -53.064 -15.9346 2.53548
    endloop
  endfacet
  facet normal 0.187536 7.53344e-06 0.982258
    outer loop
      vertex -53.064 -26.7907 2.53548
      vertex -53.6191 -16.1813 2.64138
      vertex -53.1422 -26.7672 2.55041
    endloop
  endfacet
  facet normal 0.187374 0 0.982289
    outer loop
      vertex -53.1422 -26.7672 2.55041
      vertex -53.6191 -16.1813 2.64138
      vertex -53.6191 -26.6572 2.64138
    endloop
  endfacet
  facet normal -0.187397 0 0.982284
    outer loop
      vertex -51.936 23.5 2.53548
      vertex -51.3809 23.0099 2.64138
      vertex -51.3809 23.5 2.64138
    endloop
  endfacet
  facet normal -0.187397 0 0.982284
    outer loop
      vertex -51.3809 23.0099 2.64138
      vertex -51.936 23.5 2.53548
      vertex -51.936 23.0099 2.53548
    endloop
  endfacet
  facet normal -0.187397 0 0.982284
    outer loop
      vertex -51.936 -15.4332 2.53548
      vertex -51.3809 -26.6572 2.64138
      vertex -51.3809 -15.1865 2.64138
    endloop
  endfacet
  facet normal -0.187375 1.13637e-06 0.982289
    outer loop
      vertex -51.3809 -26.6572 2.64138
      vertex -51.936 -15.4332 2.53548
      vertex -51.8578 -26.7672 2.55041
    endloop
  endfacet
  facet normal -0.187533 0 0.982258
    outer loop
      vertex -51.8578 -26.7672 2.55041
      vertex -51.936 -15.4332 2.53548
      vertex -51.936 -26.7907 2.53548
    endloop
  endfacet
  facet normal -0.72901 0 0.684503
    outer loop
      vertex -49.4195 23.0099 3.71964
      vertex -49.0327 23.5 4.13159
      vertex -49.4195 23.5 3.71964
    endloop
  endfacet
  facet normal -0.72901 0 0.684503
    outer loop
      vertex -49.0327 23.5 4.13159
      vertex -49.4195 23.0099 3.71964
      vertex -49.0327 23.0099 4.13159
    endloop
  endfacet
  facet normal -0.72901 0 0.684503
    outer loop
      vertex -49.4195 -14.3148 3.71964
      vertex -49.0327 -25.313 4.13159
      vertex -49.0327 -14.1429 4.13159
    endloop
  endfacet
  facet normal -0.729186 -1.32522e-05 0.684315
    outer loop
      vertex -49.4195 -14.3148 3.71964
      vertex -49.1065 -25.3562 4.05295
      vertex -49.0327 -25.313 4.13159
    endloop
  endfacet
  facet normal -0.728967 0 0.684548
    outer loop
      vertex -49.1065 -25.3562 4.05295
      vertex -49.4195 -14.3148 3.71964
      vertex -49.4195 -25.5984 3.71964
    endloop
  endfacet
  facet normal -0.992121 0 0.125287
    outer loop
      vertex -48.0797 23.0099 6.15679
      vertex -48.0089 23.5 6.71744
      vertex -48.0797 23.5 6.15679
    endloop
  endfacet
  facet normal -0.992121 0 0.125287
    outer loop
      vertex -48.0089 23.5 6.71744
      vertex -48.0797 23.0099 6.15679
      vertex -48.0089 23.0099 6.71744
    endloop
  endfacet
  facet normal -0.992113 0 0.125344
    outer loop
      vertex -48.0797 -13.7193 6.15679
      vertex -48.0797 -24.5737 6.15679
      vertex -48.0168 -24.5109 6.65465
    endloop
  endfacet
  facet normal -0.992121 -2.68183e-06 0.125287
    outer loop
      vertex -48.0168 -24.5109 6.65465
      vertex -48.0089 -13.6879 6.71744
      vertex -48.0797 -13.7193 6.15679
    endloop
  endfacet
  facet normal -0.992178 0 0.124832
    outer loop
      vertex -48.0089 -13.6879 6.71744
      vertex -48.0168 -24.5109 6.65465
      vertex -48.0089 -24.5109 6.71744
    endloop
  endfacet
  facet normal -0.80899 0 0.587822
    outer loop
      vertex -49.0327 23.0099 4.13159
      vertex -48.7005 23.5 4.58878
      vertex -49.0327 23.5 4.13159
    endloop
  endfacet
  facet normal -0.80899 0 0.587822
    outer loop
      vertex -48.7005 23.5 4.58878
      vertex -49.0327 23.0099 4.13159
      vertex -48.7005 23.0099 4.58878
    endloop
  endfacet
  facet normal -0.80899 0 0.587822
    outer loop
      vertex -49.0327 -14.1429 4.13159
      vertex -48.7005 -25.0616 4.58878
      vertex -48.7005 -13.9953 4.58878
    endloop
  endfacet
  facet normal -0.80899 0 0.587822
    outer loop
      vertex -48.7005 -25.0616 4.58878
      vertex -49.0327 -14.1429 4.13159
      vertex -49.0327 -25.313 4.13159
    endloop
  endfacet
  facet normal -0.187397 0 -0.982284
    outer loop
      vertex -51.936 23.0099 11.4645
      vertex -51.3809 23.5 11.3586
      vertex -51.3809 23.0099 11.3586
    endloop
  endfacet
  facet normal -0.187397 0 -0.982284
    outer loop
      vertex -51.3809 23.5 11.3586
      vertex -51.936 23.0099 11.4645
      vertex -51.936 23.5 11.4645
    endloop
  endfacet
  facet normal -0.187433 -1.88516e-06 -0.982277
    outer loop
      vertex -51.936 -15.4332 11.4645
      vertex -51.3809 -26.6572 11.3586
      vertex -51.8578 -26.7672 11.4496
    endloop
  endfacet
  facet normal -0.18717 -0 -0.982328
    outer loop
      vertex -51.936 -15.4332 11.4645
      vertex -51.8578 -26.7672 11.4496
      vertex -51.936 -26.7907 11.4645
    endloop
  endfacet
  facet normal -0.187397 0 -0.982284
    outer loop
      vertex -51.3809 -26.6572 11.3586
      vertex -51.936 -15.4332 11.4645
      vertex -51.3809 -15.1865 11.3586
    endloop
  endfacet
  facet normal -0.637343 0 -0.77058
    outer loop
      vertex -49.855 23.0099 10.6406
      vertex -49.4195 23.5 10.2804
      vertex -49.4195 23.0099 10.2804
    endloop
  endfacet
  facet normal -0.637343 0 -0.77058
    outer loop
      vertex -49.4195 23.5 10.2804
      vertex -49.855 23.0099 10.6406
      vertex -49.855 23.5 10.6406
    endloop
  endfacet
  facet normal -0.637235 7.17749e-06 -0.77067
    outer loop
      vertex -49.855 -14.5083 10.6406
      vertex -49.4195 -25.5984 10.2804
      vertex -49.6921 -25.7622 10.5058
    endloop
  endfacet
  facet normal -0.637529 -0 -0.770426
    outer loop
      vertex -49.855 -14.5083 10.6406
      vertex -49.6921 -25.7622 10.5058
      vertex -49.855 -25.8887 10.6406
    endloop
  endfacet
  facet normal -0.637343 0 -0.77058
    outer loop
      vertex -49.4195 -25.5984 10.2804
      vertex -49.855 -14.5083 10.6406
      vertex -49.4195 -14.3148 10.2804
    endloop
  endfacet
  facet normal -0.87634 0 -0.481694
    outer loop
      vertex -48.4283 23.0099 8.91601
      vertex -48.7005 23.5 9.41122
      vertex -48.4283 23.5 8.91601
    endloop
  endfacet
  facet normal -0.87634 -0 -0.481694
    outer loop
      vertex -48.7005 23.5 9.41122
      vertex -48.4283 23.0099 8.91601
      vertex -48.7005 23.0099 9.41122
    endloop
  endfacet
  facet normal -0.87634 0 -0.481694
    outer loop
      vertex -48.4283 -24.8549 8.91601
      vertex -48.7005 -13.9953 9.41122
      vertex -48.4283 -13.8743 8.91601
    endloop
  endfacet
  facet normal -0.876286 5.83502e-06 -0.481792
    outer loop
      vertex -48.6624 -25.0235 9.34179
      vertex -48.7005 -13.9953 9.41122
      vertex -48.4283 -24.8549 8.91601
    endloop
  endfacet
  facet normal -0.876677 -0 -0.48108
    outer loop
      vertex -48.7005 -13.9953 9.41122
      vertex -48.6624 -25.0235 9.34179
      vertex -48.7005 -25.0616 9.41122
    endloop
  endfacet
  facet normal -0.968601 0 -0.248622
    outer loop
      vertex -48.0797 23.0099 7.84321
      vertex -48.2202 23.5 8.39058
      vertex -48.0797 23.5 7.84321
    endloop
  endfacet
  facet normal -0.968601 -0 -0.248622
    outer loop
      vertex -48.2202 23.5 8.39058
      vertex -48.0797 23.0099 7.84321
      vertex -48.2202 23.0099 8.39058
    endloop
  endfacet
  facet normal -0.968601 0 -0.248622
    outer loop
      vertex -48.0797 -24.5737 7.84321
      vertex -48.2202 -13.7818 8.39058
      vertex -48.0797 -13.7193 7.84321
    endloop
  endfacet
  facet normal -0.9686 9.61334e-08 -0.248624
    outer loop
      vertex -48.1278 -24.5974 8.0306
      vertex -48.2202 -13.7818 8.39058
      vertex -48.0797 -24.5737 7.84321
    endloop
  endfacet
  facet normal -0.968601 -0 -0.248621
    outer loop
      vertex -48.2202 -13.7818 8.39058
      vertex -48.1278 -24.5974 8.0306
      vertex -48.2202 -24.6898 8.39058
    endloop
  endfacet
  facet normal -0.0627837 0 0.998027
    outer loop
      vertex -52.5 23.5 2.5
      vertex -51.936 23.0099 2.53548
      vertex -51.936 23.5 2.53548
    endloop
  endfacet
  facet normal -0.0627837 0 0.998027
    outer loop
      vertex -51.936 23.0099 2.53548
      vertex -52.5 23.5 2.5
      vertex -52.5 23.0099 2.5
    endloop
  endfacet
  facet normal -0.0627837 0 0.998027
    outer loop
      vertex -52.5 -15.6839 2.5
      vertex -51.936 -26.7907 2.53548
      vertex -51.936 -15.4332 2.53548
    endloop
  endfacet
  facet normal -0.0627837 0 0.998027
    outer loop
      vertex -51.936 -26.7907 2.53548
      vertex -52.5 -15.6839 2.5
      vertex -52.5 -26.8466 2.5
    endloop
  endfacet
  facet normal 0.308994 0 0.951064
    outer loop
      vertex -54.1566 23.5 2.81601
      vertex -53.6191 23.0099 2.64138
      vertex -53.6191 23.5 2.64138
    endloop
  endfacet
  facet normal 0.308994 0 0.951064
    outer loop
      vertex -53.6191 23.0099 2.64138
      vertex -54.1566 23.5 2.81601
      vertex -54.1566 23.0099 2.81601
    endloop
  endfacet
  facet normal 0.308994 0 0.951064
    outer loop
      vertex -54.1566 -16.4202 2.81601
      vertex -53.6191 -26.6572 2.64138
      vertex -53.6191 -16.1813 2.64138
    endloop
  endfacet
  facet normal 0.308994 0 0.951064
    outer loop
      vertex -53.6191 -26.6572 2.64138
      vertex -54.1566 -16.4202 2.81601
      vertex -54.1566 -26.4461 2.81601
    endloop
  endfacet
  facet normal 0.729043 0 -0.684468
    outer loop
      vertex -55.5805 23.0099 10.2804
      vertex -55.9673 23.5 9.86841
      vertex -55.5805 23.5 10.2804
    endloop
  endfacet
  facet normal 0.729043 0 -0.684468
    outer loop
      vertex -55.9673 23.5 9.86841
      vertex -55.5805 23.0099 10.2804
      vertex -55.9673 23.0099 9.86841
    endloop
  endfacet
  facet normal 0.729043 0 -0.684468
    outer loop
      vertex -55.5805 -17.053 10.2804
      vertex -55.9673 -25.313 9.86841
      vertex -55.9673 -17.2249 9.86841
    endloop
  endfacet
  facet normal 0.729186 -1.43026e-05 -0.684315
    outer loop
      vertex -55.5805 -17.053 10.2804
      vertex -55.8935 -25.3562 9.94705
      vertex -55.9673 -25.313 9.86841
    endloop
  endfacet
  facet normal 0.729008 0 -0.684505
    outer loop
      vertex -55.8935 -25.3562 9.94705
      vertex -55.5805 -17.053 10.2804
      vertex -55.5805 -25.5984 10.2804
    endloop
  endfacet
  facet normal 0.42578 0 -0.904827
    outer loop
      vertex -54.6679 23.0099 10.9434
      vertex -54.1566 23.5 11.184
      vertex -54.1566 23.0099 11.184
    endloop
  endfacet
  facet normal 0.42578 0 -0.904827
    outer loop
      vertex -54.1566 23.5 11.184
      vertex -54.6679 23.0099 10.9434
      vertex -54.6679 23.5 10.9434
    endloop
  endfacet
  facet normal 0.425926 0 -0.904758
    outer loop
      vertex -54.5277 -26.235 11.0093
      vertex -54.1566 -16.4202 11.184
      vertex -54.1566 -26.4461 11.184
    endloop
  endfacet
  facet normal 0.425393 0 -0.905009
    outer loop
      vertex -54.6679 -16.6474 10.9434
      vertex -54.5277 -26.235 11.0093
      vertex -54.6679 -26.1731 10.9434
    endloop
  endfacet
  facet normal 0.425777 6.86783e-06 -0.904828
    outer loop
      vertex -54.5277 -26.235 11.0093
      vertex -54.6679 -16.6474 10.9434
      vertex -54.1566 -16.4202 11.184
    endloop
  endfacet
  facet normal 0.80899 -0 0.587822
    outer loop
      vertex -56.2995 23.0099 4.58878
      vertex -55.9673 23.5 4.13159
      vertex -56.2995 23.5 4.58878
    endloop
  endfacet
  facet normal 0.80899 0 0.587822
    outer loop
      vertex -55.9673 23.5 4.13159
      vertex -56.2995 23.0099 4.58878
      vertex -55.9673 23.0099 4.13159
    endloop
  endfacet
  facet normal 0.80899 -0 0.587822
    outer loop
      vertex -56.2995 -25.0616 4.58878
      vertex -55.9673 -17.2249 4.13159
      vertex -56.2995 -17.3726 4.58878
    endloop
  endfacet
  facet normal 0.80899 0 0.587822
    outer loop
      vertex -55.9673 -17.2249 4.13159
      vertex -56.2995 -25.0616 4.58878
      vertex -55.9673 -25.313 4.13159
    endloop
  endfacet
  facet normal -0.637364 0 0.770563
    outer loop
      vertex -49.855 23.5 3.35942
      vertex -49.4195 23.0099 3.71964
      vertex -49.4195 23.5 3.71964
    endloop
  endfacet
  facet normal -0.637364 0 0.770563
    outer loop
      vertex -49.4195 23.0099 3.71964
      vertex -49.855 23.5 3.35942
      vertex -49.855 23.0099 3.35942
    endloop
  endfacet
  facet normal -0.637364 0 0.770563
    outer loop
      vertex -49.855 -14.5083 3.35942
      vertex -49.4195 -25.5984 3.71964
      vertex -49.4195 -14.3148 3.71964
    endloop
  endfacet
  facet normal -0.63735 9.43018e-07 0.770575
    outer loop
      vertex -49.4195 -25.5984 3.71964
      vertex -49.855 -14.5083 3.35942
      vertex -49.6921 -25.7622 3.49417
    endloop
  endfacet
  facet normal -0.637389 0 0.770543
    outer loop
      vertex -49.6921 -25.7622 3.49417
      vertex -49.855 -14.5083 3.35942
      vertex -49.855 -25.8887 3.35942
    endloop
  endfacet
  facet normal -1 0 0
    outer loop
      vertex -48.0089 23.0099 6.71744
      vertex -48.0089 23.5 7.28256
      vertex -48.0089 23.5 6.71744
    endloop
  endfacet
  facet normal -1 -0 0
    outer loop
      vertex -48.0089 23.5 7.28256
      vertex -48.0089 23.0099 6.71744
      vertex -48.0089 23.0099 7.28256
    endloop
  endfacet
  facet normal -1 0 0
    outer loop
      vertex -48.0089 -24.5109 6.71744
      vertex -48.0089 -13.6879 7.28256
      vertex -48.0089 -13.6879 6.71744
    endloop
  endfacet
  facet normal -1 -0 0
    outer loop
      vertex -48.0089 -13.6879 7.28256
      vertex -48.0089 -24.5109 6.71744
      vertex -48.0089 -24.5109 7.28256
    endloop
  endfacet
  facet normal -0.968601 0 0.248622
    outer loop
      vertex -48.2202 23.0099 5.60942
      vertex -48.0797 23.5 6.15679
      vertex -48.2202 23.5 5.60942
    endloop
  endfacet
  facet normal -0.968601 0 0.248622
    outer loop
      vertex -48.0797 23.5 6.15679
      vertex -48.2202 23.0099 5.60942
      vertex -48.0797 23.0099 6.15679
    endloop
  endfacet
  facet normal -0.968601 0 0.248622
    outer loop
      vertex -48.2202 -13.7818 5.60942
      vertex -48.0797 -24.5737 6.15679
      vertex -48.0797 -13.7193 6.15679
    endloop
  endfacet
  facet normal -0.9686 9.61334e-08 0.248624
    outer loop
      vertex -48.2202 -13.7818 5.60942
      vertex -48.1278 -24.5974 5.9694
      vertex -48.0797 -24.5737 6.15679
    endloop
  endfacet
  facet normal -0.968601 0 0.248621
    outer loop
      vertex -48.1278 -24.5974 5.9694
      vertex -48.2202 -13.7818 5.60942
      vertex -48.2202 -24.6898 5.60942
    endloop
  endfacet
  facet normal -0.87634 0 0.481694
    outer loop
      vertex -48.7005 23.0099 4.58878
      vertex -48.4283 23.5 5.08399
      vertex -48.7005 23.5 4.58878
    endloop
  endfacet
  facet normal -0.87634 0 0.481694
    outer loop
      vertex -48.4283 23.5 5.08399
      vertex -48.7005 23.0099 4.58878
      vertex -48.4283 23.0099 5.08399
    endloop
  endfacet
  facet normal -0.87634 0 0.481694
    outer loop
      vertex -48.7005 -13.9953 4.58878
      vertex -48.4283 -24.8549 5.08399
      vertex -48.4283 -13.8743 5.08399
    endloop
  endfacet
  facet normal -0.876286 5.83502e-06 0.481792
    outer loop
      vertex -48.7005 -13.9953 4.58878
      vertex -48.6624 -25.0235 4.65821
      vertex -48.4283 -24.8549 5.08399
    endloop
  endfacet
  facet normal -0.876677 0 0.48108
    outer loop
      vertex -48.6624 -25.0235 4.65821
      vertex -48.7005 -13.9953 4.58878
      vertex -48.7005 -25.0616 4.58878
    endloop
  endfacet
  facet normal -0.0628189 0 -0.998025
    outer loop
      vertex -52.5 23.0099 11.5
      vertex -51.936 23.5 11.4645
      vertex -51.936 23.0099 11.4645
    endloop
  endfacet
  facet normal -0.0628189 0 -0.998025
    outer loop
      vertex -51.936 23.5 11.4645
      vertex -52.5 23.0099 11.5
      vertex -52.5 23.5 11.5
    endloop
  endfacet
  facet normal -0.0628189 -0 -0.998025
    outer loop
      vertex -52.5 -15.6839 11.5
      vertex -51.936 -26.7907 11.4645
      vertex -52.5 -26.8466 11.5
    endloop
  endfacet
  facet normal -0.0628189 0 -0.998025
    outer loop
      vertex -51.936 -26.7907 11.4645
      vertex -52.5 -15.6839 11.5
      vertex -51.936 -15.4332 11.4645
    endloop
  endfacet
  facet normal -0.535856 0 -0.844309
    outer loop
      vertex -50.3321 23.0099 10.9434
      vertex -49.855 23.5 10.6406
      vertex -49.855 23.0099 10.6406
    endloop
  endfacet
  facet normal -0.535856 0 -0.844309
    outer loop
      vertex -49.855 23.5 10.6406
      vertex -50.3321 23.0099 10.9434
      vertex -50.3321 23.5 10.9434
    endloop
  endfacet
  facet normal -0.535856 -0 -0.844309
    outer loop
      vertex -50.3321 -14.7204 10.9434
      vertex -49.855 -25.8887 10.6406
      vertex -50.3321 -26.1731 10.9434
    endloop
  endfacet
  facet normal -0.535856 0 -0.844309
    outer loop
      vertex -49.855 -25.8887 10.6406
      vertex -50.3321 -14.7204 10.9434
      vertex -49.855 -14.5083 10.6406
    endloop
  endfacet
  facet normal -0.992121 0 -0.125287
    outer loop
      vertex -48.0089 23.0099 7.28256
      vertex -48.0797 23.5 7.84321
      vertex -48.0089 23.5 7.28256
    endloop
  endfacet
  facet normal -0.992121 -0 -0.125287
    outer loop
      vertex -48.0797 23.5 7.84321
      vertex -48.0089 23.0099 7.28256
      vertex -48.0797 23.0099 7.84321
    endloop
  endfacet
  facet normal -0.992121 0 -0.125287
    outer loop
      vertex -48.0089 -24.5109 7.28256
      vertex -48.0797 -13.7193 7.84321
      vertex -48.0089 -13.6879 7.28256
    endloop
  endfacet
  facet normal -0.992178 -2.40092e-05 -0.124832
    outer loop
      vertex -48.0168 -24.5109 7.34535
      vertex -48.0797 -13.7193 7.84321
      vertex -48.0089 -24.5109 7.28256
    endloop
  endfacet
  facet normal -0.992113 -0 -0.125344
    outer loop
      vertex -48.0797 -13.7193 7.84321
      vertex -48.0168 -24.5109 7.34535
      vertex -48.0797 -24.5737 7.84321
    endloop
  endfacet
  facet normal -0.80899 0 -0.587822
    outer loop
      vertex -48.7005 23.0099 9.41122
      vertex -49.0327 23.5 9.86841
      vertex -48.7005 23.5 9.41122
    endloop
  endfacet
  facet normal -0.80899 -0 -0.587822
    outer loop
      vertex -49.0327 23.5 9.86841
      vertex -48.7005 23.0099 9.41122
      vertex -49.0327 23.0099 9.86841
    endloop
  endfacet
  facet normal -0.80899 0 -0.587822
    outer loop
      vertex -48.7005 -25.0616 9.41122
      vertex -49.0327 -14.1429 9.86841
      vertex -48.7005 -13.9953 9.41122
    endloop
  endfacet
  facet normal -0.80899 -0 -0.587822
    outer loop
      vertex -49.0327 -14.1429 9.86841
      vertex -48.7005 -25.0616 9.41122
      vertex -49.0327 -25.313 9.86841
    endloop
  endfacet
  facet normal -0.729043 0 -0.684468
    outer loop
      vertex -49.0327 23.0099 9.86841
      vertex -49.4195 23.5 10.2804
      vertex -49.0327 23.5 9.86841
    endloop
  endfacet
  facet normal -0.729043 -0 -0.684468
    outer loop
      vertex -49.4195 23.5 10.2804
      vertex -49.0327 23.0099 9.86841
      vertex -49.4195 23.0099 10.2804
    endloop
  endfacet
  facet normal -0.729043 0 -0.684468
    outer loop
      vertex -49.0327 -25.313 9.86841
      vertex -49.4195 -14.3148 10.2804
      vertex -49.0327 -14.1429 9.86841
    endloop
  endfacet
  facet normal -0.729187 -1.08135e-05 -0.684314
    outer loop
      vertex -49.1065 -25.3562 9.94705
      vertex -49.4195 -14.3148 10.2804
      vertex -49.0327 -25.313 9.86841
    endloop
  endfacet
  facet normal -0.729008 -0 -0.684505
    outer loop
      vertex -49.4195 -14.3148 10.2804
      vertex -49.1065 -25.3562 9.94705
      vertex -49.4195 -25.5984 10.2804
    endloop
  endfacet
  facet normal 0.535856 0 0.844309
    outer loop
      vertex -55.145 23.5 3.35942
      vertex -54.6679 23.0099 3.05662
      vertex -54.6679 23.5 3.05662
    endloop
  endfacet
  facet normal 0.535856 0 0.844309
    outer loop
      vertex -54.6679 23.0099 3.05662
      vertex -55.145 23.5 3.35942
      vertex -55.145 23.0099 3.35942
    endloop
  endfacet
  facet normal 0.535856 -0 0.844309
    outer loop
      vertex -55.145 -25.8887 3.35942
      vertex -54.6679 -16.6474 3.05662
      vertex -55.145 -16.8595 3.35942
    endloop
  endfacet
  facet normal 0.535856 0 0.844309
    outer loop
      vertex -54.6679 -16.6474 3.05662
      vertex -55.145 -25.8887 3.35942
      vertex -54.6679 -26.1731 3.05662
    endloop
  endfacet
  facet normal 1 -0 0
    outer loop
      vertex -56.9911 23.0099 7.28256
      vertex -56.9911 23.5 6.71744
      vertex -56.9911 23.5 7.28256
    endloop
  endfacet
  facet normal 1 0 0
    outer loop
      vertex -56.9911 23.5 6.71744
      vertex -56.9911 23.0099 7.28256
      vertex -56.9911 23.0099 6.71744
    endloop
  endfacet
  facet normal 1 -0 0
    outer loop
      vertex -56.9911 -24.5109 7.28256
      vertex -56.9911 -17.68 6.71744
      vertex -56.9911 -17.68 7.28256
    endloop
  endfacet
  facet normal 1 0 0
    outer loop
      vertex -56.9911 -17.68 6.71744
      vertex -56.9911 -24.5109 7.28256
      vertex -56.9911 -24.5109 6.71744
    endloop
  endfacet
  facet normal 0.308946 0 -0.95108
    outer loop
      vertex -54.1566 23.0099 11.184
      vertex -53.6191 23.5 11.3586
      vertex -53.6191 23.0099 11.3586
    endloop
  endfacet
  facet normal 0.308946 0 -0.95108
    outer loop
      vertex -53.6191 23.5 11.3586
      vertex -54.1566 23.0099 11.184
      vertex -54.1566 23.5 11.184
    endloop
  endfacet
  facet normal 0.308946 0 -0.95108
    outer loop
      vertex -54.1566 -16.4202 11.184
      vertex -53.6191 -26.6572 11.3586
      vertex -54.1566 -26.4461 11.184
    endloop
  endfacet
  facet normal 0.308946 0 -0.95108
    outer loop
      vertex -53.6191 -26.6572 11.3586
      vertex -54.1566 -16.4202 11.184
      vertex -53.6191 -16.1813 11.3586
    endloop
  endfacet
  facet normal 0.535856 0 -0.844309
    outer loop
      vertex -55.145 23.0099 10.6406
      vertex -54.6679 23.5 10.9434
      vertex -54.6679 23.0099 10.9434
    endloop
  endfacet
  facet normal 0.535856 0 -0.844309
    outer loop
      vertex -54.6679 23.5 10.9434
      vertex -55.145 23.0099 10.6406
      vertex -55.145 23.5 10.6406
    endloop
  endfacet
  facet normal 0.535856 0 -0.844309
    outer loop
      vertex -55.145 -25.8887 10.6406
      vertex -54.6679 -16.6474 10.9434
      vertex -54.6679 -26.1731 10.9434
    endloop
  endfacet
  facet normal 0.535856 0 -0.844309
    outer loop
      vertex -54.6679 -16.6474 10.9434
      vertex -55.145 -25.8887 10.6406
      vertex -55.145 -16.8595 10.6406
    endloop
  endfacet
  facet normal 0.992121 -0 0.125287
    outer loop
      vertex -56.9911 23.0099 6.71744
      vertex -56.9203 23.5 6.15679
      vertex -56.9911 23.5 6.71744
    endloop
  endfacet
  facet normal 0.992121 0 0.125287
    outer loop
      vertex -56.9203 23.5 6.15679
      vertex -56.9911 23.0099 6.71744
      vertex -56.9203 23.0099 6.15679
    endloop
  endfacet
  facet normal 0.992178 0 0.124832
    outer loop
      vertex -56.9832 -24.5109 6.65465
      vertex -56.9911 -17.68 6.71744
      vertex -56.9911 -24.5109 6.71744
    endloop
  endfacet
  facet normal 0.992121 -4.24556e-06 0.125287
    outer loop
      vertex -56.9911 -17.68 6.71744
      vertex -56.9832 -24.5109 6.65465
      vertex -56.9203 -17.6485 6.15679
    endloop
  endfacet
  facet normal 0.992113 0 0.125344
    outer loop
      vertex -56.9203 -17.6485 6.15679
      vertex -56.9832 -24.5109 6.65465
      vertex -56.9203 -24.5737 6.15679
    endloop
  endfacet
  facet normal 0.968601 -0 0.248622
    outer loop
      vertex -56.9203 23.0099 6.15679
      vertex -56.7798 23.5 5.60942
      vertex -56.9203 23.5 6.15679
    endloop
  endfacet
  facet normal 0.968601 0 0.248622
    outer loop
      vertex -56.7798 23.5 5.60942
      vertex -56.9203 23.0099 6.15679
      vertex -56.7798 23.0099 5.60942
    endloop
  endfacet
  facet normal 0.9686 0 0.248624
    outer loop
      vertex -56.8722 -24.5974 5.9694
      vertex -56.9203 -17.6485 6.15679
      vertex -56.9203 -24.5737 6.15679
    endloop
  endfacet
  facet normal 0.968601 5.12819e-08 0.248622
    outer loop
      vertex -56.9203 -17.6485 6.15679
      vertex -56.8722 -24.5974 5.9694
      vertex -56.7798 -17.586 5.60942
    endloop
  endfacet
  facet normal 0.968601 0 0.248621
    outer loop
      vertex -56.7798 -17.586 5.60942
      vertex -56.8722 -24.5974 5.9694
      vertex -56.7798 -24.6898 5.60942
    endloop
  endfacet
  facet normal -0.425794 0 0.90482
    outer loop
      vertex -50.8434 23.5 2.81601
      vertex -50.3321 23.0099 3.05662
      vertex -50.3321 23.5 3.05662
    endloop
  endfacet
  facet normal -0.425794 0 0.90482
    outer loop
      vertex -50.3321 23.0099 3.05662
      vertex -50.8434 23.5 2.81601
      vertex -50.8434 23.0099 2.81601
    endloop
  endfacet
  facet normal -0.425794 0 0.90482
    outer loop
      vertex -50.8434 -14.9477 2.81601
      vertex -50.3321 -26.1731 3.05662
      vertex -50.3321 -14.7204 3.05662
    endloop
  endfacet
  facet normal -0.42566 7.48898e-06 0.904883
    outer loop
      vertex -50.3321 -26.1731 3.05662
      vertex -50.8434 -14.9477 2.81601
      vertex -50.4723 -26.235 2.99067
    endloop
  endfacet
  facet normal -0.425846 0 0.904795
    outer loop
      vertex -50.4723 -26.235 2.99067
      vertex -50.8434 -14.9477 2.81601
      vertex -50.8434 -26.4461 2.81601
    endloop
  endfacet
  facet normal -0.308994 0 0.951064
    outer loop
      vertex -51.3809 23.5 2.64138
      vertex -50.8434 23.0099 2.81601
      vertex -50.8434 23.5 2.81601
    endloop
  endfacet
  facet normal -0.308994 0 0.951064
    outer loop
      vertex -50.8434 23.0099 2.81601
      vertex -51.3809 23.5 2.64138
      vertex -51.3809 23.0099 2.64138
    endloop
  endfacet
  facet normal -0.308994 0 0.951064
    outer loop
      vertex -51.3809 -15.1865 2.64138
      vertex -50.8434 -26.4461 2.81601
      vertex -50.8434 -14.9477 2.81601
    endloop
  endfacet
  facet normal -0.308994 0 0.951064
    outer loop
      vertex -50.8434 -26.4461 2.81601
      vertex -51.3809 -15.1865 2.64138
      vertex -51.3809 -26.6572 2.64138
    endloop
  endfacet
  facet normal 0.0627837 0 0.998027
    outer loop
      vertex -53.064 23.5 2.53548
      vertex -52.5 23.0099 2.5
      vertex -52.5 23.5 2.5
    endloop
  endfacet
  facet normal 0.0627837 0 0.998027
    outer loop
      vertex -52.5 23.0099 2.5
      vertex -53.064 23.5 2.53548
      vertex -53.064 23.0099 2.53548
    endloop
  endfacet
  facet normal 0.0627837 0 0.998027
    outer loop
      vertex -53.064 -15.9346 2.53548
      vertex -52.5 -26.8466 2.5
      vertex -52.5 -15.6839 2.5
    endloop
  endfacet
  facet normal 0.0627837 0 0.998027
    outer loop
      vertex -52.5 -26.8466 2.5
      vertex -53.064 -15.9346 2.53548
      vertex -53.064 -26.7907 2.53548
    endloop
  endfacet
  facet normal 0.425794 0 0.90482
    outer loop
      vertex -54.6679 23.5 3.05662
      vertex -54.1566 23.0099 2.81601
      vertex -54.1566 23.5 2.81601
    endloop
  endfacet
  facet normal 0.425794 0 0.90482
    outer loop
      vertex -54.1566 23.0099 2.81601
      vertex -54.6679 23.5 3.05662
      vertex -54.6679 23.0099 3.05662
    endloop
  endfacet
  facet normal 0.425846 0 0.904795
    outer loop
      vertex -54.1566 -16.4202 2.81601
      vertex -54.5277 -26.235 2.99067
      vertex -54.1566 -26.4461 2.81601
    endloop
  endfacet
  facet normal 0.425794 2.43664e-06 0.90482
    outer loop
      vertex -54.6679 -16.6474 3.05662
      vertex -54.5277 -26.235 2.99067
      vertex -54.1566 -16.4202 2.81601
    endloop
  endfacet
  facet normal 0.425657 0 0.904885
    outer loop
      vertex -54.5277 -26.235 2.99067
      vertex -54.6679 -16.6474 3.05662
      vertex -54.6679 -26.1731 3.05662
    endloop
  endfacet
  facet normal 0.87634 0 -0.481694
    outer loop
      vertex -56.2995 23.0099 9.41122
      vertex -56.5717 23.5 8.91601
      vertex -56.2995 23.5 9.41122
    endloop
  endfacet
  facet normal 0.87634 0 -0.481694
    outer loop
      vertex -56.5717 23.5 8.91601
      vertex -56.2995 23.0099 9.41122
      vertex -56.5717 23.0099 8.91601
    endloop
  endfacet
  facet normal 0.87634 0 -0.481694
    outer loop
      vertex -56.2995 -17.3726 9.41122
      vertex -56.5717 -24.8549 8.91601
      vertex -56.5717 -17.4936 8.91601
    endloop
  endfacet
  facet normal 0.876286 8.40153e-06 -0.481791
    outer loop
      vertex -56.2995 -17.3726 9.41122
      vertex -56.3376 -25.0235 9.34179
      vertex -56.5717 -24.8549 8.91601
    endloop
  endfacet
  facet normal 0.876677 0 -0.48108
    outer loop
      vertex -56.3376 -25.0235 9.34179
      vertex -56.2995 -17.3726 9.41122
      vertex -56.2995 -25.0616 9.41122
    endloop
  endfacet
  facet normal 0.968601 0 -0.248622
    outer loop
      vertex -56.7798 23.0099 8.39058
      vertex -56.9203 23.5 7.84321
      vertex -56.7798 23.5 8.39058
    endloop
  endfacet
  facet normal 0.968601 0 -0.248622
    outer loop
      vertex -56.9203 23.5 7.84321
      vertex -56.7798 23.0099 8.39058
      vertex -56.9203 23.0099 7.84321
    endloop
  endfacet
  facet normal 0.968601 5.12819e-08 -0.248622
    outer loop
      vertex -56.8722 -24.5974 8.0306
      vertex -56.9203 -17.6485 7.84321
      vertex -56.7798 -17.586 8.39058
    endloop
  endfacet
  facet normal 0.9686 0 -0.248624
    outer loop
      vertex -56.9203 -17.6485 7.84321
      vertex -56.8722 -24.5974 8.0306
      vertex -56.9203 -24.5737 7.84321
    endloop
  endfacet
  facet normal 0.968601 0 -0.248621
    outer loop
      vertex -56.8722 -24.5974 8.0306
      vertex -56.7798 -17.586 8.39058
      vertex -56.7798 -24.6898 8.39058
    endloop
  endfacet
  facet normal 0.0628189 0 -0.998025
    outer loop
      vertex -53.064 23.0099 11.4645
      vertex -52.5 23.5 11.5
      vertex -52.5 23.0099 11.5
    endloop
  endfacet
  facet normal 0.0628189 0 -0.998025
    outer loop
      vertex -52.5 23.5 11.5
      vertex -53.064 23.0099 11.4645
      vertex -53.064 23.5 11.4645
    endloop
  endfacet
  facet normal 0.0628189 0 -0.998025
    outer loop
      vertex -53.064 -15.9346 11.4645
      vertex -52.5 -26.8466 11.5
      vertex -53.064 -26.7907 11.4645
    endloop
  endfacet
  facet normal 0.0628189 0 -0.998025
    outer loop
      vertex -52.5 -26.8466 11.5
      vertex -53.064 -15.9346 11.4645
      vertex -52.5 -15.6839 11.5
    endloop
  endfacet
  facet normal 0.637343 0 -0.77058
    outer loop
      vertex -55.5805 23.0099 10.2804
      vertex -55.145 23.5 10.6406
      vertex -55.145 23.0099 10.6406
    endloop
  endfacet
  facet normal 0.637343 0 -0.77058
    outer loop
      vertex -55.145 23.5 10.6406
      vertex -55.5805 23.0099 10.2804
      vertex -55.5805 23.5 10.2804
    endloop
  endfacet
  facet normal 0.637529 0 -0.770426
    outer loop
      vertex -55.3079 -25.7622 10.5058
      vertex -55.145 -16.8595 10.6406
      vertex -55.145 -25.8887 10.6406
    endloop
  endfacet
  facet normal 0.637235 9.05244e-06 -0.770669
    outer loop
      vertex -55.5805 -25.5984 10.2804
      vertex -55.145 -16.8595 10.6406
      vertex -55.3079 -25.7622 10.5058
    endloop
  endfacet
  facet normal 0.637343 0 -0.77058
    outer loop
      vertex -55.145 -16.8595 10.6406
      vertex -55.5805 -25.5984 10.2804
      vertex -55.5805 -17.053 10.2804
    endloop
  endfacet
  facet normal 0.87634 -0 0.481694
    outer loop
      vertex -56.5717 23.0099 5.08399
      vertex -56.2995 23.5 4.58878
      vertex -56.5717 23.5 5.08399
    endloop
  endfacet
  facet normal 0.87634 0 0.481694
    outer loop
      vertex -56.2995 23.5 4.58878
      vertex -56.5717 23.0099 5.08399
      vertex -56.2995 23.0099 4.58878
    endloop
  endfacet
  facet normal 0.87634 -0 0.481694
    outer loop
      vertex -56.5717 -24.8549 5.08399
      vertex -56.2995 -17.3726 4.58878
      vertex -56.5717 -17.4936 5.08399
    endloop
  endfacet
  facet normal 0.876286 8.40153e-06 0.481791
    outer loop
      vertex -56.3376 -25.0235 4.65821
      vertex -56.2995 -17.3726 4.58878
      vertex -56.5717 -24.8549 5.08399
    endloop
  endfacet
  facet normal 0.876677 0 0.48108
    outer loop
      vertex -56.2995 -17.3726 4.58878
      vertex -56.3376 -25.0235 4.65821
      vertex -56.2995 -25.0616 4.58878
    endloop
  endfacet
  facet normal 0.637364 0 0.770563
    outer loop
      vertex -55.5805 23.5 3.71964
      vertex -55.145 23.0099 3.35942
      vertex -55.145 23.5 3.35942
    endloop
  endfacet
  facet normal 0.637364 0 0.770563
    outer loop
      vertex -55.145 23.0099 3.35942
      vertex -55.5805 23.5 3.71964
      vertex -55.5805 23.0099 3.71964
    endloop
  endfacet
  facet normal 0.637389 0 0.770543
    outer loop
      vertex -55.145 -16.8595 3.35942
      vertex -55.3079 -25.7622 3.49417
      vertex -55.145 -25.8887 3.35942
    endloop
  endfacet
  facet normal 0.637364 -0 0.770563
    outer loop
      vertex -55.5805 -25.5984 3.71964
      vertex -55.145 -16.8595 3.35942
      vertex -55.5805 -17.053 3.71964
    endloop
  endfacet
  facet normal 0.63735 1.18936e-06 0.770574
    outer loop
      vertex -55.145 -16.8595 3.35942
      vertex -55.5805 -25.5984 3.71964
      vertex -55.3079 -25.7622 3.49417
    endloop
  endfacet
  facet normal 0.992121 0 -0.125287
    outer loop
      vertex -56.9203 23.0099 7.84321
      vertex -56.9911 23.5 7.28256
      vertex -56.9203 23.5 7.84321
    endloop
  endfacet
  facet normal 0.992121 0 -0.125287
    outer loop
      vertex -56.9911 23.5 7.28256
      vertex -56.9203 23.0099 7.84321
      vertex -56.9911 23.0099 7.28256
    endloop
  endfacet
  facet normal 0.992121 -4.24556e-06 -0.125287
    outer loop
      vertex -56.9203 -17.6485 7.84321
      vertex -56.9832 -24.5109 7.34535
      vertex -56.9911 -17.68 7.28256
    endloop
  endfacet
  facet normal 0.992113 0 -0.125344
    outer loop
      vertex -56.9832 -24.5109 7.34535
      vertex -56.9203 -17.6485 7.84321
      vertex -56.9203 -24.5737 7.84321
    endloop
  endfacet
  facet normal 0.992178 0 -0.124832
    outer loop
      vertex -56.9911 -17.68 7.28256
      vertex -56.9832 -24.5109 7.34535
      vertex -56.9911 -24.5109 7.28256
    endloop
  endfacet
  facet normal 0.187397 0 -0.982284
    outer loop
      vertex -53.6191 23.0099 11.3586
      vertex -53.064 23.5 11.4645
      vertex -53.064 23.0099 11.4645
    endloop
  endfacet
  facet normal 0.187397 0 -0.982284
    outer loop
      vertex -53.064 23.5 11.4645
      vertex -53.6191 23.0099 11.3586
      vertex -53.6191 23.5 11.3586
    endloop
  endfacet
  facet normal 0.187166 -1.24985e-05 -0.982328
    outer loop
      vertex -53.6191 -16.1813 11.3586
      vertex -53.064 -26.7907 11.4645
      vertex -53.1422 -26.7672 11.4496
    endloop
  endfacet
  facet normal 0.187434 0 -0.982277
    outer loop
      vertex -53.6191 -16.1813 11.3586
      vertex -53.1422 -26.7672 11.4496
      vertex -53.6191 -26.6572 11.3586
    endloop
  endfacet
  facet normal 0.187397 0 -0.982284
    outer loop
      vertex -53.064 -26.7907 11.4645
      vertex -53.6191 -16.1813 11.3586
      vertex -53.064 -15.9346 11.4645
    endloop
  endfacet
  facet normal 0.929736 -0 0.368228
    outer loop
      vertex -56.7798 23.0099 5.60942
      vertex -56.5717 23.5 5.08399
      vertex -56.7798 23.5 5.60942
    endloop
  endfacet
  facet normal 0.929736 0 0.368228
    outer loop
      vertex -56.5717 23.5 5.08399
      vertex -56.7798 23.0099 5.60942
      vertex -56.5717 23.0099 5.08399
    endloop
  endfacet
  facet normal 0.929736 -0 0.368228
    outer loop
      vertex -56.7798 -24.6898 5.60942
      vertex -56.5717 -17.4936 5.08399
      vertex -56.7798 -17.586 5.60942
    endloop
  endfacet
  facet normal 0.929721 3.13995e-06 0.368265
    outer loop
      vertex -56.6574 -24.7692 5.30041
      vertex -56.5717 -17.4936 5.08399
      vertex -56.7798 -24.6898 5.60942
    endloop
  endfacet
  facet normal 0.929757 0 0.368174
    outer loop
      vertex -56.5717 -17.4936 5.08399
      vertex -56.6574 -24.7692 5.30041
      vertex -56.5717 -24.8549 5.08399
    endloop
  endfacet
  facet normal 0.72901 -0 0.684503
    outer loop
      vertex -55.9673 23.0099 4.13159
      vertex -55.5805 23.5 3.71964
      vertex -55.9673 23.5 4.13159
    endloop
  endfacet
  facet normal 0.72901 0 0.684503
    outer loop
      vertex -55.5805 23.5 3.71964
      vertex -55.9673 23.0099 4.13159
      vertex -55.5805 23.0099 3.71964
    endloop
  endfacet
  facet normal 0.72901 -0 0.684503
    outer loop
      vertex -55.9673 -25.313 4.13159
      vertex -55.5805 -17.053 3.71964
      vertex -55.9673 -17.2249 4.13159
    endloop
  endfacet
  facet normal 0.729185 -1.75281e-05 0.684316
    outer loop
      vertex -55.8935 -25.3562 4.05295
      vertex -55.5805 -17.053 3.71964
      vertex -55.9673 -25.313 4.13159
    endloop
  endfacet
  facet normal 0.728967 0 0.684548
    outer loop
      vertex -55.5805 -17.053 3.71964
      vertex -55.8935 -25.3562 4.05295
      vertex -55.5805 -25.5984 3.71964
    endloop
  endfacet
  facet normal 0.80899 0 -0.587822
    outer loop
      vertex -55.9673 23.0099 9.86841
      vertex -56.2995 23.5 9.41122
      vertex -55.9673 23.5 9.86841
    endloop
  endfacet
  facet normal 0.80899 0 -0.587822
    outer loop
      vertex -56.2995 23.5 9.41122
      vertex -55.9673 23.0099 9.86841
      vertex -56.2995 23.0099 9.41122
    endloop
  endfacet
  facet normal 0.80899 0 -0.587822
    outer loop
      vertex -55.9673 -17.2249 9.86841
      vertex -56.2995 -25.0616 9.41122
      vertex -56.2995 -17.3726 9.41122
    endloop
  endfacet
  facet normal 0.80899 0 -0.587822
    outer loop
      vertex -56.2995 -25.0616 9.41122
      vertex -55.9673 -17.2249 9.86841
      vertex -55.9673 -25.313 9.86841
    endloop
  endfacet
  facet normal 0.929736 0 -0.368228
    outer loop
      vertex -56.5717 23.0099 8.91601
      vertex -56.7798 23.5 8.39058
      vertex -56.5717 23.5 8.91601
    endloop
  endfacet
  facet normal 0.929736 0 -0.368228
    outer loop
      vertex -56.7798 23.5 8.39058
      vertex -56.5717 23.0099 8.91601
      vertex -56.7798 23.0099 8.39058
    endloop
  endfacet
  facet normal 0.929736 0 -0.368228
    outer loop
      vertex -56.5717 -17.4936 8.91601
      vertex -56.7798 -24.6898 8.39058
      vertex -56.7798 -17.586 8.39058
    endloop
  endfacet
  facet normal 0.929721 3.13995e-06 -0.368265
    outer loop
      vertex -56.5717 -17.4936 8.91601
      vertex -56.6574 -24.7692 8.69959
      vertex -56.7798 -24.6898 8.39058
    endloop
  endfacet
  facet normal 0.929757 0 -0.368174
    outer loop
      vertex -56.6574 -24.7692 8.69959
      vertex -56.5717 -17.4936 8.91601
      vertex -56.5717 -24.8549 8.91601
    endloop
  endfacet
  facet normal -0.535858 0 0.844308
    outer loop
      vertex -51.3558 36.9901 4.91877
      vertex -51.104 27.7 5.07858
      vertex -51.104 36.9901 5.07858
    endloop
  endfacet
  facet normal -0.535858 0 0.844308
    outer loop
      vertex -51.104 27.7 5.07858
      vertex -51.3558 36.9901 4.91877
      vertex -51.3558 27.7 4.91877
    endloop
  endfacet
  facet normal -0.929771 0 0.36814
    outer loop
      vertex -50.351 27.7 5.98877
      vertex -50.2412 36.9901 6.26608
      vertex -50.351 36.9901 5.98877
    endloop
  endfacet
  facet normal -0.929771 0 0.36814
    outer loop
      vertex -50.2412 36.9901 6.26608
      vertex -50.351 27.7 5.98877
      vertex -50.2412 27.7 6.26608
    endloop
  endfacet
  facet normal -0.929771 0 -0.36814
    outer loop
      vertex -50.2412 27.7 7.73392
      vertex -50.351 36.9901 8.01123
      vertex -50.2412 36.9901 7.73392
    endloop
  endfacet
  facet normal -0.929771 -0 -0.36814
    outer loop
      vertex -50.351 36.9901 8.01123
      vertex -50.2412 27.7 7.73392
      vertex -50.351 27.7 8.01123
    endloop
  endfacet
  facet normal -0.425737 0 -0.904847
    outer loop
      vertex -51.6257 27.7 9.20822
      vertex -51.3558 36.9901 9.08123
      vertex -51.3558 27.7 9.08123
    endloop
  endfacet
  facet normal -0.425737 0 -0.904847
    outer loop
      vertex -51.3558 36.9901 9.08123
      vertex -51.6257 27.7 9.20822
      vertex -51.6257 36.9901 9.20822
    endloop
  endfacet
  facet normal 0.187434 0 0.982277
    outer loop
      vertex -53.0906 36.9901 4.69962
      vertex -52.7977 27.7 4.64373
      vertex -52.7977 36.9901 4.64373
    endloop
  endfacet
  facet normal 0.187434 0 0.982277
    outer loop
      vertex -52.7977 27.7 4.64373
      vertex -53.0906 36.9901 4.69962
      vertex -53.0906 27.7 4.69962
    endloop
  endfacet
  facet normal -0.187434 0 0.982277
    outer loop
      vertex -52.2023 36.9901 4.64373
      vertex -51.9094 27.7 4.69962
      vertex -51.9094 36.9901 4.69962
    endloop
  endfacet
  facet normal -0.187434 0 0.982277
    outer loop
      vertex -51.9094 27.7 4.69962
      vertex -52.2023 36.9901 4.64373
      vertex -52.2023 27.7 4.64373
    endloop
  endfacet
  facet normal -0.72892 0 0.684599
    outer loop
      vertex -50.8742 27.7 5.2687
      vertex -50.67 36.9901 5.48612
      vertex -50.8742 36.9901 5.2687
    endloop
  endfacet
  facet normal -0.72892 0 0.684599
    outer loop
      vertex -50.67 36.9901 5.48612
      vertex -50.8742 27.7 5.2687
      vertex -50.67 27.7 5.48612
    endloop
  endfacet
  facet normal -0.992107 0 0.125396
    outer loop
      vertex -50.1671 27.7 6.55497
      vertex -50.1297 36.9901 6.85087
      vertex -50.1671 36.9901 6.55497
    endloop
  endfacet
  facet normal -0.992107 0 0.125396
    outer loop
      vertex -50.1297 36.9901 6.85087
      vertex -50.1671 27.7 6.55497
      vertex -50.1297 27.7 6.85087
    endloop
  endfacet
  facet normal -0.876284 0 0.481795
    outer loop
      vertex -50.4947 27.7 5.72741
      vertex -50.351 36.9901 5.98877
      vertex -50.4947 36.9901 5.72741
    endloop
  endfacet
  facet normal -0.876284 0 0.481795
    outer loop
      vertex -50.351 36.9901 5.98877
      vertex -50.4947 27.7 5.72741
      vertex -50.351 27.7 5.98877
    endloop
  endfacet
  facet normal -0.187434 0 -0.982277
    outer loop
      vertex -52.2023 27.7 9.35627
      vertex -51.9094 36.9901 9.30038
      vertex -51.9094 27.7 9.30038
    endloop
  endfacet
  facet normal -0.187434 0 -0.982277
    outer loop
      vertex -51.9094 36.9901 9.30038
      vertex -52.2023 27.7 9.35627
      vertex -52.2023 36.9901 9.35627
    endloop
  endfacet
  facet normal -0.63745 0 -0.770492
    outer loop
      vertex -51.104 27.7 8.92142
      vertex -50.8742 36.9901 8.7313
      vertex -50.8742 27.7 8.7313
    endloop
  endfacet
  facet normal -0.63745 0 -0.770492
    outer loop
      vertex -50.8742 36.9901 8.7313
      vertex -51.104 27.7 8.92142
      vertex -51.104 36.9901 8.92142
    endloop
  endfacet
  facet normal -0.992107 0 -0.125396
    outer loop
      vertex -50.1297 27.7 7.14913
      vertex -50.1671 36.9901 7.44503
      vertex -50.1297 36.9901 7.14913
    endloop
  endfacet
  facet normal -0.992107 -0 -0.125396
    outer loop
      vertex -50.1671 36.9901 7.44503
      vertex -50.1297 27.7 7.14913
      vertex -50.1671 27.7 7.44503
    endloop
  endfacet
  facet normal -0.72892 0 -0.684599
    outer loop
      vertex -50.67 27.7 8.51388
      vertex -50.8742 36.9901 8.7313
      vertex -50.67 36.9901 8.51388
    endloop
  endfacet
  facet normal -0.72892 -0 -0.684599
    outer loop
      vertex -50.8742 36.9901 8.7313
      vertex -50.67 27.7 8.51388
      vertex -50.8742 27.7 8.7313
    endloop
  endfacet
  facet normal -0.0627915 0 0.998027
    outer loop
      vertex -52.5 36.9901 4.625
      vertex -52.2023 27.7 4.64373
      vertex -52.2023 36.9901 4.64373
    endloop
  endfacet
  facet normal -0.0627915 0 0.998027
    outer loop
      vertex -52.2023 27.7 4.64373
      vertex -52.5 36.9901 4.625
      vertex -52.5 27.7 4.625
    endloop
  endfacet
  facet normal 0.72892 0 -0.684599
    outer loop
      vertex -54.1258 27.7 8.7313
      vertex -54.33 36.9901 8.51388
      vertex -54.1258 36.9901 8.7313
    endloop
  endfacet
  facet normal 0.72892 0 -0.684599
    outer loop
      vertex -54.33 36.9901 8.51388
      vertex -54.1258 27.7 8.7313
      vertex -54.33 27.7 8.51388
    endloop
  endfacet
  facet normal 0.876284 -0 0.481795
    outer loop
      vertex -54.649 27.7 5.98877
      vertex -54.5053 36.9901 5.72741
      vertex -54.649 36.9901 5.98877
    endloop
  endfacet
  facet normal 0.876284 0 0.481795
    outer loop
      vertex -54.5053 36.9901 5.72741
      vertex -54.649 27.7 5.98877
      vertex -54.5053 27.7 5.72741
    endloop
  endfacet
  facet normal -0.63745 0 0.770492
    outer loop
      vertex -51.104 36.9901 5.07858
      vertex -50.8742 27.7 5.2687
      vertex -50.8742 36.9901 5.2687
    endloop
  endfacet
  facet normal -0.63745 0 0.770492
    outer loop
      vertex -50.8742 27.7 5.2687
      vertex -51.104 36.9901 5.07858
      vertex -51.104 27.7 5.07858
    endloop
  endfacet
  facet normal -1 0 0
    outer loop
      vertex -50.1297 27.7 6.85087
      vertex -50.1297 36.9901 7.14913
      vertex -50.1297 36.9901 6.85087
    endloop
  endfacet
  facet normal -1 -0 0
    outer loop
      vertex -50.1297 36.9901 7.14913
      vertex -50.1297 27.7 6.85087
      vertex -50.1297 27.7 7.14913
    endloop
  endfacet
  facet normal -0.968643 0 0.248456
    outer loop
      vertex -50.2412 27.7 6.26608
      vertex -50.1671 36.9901 6.55497
      vertex -50.2412 36.9901 6.26608
    endloop
  endfacet
  facet normal -0.968643 0 0.248456
    outer loop
      vertex -50.1671 36.9901 6.55497
      vertex -50.2412 27.7 6.26608
      vertex -50.1671 27.7 6.55497
    endloop
  endfacet
  facet normal -0.809029 0 0.587769
    outer loop
      vertex -50.67 27.7 5.48612
      vertex -50.4947 36.9901 5.72741
      vertex -50.67 36.9901 5.48612
    endloop
  endfacet
  facet normal -0.809029 0 0.587769
    outer loop
      vertex -50.4947 36.9901 5.72741
      vertex -50.67 27.7 5.48612
      vertex -50.4947 27.7 5.72741
    endloop
  endfacet
  facet normal -0.0627915 0 -0.998027
    outer loop
      vertex -52.5 27.7 9.375
      vertex -52.2023 36.9901 9.35627
      vertex -52.2023 27.7 9.35627
    endloop
  endfacet
  facet normal -0.0627915 0 -0.998027
    outer loop
      vertex -52.2023 36.9901 9.35627
      vertex -52.5 27.7 9.375
      vertex -52.5 36.9901 9.375
    endloop
  endfacet
  facet normal -0.308957 0 -0.951076
    outer loop
      vertex -51.9094 27.7 9.30038
      vertex -51.6257 36.9901 9.20822
      vertex -51.6257 27.7 9.20822
    endloop
  endfacet
  facet normal -0.308957 0 -0.951076
    outer loop
      vertex -51.6257 36.9901 9.20822
      vertex -51.9094 27.7 9.30038
      vertex -51.9094 36.9901 9.30038
    endloop
  endfacet
  facet normal -0.535858 0 -0.844308
    outer loop
      vertex -51.3558 27.7 9.08123
      vertex -51.104 36.9901 8.92142
      vertex -51.104 27.7 8.92142
    endloop
  endfacet
  facet normal -0.535858 0 -0.844308
    outer loop
      vertex -51.104 36.9901 8.92142
      vertex -51.3558 27.7 9.08123
      vertex -51.3558 36.9901 9.08123
    endloop
  endfacet
  facet normal -0.968643 0 -0.248456
    outer loop
      vertex -50.1671 27.7 7.44503
      vertex -50.2412 36.9901 7.73392
      vertex -50.1671 36.9901 7.44503
    endloop
  endfacet
  facet normal -0.968643 -0 -0.248456
    outer loop
      vertex -50.2412 36.9901 7.73392
      vertex -50.1671 27.7 7.44503
      vertex -50.2412 27.7 7.73392
    endloop
  endfacet
  facet normal -0.809029 0 -0.587769
    outer loop
      vertex -50.4947 27.7 8.27259
      vertex -50.67 36.9901 8.51388
      vertex -50.4947 36.9901 8.27259
    endloop
  endfacet
  facet normal -0.809029 -0 -0.587769
    outer loop
      vertex -50.67 36.9901 8.51388
      vertex -50.4947 27.7 8.27259
      vertex -50.67 27.7 8.51388
    endloop
  endfacet
  facet normal -0.876284 0 -0.481795
    outer loop
      vertex -50.351 27.7 8.01123
      vertex -50.4947 36.9901 8.27259
      vertex -50.351 36.9901 8.01123
    endloop
  endfacet
  facet normal -0.876284 -0 -0.481795
    outer loop
      vertex -50.4947 36.9901 8.27259
      vertex -50.351 27.7 8.01123
      vertex -50.4947 27.7 8.27259
    endloop
  endfacet
  facet normal 0.63745 0 0.770492
    outer loop
      vertex -54.1258 36.9901 5.2687
      vertex -53.896 27.7 5.07858
      vertex -53.896 36.9901 5.07858
    endloop
  endfacet
  facet normal 0.63745 0 0.770492
    outer loop
      vertex -53.896 27.7 5.07858
      vertex -54.1258 36.9901 5.2687
      vertex -54.1258 27.7 5.2687
    endloop
  endfacet
  facet normal 1 -0 0
    outer loop
      vertex -54.8703 27.7 7.14913
      vertex -54.8703 36.9901 6.85087
      vertex -54.8703 36.9901 7.14913
    endloop
  endfacet
  facet normal 1 0 0
    outer loop
      vertex -54.8703 36.9901 6.85087
      vertex -54.8703 27.7 7.14913
      vertex -54.8703 27.7 6.85087
    endloop
  endfacet
  facet normal 0.308957 0 -0.951076
    outer loop
      vertex -53.3743 27.7 9.20822
      vertex -53.0906 36.9901 9.30038
      vertex -53.0906 27.7 9.30038
    endloop
  endfacet
  facet normal 0.308957 0 -0.951076
    outer loop
      vertex -53.0906 36.9901 9.30038
      vertex -53.3743 27.7 9.20822
      vertex -53.3743 36.9901 9.20822
    endloop
  endfacet
  facet normal 0.63745 0 -0.770492
    outer loop
      vertex -54.1258 27.7 8.7313
      vertex -53.896 36.9901 8.92142
      vertex -53.896 27.7 8.92142
    endloop
  endfacet
  facet normal 0.63745 0 -0.770492
    outer loop
      vertex -53.896 36.9901 8.92142
      vertex -54.1258 27.7 8.7313
      vertex -54.1258 36.9901 8.7313
    endloop
  endfacet
  facet normal 0.992107 -0 0.125396
    outer loop
      vertex -54.8703 27.7 6.85087
      vertex -54.8329 36.9901 6.55497
      vertex -54.8703 36.9901 6.85087
    endloop
  endfacet
  facet normal 0.992107 0 0.125396
    outer loop
      vertex -54.8329 36.9901 6.55497
      vertex -54.8703 27.7 6.85087
      vertex -54.8329 27.7 6.55497
    endloop
  endfacet
  facet normal -0.425737 0 0.904847
    outer loop
      vertex -51.6257 36.9901 4.79178
      vertex -51.3558 27.7 4.91877
      vertex -51.3558 36.9901 4.91877
    endloop
  endfacet
  facet normal -0.425737 0 0.904847
    outer loop
      vertex -51.3558 27.7 4.91877
      vertex -51.6257 36.9901 4.79178
      vertex -51.6257 27.7 4.79178
    endloop
  endfacet
  facet normal -0.308957 0 0.951076
    outer loop
      vertex -51.9094 36.9901 4.69962
      vertex -51.6257 27.7 4.79178
      vertex -51.6257 36.9901 4.79178
    endloop
  endfacet
  facet normal -0.308957 0 0.951076
    outer loop
      vertex -51.6257 27.7 4.79178
      vertex -51.9094 36.9901 4.69962
      vertex -51.9094 27.7 4.69962
    endloop
  endfacet
  facet normal 0.0627915 0 0.998027
    outer loop
      vertex -52.7977 36.9901 4.64373
      vertex -52.5 27.7 4.625
      vertex -52.5 36.9901 4.625
    endloop
  endfacet
  facet normal 0.0627915 0 0.998027
    outer loop
      vertex -52.5 27.7 4.625
      vertex -52.7977 36.9901 4.64373
      vertex -52.7977 27.7 4.64373
    endloop
  endfacet
  facet normal 0.425737 0 0.904847
    outer loop
      vertex -53.6442 36.9901 4.91877
      vertex -53.3743 27.7 4.79178
      vertex -53.3743 36.9901 4.79178
    endloop
  endfacet
  facet normal 0.425737 0 0.904847
    outer loop
      vertex -53.3743 27.7 4.79178
      vertex -53.6442 36.9901 4.91877
      vertex -53.6442 27.7 4.91877
    endloop
  endfacet
  facet normal 0.308957 0 0.951076
    outer loop
      vertex -53.3743 36.9901 4.79178
      vertex -53.0906 27.7 4.69962
      vertex -53.0906 36.9901 4.69962
    endloop
  endfacet
  facet normal 0.308957 0 0.951076
    outer loop
      vertex -53.0906 27.7 4.69962
      vertex -53.3743 36.9901 4.79178
      vertex -53.3743 27.7 4.79178
    endloop
  endfacet
  facet normal 0.809029 0 -0.587769
    outer loop
      vertex -54.33 27.7 8.51388
      vertex -54.5053 36.9901 8.27259
      vertex -54.33 36.9901 8.51388
    endloop
  endfacet
  facet normal 0.809029 0 -0.587769
    outer loop
      vertex -54.5053 36.9901 8.27259
      vertex -54.33 27.7 8.51388
      vertex -54.5053 27.7 8.27259
    endloop
  endfacet
  facet normal 0.0627915 0 -0.998027
    outer loop
      vertex -52.7977 27.7 9.35627
      vertex -52.5 36.9901 9.375
      vertex -52.5 27.7 9.375
    endloop
  endfacet
  facet normal 0.0627915 0 -0.998027
    outer loop
      vertex -52.5 36.9901 9.375
      vertex -52.7977 27.7 9.35627
      vertex -52.7977 36.9901 9.35627
    endloop
  endfacet
  facet normal 0.929771 -0 0.36814
    outer loop
      vertex -54.7588 27.7 6.26608
      vertex -54.649 36.9901 5.98877
      vertex -54.7588 36.9901 6.26608
    endloop
  endfacet
  facet normal 0.929771 0 0.36814
    outer loop
      vertex -54.649 36.9901 5.98877
      vertex -54.7588 27.7 6.26608
      vertex -54.649 27.7 5.98877
    endloop
  endfacet
  facet normal 0.968643 -0 0.248456
    outer loop
      vertex -54.8329 27.7 6.55497
      vertex -54.7588 36.9901 6.26608
      vertex -54.8329 36.9901 6.55497
    endloop
  endfacet
  facet normal 0.968643 0 0.248456
    outer loop
      vertex -54.7588 36.9901 6.26608
      vertex -54.8329 27.7 6.55497
      vertex -54.7588 27.7 6.26608
    endloop
  endfacet
  facet normal 0.72892 -0 0.684599
    outer loop
      vertex -54.33 27.7 5.48612
      vertex -54.1258 36.9901 5.2687
      vertex -54.33 36.9901 5.48612
    endloop
  endfacet
  facet normal 0.72892 0 0.684599
    outer loop
      vertex -54.1258 36.9901 5.2687
      vertex -54.33 27.7 5.48612
      vertex -54.1258 27.7 5.2687
    endloop
  endfacet
  facet normal 0.535858 0 0.844308
    outer loop
      vertex -53.896 36.9901 5.07858
      vertex -53.6442 27.7 4.91877
      vertex -53.6442 36.9901 4.91877
    endloop
  endfacet
  facet normal 0.535858 0 0.844308
    outer loop
      vertex -53.6442 27.7 4.91877
      vertex -53.896 36.9901 5.07858
      vertex -53.896 27.7 5.07858
    endloop
  endfacet
  facet normal 0.992107 0 -0.125396
    outer loop
      vertex -54.8329 27.7 7.44503
      vertex -54.8703 36.9901 7.14913
      vertex -54.8329 36.9901 7.44503
    endloop
  endfacet
  facet normal 0.992107 0 -0.125396
    outer loop
      vertex -54.8703 36.9901 7.14913
      vertex -54.8329 27.7 7.44503
      vertex -54.8703 27.7 7.14913
    endloop
  endfacet
  facet normal 0.968643 0 -0.248456
    outer loop
      vertex -54.7588 27.7 7.73392
      vertex -54.8329 36.9901 7.44503
      vertex -54.7588 36.9901 7.73392
    endloop
  endfacet
  facet normal 0.968643 0 -0.248456
    outer loop
      vertex -54.8329 36.9901 7.44503
      vertex -54.7588 27.7 7.73392
      vertex -54.8329 27.7 7.44503
    endloop
  endfacet
  facet normal 0.929771 0 -0.36814
    outer loop
      vertex -54.649 27.7 8.01123
      vertex -54.7588 36.9901 7.73392
      vertex -54.649 36.9901 8.01123
    endloop
  endfacet
  facet normal 0.929771 0 -0.36814
    outer loop
      vertex -54.7588 36.9901 7.73392
      vertex -54.649 27.7 8.01123
      vertex -54.7588 27.7 7.73392
    endloop
  endfacet
  facet normal 0.187434 0 -0.982277
    outer loop
      vertex -53.0906 27.7 9.30038
      vertex -52.7977 36.9901 9.35627
      vertex -52.7977 27.7 9.35627
    endloop
  endfacet
  facet normal 0.187434 0 -0.982277
    outer loop
      vertex -52.7977 36.9901 9.35627
      vertex -53.0906 27.7 9.30038
      vertex -53.0906 36.9901 9.30038
    endloop
  endfacet
  facet normal 0.535858 0 -0.844308
    outer loop
      vertex -53.896 27.7 8.92142
      vertex -53.6442 36.9901 9.08123
      vertex -53.6442 27.7 9.08123
    endloop
  endfacet
  facet normal 0.535858 0 -0.844308
    outer loop
      vertex -53.6442 36.9901 9.08123
      vertex -53.896 27.7 8.92142
      vertex -53.896 36.9901 8.92142
    endloop
  endfacet
  facet normal 0.425737 0 -0.904847
    outer loop
      vertex -53.6442 27.7 9.08123
      vertex -53.3743 36.9901 9.20822
      vertex -53.3743 27.7 9.20822
    endloop
  endfacet
  facet normal 0.425737 0 -0.904847
    outer loop
      vertex -53.3743 36.9901 9.20822
      vertex -53.6442 27.7 9.08123
      vertex -53.6442 36.9901 9.08123
    endloop
  endfacet
  facet normal 0.809029 -0 0.587769
    outer loop
      vertex -54.5053 27.7 5.72741
      vertex -54.33 36.9901 5.48612
      vertex -54.5053 36.9901 5.72741
    endloop
  endfacet
  facet normal 0.809029 0 0.587769
    outer loop
      vertex -54.33 36.9901 5.48612
      vertex -54.5053 27.7 5.72741
      vertex -54.33 27.7 5.48612
    endloop
  endfacet
  facet normal 0.876284 0 -0.481795
    outer loop
      vertex -54.5053 27.7 8.27259
      vertex -54.649 36.9901 8.01123
      vertex -54.5053 36.9901 8.27259
    endloop
  endfacet
  facet normal 0.876284 0 -0.481795
    outer loop
      vertex -54.649 36.9901 8.01123
      vertex -54.5053 27.7 8.27259
      vertex -54.649 27.7 8.01123
    endloop
  endfacet
endsolid OpenSCAD_Model
